ISO-10303-21;
HEADER;
FILE_DESCRIPTION((''),'2;1');
FILE_NAME('MeshBody1 (14)', '2026-08-24T02:49:06', (''), (''), 'ImageToStl.com STEP Converter','', '');
FILE_SCHEMA(('AUTOMOTIVE_DESIGN_CC2'));
ENDSEC;
DATA;
#1=PRODUCT_DEFINITION_CONTEXT('',#4,'design');
#2=APPLICATION_PROTOCOL_DEFINITION('INTERNATIONAL STANDARD','automotive_design',1994,#4);
#3=(GEOMETRIC_REPRESENTATION_CONTEXT(3)GLOBAL_UNCERTAINTY_ASSIGNED_CONTEXT((#5))GLOBAL_UNIT_ASSIGNED_CONTEXT((#6,#7,#8))REPRESENTATION_CONTEXT('NONE','WORKSPACE'));
#4=APPLICATION_CONTEXT(' ');
#5=UNCERTAINTY_MEASURE_WITH_UNIT(LENGTH_MEASURE(1.0E-006),#6,'','');
#6=(CONVERSION_BASED_UNIT('METRE',#10)LENGTH_UNIT()NAMED_UNIT(#11));
#7=(NAMED_UNIT(#12)PLANE_ANGLE_UNIT()SI_UNIT($,.RADIAN.));
#8=(NAMED_UNIT(#12)SOLID_ANGLE_UNIT()SI_UNIT($,.STERADIAN.));
#9=AXIS2_PLACEMENT_3D('',#14,#15,#16);
#10=LENGTH_MEASURE_WITH_UNIT(LENGTH_MEASURE(1.0),#17);
#11=DIMENSIONAL_EXPONENTS(1.0,0.0,0.0,0.0,0.0,0.0,0.0);
#12=DIMENSIONAL_EXPONENTS(0.0,0.0,0.0,0.0,0.0,0.0,0.0);
#13=PRODUCT_CONTEXT('',#4,'mechanical');
#14=CARTESIAN_POINT('',(0.0,0.0,0.0));
#15=DIRECTION('',(0.0,0.0,1.0));
#16=DIRECTION('',(1.0,0.0,0.0));
#17=(NAMED_UNIT(#11)LENGTH_UNIT()SI_UNIT(.MILLI.,.METRE.));
#18=PRESENTATION_STYLE_ASSIGNMENT((#19));
#19=SURFACE_STYLE_USAGE(.BOTH.,#20);
#20=SURFACE_SIDE_STYLE('',(#21));
#21=SURFACE_STYLE_FILL_AREA(#22);
#22=FILL_AREA_STYLE('',(#23));
#23=FILL_AREA_STYLE_COLOUR('',#24);
#24=COLOUR_RGB('',0.62745,0.62745,0.62745);
#25=PRESENTATION_STYLE_ASSIGNMENT((#26));
#26=SURFACE_STYLE_USAGE(.BOTH.,#27);
#27=SURFACE_SIDE_STYLE('',(#28));
#28=SURFACE_STYLE_FILL_AREA(#29);
#29=FILL_AREA_STYLE('',(#30));
#30=FILL_AREA_STYLE_COLOUR('',#31);
#31=COLOUR_RGB('',0.59608,0.59608,0.59608);
#32=SHAPE_DEFINITION_REPRESENTATION(#33,#34);
#33=PRODUCT_DEFINITION_SHAPE('productshape0','',#37);
#34=MANIFOLD_SURFACE_SHAPE_REPRESENTATION('',(#35,#9),#3);
#35=SHELL_BASED_SURFACE_MODEL('shell0',(#39));
#36=PRODUCT('product0','','',(#13));
#37=PRODUCT_DEFINITION('mesh0','',#38,#2);
#38=PRODUCT_DEFINITION_FORMATION_WITH_SPECIFIED_SOURCE('prodsource0','',#36,.NOT_KNOWN.);
#39=CLOSED_SHELL('',(#1033,#1055,#1077,#1099,#1121,#1143,#1165,#1187,#1209,#1231,#1253,#1275,#1297,#1319,#1341,#1363,#1385,#1407,#1429,#1451,#1473,#1495,#1517,#1539,#1561,#1583,#1605,#1627,#1649,#1671,#1693,#1715,#1737,#1759,#1781,#1803,#1825,#1847,#1869,#1891,#1913,#1935,#1957,#1979,#2001,#2023,#2045,#2067,#2089,#2111,#2133,#2155,#2177,#2199,#2221,#2243,#2265,#2287,#2309,#2331,#2353,#2375,#2397,#2419,#2441,#2463,#2485,#2507,#2529,#2551,#2573,#2595,#2617,#2639,#2661,#2683,#2705,#2727,#2749,#2771,#2793,#2815,#2837,#2859,#2881,#2903,#2925,#2947,#2969,#2991,#3013,#3035,#3057,#3079,#3101,#3123,#3145,#3167,#3189,#3211,#3233,#3255,#3277,#3299,#3321,#3343,#3365,#3387,#3409,#3431,#3453,#3475,#3497,#3519,#3541,#3563,#3585,#3607,#3629,#3651,#3673,#3695,#3717,#3739,#3761,#3783,#3805,#3827,#3849,#3871,#3893,#3915,#3937,#3959,#3981,#4003,#4025,#4047,#4069,#4091,#4113,#4135,#4157,#4179,#4201,#4223,#4245,#4267,#4289,#4311,#4333,#4355,#4377,#4399,#4421,#4443,#4465,#4487,#4509,#4531,#4553,#4575,#4597,#4619,#4641,#4663,#4685,#4707,#4729,#4751,#4773,#4795,#4817,#4839,#4861,#4883,#4905,#4927,#4949,#4971,#4993,#5015,#5037,#5059,#5081,#5103,#5125,#5147,#5169,#5191,#5213,#5235,#5257,#5279,#5301,#5323,#5345,#5367,#5389,#5411,#5433,#5455,#5477,#5499,#5521,#5543,#5565,#5587,#5609,#5631,#5653,#5675,#5697,#5719,#5741,#5763,#5785,#5807,#5829,#5851,#5873,#5895,#5917,#5939,#5961,#5983,#6005,#6027,#6049,#6071,#6093,#6115,#6137,#6159,#6181,#6203,#6225,#6247,#6269,#6291,#6313,#6335,#6357,#6379,#6401,#6423,#6445,#6467,#6489,#6511,#6533,#6555,#6577,#6599,#6621,#6643,#6665,#6687,#6709,#6731,#6753,#6775,#6797,#6819,#6841,#6863,#6885,#6907,#6929,#6951,#6973,#6995,#7017,#7039,#7061,#7083,#7105,#7127,#7149,#7171,#7193,#7215,#7237,#7259,#7281,#7303,#7325,#7347,#7369,#7391,#7413,#7435,#7457,#7479,#7501,#7523,#7545,#7567,#7589,#7611,#7633,#7655,#7677,#7699,#7721,#7743,#7765,#7787,#7809,#7831,#7853,#7875,#7897,#7919,#7941,#7963,#7985,#8007,#8029,#8051,#8073,#8095,#8117,#8139,#8161,#8183,#8205,#8227,#8249,#8271,#8293,#8315,#8337,#8359,#8381,#8403,#8425,#8447,#8469,#8491,#8513,#8535,#8557,#8579,#8601,#8623,#8645,#8667,#8689,#8711,#8733,#8755,#8777,#8799,#8821,#8843,#8865,#8887,#8909,#8931,#8953,#8975,#8997,#9019,#9041,#9063,#9085,#9107,#9129,#9151,#9173,#9195,#9217,#9239,#9261,#9283,#9305,#9327,#9349,#9371,#9393,#9415,#9437,#9459,#9481,#9503,#9525,#9547,#9569,#9591,#9613,#9635,#9657,#9679,#9701,#9723,#9745,#9767,#9789,#9811,#9833,#9855,#9877,#9899,#9921,#9943,#9965,#9987,#10009,#10031,#10053,#10075,#10097,#10119,#10141,#10163,#10185,#10207,#10229,#10251,#10273,#10295,#10317,#10339,#10361,#10383,#10405,#10427,#10449,#10471,#10493,#10515,#10537,#10559,#10581,#10603,#10625,#10647,#10669,#10691,#10713,#10735,#10757,#10779,#10801,#10823,#10845,#10867,#10889,#10911,#10933,#10955,#10977,#10999,#11021,#11043,#11065,#11087,#11109,#11131,#11153,#11175,#11197,#11219,#11241,#11263,#11285,#11307,#11329,#11351,#11373,#11395,#11417,#11439,#11461,#11483,#11505,#11527,#11549,#11571,#11593,#11615,#11637,#11659,#11681,#11703,#11725,#11747,#11769,#11791,#11813,#11835,#11857,#11879,#11901,#11923,#11945,#11967,#11989,#12011,#12033,#12055,#12077,#12099,#12121,#12143,#12165,#12187,#12209,#12231,#12253,#12275,#12297,#12319,#12341,#12363,#12385,#12407,#12429,#12451,#12473,#12495,#12517,#12539,#12561,#12583,#12605,#12627,#12649,#12671,#12693,#12715,#12737,#12759,#12781,#12803,#12825,#12847,#12869,#12891,#12913,#12935,#12957,#12979,#13001,#13023,#13045,#13067,#13089,#13111,#13133,#13155,#13177,#13199,#13221,#13243,#13265,#13287,#13309,#13331,#13353,#13375,#13397,#13419,#13441,#13463,#13485,#13507,#13529,#13551,#13573,#13595,#13617,#13639,#13661,#13683,#13705,#13727,#13749,#13771,#13793,#13815,#13837,#13859,#13881,#13903,#13925,#13947,#13969,#13991,#14013,#14035,#14057,#14079,#14101,#14123,#14145,#14167,#14189,#14211,#14233,#14255,#14277,#14299,#14321,#14343,#14365,#14387,#14409,#14431,#14453,#14475,#14497,#14519,#14541,#14563,#14585,#14607,#14629,#14651,#14673,#14695,#14717,#14739,#14761,#14783,#14805,#14827,#14849,#14871,#14893,#14915,#14937,#14959,#14981,#15003,#15025,#15047,#15069,#15091,#15113,#15135,#15157,#15179,#15201,#15223,#15245,#15267,#15289,#15311,#15333,#15355,#15377,#15399,#15421,#15443,#15465,#15487,#15509,#15531,#15553,#15575,#15597,#15619,#15641,#15663,#15685,#15707,#15729,#15751,#15773,#15795,#15817,#15839,#15861,#15883,#15905,#15927,#15949,#15971,#15993,#16015,#16037,#16059,#16081,#16103,#16125,#16147,#16169,#16191,#16213,#16235,#16257,#16279,#16301,#16323,#16345,#16367,#16389,#16411,#16433,#16455,#16477,#16499,#16521,#16543,#16565,#16587,#16609,#16631,#16653,#16675,#16697,#16719,#16741,#16763,#16785,#16807,#16829,#16851,#16873,#16895,#16917,#16939,#16961,#16983,#17005,#17027,#17049,#17071,#17093,#17115,#17137,#17159,#17181,#17203,#17225,#17247,#17269,#17291,#17313,#17335,#17357,#17379,#17401,#17423,#17445,#17467,#17489,#17511,#17533,#17555,#17577,#17599,#17621,#17643,#17665,#17687,#17709,#17731,#17753,#17775,#17797,#17819,#17841,#17863,#17885,#17907,#17929,#17951,#17973,#17995,#18017,#18039,#18061,#18083,#18105,#18127,#18149,#18171,#18193,#18215,#18237,#18259,#18281,#18303,#18325,#18347,#18369,#18391,#18413,#18435,#18457,#18479,#18501,#18523,#18545,#18567,#18589,#18611,#18633,#18655,#18677,#18699,#18721,#18743,#18765,#18787,#18809,#18831,#18853,#18875,#18897,#18919,#18941,#18963,#18985,#19007,#19029,#19051,#19073,#19095,#19117,#19139,#19161,#19183,#19205,#19227,#19249,#19271,#19293,#19315,#19337,#19359,#19381,#19403,#19425,#19447,#19469,#19491,#19513,#19535,#19557,#19579,#19601,#19623,#19645,#19667,#19689,#19711,#19733,#19755,#19777,#19799,#19821,#19843,#19865,#19887,#19909,#19931,#19953,#19975,#19997,#20019,#20041,#20063,#20085,#20107,#20129,#20151,#20173,#20195,#20217,#20239,#20261,#20283,#20305,#20327,#20349,#20371,#20393,#20415,#20437,#20459,#20481,#20503,#20525,#20547,#20569,#20591,#20613,#20635,#20657,#20679,#20701,#20723,#20745,#20767,#20789,#20811,#20833,#20855,#20877,#20899,#20921,#20943,#20965,#20987,#21009,#21031,#21053,#21075,#21097,#21119,#21141,#21163,#21185,#21207,#21229,#21251,#21273,#21295,#21317,#21339,#21361,#21383,#21405,#21427,#21449,#21471,#21493,#21515,#21537,#21559,#21581,#21603,#21625,#21647,#21669,#21691,#21713,#21735,#21757,#21779,#21801,#21823,#21845,#21867,#21889,#21911,#21933,#21955,#21977,#21999,#22021,#22043,#22065,#22087,#22109,#22131,#22153,#22175,#22197,#22219,#22241,#22263,#22285,#22307,#22329,#22351,#22373,#22395,#22417,#22439,#22461,#22483,#22505,#22527,#22549,#22571,#22593,#22615,#22637,#22659,#22681,#22703,#22725,#22747,#22769,#22791,#22813,#22835,#22857,#22879,#22901,#22923,#22945,#22967,#22989,#23011,#23033,#23055,#23077,#23099,#23121,#23143,#23165,#23187,#23209,#23231,#23253,#23275));
#40=CARTESIAN_POINT('',(3876.3544921875,-1141.1090087890625,30));
#41=VERTEX_POINT('',#40);
#42=CARTESIAN_POINT('',(3876.004638671875,-1137.782470703125,0));
#43=VERTEX_POINT('',#42);
#44=CARTESIAN_POINT('',(3876.004638671875,-1137.782470703125,30));
#45=VERTEX_POINT('',#44);
#46=CARTESIAN_POINT('',(3876.3544921875,-1141.1090087890625,0));
#47=VERTEX_POINT('',#46);
#48=CARTESIAN_POINT('',(3876.3544921875,-1134.455810546875,0));
#49=VERTEX_POINT('',#48);
#50=CARTESIAN_POINT('',(3778.867431640625,-1394.9195556640625,30));
#51=VERTEX_POINT('',#50);
#52=CARTESIAN_POINT('',(3877.387939453125,-1144.290283203125,30));
#53=VERTEX_POINT('',#52);
#54=CARTESIAN_POINT('',(3778.867431640625,-1394.9195556640625,0));
#55=VERTEX_POINT('',#54);
#56=CARTESIAN_POINT('',(3876.3544921875,-1134.455810546875,30));
#57=VERTEX_POINT('',#56);
#58=CARTESIAN_POINT('',(3877.387939453125,-1144.290283203125,0));
#59=VERTEX_POINT('',#58);
#60=CARTESIAN_POINT('',(3877.387939453125,-1131.274658203125,0));
#61=VERTEX_POINT('',#60);
#62=CARTESIAN_POINT('',(3782.1943359375,-1395.2691650390625,0));
#63=VERTEX_POINT('',#62);
#64=CARTESIAN_POINT('',(3775.541015625,-1395.2691650390625,30));
#65=VERTEX_POINT('',#64);
#66=CARTESIAN_POINT('',(3782.1943359375,-1395.2691650390625,30));
#67=VERTEX_POINT('',#66);
#68=CARTESIAN_POINT('',(3538.867431640625,-1404.203857421875,30));
#69=VERTEX_POINT('',#68);
#70=CARTESIAN_POINT('',(3890.332275390625,-1313.69482421875,30));
#71=VERTEX_POINT('',#70);
#72=CARTESIAN_POINT('',(3778.867431640625,-1040.645263671875,30));
#73=VERTEX_POINT('',#72);
#74=CARTESIAN_POINT('',(3887.060546875,-1312.999267578125,30));
#75=VERTEX_POINT('',#74);
#76=CARTESIAN_POINT('',(3782.1943359375,-1040.295654296875,30));
#77=VERTEX_POINT('',#76);
#78=CARTESIAN_POINT('',(3884.0048828125,-1311.6387939453125,30));
#79=VERTEX_POINT('',#78);
#80=CARTESIAN_POINT('',(3785.37548828125,-1039.2620849609375,30));
#81=VERTEX_POINT('',#80);
#82=CARTESIAN_POINT('',(3881.298583984375,-1309.6727294921875,30));
#83=VERTEX_POINT('',#82);
#84=CARTESIAN_POINT('',(3788.27197265625,-1037.589599609375,30));
#85=VERTEX_POINT('',#84);
#86=CARTESIAN_POINT('',(3879.060302734375,-1307.18701171875,30));
#87=VERTEX_POINT('',#86);
#88=CARTESIAN_POINT('',(3790.758056640625,-1035.3514404296875,30));
#89=VERTEX_POINT('',#88);
#90=CARTESIAN_POINT('',(3877.387939453125,-1304.2901611328125,30));
#91=VERTEX_POINT('',#90);
#92=CARTESIAN_POINT('',(3792.72412109375,-1032.6453857421875,30));
#93=VERTEX_POINT('',#92);
#94=CARTESIAN_POINT('',(3876.3544921875,-1301.1090087890625,30));
#95=VERTEX_POINT('',#94);
#96=CARTESIAN_POINT('',(3794.08447265625,-1029.589599609375,30));
#97=VERTEX_POINT('',#96);
#98=CARTESIAN_POINT('',(3876.004638671875,-1297.782470703125,30));
#99=VERTEX_POINT('',#98);
#100=CARTESIAN_POINT('',(3794.780029296875,-1026.31787109375,30));
#101=VERTEX_POINT('',#100);
#102=CARTESIAN_POINT('',(3876.3544921875,-1294.455810546875,30));
#103=VERTEX_POINT('',#102);
#104=CARTESIAN_POINT('',(3836.735595703125,-1005.650390625,30));
#105=VERTEX_POINT('',#104);
#106=CARTESIAN_POINT('',(3877.387939453125,-1291.274658203125,30));
#107=VERTEX_POINT('',#106);
#108=CARTESIAN_POINT('',(3877.387939453125,-1131.274658203125,30));
#109=VERTEX_POINT('',#108);
#110=CARTESIAN_POINT('',(3879.060302734375,-1288.3778076171875,30));
#111=VERTEX_POINT('',#110);
#112=CARTESIAN_POINT('',(3890.332275390625,-1153.69482421875,30));
#113=VERTEX_POINT('',#112);
#114=CARTESIAN_POINT('',(3887.060546875,-1152.9993896484375,30));
#115=VERTEX_POINT('',#114);
#116=CARTESIAN_POINT('',(3884.0048828125,-1151.638916015625,30));
#117=VERTEX_POINT('',#116);
#118=CARTESIAN_POINT('',(3881.298583984375,-1149.6727294921875,30));
#119=VERTEX_POINT('',#118);
#120=CARTESIAN_POINT('',(3879.060302734375,-1147.18701171875,30));
#121=VERTEX_POINT('',#120);
#122=CARTESIAN_POINT('',(3775.541015625,-1395.2691650390625,0));
#123=VERTEX_POINT('',#122);
#124=CARTESIAN_POINT('',(3538.867431640625,-1404.203857421875,0));
#125=VERTEX_POINT('',#124);
#126=CARTESIAN_POINT('',(3778.867431640625,-1040.645263671875,0));
#127=VERTEX_POINT('',#126);
#128=CARTESIAN_POINT('',(3890.332275390625,-1313.69482421875,0));
#129=VERTEX_POINT('',#128);
#130=CARTESIAN_POINT('',(3782.1943359375,-1040.295654296875,0));
#131=VERTEX_POINT('',#130);
#132=CARTESIAN_POINT('',(3887.060546875,-1312.999267578125,0));
#133=VERTEX_POINT('',#132);
#134=CARTESIAN_POINT('',(3785.37548828125,-1039.2620849609375,0));
#135=VERTEX_POINT('',#134);
#136=CARTESIAN_POINT('',(3884.0048828125,-1311.6387939453125,0));
#137=VERTEX_POINT('',#136);
#138=CARTESIAN_POINT('',(3788.27197265625,-1037.589599609375,0));
#139=VERTEX_POINT('',#138);
#140=CARTESIAN_POINT('',(3881.298583984375,-1309.6727294921875,0));
#141=VERTEX_POINT('',#140);
#142=CARTESIAN_POINT('',(3790.758056640625,-1035.3514404296875,0));
#143=VERTEX_POINT('',#142);
#144=CARTESIAN_POINT('',(3879.060302734375,-1307.18701171875,0));
#145=VERTEX_POINT('',#144);
#146=CARTESIAN_POINT('',(3792.72412109375,-1032.6453857421875,0));
#147=VERTEX_POINT('',#146);
#148=CARTESIAN_POINT('',(3877.387939453125,-1304.2901611328125,0));
#149=VERTEX_POINT('',#148);
#150=CARTESIAN_POINT('',(3794.08447265625,-1029.589599609375,0));
#151=VERTEX_POINT('',#150);
#152=CARTESIAN_POINT('',(3876.3544921875,-1301.1090087890625,0));
#153=VERTEX_POINT('',#152);
#154=CARTESIAN_POINT('',(3794.780029296875,-1026.31787109375,0));
#155=VERTEX_POINT('',#154);
#156=CARTESIAN_POINT('',(3876.004638671875,-1297.782470703125,0));
#157=VERTEX_POINT('',#156);
#158=CARTESIAN_POINT('',(3836.735595703125,-1005.650390625,0));
#159=VERTEX_POINT('',#158);
#160=CARTESIAN_POINT('',(3876.3544921875,-1294.455810546875,0));
#161=VERTEX_POINT('',#160);
#162=CARTESIAN_POINT('',(3877.387939453125,-1291.274658203125,0));
#163=VERTEX_POINT('',#162);
#164=CARTESIAN_POINT('',(3879.060302734375,-1288.3778076171875,0));
#165=VERTEX_POINT('',#164);
#166=CARTESIAN_POINT('',(3890.332275390625,-1153.69482421875,0));
#167=VERTEX_POINT('',#166);
#168=CARTESIAN_POINT('',(3887.060546875,-1152.9993896484375,0));
#169=VERTEX_POINT('',#168);
#170=CARTESIAN_POINT('',(3884.0048828125,-1151.638916015625,0));
#171=VERTEX_POINT('',#170);
#172=CARTESIAN_POINT('',(3879.060302734375,-1147.18701171875,0));
#173=VERTEX_POINT('',#172);
#174=CARTESIAN_POINT('',(3881.298583984375,-1149.6727294921875,0));
#175=VERTEX_POINT('',#174);
#176=CARTESIAN_POINT('',(3879.060302734375,-1128.3778076171875,0));
#177=VERTEX_POINT('',#176);
#178=CARTESIAN_POINT('',(3785.37548828125,-1396.302734375,0));
#179=VERTEX_POINT('',#178);
#180=CARTESIAN_POINT('',(3772.35986328125,-1396.302734375,30));
#181=VERTEX_POINT('',#180);
#182=CARTESIAN_POINT('',(3785.37548828125,-1396.302734375,30));
#183=VERTEX_POINT('',#182);
#184=CARTESIAN_POINT('',(3542.20556640625,-1404.579833984375,0));
#185=VERTEX_POINT('',#184);
#186=CARTESIAN_POINT('',(3542.20556640625,-1404.579833984375,30));
#187=VERTEX_POINT('',#186);
#188=CARTESIAN_POINT('',(3535.52978515625,-1404.579833984375,30));
#189=VERTEX_POINT('',#188);
#190=CARTESIAN_POINT('',(3763.65087890625,-1405.9752197265625,30));
#191=VERTEX_POINT('',#190);
#192=CARTESIAN_POINT('',(3451.67333984375,-1405.007080078125,30));
#193=VERTEX_POINT('',#192);
#194=CARTESIAN_POINT('',(3765.01123046875,-1402.91943359375,30));
#195=VERTEX_POINT('',#194);
#196=CARTESIAN_POINT('',(3450.12109375,-1399.619140625,30));
#197=VERTEX_POINT('',#196);
#198=CARTESIAN_POINT('',(3766.977294921875,-1400.2135009765625,30));
#199=VERTEX_POINT('',#198);
#200=CARTESIAN_POINT('',(3449.18212890625,-1394.09130859375,30));
#201=VERTEX_POINT('',#200);
#202=CARTESIAN_POINT('',(3769.463134765625,-1397.975341796875,30));
#203=VERTEX_POINT('',#202);
#204=CARTESIAN_POINT('',(3448.867431640625,-1388.4931640625,30));
#205=VERTEX_POINT('',#204);
#206=CARTESIAN_POINT('',(3448.867431640625,-1047.07177734375,30));
#207=VERTEX_POINT('',#206);
#208=CARTESIAN_POINT('',(3538.867431640625,-1031.361083984375,30));
#209=VERTEX_POINT('',#208);
#210=CARTESIAN_POINT('',(3765.01123046875,-1032.6453857421875,30));
#211=VERTEX_POINT('',#210);
#212=CARTESIAN_POINT('',(3766.977294921875,-1035.3514404296875,30));
#213=VERTEX_POINT('',#212);
#214=CARTESIAN_POINT('',(3775.541015625,-1040.295654296875,30));
#215=VERTEX_POINT('',#214);
#216=CARTESIAN_POINT('',(3769.463134765625,-1037.589599609375,30));
#217=VERTEX_POINT('',#216);
#218=CARTESIAN_POINT('',(3772.35986328125,-1039.2620849609375,30));
#219=VERTEX_POINT('',#218);
#220=CARTESIAN_POINT('',(3893.677001953125,-1313.69482421875,30));
#221=VERTEX_POINT('',#220);
#222=CARTESIAN_POINT('',(3919.578125,-1347.0716552734375,30));
#223=VERTEX_POINT('',#222);
#224=CARTESIAN_POINT('',(3836.735595703125,-1429.9144287109375,30));
#225=VERTEX_POINT('',#224);
#226=CARTESIAN_POINT('',(3788.27197265625,-1397.975341796875,30));
#227=VERTEX_POINT('',#226);
#228=CARTESIAN_POINT('',(3775.541015625,-1040.295654296875,0));
#229=VERTEX_POINT('',#228);
#230=CARTESIAN_POINT('',(3794.780029296875,-1022.9729614257812,30));
#231=VERTEX_POINT('',#230);
#232=CARTESIAN_POINT('',(3778.867431640625,-1008.6453247070312,30));
#233=VERTEX_POINT('',#232);
#234=CARTESIAN_POINT('',(3830.3037109375,-999.756591796875,30));
#235=VERTEX_POINT('',#234);
#236=CARTESIAN_POINT('',(3782.1943359375,-1008.9950561523438,30));
#237=VERTEX_POINT('',#236);
#238=CARTESIAN_POINT('',(3919.578125,-1088.4931640625,30));
#239=VERTEX_POINT('',#238);
#240=CARTESIAN_POINT('',(3785.37548828125,-1010.0286254882812,30));
#241=VERTEX_POINT('',#240);
#242=CARTESIAN_POINT('',(3893.677001953125,-1121.8701171875,30));
#243=VERTEX_POINT('',#242);
#244=CARTESIAN_POINT('',(3788.27197265625,-1011.7010498046875,30));
#245=VERTEX_POINT('',#244);
#246=CARTESIAN_POINT('',(3890.332275390625,-1121.8701171875,30));
#247=VERTEX_POINT('',#246);
#248=CARTESIAN_POINT('',(3790.758056640625,-1013.939208984375,30));
#249=VERTEX_POINT('',#248);
#250=CARTESIAN_POINT('',(3887.060546875,-1122.5655517578125,30));
#251=VERTEX_POINT('',#250);
#252=CARTESIAN_POINT('',(3792.72412109375,-1016.6453857421875,30));
#253=VERTEX_POINT('',#252);
#254=CARTESIAN_POINT('',(3884.0048828125,-1123.926025390625,30));
#255=VERTEX_POINT('',#254);
#256=CARTESIAN_POINT('',(3794.08447265625,-1019.7009887695312,30));
#257=VERTEX_POINT('',#256);
#258=CARTESIAN_POINT('',(3881.298583984375,-1125.89208984375,30));
#259=VERTEX_POINT('',#258);
#260=CARTESIAN_POINT('',(3879.060302734375,-1128.3778076171875,30));
#261=VERTEX_POINT('',#260);
#262=CARTESIAN_POINT('',(3881.298583984375,-1285.8922119140625,0));
#263=VERTEX_POINT('',#262);
#264=CARTESIAN_POINT('',(3881.298583984375,-1285.8922119140625,30));
#265=VERTEX_POINT('',#264);
#266=CARTESIAN_POINT('',(3893.677001953125,-1153.69482421875,30));
#267=VERTEX_POINT('',#266);
#268=CARTESIAN_POINT('',(3890.332275390625,-1281.8701171875,30));
#269=VERTEX_POINT('',#268);
#270=CARTESIAN_POINT('',(3887.060546875,-1282.565673828125,30));
#271=VERTEX_POINT('',#270);
#272=CARTESIAN_POINT('',(3884.0048828125,-1283.926025390625,30));
#273=VERTEX_POINT('',#272);
#274=CARTESIAN_POINT('',(3772.35986328125,-1396.302734375,0));
#275=VERTEX_POINT('',#274);
#276=CARTESIAN_POINT('',(3535.52978515625,-1404.579833984375,0));
#277=VERTEX_POINT('',#276);
#278=CARTESIAN_POINT('',(3763.65087890625,-1405.9752197265625,0));
#279=VERTEX_POINT('',#278);
#280=CARTESIAN_POINT('',(3451.67333984375,-1405.007080078125,0));
#281=VERTEX_POINT('',#280);
#282=CARTESIAN_POINT('',(3765.01123046875,-1402.91943359375,0));
#283=VERTEX_POINT('',#282);
#284=CARTESIAN_POINT('',(3450.12109375,-1399.619140625,0));
#285=VERTEX_POINT('',#284);
#286=CARTESIAN_POINT('',(3766.977294921875,-1400.2135009765625,0));
#287=VERTEX_POINT('',#286);
#288=CARTESIAN_POINT('',(3449.18212890625,-1394.09130859375,0));
#289=VERTEX_POINT('',#288);
#290=CARTESIAN_POINT('',(3769.463134765625,-1397.975341796875,0));
#291=VERTEX_POINT('',#290);
#292=CARTESIAN_POINT('',(3448.867431640625,-1388.4931640625,0));
#293=VERTEX_POINT('',#292);
#294=CARTESIAN_POINT('',(3448.867431640625,-1047.07177734375,0));
#295=VERTEX_POINT('',#294);
#296=CARTESIAN_POINT('',(3538.867431640625,-1031.361083984375,0));
#297=VERTEX_POINT('',#296);
#298=CARTESIAN_POINT('',(3765.01123046875,-1032.6453857421875,0));
#299=VERTEX_POINT('',#298);
#300=CARTESIAN_POINT('',(3766.977294921875,-1035.3514404296875,0));
#301=VERTEX_POINT('',#300);
#302=CARTESIAN_POINT('',(3769.463134765625,-1037.589599609375,0));
#303=VERTEX_POINT('',#302);
#304=CARTESIAN_POINT('',(3772.35986328125,-1039.2620849609375,0));
#305=VERTEX_POINT('',#304);
#306=CARTESIAN_POINT('',(3893.677001953125,-1313.69482421875,0));
#307=VERTEX_POINT('',#306);
#308=CARTESIAN_POINT('',(3919.578125,-1347.0716552734375,0));
#309=VERTEX_POINT('',#308);
#310=CARTESIAN_POINT('',(3836.735595703125,-1429.9144287109375,0));
#311=VERTEX_POINT('',#310);
#312=CARTESIAN_POINT('',(3788.27197265625,-1397.975341796875,0));
#313=VERTEX_POINT('',#312);
#314=CARTESIAN_POINT('',(3794.780029296875,-1022.9729614257812,0));
#315=VERTEX_POINT('',#314);
#316=CARTESIAN_POINT('',(3830.3037109375,-999.756591796875,0));
#317=VERTEX_POINT('',#316);
#318=CARTESIAN_POINT('',(3778.867431640625,-1008.6453247070312,0));
#319=VERTEX_POINT('',#318);
#320=CARTESIAN_POINT('',(3782.1943359375,-1008.9950561523438,0));
#321=VERTEX_POINT('',#320);
#322=CARTESIAN_POINT('',(3919.578125,-1088.4931640625,0));
#323=VERTEX_POINT('',#322);
#324=CARTESIAN_POINT('',(3785.37548828125,-1010.0286254882812,0));
#325=VERTEX_POINT('',#324);
#326=CARTESIAN_POINT('',(3893.677001953125,-1121.8701171875,0));
#327=VERTEX_POINT('',#326);
#328=CARTESIAN_POINT('',(3788.27197265625,-1011.7010498046875,0));
#329=VERTEX_POINT('',#328);
#330=CARTESIAN_POINT('',(3890.332275390625,-1121.8701171875,0));
#331=VERTEX_POINT('',#330);
#332=CARTESIAN_POINT('',(3790.758056640625,-1013.939208984375,0));
#333=VERTEX_POINT('',#332);
#334=CARTESIAN_POINT('',(3887.060546875,-1122.5655517578125,0));
#335=VERTEX_POINT('',#334);
#336=CARTESIAN_POINT('',(3792.72412109375,-1016.6453857421875,0));
#337=VERTEX_POINT('',#336);
#338=CARTESIAN_POINT('',(3884.0048828125,-1123.926025390625,0));
#339=VERTEX_POINT('',#338);
#340=CARTESIAN_POINT('',(3794.08447265625,-1019.7009887695312,0));
#341=VERTEX_POINT('',#340);
#342=CARTESIAN_POINT('',(3881.298583984375,-1125.89208984375,0));
#343=VERTEX_POINT('',#342);
#344=CARTESIAN_POINT('',(3893.677001953125,-1153.69482421875,0));
#345=VERTEX_POINT('',#344);
#346=CARTESIAN_POINT('',(3890.332275390625,-1281.8701171875,0));
#347=VERTEX_POINT('',#346);
#348=CARTESIAN_POINT('',(3887.060546875,-1282.565673828125,0));
#349=VERTEX_POINT('',#348);
#350=CARTESIAN_POINT('',(3884.0048828125,-1283.926025390625,0));
#351=VERTEX_POINT('',#350);
#352=CARTESIAN_POINT('',(3545.3759765625,-1405.689208984375,0));
#353=VERTEX_POINT('',#352);
#354=CARTESIAN_POINT('',(3545.3759765625,-1405.689208984375,30));
#355=VERTEX_POINT('',#354);
#356=CARTESIAN_POINT('',(3532.359375,-1405.689208984375,30));
#357=VERTEX_POINT('',#356);
#358=CARTESIAN_POINT('',(3762.955322265625,-1409.2469482421875,30));
#359=VERTEX_POINT('',#358);
#360=CARTESIAN_POINT('',(3453.8193359375,-1410.1873779296875,30));
#361=VERTEX_POINT('',#360);
#362=CARTESIAN_POINT('',(3449.18212890625,-1041.4735107421875,0));
#363=VERTEX_POINT('',#362);
#364=CARTESIAN_POINT('',(3449.18212890625,-1041.4735107421875,30));
#365=VERTEX_POINT('',#364);
#366=CARTESIAN_POINT('',(3450.12109375,-1035.94580078125,30));
#367=VERTEX_POINT('',#366);
#368=CARTESIAN_POINT('',(3535.52978515625,-1030.9849853515625,0));
#369=VERTEX_POINT('',#368);
#370=CARTESIAN_POINT('',(3535.52978515625,-1030.9849853515625,30));
#371=VERTEX_POINT('',#370);
#372=CARTESIAN_POINT('',(3542.20556640625,-1030.9849853515625,30));
#373=VERTEX_POINT('',#372);
#374=CARTESIAN_POINT('',(3451.67333984375,-1030.557861328125,30));
#375=VERTEX_POINT('',#374);
#376=CARTESIAN_POINT('',(3763.65087890625,-1029.589599609375,0));
#377=VERTEX_POINT('',#376);
#378=CARTESIAN_POINT('',(3763.65087890625,-1029.589599609375,30));
#379=VERTEX_POINT('',#378);
#380=CARTESIAN_POINT('',(3545.3759765625,-1029.8756103515625,30));
#381=VERTEX_POINT('',#380);
#382=CARTESIAN_POINT('',(3896.94921875,-1312.999267578125,30));
#383=VERTEX_POINT('',#382);
#384=CARTESIAN_POINT('',(3939.498291015625,-1318.6229248046875,30));
#385=VERTEX_POINT('',#384);
#386=CARTESIAN_POINT('',(3925.47216796875,-1340.6397705078125,30));
#387=VERTEX_POINT('',#386);
#388=CARTESIAN_POINT('',(3935.469970703125,-1326.361083984375,30));
#389=VERTEX_POINT('',#388);
#390=CARTESIAN_POINT('',(3930.78271484375,-1333.71875,30));
#391=VERTEX_POINT('',#390);
#392=CARTESIAN_POINT('',(3830.3037109375,-1435.8082275390625,0));
#393=VERTEX_POINT('',#392);
#394=CARTESIAN_POINT('',(3830.3037109375,-1435.8082275390625,30));
#395=VERTEX_POINT('',#394);
#396=CARTESIAN_POINT('',(3778.867431640625,-1426.9195556640625,30));
#397=VERTEX_POINT('',#396);
#398=CARTESIAN_POINT('',(3782.1943359375,-1426.56982421875,30));
#399=VERTEX_POINT('',#398);
#400=CARTESIAN_POINT('',(3785.37548828125,-1425.5361328125,30));
#401=VERTEX_POINT('',#400);
#402=CARTESIAN_POINT('',(3788.27197265625,-1423.86376953125,30));
#403=VERTEX_POINT('',#402);
#404=CARTESIAN_POINT('',(3790.758056640625,-1400.2135009765625,30));
#405=VERTEX_POINT('',#404);
#406=CARTESIAN_POINT('',(3790.758056640625,-1421.625732421875,30));
#407=VERTEX_POINT('',#406);
#408=CARTESIAN_POINT('',(3792.72412109375,-1402.91943359375,30));
#409=VERTEX_POINT('',#408);
#410=CARTESIAN_POINT('',(3792.72412109375,-1418.9195556640625,30));
#411=VERTEX_POINT('',#410);
#412=CARTESIAN_POINT('',(3794.08447265625,-1405.9752197265625,30));
#413=VERTEX_POINT('',#412);
#414=CARTESIAN_POINT('',(3794.08447265625,-1415.86376953125,30));
#415=VERTEX_POINT('',#414);
#416=CARTESIAN_POINT('',(3794.780029296875,-1409.2469482421875,30));
#417=VERTEX_POINT('',#416);
#418=CARTESIAN_POINT('',(3794.780029296875,-1412.591796875,30));
#419=VERTEX_POINT('',#418);
#420=CARTESIAN_POINT('',(3790.758056640625,-1400.2135009765625,0));
#421=VERTEX_POINT('',#420);
#422=CARTESIAN_POINT('',(3823.382568359375,-994.4458618164062,30));
#423=VERTEX_POINT('',#422);
#424=CARTESIAN_POINT('',(3775.541015625,-1008.9950561523438,30));
#425=VERTEX_POINT('',#424);
#426=CARTESIAN_POINT('',(3552.38232421875,-1009.8528442382812,30));
#427=VERTEX_POINT('',#426);
#428=CARTESIAN_POINT('',(3550.59521484375,-1007.0087280273438,30));
#429=VERTEX_POINT('',#428);
#430=CARTESIAN_POINT('',(3816.02490234375,-989.758544921875,30));
#431=VERTEX_POINT('',#430);
#432=CARTESIAN_POINT('',(3548.219970703125,-1004.6336669921875,30));
#433=VERTEX_POINT('',#432);
#434=CARTESIAN_POINT('',(3808.28662109375,-985.7303466796875,30));
#435=VERTEX_POINT('',#434);
#436=CARTESIAN_POINT('',(3545.3759765625,-1002.8465576171875,30));
#437=VERTEX_POINT('',#436);
#438=CARTESIAN_POINT('',(3800.22705078125,-982.391845703125,30));
#439=VERTEX_POINT('',#438);
#440=CARTESIAN_POINT('',(3542.20556640625,-1001.7371215820312,30));
#441=VERTEX_POINT('',#440);
#442=CARTESIAN_POINT('',(3791.90673828125,-979.7685546875,30));
#443=VERTEX_POINT('',#442);
#444=CARTESIAN_POINT('',(3538.867431640625,-1001.361083984375,30));
#445=VERTEX_POINT('',#444);
#446=CARTESIAN_POINT('',(3783.3896484375,-977.8803100585938,30));
#447=VERTEX_POINT('',#446);
#448=CARTESIAN_POINT('',(3925.47216796875,-1094.925048828125,0));
#449=VERTEX_POINT('',#448);
#450=CARTESIAN_POINT('',(3925.47216796875,-1094.925048828125,30));
#451=VERTEX_POINT('',#450);
#452=CARTESIAN_POINT('',(3896.94921875,-1122.5655517578125,0));
#453=VERTEX_POINT('',#452);
#454=CARTESIAN_POINT('',(3896.94921875,-1122.5655517578125,30));
#455=VERTEX_POINT('',#454);
#456=CARTESIAN_POINT('',(3942.8369140625,-1125.001708984375,30));
#457=VERTEX_POINT('',#456);
#458=CARTESIAN_POINT('',(3939.498291015625,-1116.94189453125,30));
#459=VERTEX_POINT('',#458);
#460=CARTESIAN_POINT('',(3935.469970703125,-1109.203857421875,30));
#461=VERTEX_POINT('',#460);
#462=CARTESIAN_POINT('',(3930.78271484375,-1101.84619140625,30));
#463=VERTEX_POINT('',#462);
#464=CARTESIAN_POINT('',(3896.94921875,-1152.9993896484375,30));
#465=VERTEX_POINT('',#464);
#466=CARTESIAN_POINT('',(3948.867431640625,-1159.203857421875,30));
#467=VERTEX_POINT('',#466);
#468=CARTESIAN_POINT('',(3893.677001953125,-1281.8701171875,30));
#469=VERTEX_POINT('',#468);
#470=CARTESIAN_POINT('',(3893.677001953125,-1281.8701171875,0));
#471=VERTEX_POINT('',#470);
#472=CARTESIAN_POINT('',(3532.359375,-1405.689208984375,0));
#473=VERTEX_POINT('',#472);
#474=CARTESIAN_POINT('',(3762.955322265625,-1409.2469482421875,0));
#475=VERTEX_POINT('',#474);
#476=CARTESIAN_POINT('',(3453.8193359375,-1410.1873779296875,0));
#477=VERTEX_POINT('',#476);
#478=CARTESIAN_POINT('',(3450.12109375,-1035.94580078125,0));
#479=VERTEX_POINT('',#478);
#480=CARTESIAN_POINT('',(3542.20556640625,-1030.9849853515625,0));
#481=VERTEX_POINT('',#480);
#482=CARTESIAN_POINT('',(3451.67333984375,-1030.557861328125,0));
#483=VERTEX_POINT('',#482);
#484=CARTESIAN_POINT('',(3545.3759765625,-1029.8756103515625,0));
#485=VERTEX_POINT('',#484);
#486=CARTESIAN_POINT('',(3896.94921875,-1312.999267578125,0));
#487=VERTEX_POINT('',#486);
#488=CARTESIAN_POINT('',(3939.498291015625,-1318.6229248046875,0));
#489=VERTEX_POINT('',#488);
#490=CARTESIAN_POINT('',(3925.47216796875,-1340.6397705078125,0));
#491=VERTEX_POINT('',#490);
#492=CARTESIAN_POINT('',(3935.469970703125,-1326.361083984375,0));
#493=VERTEX_POINT('',#492);
#494=CARTESIAN_POINT('',(3930.78271484375,-1333.71875,0));
#495=VERTEX_POINT('',#494);
#496=CARTESIAN_POINT('',(3778.867431640625,-1426.9195556640625,0));
#497=VERTEX_POINT('',#496);
#498=CARTESIAN_POINT('',(3782.1943359375,-1426.56982421875,0));
#499=VERTEX_POINT('',#498);
#500=CARTESIAN_POINT('',(3785.37548828125,-1425.5361328125,0));
#501=VERTEX_POINT('',#500);
#502=CARTESIAN_POINT('',(3792.72412109375,-1402.91943359375,0));
#503=VERTEX_POINT('',#502);
#504=CARTESIAN_POINT('',(3788.27197265625,-1423.86376953125,0));
#505=VERTEX_POINT('',#504);
#506=CARTESIAN_POINT('',(3794.08447265625,-1405.9752197265625,0));
#507=VERTEX_POINT('',#506);
#508=CARTESIAN_POINT('',(3790.758056640625,-1421.625732421875,0));
#509=VERTEX_POINT('',#508);
#510=CARTESIAN_POINT('',(3794.780029296875,-1409.2469482421875,0));
#511=VERTEX_POINT('',#510);
#512=CARTESIAN_POINT('',(3792.72412109375,-1418.9195556640625,0));
#513=VERTEX_POINT('',#512);
#514=CARTESIAN_POINT('',(3794.780029296875,-1412.591796875,0));
#515=VERTEX_POINT('',#514);
#516=CARTESIAN_POINT('',(3794.08447265625,-1415.86376953125,0));
#517=VERTEX_POINT('',#516);
#518=CARTESIAN_POINT('',(3823.382568359375,-994.4458618164062,0));
#519=VERTEX_POINT('',#518);
#520=CARTESIAN_POINT('',(3775.541015625,-1008.9950561523438,0));
#521=VERTEX_POINT('',#520);
#522=CARTESIAN_POINT('',(3552.38232421875,-1009.8528442382812,0));
#523=VERTEX_POINT('',#522);
#524=CARTESIAN_POINT('',(3550.59521484375,-1007.0087280273438,0));
#525=VERTEX_POINT('',#524);
#526=CARTESIAN_POINT('',(3548.219970703125,-1004.6336669921875,0));
#527=VERTEX_POINT('',#526);
#528=CARTESIAN_POINT('',(3816.02490234375,-989.758544921875,0));
#529=VERTEX_POINT('',#528);
#530=CARTESIAN_POINT('',(3545.3759765625,-1002.8465576171875,0));
#531=VERTEX_POINT('',#530);
#532=CARTESIAN_POINT('',(3808.28662109375,-985.7303466796875,0));
#533=VERTEX_POINT('',#532);
#534=CARTESIAN_POINT('',(3542.20556640625,-1001.7371215820312,0));
#535=VERTEX_POINT('',#534);
#536=CARTESIAN_POINT('',(3800.22705078125,-982.391845703125,0));
#537=VERTEX_POINT('',#536);
#538=CARTESIAN_POINT('',(3538.867431640625,-1001.361083984375,0));
#539=VERTEX_POINT('',#538);
#540=CARTESIAN_POINT('',(3791.90673828125,-979.7685546875,0));
#541=VERTEX_POINT('',#540);
#542=CARTESIAN_POINT('',(3783.3896484375,-977.8803100585938,0));
#543=VERTEX_POINT('',#542);
#544=CARTESIAN_POINT('',(3942.8369140625,-1125.001708984375,0));
#545=VERTEX_POINT('',#544);
#546=CARTESIAN_POINT('',(3939.498291015625,-1116.94189453125,0));
#547=VERTEX_POINT('',#546);
#548=CARTESIAN_POINT('',(3935.469970703125,-1109.203857421875,0));
#549=VERTEX_POINT('',#548);
#550=CARTESIAN_POINT('',(3930.78271484375,-1101.84619140625,0));
#551=VERTEX_POINT('',#550);
#552=CARTESIAN_POINT('',(3896.94921875,-1152.9993896484375,0));
#553=VERTEX_POINT('',#552);
#554=CARTESIAN_POINT('',(3948.867431640625,-1159.203857421875,0));
#555=VERTEX_POINT('',#554);
#556=CARTESIAN_POINT('',(3548.219970703125,-1407.476318359375,0));
#557=VERTEX_POINT('',#556);
#558=CARTESIAN_POINT('',(3548.219970703125,-1407.476318359375,30));
#559=VERTEX_POINT('',#558);
#560=CARTESIAN_POINT('',(3529.515380859375,-1407.476318359375,30));
#561=VERTEX_POINT('',#560);
#562=CARTESIAN_POINT('',(3762.955322265625,-1412.591796875,30));
#563=VERTEX_POINT('',#562);
#564=CARTESIAN_POINT('',(3550.59521484375,-1409.851318359375,30));
#565=VERTEX_POINT('',#564);
#566=CARTESIAN_POINT('',(3456.53125,-1415.0947265625,30));
#567=VERTEX_POINT('',#566);
#568=CARTESIAN_POINT('',(3525.35302734375,-1412.6954345703125,30));
#569=VERTEX_POINT('',#568);
#570=CARTESIAN_POINT('',(3527.14013671875,-1409.851318359375,30));
#571=VERTEX_POINT('',#570);
#572=CARTESIAN_POINT('',(3532.359375,-1029.8756103515625,0));
#573=VERTEX_POINT('',#572);
#574=CARTESIAN_POINT('',(3532.359375,-1029.8756103515625,30));
#575=VERTEX_POINT('',#574);
#576=CARTESIAN_POINT('',(3453.8193359375,-1025.37744140625,0));
#577=VERTEX_POINT('',#576);
#578=CARTESIAN_POINT('',(3453.8193359375,-1025.37744140625,30));
#579=VERTEX_POINT('',#578);
#580=CARTESIAN_POINT('',(3527.14013671875,-1025.71337890625,30));
#581=VERTEX_POINT('',#580);
#582=CARTESIAN_POINT('',(3529.515380859375,-1028.0885009765625,30));
#583=VERTEX_POINT('',#582);
#584=CARTESIAN_POINT('',(3762.955322265625,-1026.31787109375,0));
#585=VERTEX_POINT('',#584);
#586=CARTESIAN_POINT('',(3550.59521484375,-1025.71337890625,0));
#587=VERTEX_POINT('',#586);
#588=CARTESIAN_POINT('',(3548.219970703125,-1028.0885009765625,0));
#589=VERTEX_POINT('',#588);
#590=CARTESIAN_POINT('',(3762.955322265625,-1026.31787109375,30));
#591=VERTEX_POINT('',#590);
#592=CARTESIAN_POINT('',(3550.59521484375,-1025.71337890625,30));
#593=VERTEX_POINT('',#592);
#594=CARTESIAN_POINT('',(3548.219970703125,-1028.0885009765625,30));
#595=VERTEX_POINT('',#594);
#596=CARTESIAN_POINT('',(3900.004638671875,-1311.6387939453125,30));
#597=VERTEX_POINT('',#596);
#598=CARTESIAN_POINT('',(3942.8369140625,-1310.56298828125,30));
#599=VERTEX_POINT('',#598);
#600=CARTESIAN_POINT('',(3902.7109375,-1309.6727294921875,30));
#601=VERTEX_POINT('',#600);
#602=CARTESIAN_POINT('',(3823.382568359375,-1441.119140625,0));
#603=VERTEX_POINT('',#602);
#604=CARTESIAN_POINT('',(3823.382568359375,-1441.119140625,30));
#605=VERTEX_POINT('',#604);
#606=CARTESIAN_POINT('',(3775.541015625,-1426.56982421875,0));
#607=VERTEX_POINT('',#606);
#608=CARTESIAN_POINT('',(3775.541015625,-1426.56982421875,30));
#609=VERTEX_POINT('',#608);
#610=CARTESIAN_POINT('',(3552.38232421875,-1425.7119140625,30));
#611=VERTEX_POINT('',#610);
#612=CARTESIAN_POINT('',(3550.59521484375,-1428.5560302734375,30));
#613=VERTEX_POINT('',#612);
#614=CARTESIAN_POINT('',(3774.74072265625,-1458.8232421875,30));
#615=VERTEX_POINT('',#614);
#616=CARTESIAN_POINT('',(3783.3896484375,-1457.6844482421875,30));
#617=VERTEX_POINT('',#616);
#618=CARTESIAN_POINT('',(3791.90673828125,-1455.79638671875,30));
#619=VERTEX_POINT('',#618);
#620=CARTESIAN_POINT('',(3816.02490234375,-1445.8062744140625,30));
#621=VERTEX_POINT('',#620);
#622=CARTESIAN_POINT('',(3800.22705078125,-1453.173095703125,30));
#623=VERTEX_POINT('',#622);
#624=CARTESIAN_POINT('',(3808.28662109375,-1449.8345947265625,30));
#625=VERTEX_POINT('',#624);
#626=CARTESIAN_POINT('',(3772.35986328125,-1010.0286254882812,30));
#627=VERTEX_POINT('',#626);
#628=CARTESIAN_POINT('',(3553.491455078125,-1013.023193359375,0));
#629=VERTEX_POINT('',#628);
#630=CARTESIAN_POINT('',(3553.491455078125,-1013.023193359375,30));
#631=VERTEX_POINT('',#630);
#632=CARTESIAN_POINT('',(3769.463134765625,-1011.7010498046875,30));
#633=VERTEX_POINT('',#632);
#634=CARTESIAN_POINT('',(3535.52978515625,-1001.7371215820312,30));
#635=VERTEX_POINT('',#634);
#636=CARTESIAN_POINT('',(3484.22314453125,-991.0057983398438,30));
#637=VERTEX_POINT('',#636);
#638=CARTESIAN_POINT('',(3488.40380859375,-987.26953125,30));
#639=VERTEX_POINT('',#638);
#640=CARTESIAN_POINT('',(3774.74072265625,-976.7416381835938,30));
#641=VERTEX_POINT('',#640);
#642=CARTESIAN_POINT('',(3492.9765625,-984.02490234375,30));
#643=VERTEX_POINT('',#642);
#644=CARTESIAN_POINT('',(3766.02490234375,-976.361083984375,30));
#645=VERTEX_POINT('',#644);
#646=CARTESIAN_POINT('',(3497.88427734375,-981.3126220703125,30));
#647=VERTEX_POINT('',#646);
#648=CARTESIAN_POINT('',(3519.578125,-976.361083984375,30));
#649=VERTEX_POINT('',#648);
#650=CARTESIAN_POINT('',(3503.064208984375,-979.1669311523438,30));
#651=VERTEX_POINT('',#650);
#652=CARTESIAN_POINT('',(3513.97998046875,-976.6754150390625,30));
#653=VERTEX_POINT('',#652);
#654=CARTESIAN_POINT('',(3508.4521484375,-977.6146240234375,30));
#655=VERTEX_POINT('',#654);
#656=CARTESIAN_POINT('',(3900.004638671875,-1123.926025390625,0));
#657=VERTEX_POINT('',#656);
#658=CARTESIAN_POINT('',(3900.004638671875,-1123.926025390625,30));
#659=VERTEX_POINT('',#658);
#660=CARTESIAN_POINT('',(3945.460205078125,-1133.3218994140625,0));
#661=VERTEX_POINT('',#660);
#662=CARTESIAN_POINT('',(3945.460205078125,-1133.3218994140625,30));
#663=VERTEX_POINT('',#662);
#664=CARTESIAN_POINT('',(3902.7109375,-1125.89208984375,30));
#665=VERTEX_POINT('',#664);
#666=CARTESIAN_POINT('',(3900.004638671875,-1151.638916015625,30));
#667=VERTEX_POINT('',#666);
#668=CARTESIAN_POINT('',(3948.4873046875,-1150.4881591796875,30));
#669=VERTEX_POINT('',#668);
#670=CARTESIAN_POINT('',(3902.7109375,-1149.6727294921875,30));
#671=VERTEX_POINT('',#670);
#672=CARTESIAN_POINT('',(3948.867431640625,-1276.361083984375,30));
#673=VERTEX_POINT('',#672);
#674=CARTESIAN_POINT('',(3896.94921875,-1282.565673828125,0));
#675=VERTEX_POINT('',#674);
#676=CARTESIAN_POINT('',(3896.94921875,-1282.565673828125,30));
#677=VERTEX_POINT('',#676);
#678=CARTESIAN_POINT('',(3948.4873046875,-1285.07666015625,30));
#679=VERTEX_POINT('',#678);
#680=CARTESIAN_POINT('',(3948.4873046875,-1285.07666015625,0));
#681=VERTEX_POINT('',#680);
#682=CARTESIAN_POINT('',(3948.867431640625,-1276.361083984375,0));
#683=VERTEX_POINT('',#682);
#684=CARTESIAN_POINT('',(3529.515380859375,-1407.476318359375,0));
#685=VERTEX_POINT('',#684);
#686=CARTESIAN_POINT('',(3762.955322265625,-1412.591796875,0));
#687=VERTEX_POINT('',#686);
#688=CARTESIAN_POINT('',(3550.59521484375,-1409.851318359375,0));
#689=VERTEX_POINT('',#688);
#690=CARTESIAN_POINT('',(3456.53125,-1415.0947265625,0));
#691=VERTEX_POINT('',#690);
#692=CARTESIAN_POINT('',(3525.35302734375,-1412.6954345703125,0));
#693=VERTEX_POINT('',#692);
#694=CARTESIAN_POINT('',(3527.14013671875,-1409.851318359375,0));
#695=VERTEX_POINT('',#694);
#696=CARTESIAN_POINT('',(3527.14013671875,-1025.71337890625,0));
#697=VERTEX_POINT('',#696);
#698=CARTESIAN_POINT('',(3529.515380859375,-1028.0885009765625,0));
#699=VERTEX_POINT('',#698);
#700=CARTESIAN_POINT('',(3900.004638671875,-1311.6387939453125,0));
#701=VERTEX_POINT('',#700);
#702=CARTESIAN_POINT('',(3942.8369140625,-1310.56298828125,0));
#703=VERTEX_POINT('',#702);
#704=CARTESIAN_POINT('',(3902.7109375,-1309.6727294921875,0));
#705=VERTEX_POINT('',#704);
#706=CARTESIAN_POINT('',(3552.38232421875,-1425.7119140625,0));
#707=VERTEX_POINT('',#706);
#708=CARTESIAN_POINT('',(3550.59521484375,-1428.5560302734375,0));
#709=VERTEX_POINT('',#708);
#710=CARTESIAN_POINT('',(3774.74072265625,-1458.8232421875,0));
#711=VERTEX_POINT('',#710);
#712=CARTESIAN_POINT('',(3783.3896484375,-1457.6844482421875,0));
#713=VERTEX_POINT('',#712);
#714=CARTESIAN_POINT('',(3816.02490234375,-1445.8062744140625,0));
#715=VERTEX_POINT('',#714);
#716=CARTESIAN_POINT('',(3791.90673828125,-1455.79638671875,0));
#717=VERTEX_POINT('',#716);
#718=CARTESIAN_POINT('',(3808.28662109375,-1449.8345947265625,0));
#719=VERTEX_POINT('',#718);
#720=CARTESIAN_POINT('',(3800.22705078125,-1453.173095703125,0));
#721=VERTEX_POINT('',#720);
#722=CARTESIAN_POINT('',(3772.35986328125,-1010.0286254882812,0));
#723=VERTEX_POINT('',#722);
#724=CARTESIAN_POINT('',(3769.463134765625,-1011.7010498046875,0));
#725=VERTEX_POINT('',#724);
#726=CARTESIAN_POINT('',(3535.52978515625,-1001.7371215820312,0));
#727=VERTEX_POINT('',#726);
#728=CARTESIAN_POINT('',(3484.22314453125,-991.0057983398438,0));
#729=VERTEX_POINT('',#728);
#730=CARTESIAN_POINT('',(3488.40380859375,-987.26953125,0));
#731=VERTEX_POINT('',#730);
#732=CARTESIAN_POINT('',(3774.74072265625,-976.7416381835938,0));
#733=VERTEX_POINT('',#732);
#734=CARTESIAN_POINT('',(3492.9765625,-984.02490234375,0));
#735=VERTEX_POINT('',#734);
#736=CARTESIAN_POINT('',(3766.02490234375,-976.361083984375,0));
#737=VERTEX_POINT('',#736);
#738=CARTESIAN_POINT('',(3497.88427734375,-981.3126220703125,0));
#739=VERTEX_POINT('',#738);
#740=CARTESIAN_POINT('',(3519.578125,-976.361083984375,0));
#741=VERTEX_POINT('',#740);
#742=CARTESIAN_POINT('',(3503.064208984375,-979.1669311523438,0));
#743=VERTEX_POINT('',#742);
#744=CARTESIAN_POINT('',(3513.97998046875,-976.6754150390625,0));
#745=VERTEX_POINT('',#744);
#746=CARTESIAN_POINT('',(3508.4521484375,-977.6146240234375,0));
#747=VERTEX_POINT('',#746);
#748=CARTESIAN_POINT('',(3902.7109375,-1125.89208984375,0));
#749=VERTEX_POINT('',#748);
#750=CARTESIAN_POINT('',(3900.004638671875,-1151.638916015625,0));
#751=VERTEX_POINT('',#750);
#752=CARTESIAN_POINT('',(3948.4873046875,-1150.4881591796875,0));
#753=VERTEX_POINT('',#752);
#754=CARTESIAN_POINT('',(3902.7109375,-1149.6727294921875,0));
#755=VERTEX_POINT('',#754);
#756=CARTESIAN_POINT('',(3763.65087890625,-1415.86376953125,30));
#757=VERTEX_POINT('',#756);
#758=CARTESIAN_POINT('',(3552.38232421875,-1412.6954345703125,30));
#759=VERTEX_POINT('',#758);
#760=CARTESIAN_POINT('',(3552.38232421875,-1412.6954345703125,0));
#761=VERTEX_POINT('',#760);
#762=CARTESIAN_POINT('',(3459.77587890625,-1419.667724609375,30));
#763=VERTEX_POINT('',#762);
#764=CARTESIAN_POINT('',(3523.867431640625,-1419.203857421875,30));
#765=VERTEX_POINT('',#764);
#766=CARTESIAN_POINT('',(3524.24365234375,-1415.865966796875,30));
#767=VERTEX_POINT('',#766);
#768=CARTESIAN_POINT('',(3456.53125,-1020.4700927734375,0));
#769=VERTEX_POINT('',#768);
#770=CARTESIAN_POINT('',(3525.35302734375,-1022.8693237304688,0));
#771=VERTEX_POINT('',#770);
#772=CARTESIAN_POINT('',(3456.53125,-1020.4700927734375,30));
#773=VERTEX_POINT('',#772);
#774=CARTESIAN_POINT('',(3525.35302734375,-1022.8693237304688,30));
#775=VERTEX_POINT('',#774);
#776=CARTESIAN_POINT('',(3762.955322265625,-1022.9729614257812,0));
#777=VERTEX_POINT('',#776);
#778=CARTESIAN_POINT('',(3552.38232421875,-1022.8693237304688,0));
#779=VERTEX_POINT('',#778);
#780=CARTESIAN_POINT('',(3552.38232421875,-1022.8693237304688,30));
#781=VERTEX_POINT('',#780);
#782=CARTESIAN_POINT('',(3762.955322265625,-1022.9729614257812,30));
#783=VERTEX_POINT('',#782);
#784=CARTESIAN_POINT('',(3945.460205078125,-1302.2430419921875,30));
#785=VERTEX_POINT('',#784);
#786=CARTESIAN_POINT('',(3907.655029296875,-1301.1090087890625,30));
#787=VERTEX_POINT('',#786);
#788=CARTESIAN_POINT('',(3904.948974609375,-1307.18701171875,30));
#789=VERTEX_POINT('',#788);
#790=CARTESIAN_POINT('',(3906.621337890625,-1304.2901611328125,30));
#791=VERTEX_POINT('',#790);
#792=CARTESIAN_POINT('',(3772.35986328125,-1425.5361328125,0));
#793=VERTEX_POINT('',#792);
#794=CARTESIAN_POINT('',(3772.35986328125,-1425.5361328125,30));
#795=VERTEX_POINT('',#794);
#796=CARTESIAN_POINT('',(3553.491455078125,-1422.5416259765625,30));
#797=VERTEX_POINT('',#796);
#798=CARTESIAN_POINT('',(3769.463134765625,-1423.86376953125,30));
#799=VERTEX_POINT('',#798);
#800=CARTESIAN_POINT('',(3548.219970703125,-1430.9312744140625,0));
#801=VERTEX_POINT('',#800);
#802=CARTESIAN_POINT('',(3548.219970703125,-1430.9312744140625,30));
#803=VERTEX_POINT('',#802);
#804=CARTESIAN_POINT('',(3766.02490234375,-1459.203857421875,0));
#805=VERTEX_POINT('',#804);
#806=CARTESIAN_POINT('',(3766.02490234375,-1459.203857421875,30));
#807=VERTEX_POINT('',#806);
#808=CARTESIAN_POINT('',(3553.867431640625,-1016.361083984375,0));
#809=VERTEX_POINT('',#808);
#810=CARTESIAN_POINT('',(3765.01123046875,-1016.6453857421875,0));
#811=VERTEX_POINT('',#810);
#812=CARTESIAN_POINT('',(3766.977294921875,-1013.939208984375,0));
#813=VERTEX_POINT('',#812);
#814=CARTESIAN_POINT('',(3553.867431640625,-1016.361083984375,30));
#815=VERTEX_POINT('',#814);
#816=CARTESIAN_POINT('',(3765.01123046875,-1016.6453857421875,30));
#817=VERTEX_POINT('',#816);
#818=CARTESIAN_POINT('',(3766.977294921875,-1013.939208984375,30));
#819=VERTEX_POINT('',#818);
#820=CARTESIAN_POINT('',(3532.359375,-1002.8465576171875,30));
#821=VERTEX_POINT('',#820);
#822=CARTESIAN_POINT('',(3463.51220703125,-1011.7164306640625,30));
#823=VERTEX_POINT('',#822);
#824=CARTESIAN_POINT('',(3947.348388671875,-1141.8389892578125,0));
#825=VERTEX_POINT('',#824);
#826=CARTESIAN_POINT('',(3907.655029296875,-1134.455810546875,0));
#827=VERTEX_POINT('',#826);
#828=CARTESIAN_POINT('',(3906.621337890625,-1131.274658203125,0));
#829=VERTEX_POINT('',#828);
#830=CARTESIAN_POINT('',(3904.948974609375,-1128.3778076171875,0));
#831=VERTEX_POINT('',#830);
#832=CARTESIAN_POINT('',(3947.348388671875,-1141.8389892578125,30));
#833=VERTEX_POINT('',#832);
#834=CARTESIAN_POINT('',(3907.655029296875,-1134.455810546875,30));
#835=VERTEX_POINT('',#834);
#836=CARTESIAN_POINT('',(3906.621337890625,-1131.274658203125,30));
#837=VERTEX_POINT('',#836);
#838=CARTESIAN_POINT('',(3904.948974609375,-1128.3778076171875,30));
#839=VERTEX_POINT('',#838);
#840=CARTESIAN_POINT('',(3904.948974609375,-1147.18701171875,30));
#841=VERTEX_POINT('',#840);
#842=CARTESIAN_POINT('',(3907.655029296875,-1141.1090087890625,30));
#843=VERTEX_POINT('',#842);
#844=CARTESIAN_POINT('',(3906.621337890625,-1144.290283203125,30));
#845=VERTEX_POINT('',#844);
#846=CARTESIAN_POINT('',(3900.004638671875,-1283.926025390625,0));
#847=VERTEX_POINT('',#846);
#848=CARTESIAN_POINT('',(3900.004638671875,-1283.926025390625,30));
#849=VERTEX_POINT('',#848);
#850=CARTESIAN_POINT('',(3947.348388671875,-1293.725830078125,0));
#851=VERTEX_POINT('',#850);
#852=CARTESIAN_POINT('',(3947.348388671875,-1293.725830078125,30));
#853=VERTEX_POINT('',#852);
#854=CARTESIAN_POINT('',(3902.7109375,-1285.8922119140625,30));
#855=VERTEX_POINT('',#854);
#856=CARTESIAN_POINT('',(3902.7109375,-1285.8922119140625,0));
#857=VERTEX_POINT('',#856);
#858=CARTESIAN_POINT('',(3763.65087890625,-1415.86376953125,0));
#859=VERTEX_POINT('',#858);
#860=CARTESIAN_POINT('',(3459.77587890625,-1419.667724609375,0));
#861=VERTEX_POINT('',#860);
#862=CARTESIAN_POINT('',(3523.867431640625,-1419.203857421875,0));
#863=VERTEX_POINT('',#862);
#864=CARTESIAN_POINT('',(3524.24365234375,-1415.865966796875,0));
#865=VERTEX_POINT('',#864);
#866=CARTESIAN_POINT('',(3945.460205078125,-1302.2430419921875,0));
#867=VERTEX_POINT('',#866);
#868=CARTESIAN_POINT('',(3907.655029296875,-1301.1090087890625,0));
#869=VERTEX_POINT('',#868);
#870=CARTESIAN_POINT('',(3904.948974609375,-1307.18701171875,0));
#871=VERTEX_POINT('',#870);
#872=CARTESIAN_POINT('',(3906.621337890625,-1304.2901611328125,0));
#873=VERTEX_POINT('',#872);
#874=CARTESIAN_POINT('',(3553.491455078125,-1422.5416259765625,0));
#875=VERTEX_POINT('',#874);
#876=CARTESIAN_POINT('',(3769.463134765625,-1423.86376953125,0));
#877=VERTEX_POINT('',#876);
#878=CARTESIAN_POINT('',(3532.359375,-1002.8465576171875,0));
#879=VERTEX_POINT('',#878);
#880=CARTESIAN_POINT('',(3463.51220703125,-1011.7164306640625,0));
#881=VERTEX_POINT('',#880);
#882=CARTESIAN_POINT('',(3907.655029296875,-1141.1090087890625,0));
#883=VERTEX_POINT('',#882);
#884=CARTESIAN_POINT('',(3904.948974609375,-1147.18701171875,0));
#885=VERTEX_POINT('',#884);
#886=CARTESIAN_POINT('',(3906.621337890625,-1144.290283203125,0));
#887=VERTEX_POINT('',#886);
#888=CARTESIAN_POINT('',(3765.01123046875,-1418.9195556640625,30));
#889=VERTEX_POINT('',#888);
#890=CARTESIAN_POINT('',(3553.491455078125,-1415.865966796875,30));
#891=VERTEX_POINT('',#890);
#892=CARTESIAN_POINT('',(3553.491455078125,-1415.865966796875,0));
#893=VERTEX_POINT('',#892);
#894=CARTESIAN_POINT('',(3463.51220703125,-1423.848388671875,30));
#895=VERTEX_POINT('',#894);
#896=CARTESIAN_POINT('',(3524.24365234375,-1422.5416259765625,30));
#897=VERTEX_POINT('',#896);
#898=CARTESIAN_POINT('',(3459.77587890625,-1015.897216796875,0));
#899=VERTEX_POINT('',#898);
#900=CARTESIAN_POINT('',(3524.24365234375,-1019.698974609375,0));
#901=VERTEX_POINT('',#900);
#902=CARTESIAN_POINT('',(3459.77587890625,-1015.897216796875,30));
#903=VERTEX_POINT('',#902);
#904=CARTESIAN_POINT('',(3524.24365234375,-1019.698974609375,30));
#905=VERTEX_POINT('',#904);
#906=CARTESIAN_POINT('',(3763.65087890625,-1019.7009887695312,0));
#907=VERTEX_POINT('',#906);
#908=CARTESIAN_POINT('',(3553.491455078125,-1019.698974609375,0));
#909=VERTEX_POINT('',#908);
#910=CARTESIAN_POINT('',(3553.491455078125,-1019.698974609375,30));
#911=VERTEX_POINT('',#910);
#912=CARTESIAN_POINT('',(3763.65087890625,-1019.7009887695312,30));
#913=VERTEX_POINT('',#912);
#914=CARTESIAN_POINT('',(3907.655029296875,-1294.455810546875,30));
#915=VERTEX_POINT('',#914);
#916=CARTESIAN_POINT('',(3908.0048828125,-1297.782470703125,30));
#917=VERTEX_POINT('',#916);
#918=CARTESIAN_POINT('',(3553.867431640625,-1419.203857421875,30));
#919=VERTEX_POINT('',#918);
#920=CARTESIAN_POINT('',(3766.977294921875,-1421.625732421875,30));
#921=VERTEX_POINT('',#920);
#922=CARTESIAN_POINT('',(3766.977294921875,-1421.625732421875,0));
#923=VERTEX_POINT('',#922);
#924=CARTESIAN_POINT('',(3545.3759765625,-1432.7183837890625,0));
#925=VERTEX_POINT('',#924);
#926=CARTESIAN_POINT('',(3519.578125,-1459.203857421875,0));
#927=VERTEX_POINT('',#926);
#928=CARTESIAN_POINT('',(3545.3759765625,-1432.7183837890625,30));
#929=VERTEX_POINT('',#928);
#930=CARTESIAN_POINT('',(3519.578125,-1459.203857421875,30));
#931=VERTEX_POINT('',#930);
#932=CARTESIAN_POINT('',(3529.515380859375,-1004.6336669921875,30));
#933=VERTEX_POINT('',#932);
#934=CARTESIAN_POINT('',(3523.867431640625,-1016.361083984375,30));
#935=VERTEX_POINT('',#934);
#936=CARTESIAN_POINT('',(3524.24365234375,-1013.023193359375,30));
#937=VERTEX_POINT('',#936);
#938=CARTESIAN_POINT('',(3525.35302734375,-1009.8528442382812,30));
#939=VERTEX_POINT('',#938);
#940=CARTESIAN_POINT('',(3527.14013671875,-1007.0087280273438,30));
#941=VERTEX_POINT('',#940);
#942=CARTESIAN_POINT('',(3908.0048828125,-1137.782470703125,0));
#943=VERTEX_POINT('',#942);
#944=CARTESIAN_POINT('',(3908.0048828125,-1137.782470703125,30));
#945=VERTEX_POINT('',#944);
#946=CARTESIAN_POINT('',(3907.655029296875,-1294.455810546875,0));
#947=VERTEX_POINT('',#946);
#948=CARTESIAN_POINT('',(3906.621337890625,-1291.274658203125,0));
#949=VERTEX_POINT('',#948);
#950=CARTESIAN_POINT('',(3904.948974609375,-1288.3778076171875,0));
#951=VERTEX_POINT('',#950);
#952=CARTESIAN_POINT('',(3906.621337890625,-1291.274658203125,30));
#953=VERTEX_POINT('',#952);
#954=CARTESIAN_POINT('',(3904.948974609375,-1288.3778076171875,30));
#955=VERTEX_POINT('',#954);
#956=CARTESIAN_POINT('',(3765.01123046875,-1418.9195556640625,0));
#957=VERTEX_POINT('',#956);
#958=CARTESIAN_POINT('',(3463.51220703125,-1423.848388671875,0));
#959=VERTEX_POINT('',#958);
#960=CARTESIAN_POINT('',(3524.24365234375,-1422.5416259765625,0));
#961=VERTEX_POINT('',#960);
#962=CARTESIAN_POINT('',(3908.0048828125,-1297.782470703125,0));
#963=VERTEX_POINT('',#962);
#964=CARTESIAN_POINT('',(3553.867431640625,-1419.203857421875,0));
#965=VERTEX_POINT('',#964);
#966=CARTESIAN_POINT('',(3529.515380859375,-1004.6336669921875,0));
#967=VERTEX_POINT('',#966);
#968=CARTESIAN_POINT('',(3523.867431640625,-1016.361083984375,0));
#969=VERTEX_POINT('',#968);
#970=CARTESIAN_POINT('',(3524.24365234375,-1013.023193359375,0));
#971=VERTEX_POINT('',#970);
#972=CARTESIAN_POINT('',(3525.35302734375,-1009.8528442382812,0));
#973=VERTEX_POINT('',#972);
#974=CARTESIAN_POINT('',(3527.14013671875,-1007.0087280273438,0));
#975=VERTEX_POINT('',#974);
#976=CARTESIAN_POINT('',(3484.22314453125,-1444.5592041015625,0));
#977=VERTEX_POINT('',#976);
#978=CARTESIAN_POINT('',(3484.22314453125,-1444.5592041015625,30));
#979=VERTEX_POINT('',#978);
#980=CARTESIAN_POINT('',(3525.35302734375,-1425.7119140625,30));
#981=VERTEX_POINT('',#980);
#982=CARTESIAN_POINT('',(3542.20556640625,-1433.82763671875,0));
#983=VERTEX_POINT('',#982);
#984=CARTESIAN_POINT('',(3513.97998046875,-1458.889404296875,0));
#985=VERTEX_POINT('',#984);
#986=CARTESIAN_POINT('',(3538.867431640625,-1434.203857421875,0));
#987=VERTEX_POINT('',#986);
#988=CARTESIAN_POINT('',(3542.20556640625,-1433.82763671875,30));
#989=VERTEX_POINT('',#988);
#990=CARTESIAN_POINT('',(3513.97998046875,-1458.889404296875,30));
#991=VERTEX_POINT('',#990);
#992=CARTESIAN_POINT('',(3538.867431640625,-1434.203857421875,30));
#993=VERTEX_POINT('',#992);
#994=CARTESIAN_POINT('',(3525.35302734375,-1425.7119140625,0));
#995=VERTEX_POINT('',#994);
#996=CARTESIAN_POINT('',(3488.40380859375,-1448.2952880859375,0));
#997=VERTEX_POINT('',#996);
#998=CARTESIAN_POINT('',(3488.40380859375,-1448.2952880859375,30));
#999=VERTEX_POINT('',#998);
#1000=CARTESIAN_POINT('',(3492.9765625,-1451.5400390625,0));
#1001=VERTEX_POINT('',#1000);
#1002=CARTESIAN_POINT('',(3497.88427734375,-1454.252197265625,0));
#1003=VERTEX_POINT('',#1002);
#1004=CARTESIAN_POINT('',(3503.064208984375,-1456.39794921875,0));
#1005=VERTEX_POINT('',#1004);
#1006=CARTESIAN_POINT('',(3508.4521484375,-1457.9503173828125,0));
#1007=VERTEX_POINT('',#1006);
#1008=CARTESIAN_POINT('',(3527.14013671875,-1428.5560302734375,0));
#1009=VERTEX_POINT('',#1008);
#1010=CARTESIAN_POINT('',(3529.515380859375,-1430.9312744140625,0));
#1011=VERTEX_POINT('',#1010);
#1012=CARTESIAN_POINT('',(3532.359375,-1432.7183837890625,0));
#1013=VERTEX_POINT('',#1012);
#1014=CARTESIAN_POINT('',(3535.52978515625,-1433.82763671875,0));
#1015=VERTEX_POINT('',#1014);
#1016=CARTESIAN_POINT('',(3492.9765625,-1451.5400390625,30));
#1017=VERTEX_POINT('',#1016);
#1018=CARTESIAN_POINT('',(3497.88427734375,-1454.252197265625,30));
#1019=VERTEX_POINT('',#1018);
#1020=CARTESIAN_POINT('',(3503.064208984375,-1456.39794921875,30));
#1021=VERTEX_POINT('',#1020);
#1022=CARTESIAN_POINT('',(3508.4521484375,-1457.9503173828125,30));
#1023=VERTEX_POINT('',#1022);
#1024=CARTESIAN_POINT('',(3527.14013671875,-1428.5560302734375,30));
#1025=VERTEX_POINT('',#1024);
#1026=CARTESIAN_POINT('',(3529.515380859375,-1430.9312744140625,30));
#1027=VERTEX_POINT('',#1026);
#1028=CARTESIAN_POINT('',(3532.359375,-1432.7183837890625,30));
#1029=VERTEX_POINT('',#1028);
#1030=CARTESIAN_POINT('',(3535.52978515625,-1433.82763671875,30));
#1031=VERTEX_POINT('',#1030);
#1032=STYLED_ITEM('',(#25),#1033);
#1033=FACE_SURFACE('',(#1038),#1034,.T.);
#1034=PLANE('',#1035);
#1035=AXIS2_PLACEMENT_3D('',#40,#1036,#1037);
#1036=DIRECTION('',(0.9945150473274492,0.10459359750616379,0));
#1037=DIRECTION('',(-0.01158996665033606,0.11020173802802091,-0.9938416622423552));
#1038=FACE_BOUND('',#1039,.T.);
#1039=EDGE_LOOP('',(#1040,#1041,#1042));
#1040=ORIENTED_EDGE('',*,*,#1043,.T.);
#1041=ORIENTED_EDGE('',*,*,#1044,.T.);
#1042=ORIENTED_EDGE('',*,*,#1045,.T.);
#1043=EDGE_CURVE('',#41,#43,#1046,.F.);
#1044=EDGE_CURVE('',#43,#45,#1047,.T.);
#1045=EDGE_CURVE('',#45,#41,#1048,.T.);
#1046=LINE('',#40,#1049);
#1047=LINE('',#42,#1050);
#1048=LINE('',#44,#1051);
#1049=VECTOR('',#1052,1.0);
#1050=VECTOR('',#1053,1.0);
#1051=VECTOR('',#1054,1.0);
#1052=DIRECTION('',(-0.01158996665033606,0.11020173802802091,-0.9938416622423552));
#1053=DIRECTION('',(0,0,1));
#1054=DIRECTION('',(0.1045935975061638,-0.9945150473274493,0));
#1055=FACE_SURFACE('',(#1060),#1056,.T.);
#1056=PLANE('',#1057);
#1057=AXIS2_PLACEMENT_3D('',#40,#1058,#1059);
#1058=DIRECTION('',(0.9945150473274492,0.10459359750616379,0));
#1059=DIRECTION('',(0,0,-1));
#1060=FACE_BOUND('',#1061,.T.);
#1061=EDGE_LOOP('',(#1062,#1063,#1064));
#1062=ORIENTED_EDGE('',*,*,#1065,.T.);
#1063=ORIENTED_EDGE('',*,*,#1066,.T.);
#1064=ORIENTED_EDGE('',*,*,#1067,.T.);
#1065=EDGE_CURVE('',#41,#47,#1068,.F.);
#1066=EDGE_CURVE('',#47,#43,#1069,.T.);
#1067=EDGE_CURVE('',#43,#41,#1070,.T.);
#1068=LINE('',#40,#1071);
#1069=LINE('',#46,#1072);
#1070=LINE('',#42,#1073);
#1071=VECTOR('',#1074,1.0);
#1072=VECTOR('',#1075,1.0);
#1073=VECTOR('',#1076,1.0);
#1074=DIRECTION('',(0,0,-1));
#1075=DIRECTION('',(-0.1045935975061638,0.9945150473274493,0));
#1076=DIRECTION('',(0.01158996665033606,-0.11020173802802091,0.9938416622423552));
#1077=FACE_SURFACE('',(#1082),#1078,.T.);
#1078=PLANE('',#1079);
#1079=AXIS2_PLACEMENT_3D('',#48,#1080,#1081);
#1080=DIRECTION('',(0.9945154465503752,-0.1045898014756119,0));
#1081=DIRECTION('',(-0.011589961485169763,-0.11020573286596175,0.9938412193284442));
#1082=FACE_BOUND('',#1083,.T.);
#1083=EDGE_LOOP('',(#1084,#1085,#1086));
#1084=ORIENTED_EDGE('',*,*,#1087,.T.);
#1085=ORIENTED_EDGE('',*,*,#1088,.T.);
#1086=ORIENTED_EDGE('',*,*,#1089,.T.);
#1087=EDGE_CURVE('',#49,#45,#1090,.F.);
#1088=EDGE_CURVE('',#45,#43,#1091,.T.);
#1089=EDGE_CURVE('',#43,#49,#1092,.T.);
#1090=LINE('',#48,#1093);
#1091=LINE('',#44,#1094);
#1092=LINE('',#42,#1095);
#1093=VECTOR('',#1096,1.0);
#1094=VECTOR('',#1097,1.0);
#1095=VECTOR('',#1098,1.0);
#1096=DIRECTION('',(-0.011589961485169763,-0.11020573286596175,0.9938412193284442));
#1097=DIRECTION('',(0,0,-1));
#1098=DIRECTION('',(0.10458980147561188,0.9945154465503752,0));
#1099=FACE_SURFACE('',(#1104),#1100,.T.);
#1100=PLANE('',#1101);
#1101=AXIS2_PLACEMENT_3D('',#50,#1102,#1103);
#1102=DIRECTION('',(0,0,1));
#1103=DIRECTION('',(0.35855489381166444,0.9335086438398447,0));
#1104=FACE_BOUND('',#1105,.T.);
#1105=EDGE_LOOP('',(#1106,#1107,#1108));
#1106=ORIENTED_EDGE('',*,*,#1109,.T.);
#1107=ORIENTED_EDGE('',*,*,#1110,.T.);
#1108=ORIENTED_EDGE('',*,*,#1111,.T.);
#1109=EDGE_CURVE('',#51,#41,#1112,.F.);
#1110=EDGE_CURVE('',#41,#45,#1113,.T.);
#1111=EDGE_CURVE('',#45,#51,#1114,.T.);
#1112=LINE('',#50,#1115);
#1113=LINE('',#40,#1116);
#1114=LINE('',#44,#1117);
#1115=VECTOR('',#1118,1.0);
#1116=VECTOR('',#1119,1.0);
#1117=VECTOR('',#1120,1.0);
#1118=DIRECTION('',(0.35855489381166444,0.9335086438398447,0));
#1119=DIRECTION('',(-0.1045935975061638,0.9945150473274493,0));
#1120=DIRECTION('',(-0.35338952287761105,-0.9354762664655553,0));
#1121=FACE_SURFACE('',(#1126),#1122,.T.);
#1122=PLANE('',#1123);
#1123=AXIS2_PLACEMENT_3D('',#52,#1124,#1125);
#1124=DIRECTION('',(0.9510750931059766,0.30895981498158925,0));
#1125=DIRECTION('',(-0.03423609326041339,0.10538941961488699,-0.9938415166169612));
#1126=FACE_BOUND('',#1127,.T.);
#1127=EDGE_LOOP('',(#1128,#1129,#1130));
#1128=ORIENTED_EDGE('',*,*,#1131,.T.);
#1129=ORIENTED_EDGE('',*,*,#1132,.T.);
#1130=ORIENTED_EDGE('',*,*,#1133,.T.);
#1131=EDGE_CURVE('',#53,#47,#1134,.F.);
#1132=EDGE_CURVE('',#47,#41,#1135,.T.);
#1133=EDGE_CURVE('',#41,#53,#1136,.T.);
#1134=LINE('',#52,#1137);
#1135=LINE('',#46,#1138);
#1136=LINE('',#40,#1139);
#1137=VECTOR('',#1140,1.0);
#1138=VECTOR('',#1141,1.0);
#1139=VECTOR('',#1142,1.0);
#1140=DIRECTION('',(-0.03423609326041339,0.10538941961488699,-0.9938415166169612));
#1141=DIRECTION('',(0,0,1));
#1142=DIRECTION('',(0.30895981498158925,-0.9510750931059766,0));
#1143=FACE_SURFACE('',(#1148),#1144,.T.);
#1144=PLANE('',#1145);
#1145=AXIS2_PLACEMENT_3D('',#50,#1146,#1147);
#1146=DIRECTION('',(0,0,1));
#1147=DIRECTION('',(0.365842186104281,0.9306769014359605,0));
#1148=FACE_BOUND('',#1149,.T.);
#1149=EDGE_LOOP('',(#1150,#1151,#1152));
#1150=ORIENTED_EDGE('',*,*,#1153,.T.);
#1151=ORIENTED_EDGE('',*,*,#1154,.T.);
#1152=ORIENTED_EDGE('',*,*,#1155,.T.);
#1153=EDGE_CURVE('',#51,#53,#1156,.F.);
#1154=EDGE_CURVE('',#53,#41,#1157,.T.);
#1155=EDGE_CURVE('',#41,#51,#1158,.T.);
#1156=LINE('',#50,#1159);
#1157=LINE('',#52,#1160);
#1158=LINE('',#40,#1161);
#1159=VECTOR('',#1162,1.0);
#1160=VECTOR('',#1163,1.0);
#1161=VECTOR('',#1164,1.0);
#1162=DIRECTION('',(0.365842186104281,0.9306769014359605,0));
#1163=DIRECTION('',(-0.30895981498158925,0.9510750931059766,0));
#1164=DIRECTION('',(-0.35855489381166444,-0.9335086438398447,0));
#1165=FACE_SURFACE('',(#1170),#1166,.T.);
#1166=PLANE('',#1167);
#1167=AXIS2_PLACEMENT_3D('',#54,#1168,#1169);
#1168=DIRECTION('',(0,0,-1));
#1169=DIRECTION('',(0.35338952287761105,0.9354762664655553,0));
#1170=FACE_BOUND('',#1171,.T.);
#1171=EDGE_LOOP('',(#1172,#1173,#1174));
#1172=ORIENTED_EDGE('',*,*,#1175,.T.);
#1173=ORIENTED_EDGE('',*,*,#1176,.T.);
#1174=ORIENTED_EDGE('',*,*,#1177,.T.);
#1175=EDGE_CURVE('',#55,#43,#1178,.F.);
#1176=EDGE_CURVE('',#43,#47,#1179,.T.);
#1177=EDGE_CURVE('',#47,#55,#1180,.T.);
#1178=LINE('',#54,#1181);
#1179=LINE('',#42,#1182);
#1180=LINE('',#46,#1183);
#1181=VECTOR('',#1184,1.0);
#1182=VECTOR('',#1185,1.0);
#1183=VECTOR('',#1186,1.0);
#1184=DIRECTION('',(0.35338952287761105,0.9354762664655553,0));
#1185=DIRECTION('',(0.1045935975061638,-0.9945150473274493,0));
#1186=DIRECTION('',(-0.35855489381166444,-0.9335086438398447,0));
#1187=FACE_SURFACE('',(#1192),#1188,.T.);
#1188=PLANE('',#1189);
#1189=AXIS2_PLACEMENT_3D('',#54,#1190,#1191);
#1190=DIRECTION('',(0,0,-1));
#1191=DIRECTION('',(0.35053436627780593,0.9365498694987988,0));
#1192=FACE_BOUND('',#1193,.T.);
#1193=EDGE_LOOP('',(#1194,#1195,#1196));
#1194=ORIENTED_EDGE('',*,*,#1197,.T.);
#1195=ORIENTED_EDGE('',*,*,#1198,.T.);
#1196=ORIENTED_EDGE('',*,*,#1199,.T.);
#1197=EDGE_CURVE('',#55,#49,#1200,.F.);
#1198=EDGE_CURVE('',#49,#43,#1201,.T.);
#1199=EDGE_CURVE('',#43,#55,#1202,.T.);
#1200=LINE('',#54,#1203);
#1201=LINE('',#48,#1204);
#1202=LINE('',#42,#1205);
#1203=VECTOR('',#1206,1.0);
#1204=VECTOR('',#1207,1.0);
#1205=VECTOR('',#1208,1.0);
#1206=DIRECTION('',(0.35053436627780593,0.9365498694987988,0));
#1207=DIRECTION('',(-0.10458980147561188,-0.9945154465503752,0));
#1208=DIRECTION('',(-0.35338952287761105,-0.9354762664655553,0));
#1209=FACE_SURFACE('',(#1214),#1210,.T.);
#1210=PLANE('',#1211);
#1211=AXIS2_PLACEMENT_3D('',#48,#1212,#1213);
#1212=DIRECTION('',(0.9945154465503752,-0.1045898014756119,0));
#1213=DIRECTION('',(0,0,1));
#1214=FACE_BOUND('',#1215,.T.);
#1215=EDGE_LOOP('',(#1216,#1217,#1218));
#1216=ORIENTED_EDGE('',*,*,#1219,.T.);
#1217=ORIENTED_EDGE('',*,*,#1220,.T.);
#1218=ORIENTED_EDGE('',*,*,#1221,.T.);
#1219=EDGE_CURVE('',#49,#57,#1222,.F.);
#1220=EDGE_CURVE('',#57,#45,#1223,.T.);
#1221=EDGE_CURVE('',#45,#49,#1224,.T.);
#1222=LINE('',#48,#1225);
#1223=LINE('',#56,#1226);
#1224=LINE('',#44,#1227);
#1225=VECTOR('',#1228,1.0);
#1226=VECTOR('',#1229,1.0);
#1227=VECTOR('',#1230,1.0);
#1228=DIRECTION('',(0,0,1));
#1229=DIRECTION('',(-0.10458980147561188,-0.9945154465503752,0));
#1230=DIRECTION('',(0.011589961485169763,0.11020573286596175,-0.9938412193284442));
#1231=FACE_SURFACE('',(#1236),#1232,.T.);
#1232=PLANE('',#1233);
#1233=AXIS2_PLACEMENT_3D('',#50,#1234,#1235);
#1234=DIRECTION('',(0,0,1));
#1235=DIRECTION('',(0.35338952287761105,0.9354762664655553,0));
#1236=FACE_BOUND('',#1237,.T.);
#1237=EDGE_LOOP('',(#1238,#1239,#1240));
#1238=ORIENTED_EDGE('',*,*,#1241,.T.);
#1239=ORIENTED_EDGE('',*,*,#1242,.T.);
#1240=ORIENTED_EDGE('',*,*,#1243,.T.);
#1241=EDGE_CURVE('',#51,#45,#1244,.F.);
#1242=EDGE_CURVE('',#45,#57,#1245,.T.);
#1243=EDGE_CURVE('',#57,#51,#1246,.T.);
#1244=LINE('',#50,#1247);
#1245=LINE('',#44,#1248);
#1246=LINE('',#56,#1249);
#1247=VECTOR('',#1250,1.0);
#1248=VECTOR('',#1251,1.0);
#1249=VECTOR('',#1252,1.0);
#1250=DIRECTION('',(0.35338952287761105,0.9354762664655553,0));
#1251=DIRECTION('',(0.10458980147561188,0.9945154465503752,0));
#1252=DIRECTION('',(-0.35053436627780593,-0.9365498694987988,0));
#1253=FACE_SURFACE('',(#1258),#1254,.T.);
#1254=PLANE('',#1255);
#1255=AXIS2_PLACEMENT_3D('',#52,#1256,#1257);
#1256=DIRECTION('',(0.9510750931059766,0.30895981498158925,0));
#1257=DIRECTION('',(0,0,-1));
#1258=FACE_BOUND('',#1259,.T.);
#1259=EDGE_LOOP('',(#1260,#1261,#1262));
#1260=ORIENTED_EDGE('',*,*,#1263,.T.);
#1261=ORIENTED_EDGE('',*,*,#1264,.T.);
#1262=ORIENTED_EDGE('',*,*,#1265,.T.);
#1263=EDGE_CURVE('',#53,#59,#1266,.F.);
#1264=EDGE_CURVE('',#59,#47,#1267,.T.);
#1265=EDGE_CURVE('',#47,#53,#1268,.T.);
#1266=LINE('',#52,#1269);
#1267=LINE('',#58,#1270);
#1268=LINE('',#46,#1271);
#1269=VECTOR('',#1272,1.0);
#1270=VECTOR('',#1273,1.0);
#1271=VECTOR('',#1274,1.0);
#1272=DIRECTION('',(0,0,-1));
#1273=DIRECTION('',(-0.30895981498158925,0.9510750931059766,0));
#1274=DIRECTION('',(0.03423609326041339,-0.10538941961488699,0.9938415166169612));
#1275=FACE_SURFACE('',(#1280),#1276,.T.);
#1276=PLANE('',#1277);
#1277=AXIS2_PLACEMENT_3D('',#54,#1278,#1279);
#1278=DIRECTION('',(0,0,-1));
#1279=DIRECTION('',(0.35855489381166444,0.9335086438398447,0));
#1280=FACE_BOUND('',#1281,.T.);
#1281=EDGE_LOOP('',(#1282,#1283,#1284));
#1282=ORIENTED_EDGE('',*,*,#1285,.T.);
#1283=ORIENTED_EDGE('',*,*,#1286,.T.);
#1284=ORIENTED_EDGE('',*,*,#1287,.T.);
#1285=EDGE_CURVE('',#55,#47,#1288,.F.);
#1286=EDGE_CURVE('',#47,#59,#1289,.T.);
#1287=EDGE_CURVE('',#59,#55,#1290,.T.);
#1288=LINE('',#54,#1291);
#1289=LINE('',#46,#1292);
#1290=LINE('',#58,#1293);
#1291=VECTOR('',#1294,1.0);
#1292=VECTOR('',#1295,1.0);
#1293=VECTOR('',#1296,1.0);
#1294=DIRECTION('',(0.35855489381166444,0.9335086438398447,0));
#1295=DIRECTION('',(0.30895981498158925,-0.9510750931059766,0));
#1296=DIRECTION('',(-0.365842186104281,-0.9306769014359605,0));
#1297=FACE_SURFACE('',(#1302),#1298,.T.);
#1298=PLANE('',#1299);
#1299=AXIS2_PLACEMENT_3D('',#60,#1300,#1301);
#1300=DIRECTION('',(0.9510716093290691,-0.3089705389324596,0));
#1301=DIRECTION('',(-0.03423610785121308,-0.10538542057673198,0.9938419401741232));
#1302=FACE_BOUND('',#1303,.T.);
#1303=EDGE_LOOP('',(#1304,#1305,#1306));
#1304=ORIENTED_EDGE('',*,*,#1307,.T.);
#1305=ORIENTED_EDGE('',*,*,#1308,.T.);
#1306=ORIENTED_EDGE('',*,*,#1309,.T.);
#1307=EDGE_CURVE('',#61,#57,#1310,.F.);
#1308=EDGE_CURVE('',#57,#49,#1311,.T.);
#1309=EDGE_CURVE('',#49,#61,#1312,.T.);
#1310=LINE('',#60,#1313);
#1311=LINE('',#56,#1314);
#1312=LINE('',#48,#1315);
#1313=VECTOR('',#1316,1.0);
#1314=VECTOR('',#1317,1.0);
#1315=VECTOR('',#1318,1.0);
#1316=DIRECTION('',(-0.03423610785121308,-0.10538542057673198,0.9938419401741232));
#1317=DIRECTION('',(0,0,-1));
#1318=DIRECTION('',(0.3089705389324597,0.9510716093290691,0));
#1319=FACE_SURFACE('',(#1324),#1320,.T.);
#1320=PLANE('',#1321);
#1321=AXIS2_PLACEMENT_3D('',#54,#1322,#1323);
#1322=DIRECTION('',(0,0,-1));
#1323=DIRECTION('',(0.35004440554699634,0.9367331072110401,0));
#1324=FACE_BOUND('',#1325,.T.);
#1325=EDGE_LOOP('',(#1326,#1327,#1328));
#1326=ORIENTED_EDGE('',*,*,#1329,.T.);
#1327=ORIENTED_EDGE('',*,*,#1330,.T.);
#1328=ORIENTED_EDGE('',*,*,#1331,.T.);
#1329=EDGE_CURVE('',#55,#61,#1332,.F.);
#1330=EDGE_CURVE('',#61,#49,#1333,.T.);
#1331=EDGE_CURVE('',#49,#55,#1334,.T.);
#1332=LINE('',#54,#1335);
#1333=LINE('',#60,#1336);
#1334=LINE('',#48,#1337);
#1335=VECTOR('',#1338,1.0);
#1336=VECTOR('',#1339,1.0);
#1337=VECTOR('',#1340,1.0);
#1338=DIRECTION('',(0.35004440554699634,0.9367331072110401,0));
#1339=DIRECTION('',(-0.3089705389324597,-0.9510716093290691,0));
#1340=DIRECTION('',(-0.35053436627780593,-0.9365498694987988,0));
#1341=FACE_SURFACE('',(#1346),#1342,.T.);
#1342=PLANE('',#1343);
#1343=AXIS2_PLACEMENT_3D('',#62,#1344,#1345);
#1344=DIRECTION('',(-0.10451002633369907,-0.9945238329953333,0));
#1345=DIRECTION('',(-0.11021373285346238,0.011581864346236011,0.9938404265820399));
#1346=FACE_BOUND('',#1347,.T.);
#1347=EDGE_LOOP('',(#1348,#1349,#1350));
#1348=ORIENTED_EDGE('',*,*,#1351,.T.);
#1349=ORIENTED_EDGE('',*,*,#1352,.T.);
#1350=ORIENTED_EDGE('',*,*,#1353,.T.);
#1351=EDGE_CURVE('',#63,#51,#1354,.F.);
#1352=EDGE_CURVE('',#51,#55,#1355,.T.);
#1353=EDGE_CURVE('',#55,#63,#1356,.T.);
#1354=LINE('',#62,#1357);
#1355=LINE('',#50,#1358);
#1356=LINE('',#54,#1359);
#1357=VECTOR('',#1360,1.0);
#1358=VECTOR('',#1361,1.0);
#1359=VECTOR('',#1362,1.0);
#1360=DIRECTION('',(-0.11021373285346238,0.011581864346236011,0.9938404265820399));
#1361=DIRECTION('',(0,0,-1));
#1362=DIRECTION('',(0.9945238329953333,-0.10451002633369907,0));
#1363=FACE_SURFACE('',(#1368),#1364,.T.);
#1364=PLANE('',#1365);
#1365=AXIS2_PLACEMENT_3D('',#64,#1366,#1367);
#1366=DIRECTION('',(0.10452519965965906,-0.9945222383818818,0));
#1367=DIRECTION('',(0.11019775351092108,0.011581884992854237,-0.9938421982695033));
#1368=FACE_BOUND('',#1369,.T.);
#1369=EDGE_LOOP('',(#1370,#1371,#1372));
#1370=ORIENTED_EDGE('',*,*,#1373,.T.);
#1371=ORIENTED_EDGE('',*,*,#1374,.T.);
#1372=ORIENTED_EDGE('',*,*,#1375,.T.);
#1373=EDGE_CURVE('',#65,#55,#1376,.F.);
#1374=EDGE_CURVE('',#55,#51,#1377,.T.);
#1375=EDGE_CURVE('',#51,#65,#1378,.T.);
#1376=LINE('',#64,#1379);
#1377=LINE('',#54,#1380);
#1378=LINE('',#50,#1381);
#1379=VECTOR('',#1382,1.0);
#1380=VECTOR('',#1383,1.0);
#1381=VECTOR('',#1384,1.0);
#1382=DIRECTION('',(0.11019775351092108,0.011581884992854237,-0.9938421982695033));
#1383=DIRECTION('',(0,0,1));
#1384=DIRECTION('',(-0.9945222383818817,-0.10452519965965905,0));
#1385=FACE_SURFACE('',(#1390),#1386,.T.);
#1386=PLANE('',#1387);
#1387=AXIS2_PLACEMENT_3D('',#62,#1388,#1389);
#1388=DIRECTION('',(-0.10451002633369907,-0.9945238329953333,0));
#1389=DIRECTION('',(0,0,1));
#1390=FACE_BOUND('',#1391,.T.);
#1391=EDGE_LOOP('',(#1392,#1393,#1394));
#1392=ORIENTED_EDGE('',*,*,#1395,.T.);
#1393=ORIENTED_EDGE('',*,*,#1396,.T.);
#1394=ORIENTED_EDGE('',*,*,#1397,.T.);
#1395=EDGE_CURVE('',#63,#67,#1398,.F.);
#1396=EDGE_CURVE('',#67,#51,#1399,.T.);
#1397=EDGE_CURVE('',#51,#63,#1400,.T.);
#1398=LINE('',#62,#1401);
#1399=LINE('',#66,#1402);
#1400=LINE('',#50,#1403);
#1401=VECTOR('',#1404,1.0);
#1402=VECTOR('',#1405,1.0);
#1403=VECTOR('',#1406,1.0);
#1404=DIRECTION('',(0,0,1));
#1405=DIRECTION('',(-0.9945238329953333,0.10451002633369907,0));
#1406=DIRECTION('',(0.11021373285346238,-0.011581864346236011,-0.9938404265820399));
#1407=FACE_SURFACE('',(#1412),#1408,.T.);
#1408=PLANE('',#1409);
#1409=AXIS2_PLACEMENT_3D('',#68,#1410,#1411);
#1410=DIRECTION('',(0,0,1));
#1411=DIRECTION('',(0.9992881872850276,0.03772424621650842,0));
#1412=FACE_BOUND('',#1413,.T.);
#1413=EDGE_LOOP('',(#1414,#1415,#1416));
#1414=ORIENTED_EDGE('',*,*,#1417,.T.);
#1415=ORIENTED_EDGE('',*,*,#1418,.T.);
#1416=ORIENTED_EDGE('',*,*,#1419,.T.);
#1417=EDGE_CURVE('',#69,#65,#1420,.F.);
#1418=EDGE_CURVE('',#65,#51,#1421,.T.);
#1419=EDGE_CURVE('',#51,#69,#1422,.T.);
#1420=LINE('',#68,#1423);
#1421=LINE('',#64,#1424);
#1422=LINE('',#50,#1425);
#1423=VECTOR('',#1426,1.0);
#1424=VECTOR('',#1427,1.0);
#1425=VECTOR('',#1428,1.0);
#1426=DIRECTION('',(0.9992881872850276,0.03772424621650842,0));
#1427=DIRECTION('',(0.9945222383818817,0.10452519965965905,0));
#1428=DIRECTION('',(-0.9992525899912303,-0.03865567740730947,0));
#1429=FACE_SURFACE('',(#1434),#1430,.T.);
#1430=PLANE('',#1431);
#1431=AXIS2_PLACEMENT_3D('',#70,#1432,#1433);
#1432=DIRECTION('',(0,0,1));
#1433=DIRECTION('',(-0.8081860042955772,-0.5889273150913866,0));
#1434=FACE_BOUND('',#1435,.T.);
#1435=EDGE_LOOP('',(#1436,#1437,#1438));
#1436=ORIENTED_EDGE('',*,*,#1439,.T.);
#1437=ORIENTED_EDGE('',*,*,#1440,.T.);
#1438=ORIENTED_EDGE('',*,*,#1441,.T.);
#1439=EDGE_CURVE('',#71,#51,#1442,.F.);
#1440=EDGE_CURVE('',#51,#67,#1443,.T.);
#1441=EDGE_CURVE('',#67,#71,#1444,.T.);
#1442=LINE('',#70,#1445);
#1443=LINE('',#50,#1446);
#1444=LINE('',#66,#1447);
#1445=VECTOR('',#1448,1.0);
#1446=VECTOR('',#1449,1.0);
#1447=VECTOR('',#1450,1.0);
#1448=DIRECTION('',(-0.8081860042955772,-0.5889273150913866,0));
#1449=DIRECTION('',(0.9945238329953333,-0.10451002633369907,0));
#1450=DIRECTION('',(0.7983282739773574,0.602222522800612,0));
#1451=FACE_SURFACE('',(#1456),#1452,.T.);
#1452=PLANE('',#1453);
#1453=AXIS2_PLACEMENT_3D('',#68,#1454,#1455);
#1454=DIRECTION('',(0,0,1));
#1455=DIRECTION('',(0.9992525899912303,0.03865567740730947,0));
#1456=FACE_BOUND('',#1457,.T.);
#1457=EDGE_LOOP('',(#1458,#1459,#1460));
#1458=ORIENTED_EDGE('',*,*,#1461,.T.);
#1459=ORIENTED_EDGE('',*,*,#1462,.T.);
#1460=ORIENTED_EDGE('',*,*,#1463,.T.);
#1461=EDGE_CURVE('',#69,#51,#1464,.F.);
#1462=EDGE_CURVE('',#51,#73,#1465,.T.);
#1463=EDGE_CURVE('',#73,#69,#1466,.T.);
#1464=LINE('',#68,#1467);
#1465=LINE('',#50,#1468);
#1466=LINE('',#72,#1469);
#1467=VECTOR('',#1470,1.0);
#1468=VECTOR('',#1471,1.0);
#1469=VECTOR('',#1472,1.0);
#1470=DIRECTION('',(0.9992525899912303,0.03865567740730947,0));
#1471=DIRECTION('',(0,1,0));
#1472=DIRECTION('',(-0.5509242791043001,-0.8345552340578827,0));
#1473=FACE_SURFACE('',(#1478),#1474,.T.);
#1474=PLANE('',#1475);
#1475=AXIS2_PLACEMENT_3D('',#50,#1476,#1477);
#1476=DIRECTION('',(0,0,1));
#1477=DIRECTION('',(0.8081860042955772,0.5889273150913866,0));
#1478=FACE_BOUND('',#1479,.T.);
#1479=EDGE_LOOP('',(#1480,#1481,#1482));
#1480=ORIENTED_EDGE('',*,*,#1483,.T.);
#1481=ORIENTED_EDGE('',*,*,#1484,.T.);
#1482=ORIENTED_EDGE('',*,*,#1485,.T.);
#1483=EDGE_CURVE('',#51,#71,#1486,.F.);
#1484=EDGE_CURVE('',#71,#75,#1487,.T.);
#1485=EDGE_CURVE('',#75,#51,#1488,.T.);
#1486=LINE('',#50,#1489);
#1487=LINE('',#70,#1490);
#1488=LINE('',#74,#1491);
#1489=VECTOR('',#1492,1.0);
#1490=VECTOR('',#1493,1.0);
#1491=VECTOR('',#1494,1.0);
#1492=DIRECTION('',(0.8081860042955772,0.5889273150913866,0));
#1493=DIRECTION('',(-0.978139739954972,0.2079486694374834,0));
#1494=DIRECTION('',(-0.7972488658314858,-0.6036507648718831,0));
#1495=FACE_SURFACE('',(#1500),#1496,.T.);
#1496=PLANE('',#1497);
#1497=AXIS2_PLACEMENT_3D('',#50,#1498,#1499);
#1498=DIRECTION('',(0,0,1));
#1499=DIRECTION('',(0.009381087651017172,0.9999559966290936,0));
#1500=FACE_BOUND('',#1501,.T.);
#1501=EDGE_LOOP('',(#1502,#1503,#1504));
#1502=ORIENTED_EDGE('',*,*,#1505,.T.);
#1503=ORIENTED_EDGE('',*,*,#1506,.T.);
#1504=ORIENTED_EDGE('',*,*,#1507,.T.);
#1505=EDGE_CURVE('',#51,#77,#1508,.F.);
#1506=EDGE_CURVE('',#77,#73,#1509,.T.);
#1507=EDGE_CURVE('',#73,#51,#1510,.T.);
#1508=LINE('',#50,#1511);
#1509=LINE('',#76,#1512);
#1510=LINE('',#72,#1513);
#1511=VECTOR('',#1514,1.0);
#1512=VECTOR('',#1515,1.0);
#1513=VECTOR('',#1516,1.0);
#1514=DIRECTION('',(0.009381087651017172,0.9999559966290936,0));
#1515=DIRECTION('',(-0.9945238329953333,-0.10451002633369907,0));
#1516=DIRECTION('',(0,-1,0));
#1517=FACE_SURFACE('',(#1522),#1518,.T.);
#1518=PLANE('',#1519);
#1519=AXIS2_PLACEMENT_3D('',#50,#1520,#1521);
#1520=DIRECTION('',(0,0,1));
#1521=DIRECTION('',(0.7972488658314858,0.6036507648718831,0));
#1522=FACE_BOUND('',#1523,.T.);
#1523=EDGE_LOOP('',(#1524,#1525,#1526));
#1524=ORIENTED_EDGE('',*,*,#1527,.T.);
#1525=ORIENTED_EDGE('',*,*,#1528,.T.);
#1526=ORIENTED_EDGE('',*,*,#1529,.T.);
#1527=EDGE_CURVE('',#51,#75,#1530,.F.);
#1528=EDGE_CURVE('',#75,#79,#1531,.T.);
#1529=EDGE_CURVE('',#79,#51,#1532,.T.);
#1530=LINE('',#50,#1533);
#1531=LINE('',#74,#1534);
#1532=LINE('',#78,#1535);
#1533=VECTOR('',#1536,1.0);
#1534=VECTOR('',#1537,1.0);
#1535=VECTOR('',#1538,1.0);
#1536=DIRECTION('',(0.7972488658314858,0.6036507648718831,0));
#1537=DIRECTION('',(-0.913544975572529,0.40673772582118234,0));
#1538=DIRECTION('',(-0.7838754554295014,-0.6209180866871182,0));
#1539=FACE_SURFACE('',(#1544),#1540,.T.);
#1540=PLANE('',#1541);
#1541=AXIS2_PLACEMENT_3D('',#50,#1542,#1543);
#1542=DIRECTION('',(0,0,1));
#1543=DIRECTION('',(0.01829560143597715,0.9998326214762628,0));
#1544=FACE_BOUND('',#1545,.T.);
#1545=EDGE_LOOP('',(#1546,#1547,#1548));
#1546=ORIENTED_EDGE('',*,*,#1549,.T.);
#1547=ORIENTED_EDGE('',*,*,#1550,.T.);
#1548=ORIENTED_EDGE('',*,*,#1551,.T.);
#1549=EDGE_CURVE('',#51,#81,#1552,.F.);
#1550=EDGE_CURVE('',#81,#77,#1553,.T.);
#1551=EDGE_CURVE('',#77,#51,#1554,.T.);
#1552=LINE('',#50,#1555);
#1553=LINE('',#80,#1556);
#1554=LINE('',#76,#1557);
#1555=VECTOR('',#1558,1.0);
#1556=VECTOR('',#1559,1.0);
#1557=VECTOR('',#1560,1.0);
#1558=DIRECTION('',(0.01829560143597715,0.9998326214762628,0));
#1559=DIRECTION('',(-0.9510608845736482,-0.3090035498727966,0));
#1560=DIRECTION('',(-0.009381087651017172,-0.9999559966290936,0));
#1561=FACE_SURFACE('',(#1566),#1562,.T.);
#1562=PLANE('',#1563);
#1563=AXIS2_PLACEMENT_3D('',#50,#1564,#1565);
#1564=DIRECTION('',(0,0,1));
#1565=DIRECTION('',(0.7838754554295014,0.6209180866871182,0));
#1566=FACE_BOUND('',#1567,.T.);
#1567=EDGE_LOOP('',(#1568,#1569,#1570));
#1568=ORIENTED_EDGE('',*,*,#1571,.T.);
#1569=ORIENTED_EDGE('',*,*,#1572,.T.);
#1570=ORIENTED_EDGE('',*,*,#1573,.T.);
#1571=EDGE_CURVE('',#51,#79,#1574,.F.);
#1572=EDGE_CURVE('',#79,#83,#1575,.T.);
#1573=EDGE_CURVE('',#83,#51,#1576,.T.);
#1574=LINE('',#50,#1577);
#1575=LINE('',#78,#1578);
#1576=LINE('',#82,#1579);
#1577=VECTOR('',#1580,1.0);
#1578=VECTOR('',#1581,1.0);
#1579=VECTOR('',#1582,1.0);
#1580=DIRECTION('',(0.7838754554295014,0.6209180866871182,0));
#1581=DIRECTION('',(-0.8090421185220069,0.5877506703164386,0));
#1582=DIRECTION('',(-0.7686361744497832,-0.6396861975431412,0));
#1583=FACE_SURFACE('',(#1588),#1584,.T.);
#1584=PLANE('',#1585);
#1585=AXIS2_PLACEMENT_3D('',#50,#1586,#1587);
#1586=DIRECTION('',(0,0,1));
#1587=DIRECTION('',(0.0263098163222957,0.9996538368680865,0));
#1588=FACE_BOUND('',#1589,.T.);
#1589=EDGE_LOOP('',(#1590,#1591,#1592));
#1590=ORIENTED_EDGE('',*,*,#1593,.T.);
#1591=ORIENTED_EDGE('',*,*,#1594,.T.);
#1592=ORIENTED_EDGE('',*,*,#1595,.T.);
#1593=EDGE_CURVE('',#51,#85,#1596,.F.);
#1594=EDGE_CURVE('',#85,#81,#1597,.T.);
#1595=EDGE_CURVE('',#81,#51,#1598,.T.);
#1596=LINE('',#50,#1599);
#1597=LINE('',#84,#1600);
#1598=LINE('',#80,#1601);
#1599=VECTOR('',#1602,1.0);
#1600=VECTOR('',#1603,1.0);
#1601=VECTOR('',#1604,1.0);
#1602=DIRECTION('',(0.0263098163222957,0.9996538368680865,0));
#1603=DIRECTION('',(-0.8659995982436726,-0.5000446938442581,0));
#1604=DIRECTION('',(-0.01829560143597715,-0.9998326214762628,0));
#1605=FACE_SURFACE('',(#1610),#1606,.T.);
#1606=PLANE('',#1607);
#1607=AXIS2_PLACEMENT_3D('',#50,#1608,#1609);
#1608=DIRECTION('',(0,0,1));
#1609=DIRECTION('',(0.7686361744497832,0.6396861975431412,0));
#1610=FACE_BOUND('',#1611,.T.);
#1611=EDGE_LOOP('',(#1612,#1613,#1614));
#1612=ORIENTED_EDGE('',*,*,#1615,.T.);
#1613=ORIENTED_EDGE('',*,*,#1616,.T.);
#1614=ORIENTED_EDGE('',*,*,#1617,.T.);
#1615=EDGE_CURVE('',#51,#83,#1618,.F.);
#1616=EDGE_CURVE('',#83,#87,#1619,.T.);
#1617=EDGE_CURVE('',#87,#51,#1620,.T.);
#1618=LINE('',#50,#1621);
#1619=LINE('',#82,#1622);
#1620=LINE('',#86,#1623);
#1621=VECTOR('',#1624,1.0);
#1622=VECTOR('',#1625,1.0);
#1623=VECTOR('',#1626,1.0);
#1624=DIRECTION('',(0.7686361744497832,0.6396861975431412,0));
#1625=DIRECTION('',(-0.6691522204496516,0.7431253634934694,0));
#1626=DIRECTION('',(-0.7523392993066027,-0.6587758182559905,0));
#1627=FACE_SURFACE('',(#1632),#1628,.T.);
#1628=PLANE('',#1629);
#1629=AXIS2_PLACEMENT_3D('',#50,#1630,#1631);
#1630=DIRECTION('',(0,0,1));
#1631=DIRECTION('',(0.033051119390968796,0.9994536625111762,0));
#1632=FACE_BOUND('',#1633,.T.);
#1633=EDGE_LOOP('',(#1634,#1635,#1636));
#1634=ORIENTED_EDGE('',*,*,#1637,.T.);
#1635=ORIENTED_EDGE('',*,*,#1638,.T.);
#1636=ORIENTED_EDGE('',*,*,#1639,.T.);
#1637=EDGE_CURVE('',#51,#89,#1640,.F.);
#1638=EDGE_CURVE('',#89,#85,#1641,.T.);
#1639=EDGE_CURVE('',#85,#51,#1642,.T.);
#1640=LINE('',#50,#1643);
#1641=LINE('',#88,#1644);
#1642=LINE('',#84,#1645);
#1643=VECTOR('',#1646,1.0);
#1644=VECTOR('',#1647,1.0);
#1645=VECTOR('',#1648,1.0);
#1646=DIRECTION('',(0.033051119390968796,0.9994536625111762,0));
#1647=DIRECTION('',(-0.743192525074536,-0.6690776267917911,0));
#1648=DIRECTION('',(-0.0263098163222957,-0.9996538368680865,0));
#1649=FACE_SURFACE('',(#1654),#1650,.T.);
#1650=PLANE('',#1651);
#1651=AXIS2_PLACEMENT_3D('',#50,#1652,#1653);
#1652=DIRECTION('',(0,0,1));
#1653=DIRECTION('',(0.7523392993066027,0.6587758182559905,0));
#1654=FACE_BOUND('',#1655,.T.);
#1655=EDGE_LOOP('',(#1656,#1657,#1658));
#1656=ORIENTED_EDGE('',*,*,#1659,.T.);
#1657=ORIENTED_EDGE('',*,*,#1660,.T.);
#1658=ORIENTED_EDGE('',*,*,#1661,.T.);
#1659=EDGE_CURVE('',#51,#87,#1662,.F.);
#1660=EDGE_CURVE('',#87,#91,#1663,.T.);
#1661=EDGE_CURVE('',#91,#51,#1664,.T.);
#1662=LINE('',#50,#1665);
#1663=LINE('',#86,#1666);
#1664=LINE('',#90,#1667);
#1665=VECTOR('',#1668,1.0);
#1666=VECTOR('',#1669,1.0);
#1667=VECTOR('',#1670,1.0);
#1668=DIRECTION('',(0.7523392993066027,0.6587758182559905,0));
#1669=DIRECTION('',(-0.4999699128736303,0.866042773898111,0));
#1670=DIRECTION('',(-0.7359662693654043,-0.6770182053359931,0));
#1671=FACE_SURFACE('',(#1676),#1672,.T.);
#1672=PLANE('',#1673);
#1673=AXIS2_PLACEMENT_3D('',#50,#1674,#1675);
#1674=DIRECTION('',(0,0,1));
#1675=DIRECTION('',(0.03822123006570692,0.9992693018262215,0));
#1676=FACE_BOUND('',#1677,.T.);
#1677=EDGE_LOOP('',(#1678,#1679,#1680));
#1678=ORIENTED_EDGE('',*,*,#1681,.T.);
#1679=ORIENTED_EDGE('',*,*,#1682,.T.);
#1680=ORIENTED_EDGE('',*,*,#1683,.T.);
#1681=EDGE_CURVE('',#51,#93,#1684,.F.);
#1682=EDGE_CURVE('',#93,#89,#1685,.T.);
#1683=EDGE_CURVE('',#89,#51,#1686,.T.);
#1684=LINE('',#50,#1687);
#1685=LINE('',#92,#1688);
#1686=LINE('',#88,#1689);
#1687=VECTOR('',#1690,1.0);
#1688=VECTOR('',#1691,1.0);
#1689=VECTOR('',#1692,1.0);
#1690=DIRECTION('',(0.03822123006570692,0.9992693018262215,0));
#1691=DIRECTION('',(-0.5877853774363001,-0.8090169034526202,0));
#1692=DIRECTION('',(-0.033051119390968796,-0.9994536625111762,0));
#1693=FACE_SURFACE('',(#1698),#1694,.T.);
#1694=PLANE('',#1695);
#1695=AXIS2_PLACEMENT_3D('',#50,#1696,#1697);
#1696=DIRECTION('',(0,0,1));
#1697=DIRECTION('',(0.7359662693654043,0.6770182053359931,0));
#1698=FACE_BOUND('',#1699,.T.);
#1699=EDGE_LOOP('',(#1700,#1701,#1702));
#1700=ORIENTED_EDGE('',*,*,#1703,.T.);
#1701=ORIENTED_EDGE('',*,*,#1704,.T.);
#1702=ORIENTED_EDGE('',*,*,#1705,.T.);
#1703=EDGE_CURVE('',#51,#91,#1706,.F.);
#1704=EDGE_CURVE('',#91,#95,#1707,.T.);
#1705=EDGE_CURVE('',#95,#51,#1708,.T.);
#1706=LINE('',#50,#1709);
#1707=LINE('',#90,#1710);
#1708=LINE('',#94,#1711);
#1709=VECTOR('',#1712,1.0);
#1710=VECTOR('',#1713,1.0);
#1711=VECTOR('',#1714,1.0);
#1712=DIRECTION('',(0.7359662693654043,0.6770182053359931,0));
#1713=DIRECTION('',(-0.3089705389324597,0.9510716093290691,0));
#1714=DIRECTION('',(-0.7205634744459783,-0.6933889812322807,0));
#1715=FACE_SURFACE('',(#1720),#1716,.T.);
#1716=PLANE('',#1717);
#1717=AXIS2_PLACEMENT_3D('',#50,#1718,#1719);
#1718=DIRECTION('',(0,0,1));
#1719=DIRECTION('',(0.041616783472352904,0.9991336463824122,0));
#1720=FACE_BOUND('',#1721,.T.);
#1721=EDGE_LOOP('',(#1722,#1723,#1724));
#1722=ORIENTED_EDGE('',*,*,#1725,.T.);
#1723=ORIENTED_EDGE('',*,*,#1726,.T.);
#1724=ORIENTED_EDGE('',*,*,#1727,.T.);
#1725=EDGE_CURVE('',#51,#97,#1728,.F.);
#1726=EDGE_CURVE('',#97,#93,#1729,.T.);
#1727=EDGE_CURVE('',#93,#51,#1730,.T.);
#1728=LINE('',#50,#1731);
#1729=LINE('',#96,#1732);
#1730=LINE('',#92,#1733);
#1731=VECTOR('',#1734,1.0);
#1732=VECTOR('',#1735,1.0);
#1733=VECTOR('',#1736,1.0);
#1734=DIRECTION('',(0.041616783472352904,0.9991336463824122,0));
#1735=DIRECTION('',(-0.40669370806759464,-0.9135645723309491,0));
#1736=DIRECTION('',(-0.03822123006570692,-0.9992693018262215,0));
#1737=FACE_SURFACE('',(#1742),#1738,.T.);
#1738=PLANE('',#1739);
#1739=AXIS2_PLACEMENT_3D('',#50,#1740,#1741);
#1740=DIRECTION('',(0,0,1));
#1741=DIRECTION('',(0.7205634744459783,0.6933889812322807,0));
#1742=FACE_BOUND('',#1743,.T.);
#1743=EDGE_LOOP('',(#1744,#1745,#1746));
#1744=ORIENTED_EDGE('',*,*,#1747,.T.);
#1745=ORIENTED_EDGE('',*,*,#1748,.T.);
#1746=ORIENTED_EDGE('',*,*,#1749,.T.);
#1747=EDGE_CURVE('',#51,#95,#1750,.F.);
#1748=EDGE_CURVE('',#95,#99,#1751,.T.);
#1749=EDGE_CURVE('',#99,#51,#1752,.T.);
#1750=LINE('',#50,#1753);
#1751=LINE('',#94,#1754);
#1752=LINE('',#98,#1755);
#1753=VECTOR('',#1756,1.0);
#1754=VECTOR('',#1757,1.0);
#1755=VECTOR('',#1758,1.0);
#1756=DIRECTION('',(0.7205634744459783,0.6933889812322807,0));
#1757=DIRECTION('',(-0.1045935975061638,0.9945150473274493,0));
#1758=DIRECTION('',(-0.707107225489897,-0.707106336882919,0));
#1759=FACE_SURFACE('',(#1764),#1760,.T.);
#1760=PLANE('',#1761);
#1761=AXIS2_PLACEMENT_3D('',#50,#1762,#1763);
#1762=DIRECTION('',(0,0,1));
#1763=DIRECTION('',(0.04312999953707704,0.9990694686256465,0));
#1764=FACE_BOUND('',#1765,.T.);
#1765=EDGE_LOOP('',(#1766,#1767,#1768));
#1766=ORIENTED_EDGE('',*,*,#1769,.T.);
#1767=ORIENTED_EDGE('',*,*,#1770,.T.);
#1768=ORIENTED_EDGE('',*,*,#1771,.T.);
#1769=EDGE_CURVE('',#51,#101,#1772,.F.);
#1770=EDGE_CURVE('',#101,#97,#1773,.T.);
#1771=EDGE_CURVE('',#97,#51,#1774,.T.);
#1772=LINE('',#50,#1775);
#1773=LINE('',#100,#1776);
#1774=LINE('',#96,#1777);
#1775=VECTOR('',#1778,1.0);
#1776=VECTOR('',#1779,1.0);
#1777=VECTOR('',#1780,1.0);
#1778=DIRECTION('',(0.04312999953707704,0.9990694686256465,0));
#1779=DIRECTION('',(-0.2079486694374834,-0.978139739954972,0));
#1780=DIRECTION('',(-0.041616783472352904,-0.9991336463824122,0));
#1781=FACE_SURFACE('',(#1786),#1782,.T.);
#1782=PLANE('',#1783);
#1783=AXIS2_PLACEMENT_3D('',#50,#1784,#1785);
#1784=DIRECTION('',(0,0,1));
#1785=DIRECTION('',(0.707107225489897,0.707106336882919,0));
#1786=FACE_BOUND('',#1787,.T.);
#1787=EDGE_LOOP('',(#1788,#1789,#1790));
#1788=ORIENTED_EDGE('',*,*,#1791,.T.);
#1789=ORIENTED_EDGE('',*,*,#1792,.T.);
#1790=ORIENTED_EDGE('',*,*,#1793,.T.);
#1791=EDGE_CURVE('',#51,#99,#1794,.F.);
#1792=EDGE_CURVE('',#99,#103,#1795,.T.);
#1793=EDGE_CURVE('',#103,#51,#1796,.T.);
#1794=LINE('',#50,#1797);
#1795=LINE('',#98,#1798);
#1796=LINE('',#102,#1799);
#1797=VECTOR('',#1800,1.0);
#1798=VECTOR('',#1801,1.0);
#1799=VECTOR('',#1802,1.0);
#1800=DIRECTION('',(0.707107225489897,0.707106336882919,0));
#1801=DIRECTION('',(0.10458980147561188,0.9945154465503752,0));
#1802=DIRECTION('',(-0.696394933201538,-0.717658760840572,0));
#1803=FACE_SURFACE('',(#1808),#1804,.T.);
#1804=PLANE('',#1805);
#1805=AXIS2_PLACEMENT_3D('',#104,#1806,#1807);
#1806=DIRECTION('',(0,0,1));
#1807=DIRECTION('',(-0.8970653147438634,-0.44189797587621193,0));
#1808=FACE_BOUND('',#1809,.T.);
#1809=EDGE_LOOP('',(#1810,#1811,#1812));
#1810=ORIENTED_EDGE('',*,*,#1813,.T.);
#1811=ORIENTED_EDGE('',*,*,#1814,.T.);
#1812=ORIENTED_EDGE('',*,*,#1815,.T.);
#1813=EDGE_CURVE('',#105,#101,#1816,.F.);
#1814=EDGE_CURVE('',#101,#51,#1817,.T.);
#1815=EDGE_CURVE('',#51,#105,#1818,.T.);
#1816=LINE('',#104,#1819);
#1817=LINE('',#100,#1820);
#1818=LINE('',#50,#1821);
#1819=VECTOR('',#1822,1.0);
#1820=VECTOR('',#1823,1.0);
#1821=VECTOR('',#1824,1.0);
#1822=DIRECTION('',(-0.8970653147438634,-0.44189797587621193,0));
#1823=DIRECTION('',(-0.04312999953707704,-0.9990694686256465,0));
#1824=DIRECTION('',(0.1470425906037827,0.9891301615806326,0));
#1825=FACE_SURFACE('',(#1830),#1826,.T.);
#1826=PLANE('',#1827);
#1827=AXIS2_PLACEMENT_3D('',#50,#1828,#1829);
#1828=DIRECTION('',(0,0,1));
#1829=DIRECTION('',(0.696394933201538,0.717658760840572,0));
#1830=FACE_BOUND('',#1831,.T.);
#1831=EDGE_LOOP('',(#1832,#1833,#1834));
#1832=ORIENTED_EDGE('',*,*,#1835,.T.);
#1833=ORIENTED_EDGE('',*,*,#1836,.T.);
#1834=ORIENTED_EDGE('',*,*,#1837,.T.);
#1835=EDGE_CURVE('',#51,#103,#1838,.F.);
#1836=EDGE_CURVE('',#103,#107,#1839,.T.);
#1837=EDGE_CURVE('',#107,#51,#1840,.T.);
#1838=LINE('',#50,#1841);
#1839=LINE('',#102,#1842);
#1840=LINE('',#106,#1843);
#1841=VECTOR('',#1844,1.0);
#1842=VECTOR('',#1845,1.0);
#1843=VECTOR('',#1846,1.0);
#1844=DIRECTION('',(0.696394933201538,0.717658760840572,0));
#1845=DIRECTION('',(0.3089705389324597,0.9510716093290691,0));
#1846=DIRECTION('',(-0.6889620926739433,-0.7247973750354928,0));
#1847=FACE_SURFACE('',(#1852),#1848,.T.);
#1848=PLANE('',#1849);
#1849=AXIS2_PLACEMENT_3D('',#104,#1850,#1851);
#1850=DIRECTION('',(0,0,1));
#1851=DIRECTION('',(-0.1470425906037827,-0.9891301615806326,0));
#1852=FACE_BOUND('',#1853,.T.);
#1853=EDGE_LOOP('',(#1854,#1855,#1856));
#1854=ORIENTED_EDGE('',*,*,#1857,.T.);
#1855=ORIENTED_EDGE('',*,*,#1858,.T.);
#1856=ORIENTED_EDGE('',*,*,#1859,.T.);
#1857=EDGE_CURVE('',#105,#51,#1860,.F.);
#1858=EDGE_CURVE('',#51,#109,#1861,.T.);
#1859=EDGE_CURVE('',#109,#105,#1862,.T.);
#1860=LINE('',#104,#1863);
#1861=LINE('',#50,#1864);
#1862=LINE('',#108,#1865);
#1863=VECTOR('',#1866,1.0);
#1864=VECTOR('',#1867,1.0);
#1865=VECTOR('',#1868,1.0);
#1866=DIRECTION('',(-0.1470425906037827,-0.9891301615806326,0));
#1867=DIRECTION('',(0.35004440554699634,0.9367331072110401,0));
#1868=DIRECTION('',(-0.30788334820115504,0.9514241135794522,0));
#1869=FACE_SURFACE('',(#1874),#1870,.T.);
#1870=PLANE('',#1871);
#1871=AXIS2_PLACEMENT_3D('',#50,#1872,#1873);
#1872=DIRECTION('',(0,0,1));
#1873=DIRECTION('',(0.6889620926739433,0.7247973750354928,0));
#1874=FACE_BOUND('',#1875,.T.);
#1875=EDGE_LOOP('',(#1876,#1877,#1878));
#1876=ORIENTED_EDGE('',*,*,#1879,.T.);
#1877=ORIENTED_EDGE('',*,*,#1880,.T.);
#1878=ORIENTED_EDGE('',*,*,#1881,.T.);
#1879=EDGE_CURVE('',#51,#107,#1882,.F.);
#1880=EDGE_CURVE('',#107,#111,#1883,.T.);
#1881=EDGE_CURVE('',#111,#51,#1884,.T.);
#1882=LINE('',#50,#1885);
#1883=LINE('',#106,#1886);
#1884=LINE('',#110,#1887);
#1885=VECTOR('',#1888,1.0);
#1886=VECTOR('',#1889,1.0);
#1887=VECTOR('',#1890,1.0);
#1888=DIRECTION('',(0.6889620926739433,0.7247973750354928,0));
#1889=DIRECTION('',(0.4999699128736303,0.866042773898111,0));
#1890=DIRECTION('',(-0.6850683626243749,-0.72847878385795,0));
#1891=FACE_SURFACE('',(#1896),#1892,.T.);
#1892=PLANE('',#1893);
#1893=AXIS2_PLACEMENT_3D('',#50,#1894,#1895);
#1894=DIRECTION('',(0,0,1));
#1895=DIRECTION('',(0.35053436627780593,0.9365498694987988,0));
#1896=FACE_BOUND('',#1897,.T.);
#1897=EDGE_LOOP('',(#1898,#1899,#1900));
#1898=ORIENTED_EDGE('',*,*,#1901,.T.);
#1899=ORIENTED_EDGE('',*,*,#1902,.T.);
#1900=ORIENTED_EDGE('',*,*,#1903,.T.);
#1901=EDGE_CURVE('',#51,#57,#1904,.F.);
#1902=EDGE_CURVE('',#57,#109,#1905,.T.);
#1903=EDGE_CURVE('',#109,#51,#1906,.T.);
#1904=LINE('',#50,#1907);
#1905=LINE('',#56,#1908);
#1906=LINE('',#108,#1909);
#1907=VECTOR('',#1910,1.0);
#1908=VECTOR('',#1911,1.0);
#1909=VECTOR('',#1912,1.0);
#1910=DIRECTION('',(0.35053436627780593,0.9365498694987988,0));
#1911=DIRECTION('',(0.3089705389324597,0.9510716093290691,0));
#1912=DIRECTION('',(-0.35004440554699634,-0.9367331072110401,0));
#1913=FACE_SURFACE('',(#1918),#1914,.T.);
#1914=PLANE('',#1915);
#1915=AXIS2_PLACEMENT_3D('',#112,#1916,#1917);
#1916=DIRECTION('',(0,0,1));
#1917=DIRECTION('',(-0.41946253189592314,-0.9077726501362892,0));
#1918=FACE_BOUND('',#1919,.T.);
#1919=EDGE_LOOP('',(#1920,#1921,#1922));
#1920=ORIENTED_EDGE('',*,*,#1923,.T.);
#1921=ORIENTED_EDGE('',*,*,#1924,.T.);
#1922=ORIENTED_EDGE('',*,*,#1925,.T.);
#1923=EDGE_CURVE('',#113,#51,#1926,.F.);
#1924=EDGE_CURVE('',#51,#111,#1927,.T.);
#1925=EDGE_CURVE('',#111,#113,#1928,.T.);
#1926=LINE('',#112,#1929);
#1927=LINE('',#50,#1930);
#1928=LINE('',#110,#1931);
#1929=VECTOR('',#1932,1.0);
#1930=VECTOR('',#1933,1.0);
#1931=VECTOR('',#1934,1.0);
#1932=DIRECTION('',(-0.41946253189592314,-0.9077726501362892,0));
#1933=DIRECTION('',(0.6850683626243749,0.72847878385795,0));
#1934=DIRECTION('',(0.08340104695472322,0.9965160637776271,0));
#1935=FACE_SURFACE('',(#1940),#1936,.T.);
#1936=PLANE('',#1937);
#1937=AXIS2_PLACEMENT_3D('',#50,#1938,#1939);
#1938=DIRECTION('',(0,0,1));
#1939=DIRECTION('',(0.41946253189592314,0.9077726501362892,0));
#1940=FACE_BOUND('',#1941,.T.);
#1941=EDGE_LOOP('',(#1942,#1943,#1944));
#1942=ORIENTED_EDGE('',*,*,#1945,.T.);
#1943=ORIENTED_EDGE('',*,*,#1946,.T.);
#1944=ORIENTED_EDGE('',*,*,#1947,.T.);
#1945=EDGE_CURVE('',#51,#113,#1948,.F.);
#1946=EDGE_CURVE('',#113,#115,#1949,.T.);
#1947=EDGE_CURVE('',#115,#51,#1950,.T.);
#1948=LINE('',#50,#1951);
#1949=LINE('',#112,#1952);
#1950=LINE('',#114,#1953);
#1951=VECTOR('',#1954,1.0);
#1952=VECTOR('',#1955,1.0);
#1953=VECTOR('',#1956,1.0);
#1954=DIRECTION('',(0.41946253189592314,0.9077726501362892,0));
#1955=DIRECTION('',(-0.9781471625810494,0.20791375215372876,0));
#1956=DIRECTION('',(-0.40825812638469233,-0.9128665303541698,0));
#1957=FACE_SURFACE('',(#1962),#1958,.T.);
#1958=PLANE('',#1959);
#1959=AXIS2_PLACEMENT_3D('',#50,#1960,#1961);
#1960=DIRECTION('',(0,0,1));
#1961=DIRECTION('',(0.40825812638469233,0.9128665303541698,0));
#1962=FACE_BOUND('',#1963,.T.);
#1963=EDGE_LOOP('',(#1964,#1965,#1966));
#1964=ORIENTED_EDGE('',*,*,#1967,.T.);
#1965=ORIENTED_EDGE('',*,*,#1968,.T.);
#1966=ORIENTED_EDGE('',*,*,#1969,.T.);
#1967=EDGE_CURVE('',#51,#115,#1970,.F.);
#1968=EDGE_CURVE('',#115,#117,#1971,.T.);
#1969=EDGE_CURVE('',#117,#51,#1972,.T.);
#1970=LINE('',#50,#1973);
#1971=LINE('',#114,#1974);
#1972=LINE('',#116,#1975);
#1973=VECTOR('',#1976,1.0);
#1974=VECTOR('',#1977,1.0);
#1975=VECTOR('',#1978,1.0);
#1976=DIRECTION('',(0.40825812638469233,0.9128665303541698,0));
#1977=DIRECTION('',(-0.913544975572529,0.40673772582118234,0));
#1978=DIRECTION('',(-0.3967045596701916,-0.9179463450207094,0));
#1979=FACE_SURFACE('',(#1984),#1980,.T.);
#1980=PLANE('',#1981);
#1981=AXIS2_PLACEMENT_3D('',#50,#1982,#1983);
#1982=DIRECTION('',(0,0,1));
#1983=DIRECTION('',(0.3967045596701916,0.9179463450207094,0));
#1984=FACE_BOUND('',#1985,.T.);
#1985=EDGE_LOOP('',(#1986,#1987,#1988));
#1986=ORIENTED_EDGE('',*,*,#1989,.T.);
#1987=ORIENTED_EDGE('',*,*,#1990,.T.);
#1988=ORIENTED_EDGE('',*,*,#1991,.T.);
#1989=EDGE_CURVE('',#51,#117,#1992,.F.);
#1990=EDGE_CURVE('',#117,#119,#1993,.T.);
#1991=EDGE_CURVE('',#119,#51,#1994,.T.);
#1992=LINE('',#50,#1995);
#1993=LINE('',#116,#1996);
#1994=LINE('',#118,#1997);
#1995=VECTOR('',#1998,1.0);
#1996=VECTOR('',#1999,1.0);
#1997=VECTOR('',#2000,1.0);
#1998=DIRECTION('',(0.3967045596701916,0.9179463450207094,0));
#1999=DIRECTION('',(-0.8090247657359487,0.5877745557829918,0));
#2000=DIRECTION('',(-0.38540062117925883,-0.9227493490621608,0));
#2001=FACE_SURFACE('',(#2006),#2002,.T.);
#2002=PLANE('',#2003);
#2003=AXIS2_PLACEMENT_3D('',#50,#2004,#2005);
#2004=DIRECTION('',(0,0,1));
#2005=DIRECTION('',(0.3749360761286559,0.927050666801576,0));
#2006=FACE_BOUND('',#2007,.T.);
#2007=EDGE_LOOP('',(#2008,#2009,#2010));
#2008=ORIENTED_EDGE('',*,*,#2011,.T.);
#2009=ORIENTED_EDGE('',*,*,#2012,.T.);
#2010=ORIENTED_EDGE('',*,*,#2013,.T.);
#2011=EDGE_CURVE('',#51,#121,#2014,.F.);
#2012=EDGE_CURVE('',#121,#53,#2015,.T.);
#2013=EDGE_CURVE('',#53,#51,#2016,.T.);
#2014=LINE('',#50,#2017);
#2015=LINE('',#120,#2018);
#2016=LINE('',#52,#2019);
#2017=VECTOR('',#2020,1.0);
#2018=VECTOR('',#2021,1.0);
#2019=VECTOR('',#2022,1.0);
#2020=DIRECTION('',(0.3749360761286559,0.927050666801576,0));
#2021=DIRECTION('',(-0.4999857150881971,0.8660336510250305,0));
#2022=DIRECTION('',(-0.365842186104281,-0.9306769014359605,0));
#2023=FACE_SURFACE('',(#2028),#2024,.T.);
#2024=PLANE('',#2025);
#2025=AXIS2_PLACEMENT_3D('',#50,#2026,#2027);
#2026=DIRECTION('',(0,0,1));
#2027=DIRECTION('',(0.38540062117925883,0.9227493490621608,0));
#2028=FACE_BOUND('',#2029,.T.);
#2029=EDGE_LOOP('',(#2030,#2031,#2032));
#2030=ORIENTED_EDGE('',*,*,#2033,.T.);
#2031=ORIENTED_EDGE('',*,*,#2034,.T.);
#2032=ORIENTED_EDGE('',*,*,#2035,.T.);
#2033=EDGE_CURVE('',#51,#119,#2036,.F.);
#2034=EDGE_CURVE('',#119,#121,#2037,.T.);
#2035=EDGE_CURVE('',#121,#51,#2038,.T.);
#2036=LINE('',#50,#2039);
#2037=LINE('',#118,#2040);
#2038=LINE('',#120,#2041);
#2039=VECTOR('',#2042,1.0);
#2040=VECTOR('',#2043,1.0);
#2041=VECTOR('',#2044,1.0);
#2042=DIRECTION('',(0.38540062117925883,0.9227493490621608,0));
#2043=DIRECTION('',(-0.6691522204496516,0.7431253634934694,0));
#2044=DIRECTION('',(-0.3749360761286559,-0.927050666801576,0));
#2045=FACE_SURFACE('',(#2050),#2046,.T.);
#2046=PLANE('',#2047);
#2047=AXIS2_PLACEMENT_3D('',#120,#2048,#2049);
#2048=DIRECTION('',(0.8660336510250305,0.4999857150881971,0));
#2049=DIRECTION('',(-0.055402156153814844,0.09596300478321358,-0.9938418902453675));
#2050=FACE_BOUND('',#2051,.T.);
#2051=EDGE_LOOP('',(#2052,#2053,#2054));
#2052=ORIENTED_EDGE('',*,*,#2055,.T.);
#2053=ORIENTED_EDGE('',*,*,#2056,.T.);
#2054=ORIENTED_EDGE('',*,*,#2057,.T.);
#2055=EDGE_CURVE('',#121,#59,#2058,.F.);
#2056=EDGE_CURVE('',#59,#53,#2059,.T.);
#2057=EDGE_CURVE('',#53,#121,#2060,.T.);
#2058=LINE('',#120,#2061);
#2059=LINE('',#58,#2062);
#2060=LINE('',#52,#2063);
#2061=VECTOR('',#2064,1.0);
#2062=VECTOR('',#2065,1.0);
#2063=VECTOR('',#2066,1.0);
#2064=DIRECTION('',(-0.055402156153814844,0.09596300478321358,-0.9938418902453675));
#2065=DIRECTION('',(0,0,1));
#2066=DIRECTION('',(0.4999857150881971,-0.8660336510250305,0));
#2067=FACE_SURFACE('',(#2072),#2068,.T.);
#2068=PLANE('',#2069);
#2069=AXIS2_PLACEMENT_3D('',#64,#2070,#2071);
#2070=DIRECTION('',(0.10452519965965906,-0.9945222383818818,0));
#2071=DIRECTION('',(0,0,-1));
#2072=FACE_BOUND('',#2073,.T.);
#2073=EDGE_LOOP('',(#2074,#2075,#2076));
#2074=ORIENTED_EDGE('',*,*,#2077,.T.);
#2075=ORIENTED_EDGE('',*,*,#2078,.T.);
#2076=ORIENTED_EDGE('',*,*,#2079,.T.);
#2077=EDGE_CURVE('',#65,#123,#2080,.F.);
#2078=EDGE_CURVE('',#123,#55,#2081,.T.);
#2079=EDGE_CURVE('',#55,#65,#2082,.T.);
#2080=LINE('',#64,#2083);
#2081=LINE('',#122,#2084);
#2082=LINE('',#54,#2085);
#2083=VECTOR('',#2086,1.0);
#2084=VECTOR('',#2087,1.0);
#2085=VECTOR('',#2088,1.0);
#2086=DIRECTION('',(0,0,-1));
#2087=DIRECTION('',(0.9945222383818817,0.10452519965965905,0));
#2088=DIRECTION('',(-0.11019775351092108,-0.011581884992854237,0.9938421982695033));
#2089=FACE_SURFACE('',(#2094),#2090,.T.);
#2090=PLANE('',#2091);
#2091=AXIS2_PLACEMENT_3D('',#124,#2092,#2093);
#2092=DIRECTION('',(0,0,-1));
#2093=DIRECTION('',(0.9992525899912303,0.03865567740730947,0));
#2094=FACE_BOUND('',#2095,.T.);
#2095=EDGE_LOOP('',(#2096,#2097,#2098));
#2096=ORIENTED_EDGE('',*,*,#2099,.T.);
#2097=ORIENTED_EDGE('',*,*,#2100,.T.);
#2098=ORIENTED_EDGE('',*,*,#2101,.T.);
#2099=EDGE_CURVE('',#125,#55,#2102,.F.);
#2100=EDGE_CURVE('',#55,#123,#2103,.T.);
#2101=EDGE_CURVE('',#123,#125,#2104,.T.);
#2102=LINE('',#124,#2105);
#2103=LINE('',#54,#2106);
#2104=LINE('',#122,#2107);
#2105=VECTOR('',#2108,1.0);
#2106=VECTOR('',#2109,1.0);
#2107=VECTOR('',#2110,1.0);
#2108=DIRECTION('',(0.9992525899912303,0.03865567740730947,0));
#2109=DIRECTION('',(-0.9945222383818817,-0.10452519965965905,0));
#2110=DIRECTION('',(-0.9992881872850276,-0.03772424621650842,0));
#2111=FACE_SURFACE('',(#2116),#2112,.T.);
#2112=PLANE('',#2113);
#2113=AXIS2_PLACEMENT_3D('',#124,#2114,#2115);
#2114=DIRECTION('',(0,0,-1));
#2115=DIRECTION('',(0.5509242791043001,0.8345552340578827,0));
#2116=FACE_BOUND('',#2117,.T.);
#2117=EDGE_LOOP('',(#2118,#2119,#2120));
#2118=ORIENTED_EDGE('',*,*,#2121,.T.);
#2119=ORIENTED_EDGE('',*,*,#2122,.T.);
#2120=ORIENTED_EDGE('',*,*,#2123,.T.);
#2121=EDGE_CURVE('',#125,#127,#2124,.F.);
#2122=EDGE_CURVE('',#127,#55,#2125,.T.);
#2123=EDGE_CURVE('',#55,#125,#2126,.T.);
#2124=LINE('',#124,#2127);
#2125=LINE('',#126,#2128);
#2126=LINE('',#54,#2129);
#2127=VECTOR('',#2130,1.0);
#2128=VECTOR('',#2131,1.0);
#2129=VECTOR('',#2132,1.0);
#2130=DIRECTION('',(0.5509242791043001,0.8345552340578827,0));
#2131=DIRECTION('',(0,-1,0));
#2132=DIRECTION('',(-0.9992525899912303,-0.03865567740730947,0));
#2133=FACE_SURFACE('',(#2138),#2134,.T.);
#2134=PLANE('',#2135);
#2135=AXIS2_PLACEMENT_3D('',#128,#2136,#2137);
#2136=DIRECTION('',(0,0,-1));
#2137=DIRECTION('',(-0.7983282739773574,-0.602222522800612,0));
#2138=FACE_BOUND('',#2139,.T.);
#2139=EDGE_LOOP('',(#2140,#2141,#2142));
#2140=ORIENTED_EDGE('',*,*,#2143,.T.);
#2141=ORIENTED_EDGE('',*,*,#2144,.T.);
#2142=ORIENTED_EDGE('',*,*,#2145,.T.);
#2143=EDGE_CURVE('',#129,#63,#2146,.F.);
#2144=EDGE_CURVE('',#63,#55,#2147,.T.);
#2145=EDGE_CURVE('',#55,#129,#2148,.T.);
#2146=LINE('',#128,#2149);
#2147=LINE('',#62,#2150);
#2148=LINE('',#54,#2151);
#2149=VECTOR('',#2152,1.0);
#2150=VECTOR('',#2153,1.0);
#2151=VECTOR('',#2154,1.0);
#2152=DIRECTION('',(-0.7983282739773574,-0.602222522800612,0));
#2153=DIRECTION('',(-0.9945238329953333,0.10451002633369907,0));
#2154=DIRECTION('',(0.8081860042955772,0.5889273150913866,0));
#2155=FACE_SURFACE('',(#2160),#2156,.T.);
#2156=PLANE('',#2157);
#2157=AXIS2_PLACEMENT_3D('',#54,#2158,#2159);
#2158=DIRECTION('',(0,0,-1));
#2159=DIRECTION('',(0,1,0));
#2160=FACE_BOUND('',#2161,.T.);
#2161=EDGE_LOOP('',(#2162,#2163,#2164));
#2162=ORIENTED_EDGE('',*,*,#2165,.T.);
#2163=ORIENTED_EDGE('',*,*,#2166,.T.);
#2164=ORIENTED_EDGE('',*,*,#2167,.T.);
#2165=EDGE_CURVE('',#55,#127,#2168,.F.);
#2166=EDGE_CURVE('',#127,#131,#2169,.T.);
#2167=EDGE_CURVE('',#131,#55,#2170,.T.);
#2168=LINE('',#54,#2171);
#2169=LINE('',#126,#2172);
#2170=LINE('',#130,#2173);
#2171=VECTOR('',#2174,1.0);
#2172=VECTOR('',#2175,1.0);
#2173=VECTOR('',#2176,1.0);
#2174=DIRECTION('',(0,1,0));
#2175=DIRECTION('',(0.9945238329953333,0.10451002633369907,0));
#2176=DIRECTION('',(-0.009381087651017172,-0.9999559966290936,0));
#2177=FACE_SURFACE('',(#2182),#2178,.T.);
#2178=PLANE('',#2179);
#2179=AXIS2_PLACEMENT_3D('',#54,#2180,#2181);
#2180=DIRECTION('',(0,0,-1));
#2181=DIRECTION('',(0.7972488658314858,0.6036507648718831,0));
#2182=FACE_BOUND('',#2183,.T.);
#2183=EDGE_LOOP('',(#2184,#2185,#2186));
#2184=ORIENTED_EDGE('',*,*,#2187,.T.);
#2185=ORIENTED_EDGE('',*,*,#2188,.T.);
#2186=ORIENTED_EDGE('',*,*,#2189,.T.);
#2187=EDGE_CURVE('',#55,#133,#2190,.F.);
#2188=EDGE_CURVE('',#133,#129,#2191,.T.);
#2189=EDGE_CURVE('',#129,#55,#2192,.T.);
#2190=LINE('',#54,#2193);
#2191=LINE('',#132,#2194);
#2192=LINE('',#128,#2195);
#2193=VECTOR('',#2196,1.0);
#2194=VECTOR('',#2197,1.0);
#2195=VECTOR('',#2198,1.0);
#2196=DIRECTION('',(0.7972488658314858,0.6036507648718831,0));
#2197=DIRECTION('',(0.978139739954972,-0.2079486694374834,0));
#2198=DIRECTION('',(-0.8081860042955772,-0.5889273150913866,0));
#2199=FACE_SURFACE('',(#2204),#2200,.T.);
#2200=PLANE('',#2201);
#2201=AXIS2_PLACEMENT_3D('',#54,#2202,#2203);
#2202=DIRECTION('',(0,0,-1));
#2203=DIRECTION('',(0.009381087651017172,0.9999559966290936,0));
#2204=FACE_BOUND('',#2205,.T.);
#2205=EDGE_LOOP('',(#2206,#2207,#2208));
#2206=ORIENTED_EDGE('',*,*,#2209,.T.);
#2207=ORIENTED_EDGE('',*,*,#2210,.T.);
#2208=ORIENTED_EDGE('',*,*,#2211,.T.);
#2209=EDGE_CURVE('',#55,#131,#2212,.F.);
#2210=EDGE_CURVE('',#131,#135,#2213,.T.);
#2211=EDGE_CURVE('',#135,#55,#2214,.T.);
#2212=LINE('',#54,#2215);
#2213=LINE('',#130,#2216);
#2214=LINE('',#134,#2217);
#2215=VECTOR('',#2218,1.0);
#2216=VECTOR('',#2219,1.0);
#2217=VECTOR('',#2220,1.0);
#2218=DIRECTION('',(0.009381087651017172,0.9999559966290936,0));
#2219=DIRECTION('',(0.9510608845736482,0.3090035498727966,0));
#2220=DIRECTION('',(-0.01829560143597715,-0.9998326214762628,0));
#2221=FACE_SURFACE('',(#2226),#2222,.T.);
#2222=PLANE('',#2223);
#2223=AXIS2_PLACEMENT_3D('',#54,#2224,#2225);
#2224=DIRECTION('',(0,0,-1));
#2225=DIRECTION('',(0.7838754554295014,0.6209180866871182,0));
#2226=FACE_BOUND('',#2227,.T.);
#2227=EDGE_LOOP('',(#2228,#2229,#2230));
#2228=ORIENTED_EDGE('',*,*,#2231,.T.);
#2229=ORIENTED_EDGE('',*,*,#2232,.T.);
#2230=ORIENTED_EDGE('',*,*,#2233,.T.);
#2231=EDGE_CURVE('',#55,#137,#2234,.F.);
#2232=EDGE_CURVE('',#137,#133,#2235,.T.);
#2233=EDGE_CURVE('',#133,#55,#2236,.T.);
#2234=LINE('',#54,#2237);
#2235=LINE('',#136,#2238);
#2236=LINE('',#132,#2239);
#2237=VECTOR('',#2240,1.0);
#2238=VECTOR('',#2241,1.0);
#2239=VECTOR('',#2242,1.0);
#2240=DIRECTION('',(0.7838754554295014,0.6209180866871182,0));
#2241=DIRECTION('',(0.913544975572529,-0.40673772582118234,0));
#2242=DIRECTION('',(-0.7972488658314858,-0.6036507648718831,0));
#2243=FACE_SURFACE('',(#2248),#2244,.T.);
#2244=PLANE('',#2245);
#2245=AXIS2_PLACEMENT_3D('',#54,#2246,#2247);
#2246=DIRECTION('',(0,0,-1));
#2247=DIRECTION('',(0.01829560143597715,0.9998326214762628,0));
#2248=FACE_BOUND('',#2249,.T.);
#2249=EDGE_LOOP('',(#2250,#2251,#2252));
#2250=ORIENTED_EDGE('',*,*,#2253,.T.);
#2251=ORIENTED_EDGE('',*,*,#2254,.T.);
#2252=ORIENTED_EDGE('',*,*,#2255,.T.);
#2253=EDGE_CURVE('',#55,#135,#2256,.F.);
#2254=EDGE_CURVE('',#135,#139,#2257,.T.);
#2255=EDGE_CURVE('',#139,#55,#2258,.T.);
#2256=LINE('',#54,#2259);
#2257=LINE('',#134,#2260);
#2258=LINE('',#138,#2261);
#2259=VECTOR('',#2262,1.0);
#2260=VECTOR('',#2263,1.0);
#2261=VECTOR('',#2264,1.0);
#2262=DIRECTION('',(0.01829560143597715,0.9998326214762628,0));
#2263=DIRECTION('',(0.8659995982436726,0.5000446938442581,0));
#2264=DIRECTION('',(-0.0263098163222957,-0.9996538368680865,0));
#2265=FACE_SURFACE('',(#2270),#2266,.T.);
#2266=PLANE('',#2267);
#2267=AXIS2_PLACEMENT_3D('',#54,#2268,#2269);
#2268=DIRECTION('',(0,0,-1));
#2269=DIRECTION('',(0.7686361744497832,0.6396861975431412,0));
#2270=FACE_BOUND('',#2271,.T.);
#2271=EDGE_LOOP('',(#2272,#2273,#2274));
#2272=ORIENTED_EDGE('',*,*,#2275,.T.);
#2273=ORIENTED_EDGE('',*,*,#2276,.T.);
#2274=ORIENTED_EDGE('',*,*,#2277,.T.);
#2275=EDGE_CURVE('',#55,#141,#2278,.F.);
#2276=EDGE_CURVE('',#141,#137,#2279,.T.);
#2277=EDGE_CURVE('',#137,#55,#2280,.T.);
#2278=LINE('',#54,#2281);
#2279=LINE('',#140,#2282);
#2280=LINE('',#136,#2283);
#2281=VECTOR('',#2284,1.0);
#2282=VECTOR('',#2285,1.0);
#2283=VECTOR('',#2286,1.0);
#2284=DIRECTION('',(0.7686361744497832,0.6396861975431412,0));
#2285=DIRECTION('',(0.8090421185220069,-0.5877506703164386,0));
#2286=DIRECTION('',(-0.7838754554295014,-0.6209180866871182,0));
#2287=FACE_SURFACE('',(#2292),#2288,.T.);
#2288=PLANE('',#2289);
#2289=AXIS2_PLACEMENT_3D('',#54,#2290,#2291);
#2290=DIRECTION('',(0,0,-1));
#2291=DIRECTION('',(0.0263098163222957,0.9996538368680865,0));
#2292=FACE_BOUND('',#2293,.T.);
#2293=EDGE_LOOP('',(#2294,#2295,#2296));
#2294=ORIENTED_EDGE('',*,*,#2297,.T.);
#2295=ORIENTED_EDGE('',*,*,#2298,.T.);
#2296=ORIENTED_EDGE('',*,*,#2299,.T.);
#2297=EDGE_CURVE('',#55,#139,#2300,.F.);
#2298=EDGE_CURVE('',#139,#143,#2301,.T.);
#2299=EDGE_CURVE('',#143,#55,#2302,.T.);
#2300=LINE('',#54,#2303);
#2301=LINE('',#138,#2304);
#2302=LINE('',#142,#2305);
#2303=VECTOR('',#2306,1.0);
#2304=VECTOR('',#2307,1.0);
#2305=VECTOR('',#2308,1.0);
#2306=DIRECTION('',(0.0263098163222957,0.9996538368680865,0));
#2307=DIRECTION('',(0.743192525074536,0.6690776267917911,0));
#2308=DIRECTION('',(-0.033051119390968796,-0.9994536625111762,0));
#2309=FACE_SURFACE('',(#2314),#2310,.T.);
#2310=PLANE('',#2311);
#2311=AXIS2_PLACEMENT_3D('',#54,#2312,#2313);
#2312=DIRECTION('',(0,0,-1));
#2313=DIRECTION('',(0.7523392993066027,0.6587758182559905,0));
#2314=FACE_BOUND('',#2315,.T.);
#2315=EDGE_LOOP('',(#2316,#2317,#2318));
#2316=ORIENTED_EDGE('',*,*,#2319,.T.);
#2317=ORIENTED_EDGE('',*,*,#2320,.T.);
#2318=ORIENTED_EDGE('',*,*,#2321,.T.);
#2319=EDGE_CURVE('',#55,#145,#2322,.F.);
#2320=EDGE_CURVE('',#145,#141,#2323,.T.);
#2321=EDGE_CURVE('',#141,#55,#2324,.T.);
#2322=LINE('',#54,#2325);
#2323=LINE('',#144,#2326);
#2324=LINE('',#140,#2327);
#2325=VECTOR('',#2328,1.0);
#2326=VECTOR('',#2329,1.0);
#2327=VECTOR('',#2330,1.0);
#2328=DIRECTION('',(0.7523392993066027,0.6587758182559905,0));
#2329=DIRECTION('',(0.6691522204496516,-0.7431253634934694,0));
#2330=DIRECTION('',(-0.7686361744497832,-0.6396861975431412,0));
#2331=FACE_SURFACE('',(#2336),#2332,.T.);
#2332=PLANE('',#2333);
#2333=AXIS2_PLACEMENT_3D('',#54,#2334,#2335);
#2334=DIRECTION('',(0,0,-1));
#2335=DIRECTION('',(0.033051119390968796,0.9994536625111762,0));
#2336=FACE_BOUND('',#2337,.T.);
#2337=EDGE_LOOP('',(#2338,#2339,#2340));
#2338=ORIENTED_EDGE('',*,*,#2341,.T.);
#2339=ORIENTED_EDGE('',*,*,#2342,.T.);
#2340=ORIENTED_EDGE('',*,*,#2343,.T.);
#2341=EDGE_CURVE('',#55,#143,#2344,.F.);
#2342=EDGE_CURVE('',#143,#147,#2345,.T.);
#2343=EDGE_CURVE('',#147,#55,#2346,.T.);
#2344=LINE('',#54,#2347);
#2345=LINE('',#142,#2348);
#2346=LINE('',#146,#2349);
#2347=VECTOR('',#2350,1.0);
#2348=VECTOR('',#2351,1.0);
#2349=VECTOR('',#2352,1.0);
#2350=DIRECTION('',(0.033051119390968796,0.9994536625111762,0));
#2351=DIRECTION('',(0.5877853774363001,0.8090169034526202,0));
#2352=DIRECTION('',(-0.03822123006570692,-0.9992693018262215,0));
#2353=FACE_SURFACE('',(#2358),#2354,.T.);
#2354=PLANE('',#2355);
#2355=AXIS2_PLACEMENT_3D('',#54,#2356,#2357);
#2356=DIRECTION('',(0,0,-1));
#2357=DIRECTION('',(0.7359662693654043,0.6770182053359931,0));
#2358=FACE_BOUND('',#2359,.T.);
#2359=EDGE_LOOP('',(#2360,#2361,#2362));
#2360=ORIENTED_EDGE('',*,*,#2363,.T.);
#2361=ORIENTED_EDGE('',*,*,#2364,.T.);
#2362=ORIENTED_EDGE('',*,*,#2365,.T.);
#2363=EDGE_CURVE('',#55,#149,#2366,.F.);
#2364=EDGE_CURVE('',#149,#145,#2367,.T.);
#2365=EDGE_CURVE('',#145,#55,#2368,.T.);
#2366=LINE('',#54,#2369);
#2367=LINE('',#148,#2370);
#2368=LINE('',#144,#2371);
#2369=VECTOR('',#2372,1.0);
#2370=VECTOR('',#2373,1.0);
#2371=VECTOR('',#2374,1.0);
#2372=DIRECTION('',(0.7359662693654043,0.6770182053359931,0));
#2373=DIRECTION('',(0.4999699128736303,-0.866042773898111,0));
#2374=DIRECTION('',(-0.7523392993066027,-0.6587758182559905,0));
#2375=FACE_SURFACE('',(#2380),#2376,.T.);
#2376=PLANE('',#2377);
#2377=AXIS2_PLACEMENT_3D('',#54,#2378,#2379);
#2378=DIRECTION('',(0,0,-1));
#2379=DIRECTION('',(0.03822123006570692,0.9992693018262215,0));
#2380=FACE_BOUND('',#2381,.T.);
#2381=EDGE_LOOP('',(#2382,#2383,#2384));
#2382=ORIENTED_EDGE('',*,*,#2385,.T.);
#2383=ORIENTED_EDGE('',*,*,#2386,.T.);
#2384=ORIENTED_EDGE('',*,*,#2387,.T.);
#2385=EDGE_CURVE('',#55,#147,#2388,.F.);
#2386=EDGE_CURVE('',#147,#151,#2389,.T.);
#2387=EDGE_CURVE('',#151,#55,#2390,.T.);
#2388=LINE('',#54,#2391);
#2389=LINE('',#146,#2392);
#2390=LINE('',#150,#2393);
#2391=VECTOR('',#2394,1.0);
#2392=VECTOR('',#2395,1.0);
#2393=VECTOR('',#2396,1.0);
#2394=DIRECTION('',(0.03822123006570692,0.9992693018262215,0));
#2395=DIRECTION('',(0.40669370806759464,0.9135645723309491,0));
#2396=DIRECTION('',(-0.041616783472352904,-0.9991336463824122,0));
#2397=FACE_SURFACE('',(#2402),#2398,.T.);
#2398=PLANE('',#2399);
#2399=AXIS2_PLACEMENT_3D('',#54,#2400,#2401);
#2400=DIRECTION('',(0,0,-1));
#2401=DIRECTION('',(0.7205634744459783,0.6933889812322807,0));
#2402=FACE_BOUND('',#2403,.T.);
#2403=EDGE_LOOP('',(#2404,#2405,#2406));
#2404=ORIENTED_EDGE('',*,*,#2407,.T.);
#2405=ORIENTED_EDGE('',*,*,#2408,.T.);
#2406=ORIENTED_EDGE('',*,*,#2409,.T.);
#2407=EDGE_CURVE('',#55,#153,#2410,.F.);
#2408=EDGE_CURVE('',#153,#149,#2411,.T.);
#2409=EDGE_CURVE('',#149,#55,#2412,.T.);
#2410=LINE('',#54,#2413);
#2411=LINE('',#152,#2414);
#2412=LINE('',#148,#2415);
#2413=VECTOR('',#2416,1.0);
#2414=VECTOR('',#2417,1.0);
#2415=VECTOR('',#2418,1.0);
#2416=DIRECTION('',(0.7205634744459783,0.6933889812322807,0));
#2417=DIRECTION('',(0.3089705389324597,-0.9510716093290691,0));
#2418=DIRECTION('',(-0.7359662693654043,-0.6770182053359931,0));
#2419=FACE_SURFACE('',(#2424),#2420,.T.);
#2420=PLANE('',#2421);
#2421=AXIS2_PLACEMENT_3D('',#54,#2422,#2423);
#2422=DIRECTION('',(0,0,-1));
#2423=DIRECTION('',(0.041616783472352904,0.9991336463824122,0));
#2424=FACE_BOUND('',#2425,.T.);
#2425=EDGE_LOOP('',(#2426,#2427,#2428));
#2426=ORIENTED_EDGE('',*,*,#2429,.T.);
#2427=ORIENTED_EDGE('',*,*,#2430,.T.);
#2428=ORIENTED_EDGE('',*,*,#2431,.T.);
#2429=EDGE_CURVE('',#55,#151,#2432,.F.);
#2430=EDGE_CURVE('',#151,#155,#2433,.T.);
#2431=EDGE_CURVE('',#155,#55,#2434,.T.);
#2432=LINE('',#54,#2435);
#2433=LINE('',#150,#2436);
#2434=LINE('',#154,#2437);
#2435=VECTOR('',#2438,1.0);
#2436=VECTOR('',#2439,1.0);
#2437=VECTOR('',#2440,1.0);
#2438=DIRECTION('',(0.041616783472352904,0.9991336463824122,0));
#2439=DIRECTION('',(0.2079486694374834,0.978139739954972,0));
#2440=DIRECTION('',(-0.04312999953707704,-0.9990694686256465,0));
#2441=FACE_SURFACE('',(#2446),#2442,.T.);
#2442=PLANE('',#2443);
#2443=AXIS2_PLACEMENT_3D('',#54,#2444,#2445);
#2444=DIRECTION('',(0,0,-1));
#2445=DIRECTION('',(0.707107225489897,0.707106336882919,0));
#2446=FACE_BOUND('',#2447,.T.);
#2447=EDGE_LOOP('',(#2448,#2449,#2450));
#2448=ORIENTED_EDGE('',*,*,#2451,.T.);
#2449=ORIENTED_EDGE('',*,*,#2452,.T.);
#2450=ORIENTED_EDGE('',*,*,#2453,.T.);
#2451=EDGE_CURVE('',#55,#157,#2454,.F.);
#2452=EDGE_CURVE('',#157,#153,#2455,.T.);
#2453=EDGE_CURVE('',#153,#55,#2456,.T.);
#2454=LINE('',#54,#2457);
#2455=LINE('',#156,#2458);
#2456=LINE('',#152,#2459);
#2457=VECTOR('',#2460,1.0);
#2458=VECTOR('',#2461,1.0);
#2459=VECTOR('',#2462,1.0);
#2460=DIRECTION('',(0.707107225489897,0.707106336882919,0));
#2461=DIRECTION('',(0.1045935975061638,-0.9945150473274493,0));
#2462=DIRECTION('',(-0.7205634744459783,-0.6933889812322807,0));
#2463=FACE_SURFACE('',(#2468),#2464,.T.);
#2464=PLANE('',#2465);
#2465=AXIS2_PLACEMENT_3D('',#158,#2466,#2467);
#2466=DIRECTION('',(0,0,-1));
#2467=DIRECTION('',(-0.1470425906037827,-0.9891301615806326,0));
#2468=FACE_BOUND('',#2469,.T.);
#2469=EDGE_LOOP('',(#2470,#2471,#2472));
#2470=ORIENTED_EDGE('',*,*,#2473,.T.);
#2471=ORIENTED_EDGE('',*,*,#2474,.T.);
#2472=ORIENTED_EDGE('',*,*,#2475,.T.);
#2473=EDGE_CURVE('',#159,#55,#2476,.F.);
#2474=EDGE_CURVE('',#55,#155,#2477,.T.);
#2475=EDGE_CURVE('',#155,#159,#2478,.T.);
#2476=LINE('',#158,#2479);
#2477=LINE('',#54,#2480);
#2478=LINE('',#154,#2481);
#2479=VECTOR('',#2482,1.0);
#2480=VECTOR('',#2483,1.0);
#2481=VECTOR('',#2484,1.0);
#2482=DIRECTION('',(-0.1470425906037827,-0.9891301615806326,0));
#2483=DIRECTION('',(0.04312999953707704,0.9990694686256465,0));
#2484=DIRECTION('',(0.8970653147438634,0.44189797587621193,0));
#2485=FACE_SURFACE('',(#2490),#2486,.T.);
#2486=PLANE('',#2487);
#2487=AXIS2_PLACEMENT_3D('',#54,#2488,#2489);
#2488=DIRECTION('',(0,0,-1));
#2489=DIRECTION('',(0.696394933201538,0.717658760840572,0));
#2490=FACE_BOUND('',#2491,.T.);
#2491=EDGE_LOOP('',(#2492,#2493,#2494));
#2492=ORIENTED_EDGE('',*,*,#2495,.T.);
#2493=ORIENTED_EDGE('',*,*,#2496,.T.);
#2494=ORIENTED_EDGE('',*,*,#2497,.T.);
#2495=EDGE_CURVE('',#55,#161,#2498,.F.);
#2496=EDGE_CURVE('',#161,#157,#2499,.T.);
#2497=EDGE_CURVE('',#157,#55,#2500,.T.);
#2498=LINE('',#54,#2501);
#2499=LINE('',#160,#2502);
#2500=LINE('',#156,#2503);
#2501=VECTOR('',#2504,1.0);
#2502=VECTOR('',#2505,1.0);
#2503=VECTOR('',#2506,1.0);
#2504=DIRECTION('',(0.696394933201538,0.717658760840572,0));
#2505=DIRECTION('',(-0.10458980147561188,-0.9945154465503752,0));
#2506=DIRECTION('',(-0.707107225489897,-0.707106336882919,0));
#2507=FACE_SURFACE('',(#2512),#2508,.T.);
#2508=PLANE('',#2509);
#2509=AXIS2_PLACEMENT_3D('',#158,#2510,#2511);
#2510=DIRECTION('',(0,-0,-1));
#2511=DIRECTION('',(0.30788334820115504,-0.9514241135794522,0));
#2512=FACE_BOUND('',#2513,.T.);
#2513=EDGE_LOOP('',(#2514,#2515,#2516));
#2514=ORIENTED_EDGE('',*,*,#2517,.T.);
#2515=ORIENTED_EDGE('',*,*,#2518,.T.);
#2516=ORIENTED_EDGE('',*,*,#2519,.T.);
#2517=EDGE_CURVE('',#159,#61,#2520,.F.);
#2518=EDGE_CURVE('',#61,#55,#2521,.T.);
#2519=EDGE_CURVE('',#55,#159,#2522,.T.);
#2520=LINE('',#158,#2523);
#2521=LINE('',#60,#2524);
#2522=LINE('',#54,#2525);
#2523=VECTOR('',#2526,1.0);
#2524=VECTOR('',#2527,1.0);
#2525=VECTOR('',#2528,1.0);
#2526=DIRECTION('',(0.30788334820115504,-0.9514241135794522,0));
#2527=DIRECTION('',(-0.35004440554699634,-0.9367331072110401,0));
#2528=DIRECTION('',(0.1470425906037827,0.9891301615806326,0));
#2529=FACE_SURFACE('',(#2534),#2530,.T.);
#2530=PLANE('',#2531);
#2531=AXIS2_PLACEMENT_3D('',#54,#2532,#2533);
#2532=DIRECTION('',(0,0,-1));
#2533=DIRECTION('',(0.6889620926739433,0.7247973750354928,0));
#2534=FACE_BOUND('',#2535,.T.);
#2535=EDGE_LOOP('',(#2536,#2537,#2538));
#2536=ORIENTED_EDGE('',*,*,#2539,.T.);
#2537=ORIENTED_EDGE('',*,*,#2540,.T.);
#2538=ORIENTED_EDGE('',*,*,#2541,.T.);
#2539=EDGE_CURVE('',#55,#163,#2542,.F.);
#2540=EDGE_CURVE('',#163,#161,#2543,.T.);
#2541=EDGE_CURVE('',#161,#55,#2544,.T.);
#2542=LINE('',#54,#2545);
#2543=LINE('',#162,#2546);
#2544=LINE('',#160,#2547);
#2545=VECTOR('',#2548,1.0);
#2546=VECTOR('',#2549,1.0);
#2547=VECTOR('',#2550,1.0);
#2548=DIRECTION('',(0.6889620926739433,0.7247973750354928,0));
#2549=DIRECTION('',(-0.3089705389324597,-0.9510716093290691,0));
#2550=DIRECTION('',(-0.696394933201538,-0.717658760840572,0));
#2551=FACE_SURFACE('',(#2556),#2552,.T.);
#2552=PLANE('',#2553);
#2553=AXIS2_PLACEMENT_3D('',#54,#2554,#2555);
#2554=DIRECTION('',(0,0,-1));
#2555=DIRECTION('',(0.6850683626243749,0.72847878385795,0));
#2556=FACE_BOUND('',#2557,.T.);
#2557=EDGE_LOOP('',(#2558,#2559,#2560));
#2558=ORIENTED_EDGE('',*,*,#2561,.T.);
#2559=ORIENTED_EDGE('',*,*,#2562,.T.);
#2560=ORIENTED_EDGE('',*,*,#2563,.T.);
#2561=EDGE_CURVE('',#55,#165,#2564,.F.);
#2562=EDGE_CURVE('',#165,#163,#2565,.T.);
#2563=EDGE_CURVE('',#163,#55,#2566,.T.);
#2564=LINE('',#54,#2567);
#2565=LINE('',#164,#2568);
#2566=LINE('',#162,#2569);
#2567=VECTOR('',#2570,1.0);
#2568=VECTOR('',#2571,1.0);
#2569=VECTOR('',#2572,1.0);
#2570=DIRECTION('',(0.6850683626243749,0.72847878385795,0));
#2571=DIRECTION('',(-0.4999699128736303,-0.866042773898111,0));
#2572=DIRECTION('',(-0.6889620926739433,-0.7247973750354928,0));
#2573=FACE_SURFACE('',(#2578),#2574,.T.);
#2574=PLANE('',#2575);
#2575=AXIS2_PLACEMENT_3D('',#166,#2576,#2577);
#2576=DIRECTION('',(0,0,-1));
#2577=DIRECTION('',(-0.08340104695472322,-0.9965160637776271,0));
#2578=FACE_BOUND('',#2579,.T.);
#2579=EDGE_LOOP('',(#2580,#2581,#2582));
#2580=ORIENTED_EDGE('',*,*,#2583,.T.);
#2581=ORIENTED_EDGE('',*,*,#2584,.T.);
#2582=ORIENTED_EDGE('',*,*,#2585,.T.);
#2583=EDGE_CURVE('',#167,#165,#2586,.F.);
#2584=EDGE_CURVE('',#165,#55,#2587,.T.);
#2585=EDGE_CURVE('',#55,#167,#2588,.T.);
#2586=LINE('',#166,#2589);
#2587=LINE('',#164,#2590);
#2588=LINE('',#54,#2591);
#2589=VECTOR('',#2592,1.0);
#2590=VECTOR('',#2593,1.0);
#2591=VECTOR('',#2594,1.0);
#2592=DIRECTION('',(-0.08340104695472322,-0.9965160637776271,0));
#2593=DIRECTION('',(-0.6850683626243749,-0.72847878385795,0));
#2594=DIRECTION('',(0.41946253189592314,0.9077726501362892,0));
#2595=FACE_SURFACE('',(#2600),#2596,.T.);
#2596=PLANE('',#2597);
#2597=AXIS2_PLACEMENT_3D('',#54,#2598,#2599);
#2598=DIRECTION('',(0,0,-1));
#2599=DIRECTION('',(0.40825812638469233,0.9128665303541698,0));
#2600=FACE_BOUND('',#2601,.T.);
#2601=EDGE_LOOP('',(#2602,#2603,#2604));
#2602=ORIENTED_EDGE('',*,*,#2605,.T.);
#2603=ORIENTED_EDGE('',*,*,#2606,.T.);
#2604=ORIENTED_EDGE('',*,*,#2607,.T.);
#2605=EDGE_CURVE('',#55,#169,#2608,.F.);
#2606=EDGE_CURVE('',#169,#167,#2609,.T.);
#2607=EDGE_CURVE('',#167,#55,#2610,.T.);
#2608=LINE('',#54,#2611);
#2609=LINE('',#168,#2612);
#2610=LINE('',#166,#2613);
#2611=VECTOR('',#2614,1.0);
#2612=VECTOR('',#2615,1.0);
#2613=VECTOR('',#2616,1.0);
#2614=DIRECTION('',(0.40825812638469233,0.9128665303541698,0));
#2615=DIRECTION('',(0.9781471625810494,-0.20791375215372876,0));
#2616=DIRECTION('',(-0.41946253189592314,-0.9077726501362892,0));
#2617=FACE_SURFACE('',(#2622),#2618,.T.);
#2618=PLANE('',#2619);
#2619=AXIS2_PLACEMENT_3D('',#54,#2620,#2621);
#2620=DIRECTION('',(0,0,-1));
#2621=DIRECTION('',(0.3967045596701916,0.9179463450207094,0));
#2622=FACE_BOUND('',#2623,.T.);
#2623=EDGE_LOOP('',(#2624,#2625,#2626));
#2624=ORIENTED_EDGE('',*,*,#2627,.T.);
#2625=ORIENTED_EDGE('',*,*,#2628,.T.);
#2626=ORIENTED_EDGE('',*,*,#2629,.T.);
#2627=EDGE_CURVE('',#55,#171,#2630,.F.);
#2628=EDGE_CURVE('',#171,#169,#2631,.T.);
#2629=EDGE_CURVE('',#169,#55,#2632,.T.);
#2630=LINE('',#54,#2633);
#2631=LINE('',#170,#2634);
#2632=LINE('',#168,#2635);
#2633=VECTOR('',#2636,1.0);
#2634=VECTOR('',#2637,1.0);
#2635=VECTOR('',#2638,1.0);
#2636=DIRECTION('',(0.3967045596701916,0.9179463450207094,0));
#2637=DIRECTION('',(0.913544975572529,-0.40673772582118234,0));
#2638=DIRECTION('',(-0.40825812638469233,-0.9128665303541698,0));
#2639=FACE_SURFACE('',(#2644),#2640,.T.);
#2640=PLANE('',#2641);
#2641=AXIS2_PLACEMENT_3D('',#54,#2642,#2643);
#2642=DIRECTION('',(0,0,-1));
#2643=DIRECTION('',(0.365842186104281,0.9306769014359605,0));
#2644=FACE_BOUND('',#2645,.T.);
#2645=EDGE_LOOP('',(#2646,#2647,#2648));
#2646=ORIENTED_EDGE('',*,*,#2649,.T.);
#2647=ORIENTED_EDGE('',*,*,#2650,.T.);
#2648=ORIENTED_EDGE('',*,*,#2651,.T.);
#2649=EDGE_CURVE('',#55,#59,#2652,.F.);
#2650=EDGE_CURVE('',#59,#173,#2653,.T.);
#2651=EDGE_CURVE('',#173,#55,#2654,.T.);
#2652=LINE('',#54,#2655);
#2653=LINE('',#58,#2656);
#2654=LINE('',#172,#2657);
#2655=VECTOR('',#2658,1.0);
#2656=VECTOR('',#2659,1.0);
#2657=VECTOR('',#2660,1.0);
#2658=DIRECTION('',(0.365842186104281,0.9306769014359605,0));
#2659=DIRECTION('',(0.4999857150881971,-0.8660336510250305,0));
#2660=DIRECTION('',(-0.3749360761286559,-0.927050666801576,0));
#2661=FACE_SURFACE('',(#2666),#2662,.T.);
#2662=PLANE('',#2663);
#2663=AXIS2_PLACEMENT_3D('',#54,#2664,#2665);
#2664=DIRECTION('',(0,0,-1));
#2665=DIRECTION('',(0.38540062117925883,0.9227493490621608,0));
#2666=FACE_BOUND('',#2667,.T.);
#2667=EDGE_LOOP('',(#2668,#2669,#2670));
#2668=ORIENTED_EDGE('',*,*,#2671,.T.);
#2669=ORIENTED_EDGE('',*,*,#2672,.T.);
#2670=ORIENTED_EDGE('',*,*,#2673,.T.);
#2671=EDGE_CURVE('',#55,#175,#2674,.F.);
#2672=EDGE_CURVE('',#175,#171,#2675,.T.);
#2673=EDGE_CURVE('',#171,#55,#2676,.T.);
#2674=LINE('',#54,#2677);
#2675=LINE('',#174,#2678);
#2676=LINE('',#170,#2679);
#2677=VECTOR('',#2680,1.0);
#2678=VECTOR('',#2681,1.0);
#2679=VECTOR('',#2682,1.0);
#2680=DIRECTION('',(0.38540062117925883,0.9227493490621608,0));
#2681=DIRECTION('',(0.8090247657359487,-0.5877745557829918,0));
#2682=DIRECTION('',(-0.3967045596701916,-0.9179463450207094,0));
#2683=FACE_SURFACE('',(#2688),#2684,.T.);
#2684=PLANE('',#2685);
#2685=AXIS2_PLACEMENT_3D('',#54,#2686,#2687);
#2686=DIRECTION('',(0,0,-1));
#2687=DIRECTION('',(0.3749360761286559,0.927050666801576,0));
#2688=FACE_BOUND('',#2689,.T.);
#2689=EDGE_LOOP('',(#2690,#2691,#2692));
#2690=ORIENTED_EDGE('',*,*,#2693,.T.);
#2691=ORIENTED_EDGE('',*,*,#2694,.T.);
#2692=ORIENTED_EDGE('',*,*,#2695,.T.);
#2693=EDGE_CURVE('',#55,#173,#2696,.F.);
#2694=EDGE_CURVE('',#173,#175,#2697,.T.);
#2695=EDGE_CURVE('',#175,#55,#2698,.T.);
#2696=LINE('',#54,#2699);
#2697=LINE('',#172,#2700);
#2698=LINE('',#174,#2701);
#2699=VECTOR('',#2702,1.0);
#2700=VECTOR('',#2703,1.0);
#2701=VECTOR('',#2704,1.0);
#2702=DIRECTION('',(0.3749360761286559,0.927050666801576,0));
#2703=DIRECTION('',(0.6691522204496516,-0.7431253634934694,0));
#2704=DIRECTION('',(-0.38540062117925883,-0.9227493490621608,0));
#2705=FACE_SURFACE('',(#2710),#2706,.T.);
#2706=PLANE('',#2707);
#2707=AXIS2_PLACEMENT_3D('',#60,#2708,#2709);
#2708=DIRECTION('',(0.9510716093290691,-0.3089705389324596,0));
#2709=DIRECTION('',(0,0,1));
#2710=FACE_BOUND('',#2711,.T.);
#2711=EDGE_LOOP('',(#2712,#2713,#2714));
#2712=ORIENTED_EDGE('',*,*,#2715,.T.);
#2713=ORIENTED_EDGE('',*,*,#2716,.T.);
#2714=ORIENTED_EDGE('',*,*,#2717,.T.);
#2715=EDGE_CURVE('',#61,#109,#2718,.F.);
#2716=EDGE_CURVE('',#109,#57,#2719,.T.);
#2717=EDGE_CURVE('',#57,#61,#2720,.T.);
#2718=LINE('',#60,#2721);
#2719=LINE('',#108,#2722);
#2720=LINE('',#56,#2723);
#2721=VECTOR('',#2724,1.0);
#2722=VECTOR('',#2725,1.0);
#2723=VECTOR('',#2726,1.0);
#2724=DIRECTION('',(0,0,1));
#2725=DIRECTION('',(-0.3089705389324597,-0.9510716093290691,0));
#2726=DIRECTION('',(0.03423610785121308,0.10538542057673198,-0.9938419401741232));
#2727=FACE_SURFACE('',(#2732),#2728,.T.);
#2728=PLANE('',#2729);
#2729=AXIS2_PLACEMENT_3D('',#120,#2730,#2731);
#2730=DIRECTION('',(0.8660336510250305,0.4999857150881971,0));
#2731=DIRECTION('',(0,0,-1));
#2732=FACE_BOUND('',#2733,.T.);
#2733=EDGE_LOOP('',(#2734,#2735,#2736));
#2734=ORIENTED_EDGE('',*,*,#2737,.T.);
#2735=ORIENTED_EDGE('',*,*,#2738,.T.);
#2736=ORIENTED_EDGE('',*,*,#2739,.T.);
#2737=EDGE_CURVE('',#121,#173,#2740,.F.);
#2738=EDGE_CURVE('',#173,#59,#2741,.T.);
#2739=EDGE_CURVE('',#59,#121,#2742,.T.);
#2740=LINE('',#120,#2743);
#2741=LINE('',#172,#2744);
#2742=LINE('',#58,#2745);
#2743=VECTOR('',#2746,1.0);
#2744=VECTOR('',#2747,1.0);
#2745=VECTOR('',#2748,1.0);
#2746=DIRECTION('',(0,0,-1));
#2747=DIRECTION('',(-0.4999857150881971,0.8660336510250305,0));
#2748=DIRECTION('',(0.055402156153814844,-0.09596300478321358,0.9938418902453675));
#2749=FACE_SURFACE('',(#2754),#2750,.T.);
#2750=PLANE('',#2751);
#2751=AXIS2_PLACEMENT_3D('',#176,#2752,#2753);
#2752=DIRECTION('',(0.8660427738981109,-0.49996991287363024,0));
#2753=DIRECTION('',(-0.055402134653466176,-0.09596701149353327,0.9938415045573611));
#2754=FACE_BOUND('',#2755,.T.);
#2755=EDGE_LOOP('',(#2756,#2757,#2758));
#2756=ORIENTED_EDGE('',*,*,#2759,.T.);
#2757=ORIENTED_EDGE('',*,*,#2760,.T.);
#2758=ORIENTED_EDGE('',*,*,#2761,.T.);
#2759=EDGE_CURVE('',#177,#109,#2762,.F.);
#2760=EDGE_CURVE('',#109,#61,#2763,.T.);
#2761=EDGE_CURVE('',#61,#177,#2764,.T.);
#2762=LINE('',#176,#2765);
#2763=LINE('',#108,#2766);
#2764=LINE('',#60,#2767);
#2765=VECTOR('',#2768,1.0);
#2766=VECTOR('',#2769,1.0);
#2767=VECTOR('',#2770,1.0);
#2768=DIRECTION('',(-0.055402134653466176,-0.09596701149353327,0.9938415045573611));
#2769=DIRECTION('',(0,0,-1));
#2770=DIRECTION('',(0.4999699128736303,0.866042773898111,0));
#2771=FACE_SURFACE('',(#2776),#2772,.T.);
#2772=PLANE('',#2773);
#2773=AXIS2_PLACEMENT_3D('',#158,#2774,#2775);
#2774=DIRECTION('',(0,0,-1));
#2775=DIRECTION('',(0.3260244719464004,-0.9453613296999569,0));
#2776=FACE_BOUND('',#2777,.T.);
#2777=EDGE_LOOP('',(#2778,#2779,#2780));
#2778=ORIENTED_EDGE('',*,*,#2781,.T.);
#2779=ORIENTED_EDGE('',*,*,#2782,.T.);
#2780=ORIENTED_EDGE('',*,*,#2783,.T.);
#2781=EDGE_CURVE('',#159,#177,#2784,.F.);
#2782=EDGE_CURVE('',#177,#61,#2785,.T.);
#2783=EDGE_CURVE('',#61,#159,#2786,.T.);
#2784=LINE('',#158,#2787);
#2785=LINE('',#176,#2788);
#2786=LINE('',#60,#2789);
#2787=VECTOR('',#2790,1.0);
#2788=VECTOR('',#2791,1.0);
#2789=VECTOR('',#2792,1.0);
#2790=DIRECTION('',(0.3260244719464004,-0.9453613296999569,0));
#2791=DIRECTION('',(-0.4999699128736303,-0.866042773898111,0));
#2792=DIRECTION('',(-0.30788334820115504,0.9514241135794522,0));
#2793=FACE_SURFACE('',(#2798),#2794,.T.);
#2794=PLANE('',#2795);
#2795=AXIS2_PLACEMENT_3D('',#178,#2796,#2797);
#2796=DIRECTION('',(-0.3090035498727966,-0.9510608845736482,0));
#2797=DIRECTION('',(-0.10538540598534421,0.034240147063618935,0.9938418025693857));
#2798=FACE_BOUND('',#2799,.T.);
#2799=EDGE_LOOP('',(#2800,#2801,#2802));
#2800=ORIENTED_EDGE('',*,*,#2803,.T.);
#2801=ORIENTED_EDGE('',*,*,#2804,.T.);
#2802=ORIENTED_EDGE('',*,*,#2805,.T.);
#2803=EDGE_CURVE('',#179,#67,#2806,.F.);
#2804=EDGE_CURVE('',#67,#63,#2807,.T.);
#2805=EDGE_CURVE('',#63,#179,#2808,.T.);
#2806=LINE('',#178,#2809);
#2807=LINE('',#66,#2810);
#2808=LINE('',#62,#2811);
#2809=VECTOR('',#2812,1.0);
#2810=VECTOR('',#2813,1.0);
#2811=VECTOR('',#2814,1.0);
#2812=DIRECTION('',(-0.10538540598534421,0.034240147063618935,0.9938418025693857));
#2813=DIRECTION('',(0,0,-1));
#2814=DIRECTION('',(0.9510608845736482,-0.3090035498727966,0));
#2815=FACE_SURFACE('',(#2820),#2816,.T.);
#2816=PLANE('',#2817);
#2817=AXIS2_PLACEMENT_3D('',#128,#2818,#2819);
#2818=DIRECTION('',(0,0,-1));
#2819=DIRECTION('',(-0.7858020836306255,-0.6184780395145549,0));
#2820=FACE_BOUND('',#2821,.T.);
#2821=EDGE_LOOP('',(#2822,#2823,#2824));
#2822=ORIENTED_EDGE('',*,*,#2825,.T.);
#2823=ORIENTED_EDGE('',*,*,#2826,.T.);
#2824=ORIENTED_EDGE('',*,*,#2827,.T.);
#2825=EDGE_CURVE('',#129,#179,#2828,.F.);
#2826=EDGE_CURVE('',#179,#63,#2829,.T.);
#2827=EDGE_CURVE('',#63,#129,#2830,.T.);
#2828=LINE('',#128,#2831);
#2829=LINE('',#178,#2832);
#2830=LINE('',#62,#2833);
#2831=VECTOR('',#2834,1.0);
#2832=VECTOR('',#2835,1.0);
#2833=VECTOR('',#2836,1.0);
#2834=DIRECTION('',(-0.7858020836306255,-0.6184780395145549,0));
#2835=DIRECTION('',(-0.9510608845736482,0.3090035498727966,0));
#2836=DIRECTION('',(0.7983282739773574,0.602222522800612,0));
#2837=FACE_SURFACE('',(#2842),#2838,.T.);
#2838=PLANE('',#2839);
#2839=AXIS2_PLACEMENT_3D('',#180,#2840,#2841);
#2840=DIRECTION('',(0.3090035498727966,-0.9510608845736482,0));
#2841=DIRECTION('',(0.10538540598534421,0.034240147063618935,-0.9938418025693857));
#2842=FACE_BOUND('',#2843,.T.);
#2843=EDGE_LOOP('',(#2844,#2845,#2846));
#2844=ORIENTED_EDGE('',*,*,#2847,.T.);
#2845=ORIENTED_EDGE('',*,*,#2848,.T.);
#2846=ORIENTED_EDGE('',*,*,#2849,.T.);
#2847=EDGE_CURVE('',#181,#123,#2850,.F.);
#2848=EDGE_CURVE('',#123,#65,#2851,.T.);
#2849=EDGE_CURVE('',#65,#181,#2852,.T.);
#2850=LINE('',#180,#2853);
#2851=LINE('',#122,#2854);
#2852=LINE('',#64,#2855);
#2853=VECTOR('',#2856,1.0);
#2854=VECTOR('',#2857,1.0);
#2855=VECTOR('',#2858,1.0);
#2856=DIRECTION('',(0.10538540598534421,0.034240147063618935,-0.9938418025693857));
#2857=DIRECTION('',(0,0,1));
#2858=DIRECTION('',(-0.9510608845736482,-0.3090035498727966,0));
#2859=FACE_SURFACE('',(#2864),#2860,.T.);
#2860=PLANE('',#2861);
#2861=AXIS2_PLACEMENT_3D('',#68,#2862,#2863);
#2862=DIRECTION('',(0,0,1));
#2863=DIRECTION('',(0.9994279562285966,0.03381952555448493,0));
#2864=FACE_BOUND('',#2865,.T.);
#2865=EDGE_LOOP('',(#2866,#2867,#2868));
#2866=ORIENTED_EDGE('',*,*,#2869,.T.);
#2867=ORIENTED_EDGE('',*,*,#2870,.T.);
#2868=ORIENTED_EDGE('',*,*,#2871,.T.);
#2869=EDGE_CURVE('',#69,#181,#2872,.F.);
#2870=EDGE_CURVE('',#181,#65,#2873,.T.);
#2871=EDGE_CURVE('',#65,#69,#2874,.T.);
#2872=LINE('',#68,#2875);
#2873=LINE('',#180,#2876);
#2874=LINE('',#64,#2877);
#2875=VECTOR('',#2878,1.0);
#2876=VECTOR('',#2879,1.0);
#2877=VECTOR('',#2880,1.0);
#2878=DIRECTION('',(0.9994279562285966,0.03381952555448493,0));
#2879=DIRECTION('',(0.9510608845736482,0.3090035498727966,0));
#2880=DIRECTION('',(-0.9992881872850276,-0.03772424621650842,0));
#2881=FACE_SURFACE('',(#2886),#2882,.T.);
#2882=PLANE('',#2883);
#2883=AXIS2_PLACEMENT_3D('',#178,#2884,#2885);
#2884=DIRECTION('',(-0.3090035498727966,-0.9510608845736482,0));
#2885=DIRECTION('',(0,0,1));
#2886=FACE_BOUND('',#2887,.T.);
#2887=EDGE_LOOP('',(#2888,#2889,#2890));
#2888=ORIENTED_EDGE('',*,*,#2891,.T.);
#2889=ORIENTED_EDGE('',*,*,#2892,.T.);
#2890=ORIENTED_EDGE('',*,*,#2893,.T.);
#2891=EDGE_CURVE('',#179,#183,#2894,.F.);
#2892=EDGE_CURVE('',#183,#67,#2895,.T.);
#2893=EDGE_CURVE('',#67,#179,#2896,.T.);
#2894=LINE('',#178,#2897);
#2895=LINE('',#182,#2898);
#2896=LINE('',#66,#2899);
#2897=VECTOR('',#2900,1.0);
#2898=VECTOR('',#2901,1.0);
#2899=VECTOR('',#2902,1.0);
#2900=DIRECTION('',(0,0,1));
#2901=DIRECTION('',(-0.9510608845736482,0.3090035498727966,0));
#2902=DIRECTION('',(0.10538540598534421,-0.034240147063618935,-0.9938418025693857));
#2903=FACE_SURFACE('',(#2908),#2904,.T.);
#2904=PLANE('',#2905);
#2905=AXIS2_PLACEMENT_3D('',#70,#2906,#2907);
#2906=DIRECTION('',(0,0,1));
#2907=DIRECTION('',(-0.7983282739773574,-0.602222522800612,0));
#2908=FACE_BOUND('',#2909,.T.);
#2909=EDGE_LOOP('',(#2910,#2911,#2912));
#2910=ORIENTED_EDGE('',*,*,#2913,.T.);
#2911=ORIENTED_EDGE('',*,*,#2914,.T.);
#2912=ORIENTED_EDGE('',*,*,#2915,.T.);
#2913=EDGE_CURVE('',#71,#67,#2916,.F.);
#2914=EDGE_CURVE('',#67,#183,#2917,.T.);
#2915=EDGE_CURVE('',#183,#71,#2918,.T.);
#2916=LINE('',#70,#2919);
#2917=LINE('',#66,#2920);
#2918=LINE('',#182,#2921);
#2919=VECTOR('',#2922,1.0);
#2920=VECTOR('',#2923,1.0);
#2921=VECTOR('',#2924,1.0);
#2922=DIRECTION('',(-0.7983282739773574,-0.602222522800612,0));
#2923=DIRECTION('',(0.9510608845736482,-0.3090035498727966,0));
#2924=DIRECTION('',(0.7858020836306255,0.6184780395145549,0));
#2925=FACE_SURFACE('',(#2930),#2926,.T.);
#2926=PLANE('',#2927);
#2927=AXIS2_PLACEMENT_3D('',#68,#2928,#2929);
#2928=DIRECTION('',(-0.11192305919688708,-0.9937168755837903,-0));
#2929=DIRECTION('',(0,0,-1));
#2930=FACE_BOUND('',#2931,.T.);
#2931=EDGE_LOOP('',(#2932,#2933,#2934));
#2932=ORIENTED_EDGE('',*,*,#2935,.T.);
#2933=ORIENTED_EDGE('',*,*,#2936,.T.);
#2934=ORIENTED_EDGE('',*,*,#2937,.T.);
#2935=EDGE_CURVE('',#69,#125,#2938,.F.);
#2936=EDGE_CURVE('',#125,#185,#2939,.T.);
#2937=EDGE_CURVE('',#185,#69,#2940,.T.);
#2938=LINE('',#68,#2941);
#2939=LINE('',#124,#2942);
#2940=LINE('',#184,#2943);
#2941=VECTOR('',#2944,1.0);
#2942=VECTOR('',#2945,1.0);
#2943=VECTOR('',#2946,1.0);
#2944=DIRECTION('',(0,0,-1));
#2945=DIRECTION('',(0.9937168755837903,-0.11192305919688708,0));
#2946=DIRECTION('',(-0.11058007333354448,0.012454714615202115,0.9937891765688545));
#2947=FACE_SURFACE('',(#2952),#2948,.T.);
#2948=PLANE('',#2949);
#2949=AXIS2_PLACEMENT_3D('',#68,#2950,#2951);
#2950=DIRECTION('',(-0.11192305919688708,-0.9937168755837903,0));
#2951=DIRECTION('',(0.11058007333354448,-0.012454714615202115,-0.9937891765688545));
#2952=FACE_BOUND('',#2953,.T.);
#2953=EDGE_LOOP('',(#2954,#2955,#2956));
#2954=ORIENTED_EDGE('',*,*,#2957,.T.);
#2955=ORIENTED_EDGE('',*,*,#2958,.T.);
#2956=ORIENTED_EDGE('',*,*,#2959,.T.);
#2957=EDGE_CURVE('',#69,#185,#2960,.F.);
#2958=EDGE_CURVE('',#185,#187,#2961,.T.);
#2959=EDGE_CURVE('',#187,#69,#2962,.T.);
#2960=LINE('',#68,#2963);
#2961=LINE('',#184,#2964);
#2962=LINE('',#186,#2965);
#2963=VECTOR('',#2966,1.0);
#2964=VECTOR('',#2967,1.0);
#2965=VECTOR('',#2968,1.0);
#2966=DIRECTION('',(0.11058007333354448,-0.012454714615202115,-0.9937891765688545));
#2967=DIRECTION('',(0,0,1));
#2968=DIRECTION('',(-0.9937168755837903,0.11192305919688708,0));
#2969=FACE_SURFACE('',(#2974),#2970,.T.);
#2970=PLANE('',#2971);
#2971=AXIS2_PLACEMENT_3D('',#188,#2972,#2973);
#2972=DIRECTION('',(0.11193922783426818,-0.9937150543651172,0));
#2973=DIRECTION('',(0.11056409612320661,0.012454736890478983,-0.9937909539623749));
#2974=FACE_BOUND('',#2975,.T.);
#2975=EDGE_LOOP('',(#2976,#2977,#2978));
#2976=ORIENTED_EDGE('',*,*,#2979,.T.);
#2977=ORIENTED_EDGE('',*,*,#2980,.T.);
#2978=ORIENTED_EDGE('',*,*,#2981,.T.);
#2979=EDGE_CURVE('',#189,#125,#2982,.F.);
#2980=EDGE_CURVE('',#125,#69,#2983,.T.);
#2981=EDGE_CURVE('',#69,#189,#2984,.T.);
#2982=LINE('',#188,#2985);
#2983=LINE('',#124,#2986);
#2984=LINE('',#68,#2987);
#2985=VECTOR('',#2988,1.0);
#2986=VECTOR('',#2989,1.0);
#2987=VECTOR('',#2990,1.0);
#2988=DIRECTION('',(0.11056409612320661,0.012454736890478983,-0.9937909539623749));
#2989=DIRECTION('',(0,0,1));
#2990=DIRECTION('',(-0.9937150543651172,-0.1119392278342682,0));
#2991=FACE_SURFACE('',(#2996),#2992,.T.);
#2992=PLANE('',#2993);
#2993=AXIS2_PLACEMENT_3D('',#68,#2994,#2995);
#2994=DIRECTION('',(0,0,1));
#2995=DIRECTION('',(0.9937168755837903,-0.11192305919688708,0));
#2996=FACE_BOUND('',#2997,.T.);
#2997=EDGE_LOOP('',(#2998,#2999,#3000));
#2998=ORIENTED_EDGE('',*,*,#3001,.T.);
#2999=ORIENTED_EDGE('',*,*,#3002,.T.);
#3000=ORIENTED_EDGE('',*,*,#3003,.T.);
#3001=EDGE_CURVE('',#69,#187,#3004,.F.);
#3002=EDGE_CURVE('',#187,#191,#3005,.T.);
#3003=EDGE_CURVE('',#191,#69,#3006,.T.);
#3004=LINE('',#68,#3007);
#3005=LINE('',#186,#3008);
#3006=LINE('',#190,#3009);
#3007=VECTOR('',#3010,1.0);
#3008=VECTOR('',#3011,1.0);
#3009=VECTOR('',#3012,1.0);
#3010=DIRECTION('',(0.9937168755837903,-0.11192305919688708,0));
#3011=DIRECTION('',(0.9999801476167619,-0.006301140560177724,0));
#3012=DIRECTION('',(-0.9999689518362408,0.007880061137453088,0));
#3013=FACE_SURFACE('',(#3018),#3014,.T.);
#3014=PLANE('',#3015);
#3015=AXIS2_PLACEMENT_3D('',#68,#3016,#3017);
#3016=DIRECTION('',(0,0,1));
#3017=DIRECTION('',(-0.9999575732125711,-0.009211502311007397,0));
#3018=FACE_BOUND('',#3019,.T.);
#3019=EDGE_LOOP('',(#3020,#3021,#3022));
#3020=ORIENTED_EDGE('',*,*,#3023,.T.);
#3021=ORIENTED_EDGE('',*,*,#3024,.T.);
#3022=ORIENTED_EDGE('',*,*,#3025,.T.);
#3023=EDGE_CURVE('',#69,#193,#3026,.F.);
#3024=EDGE_CURVE('',#193,#189,#3027,.T.);
#3025=EDGE_CURVE('',#189,#69,#3028,.T.);
#3026=LINE('',#68,#3029);
#3027=LINE('',#192,#3030);
#3028=LINE('',#188,#3031);
#3029=VECTOR('',#3032,1.0);
#3030=VECTOR('',#3033,1.0);
#3031=VECTOR('',#3034,1.0);
#3032=DIRECTION('',(-0.9999575732125711,-0.009211502311007397,0));
#3033=DIRECTION('',(0.9999870208917896,0.0050949041172036235,0));
#3034=DIRECTION('',(0.9937150543651172,0.1119392278342682,0));
#3035=FACE_SURFACE('',(#3040),#3036,.T.);
#3036=PLANE('',#3037);
#3037=AXIS2_PLACEMENT_3D('',#68,#3038,#3039);
#3038=DIRECTION('',(-0,0,1));
#3039=DIRECTION('',(0.9999689518362408,-0.007880061137453088,0));
#3040=FACE_BOUND('',#3041,.T.);
#3041=EDGE_LOOP('',(#3042,#3043,#3044));
#3042=ORIENTED_EDGE('',*,*,#3045,.T.);
#3043=ORIENTED_EDGE('',*,*,#3046,.T.);
#3044=ORIENTED_EDGE('',*,*,#3047,.T.);
#3045=EDGE_CURVE('',#69,#191,#3048,.F.);
#3046=EDGE_CURVE('',#191,#195,#3049,.T.);
#3047=EDGE_CURVE('',#195,#69,#3050,.T.);
#3048=LINE('',#68,#3051);
#3049=LINE('',#190,#3052);
#3050=LINE('',#194,#3053);
#3051=VECTOR('',#3054,1.0);
#3052=VECTOR('',#3055,1.0);
#3053=VECTOR('',#3056,1.0);
#3054=DIRECTION('',(0.9999689518362408,-0.007880061137453088,0));
#3055=DIRECTION('',(0.40669370806759464,0.9135645723309491,0));
#3056=DIRECTION('',(-0.9999838710224204,-0.005679585813706315,0));
#3057=FACE_SURFACE('',(#3062),#3058,.T.);
#3058=PLANE('',#3059);
#3059=AXIS2_PLACEMENT_3D('',#68,#3060,#3061);
#3060=DIRECTION('',(0,0,1));
#3061=DIRECTION('',(-0.9986682401678229,0.051592112576475,0));
#3062=FACE_BOUND('',#3063,.T.);
#3063=EDGE_LOOP('',(#3064,#3065,#3066));
#3064=ORIENTED_EDGE('',*,*,#3067,.T.);
#3065=ORIENTED_EDGE('',*,*,#3068,.T.);
#3066=ORIENTED_EDGE('',*,*,#3069,.T.);
#3067=EDGE_CURVE('',#69,#197,#3070,.F.);
#3068=EDGE_CURVE('',#197,#193,#3071,.T.);
#3069=EDGE_CURVE('',#193,#69,#3072,.T.);
#3070=LINE('',#68,#3073);
#3071=LINE('',#196,#3074);
#3072=LINE('',#192,#3075);
#3073=VECTOR('',#3076,1.0);
#3074=VECTOR('',#3077,1.0);
#3075=VECTOR('',#3078,1.0);
#3076=DIRECTION('',(-0.9986682401678229,0.051592112576475,0));
#3077=DIRECTION('',(0.2768367428229405,-0.9609169671845664,0));
#3078=DIRECTION('',(0.9999575732125711,0.009211502311007397,0));
#3079=FACE_SURFACE('',(#3084),#3080,.T.);
#3080=PLANE('',#3081);
#3081=AXIS2_PLACEMENT_3D('',#68,#3082,#3083);
#3082=DIRECTION('',(0,0,1));
#3083=DIRECTION('',(0.9999838710224204,0.005679585813706315,0));
#3084=FACE_BOUND('',#3085,.T.);
#3085=EDGE_LOOP('',(#3086,#3087,#3088));
#3086=ORIENTED_EDGE('',*,*,#3089,.T.);
#3087=ORIENTED_EDGE('',*,*,#3090,.T.);
#3088=ORIENTED_EDGE('',*,*,#3091,.T.);
#3089=EDGE_CURVE('',#69,#195,#3092,.F.);
#3090=EDGE_CURVE('',#195,#199,#3093,.T.);
#3091=EDGE_CURVE('',#199,#69,#3094,.T.);
#3092=LINE('',#68,#3095);
#3093=LINE('',#194,#3096);
#3094=LINE('',#198,#3097);
#3095=VECTOR('',#3098,1.0);
#3096=VECTOR('',#3099,1.0);
#3097=VECTOR('',#3100,1.0);
#3098=DIRECTION('',(0.9999838710224204,0.005679585813706315,0));
#3099=DIRECTION('',(0.587802732127671,0.8090042942427719,0));
#3100=DIRECTION('',(-0.999847030235129,-0.017490458255661298,0));
#3101=FACE_SURFACE('',(#3106),#3102,.T.);
#3102=PLANE('',#3103);
#3103=AXIS2_PLACEMENT_3D('',#68,#3104,#3105);
#3104=DIRECTION('',(0,0,1));
#3105=DIRECTION('',(-0.9937030322791712,0.11204589969820566,0));
#3106=FACE_BOUND('',#3107,.T.);
#3107=EDGE_LOOP('',(#3108,#3109,#3110));
#3108=ORIENTED_EDGE('',*,*,#3111,.T.);
#3109=ORIENTED_EDGE('',*,*,#3112,.T.);
#3110=ORIENTED_EDGE('',*,*,#3113,.T.);
#3111=EDGE_CURVE('',#69,#201,#3114,.F.);
#3112=EDGE_CURVE('',#201,#197,#3115,.T.);
#3113=EDGE_CURVE('',#197,#69,#3116,.T.);
#3114=LINE('',#68,#3117);
#3115=LINE('',#200,#3118);
#3116=LINE('',#196,#3119);
#3117=VECTOR('',#3120,1.0);
#3118=VECTOR('',#3121,1.0);
#3119=VECTOR('',#3122,1.0);
#3120=DIRECTION('',(-0.9937030322791712,0.11204589969820566,0));
#3121=DIRECTION('',(0.16746261074724839,-0.9858784275972953,0));
#3122=DIRECTION('',(0.9986682401678229,-0.051592112576475,0));
#3123=FACE_SURFACE('',(#3128),#3124,.T.);
#3124=PLANE('',#3125);
#3125=AXIS2_PLACEMENT_3D('',#68,#3126,#3127);
#3126=DIRECTION('',(0,0,1));
#3127=DIRECTION('',(0.999847030235129,0.017490458255661298,0));
#3128=FACE_BOUND('',#3129,.T.);
#3129=EDGE_LOOP('',(#3130,#3131,#3132));
#3130=ORIENTED_EDGE('',*,*,#3133,.T.);
#3131=ORIENTED_EDGE('',*,*,#3134,.T.);
#3132=ORIENTED_EDGE('',*,*,#3135,.T.);
#3133=EDGE_CURVE('',#69,#199,#3136,.F.);
#3134=EDGE_CURVE('',#199,#203,#3137,.T.);
#3135=EDGE_CURVE('',#203,#69,#3138,.T.);
#3136=LINE('',#68,#3139);
#3137=LINE('',#198,#3140);
#3138=LINE('',#202,#3141);
#3139=VECTOR('',#3142,1.0);
#3140=VECTOR('',#3143,1.0);
#3141=VECTOR('',#3144,1.0);
#3142=DIRECTION('',(0.999847030235129,0.017490458255661298,0));
#3143=DIRECTION('',(0.7431598501991354,0.6691139193381039,0));
#3144=DIRECTION('',(-0.9996354147089738,-0.02700069739132611,0));
#3145=FACE_SURFACE('',(#3150),#3146,.T.);
#3146=PLANE('',#3147);
#3147=AXIS2_PLACEMENT_3D('',#68,#3148,#3149);
#3148=DIRECTION('',(0,0,1));
#3149=DIRECTION('',(-0.9851034324681867,0.17196286616417175,0));
#3150=FACE_BOUND('',#3151,.T.);
#3151=EDGE_LOOP('',(#3152,#3153,#3154));
#3152=ORIENTED_EDGE('',*,*,#3155,.T.);
#3153=ORIENTED_EDGE('',*,*,#3156,.T.);
#3154=ORIENTED_EDGE('',*,*,#3157,.T.);
#3155=EDGE_CURVE('',#69,#205,#3158,.F.);
#3156=EDGE_CURVE('',#205,#201,#3159,.T.);
#3157=EDGE_CURVE('',#201,#69,#3160,.T.);
#3158=LINE('',#68,#3161);
#3159=LINE('',#204,#3162);
#3160=LINE('',#200,#3163);
#3161=VECTOR('',#3164,1.0);
#3162=VECTOR('',#3165,1.0);
#3163=VECTOR('',#3166,1.0);
#3164=DIRECTION('',(-0.9851034324681867,0.17196286616417175,0));
#3165=DIRECTION('',(0.056125954838221546,-0.9984236962299612,0));
#3166=DIRECTION('',(0.9937030322791712,-0.11204589969820566,0));
#3167=FACE_SURFACE('',(#3172),#3168,.T.);
#3168=PLANE('',#3169);
#3169=AXIS2_PLACEMENT_3D('',#68,#3170,#3171);
#3170=DIRECTION('',(0,0,1));
#3171=DIRECTION('',(0.9996354147089738,0.02700069739132611,0));
#3172=FACE_BOUND('',#3173,.T.);
#3173=EDGE_LOOP('',(#3174,#3175,#3176));
#3174=ORIENTED_EDGE('',*,*,#3177,.T.);
#3175=ORIENTED_EDGE('',*,*,#3178,.T.);
#3176=ORIENTED_EDGE('',*,*,#3179,.T.);
#3177=EDGE_CURVE('',#69,#203,#3180,.F.);
#3178=EDGE_CURVE('',#203,#181,#3181,.T.);
#3179=EDGE_CURVE('',#181,#69,#3182,.T.);
#3180=LINE('',#68,#3183);
#3181=LINE('',#202,#3184);
#3182=LINE('',#180,#3185);
#3183=VECTOR('',#3186,1.0);
#3184=VECTOR('',#3187,1.0);
#3185=VECTOR('',#3188,1.0);
#3186=DIRECTION('',(0.9996354147089738,0.02700069739132611,0));
#3187=DIRECTION('',(0.8660020451867758,0.5000404560956259,0));
#3188=DIRECTION('',(-0.9994279562285966,-0.03381952555448493,0));
#3189=FACE_SURFACE('',(#3194),#3190,.T.);
#3190=PLANE('',#3191);
#3191=AXIS2_PLACEMENT_3D('',#68,#3192,#3193);
#3192=DIRECTION('',(0,0,1));
#3193=DIRECTION('',(-0.24436741781235893,0.9696827136294223,0));
#3194=FACE_BOUND('',#3195,.T.);
#3195=EDGE_LOOP('',(#3196,#3197,#3198));
#3196=ORIENTED_EDGE('',*,*,#3199,.T.);
#3197=ORIENTED_EDGE('',*,*,#3200,.T.);
#3198=ORIENTED_EDGE('',*,*,#3201,.T.);
#3199=EDGE_CURVE('',#69,#207,#3202,.F.);
#3200=EDGE_CURVE('',#207,#205,#3203,.T.);
#3201=EDGE_CURVE('',#205,#69,#3204,.T.);
#3202=LINE('',#68,#3205);
#3203=LINE('',#206,#3206);
#3204=LINE('',#204,#3207);
#3205=VECTOR('',#3208,1.0);
#3206=VECTOR('',#3209,1.0);
#3207=VECTOR('',#3210,1.0);
#3208=DIRECTION('',(-0.24436741781235893,0.9696827136294223,0));
#3209=DIRECTION('',(0,-1,0));
#3210=DIRECTION('',(0.9851034324681867,-0.17196286616417175,0));
#3211=FACE_SURFACE('',(#3216),#3212,.T.);
#3212=PLANE('',#3213);
#3213=AXIS2_PLACEMENT_3D('',#68,#3214,#3215);
#3214=DIRECTION('',(0,-0,1));
#3215=DIRECTION('',(0,1,0));
#3216=FACE_BOUND('',#3217,.T.);
#3217=EDGE_LOOP('',(#3218,#3219,#3220));
#3218=ORIENTED_EDGE('',*,*,#3221,.T.);
#3219=ORIENTED_EDGE('',*,*,#3222,.T.);
#3220=ORIENTED_EDGE('',*,*,#3223,.T.);
#3221=EDGE_CURVE('',#69,#209,#3224,.F.);
#3222=EDGE_CURVE('',#209,#207,#3225,.T.);
#3223=EDGE_CURVE('',#207,#69,#3226,.T.);
#3224=LINE('',#68,#3227);
#3225=LINE('',#208,#3228);
#3226=LINE('',#206,#3229);
#3227=VECTOR('',#3230,1.0);
#3228=VECTOR('',#3231,1.0);
#3229=VECTOR('',#3232,1.0);
#3230=DIRECTION('',(0,1,0));
#3231=DIRECTION('',(-0.9851034324681867,-0.17196286616417175,0));
#3232=DIRECTION('',(0.24436741781235893,-0.9696827136294223,0));
#3233=FACE_SURFACE('',(#3238),#3234,.T.);
#3234=PLANE('',#3235);
#3235=AXIS2_PLACEMENT_3D('',#68,#3236,#3237);
#3236=DIRECTION('',(0,0,1));
#3237=DIRECTION('',(0.5199096600598029,0.8542212508340566,0));
#3238=FACE_BOUND('',#3239,.T.);
#3239=EDGE_LOOP('',(#3240,#3241,#3242));
#3240=ORIENTED_EDGE('',*,*,#3243,.T.);
#3241=ORIENTED_EDGE('',*,*,#3244,.T.);
#3242=ORIENTED_EDGE('',*,*,#3245,.T.);
#3243=EDGE_CURVE('',#69,#211,#3246,.F.);
#3244=EDGE_CURVE('',#211,#209,#3247,.T.);
#3245=EDGE_CURVE('',#209,#69,#3248,.T.);
#3246=LINE('',#68,#3249);
#3247=LINE('',#210,#3250);
#3248=LINE('',#208,#3251);
#3249=VECTOR('',#3252,1.0);
#3250=VECTOR('',#3253,1.0);
#3251=VECTOR('',#3254,1.0);
#3252=DIRECTION('',(0.5199096600598029,0.8542212508340566,0));
#3253=DIRECTION('',(-0.9999838740879633,0.005679046049153048,0));
#3254=DIRECTION('',(0,-1,0));
#3255=FACE_SURFACE('',(#3260),#3256,.T.);
#3256=PLANE('',#3257);
#3257=AXIS2_PLACEMENT_3D('',#68,#3258,#3259);
#3258=DIRECTION('',(0,0,1));
#3259=DIRECTION('',(0.5259755791361361,0.8504996708714273,0));
#3260=FACE_BOUND('',#3261,.T.);
#3261=EDGE_LOOP('',(#3262,#3263,#3264));
#3262=ORIENTED_EDGE('',*,*,#3265,.T.);
#3263=ORIENTED_EDGE('',*,*,#3266,.T.);
#3264=ORIENTED_EDGE('',*,*,#3267,.T.);
#3265=EDGE_CURVE('',#69,#213,#3268,.F.);
#3266=EDGE_CURVE('',#213,#211,#3269,.T.);
#3267=EDGE_CURVE('',#211,#69,#3270,.T.);
#3268=LINE('',#68,#3271);
#3269=LINE('',#212,#3272);
#3270=LINE('',#210,#3273);
#3271=VECTOR('',#3274,1.0);
#3272=VECTOR('',#3275,1.0);
#3273=VECTOR('',#3276,1.0);
#3274=DIRECTION('',(0.5259755791361361,0.8504996708714273,0));
#3275=DIRECTION('',(-0.5877853774363001,0.8090169034526202,0));
#3276=DIRECTION('',(-0.5199096600598029,-0.8542212508340566,0));
#3277=FACE_SURFACE('',(#3282),#3278,.T.);
#3278=PLANE('',#3279);
#3279=AXIS2_PLACEMENT_3D('',#68,#3280,#3281);
#3280=DIRECTION('',(0,0,1));
#3281=DIRECTION('',(0.5509242791043001,0.8345552340578827,0));
#3282=FACE_BOUND('',#3283,.T.);
#3283=EDGE_LOOP('',(#3284,#3285,#3286));
#3284=ORIENTED_EDGE('',*,*,#3287,.T.);
#3285=ORIENTED_EDGE('',*,*,#3288,.T.);
#3286=ORIENTED_EDGE('',*,*,#3289,.T.);
#3287=EDGE_CURVE('',#69,#73,#3290,.F.);
#3288=EDGE_CURVE('',#73,#215,#3291,.T.);
#3289=EDGE_CURVE('',#215,#69,#3292,.T.);
#3290=LINE('',#68,#3293);
#3291=LINE('',#72,#3294);
#3292=LINE('',#214,#3295);
#3293=VECTOR('',#3296,1.0);
#3294=VECTOR('',#3297,1.0);
#3295=VECTOR('',#3298,1.0);
#3296=DIRECTION('',(0.5509242791043001,0.8345552340578827,0));
#3297=DIRECTION('',(-0.9945222383818817,0.10452519965965905,0));
#3298=DIRECTION('',(-0.5452041222160926,-0.8383033252460471,0));
#3299=FACE_SURFACE('',(#3304),#3300,.T.);
#3300=PLANE('',#3301);
#3301=AXIS2_PLACEMENT_3D('',#68,#3302,#3303);
#3302=DIRECTION('',(0,0,1));
#3303=DIRECTION('',(0.5324238365425542,0.846477913640579,0));
#3304=FACE_BOUND('',#3305,.T.);
#3305=EDGE_LOOP('',(#3306,#3307,#3308));
#3306=ORIENTED_EDGE('',*,*,#3309,.T.);
#3307=ORIENTED_EDGE('',*,*,#3310,.T.);
#3308=ORIENTED_EDGE('',*,*,#3311,.T.);
#3309=EDGE_CURVE('',#69,#217,#3312,.F.);
#3310=EDGE_CURVE('',#217,#213,#3313,.T.);
#3311=EDGE_CURVE('',#213,#69,#3314,.T.);
#3312=LINE('',#68,#3315);
#3313=LINE('',#216,#3316);
#3314=LINE('',#212,#3317);
#3315=VECTOR('',#3318,1.0);
#3316=VECTOR('',#3319,1.0);
#3317=VECTOR('',#3320,1.0);
#3318=DIRECTION('',(0.5324238365425542,0.846477913640579,0));
#3319=DIRECTION('',(-0.7431598501991354,0.6691139193381039,0));
#3320=DIRECTION('',(-0.5259755791361361,-0.8504996708714273,0));
#3321=FACE_SURFACE('',(#3326),#3322,.T.);
#3322=PLANE('',#3323);
#3323=AXIS2_PLACEMENT_3D('',#68,#3324,#3325);
#3324=DIRECTION('',(0,0,1));
#3325=DIRECTION('',(0.5452041222160926,0.8383033252460471,0));
#3326=FACE_BOUND('',#3327,.T.);
#3327=EDGE_LOOP('',(#3328,#3329,#3330));
#3328=ORIENTED_EDGE('',*,*,#3331,.T.);
#3329=ORIENTED_EDGE('',*,*,#3332,.T.);
#3330=ORIENTED_EDGE('',*,*,#3333,.T.);
#3331=EDGE_CURVE('',#69,#215,#3334,.F.);
#3332=EDGE_CURVE('',#215,#219,#3335,.T.);
#3333=EDGE_CURVE('',#219,#69,#3336,.T.);
#3334=LINE('',#68,#3337);
#3335=LINE('',#214,#3338);
#3336=LINE('',#218,#3339);
#3337=VECTOR('',#3340,1.0);
#3338=VECTOR('',#3341,1.0);
#3339=VECTOR('',#3342,1.0);
#3340=DIRECTION('',(0.5452041222160926,0.8383033252460471,0));
#3341=DIRECTION('',(-0.9510608845736482,0.3090035498727966,0));
#3342=DIRECTION('',(-0.538938573507687,-0.8423450682383672,0));
#3343=FACE_SURFACE('',(#3348),#3344,.T.);
#3344=PLANE('',#3345);
#3345=AXIS2_PLACEMENT_3D('',#68,#3346,#3347);
#3346=DIRECTION('',(0,0,1));
#3347=DIRECTION('',(0.538938573507687,0.8423450682383672,0));
#3348=FACE_BOUND('',#3349,.T.);
#3349=EDGE_LOOP('',(#3350,#3351,#3352));
#3350=ORIENTED_EDGE('',*,*,#3353,.T.);
#3351=ORIENTED_EDGE('',*,*,#3354,.T.);
#3352=ORIENTED_EDGE('',*,*,#3355,.T.);
#3353=EDGE_CURVE('',#69,#219,#3356,.F.);
#3354=EDGE_CURVE('',#219,#217,#3357,.T.);
#3355=EDGE_CURVE('',#217,#69,#3358,.T.);
#3356=LINE('',#68,#3359);
#3357=LINE('',#218,#3360);
#3358=LINE('',#216,#3361);
#3359=VECTOR('',#3362,1.0);
#3360=VECTOR('',#3363,1.0);
#3361=VECTOR('',#3364,1.0);
#3362=DIRECTION('',(0.538938573507687,0.8423450682383672,0));
#3363=DIRECTION('',(-0.8660178482500572,0.5000130863410887,0));
#3364=DIRECTION('',(-0.5324238365425542,-0.846477913640579,0));
#3365=FACE_SURFACE('',(#3370),#3366,.T.);
#3366=PLANE('',#3367);
#3367=AXIS2_PLACEMENT_3D('',#70,#3368,#3369);
#3368=DIRECTION('',(0.2079486694374834,0.9781397399549719,0));
#3369=DIRECTION('',(0,0,-1));
#3370=FACE_BOUND('',#3371,.T.);
#3371=EDGE_LOOP('',(#3372,#3373,#3374));
#3372=ORIENTED_EDGE('',*,*,#3375,.T.);
#3373=ORIENTED_EDGE('',*,*,#3376,.T.);
#3374=ORIENTED_EDGE('',*,*,#3377,.T.);
#3375=EDGE_CURVE('',#71,#129,#3378,.F.);
#3376=EDGE_CURVE('',#129,#133,#3379,.T.);
#3377=EDGE_CURVE('',#133,#71,#3380,.T.);
#3378=LINE('',#70,#3381);
#3379=LINE('',#128,#3382);
#3380=LINE('',#132,#3383);
#3381=VECTOR('',#3384,1.0);
#3382=VECTOR('',#3385,1.0);
#3383=VECTOR('',#3386,1.0);
#3384=DIRECTION('',(0,0,-1));
#3385=DIRECTION('',(-0.978139739954972,0.2079486694374834,0));
#3386=DIRECTION('',(0.10838601821233454,-0.02304244204812634,0.9938417967264882));
#3387=FACE_SURFACE('',(#3392),#3388,.T.);
#3388=PLANE('',#3389);
#3389=AXIS2_PLACEMENT_3D('',#70,#3390,#3391);
#3390=DIRECTION('',(0.2079486694374834,0.9781397399549719,0));
#3391=DIRECTION('',(-0.10838601821233454,0.02304244204812634,-0.9938417967264882));
#3392=FACE_BOUND('',#3393,.T.);
#3393=EDGE_LOOP('',(#3394,#3395,#3396));
#3394=ORIENTED_EDGE('',*,*,#3397,.T.);
#3395=ORIENTED_EDGE('',*,*,#3398,.T.);
#3396=ORIENTED_EDGE('',*,*,#3399,.T.);
#3397=EDGE_CURVE('',#71,#133,#3400,.F.);
#3398=EDGE_CURVE('',#133,#75,#3401,.T.);
#3399=EDGE_CURVE('',#75,#71,#3402,.T.);
#3400=LINE('',#70,#3403);
#3401=LINE('',#132,#3404);
#3402=LINE('',#74,#3405);
#3403=VECTOR('',#3406,1.0);
#3404=VECTOR('',#3407,1.0);
#3405=VECTOR('',#3408,1.0);
#3406=DIRECTION('',(-0.10838601821233454,0.02304244204812634,-0.9938417967264882));
#3407=DIRECTION('',(0,0,1));
#3408=DIRECTION('',(0.978139739954972,-0.2079486694374834,0));
#3409=FACE_SURFACE('',(#3414),#3410,.T.);
#3410=PLANE('',#3411);
#3411=AXIS2_PLACEMENT_3D('',#220,#3412,#3413);
#3412=DIRECTION('',(0,1,0));
#3413=DIRECTION('',(-0.11080435117600498,0,-0.99384223886916));
#3414=FACE_BOUND('',#3415,.T.);
#3415=EDGE_LOOP('',(#3416,#3417,#3418));
#3416=ORIENTED_EDGE('',*,*,#3419,.T.);
#3417=ORIENTED_EDGE('',*,*,#3420,.T.);
#3418=ORIENTED_EDGE('',*,*,#3421,.T.);
#3419=EDGE_CURVE('',#221,#129,#3422,.F.);
#3420=EDGE_CURVE('',#129,#71,#3423,.T.);
#3421=EDGE_CURVE('',#71,#221,#3424,.T.);
#3422=LINE('',#220,#3425);
#3423=LINE('',#128,#3426);
#3424=LINE('',#70,#3427);
#3425=VECTOR('',#3428,1.0);
#3426=VECTOR('',#3429,1.0);
#3427=VECTOR('',#3430,1.0);
#3428=DIRECTION('',(-0.11080435117600498,0,-0.99384223886916));
#3429=DIRECTION('',(0,0,1));
#3430=DIRECTION('',(1,0,0));
#3431=FACE_SURFACE('',(#3436),#3432,.T.);
#3432=PLANE('',#3433);
#3433=AXIS2_PLACEMENT_3D('',#70,#3434,#3435);
#3434=DIRECTION('',(-0,0,1));
#3435=DIRECTION('',(0.6590292803811002,-0.7521172831416448,0));
#3436=FACE_BOUND('',#3437,.T.);
#3437=EDGE_LOOP('',(#3438,#3439,#3440));
#3438=ORIENTED_EDGE('',*,*,#3441,.T.);
#3439=ORIENTED_EDGE('',*,*,#3442,.T.);
#3440=ORIENTED_EDGE('',*,*,#3443,.T.);
#3441=EDGE_CURVE('',#71,#223,#3444,.F.);
#3442=EDGE_CURVE('',#223,#221,#3445,.T.);
#3443=EDGE_CURVE('',#221,#71,#3446,.T.);
#3444=LINE('',#70,#3447);
#3445=LINE('',#222,#3448);
#3446=LINE('',#220,#3449);
#3447=VECTOR('',#3450,1.0);
#3448=VECTOR('',#3451,1.0);
#3449=VECTOR('',#3452,1.0);
#3450=DIRECTION('',(0.6590292803811002,-0.7521172831416448,0));
#3451=DIRECTION('',(-0.6130754966118642,0.7900243258622586,0));
#3452=DIRECTION('',(-1,0,0));
#3453=FACE_SURFACE('',(#3458),#3454,.T.);
#3454=PLANE('',#3455);
#3455=AXIS2_PLACEMENT_3D('',#70,#3456,#3457);
#3456=DIRECTION('',(0,0,1));
#3457=DIRECTION('',(-0.41878028961359864,-0.9080875888542639,0));
#3458=FACE_BOUND('',#3459,.T.);
#3459=EDGE_LOOP('',(#3460,#3461,#3462));
#3460=ORIENTED_EDGE('',*,*,#3463,.T.);
#3461=ORIENTED_EDGE('',*,*,#3464,.T.);
#3462=ORIENTED_EDGE('',*,*,#3465,.T.);
#3463=EDGE_CURVE('',#71,#225,#3466,.F.);
#3464=EDGE_CURVE('',#225,#223,#3467,.T.);
#3465=EDGE_CURVE('',#223,#71,#3468,.T.);
#3466=LINE('',#70,#3469);
#3467=LINE('',#224,#3470);
#3468=LINE('',#222,#3471);
#3469=VECTOR('',#3472,1.0);
#3470=VECTOR('',#3473,1.0);
#3471=VECTOR('',#3474,1.0);
#3472=DIRECTION('',(-0.41878028961359864,-0.9080875888542639,0));
#3473=DIRECTION('',(0.7071057392497201,0.7071078231218397,0));
#3474=DIRECTION('',(-0.6590292803811002,0.7521172831416448,0));
#3475=FACE_SURFACE('',(#3480),#3476,.T.);
#3476=PLANE('',#3477);
#3477=AXIS2_PLACEMENT_3D('',#70,#3478,#3479);
#3478=DIRECTION('',(0,0,1));
#3479=DIRECTION('',(-0.7710736491668926,-0.6367459678399634,0));
#3480=FACE_BOUND('',#3481,.T.);
#3481=EDGE_LOOP('',(#3482,#3483,#3484));
#3482=ORIENTED_EDGE('',*,*,#3485,.T.);
#3483=ORIENTED_EDGE('',*,*,#3486,.T.);
#3484=ORIENTED_EDGE('',*,*,#3487,.T.);
#3485=EDGE_CURVE('',#71,#227,#3488,.F.);
#3486=EDGE_CURVE('',#227,#225,#3489,.T.);
#3487=EDGE_CURVE('',#225,#71,#3490,.T.);
#3488=LINE('',#70,#3491);
#3489=LINE('',#226,#3492);
#3490=LINE('',#224,#3493);
#3491=VECTOR('',#3494,1.0);
#3492=VECTOR('',#3495,1.0);
#3493=VECTOR('',#3496,1.0);
#3494=DIRECTION('',(-0.7710736491668926,-0.6367459678399634,0));
#3495=DIRECTION('',(0.8349807380114931,-0.5502791720116095,0));
#3496=DIRECTION('',(0.41878028961359864,0.9080875888542639,0));
#3497=FACE_SURFACE('',(#3502),#3498,.T.);
#3498=PLANE('',#3499);
#3499=AXIS2_PLACEMENT_3D('',#70,#3500,#3501);
#3500=DIRECTION('',(0,0,1));
#3501=DIRECTION('',(-0.7858020836306255,-0.6184780395145549,0));
#3502=FACE_BOUND('',#3503,.T.);
#3503=EDGE_LOOP('',(#3504,#3505,#3506));
#3504=ORIENTED_EDGE('',*,*,#3507,.T.);
#3505=ORIENTED_EDGE('',*,*,#3508,.T.);
#3506=ORIENTED_EDGE('',*,*,#3509,.T.);
#3507=EDGE_CURVE('',#71,#183,#3510,.F.);
#3508=EDGE_CURVE('',#183,#227,#3511,.T.);
#3509=EDGE_CURVE('',#227,#71,#3512,.T.);
#3510=LINE('',#70,#3513);
#3511=LINE('',#182,#3514);
#3512=LINE('',#226,#3515);
#3513=VECTOR('',#3516,1.0);
#3514=VECTOR('',#3517,1.0);
#3515=VECTOR('',#3518,1.0);
#3516=DIRECTION('',(-0.7858020836306255,-0.6184780395145549,0));
#3517=DIRECTION('',(0.865983793515521,-0.500072064175222,0));
#3518=DIRECTION('',(0.7710736491668926,0.6367459678399634,0));
#3519=FACE_SURFACE('',(#3524),#3520,.T.);
#3520=PLANE('',#3521);
#3521=AXIS2_PLACEMENT_3D('',#228,#3522,#3523);
#3522=DIRECTION('',(0.10452519965965906,0.9945222383818818,0));
#3523=DIRECTION('',(0.11019775351092108,-0.011581884992854237,0.9938421982695033));
#3524=FACE_BOUND('',#3525,.T.);
#3525=EDGE_LOOP('',(#3526,#3527,#3528));
#3526=ORIENTED_EDGE('',*,*,#3529,.T.);
#3527=ORIENTED_EDGE('',*,*,#3530,.T.);
#3528=ORIENTED_EDGE('',*,*,#3531,.T.);
#3529=EDGE_CURVE('',#229,#73,#3532,.F.);
#3530=EDGE_CURVE('',#73,#127,#3533,.T.);
#3531=EDGE_CURVE('',#127,#229,#3534,.T.);
#3532=LINE('',#228,#3535);
#3533=LINE('',#72,#3536);
#3534=LINE('',#126,#3537);
#3535=VECTOR('',#3538,1.0);
#3536=VECTOR('',#3539,1.0);
#3537=VECTOR('',#3540,1.0);
#3538=DIRECTION('',(0.11019775351092108,-0.011581884992854237,0.9938421982695033));
#3539=DIRECTION('',(0,0,-1));
#3540=DIRECTION('',(-0.9945222383818817,0.10452519965965905,0));
#3541=FACE_SURFACE('',(#3546),#3542,.T.);
#3542=PLANE('',#3543);
#3543=AXIS2_PLACEMENT_3D('',#76,#3544,#3545);
#3544=DIRECTION('',(-0.10451002633369907,0.9945238329953333,0));
#3545=DIRECTION('',(-0.11021373285346238,-0.011581864346236011,-0.9938404265820399));
#3546=FACE_BOUND('',#3547,.T.);
#3547=EDGE_LOOP('',(#3548,#3549,#3550));
#3548=ORIENTED_EDGE('',*,*,#3551,.T.);
#3549=ORIENTED_EDGE('',*,*,#3552,.T.);
#3550=ORIENTED_EDGE('',*,*,#3553,.T.);
#3551=EDGE_CURVE('',#77,#127,#3554,.F.);
#3552=EDGE_CURVE('',#127,#73,#3555,.T.);
#3553=EDGE_CURVE('',#73,#77,#3556,.T.);
#3554=LINE('',#76,#3557);
#3555=LINE('',#126,#3558);
#3556=LINE('',#72,#3559);
#3557=VECTOR('',#3560,1.0);
#3558=VECTOR('',#3561,1.0);
#3559=VECTOR('',#3562,1.0);
#3560=DIRECTION('',(-0.11021373285346238,-0.011581864346236011,-0.9938404265820399));
#3561=DIRECTION('',(0,0,1));
#3562=DIRECTION('',(0.9945238329953333,0.10451002633369907,0));
#3563=FACE_SURFACE('',(#3568),#3564,.T.);
#3564=PLANE('',#3565);
#3565=AXIS2_PLACEMENT_3D('',#228,#3566,#3567);
#3566=DIRECTION('',(0.10452519965965906,0.9945222383818818,-0));
#3567=DIRECTION('',(0,0,1));
#3568=FACE_BOUND('',#3569,.T.);
#3569=EDGE_LOOP('',(#3570,#3571,#3572));
#3570=ORIENTED_EDGE('',*,*,#3573,.T.);
#3571=ORIENTED_EDGE('',*,*,#3574,.T.);
#3572=ORIENTED_EDGE('',*,*,#3575,.T.);
#3573=EDGE_CURVE('',#229,#215,#3576,.F.);
#3574=EDGE_CURVE('',#215,#73,#3577,.T.);
#3575=EDGE_CURVE('',#73,#229,#3578,.T.);
#3576=LINE('',#228,#3579);
#3577=LINE('',#214,#3580);
#3578=LINE('',#72,#3581);
#3579=VECTOR('',#3582,1.0);
#3580=VECTOR('',#3583,1.0);
#3581=VECTOR('',#3584,1.0);
#3582=DIRECTION('',(0,0,1));
#3583=DIRECTION('',(0.9945222383818817,-0.10452519965965905,0));
#3584=DIRECTION('',(-0.11019775351092108,0.011581884992854237,-0.9938421982695033));
#3585=FACE_SURFACE('',(#3590),#3586,.T.);
#3586=PLANE('',#3587);
#3587=AXIS2_PLACEMENT_3D('',#74,#3588,#3589);
#3588=DIRECTION('',(0.40673772582118234,0.913544975572529,0));
#3589=DIRECTION('',(0,0,-1));
#3590=FACE_BOUND('',#3591,.T.);
#3591=EDGE_LOOP('',(#3592,#3593,#3594));
#3592=ORIENTED_EDGE('',*,*,#3595,.T.);
#3593=ORIENTED_EDGE('',*,*,#3596,.T.);
#3594=ORIENTED_EDGE('',*,*,#3597,.T.);
#3595=EDGE_CURVE('',#75,#133,#3598,.F.);
#3596=EDGE_CURVE('',#133,#137,#3599,.T.);
#3597=EDGE_CURVE('',#137,#75,#3600,.T.);
#3598=LINE('',#74,#3601);
#3599=LINE('',#132,#3602);
#3600=LINE('',#136,#3603);
#3601=VECTOR('',#3604,1.0);
#3602=VECTOR('',#3605,1.0);
#3603=VECTOR('',#3606,1.0);
#3604=DIRECTION('',(0,0,-1));
#3605=DIRECTION('',(-0.913544975572529,0.40673772582118234,0));
#3606=DIRECTION('',(0.10122822402151148,-0.045069852857132685,0.9938418158967186));
#3607=FACE_SURFACE('',(#3612),#3608,.T.);
#3608=PLANE('',#3609);
#3609=AXIS2_PLACEMENT_3D('',#74,#3610,#3611);
#3610=DIRECTION('',(0.40673772582118234,0.913544975572529,0));
#3611=DIRECTION('',(-0.10122822402151148,0.045069852857132685,-0.9938418158967186));
#3612=FACE_BOUND('',#3613,.T.);
#3613=EDGE_LOOP('',(#3614,#3615,#3616));
#3614=ORIENTED_EDGE('',*,*,#3617,.T.);
#3615=ORIENTED_EDGE('',*,*,#3618,.T.);
#3616=ORIENTED_EDGE('',*,*,#3619,.T.);
#3617=EDGE_CURVE('',#75,#137,#3620,.F.);
#3618=EDGE_CURVE('',#137,#79,#3621,.T.);
#3619=EDGE_CURVE('',#79,#75,#3622,.T.);
#3620=LINE('',#74,#3623);
#3621=LINE('',#136,#3624);
#3622=LINE('',#78,#3625);
#3623=VECTOR('',#3626,1.0);
#3624=VECTOR('',#3627,1.0);
#3625=VECTOR('',#3628,1.0);
#3626=DIRECTION('',(-0.10122822402151148,0.045069852857132685,-0.9938418158967186));
#3627=DIRECTION('',(0,0,1));
#3628=DIRECTION('',(0.913544975572529,-0.40673772582118234,0));
#3629=FACE_SURFACE('',(#3634),#3630,.T.);
#3630=PLANE('',#3631);
#3631=AXIS2_PLACEMENT_3D('',#76,#3632,#3633);
#3632=DIRECTION('',(-0.10451002633369907,0.9945238329953333,0));
#3633=DIRECTION('',(0,0,-1));
#3634=FACE_BOUND('',#3635,.T.);
#3635=EDGE_LOOP('',(#3636,#3637,#3638));
#3636=ORIENTED_EDGE('',*,*,#3639,.T.);
#3637=ORIENTED_EDGE('',*,*,#3640,.T.);
#3638=ORIENTED_EDGE('',*,*,#3641,.T.);
#3639=EDGE_CURVE('',#77,#131,#3642,.F.);
#3640=EDGE_CURVE('',#131,#127,#3643,.T.);
#3641=EDGE_CURVE('',#127,#77,#3644,.T.);
#3642=LINE('',#76,#3645);
#3643=LINE('',#130,#3646);
#3644=LINE('',#126,#3647);
#3645=VECTOR('',#3648,1.0);
#3646=VECTOR('',#3649,1.0);
#3647=VECTOR('',#3650,1.0);
#3648=DIRECTION('',(0,0,-1));
#3649=DIRECTION('',(-0.9945238329953333,-0.10451002633369907,0));
#3650=DIRECTION('',(0.11021373285346238,0.011581864346236011,0.9938404265820399));
#3651=FACE_SURFACE('',(#3656),#3652,.T.);
#3652=PLANE('',#3653);
#3653=AXIS2_PLACEMENT_3D('',#80,#3654,#3655);
#3654=DIRECTION('',(-0.3090035498727966,0.9510608845736482,0));
#3655=DIRECTION('',(-0.10538540598534421,-0.034240147063618935,-0.9938418025693857));
#3656=FACE_BOUND('',#3657,.T.);
#3657=EDGE_LOOP('',(#3658,#3659,#3660));
#3658=ORIENTED_EDGE('',*,*,#3661,.T.);
#3659=ORIENTED_EDGE('',*,*,#3662,.T.);
#3660=ORIENTED_EDGE('',*,*,#3663,.T.);
#3661=EDGE_CURVE('',#81,#131,#3664,.F.);
#3662=EDGE_CURVE('',#131,#77,#3665,.T.);
#3663=EDGE_CURVE('',#77,#81,#3666,.T.);
#3664=LINE('',#80,#3667);
#3665=LINE('',#130,#3668);
#3666=LINE('',#76,#3669);
#3667=VECTOR('',#3670,1.0);
#3668=VECTOR('',#3671,1.0);
#3669=VECTOR('',#3672,1.0);
#3670=DIRECTION('',(-0.10538540598534421,-0.034240147063618935,-0.9938418025693857));
#3671=DIRECTION('',(0,0,1));
#3672=DIRECTION('',(0.9510608845736482,0.3090035498727966,0));
#3673=FACE_SURFACE('',(#3678),#3674,.T.);
#3674=PLANE('',#3675);
#3675=AXIS2_PLACEMENT_3D('',#78,#3676,#3677);
#3676=DIRECTION('',(0.5877506703164386,0.8090421185220069,0));
#3677=DIRECTION('',(0,0,-1));
#3678=FACE_BOUND('',#3679,.T.);
#3679=EDGE_LOOP('',(#3680,#3681,#3682));
#3680=ORIENTED_EDGE('',*,*,#3683,.T.);
#3681=ORIENTED_EDGE('',*,*,#3684,.T.);
#3682=ORIENTED_EDGE('',*,*,#3685,.T.);
#3683=EDGE_CURVE('',#79,#137,#3686,.F.);
#3684=EDGE_CURVE('',#137,#141,#3687,.T.);
#3685=EDGE_CURVE('',#141,#79,#3688,.T.);
#3686=LINE('',#78,#3689);
#3687=LINE('',#136,#3690);
#3688=LINE('',#140,#3691);
#3689=VECTOR('',#3692,1.0);
#3690=VECTOR('',#3693,1.0);
#3691=VECTOR('',#3694,1.0);
#3692=DIRECTION('',(0,0,-1));
#3693=DIRECTION('',(-0.8090421185220069,0.5877506703164386,0));
#3694=DIRECTION('',(0.089654358017982,-0.06513184890562101,0.9938410025484553));
#3695=FACE_SURFACE('',(#3700),#3696,.T.);
#3696=PLANE('',#3697);
#3697=AXIS2_PLACEMENT_3D('',#78,#3698,#3699);
#3698=DIRECTION('',(0.5877506703164386,0.8090421185220069,0));
#3699=DIRECTION('',(-0.089654358017982,0.06513184890562101,-0.9938410025484553));
#3700=FACE_BOUND('',#3701,.T.);
#3701=EDGE_LOOP('',(#3702,#3703,#3704));
#3702=ORIENTED_EDGE('',*,*,#3705,.T.);
#3703=ORIENTED_EDGE('',*,*,#3706,.T.);
#3704=ORIENTED_EDGE('',*,*,#3707,.T.);
#3705=EDGE_CURVE('',#79,#141,#3708,.F.);
#3706=EDGE_CURVE('',#141,#83,#3709,.T.);
#3707=EDGE_CURVE('',#83,#79,#3710,.T.);
#3708=LINE('',#78,#3711);
#3709=LINE('',#140,#3712);
#3710=LINE('',#82,#3713);
#3711=VECTOR('',#3714,1.0);
#3712=VECTOR('',#3715,1.0);
#3713=VECTOR('',#3716,1.0);
#3714=DIRECTION('',(-0.089654358017982,0.06513184890562101,-0.9938410025484553));
#3715=DIRECTION('',(0,0,1));
#3716=DIRECTION('',(0.8090421185220069,-0.5877506703164386,0));
#3717=FACE_SURFACE('',(#3722),#3718,.T.);
#3718=PLANE('',#3719);
#3719=AXIS2_PLACEMENT_3D('',#80,#3720,#3721);
#3720=DIRECTION('',(-0.3090035498727966,0.9510608845736482,0));
#3721=DIRECTION('',(0,0,-1));
#3722=FACE_BOUND('',#3723,.T.);
#3723=EDGE_LOOP('',(#3724,#3725,#3726));
#3724=ORIENTED_EDGE('',*,*,#3727,.T.);
#3725=ORIENTED_EDGE('',*,*,#3728,.T.);
#3726=ORIENTED_EDGE('',*,*,#3729,.T.);
#3727=EDGE_CURVE('',#81,#135,#3730,.F.);
#3728=EDGE_CURVE('',#135,#131,#3731,.T.);
#3729=EDGE_CURVE('',#131,#81,#3732,.T.);
#3730=LINE('',#80,#3733);
#3731=LINE('',#134,#3734);
#3732=LINE('',#130,#3735);
#3733=VECTOR('',#3736,1.0);
#3734=VECTOR('',#3737,1.0);
#3735=VECTOR('',#3738,1.0);
#3736=DIRECTION('',(0,0,-1));
#3737=DIRECTION('',(-0.9510608845736482,-0.3090035498727966,0));
#3738=DIRECTION('',(0.10538540598534421,0.034240147063618935,0.9938418025693857));
#3739=FACE_SURFACE('',(#3744),#3740,.T.);
#3740=PLANE('',#3741);
#3741=AXIS2_PLACEMENT_3D('',#84,#3742,#3743);
#3742=DIRECTION('',(-0.5000446938442581,0.8659995982436725,0));
#3743=DIRECTION('',(-0.0959549698496569,-0.05540623069412294,-0.9938424389013688));
#3744=FACE_BOUND('',#3745,.T.);
#3745=EDGE_LOOP('',(#3746,#3747,#3748));
#3746=ORIENTED_EDGE('',*,*,#3749,.T.);
#3747=ORIENTED_EDGE('',*,*,#3750,.T.);
#3748=ORIENTED_EDGE('',*,*,#3751,.T.);
#3749=EDGE_CURVE('',#85,#135,#3752,.F.);
#3750=EDGE_CURVE('',#135,#81,#3753,.T.);
#3751=EDGE_CURVE('',#81,#85,#3754,.T.);
#3752=LINE('',#84,#3755);
#3753=LINE('',#134,#3756);
#3754=LINE('',#80,#3757);
#3755=VECTOR('',#3758,1.0);
#3756=VECTOR('',#3759,1.0);
#3757=VECTOR('',#3760,1.0);
#3758=DIRECTION('',(-0.0959549698496569,-0.05540623069412294,-0.9938424389013688));
#3759=DIRECTION('',(0,0,1));
#3760=DIRECTION('',(0.8659995982436726,0.5000446938442581,0));
#3761=FACE_SURFACE('',(#3766),#3762,.T.);
#3762=PLANE('',#3763);
#3763=AXIS2_PLACEMENT_3D('',#82,#3764,#3765);
#3764=DIRECTION('',(0.7431253634934694,0.6691522204496515,0));
#3765=DIRECTION('',(0,0,-1));
#3766=FACE_BOUND('',#3767,.T.);
#3767=EDGE_LOOP('',(#3768,#3769,#3770));
#3768=ORIENTED_EDGE('',*,*,#3771,.T.);
#3769=ORIENTED_EDGE('',*,*,#3772,.T.);
#3770=ORIENTED_EDGE('',*,*,#3773,.T.);
#3771=EDGE_CURVE('',#83,#141,#3774,.F.);
#3772=EDGE_CURVE('',#141,#145,#3775,.T.);
#3773=EDGE_CURVE('',#145,#83,#3776,.T.);
#3774=LINE('',#82,#3777);
#3775=LINE('',#140,#3778);
#3776=LINE('',#144,#3779);
#3777=VECTOR('',#3780,1.0);
#3778=VECTOR('',#3781,1.0);
#3779=VECTOR('',#3782,1.0);
#3780=DIRECTION('',(0,0,-1));
#3781=DIRECTION('',(-0.6691522204496516,0.7431253634934694,0));
#3782=DIRECTION('',(0.07414988725670046,-0.08234697612391971,0.9938414208227917));
#3783=FACE_SURFACE('',(#3788),#3784,.T.);
#3784=PLANE('',#3785);
#3785=AXIS2_PLACEMENT_3D('',#82,#3786,#3787);
#3786=DIRECTION('',(0.7431253634934694,0.6691522204496515,0));
#3787=DIRECTION('',(-0.07414988725670046,0.08234697612391971,-0.9938414208227917));
#3788=FACE_BOUND('',#3789,.T.);
#3789=EDGE_LOOP('',(#3790,#3791,#3792));
#3790=ORIENTED_EDGE('',*,*,#3793,.T.);
#3791=ORIENTED_EDGE('',*,*,#3794,.T.);
#3792=ORIENTED_EDGE('',*,*,#3795,.T.);
#3793=EDGE_CURVE('',#83,#145,#3796,.F.);
#3794=EDGE_CURVE('',#145,#87,#3797,.T.);
#3795=EDGE_CURVE('',#87,#83,#3798,.T.);
#3796=LINE('',#82,#3799);
#3797=LINE('',#144,#3800);
#3798=LINE('',#86,#3801);
#3799=VECTOR('',#3802,1.0);
#3800=VECTOR('',#3803,1.0);
#3801=VECTOR('',#3804,1.0);
#3802=DIRECTION('',(-0.07414988725670046,0.08234697612391971,-0.9938414208227917));
#3803=DIRECTION('',(0,0,1));
#3804=DIRECTION('',(0.6691522204496516,-0.7431253634934694,0));
#3805=FACE_SURFACE('',(#3810),#3806,.T.);
#3806=PLANE('',#3807);
#3807=AXIS2_PLACEMENT_3D('',#84,#3808,#3809);
#3808=DIRECTION('',(-0.5000446938442581,0.8659995982436725,0));
#3809=DIRECTION('',(0,0,-1));
#3810=FACE_BOUND('',#3811,.T.);
#3811=EDGE_LOOP('',(#3812,#3813,#3814));
#3812=ORIENTED_EDGE('',*,*,#3815,.T.);
#3813=ORIENTED_EDGE('',*,*,#3816,.T.);
#3814=ORIENTED_EDGE('',*,*,#3817,.T.);
#3815=EDGE_CURVE('',#85,#139,#3818,.F.);
#3816=EDGE_CURVE('',#139,#135,#3819,.T.);
#3817=EDGE_CURVE('',#135,#85,#3820,.T.);
#3818=LINE('',#84,#3821);
#3819=LINE('',#138,#3822);
#3820=LINE('',#134,#3823);
#3821=VECTOR('',#3824,1.0);
#3822=VECTOR('',#3825,1.0);
#3823=VECTOR('',#3826,1.0);
#3824=DIRECTION('',(0,0,-1));
#3825=DIRECTION('',(-0.8659995982436726,-0.5000446938442581,0));
#3826=DIRECTION('',(0.0959549698496569,0.05540623069412294,0.9938424389013688));
#3827=FACE_SURFACE('',(#3832),#3828,.T.);
#3828=PLANE('',#3829);
#3829=AXIS2_PLACEMENT_3D('',#88,#3830,#3831);
#3830=DIRECTION('',(-0.6690776267917911,0.7431925250745359,0));
#3831=DIRECTION('',(-0.08235905038809332,-0.07414579145957434,-0.9938407258851918));
#3832=FACE_BOUND('',#3833,.T.);
#3833=EDGE_LOOP('',(#3834,#3835,#3836));
#3834=ORIENTED_EDGE('',*,*,#3837,.T.);
#3835=ORIENTED_EDGE('',*,*,#3838,.T.);
#3836=ORIENTED_EDGE('',*,*,#3839,.T.);
#3837=EDGE_CURVE('',#89,#139,#3840,.F.);
#3838=EDGE_CURVE('',#139,#85,#3841,.T.);
#3839=EDGE_CURVE('',#85,#89,#3842,.T.);
#3840=LINE('',#88,#3843);
#3841=LINE('',#138,#3844);
#3842=LINE('',#84,#3845);
#3843=VECTOR('',#3846,1.0);
#3844=VECTOR('',#3847,1.0);
#3845=VECTOR('',#3848,1.0);
#3846=DIRECTION('',(-0.08235905038809332,-0.07414579145957434,-0.9938407258851918));
#3847=DIRECTION('',(0,0,1));
#3848=DIRECTION('',(0.743192525074536,0.6690776267917911,0));
#3849=FACE_SURFACE('',(#3854),#3850,.T.);
#3850=PLANE('',#3851);
#3851=AXIS2_PLACEMENT_3D('',#86,#3852,#3853);
#3852=DIRECTION('',(0.8660427738981109,0.49996991287363024,0));
#3853=DIRECTION('',(0,0,-1));
#3854=FACE_BOUND('',#3855,.T.);
#3855=EDGE_LOOP('',(#3856,#3857,#3858));
#3856=ORIENTED_EDGE('',*,*,#3859,.T.);
#3857=ORIENTED_EDGE('',*,*,#3860,.T.);
#3858=ORIENTED_EDGE('',*,*,#3861,.T.);
#3859=EDGE_CURVE('',#87,#145,#3862,.F.);
#3860=EDGE_CURVE('',#145,#149,#3863,.T.);
#3861=EDGE_CURVE('',#149,#87,#3864,.T.);
#3862=LINE('',#86,#3865);
#3863=LINE('',#144,#3866);
#3864=LINE('',#148,#3867);
#3865=VECTOR('',#3868,1.0);
#3866=VECTOR('',#3869,1.0);
#3867=VECTOR('',#3870,1.0);
#3868=DIRECTION('',(0,0,-1));
#3869=DIRECTION('',(-0.4999699128736303,0.866042773898111,0));
#3870=DIRECTION('',(0.055402134653466176,-0.09596701149353327,0.9938415045573611));
#3871=FACE_SURFACE('',(#3876),#3872,.T.);
#3872=PLANE('',#3873);
#3873=AXIS2_PLACEMENT_3D('',#86,#3874,#3875);
#3874=DIRECTION('',(0.8660427738981109,0.49996991287363024,0));
#3875=DIRECTION('',(-0.055402134653466176,0.09596701149353327,-0.9938415045573611));
#3876=FACE_BOUND('',#3877,.T.);
#3877=EDGE_LOOP('',(#3878,#3879,#3880));
#3878=ORIENTED_EDGE('',*,*,#3881,.T.);
#3879=ORIENTED_EDGE('',*,*,#3882,.T.);
#3880=ORIENTED_EDGE('',*,*,#3883,.T.);
#3881=EDGE_CURVE('',#87,#149,#3884,.F.);
#3882=EDGE_CURVE('',#149,#91,#3885,.T.);
#3883=EDGE_CURVE('',#91,#87,#3886,.T.);
#3884=LINE('',#86,#3887);
#3885=LINE('',#148,#3888);
#3886=LINE('',#90,#3889);
#3887=VECTOR('',#3890,1.0);
#3888=VECTOR('',#3891,1.0);
#3889=VECTOR('',#3892,1.0);
#3890=DIRECTION('',(-0.055402134653466176,0.09596701149353327,-0.9938415045573611));
#3891=DIRECTION('',(0,0,1));
#3892=DIRECTION('',(0.4999699128736303,-0.866042773898111,0));
#3893=FACE_SURFACE('',(#3898),#3894,.T.);
#3894=PLANE('',#3895);
#3895=AXIS2_PLACEMENT_3D('',#88,#3896,#3897);
#3896=DIRECTION('',(-0.6690776267917911,0.7431925250745359,0));
#3897=DIRECTION('',(0,0,-1));
#3898=FACE_BOUND('',#3899,.T.);
#3899=EDGE_LOOP('',(#3900,#3901,#3902));
#3900=ORIENTED_EDGE('',*,*,#3903,.T.);
#3901=ORIENTED_EDGE('',*,*,#3904,.T.);
#3902=ORIENTED_EDGE('',*,*,#3905,.T.);
#3903=EDGE_CURVE('',#89,#143,#3906,.F.);
#3904=EDGE_CURVE('',#143,#139,#3907,.T.);
#3905=EDGE_CURVE('',#139,#89,#3908,.T.);
#3906=LINE('',#88,#3909);
#3907=LINE('',#142,#3910);
#3908=LINE('',#138,#3911);
#3909=VECTOR('',#3912,1.0);
#3910=VECTOR('',#3913,1.0);
#3911=VECTOR('',#3914,1.0);
#3912=DIRECTION('',(0,0,-1));
#3913=DIRECTION('',(-0.743192525074536,-0.6690776267917911,0));
#3914=DIRECTION('',(0.08235905038809332,0.07414579145957434,0.9938407258851918));
#3915=FACE_SURFACE('',(#3920),#3916,.T.);
#3916=PLANE('',#3917);
#3917=AXIS2_PLACEMENT_3D('',#92,#3918,#3919);
#3918=DIRECTION('',(-0.8090169034526202,0.5877853774363001,0));
#3919=DIRECTION('',(-0.06513189613164704,-0.08964633512022548,-0.993841723166123));
#3920=FACE_BOUND('',#3921,.T.);
#3921=EDGE_LOOP('',(#3922,#3923,#3924));
#3922=ORIENTED_EDGE('',*,*,#3925,.T.);
#3923=ORIENTED_EDGE('',*,*,#3926,.T.);
#3924=ORIENTED_EDGE('',*,*,#3927,.T.);
#3925=EDGE_CURVE('',#93,#143,#3928,.F.);
#3926=EDGE_CURVE('',#143,#89,#3929,.T.);
#3927=EDGE_CURVE('',#89,#93,#3930,.T.);
#3928=LINE('',#92,#3931);
#3929=LINE('',#142,#3932);
#3930=LINE('',#88,#3933);
#3931=VECTOR('',#3934,1.0);
#3932=VECTOR('',#3935,1.0);
#3933=VECTOR('',#3936,1.0);
#3934=DIRECTION('',(-0.06513189613164704,-0.08964633512022548,-0.993841723166123));
#3935=DIRECTION('',(0,0,1));
#3936=DIRECTION('',(0.5877853774363001,0.8090169034526202,0));
#3937=FACE_SURFACE('',(#3942),#3938,.T.);
#3938=PLANE('',#3939);
#3939=AXIS2_PLACEMENT_3D('',#90,#3940,#3941);
#3940=DIRECTION('',(0.9510716093290691,0.3089705389324596,0));
#3941=DIRECTION('',(0,0,-1));
#3942=FACE_BOUND('',#3943,.T.);
#3943=EDGE_LOOP('',(#3944,#3945,#3946));
#3944=ORIENTED_EDGE('',*,*,#3947,.T.);
#3945=ORIENTED_EDGE('',*,*,#3948,.T.);
#3946=ORIENTED_EDGE('',*,*,#3949,.T.);
#3947=EDGE_CURVE('',#91,#149,#3950,.F.);
#3948=EDGE_CURVE('',#149,#153,#3951,.T.);
#3949=EDGE_CURVE('',#153,#91,#3952,.T.);
#3950=LINE('',#90,#3953);
#3951=LINE('',#148,#3954);
#3952=LINE('',#152,#3955);
#3953=VECTOR('',#3956,1.0);
#3954=VECTOR('',#3957,1.0);
#3955=VECTOR('',#3958,1.0);
#3956=DIRECTION('',(0,0,-1));
#3957=DIRECTION('',(-0.3089705389324597,0.9510716093290691,0));
#3958=DIRECTION('',(0.03423610785121308,-0.10538542057673198,0.9938419401741232));
#3959=FACE_SURFACE('',(#3964),#3960,.T.);
#3960=PLANE('',#3961);
#3961=AXIS2_PLACEMENT_3D('',#90,#3962,#3963);
#3962=DIRECTION('',(0.9510716093290691,0.3089705389324596,0));
#3963=DIRECTION('',(-0.03423610785121308,0.10538542057673198,-0.9938419401741232));
#3964=FACE_BOUND('',#3965,.T.);
#3965=EDGE_LOOP('',(#3966,#3967,#3968));
#3966=ORIENTED_EDGE('',*,*,#3969,.T.);
#3967=ORIENTED_EDGE('',*,*,#3970,.T.);
#3968=ORIENTED_EDGE('',*,*,#3971,.T.);
#3969=EDGE_CURVE('',#91,#153,#3972,.F.);
#3970=EDGE_CURVE('',#153,#95,#3973,.T.);
#3971=EDGE_CURVE('',#95,#91,#3974,.T.);
#3972=LINE('',#90,#3975);
#3973=LINE('',#152,#3976);
#3974=LINE('',#94,#3977);
#3975=VECTOR('',#3978,1.0);
#3976=VECTOR('',#3979,1.0);
#3977=VECTOR('',#3980,1.0);
#3978=DIRECTION('',(-0.03423610785121308,0.10538542057673198,-0.9938419401741232));
#3979=DIRECTION('',(0,0,1));
#3980=DIRECTION('',(0.3089705389324597,-0.9510716093290691,0));
#3981=FACE_SURFACE('',(#3986),#3982,.T.);
#3982=PLANE('',#3983);
#3983=AXIS2_PLACEMENT_3D('',#92,#3984,#3985);
#3984=DIRECTION('',(-0.8090169034526202,0.5877853774363001,0));
#3985=DIRECTION('',(0,0,-1));
#3986=FACE_BOUND('',#3987,.T.);
#3987=EDGE_LOOP('',(#3988,#3989,#3990));
#3988=ORIENTED_EDGE('',*,*,#3991,.T.);
#3989=ORIENTED_EDGE('',*,*,#3992,.T.);
#3990=ORIENTED_EDGE('',*,*,#3993,.T.);
#3991=EDGE_CURVE('',#93,#147,#3994,.F.);
#3992=EDGE_CURVE('',#147,#143,#3995,.T.);
#3993=EDGE_CURVE('',#143,#93,#3996,.T.);
#3994=LINE('',#92,#3997);
#3995=LINE('',#146,#3998);
#3996=LINE('',#142,#3999);
#3997=VECTOR('',#4000,1.0);
#3998=VECTOR('',#4001,1.0);
#3999=VECTOR('',#4002,1.0);
#4000=DIRECTION('',(0,0,-1));
#4001=DIRECTION('',(-0.5877853774363001,-0.8090169034526202,0));
#4002=DIRECTION('',(0.06513189613164704,0.08964633512022548,0.993841723166123));
#4003=FACE_SURFACE('',(#4008),#4004,.T.);
#4004=PLANE('',#4005);
#4005=AXIS2_PLACEMENT_3D('',#96,#4006,#4007);
#4006=DIRECTION('',(-0.9135645723309492,0.4066937080675947,0));
#4007=DIRECTION('',(-0.045065798669171604,-0.10123224498253525,-0.9938415901772805));
#4008=FACE_BOUND('',#4009,.T.);
#4009=EDGE_LOOP('',(#4010,#4011,#4012));
#4010=ORIENTED_EDGE('',*,*,#4013,.T.);
#4011=ORIENTED_EDGE('',*,*,#4014,.T.);
#4012=ORIENTED_EDGE('',*,*,#4015,.T.);
#4013=EDGE_CURVE('',#97,#147,#4016,.F.);
#4014=EDGE_CURVE('',#147,#93,#4017,.T.);
#4015=EDGE_CURVE('',#93,#97,#4018,.T.);
#4016=LINE('',#96,#4019);
#4017=LINE('',#146,#4020);
#4018=LINE('',#92,#4021);
#4019=VECTOR('',#4022,1.0);
#4020=VECTOR('',#4023,1.0);
#4021=VECTOR('',#4024,1.0);
#4022=DIRECTION('',(-0.045065798669171604,-0.10123224498253525,-0.9938415901772805));
#4023=DIRECTION('',(0,0,1));
#4024=DIRECTION('',(0.40669370806759464,0.9135645723309491,0));
#4025=FACE_SURFACE('',(#4030),#4026,.T.);
#4026=PLANE('',#4027);
#4027=AXIS2_PLACEMENT_3D('',#94,#4028,#4029);
#4028=DIRECTION('',(0.9945150473274492,0.10459359750616379,0));
#4029=DIRECTION('',(0,0,-1));
#4030=FACE_BOUND('',#4031,.T.);
#4031=EDGE_LOOP('',(#4032,#4033,#4034));
#4032=ORIENTED_EDGE('',*,*,#4035,.T.);
#4033=ORIENTED_EDGE('',*,*,#4036,.T.);
#4034=ORIENTED_EDGE('',*,*,#4037,.T.);
#4035=EDGE_CURVE('',#95,#153,#4038,.F.);
#4036=EDGE_CURVE('',#153,#157,#4039,.T.);
#4037=EDGE_CURVE('',#157,#95,#4040,.T.);
#4038=LINE('',#94,#4041);
#4039=LINE('',#152,#4042);
#4040=LINE('',#156,#4043);
#4041=VECTOR('',#4044,1.0);
#4042=VECTOR('',#4045,1.0);
#4043=VECTOR('',#4046,1.0);
#4044=DIRECTION('',(0,0,-1));
#4045=DIRECTION('',(-0.1045935975061638,0.9945150473274493,0));
#4046=DIRECTION('',(0.01158996665033606,-0.11020173802802091,0.9938416622423552));
#4047=FACE_SURFACE('',(#4052),#4048,.T.);
#4048=PLANE('',#4049);
#4049=AXIS2_PLACEMENT_3D('',#94,#4050,#4051);
#4050=DIRECTION('',(0.9945150473274492,0.10459359750616379,0));
#4051=DIRECTION('',(-0.01158996665033606,0.11020173802802091,-0.9938416622423552));
#4052=FACE_BOUND('',#4053,.T.);
#4053=EDGE_LOOP('',(#4054,#4055,#4056));
#4054=ORIENTED_EDGE('',*,*,#4057,.T.);
#4055=ORIENTED_EDGE('',*,*,#4058,.T.);
#4056=ORIENTED_EDGE('',*,*,#4059,.T.);
#4057=EDGE_CURVE('',#95,#157,#4060,.F.);
#4058=EDGE_CURVE('',#157,#99,#4061,.T.);
#4059=EDGE_CURVE('',#99,#95,#4062,.T.);
#4060=LINE('',#94,#4063);
#4061=LINE('',#156,#4064);
#4062=LINE('',#98,#4065);
#4063=VECTOR('',#4066,1.0);
#4064=VECTOR('',#4067,1.0);
#4065=VECTOR('',#4068,1.0);
#4066=DIRECTION('',(-0.01158996665033606,0.11020173802802091,-0.9938416622423552));
#4067=DIRECTION('',(0,0,1));
#4068=DIRECTION('',(0.1045935975061638,-0.9945150473274493,0));
#4069=FACE_SURFACE('',(#4074),#4070,.T.);
#4070=PLANE('',#4071);
#4071=AXIS2_PLACEMENT_3D('',#96,#4072,#4073);
#4072=DIRECTION('',(-0.9135645723309492,0.4066937080675947,0));
#4073=DIRECTION('',(0,0,-1));
#4074=FACE_BOUND('',#4075,.T.);
#4075=EDGE_LOOP('',(#4076,#4077,#4078));
#4076=ORIENTED_EDGE('',*,*,#4079,.T.);
#4077=ORIENTED_EDGE('',*,*,#4080,.T.);
#4078=ORIENTED_EDGE('',*,*,#4081,.T.);
#4079=EDGE_CURVE('',#97,#151,#4082,.F.);
#4080=EDGE_CURVE('',#151,#147,#4083,.T.);
#4081=EDGE_CURVE('',#147,#97,#4084,.T.);
#4082=LINE('',#96,#4085);
#4083=LINE('',#150,#4086);
#4084=LINE('',#146,#4087);
#4085=VECTOR('',#4088,1.0);
#4086=VECTOR('',#4089,1.0);
#4087=VECTOR('',#4090,1.0);
#4088=DIRECTION('',(0,0,-1));
#4089=DIRECTION('',(-0.40669370806759464,-0.9135645723309491,0));
#4090=DIRECTION('',(0.045065798669171604,0.10123224498253525,0.9938415901772805));
#4091=FACE_SURFACE('',(#4096),#4092,.T.);
#4092=PLANE('',#4093);
#4093=AXIS2_PLACEMENT_3D('',#100,#4094,#4095);
#4094=DIRECTION('',(-0.9781397399549719,0.2079486694374834,0));
#4095=DIRECTION('',(-0.02304244204812634,-0.10838601821233454,-0.9938417967264882));
#4096=FACE_BOUND('',#4097,.T.);
#4097=EDGE_LOOP('',(#4098,#4099,#4100));
#4098=ORIENTED_EDGE('',*,*,#4101,.T.);
#4099=ORIENTED_EDGE('',*,*,#4102,.T.);
#4100=ORIENTED_EDGE('',*,*,#4103,.T.);
#4101=EDGE_CURVE('',#101,#151,#4104,.F.);
#4102=EDGE_CURVE('',#151,#97,#4105,.T.);
#4103=EDGE_CURVE('',#97,#101,#4106,.T.);
#4104=LINE('',#100,#4107);
#4105=LINE('',#150,#4108);
#4106=LINE('',#96,#4109);
#4107=VECTOR('',#4110,1.0);
#4108=VECTOR('',#4111,1.0);
#4109=VECTOR('',#4112,1.0);
#4110=DIRECTION('',(-0.02304244204812634,-0.10838601821233454,-0.9938417967264882));
#4111=DIRECTION('',(0,0,1));
#4112=DIRECTION('',(0.2079486694374834,0.978139739954972,0));
#4113=FACE_SURFACE('',(#4118),#4114,.T.);
#4114=PLANE('',#4115);
#4115=AXIS2_PLACEMENT_3D('',#160,#4116,#4117);
#4116=DIRECTION('',(0.9945154465503752,-0.1045898014756119,0));
#4117=DIRECTION('',(-0.011589961485169763,-0.11020573286596175,0.9938412193284442));
#4118=FACE_BOUND('',#4119,.T.);
#4119=EDGE_LOOP('',(#4120,#4121,#4122));
#4120=ORIENTED_EDGE('',*,*,#4123,.T.);
#4121=ORIENTED_EDGE('',*,*,#4124,.T.);
#4122=ORIENTED_EDGE('',*,*,#4125,.T.);
#4123=EDGE_CURVE('',#161,#99,#4126,.F.);
#4124=EDGE_CURVE('',#99,#157,#4127,.T.);
#4125=EDGE_CURVE('',#157,#161,#4128,.T.);
#4126=LINE('',#160,#4129);
#4127=LINE('',#98,#4130);
#4128=LINE('',#156,#4131);
#4129=VECTOR('',#4132,1.0);
#4130=VECTOR('',#4133,1.0);
#4131=VECTOR('',#4134,1.0);
#4132=DIRECTION('',(-0.011589961485169763,-0.11020573286596175,0.9938412193284442));
#4133=DIRECTION('',(0,0,-1));
#4134=DIRECTION('',(0.10458980147561188,0.9945154465503752,0));
#4135=FACE_SURFACE('',(#4140),#4136,.T.);
#4136=PLANE('',#4137);
#4137=AXIS2_PLACEMENT_3D('',#160,#4138,#4139);
#4138=DIRECTION('',(0.9945154465503752,-0.1045898014756119,0));
#4139=DIRECTION('',(0,0,1));
#4140=FACE_BOUND('',#4141,.T.);
#4141=EDGE_LOOP('',(#4142,#4143,#4144));
#4142=ORIENTED_EDGE('',*,*,#4145,.T.);
#4143=ORIENTED_EDGE('',*,*,#4146,.T.);
#4144=ORIENTED_EDGE('',*,*,#4147,.T.);
#4145=EDGE_CURVE('',#161,#103,#4148,.F.);
#4146=EDGE_CURVE('',#103,#99,#4149,.T.);
#4147=EDGE_CURVE('',#99,#161,#4150,.T.);
#4148=LINE('',#160,#4151);
#4149=LINE('',#102,#4152);
#4150=LINE('',#98,#4153);
#4151=VECTOR('',#4154,1.0);
#4152=VECTOR('',#4155,1.0);
#4153=VECTOR('',#4156,1.0);
#4154=DIRECTION('',(0,0,1));
#4155=DIRECTION('',(-0.10458980147561188,-0.9945154465503752,0));
#4156=DIRECTION('',(0.011589961485169763,0.11020573286596175,-0.9938412193284442));
#4157=FACE_SURFACE('',(#4162),#4158,.T.);
#4158=PLANE('',#4159);
#4159=AXIS2_PLACEMENT_3D('',#100,#4160,#4161);
#4160=DIRECTION('',(-0.9781397399549719,0.2079486694374834,0));
#4161=DIRECTION('',(0,0,-1));
#4162=FACE_BOUND('',#4163,.T.);
#4163=EDGE_LOOP('',(#4164,#4165,#4166));
#4164=ORIENTED_EDGE('',*,*,#4167,.T.);
#4165=ORIENTED_EDGE('',*,*,#4168,.T.);
#4166=ORIENTED_EDGE('',*,*,#4169,.T.);
#4167=EDGE_CURVE('',#101,#155,#4170,.F.);
#4168=EDGE_CURVE('',#155,#151,#4171,.T.);
#4169=EDGE_CURVE('',#151,#101,#4172,.T.);
#4170=LINE('',#100,#4173);
#4171=LINE('',#154,#4174);
#4172=LINE('',#150,#4175);
#4173=VECTOR('',#4176,1.0);
#4174=VECTOR('',#4177,1.0);
#4175=VECTOR('',#4178,1.0);
#4176=DIRECTION('',(0,0,-1));
#4177=DIRECTION('',(-0.2079486694374834,-0.978139739954972,0));
#4178=DIRECTION('',(0.02304244204812634,0.10838601821233454,0.9938417967264882));
#4179=FACE_SURFACE('',(#4184),#4180,.T.);
#4180=PLANE('',#4181);
#4181=AXIS2_PLACEMENT_3D('',#230,#4182,#4183);
#4182=DIRECTION('',(-1,-0,0));
#4183=DIRECTION('',(0,-0.11081034262649009,-0.993841570858756));
#4184=FACE_BOUND('',#4185,.T.);
#4185=EDGE_LOOP('',(#4186,#4187,#4188));
#4186=ORIENTED_EDGE('',*,*,#4189,.T.);
#4187=ORIENTED_EDGE('',*,*,#4190,.T.);
#4188=ORIENTED_EDGE('',*,*,#4191,.T.);
#4189=EDGE_CURVE('',#231,#155,#4192,.F.);
#4190=EDGE_CURVE('',#155,#101,#4193,.T.);
#4191=EDGE_CURVE('',#101,#231,#4194,.T.);
#4192=LINE('',#230,#4195);
#4193=LINE('',#154,#4196);
#4194=LINE('',#100,#4197);
#4195=VECTOR('',#4198,1.0);
#4196=VECTOR('',#4199,1.0);
#4197=VECTOR('',#4200,1.0);
#4198=DIRECTION('',(0,-0.11081034262649009,-0.993841570858756));
#4199=DIRECTION('',(0,0,1));
#4200=DIRECTION('',(0,1,0));
#4201=FACE_SURFACE('',(#4206),#4202,.T.);
#4202=PLANE('',#4203);
#4203=AXIS2_PLACEMENT_3D('',#104,#4204,#4205);
#4204=DIRECTION('',(0,0,1));
#4205=DIRECTION('',(-0.9243150721453033,-0.38163024959379543,0));
#4206=FACE_BOUND('',#4207,.T.);
#4207=EDGE_LOOP('',(#4208,#4209,#4210));
#4208=ORIENTED_EDGE('',*,*,#4211,.T.);
#4209=ORIENTED_EDGE('',*,*,#4212,.T.);
#4210=ORIENTED_EDGE('',*,*,#4213,.T.);
#4211=EDGE_CURVE('',#105,#231,#4214,.F.);
#4212=EDGE_CURVE('',#231,#101,#4215,.T.);
#4213=EDGE_CURVE('',#101,#105,#4216,.T.);
#4214=LINE('',#104,#4217);
#4215=LINE('',#230,#4218);
#4216=LINE('',#100,#4219);
#4217=VECTOR('',#4220,1.0);
#4218=VECTOR('',#4221,1.0);
#4219=VECTOR('',#4222,1.0);
#4220=DIRECTION('',(-0.9243150721453033,-0.38163024959379543,0));
#4221=DIRECTION('',(0,-1,0));
#4222=DIRECTION('',(0.8970653147438634,0.44189797587621193,0));
#4223=FACE_SURFACE('',(#4228),#4224,.T.);
#4224=PLANE('',#4225);
#4225=AXIS2_PLACEMENT_3D('',#162,#4226,#4227);
#4226=DIRECTION('',(0.9510716093290691,-0.3089705389324596,0));
#4227=DIRECTION('',(-0.03423610785121308,-0.10538542057673198,0.9938419401741232));
#4228=FACE_BOUND('',#4229,.T.);
#4229=EDGE_LOOP('',(#4230,#4231,#4232));
#4230=ORIENTED_EDGE('',*,*,#4233,.T.);
#4231=ORIENTED_EDGE('',*,*,#4234,.T.);
#4232=ORIENTED_EDGE('',*,*,#4235,.T.);
#4233=EDGE_CURVE('',#163,#103,#4236,.F.);
#4234=EDGE_CURVE('',#103,#161,#4237,.T.);
#4235=EDGE_CURVE('',#161,#163,#4238,.T.);
#4236=LINE('',#162,#4239);
#4237=LINE('',#102,#4240);
#4238=LINE('',#160,#4241);
#4239=VECTOR('',#4242,1.0);
#4240=VECTOR('',#4243,1.0);
#4241=VECTOR('',#4244,1.0);
#4242=DIRECTION('',(-0.03423610785121308,-0.10538542057673198,0.9938419401741232));
#4243=DIRECTION('',(0,0,-1));
#4244=DIRECTION('',(0.3089705389324597,0.9510716093290691,0));
#4245=FACE_SURFACE('',(#4250),#4246,.T.);
#4246=PLANE('',#4247);
#4247=AXIS2_PLACEMENT_3D('',#162,#4248,#4249);
#4248=DIRECTION('',(0.9510716093290691,-0.3089705389324596,0));
#4249=DIRECTION('',(0,0,1));
#4250=FACE_BOUND('',#4251,.T.);
#4251=EDGE_LOOP('',(#4252,#4253,#4254));
#4252=ORIENTED_EDGE('',*,*,#4255,.T.);
#4253=ORIENTED_EDGE('',*,*,#4256,.T.);
#4254=ORIENTED_EDGE('',*,*,#4257,.T.);
#4255=EDGE_CURVE('',#163,#107,#4258,.F.);
#4256=EDGE_CURVE('',#107,#103,#4259,.T.);
#4257=EDGE_CURVE('',#103,#163,#4260,.T.);
#4258=LINE('',#162,#4261);
#4259=LINE('',#106,#4262);
#4260=LINE('',#102,#4263);
#4261=VECTOR('',#4264,1.0);
#4262=VECTOR('',#4265,1.0);
#4263=VECTOR('',#4266,1.0);
#4264=DIRECTION('',(0,0,1));
#4265=DIRECTION('',(-0.3089705389324597,-0.9510716093290691,0));
#4266=DIRECTION('',(0.03423610785121308,0.10538542057673198,-0.9938419401741232));
#4267=FACE_SURFACE('',(#4272),#4268,.T.);
#4268=PLANE('',#4269);
#4269=AXIS2_PLACEMENT_3D('',#232,#4270,#4271);
#4270=DIRECTION('',(0,0,1));
#4271=DIRECTION('',(0.9986634237144312,0.05168526032604104,0));
#4272=FACE_BOUND('',#4273,.T.);
#4273=EDGE_LOOP('',(#4274,#4275,#4276));
#4274=ORIENTED_EDGE('',*,*,#4277,.T.);
#4275=ORIENTED_EDGE('',*,*,#4278,.T.);
#4276=ORIENTED_EDGE('',*,*,#4279,.T.);
#4277=EDGE_CURVE('',#233,#105,#4280,.F.);
#4278=EDGE_CURVE('',#105,#235,#4281,.T.);
#4279=EDGE_CURVE('',#235,#233,#4282,.T.);
#4280=LINE('',#232,#4283);
#4281=LINE('',#104,#4284);
#4282=LINE('',#234,#4285);
#4283=VECTOR('',#4286,1.0);
#4284=VECTOR('',#4287,1.0);
#4285=VECTOR('',#4288,1.0);
#4286=DIRECTION('',(0.9986634237144312,0.05168526032604104,0));
#4287=DIRECTION('',(-0.7372737791730858,0.6755940900746807,0));
#4288=DIRECTION('',(-0.9853945774419806,-0.17028660178634247,0));
#4289=FACE_SURFACE('',(#4294),#4290,.T.);
#4290=PLANE('',#4291);
#4291=AXIS2_PLACEMENT_3D('',#158,#4292,#4293);
#4292=DIRECTION('',(0.6755940900746807,0.7372737791730858,-0));
#4293=DIRECTION('',(-0.205868434681505,0.18864565882126447,0.9602244544947176));
#4294=FACE_BOUND('',#4295,.T.);
#4295=EDGE_LOOP('',(#4296,#4297,#4298));
#4296=ORIENTED_EDGE('',*,*,#4299,.T.);
#4297=ORIENTED_EDGE('',*,*,#4300,.T.);
#4298=ORIENTED_EDGE('',*,*,#4301,.T.);
#4299=EDGE_CURVE('',#159,#235,#4302,.F.);
#4300=EDGE_CURVE('',#235,#105,#4303,.T.);
#4301=EDGE_CURVE('',#105,#159,#4304,.T.);
#4302=LINE('',#158,#4305);
#4303=LINE('',#234,#4306);
#4304=LINE('',#104,#4307);
#4305=VECTOR('',#4308,1.0);
#4306=VECTOR('',#4309,1.0);
#4307=VECTOR('',#4310,1.0);
#4308=DIRECTION('',(-0.205868434681505,0.18864565882126447,0.9602244544947176));
#4309=DIRECTION('',(0.7372737791730858,-0.6755940900746807,0));
#4310=DIRECTION('',(0,0,-1));
#4311=FACE_SURFACE('',(#4316),#4312,.T.);
#4312=PLANE('',#4313);
#4313=AXIS2_PLACEMENT_3D('',#104,#4314,#4315);
#4314=DIRECTION('',(0,0,1));
#4315=DIRECTION('',(-0.9986634237144312,-0.05168526032604104,0));
#4316=FACE_BOUND('',#4317,.T.);
#4317=EDGE_LOOP('',(#4318,#4319,#4320));
#4318=ORIENTED_EDGE('',*,*,#4321,.T.);
#4319=ORIENTED_EDGE('',*,*,#4322,.T.);
#4320=ORIENTED_EDGE('',*,*,#4323,.T.);
#4321=EDGE_CURVE('',#105,#233,#4324,.F.);
#4322=EDGE_CURVE('',#233,#237,#4325,.T.);
#4323=EDGE_CURVE('',#237,#105,#4326,.T.);
#4324=LINE('',#104,#4327);
#4325=LINE('',#232,#4328);
#4326=LINE('',#236,#4329);
#4327=VECTOR('',#4330,1.0);
#4328=VECTOR('',#4331,1.0);
#4329=VECTOR('',#4332,1.0);
#4330=DIRECTION('',(-0.9986634237144312,-0.05168526032604104,0));
#4331=DIRECTION('',(0.9945200395710152,-0.10454611849163273,0));
#4332=DIRECTION('',(0.9981249956960916,0.06120860206439331,0));
#4333=FACE_SURFACE('',(#4338),#4334,.T.);
#4334=PLANE('',#4335);
#4335=AXIS2_PLACEMENT_3D('',#104,#4336,#4337);
#4336=DIRECTION('',(0.7071078231218397,0.7071057392497201,0));
#4337=DIRECTION('',(0.7071057392497201,-0.7071078231218397,0));
#4338=FACE_BOUND('',#4339,.T.);
#4339=EDGE_LOOP('',(#4340,#4341,#4342));
#4340=ORIENTED_EDGE('',*,*,#4343,.T.);
#4341=ORIENTED_EDGE('',*,*,#4344,.T.);
#4342=ORIENTED_EDGE('',*,*,#4345,.T.);
#4343=EDGE_CURVE('',#105,#239,#4346,.F.);
#4344=EDGE_CURVE('',#239,#159,#4347,.T.);
#4345=EDGE_CURVE('',#159,#105,#4348,.T.);
#4346=LINE('',#104,#4349);
#4347=LINE('',#238,#4350);
#4348=LINE('',#158,#4351);
#4349=VECTOR('',#4352,1.0);
#4350=VECTOR('',#4353,1.0);
#4351=VECTOR('',#4354,1.0);
#4352=DIRECTION('',(0.7071057392497201,-0.7071078231218397,0));
#4353=DIRECTION('',(-0.6850044452045219,0.6850064639431431,-0.24806260178865458));
#4354=DIRECTION('',(0,0,1));
#4355=FACE_SURFACE('',(#4360),#4356,.T.);
#4356=PLANE('',#4357);
#4357=AXIS2_PLACEMENT_3D('',#104,#4358,#4359);
#4358=DIRECTION('',(0,0,1));
#4359=DIRECTION('',(-0.9981249956960916,-0.06120860206439331,0));
#4360=FACE_BOUND('',#4361,.T.);
#4361=EDGE_LOOP('',(#4362,#4363,#4364));
#4362=ORIENTED_EDGE('',*,*,#4365,.T.);
#4363=ORIENTED_EDGE('',*,*,#4366,.T.);
#4364=ORIENTED_EDGE('',*,*,#4367,.T.);
#4365=EDGE_CURVE('',#105,#237,#4368,.F.);
#4366=EDGE_CURVE('',#237,#241,#4369,.T.);
#4367=EDGE_CURVE('',#241,#105,#4370,.T.);
#4368=LINE('',#104,#4371);
#4369=LINE('',#236,#4372);
#4370=LINE('',#240,#4373);
#4371=VECTOR('',#4374,1.0);
#4372=VECTOR('',#4375,1.0);
#4373=VECTOR('',#4376,1.0);
#4374=DIRECTION('',(-0.9981249956960916,-0.06120860206439331,0));
#4375=DIRECTION('',(0.9510608845736482,-0.3090035498727966,0));
#4376=DIRECTION('',(0.9963862579479049,0.08493777117732133,0));
#4377=FACE_SURFACE('',(#4382),#4378,.T.);
#4378=PLANE('',#4379);
#4379=AXIS2_PLACEMENT_3D('',#104,#4380,#4381);
#4380=DIRECTION('',(0,0,1));
#4381=DIRECTION('',(0.43997624396351814,-0.8980094123937424,0));
#4382=FACE_BOUND('',#4383,.T.);
#4383=EDGE_LOOP('',(#4384,#4385,#4386));
#4384=ORIENTED_EDGE('',*,*,#4387,.T.);
#4385=ORIENTED_EDGE('',*,*,#4388,.T.);
#4386=ORIENTED_EDGE('',*,*,#4389,.T.);
#4387=EDGE_CURVE('',#105,#243,#4390,.F.);
#4388=EDGE_CURVE('',#243,#239,#4391,.T.);
#4389=EDGE_CURVE('',#239,#105,#4392,.T.);
#4390=LINE('',#104,#4393);
#4391=LINE('',#242,#4394);
#4392=LINE('',#238,#4395);
#4393=VECTOR('',#4396,1.0);
#4394=VECTOR('',#4397,1.0);
#4395=VECTOR('',#4398,1.0);
#4396=DIRECTION('',(0.43997624396351814,-0.8980094123937424,0));
#4397=DIRECTION('',(0.6130740971561827,0.7900254118673218,0));
#4398=DIRECTION('',(-0.7071057392497201,0.7071078231218397,0));
#4399=FACE_SURFACE('',(#4404),#4400,.T.);
#4400=PLANE('',#4401);
#4401=AXIS2_PLACEMENT_3D('',#104,#4402,#4403);
#4402=DIRECTION('',(0,0,1));
#4403=DIRECTION('',(-0.9963862579479049,-0.08493777117732133,0));
#4404=FACE_BOUND('',#4405,.T.);
#4405=EDGE_LOOP('',(#4406,#4407,#4408));
#4406=ORIENTED_EDGE('',*,*,#4409,.T.);
#4407=ORIENTED_EDGE('',*,*,#4410,.T.);
#4408=ORIENTED_EDGE('',*,*,#4411,.T.);
#4409=EDGE_CURVE('',#105,#241,#4412,.F.);
#4410=EDGE_CURVE('',#241,#245,#4413,.T.);
#4411=EDGE_CURVE('',#245,#105,#4414,.T.);
#4412=LINE('',#104,#4415);
#4413=LINE('',#240,#4416);
#4414=LINE('',#244,#4417);
#4415=VECTOR('',#4418,1.0);
#4416=VECTOR('',#4419,1.0);
#4417=VECTOR('',#4420,1.0);
#4418=DIRECTION('',(-0.9963862579479049,-0.08493777117732133,0));
#4419=DIRECTION('',(0.8660075004996692,-0.5000310081168121,0));
#4420=DIRECTION('',(0.9922962460119004,0.12388769168359773,0));
#4421=FACE_SURFACE('',(#4426),#4422,.T.);
#4422=PLANE('',#4423);
#4423=AXIS2_PLACEMENT_3D('',#104,#4424,#4425);
#4424=DIRECTION('',(0,0,1));
#4425=DIRECTION('',(0.4187799268931499,-0.9080877561289812,0));
#4426=FACE_BOUND('',#4427,.T.);
#4427=EDGE_LOOP('',(#4428,#4429,#4430));
#4428=ORIENTED_EDGE('',*,*,#4431,.T.);
#4429=ORIENTED_EDGE('',*,*,#4432,.T.);
#4430=ORIENTED_EDGE('',*,*,#4433,.T.);
#4431=EDGE_CURVE('',#105,#247,#4434,.F.);
#4432=EDGE_CURVE('',#247,#243,#4435,.T.);
#4433=EDGE_CURVE('',#243,#105,#4436,.T.);
#4434=LINE('',#104,#4437);
#4435=LINE('',#246,#4438);
#4436=LINE('',#242,#4439);
#4437=VECTOR('',#4440,1.0);
#4438=VECTOR('',#4441,1.0);
#4439=VECTOR('',#4442,1.0);
#4440=DIRECTION('',(0.4187799268931499,-0.9080877561289812,0));
#4441=DIRECTION('',(1,0,0));
#4442=DIRECTION('',(-0.43997624396351814,0.8980094123937424,0));
#4443=FACE_SURFACE('',(#4448),#4444,.T.);
#4444=PLANE('',#4445);
#4445=AXIS2_PLACEMENT_3D('',#104,#4446,#4447);
#4446=DIRECTION('',(0,0,1));
#4447=DIRECTION('',(-0.9922962460119004,-0.12388769168359773,0));
#4448=FACE_BOUND('',#4449,.T.);
#4449=EDGE_LOOP('',(#4450,#4451,#4452));
#4450=ORIENTED_EDGE('',*,*,#4453,.T.);
#4451=ORIENTED_EDGE('',*,*,#4454,.T.);
#4452=ORIENTED_EDGE('',*,*,#4455,.T.);
#4453=EDGE_CURVE('',#105,#245,#4456,.F.);
#4454=EDGE_CURVE('',#245,#249,#4457,.T.);
#4455=EDGE_CURVE('',#249,#105,#4458,.T.);
#4456=LINE('',#104,#4459);
#4457=LINE('',#244,#4460);
#4458=LINE('',#248,#4461);
#4459=VECTOR('',#4462,1.0);
#4460=VECTOR('',#4463,1.0);
#4461=VECTOR('',#4464,1.0);
#4462=DIRECTION('',(-0.9922962460119004,-0.12388769168359773,0));
#4463=DIRECTION('',(0.743192525074536,-0.6690776267917911,0));
#4464=DIRECTION('',(0.9841352902626375,0.1774196450781993,0));
#4465=FACE_SURFACE('',(#4470),#4466,.T.);
#4466=PLANE('',#4467);
#4467=AXIS2_PLACEMENT_3D('',#104,#4468,#4469);
#4468=DIRECTION('',(0,0,1));
#4469=DIRECTION('',(0.39536873547510787,-0.9185224891143462,0));
#4470=FACE_BOUND('',#4471,.T.);
#4471=EDGE_LOOP('',(#4472,#4473,#4474));
#4472=ORIENTED_EDGE('',*,*,#4475,.T.);
#4473=ORIENTED_EDGE('',*,*,#4476,.T.);
#4474=ORIENTED_EDGE('',*,*,#4477,.T.);
#4475=EDGE_CURVE('',#105,#251,#4478,.F.);
#4476=EDGE_CURVE('',#251,#247,#4479,.T.);
#4477=EDGE_CURVE('',#247,#105,#4480,.T.);
#4478=LINE('',#104,#4481);
#4479=LINE('',#250,#4482);
#4480=LINE('',#246,#4483);
#4481=VECTOR('',#4484,1.0);
#4482=VECTOR('',#4485,1.0);
#4483=VECTOR('',#4486,1.0);
#4484=DIRECTION('',(0.39536873547510787,-0.9185224891143462,0));
#4485=DIRECTION('',(0.9781471625810494,0.20791375215372876,0));
#4486=DIRECTION('',(-0.4187799268931499,0.9080877561289812,0));
#4487=FACE_SURFACE('',(#4492),#4488,.T.);
#4488=PLANE('',#4489);
#4489=AXIS2_PLACEMENT_3D('',#104,#4490,#4491);
#4490=DIRECTION('',(0,0,1));
#4491=DIRECTION('',(-0.9841352902626375,-0.1774196450781993,0));
#4492=FACE_BOUND('',#4493,.T.);
#4493=EDGE_LOOP('',(#4494,#4495,#4496));
#4494=ORIENTED_EDGE('',*,*,#4497,.T.);
#4495=ORIENTED_EDGE('',*,*,#4498,.T.);
#4496=ORIENTED_EDGE('',*,*,#4499,.T.);
#4497=EDGE_CURVE('',#105,#249,#4500,.F.);
#4498=EDGE_CURVE('',#249,#253,#4501,.T.);
#4499=EDGE_CURVE('',#253,#105,#4502,.T.);
#4500=LINE('',#104,#4503);
#4501=LINE('',#248,#4504);
#4502=LINE('',#252,#4505);
#4503=VECTOR('',#4506,1.0);
#4504=VECTOR('',#4507,1.0);
#4505=VECTOR('',#4508,1.0);
#4506=DIRECTION('',(-0.9841352902626375,-0.1774196450781993,0));
#4507=DIRECTION('',(0.587768023499229,-0.8090295115456604,0));
#4508=DIRECTION('',(0.9701833247932867,0.24237226799500788,0));
#4509=FACE_SURFACE('',(#4514),#4510,.T.);
#4510=PLANE('',#4511);
#4511=AXIS2_PLACEMENT_3D('',#104,#4512,#4513);
#4512=DIRECTION('',(0,0,1));
#4513=DIRECTION('',(0.3711133906180658,-0.9285875571554698,0));
#4514=FACE_BOUND('',#4515,.T.);
#4515=EDGE_LOOP('',(#4516,#4517,#4518));
#4516=ORIENTED_EDGE('',*,*,#4519,.T.);
#4517=ORIENTED_EDGE('',*,*,#4520,.T.);
#4518=ORIENTED_EDGE('',*,*,#4521,.T.);
#4519=EDGE_CURVE('',#105,#255,#4522,.F.);
#4520=EDGE_CURVE('',#255,#251,#4523,.T.);
#4521=EDGE_CURVE('',#251,#105,#4524,.T.);
#4522=LINE('',#104,#4525);
#4523=LINE('',#254,#4526);
#4524=LINE('',#250,#4527);
#4525=VECTOR('',#4528,1.0);
#4526=VECTOR('',#4529,1.0);
#4527=VECTOR('',#4530,1.0);
#4528=DIRECTION('',(0.3711133906180658,-0.9285875571554698,0));
#4529=DIRECTION('',(0.913544975572529,0.40673772582118234,0));
#4530=DIRECTION('',(-0.39536873547510787,0.9185224891143462,0));
#4531=FACE_SURFACE('',(#4536),#4532,.T.);
#4532=PLANE('',#4533);
#4533=AXIS2_PLACEMENT_3D('',#104,#4534,#4535);
#4534=DIRECTION('',(0,0,1));
#4535=DIRECTION('',(-0.9701833247932867,-0.24237226799500788,0));
#4536=FACE_BOUND('',#4537,.T.);
#4537=EDGE_LOOP('',(#4538,#4539,#4540));
#4538=ORIENTED_EDGE('',*,*,#4541,.T.);
#4539=ORIENTED_EDGE('',*,*,#4542,.T.);
#4540=ORIENTED_EDGE('',*,*,#4543,.T.);
#4541=EDGE_CURVE('',#105,#253,#4544,.F.);
#4542=EDGE_CURVE('',#253,#257,#4545,.T.);
#4543=EDGE_CURVE('',#257,#105,#4546,.T.);
#4544=LINE('',#104,#4547);
#4545=LINE('',#252,#4548);
#4546=LINE('',#256,#4549);
#4547=VECTOR('',#4550,1.0);
#4548=VECTOR('',#4551,1.0);
#4549=VECTOR('',#4552,1.0);
#4550=DIRECTION('',(-0.9701833247932867,-0.24237226799500788,0));
#4551=DIRECTION('',(0.40671404773651476,-0.9135555174009843,0));
#4552=DIRECTION('',(0.9497893781297783,0.31288997617668907,0));
#4553=FACE_SURFACE('',(#4558),#4554,.T.);
#4554=PLANE('',#4555);
#4555=AXIS2_PLACEMENT_3D('',#104,#4556,#4557);
#4556=DIRECTION('',(0,0,1));
#4557=DIRECTION('',(0.34751339313102175,-0.9376750191801869,0));
#4558=FACE_BOUND('',#4559,.T.);
#4559=EDGE_LOOP('',(#4560,#4561,#4562));
#4560=ORIENTED_EDGE('',*,*,#4563,.T.);
#4561=ORIENTED_EDGE('',*,*,#4564,.T.);
#4562=ORIENTED_EDGE('',*,*,#4565,.T.);
#4563=EDGE_CURVE('',#105,#259,#4566,.F.);
#4564=EDGE_CURVE('',#259,#255,#4567,.T.);
#4565=EDGE_CURVE('',#255,#105,#4568,.T.);
#4566=LINE('',#104,#4569);
#4567=LINE('',#258,#4570);
#4568=LINE('',#254,#4571);
#4569=VECTOR('',#4572,1.0);
#4570=VECTOR('',#4573,1.0);
#4571=VECTOR('',#4574,1.0);
#4572=DIRECTION('',(0.34751339313102175,-0.9376750191801869,0));
#4573=DIRECTION('',(0.8090421185220069,0.5877506703164386,0));
#4574=DIRECTION('',(-0.3711133906180658,0.9285875571554698,0));
#4575=FACE_SURFACE('',(#4580),#4576,.T.);
#4576=PLANE('',#4577);
#4577=AXIS2_PLACEMENT_3D('',#104,#4578,#4579);
#4578=DIRECTION('',(0,0,1));
#4579=DIRECTION('',(-0.9497893781297783,-0.31288997617668907,0));
#4580=FACE_BOUND('',#4581,.T.);
#4581=EDGE_LOOP('',(#4582,#4583,#4584));
#4582=ORIENTED_EDGE('',*,*,#4585,.T.);
#4583=ORIENTED_EDGE('',*,*,#4586,.T.);
#4584=ORIENTED_EDGE('',*,*,#4587,.T.);
#4585=EDGE_CURVE('',#105,#257,#4588,.F.);
#4586=EDGE_CURVE('',#257,#231,#4589,.T.);
#4587=EDGE_CURVE('',#231,#105,#4590,.T.);
#4588=LINE('',#104,#4591);
#4589=LINE('',#256,#4592);
#4590=LINE('',#230,#4593);
#4591=VECTOR('',#4594,1.0);
#4592=VECTOR('',#4595,1.0);
#4593=VECTOR('',#4596,1.0);
#4594=DIRECTION('',(-0.9497893781297783,-0.31288997617668907,0));
#4595=DIRECTION('',(0.20793382408746142,-0.9781428959003713,0));
#4596=DIRECTION('',(0.9243150721453033,0.38163024959379543,0));
#4597=FACE_SURFACE('',(#4602),#4598,.T.);
#4598=PLANE('',#4599);
#4599=AXIS2_PLACEMENT_3D('',#104,#4600,#4601);
#4600=DIRECTION('',(0,0,1));
#4601=DIRECTION('',(0.3260244719464004,-0.9453613296999569,0));
#4602=FACE_BOUND('',#4603,.T.);
#4603=EDGE_LOOP('',(#4604,#4605,#4606));
#4604=ORIENTED_EDGE('',*,*,#4607,.T.);
#4605=ORIENTED_EDGE('',*,*,#4608,.T.);
#4606=ORIENTED_EDGE('',*,*,#4609,.T.);
#4607=EDGE_CURVE('',#105,#261,#4610,.F.);
#4608=EDGE_CURVE('',#261,#259,#4611,.T.);
#4609=EDGE_CURVE('',#259,#105,#4612,.T.);
#4610=LINE('',#104,#4613);
#4611=LINE('',#260,#4614);
#4612=LINE('',#258,#4615);
#4613=VECTOR('',#4616,1.0);
#4614=VECTOR('',#4617,1.0);
#4615=VECTOR('',#4618,1.0);
#4616=DIRECTION('',(0.3260244719464004,-0.9453613296999569,0));
#4617=DIRECTION('',(0.6691522204496516,0.7431253634934694,0));
#4618=DIRECTION('',(-0.34751339313102175,0.9376750191801869,0));
#4619=FACE_SURFACE('',(#4624),#4620,.T.);
#4620=PLANE('',#4621);
#4621=AXIS2_PLACEMENT_3D('',#104,#4622,#4623);
#4622=DIRECTION('',(0,0,1));
#4623=DIRECTION('',(0.30788334820115504,-0.9514241135794522,0));
#4624=FACE_BOUND('',#4625,.T.);
#4625=EDGE_LOOP('',(#4626,#4627,#4628));
#4626=ORIENTED_EDGE('',*,*,#4629,.T.);
#4627=ORIENTED_EDGE('',*,*,#4630,.T.);
#4628=ORIENTED_EDGE('',*,*,#4631,.T.);
#4629=EDGE_CURVE('',#105,#109,#4632,.F.);
#4630=EDGE_CURVE('',#109,#261,#4633,.T.);
#4631=EDGE_CURVE('',#261,#105,#4634,.T.);
#4632=LINE('',#104,#4635);
#4633=LINE('',#108,#4636);
#4634=LINE('',#260,#4637);
#4635=VECTOR('',#4638,1.0);
#4636=VECTOR('',#4639,1.0);
#4637=VECTOR('',#4640,1.0);
#4638=DIRECTION('',(0.30788334820115504,-0.9514241135794522,0));
#4639=DIRECTION('',(0.4999699128736303,0.866042773898111,0));
#4640=DIRECTION('',(-0.3260244719464004,0.9453613296999569,0));
#4641=FACE_SURFACE('',(#4646),#4642,.T.);
#4642=PLANE('',#4643);
#4643=AXIS2_PLACEMENT_3D('',#164,#4644,#4645);
#4644=DIRECTION('',(0.8660427738981109,-0.49996991287363024,0));
#4645=DIRECTION('',(-0.055402134653466176,-0.09596701149353327,0.9938415045573611));
#4646=FACE_BOUND('',#4647,.T.);
#4647=EDGE_LOOP('',(#4648,#4649,#4650));
#4648=ORIENTED_EDGE('',*,*,#4651,.T.);
#4649=ORIENTED_EDGE('',*,*,#4652,.T.);
#4650=ORIENTED_EDGE('',*,*,#4653,.T.);
#4651=EDGE_CURVE('',#165,#107,#4654,.F.);
#4652=EDGE_CURVE('',#107,#163,#4655,.T.);
#4653=EDGE_CURVE('',#163,#165,#4656,.T.);
#4654=LINE('',#164,#4657);
#4655=LINE('',#106,#4658);
#4656=LINE('',#162,#4659);
#4657=VECTOR('',#4660,1.0);
#4658=VECTOR('',#4661,1.0);
#4659=VECTOR('',#4662,1.0);
#4660=DIRECTION('',(-0.055402134653466176,-0.09596701149353327,0.9938415045573611));
#4661=DIRECTION('',(0,0,-1));
#4662=DIRECTION('',(0.4999699128736303,0.866042773898111,0));
#4663=FACE_SURFACE('',(#4668),#4664,.T.);
#4664=PLANE('',#4665);
#4665=AXIS2_PLACEMENT_3D('',#164,#4666,#4667);
#4666=DIRECTION('',(0.8660427738981109,-0.49996991287363024,0));
#4667=DIRECTION('',(0,0,1));
#4668=FACE_BOUND('',#4669,.T.);
#4669=EDGE_LOOP('',(#4670,#4671,#4672));
#4670=ORIENTED_EDGE('',*,*,#4673,.T.);
#4671=ORIENTED_EDGE('',*,*,#4674,.T.);
#4672=ORIENTED_EDGE('',*,*,#4675,.T.);
#4673=EDGE_CURVE('',#165,#111,#4676,.F.);
#4674=EDGE_CURVE('',#111,#107,#4677,.T.);
#4675=EDGE_CURVE('',#107,#165,#4678,.T.);
#4676=LINE('',#164,#4679);
#4677=LINE('',#110,#4680);
#4678=LINE('',#106,#4681);
#4679=VECTOR('',#4682,1.0);
#4680=VECTOR('',#4683,1.0);
#4681=VECTOR('',#4684,1.0);
#4682=DIRECTION('',(0,0,1));
#4683=DIRECTION('',(-0.4999699128736303,-0.866042773898111,0));
#4684=DIRECTION('',(0.055402134653466176,0.09596701149353327,-0.9938415045573611));
#4685=FACE_SURFACE('',(#4690),#4686,.T.);
#4686=PLANE('',#4687);
#4687=AXIS2_PLACEMENT_3D('',#176,#4688,#4689);
#4688=DIRECTION('',(0.8660427738981109,-0.49996991287363024,0));
#4689=DIRECTION('',(0,0,1));
#4690=FACE_BOUND('',#4691,.T.);
#4691=EDGE_LOOP('',(#4692,#4693,#4694));
#4692=ORIENTED_EDGE('',*,*,#4695,.T.);
#4693=ORIENTED_EDGE('',*,*,#4696,.T.);
#4694=ORIENTED_EDGE('',*,*,#4697,.T.);
#4695=EDGE_CURVE('',#177,#261,#4698,.F.);
#4696=EDGE_CURVE('',#261,#109,#4699,.T.);
#4697=EDGE_CURVE('',#109,#177,#4700,.T.);
#4698=LINE('',#176,#4701);
#4699=LINE('',#260,#4702);
#4700=LINE('',#108,#4703);
#4701=VECTOR('',#4704,1.0);
#4702=VECTOR('',#4705,1.0);
#4703=VECTOR('',#4706,1.0);
#4704=DIRECTION('',(0,0,1));
#4705=DIRECTION('',(-0.4999699128736303,-0.866042773898111,0));
#4706=DIRECTION('',(0.055402134653466176,0.09596701149353327,-0.9938415045573611));
#4707=FACE_SURFACE('',(#4712),#4708,.T.);
#4708=PLANE('',#4709);
#4709=AXIS2_PLACEMENT_3D('',#262,#4710,#4711);
#4710=DIRECTION('',(0.7431090221470406,-0.6691703678463872,0));
#4711=DIRECTION('',(-0.07414991194854868,-0.08234295959295093,0.9938417517711238));
#4712=FACE_BOUND('',#4713,.T.);
#4713=EDGE_LOOP('',(#4714,#4715,#4716));
#4714=ORIENTED_EDGE('',*,*,#4717,.T.);
#4715=ORIENTED_EDGE('',*,*,#4718,.T.);
#4716=ORIENTED_EDGE('',*,*,#4719,.T.);
#4717=EDGE_CURVE('',#263,#111,#4720,.F.);
#4718=EDGE_CURVE('',#111,#165,#4721,.T.);
#4719=EDGE_CURVE('',#165,#263,#4722,.T.);
#4720=LINE('',#262,#4723);
#4721=LINE('',#110,#4724);
#4722=LINE('',#164,#4725);
#4723=VECTOR('',#4726,1.0);
#4724=VECTOR('',#4727,1.0);
#4725=VECTOR('',#4728,1.0);
#4726=DIRECTION('',(-0.07414991194854868,-0.08234295959295093,0.9938417517711238));
#4727=DIRECTION('',(0,0,-1));
#4728=DIRECTION('',(0.6691703678463873,0.7431090221470407,0));
#4729=FACE_SURFACE('',(#4734),#4730,.T.);
#4730=PLANE('',#4731);
#4731=AXIS2_PLACEMENT_3D('',#262,#4732,#4733);
#4732=DIRECTION('',(0.7431090221470406,-0.6691703678463872,0));
#4733=DIRECTION('',(0,0,1));
#4734=FACE_BOUND('',#4735,.T.);
#4735=EDGE_LOOP('',(#4736,#4737,#4738));
#4736=ORIENTED_EDGE('',*,*,#4739,.T.);
#4737=ORIENTED_EDGE('',*,*,#4740,.T.);
#4738=ORIENTED_EDGE('',*,*,#4741,.T.);
#4739=EDGE_CURVE('',#263,#265,#4742,.F.);
#4740=EDGE_CURVE('',#265,#111,#4743,.T.);
#4741=EDGE_CURVE('',#111,#263,#4744,.T.);
#4742=LINE('',#262,#4745);
#4743=LINE('',#264,#4746);
#4744=LINE('',#110,#4747);
#4745=VECTOR('',#4748,1.0);
#4746=VECTOR('',#4749,1.0);
#4747=VECTOR('',#4750,1.0);
#4748=DIRECTION('',(0,0,1));
#4749=DIRECTION('',(-0.6691703678463873,-0.7431090221470407,0));
#4750=DIRECTION('',(0.07414991194854868,0.08234295959295093,-0.9938417517711238));
#4751=FACE_SURFACE('',(#4756),#4752,.T.);
#4752=PLANE('',#4753);
#4753=AXIS2_PLACEMENT_3D('',#112,#4754,#4755);
#4754=DIRECTION('',(0,0,1));
#4755=DIRECTION('',(-0.08340104695472322,-0.9965160637776271,0));
#4756=FACE_BOUND('',#4757,.T.);
#4757=EDGE_LOOP('',(#4758,#4759,#4760));
#4758=ORIENTED_EDGE('',*,*,#4761,.T.);
#4759=ORIENTED_EDGE('',*,*,#4762,.T.);
#4760=ORIENTED_EDGE('',*,*,#4763,.T.);
#4761=EDGE_CURVE('',#113,#111,#4764,.F.);
#4762=EDGE_CURVE('',#111,#265,#4765,.T.);
#4763=EDGE_CURVE('',#265,#113,#4766,.T.);
#4764=LINE('',#112,#4767);
#4765=LINE('',#110,#4768);
#4766=LINE('',#264,#4769);
#4767=VECTOR('',#4770,1.0);
#4768=VECTOR('',#4771,1.0);
#4769=VECTOR('',#4772,1.0);
#4770=DIRECTION('',(-0.08340104695472322,-0.9965160637776271,0));
#4771=DIRECTION('',(0.6691703678463873,0.7431090221470407,0));
#4772=DIRECTION('',(0.06817587728153318,0.997673318154241,0));
#4773=FACE_SURFACE('',(#4778),#4774,.T.);
#4774=PLANE('',#4775);
#4775=AXIS2_PLACEMENT_3D('',#112,#4776,#4777);
#4776=DIRECTION('',(0.20791375215372876,0.9781471625810494,0));
#4777=DIRECTION('',(0,0,-1));
#4778=FACE_BOUND('',#4779,.T.);
#4779=EDGE_LOOP('',(#4780,#4781,#4782));
#4780=ORIENTED_EDGE('',*,*,#4783,.T.);
#4781=ORIENTED_EDGE('',*,*,#4784,.T.);
#4782=ORIENTED_EDGE('',*,*,#4785,.T.);
#4783=EDGE_CURVE('',#113,#167,#4786,.F.);
#4784=EDGE_CURVE('',#167,#169,#4787,.T.);
#4785=EDGE_CURVE('',#169,#113,#4788,.T.);
#4786=LINE('',#112,#4789);
#4787=LINE('',#166,#4790);
#4788=LINE('',#168,#4791);
#4789=VECTOR('',#4792,1.0);
#4790=VECTOR('',#4793,1.0);
#4791=VECTOR('',#4794,1.0);
#4792=DIRECTION('',(0,0,-1));
#4793=DIRECTION('',(-0.9781471625810494,0.20791375215372876,0));
#4794=DIRECTION('',(0.1083860283111346,-0.023038400242091406,0.9938418893270816));
#4795=FACE_SURFACE('',(#4800),#4796,.T.);
#4796=PLANE('',#4797);
#4797=AXIS2_PLACEMENT_3D('',#112,#4798,#4799);
#4798=DIRECTION('',(0.20791375215372876,0.9781471625810494,0));
#4799=DIRECTION('',(-0.1083860283111346,0.023038400242091406,-0.9938418893270816));
#4800=FACE_BOUND('',#4801,.T.);
#4801=EDGE_LOOP('',(#4802,#4803,#4804));
#4802=ORIENTED_EDGE('',*,*,#4805,.T.);
#4803=ORIENTED_EDGE('',*,*,#4806,.T.);
#4804=ORIENTED_EDGE('',*,*,#4807,.T.);
#4805=EDGE_CURVE('',#113,#169,#4808,.F.);
#4806=EDGE_CURVE('',#169,#115,#4809,.T.);
#4807=EDGE_CURVE('',#115,#113,#4810,.T.);
#4808=LINE('',#112,#4811);
#4809=LINE('',#168,#4812);
#4810=LINE('',#114,#4813);
#4811=VECTOR('',#4814,1.0);
#4812=VECTOR('',#4815,1.0);
#4813=VECTOR('',#4816,1.0);
#4814=DIRECTION('',(-0.1083860283111346,0.023038400242091406,-0.9938418893270816));
#4815=DIRECTION('',(0,0,1));
#4816=DIRECTION('',(0.9781471625810494,-0.20791375215372876,0));
#4817=FACE_SURFACE('',(#4822),#4818,.T.);
#4818=PLANE('',#4819);
#4819=AXIS2_PLACEMENT_3D('',#266,#4820,#4821);
#4820=DIRECTION('',(0,1,0));
#4821=DIRECTION('',(-0.11080435117600498,0,-0.99384223886916));
#4822=FACE_BOUND('',#4823,.T.);
#4823=EDGE_LOOP('',(#4824,#4825,#4826));
#4824=ORIENTED_EDGE('',*,*,#4827,.T.);
#4825=ORIENTED_EDGE('',*,*,#4828,.T.);
#4826=ORIENTED_EDGE('',*,*,#4829,.T.);
#4827=EDGE_CURVE('',#267,#167,#4830,.F.);
#4828=EDGE_CURVE('',#167,#113,#4831,.T.);
#4829=EDGE_CURVE('',#113,#267,#4832,.T.);
#4830=LINE('',#266,#4833);
#4831=LINE('',#166,#4834);
#4832=LINE('',#112,#4835);
#4833=VECTOR('',#4836,1.0);
#4834=VECTOR('',#4837,1.0);
#4835=VECTOR('',#4838,1.0);
#4836=DIRECTION('',(-0.11080435117600498,0,-0.99384223886916));
#4837=DIRECTION('',(0,0,1));
#4838=DIRECTION('',(1,0,0));
#4839=FACE_SURFACE('',(#4844),#4840,.T.);
#4840=PLANE('',#4841);
#4841=AXIS2_PLACEMENT_3D('',#268,#4842,#4843);
#4842=DIRECTION('',(0,0,1));
#4843=DIRECTION('',(0.026086059781257283,0.9996597008407854,0));
#4844=FACE_BOUND('',#4845,.T.);
#4845=EDGE_LOOP('',(#4846,#4847,#4848));
#4846=ORIENTED_EDGE('',*,*,#4849,.T.);
#4847=ORIENTED_EDGE('',*,*,#4850,.T.);
#4848=ORIENTED_EDGE('',*,*,#4851,.T.);
#4849=EDGE_CURVE('',#269,#267,#4852,.F.);
#4850=EDGE_CURVE('',#267,#113,#4853,.T.);
#4851=EDGE_CURVE('',#113,#269,#4854,.T.);
#4852=LINE('',#268,#4855);
#4853=LINE('',#266,#4856);
#4854=LINE('',#112,#4857);
#4855=VECTOR('',#4858,1.0);
#4856=VECTOR('',#4859,1.0);
#4857=VECTOR('',#4860,1.0);
#4858=DIRECTION('',(0.026086059781257283,0.9996597008407854,0));
#4859=DIRECTION('',(-1,0,0));
#4860=DIRECTION('',(0,-1,0));
#4861=FACE_SURFACE('',(#4866),#4862,.T.);
#4862=PLANE('',#4863);
#4863=AXIS2_PLACEMENT_3D('',#112,#4864,#4865);
#4864=DIRECTION('',(0,0,1));
#4865=DIRECTION('',(-0.025379476169397067,-0.9996778892170053,0));
#4866=FACE_BOUND('',#4867,.T.);
#4867=EDGE_LOOP('',(#4868,#4869,#4870));
#4868=ORIENTED_EDGE('',*,*,#4871,.T.);
#4869=ORIENTED_EDGE('',*,*,#4872,.T.);
#4870=ORIENTED_EDGE('',*,*,#4873,.T.);
#4871=EDGE_CURVE('',#113,#271,#4874,.F.);
#4872=EDGE_CURVE('',#271,#269,#4875,.T.);
#4873=EDGE_CURVE('',#269,#113,#4876,.T.);
#4874=LINE('',#112,#4877);
#4875=LINE('',#270,#4878);
#4876=LINE('',#268,#4879);
#4877=VECTOR('',#4880,1.0);
#4878=VECTOR('',#4881,1.0);
#4879=VECTOR('',#4882,1.0);
#4880=DIRECTION('',(-0.025379476169397067,-0.9996778892170053,0));
#4881=DIRECTION('',(0.978139739954972,0.2079486694374834,0));
#4882=DIRECTION('',(0,1,0));
#4883=FACE_SURFACE('',(#4888),#4884,.T.);
#4884=PLANE('',#4885);
#4885=AXIS2_PLACEMENT_3D('',#112,#4886,#4887);
#4886=DIRECTION('',(0,0,1));
#4887=DIRECTION('',(-0.04852859795673373,-0.9988217935049042,0));
#4888=FACE_BOUND('',#4889,.T.);
#4889=EDGE_LOOP('',(#4890,#4891,#4892));
#4890=ORIENTED_EDGE('',*,*,#4893,.T.);
#4891=ORIENTED_EDGE('',*,*,#4894,.T.);
#4892=ORIENTED_EDGE('',*,*,#4895,.T.);
#4893=EDGE_CURVE('',#113,#273,#4896,.F.);
#4894=EDGE_CURVE('',#273,#271,#4897,.T.);
#4895=EDGE_CURVE('',#271,#113,#4898,.T.);
#4896=LINE('',#112,#4899);
#4897=LINE('',#272,#4900);
#4898=LINE('',#270,#4901);
#4899=VECTOR('',#4902,1.0);
#4900=VECTOR('',#4903,1.0);
#4901=VECTOR('',#4904,1.0);
#4902=DIRECTION('',(-0.04852859795673373,-0.9988217935049042,0));
#4903=DIRECTION('',(0.9135585358619229,0.4067072676432274,0));
#4904=DIRECTION('',(0.025379476169397067,0.9996778892170053,0));
#4905=FACE_SURFACE('',(#4910),#4906,.T.);
#4906=PLANE('',#4907);
#4907=AXIS2_PLACEMENT_3D('',#112,#4908,#4909);
#4908=DIRECTION('',(0,0,1));
#4909=DIRECTION('',(-0.06817587728153318,-0.997673318154241,0));
#4910=FACE_BOUND('',#4911,.T.);
#4911=EDGE_LOOP('',(#4912,#4913,#4914));
#4912=ORIENTED_EDGE('',*,*,#4915,.T.);
#4913=ORIENTED_EDGE('',*,*,#4916,.T.);
#4914=ORIENTED_EDGE('',*,*,#4917,.T.);
#4915=EDGE_CURVE('',#113,#265,#4918,.F.);
#4916=EDGE_CURVE('',#265,#273,#4919,.T.);
#4917=EDGE_CURVE('',#273,#113,#4920,.T.);
#4918=LINE('',#112,#4921);
#4919=LINE('',#264,#4922);
#4920=LINE('',#272,#4923);
#4921=VECTOR('',#4924,1.0);
#4922=VECTOR('',#4925,1.0);
#4923=VECTOR('',#4926,1.0);
#4924=DIRECTION('',(-0.06817587728153318,-0.997673318154241,0));
#4925=DIRECTION('',(0.8090247657359487,0.5877745557829918,0));
#4926=DIRECTION('',(0.04852859795673373,0.9988217935049042,0));
#4927=FACE_SURFACE('',(#4932),#4928,.T.);
#4928=PLANE('',#4929);
#4929=AXIS2_PLACEMENT_3D('',#114,#4930,#4931);
#4930=DIRECTION('',(0.40673772582118234,0.913544975572529,0));
#4931=DIRECTION('',(0,0,-1));
#4932=FACE_BOUND('',#4933,.T.);
#4933=EDGE_LOOP('',(#4934,#4935,#4936));
#4934=ORIENTED_EDGE('',*,*,#4937,.T.);
#4935=ORIENTED_EDGE('',*,*,#4938,.T.);
#4936=ORIENTED_EDGE('',*,*,#4939,.T.);
#4937=EDGE_CURVE('',#115,#169,#4940,.F.);
#4938=EDGE_CURVE('',#169,#171,#4941,.T.);
#4939=EDGE_CURVE('',#171,#115,#4942,.T.);
#4940=LINE('',#114,#4943);
#4941=LINE('',#168,#4944);
#4942=LINE('',#170,#4945);
#4943=VECTOR('',#4946,1.0);
#4944=VECTOR('',#4947,1.0);
#4945=VECTOR('',#4948,1.0);
#4946=DIRECTION('',(0,0,-1));
#4947=DIRECTION('',(-0.913544975572529,0.40673772582118234,0));
#4948=DIRECTION('',(0.10122822402151148,-0.045069852857132685,0.9938418158967186));
#4949=FACE_SURFACE('',(#4954),#4950,.T.);
#4950=PLANE('',#4951);
#4951=AXIS2_PLACEMENT_3D('',#114,#4952,#4953);
#4952=DIRECTION('',(0.40673772582118234,0.913544975572529,0));
#4953=DIRECTION('',(-0.10122822402151148,0.045069852857132685,-0.9938418158967186));
#4954=FACE_BOUND('',#4955,.T.);
#4955=EDGE_LOOP('',(#4956,#4957,#4958));
#4956=ORIENTED_EDGE('',*,*,#4959,.T.);
#4957=ORIENTED_EDGE('',*,*,#4960,.T.);
#4958=ORIENTED_EDGE('',*,*,#4961,.T.);
#4959=EDGE_CURVE('',#115,#171,#4962,.F.);
#4960=EDGE_CURVE('',#171,#117,#4963,.T.);
#4961=EDGE_CURVE('',#117,#115,#4964,.T.);
#4962=LINE('',#114,#4965);
#4963=LINE('',#170,#4966);
#4964=LINE('',#116,#4967);
#4965=VECTOR('',#4968,1.0);
#4966=VECTOR('',#4969,1.0);
#4967=VECTOR('',#4970,1.0);
#4968=DIRECTION('',(-0.10122822402151148,0.045069852857132685,-0.9938418158967186));
#4969=DIRECTION('',(0,0,1));
#4970=DIRECTION('',(0.913544975572529,-0.40673772582118234,0));
#4971=FACE_SURFACE('',(#4976),#4972,.T.);
#4972=PLANE('',#4973);
#4973=AXIS2_PLACEMENT_3D('',#116,#4974,#4975);
#4974=DIRECTION('',(0.5877745557829918,0.8090247657359488,0));
#4975=DIRECTION('',(0,0,-1));
#4976=FACE_BOUND('',#4977,.T.);
#4977=EDGE_LOOP('',(#4978,#4979,#4980));
#4978=ORIENTED_EDGE('',*,*,#4981,.T.);
#4979=ORIENTED_EDGE('',*,*,#4982,.T.);
#4980=ORIENTED_EDGE('',*,*,#4983,.T.);
#4981=EDGE_CURVE('',#117,#171,#4984,.F.);
#4982=EDGE_CURVE('',#171,#175,#4985,.T.);
#4983=EDGE_CURVE('',#175,#117,#4986,.T.);
#4984=LINE('',#116,#4987);
#4985=LINE('',#170,#4988);
#4986=LINE('',#174,#4989);
#4987=VECTOR('',#4990,1.0);
#4988=VECTOR('',#4991,1.0);
#4989=VECTOR('',#4992,1.0);
#4990=DIRECTION('',(0,0,-1));
#4991=DIRECTION('',(-0.8090247657359487,0.5877745557829918,0));
#4992=DIRECTION('',(0.08965433440320579,-0.06513587569835072,0.9938407407727494));
#4993=FACE_SURFACE('',(#4998),#4994,.T.);
#4994=PLANE('',#4995);
#4995=AXIS2_PLACEMENT_3D('',#116,#4996,#4997);
#4996=DIRECTION('',(0.5877745557829918,0.8090247657359488,0));
#4997=DIRECTION('',(-0.08965433440320579,0.06513587569835072,-0.9938407407727494));
#4998=FACE_BOUND('',#4999,.T.);
#4999=EDGE_LOOP('',(#5000,#5001,#5002));
#5000=ORIENTED_EDGE('',*,*,#5003,.T.);
#5001=ORIENTED_EDGE('',*,*,#5004,.T.);
#5002=ORIENTED_EDGE('',*,*,#5005,.T.);
#5003=EDGE_CURVE('',#117,#175,#5006,.F.);
#5004=EDGE_CURVE('',#175,#119,#5007,.T.);
#5005=EDGE_CURVE('',#119,#117,#5008,.T.);
#5006=LINE('',#116,#5009);
#5007=LINE('',#174,#5010);
#5008=LINE('',#118,#5011);
#5009=VECTOR('',#5012,1.0);
#5010=VECTOR('',#5013,1.0);
#5011=VECTOR('',#5014,1.0);
#5012=DIRECTION('',(-0.08965433440320579,0.06513587569835072,-0.9938407407727494));
#5013=DIRECTION('',(0,0,1));
#5014=DIRECTION('',(0.8090247657359487,-0.5877745557829918,0));
#5015=FACE_SURFACE('',(#5020),#5016,.T.);
#5016=PLANE('',#5017);
#5017=AXIS2_PLACEMENT_3D('',#118,#5018,#5019);
#5018=DIRECTION('',(0.7431253634934694,0.6691522204496515,0));
#5019=DIRECTION('',(0,0,-1));
#5020=FACE_BOUND('',#5021,.T.);
#5021=EDGE_LOOP('',(#5022,#5023,#5024));
#5022=ORIENTED_EDGE('',*,*,#5025,.T.);
#5023=ORIENTED_EDGE('',*,*,#5026,.T.);
#5024=ORIENTED_EDGE('',*,*,#5027,.T.);
#5025=EDGE_CURVE('',#119,#175,#5028,.F.);
#5026=EDGE_CURVE('',#175,#173,#5029,.T.);
#5027=EDGE_CURVE('',#173,#119,#5030,.T.);
#5028=LINE('',#118,#5031);
#5029=LINE('',#174,#5032);
#5030=LINE('',#172,#5033);
#5031=VECTOR('',#5034,1.0);
#5032=VECTOR('',#5035,1.0);
#5033=VECTOR('',#5036,1.0);
#5034=DIRECTION('',(0,0,-1));
#5035=DIRECTION('',(-0.6691522204496516,0.7431253634934694,0));
#5036=DIRECTION('',(0.07414988725670046,-0.08234697612391971,0.9938414208227917));
#5037=FACE_SURFACE('',(#5042),#5038,.T.);
#5038=PLANE('',#5039);
#5039=AXIS2_PLACEMENT_3D('',#118,#5040,#5041);
#5040=DIRECTION('',(0.7431253634934694,0.6691522204496515,0));
#5041=DIRECTION('',(-0.07414988725670046,0.08234697612391971,-0.9938414208227917));
#5042=FACE_BOUND('',#5043,.T.);
#5043=EDGE_LOOP('',(#5044,#5045,#5046));
#5044=ORIENTED_EDGE('',*,*,#5047,.T.);
#5045=ORIENTED_EDGE('',*,*,#5048,.T.);
#5046=ORIENTED_EDGE('',*,*,#5049,.T.);
#5047=EDGE_CURVE('',#119,#173,#5050,.F.);
#5048=EDGE_CURVE('',#173,#121,#5051,.T.);
#5049=EDGE_CURVE('',#121,#119,#5052,.T.);
#5050=LINE('',#118,#5053);
#5051=LINE('',#172,#5054);
#5052=LINE('',#120,#5055);
#5053=VECTOR('',#5056,1.0);
#5054=VECTOR('',#5057,1.0);
#5055=VECTOR('',#5058,1.0);
#5056=DIRECTION('',(-0.07414988725670046,0.08234697612391971,-0.9938414208227917));
#5057=DIRECTION('',(0,0,1));
#5058=DIRECTION('',(0.6691522204496516,-0.7431253634934694,0));
#5059=FACE_SURFACE('',(#5064),#5060,.T.);
#5060=PLANE('',#5061);
#5061=AXIS2_PLACEMENT_3D('',#180,#5062,#5063);
#5062=DIRECTION('',(0.3090035498727966,-0.9510608845736482,0));
#5063=DIRECTION('',(0,0,-1));
#5064=FACE_BOUND('',#5065,.T.);
#5065=EDGE_LOOP('',(#5066,#5067,#5068));
#5066=ORIENTED_EDGE('',*,*,#5069,.T.);
#5067=ORIENTED_EDGE('',*,*,#5070,.T.);
#5068=ORIENTED_EDGE('',*,*,#5071,.T.);
#5069=EDGE_CURVE('',#181,#275,#5072,.F.);
#5070=EDGE_CURVE('',#275,#123,#5073,.T.);
#5071=EDGE_CURVE('',#123,#181,#5074,.T.);
#5072=LINE('',#180,#5075);
#5073=LINE('',#274,#5076);
#5074=LINE('',#122,#5077);
#5075=VECTOR('',#5078,1.0);
#5076=VECTOR('',#5079,1.0);
#5077=VECTOR('',#5080,1.0);
#5078=DIRECTION('',(0,0,-1));
#5079=DIRECTION('',(0.9510608845736482,0.3090035498727966,0));
#5080=DIRECTION('',(-0.10538540598534421,-0.034240147063618935,0.9938418025693857));
#5081=FACE_SURFACE('',(#5086),#5082,.T.);
#5082=PLANE('',#5083);
#5083=AXIS2_PLACEMENT_3D('',#124,#5084,#5085);
#5084=DIRECTION('',(0,0,-1));
#5085=DIRECTION('',(0.9992881872850276,0.03772424621650842,0));
#5086=FACE_BOUND('',#5087,.T.);
#5087=EDGE_LOOP('',(#5088,#5089,#5090));
#5088=ORIENTED_EDGE('',*,*,#5091,.T.);
#5089=ORIENTED_EDGE('',*,*,#5092,.T.);
#5090=ORIENTED_EDGE('',*,*,#5093,.T.);
#5091=EDGE_CURVE('',#125,#123,#5094,.F.);
#5092=EDGE_CURVE('',#123,#275,#5095,.T.);
#5093=EDGE_CURVE('',#275,#125,#5096,.T.);
#5094=LINE('',#124,#5097);
#5095=LINE('',#122,#5098);
#5096=LINE('',#274,#5099);
#5097=VECTOR('',#5100,1.0);
#5098=VECTOR('',#5101,1.0);
#5099=VECTOR('',#5102,1.0);
#5100=DIRECTION('',(0.9992881872850276,0.03772424621650842,0));
#5101=DIRECTION('',(-0.9510608845736482,-0.3090035498727966,0));
#5102=DIRECTION('',(-0.9994279562285966,-0.03381952555448493,0));
#5103=FACE_SURFACE('',(#5108),#5104,.T.);
#5104=PLANE('',#5105);
#5105=AXIS2_PLACEMENT_3D('',#124,#5106,#5107);
#5106=DIRECTION('',(0.11193922783426818,-0.9937150543651172,0));
#5107=DIRECTION('',(-0.11056409612320661,-0.012454736890478983,0.9937909539623749));
#5108=FACE_BOUND('',#5109,.T.);
#5109=EDGE_LOOP('',(#5110,#5111,#5112));
#5110=ORIENTED_EDGE('',*,*,#5113,.T.);
#5111=ORIENTED_EDGE('',*,*,#5114,.T.);
#5112=ORIENTED_EDGE('',*,*,#5115,.T.);
#5113=EDGE_CURVE('',#125,#189,#5116,.F.);
#5114=EDGE_CURVE('',#189,#277,#5117,.T.);
#5115=EDGE_CURVE('',#277,#125,#5118,.T.);
#5116=LINE('',#124,#5119);
#5117=LINE('',#188,#5120);
#5118=LINE('',#276,#5121);
#5119=VECTOR('',#5122,1.0);
#5120=VECTOR('',#5123,1.0);
#5121=VECTOR('',#5124,1.0);
#5122=DIRECTION('',(-0.11056409612320661,-0.012454736890478983,0.9937909539623749));
#5123=DIRECTION('',(0,0,-1));
#5124=DIRECTION('',(0.9937150543651172,0.1119392278342682,0));
#5125=FACE_SURFACE('',(#5130),#5126,.T.);
#5126=PLANE('',#5127);
#5127=AXIS2_PLACEMENT_3D('',#124,#5128,#5129);
#5128=DIRECTION('',(0,0,-1));
#5129=DIRECTION('',(0.9999689518362408,-0.007880061137453088,0));
#5130=FACE_BOUND('',#5131,.T.);
#5131=EDGE_LOOP('',(#5132,#5133,#5134));
#5132=ORIENTED_EDGE('',*,*,#5135,.T.);
#5133=ORIENTED_EDGE('',*,*,#5136,.T.);
#5134=ORIENTED_EDGE('',*,*,#5137,.T.);
#5135=EDGE_CURVE('',#125,#279,#5138,.F.);
#5136=EDGE_CURVE('',#279,#185,#5139,.T.);
#5137=EDGE_CURVE('',#185,#125,#5140,.T.);
#5138=LINE('',#124,#5141);
#5139=LINE('',#278,#5142);
#5140=LINE('',#184,#5143);
#5141=VECTOR('',#5144,1.0);
#5142=VECTOR('',#5145,1.0);
#5143=VECTOR('',#5146,1.0);
#5144=DIRECTION('',(0.9999689518362408,-0.007880061137453088,0));
#5145=DIRECTION('',(-0.9999801476167619,0.006301140560177724,0));
#5146=DIRECTION('',(-0.9937168755837903,0.11192305919688708,0));
#5147=FACE_SURFACE('',(#5152),#5148,.T.);
#5148=PLANE('',#5149);
#5149=AXIS2_PLACEMENT_3D('',#124,#5150,#5151);
#5150=DIRECTION('',(0,0,-1));
#5151=DIRECTION('',(-0.9937150543651172,-0.1119392278342682,0));
#5152=FACE_BOUND('',#5153,.T.);
#5153=EDGE_LOOP('',(#5154,#5155,#5156));
#5154=ORIENTED_EDGE('',*,*,#5157,.T.);
#5155=ORIENTED_EDGE('',*,*,#5158,.T.);
#5156=ORIENTED_EDGE('',*,*,#5159,.T.);
#5157=EDGE_CURVE('',#125,#277,#5160,.F.);
#5158=EDGE_CURVE('',#277,#281,#5161,.T.);
#5159=EDGE_CURVE('',#281,#125,#5162,.T.);
#5160=LINE('',#124,#5163);
#5161=LINE('',#276,#5164);
#5162=LINE('',#280,#5165);
#5163=VECTOR('',#5166,1.0);
#5164=VECTOR('',#5167,1.0);
#5165=VECTOR('',#5168,1.0);
#5166=DIRECTION('',(-0.9937150543651172,-0.1119392278342682,0));
#5167=DIRECTION('',(-0.9999870208917896,-0.0050949041172036235,0));
#5168=DIRECTION('',(0.9999575732125711,0.009211502311007397,0));
#5169=FACE_SURFACE('',(#5174),#5170,.T.);
#5170=PLANE('',#5171);
#5171=AXIS2_PLACEMENT_3D('',#124,#5172,#5173);
#5172=DIRECTION('',(0,0,-1));
#5173=DIRECTION('',(0.9999838710224204,0.005679585813706315,0));
#5174=FACE_BOUND('',#5175,.T.);
#5175=EDGE_LOOP('',(#5176,#5177,#5178));
#5176=ORIENTED_EDGE('',*,*,#5179,.T.);
#5177=ORIENTED_EDGE('',*,*,#5180,.T.);
#5178=ORIENTED_EDGE('',*,*,#5181,.T.);
#5179=EDGE_CURVE('',#125,#283,#5182,.F.);
#5180=EDGE_CURVE('',#283,#279,#5183,.T.);
#5181=EDGE_CURVE('',#279,#125,#5184,.T.);
#5182=LINE('',#124,#5185);
#5183=LINE('',#282,#5186);
#5184=LINE('',#278,#5187);
#5185=VECTOR('',#5188,1.0);
#5186=VECTOR('',#5189,1.0);
#5187=VECTOR('',#5190,1.0);
#5188=DIRECTION('',(0.9999838710224204,0.005679585813706315,0));
#5189=DIRECTION('',(-0.40669370806759464,-0.9135645723309491,0));
#5190=DIRECTION('',(-0.9999689518362408,0.007880061137453088,0));
#5191=FACE_SURFACE('',(#5196),#5192,.T.);
#5192=PLANE('',#5193);
#5193=AXIS2_PLACEMENT_3D('',#124,#5194,#5195);
#5194=DIRECTION('',(-0,0,-1));
#5195=DIRECTION('',(-0.9999575732125711,-0.009211502311007397,0));
#5196=FACE_BOUND('',#5197,.T.);
#5197=EDGE_LOOP('',(#5198,#5199,#5200));
#5198=ORIENTED_EDGE('',*,*,#5201,.T.);
#5199=ORIENTED_EDGE('',*,*,#5202,.T.);
#5200=ORIENTED_EDGE('',*,*,#5203,.T.);
#5201=EDGE_CURVE('',#125,#281,#5204,.F.);
#5202=EDGE_CURVE('',#281,#285,#5205,.T.);
#5203=EDGE_CURVE('',#285,#125,#5206,.T.);
#5204=LINE('',#124,#5207);
#5205=LINE('',#280,#5208);
#5206=LINE('',#284,#5209);
#5207=VECTOR('',#5210,1.0);
#5208=VECTOR('',#5211,1.0);
#5209=VECTOR('',#5212,1.0);
#5210=DIRECTION('',(-0.9999575732125711,-0.009211502311007397,0));
#5211=DIRECTION('',(-0.2768367428229405,0.9609169671845664,0));
#5212=DIRECTION('',(0.9986682401678229,-0.051592112576475,0));
#5213=FACE_SURFACE('',(#5218),#5214,.T.);
#5214=PLANE('',#5215);
#5215=AXIS2_PLACEMENT_3D('',#124,#5216,#5217);
#5216=DIRECTION('',(0,0,-1));
#5217=DIRECTION('',(0.999847030235129,0.017490458255661298,0));
#5218=FACE_BOUND('',#5219,.T.);
#5219=EDGE_LOOP('',(#5220,#5221,#5222));
#5220=ORIENTED_EDGE('',*,*,#5223,.T.);
#5221=ORIENTED_EDGE('',*,*,#5224,.T.);
#5222=ORIENTED_EDGE('',*,*,#5225,.T.);
#5223=EDGE_CURVE('',#125,#287,#5226,.F.);
#5224=EDGE_CURVE('',#287,#283,#5227,.T.);
#5225=EDGE_CURVE('',#283,#125,#5228,.T.);
#5226=LINE('',#124,#5229);
#5227=LINE('',#286,#5230);
#5228=LINE('',#282,#5231);
#5229=VECTOR('',#5232,1.0);
#5230=VECTOR('',#5233,1.0);
#5231=VECTOR('',#5234,1.0);
#5232=DIRECTION('',(0.999847030235129,0.017490458255661298,0));
#5233=DIRECTION('',(-0.587802732127671,-0.8090042942427719,0));
#5234=DIRECTION('',(-0.9999838710224204,-0.005679585813706315,0));
#5235=FACE_SURFACE('',(#5240),#5236,.T.);
#5236=PLANE('',#5237);
#5237=AXIS2_PLACEMENT_3D('',#124,#5238,#5239);
#5238=DIRECTION('',(0,0,-1));
#5239=DIRECTION('',(-0.9986682401678229,0.051592112576475,0));
#5240=FACE_BOUND('',#5241,.T.);
#5241=EDGE_LOOP('',(#5242,#5243,#5244));
#5242=ORIENTED_EDGE('',*,*,#5245,.T.);
#5243=ORIENTED_EDGE('',*,*,#5246,.T.);
#5244=ORIENTED_EDGE('',*,*,#5247,.T.);
#5245=EDGE_CURVE('',#125,#285,#5248,.F.);
#5246=EDGE_CURVE('',#285,#289,#5249,.T.);
#5247=EDGE_CURVE('',#289,#125,#5250,.T.);
#5248=LINE('',#124,#5251);
#5249=LINE('',#284,#5252);
#5250=LINE('',#288,#5253);
#5251=VECTOR('',#5254,1.0);
#5252=VECTOR('',#5255,1.0);
#5253=VECTOR('',#5256,1.0);
#5254=DIRECTION('',(-0.9986682401678229,0.051592112576475,0));
#5255=DIRECTION('',(-0.16746261074724839,0.9858784275972953,0));
#5256=DIRECTION('',(0.9937030322791712,-0.11204589969820566,0));
#5257=FACE_SURFACE('',(#5262),#5258,.T.);
#5258=PLANE('',#5259);
#5259=AXIS2_PLACEMENT_3D('',#124,#5260,#5261);
#5260=DIRECTION('',(0,0,-1));
#5261=DIRECTION('',(0.9996354147089738,0.02700069739132611,0));
#5262=FACE_BOUND('',#5263,.T.);
#5263=EDGE_LOOP('',(#5264,#5265,#5266));
#5264=ORIENTED_EDGE('',*,*,#5267,.T.);
#5265=ORIENTED_EDGE('',*,*,#5268,.T.);
#5266=ORIENTED_EDGE('',*,*,#5269,.T.);
#5267=EDGE_CURVE('',#125,#291,#5270,.F.);
#5268=EDGE_CURVE('',#291,#287,#5271,.T.);
#5269=EDGE_CURVE('',#287,#125,#5272,.T.);
#5270=LINE('',#124,#5273);
#5271=LINE('',#290,#5274);
#5272=LINE('',#286,#5275);
#5273=VECTOR('',#5276,1.0);
#5274=VECTOR('',#5277,1.0);
#5275=VECTOR('',#5278,1.0);
#5276=DIRECTION('',(0.9996354147089738,0.02700069739132611,0));
#5277=DIRECTION('',(-0.7431598501991354,-0.6691139193381039,0));
#5278=DIRECTION('',(-0.999847030235129,-0.017490458255661298,0));
#5279=FACE_SURFACE('',(#5284),#5280,.T.);
#5280=PLANE('',#5281);
#5281=AXIS2_PLACEMENT_3D('',#124,#5282,#5283);
#5282=DIRECTION('',(0,0,-1));
#5283=DIRECTION('',(-0.9937030322791712,0.11204589969820566,0));
#5284=FACE_BOUND('',#5285,.T.);
#5285=EDGE_LOOP('',(#5286,#5287,#5288));
#5286=ORIENTED_EDGE('',*,*,#5289,.T.);
#5287=ORIENTED_EDGE('',*,*,#5290,.T.);
#5288=ORIENTED_EDGE('',*,*,#5291,.T.);
#5289=EDGE_CURVE('',#125,#289,#5292,.F.);
#5290=EDGE_CURVE('',#289,#293,#5293,.T.);
#5291=EDGE_CURVE('',#293,#125,#5294,.T.);
#5292=LINE('',#124,#5295);
#5293=LINE('',#288,#5296);
#5294=LINE('',#292,#5297);
#5295=VECTOR('',#5298,1.0);
#5296=VECTOR('',#5299,1.0);
#5297=VECTOR('',#5300,1.0);
#5298=DIRECTION('',(-0.9937030322791712,0.11204589969820566,0));
#5299=DIRECTION('',(-0.056125954838221546,0.9984236962299612,0));
#5300=DIRECTION('',(0.9851034324681867,-0.17196286616417175,0));
#5301=FACE_SURFACE('',(#5306),#5302,.T.);
#5302=PLANE('',#5303);
#5303=AXIS2_PLACEMENT_3D('',#124,#5304,#5305);
#5304=DIRECTION('',(0,0,-1));
#5305=DIRECTION('',(0.9994279562285966,0.03381952555448493,0));
#5306=FACE_BOUND('',#5307,.T.);
#5307=EDGE_LOOP('',(#5308,#5309,#5310));
#5308=ORIENTED_EDGE('',*,*,#5311,.T.);
#5309=ORIENTED_EDGE('',*,*,#5312,.T.);
#5310=ORIENTED_EDGE('',*,*,#5313,.T.);
#5311=EDGE_CURVE('',#125,#275,#5314,.F.);
#5312=EDGE_CURVE('',#275,#291,#5315,.T.);
#5313=EDGE_CURVE('',#291,#125,#5316,.T.);
#5314=LINE('',#124,#5317);
#5315=LINE('',#274,#5318);
#5316=LINE('',#290,#5319);
#5317=VECTOR('',#5320,1.0);
#5318=VECTOR('',#5321,1.0);
#5319=VECTOR('',#5322,1.0);
#5320=DIRECTION('',(0.9994279562285966,0.03381952555448493,0));
#5321=DIRECTION('',(-0.8660020451867758,-0.5000404560956259,0));
#5322=DIRECTION('',(-0.9996354147089738,-0.02700069739132611,0));
#5323=FACE_SURFACE('',(#5328),#5324,.T.);
#5324=PLANE('',#5325);
#5325=AXIS2_PLACEMENT_3D('',#124,#5326,#5327);
#5326=DIRECTION('',(0,0,-1));
#5327=DIRECTION('',(-0.9851034324681867,0.17196286616417175,0));
#5328=FACE_BOUND('',#5329,.T.);
#5329=EDGE_LOOP('',(#5330,#5331,#5332));
#5330=ORIENTED_EDGE('',*,*,#5333,.T.);
#5331=ORIENTED_EDGE('',*,*,#5334,.T.);
#5332=ORIENTED_EDGE('',*,*,#5335,.T.);
#5333=EDGE_CURVE('',#125,#293,#5336,.F.);
#5334=EDGE_CURVE('',#293,#295,#5337,.T.);
#5335=EDGE_CURVE('',#295,#125,#5338,.T.);
#5336=LINE('',#124,#5339);
#5337=LINE('',#292,#5340);
#5338=LINE('',#294,#5341);
#5339=VECTOR('',#5342,1.0);
#5340=VECTOR('',#5343,1.0);
#5341=VECTOR('',#5344,1.0);
#5342=DIRECTION('',(-0.9851034324681867,0.17196286616417175,0));
#5343=DIRECTION('',(0,1,0));
#5344=DIRECTION('',(0.24436741781235893,-0.9696827136294223,0));
#5345=FACE_SURFACE('',(#5350),#5346,.T.);
#5346=PLANE('',#5347);
#5347=AXIS2_PLACEMENT_3D('',#124,#5348,#5349);
#5348=DIRECTION('',(0,0,-1));
#5349=DIRECTION('',(-0.24436741781235893,0.9696827136294223,0));
#5350=FACE_BOUND('',#5351,.T.);
#5351=EDGE_LOOP('',(#5352,#5353,#5354));
#5352=ORIENTED_EDGE('',*,*,#5355,.T.);
#5353=ORIENTED_EDGE('',*,*,#5356,.T.);
#5354=ORIENTED_EDGE('',*,*,#5357,.T.);
#5355=EDGE_CURVE('',#125,#295,#5358,.F.);
#5356=EDGE_CURVE('',#295,#297,#5359,.T.);
#5357=EDGE_CURVE('',#297,#125,#5360,.T.);
#5358=LINE('',#124,#5361);
#5359=LINE('',#294,#5362);
#5360=LINE('',#296,#5363);
#5361=VECTOR('',#5364,1.0);
#5362=VECTOR('',#5365,1.0);
#5363=VECTOR('',#5366,1.0);
#5364=DIRECTION('',(-0.24436741781235893,0.9696827136294223,0));
#5365=DIRECTION('',(0.9851034324681867,0.17196286616417175,0));
#5366=DIRECTION('',(0,-1,0));
#5367=FACE_SURFACE('',(#5372),#5368,.T.);
#5368=PLANE('',#5369);
#5369=AXIS2_PLACEMENT_3D('',#124,#5370,#5371);
#5370=DIRECTION('',(0,0,-1));
#5371=DIRECTION('',(0,1,0));
#5372=FACE_BOUND('',#5373,.T.);
#5373=EDGE_LOOP('',(#5374,#5375,#5376));
#5374=ORIENTED_EDGE('',*,*,#5377,.T.);
#5375=ORIENTED_EDGE('',*,*,#5378,.T.);
#5376=ORIENTED_EDGE('',*,*,#5379,.T.);
#5377=EDGE_CURVE('',#125,#297,#5380,.F.);
#5378=EDGE_CURVE('',#297,#299,#5381,.T.);
#5379=EDGE_CURVE('',#299,#125,#5382,.T.);
#5380=LINE('',#124,#5383);
#5381=LINE('',#296,#5384);
#5382=LINE('',#298,#5385);
#5383=VECTOR('',#5386,1.0);
#5384=VECTOR('',#5387,1.0);
#5385=VECTOR('',#5388,1.0);
#5386=DIRECTION('',(0,1,0));
#5387=DIRECTION('',(0.9999838740879633,-0.005679046049153048,0));
#5388=DIRECTION('',(-0.5199096600598029,-0.8542212508340566,0));
#5389=FACE_SURFACE('',(#5394),#5390,.T.);
#5390=PLANE('',#5391);
#5391=AXIS2_PLACEMENT_3D('',#124,#5392,#5393);
#5392=DIRECTION('',(0,0,-1));
#5393=DIRECTION('',(0.5199096600598029,0.8542212508340566,0));
#5394=FACE_BOUND('',#5395,.T.);
#5395=EDGE_LOOP('',(#5396,#5397,#5398));
#5396=ORIENTED_EDGE('',*,*,#5399,.T.);
#5397=ORIENTED_EDGE('',*,*,#5400,.T.);
#5398=ORIENTED_EDGE('',*,*,#5401,.T.);
#5399=EDGE_CURVE('',#125,#299,#5402,.F.);
#5400=EDGE_CURVE('',#299,#301,#5403,.T.);
#5401=EDGE_CURVE('',#301,#125,#5404,.T.);
#5402=LINE('',#124,#5405);
#5403=LINE('',#298,#5406);
#5404=LINE('',#300,#5407);
#5405=VECTOR('',#5408,1.0);
#5406=VECTOR('',#5409,1.0);
#5407=VECTOR('',#5410,1.0);
#5408=DIRECTION('',(0.5199096600598029,0.8542212508340566,0));
#5409=DIRECTION('',(0.5877853774363001,-0.8090169034526202,0));
#5410=DIRECTION('',(-0.5259755791361361,-0.8504996708714273,0));
#5411=FACE_SURFACE('',(#5416),#5412,.T.);
#5412=PLANE('',#5413);
#5413=AXIS2_PLACEMENT_3D('',#124,#5414,#5415);
#5414=DIRECTION('',(0,0,-1));
#5415=DIRECTION('',(0.5452041222160926,0.8383033252460471,0));
#5416=FACE_BOUND('',#5417,.T.);
#5417=EDGE_LOOP('',(#5418,#5419,#5420));
#5418=ORIENTED_EDGE('',*,*,#5421,.T.);
#5419=ORIENTED_EDGE('',*,*,#5422,.T.);
#5420=ORIENTED_EDGE('',*,*,#5423,.T.);
#5421=EDGE_CURVE('',#125,#229,#5424,.F.);
#5422=EDGE_CURVE('',#229,#127,#5425,.T.);
#5423=EDGE_CURVE('',#127,#125,#5426,.T.);
#5424=LINE('',#124,#5427);
#5425=LINE('',#228,#5428);
#5426=LINE('',#126,#5429);
#5427=VECTOR('',#5430,1.0);
#5428=VECTOR('',#5431,1.0);
#5429=VECTOR('',#5432,1.0);
#5430=DIRECTION('',(0.5452041222160926,0.8383033252460471,0));
#5431=DIRECTION('',(0.9945222383818817,-0.10452519965965905,0));
#5432=DIRECTION('',(-0.5509242791043001,-0.8345552340578827,0));
#5433=FACE_SURFACE('',(#5438),#5434,.T.);
#5434=PLANE('',#5435);
#5435=AXIS2_PLACEMENT_3D('',#124,#5436,#5437);
#5436=DIRECTION('',(0,0,-1));
#5437=DIRECTION('',(0.5259755791361361,0.8504996708714273,0));
#5438=FACE_BOUND('',#5439,.T.);
#5439=EDGE_LOOP('',(#5440,#5441,#5442));
#5440=ORIENTED_EDGE('',*,*,#5443,.T.);
#5441=ORIENTED_EDGE('',*,*,#5444,.T.);
#5442=ORIENTED_EDGE('',*,*,#5445,.T.);
#5443=EDGE_CURVE('',#125,#301,#5446,.F.);
#5444=EDGE_CURVE('',#301,#303,#5447,.T.);
#5445=EDGE_CURVE('',#303,#125,#5448,.T.);
#5446=LINE('',#124,#5449);
#5447=LINE('',#300,#5450);
#5448=LINE('',#302,#5451);
#5449=VECTOR('',#5452,1.0);
#5450=VECTOR('',#5453,1.0);
#5451=VECTOR('',#5454,1.0);
#5452=DIRECTION('',(0.5259755791361361,0.8504996708714273,0));
#5453=DIRECTION('',(0.7431598501991354,-0.6691139193381039,0));
#5454=DIRECTION('',(-0.5324238365425542,-0.846477913640579,0));
#5455=FACE_SURFACE('',(#5460),#5456,.T.);
#5456=PLANE('',#5457);
#5457=AXIS2_PLACEMENT_3D('',#124,#5458,#5459);
#5458=DIRECTION('',(0,0,-1));
#5459=DIRECTION('',(0.538938573507687,0.8423450682383672,0));
#5460=FACE_BOUND('',#5461,.T.);
#5461=EDGE_LOOP('',(#5462,#5463,#5464));
#5462=ORIENTED_EDGE('',*,*,#5465,.T.);
#5463=ORIENTED_EDGE('',*,*,#5466,.T.);
#5464=ORIENTED_EDGE('',*,*,#5467,.T.);
#5465=EDGE_CURVE('',#125,#305,#5468,.F.);
#5466=EDGE_CURVE('',#305,#229,#5469,.T.);
#5467=EDGE_CURVE('',#229,#125,#5470,.T.);
#5468=LINE('',#124,#5471);
#5469=LINE('',#304,#5472);
#5470=LINE('',#228,#5473);
#5471=VECTOR('',#5474,1.0);
#5472=VECTOR('',#5475,1.0);
#5473=VECTOR('',#5476,1.0);
#5474=DIRECTION('',(0.538938573507687,0.8423450682383672,0));
#5475=DIRECTION('',(0.9510608845736482,-0.3090035498727966,0));
#5476=DIRECTION('',(-0.5452041222160926,-0.8383033252460471,0));
#5477=FACE_SURFACE('',(#5482),#5478,.T.);
#5478=PLANE('',#5479);
#5479=AXIS2_PLACEMENT_3D('',#124,#5480,#5481);
#5480=DIRECTION('',(0,0,-1));
#5481=DIRECTION('',(0.5324238365425542,0.846477913640579,0));
#5482=FACE_BOUND('',#5483,.T.);
#5483=EDGE_LOOP('',(#5484,#5485,#5486));
#5484=ORIENTED_EDGE('',*,*,#5487,.T.);
#5485=ORIENTED_EDGE('',*,*,#5488,.T.);
#5486=ORIENTED_EDGE('',*,*,#5489,.T.);
#5487=EDGE_CURVE('',#125,#303,#5490,.F.);
#5488=EDGE_CURVE('',#303,#305,#5491,.T.);
#5489=EDGE_CURVE('',#305,#125,#5492,.T.);
#5490=LINE('',#124,#5493);
#5491=LINE('',#302,#5494);
#5492=LINE('',#304,#5495);
#5493=VECTOR('',#5496,1.0);
#5494=VECTOR('',#5497,1.0);
#5495=VECTOR('',#5498,1.0);
#5496=DIRECTION('',(0.5324238365425542,0.846477913640579,0));
#5497=DIRECTION('',(0.8660178482500572,-0.5000130863410887,0));
#5498=DIRECTION('',(-0.538938573507687,-0.8423450682383672,0));
#5499=FACE_SURFACE('',(#5504),#5500,.T.);
#5500=PLANE('',#5501);
#5501=AXIS2_PLACEMENT_3D('',#220,#5502,#5503);
#5502=DIRECTION('',(0,1,0));
#5503=DIRECTION('',(0,0,-1));
#5504=FACE_BOUND('',#5505,.T.);
#5505=EDGE_LOOP('',(#5506,#5507,#5508));
#5506=ORIENTED_EDGE('',*,*,#5509,.T.);
#5507=ORIENTED_EDGE('',*,*,#5510,.T.);
#5508=ORIENTED_EDGE('',*,*,#5511,.T.);
#5509=EDGE_CURVE('',#221,#307,#5512,.F.);
#5510=EDGE_CURVE('',#307,#129,#5513,.T.);
#5511=EDGE_CURVE('',#129,#221,#5514,.T.);
#5512=LINE('',#220,#5515);
#5513=LINE('',#306,#5516);
#5514=LINE('',#128,#5517);
#5515=VECTOR('',#5518,1.0);
#5516=VECTOR('',#5519,1.0);
#5517=VECTOR('',#5520,1.0);
#5518=DIRECTION('',(0,0,-1));
#5519=DIRECTION('',(-1,0,0));
#5520=DIRECTION('',(0.11080435117600498,0,0.99384223886916));
#5521=FACE_SURFACE('',(#5526),#5522,.T.);
#5522=PLANE('',#5523);
#5523=AXIS2_PLACEMENT_3D('',#128,#5524,#5525);
#5524=DIRECTION('',(0,0,-1));
#5525=DIRECTION('',(1,0,0));
#5526=FACE_BOUND('',#5527,.T.);
#5527=EDGE_LOOP('',(#5528,#5529,#5530));
#5528=ORIENTED_EDGE('',*,*,#5531,.T.);
#5529=ORIENTED_EDGE('',*,*,#5532,.T.);
#5530=ORIENTED_EDGE('',*,*,#5533,.T.);
#5531=EDGE_CURVE('',#129,#307,#5534,.F.);
#5532=EDGE_CURVE('',#307,#309,#5535,.T.);
#5533=EDGE_CURVE('',#309,#129,#5536,.T.);
#5534=LINE('',#128,#5537);
#5535=LINE('',#306,#5538);
#5536=LINE('',#308,#5539);
#5537=VECTOR('',#5540,1.0);
#5538=VECTOR('',#5541,1.0);
#5539=VECTOR('',#5542,1.0);
#5540=DIRECTION('',(1,0,0));
#5541=DIRECTION('',(0.6130754966118642,-0.7900243258622586,0));
#5542=DIRECTION('',(-0.6590292803811002,0.7521172831416448,0));
#5543=FACE_SURFACE('',(#5548),#5544,.T.);
#5544=PLANE('',#5545);
#5545=AXIS2_PLACEMENT_3D('',#128,#5546,#5547);
#5546=DIRECTION('',(0,-0,-1));
#5547=DIRECTION('',(0.6590292803811002,-0.7521172831416448,0));
#5548=FACE_BOUND('',#5549,.T.);
#5549=EDGE_LOOP('',(#5550,#5551,#5552));
#5550=ORIENTED_EDGE('',*,*,#5553,.T.);
#5551=ORIENTED_EDGE('',*,*,#5554,.T.);
#5552=ORIENTED_EDGE('',*,*,#5555,.T.);
#5553=EDGE_CURVE('',#129,#309,#5556,.F.);
#5554=EDGE_CURVE('',#309,#311,#5557,.T.);
#5555=EDGE_CURVE('',#311,#129,#5558,.T.);
#5556=LINE('',#128,#5559);
#5557=LINE('',#308,#5560);
#5558=LINE('',#310,#5561);
#5559=VECTOR('',#5562,1.0);
#5560=VECTOR('',#5563,1.0);
#5561=VECTOR('',#5564,1.0);
#5562=DIRECTION('',(0.6590292803811002,-0.7521172831416448,0));
#5563=DIRECTION('',(-0.7071057392497201,-0.7071078231218397,0));
#5564=DIRECTION('',(0.41878028961359864,0.9080875888542639,0));
#5565=FACE_SURFACE('',(#5570),#5566,.T.);
#5566=PLANE('',#5567);
#5567=AXIS2_PLACEMENT_3D('',#128,#5568,#5569);
#5568=DIRECTION('',(0,0,-1));
#5569=DIRECTION('',(-0.41878028961359864,-0.9080875888542639,0));
#5570=FACE_BOUND('',#5571,.T.);
#5571=EDGE_LOOP('',(#5572,#5573,#5574));
#5572=ORIENTED_EDGE('',*,*,#5575,.T.);
#5573=ORIENTED_EDGE('',*,*,#5576,.T.);
#5574=ORIENTED_EDGE('',*,*,#5577,.T.);
#5575=EDGE_CURVE('',#129,#311,#5578,.F.);
#5576=EDGE_CURVE('',#311,#313,#5579,.T.);
#5577=EDGE_CURVE('',#313,#129,#5580,.T.);
#5578=LINE('',#128,#5581);
#5579=LINE('',#310,#5582);
#5580=LINE('',#312,#5583);
#5581=VECTOR('',#5584,1.0);
#5582=VECTOR('',#5585,1.0);
#5583=VECTOR('',#5586,1.0);
#5584=DIRECTION('',(-0.41878028961359864,-0.9080875888542639,0));
#5585=DIRECTION('',(-0.8349807380114931,0.5502791720116095,0));
#5586=DIRECTION('',(0.7710736491668926,0.6367459678399634,0));
#5587=FACE_SURFACE('',(#5592),#5588,.T.);
#5588=PLANE('',#5589);
#5589=AXIS2_PLACEMENT_3D('',#128,#5590,#5591);
#5590=DIRECTION('',(0,0,-1));
#5591=DIRECTION('',(-0.7710736491668926,-0.6367459678399634,0));
#5592=FACE_BOUND('',#5593,.T.);
#5593=EDGE_LOOP('',(#5594,#5595,#5596));
#5594=ORIENTED_EDGE('',*,*,#5597,.T.);
#5595=ORIENTED_EDGE('',*,*,#5598,.T.);
#5596=ORIENTED_EDGE('',*,*,#5599,.T.);
#5597=EDGE_CURVE('',#129,#313,#5600,.F.);
#5598=EDGE_CURVE('',#313,#179,#5601,.T.);
#5599=EDGE_CURVE('',#179,#129,#5602,.T.);
#5600=LINE('',#128,#5603);
#5601=LINE('',#312,#5604);
#5602=LINE('',#178,#5605);
#5603=VECTOR('',#5606,1.0);
#5604=VECTOR('',#5607,1.0);
#5605=VECTOR('',#5608,1.0);
#5606=DIRECTION('',(-0.7710736491668926,-0.6367459678399634,0));
#5607=DIRECTION('',(-0.865983793515521,0.500072064175222,0));
#5608=DIRECTION('',(0.7858020836306255,0.6184780395145549,0));
#5609=FACE_SURFACE('',(#5614),#5610,.T.);
#5610=PLANE('',#5611);
#5611=AXIS2_PLACEMENT_3D('',#230,#5612,#5613);
#5612=DIRECTION('',(-1,0,-0));
#5613=DIRECTION('',(0,0,-1));
#5614=FACE_BOUND('',#5615,.T.);
#5615=EDGE_LOOP('',(#5616,#5617,#5618));
#5616=ORIENTED_EDGE('',*,*,#5619,.T.);
#5617=ORIENTED_EDGE('',*,*,#5620,.T.);
#5618=ORIENTED_EDGE('',*,*,#5621,.T.);
#5619=EDGE_CURVE('',#231,#315,#5622,.F.);
#5620=EDGE_CURVE('',#315,#155,#5623,.T.);
#5621=EDGE_CURVE('',#155,#231,#5624,.T.);
#5622=LINE('',#230,#5625);
#5623=LINE('',#314,#5626);
#5624=LINE('',#154,#5627);
#5625=VECTOR('',#5628,1.0);
#5626=VECTOR('',#5629,1.0);
#5627=VECTOR('',#5630,1.0);
#5628=DIRECTION('',(0,0,-1));
#5629=DIRECTION('',(0,-1,0));
#5630=DIRECTION('',(0,0.11081034262649009,0.993841570858756));
#5631=FACE_SURFACE('',(#5636),#5632,.T.);
#5632=PLANE('',#5633);
#5633=AXIS2_PLACEMENT_3D('',#158,#5634,#5635);
#5634=DIRECTION('',(0,0,-1));
#5635=DIRECTION('',(-0.8970653147438634,-0.44189797587621193,0));
#5636=FACE_BOUND('',#5637,.T.);
#5637=EDGE_LOOP('',(#5638,#5639,#5640));
#5638=ORIENTED_EDGE('',*,*,#5641,.T.);
#5639=ORIENTED_EDGE('',*,*,#5642,.T.);
#5640=ORIENTED_EDGE('',*,*,#5643,.T.);
#5641=EDGE_CURVE('',#159,#155,#5644,.F.);
#5642=EDGE_CURVE('',#155,#315,#5645,.T.);
#5643=EDGE_CURVE('',#315,#159,#5646,.T.);
#5644=LINE('',#158,#5647);
#5645=LINE('',#154,#5648);
#5646=LINE('',#314,#5649);
#5647=VECTOR('',#5650,1.0);
#5648=VECTOR('',#5651,1.0);
#5649=VECTOR('',#5652,1.0);
#5650=DIRECTION('',(-0.8970653147438634,-0.44189797587621193,0));
#5651=DIRECTION('',(0,1,0));
#5652=DIRECTION('',(0.9243150721453033,0.38163024959379543,0));
#5653=FACE_SURFACE('',(#5658),#5654,.T.);
#5654=PLANE('',#5655);
#5655=AXIS2_PLACEMENT_3D('',#316,#5656,#5657);
#5656=DIRECTION('',(0.6755940900746807,0.7372737791730858,-0));
#5657=DIRECTION('',(0,0,1));
#5658=FACE_BOUND('',#5659,.T.);
#5659=EDGE_LOOP('',(#5660,#5661,#5662));
#5660=ORIENTED_EDGE('',*,*,#5663,.T.);
#5661=ORIENTED_EDGE('',*,*,#5664,.T.);
#5662=ORIENTED_EDGE('',*,*,#5665,.T.);
#5663=EDGE_CURVE('',#317,#235,#5666,.F.);
#5664=EDGE_CURVE('',#235,#159,#5667,.T.);
#5665=EDGE_CURVE('',#159,#317,#5668,.T.);
#5666=LINE('',#316,#5669);
#5667=LINE('',#234,#5670);
#5668=LINE('',#158,#5671);
#5669=VECTOR('',#5672,1.0);
#5670=VECTOR('',#5673,1.0);
#5671=VECTOR('',#5674,1.0);
#5672=DIRECTION('',(0,0,1));
#5673=DIRECTION('',(0.205868434681505,-0.18864565882126447,-0.9602244544947176));
#5674=DIRECTION('',(-0.7372737791730858,0.6755940900746807,0));
#5675=FACE_SURFACE('',(#5680),#5676,.T.);
#5676=PLANE('',#5677);
#5677=AXIS2_PLACEMENT_3D('',#318,#5678,#5679);
#5678=DIRECTION('',(0,0,-1));
#5679=DIRECTION('',(0.9853945774419806,0.17028660178634247,0));
#5680=FACE_BOUND('',#5681,.T.);
#5681=EDGE_LOOP('',(#5682,#5683,#5684));
#5682=ORIENTED_EDGE('',*,*,#5685,.T.);
#5683=ORIENTED_EDGE('',*,*,#5686,.T.);
#5684=ORIENTED_EDGE('',*,*,#5687,.T.);
#5685=EDGE_CURVE('',#319,#317,#5688,.F.);
#5686=EDGE_CURVE('',#317,#159,#5689,.T.);
#5687=EDGE_CURVE('',#159,#319,#5690,.T.);
#5688=LINE('',#318,#5691);
#5689=LINE('',#316,#5692);
#5690=LINE('',#158,#5693);
#5691=VECTOR('',#5694,1.0);
#5692=VECTOR('',#5695,1.0);
#5693=VECTOR('',#5696,1.0);
#5694=DIRECTION('',(0.9853945774419806,0.17028660178634247,0));
#5695=DIRECTION('',(0.7372737791730858,-0.6755940900746807,0));
#5696=DIRECTION('',(-0.9986634237144312,-0.05168526032604104,0));
#5697=FACE_SURFACE('',(#5702),#5698,.T.);
#5698=PLANE('',#5699);
#5699=AXIS2_PLACEMENT_3D('',#158,#5700,#5701);
#5700=DIRECTION('',(0,0,-1));
#5701=DIRECTION('',(-0.9981249956960916,-0.06120860206439331,0));
#5702=FACE_BOUND('',#5703,.T.);
#5703=EDGE_LOOP('',(#5704,#5705,#5706));
#5704=ORIENTED_EDGE('',*,*,#5707,.T.);
#5705=ORIENTED_EDGE('',*,*,#5708,.T.);
#5706=ORIENTED_EDGE('',*,*,#5709,.T.);
#5707=EDGE_CURVE('',#159,#321,#5710,.F.);
#5708=EDGE_CURVE('',#321,#319,#5711,.T.);
#5709=EDGE_CURVE('',#319,#159,#5712,.T.);
#5710=LINE('',#158,#5713);
#5711=LINE('',#320,#5714);
#5712=LINE('',#318,#5715);
#5713=VECTOR('',#5716,1.0);
#5714=VECTOR('',#5717,1.0);
#5715=VECTOR('',#5718,1.0);
#5716=DIRECTION('',(-0.9981249956960916,-0.06120860206439331,0));
#5717=DIRECTION('',(-0.9945200395710152,0.10454611849163273,0));
#5718=DIRECTION('',(0.9986634237144312,0.05168526032604104,0));
#5719=FACE_SURFACE('',(#5724),#5720,.T.);
#5720=PLANE('',#5721);
#5721=AXIS2_PLACEMENT_3D('',#158,#5722,#5723);
#5722=DIRECTION('',(0.7071078231218397,0.7071057392497201,0));
#5723=DIRECTION('',(0.6850044452045219,-0.6850064639431431,0.24806260178865458));
#5724=FACE_BOUND('',#5725,.T.);
#5725=EDGE_LOOP('',(#5726,#5727,#5728));
#5726=ORIENTED_EDGE('',*,*,#5729,.T.);
#5727=ORIENTED_EDGE('',*,*,#5730,.T.);
#5728=ORIENTED_EDGE('',*,*,#5731,.T.);
#5729=EDGE_CURVE('',#159,#239,#5732,.F.);
#5730=EDGE_CURVE('',#239,#323,#5733,.T.);
#5731=EDGE_CURVE('',#323,#159,#5734,.T.);
#5732=LINE('',#158,#5735);
#5733=LINE('',#238,#5736);
#5734=LINE('',#322,#5737);
#5735=VECTOR('',#5738,1.0);
#5736=VECTOR('',#5739,1.0);
#5737=VECTOR('',#5740,1.0);
#5738=DIRECTION('',(0.6850044452045219,-0.6850064639431431,0.24806260178865458));
#5739=DIRECTION('',(0,0,-1));
#5740=DIRECTION('',(-0.7071057392497201,0.7071078231218397,0));
#5741=FACE_SURFACE('',(#5746),#5742,.T.);
#5742=PLANE('',#5743);
#5743=AXIS2_PLACEMENT_3D('',#158,#5744,#5745);
#5744=DIRECTION('',(0,0,-1));
#5745=DIRECTION('',(-0.9963862579479049,-0.08493777117732133,0));
#5746=FACE_BOUND('',#5747,.T.);
#5747=EDGE_LOOP('',(#5748,#5749,#5750));
#5748=ORIENTED_EDGE('',*,*,#5751,.T.);
#5749=ORIENTED_EDGE('',*,*,#5752,.T.);
#5750=ORIENTED_EDGE('',*,*,#5753,.T.);
#5751=EDGE_CURVE('',#159,#325,#5754,.F.);
#5752=EDGE_CURVE('',#325,#321,#5755,.T.);
#5753=EDGE_CURVE('',#321,#159,#5756,.T.);
#5754=LINE('',#158,#5757);
#5755=LINE('',#324,#5758);
#5756=LINE('',#320,#5759);
#5757=VECTOR('',#5760,1.0);
#5758=VECTOR('',#5761,1.0);
#5759=VECTOR('',#5762,1.0);
#5760=DIRECTION('',(-0.9963862579479049,-0.08493777117732133,0));
#5761=DIRECTION('',(-0.9510608845736482,0.3090035498727966,0));
#5762=DIRECTION('',(0.9981249956960916,0.06120860206439331,0));
#5763=FACE_SURFACE('',(#5768),#5764,.T.);
#5764=PLANE('',#5765);
#5765=AXIS2_PLACEMENT_3D('',#158,#5766,#5767);
#5766=DIRECTION('',(0,0,-1));
#5767=DIRECTION('',(0.7071057392497201,-0.7071078231218397,0));
#5768=FACE_BOUND('',#5769,.T.);
#5769=EDGE_LOOP('',(#5770,#5771,#5772));
#5770=ORIENTED_EDGE('',*,*,#5773,.T.);
#5771=ORIENTED_EDGE('',*,*,#5774,.T.);
#5772=ORIENTED_EDGE('',*,*,#5775,.T.);
#5773=EDGE_CURVE('',#159,#323,#5776,.F.);
#5774=EDGE_CURVE('',#323,#327,#5777,.T.);
#5775=EDGE_CURVE('',#327,#159,#5778,.T.);
#5776=LINE('',#158,#5779);
#5777=LINE('',#322,#5780);
#5778=LINE('',#326,#5781);
#5779=VECTOR('',#5782,1.0);
#5780=VECTOR('',#5783,1.0);
#5781=VECTOR('',#5784,1.0);
#5782=DIRECTION('',(0.7071057392497201,-0.7071078231218397,0));
#5783=DIRECTION('',(-0.6130740971561827,-0.7900254118673218,0));
#5784=DIRECTION('',(-0.43997624396351814,0.8980094123937424,0));
#5785=FACE_SURFACE('',(#5790),#5786,.T.);
#5786=PLANE('',#5787);
#5787=AXIS2_PLACEMENT_3D('',#158,#5788,#5789);
#5788=DIRECTION('',(0,0,-1));
#5789=DIRECTION('',(-0.9922962460119004,-0.12388769168359773,0));
#5790=FACE_BOUND('',#5791,.T.);
#5791=EDGE_LOOP('',(#5792,#5793,#5794));
#5792=ORIENTED_EDGE('',*,*,#5795,.T.);
#5793=ORIENTED_EDGE('',*,*,#5796,.T.);
#5794=ORIENTED_EDGE('',*,*,#5797,.T.);
#5795=EDGE_CURVE('',#159,#329,#5798,.F.);
#5796=EDGE_CURVE('',#329,#325,#5799,.T.);
#5797=EDGE_CURVE('',#325,#159,#5800,.T.);
#5798=LINE('',#158,#5801);
#5799=LINE('',#328,#5802);
#5800=LINE('',#324,#5803);
#5801=VECTOR('',#5804,1.0);
#5802=VECTOR('',#5805,1.0);
#5803=VECTOR('',#5806,1.0);
#5804=DIRECTION('',(-0.9922962460119004,-0.12388769168359773,0));
#5805=DIRECTION('',(-0.8660075004996692,0.5000310081168121,0));
#5806=DIRECTION('',(0.9963862579479049,0.08493777117732133,0));
#5807=FACE_SURFACE('',(#5812),#5808,.T.);
#5808=PLANE('',#5809);
#5809=AXIS2_PLACEMENT_3D('',#158,#5810,#5811);
#5810=DIRECTION('',(0,0,-1));
#5811=DIRECTION('',(0.43997624396351814,-0.8980094123937424,0));
#5812=FACE_BOUND('',#5813,.T.);
#5813=EDGE_LOOP('',(#5814,#5815,#5816));
#5814=ORIENTED_EDGE('',*,*,#5817,.T.);
#5815=ORIENTED_EDGE('',*,*,#5818,.T.);
#5816=ORIENTED_EDGE('',*,*,#5819,.T.);
#5817=EDGE_CURVE('',#159,#327,#5820,.F.);
#5818=EDGE_CURVE('',#327,#331,#5821,.T.);
#5819=EDGE_CURVE('',#331,#159,#5822,.T.);
#5820=LINE('',#158,#5823);
#5821=LINE('',#326,#5824);
#5822=LINE('',#330,#5825);
#5823=VECTOR('',#5826,1.0);
#5824=VECTOR('',#5827,1.0);
#5825=VECTOR('',#5828,1.0);
#5826=DIRECTION('',(0.43997624396351814,-0.8980094123937424,0));
#5827=DIRECTION('',(-1,0,0));
#5828=DIRECTION('',(-0.4187799268931499,0.9080877561289812,0));
#5829=FACE_SURFACE('',(#5834),#5830,.T.);
#5830=PLANE('',#5831);
#5831=AXIS2_PLACEMENT_3D('',#158,#5832,#5833);
#5832=DIRECTION('',(0,0,-1));
#5833=DIRECTION('',(-0.9841352902626375,-0.1774196450781993,0));
#5834=FACE_BOUND('',#5835,.T.);
#5835=EDGE_LOOP('',(#5836,#5837,#5838));
#5836=ORIENTED_EDGE('',*,*,#5839,.T.);
#5837=ORIENTED_EDGE('',*,*,#5840,.T.);
#5838=ORIENTED_EDGE('',*,*,#5841,.T.);
#5839=EDGE_CURVE('',#159,#333,#5842,.F.);
#5840=EDGE_CURVE('',#333,#329,#5843,.T.);
#5841=EDGE_CURVE('',#329,#159,#5844,.T.);
#5842=LINE('',#158,#5845);
#5843=LINE('',#332,#5846);
#5844=LINE('',#328,#5847);
#5845=VECTOR('',#5848,1.0);
#5846=VECTOR('',#5849,1.0);
#5847=VECTOR('',#5850,1.0);
#5848=DIRECTION('',(-0.9841352902626375,-0.1774196450781993,0));
#5849=DIRECTION('',(-0.743192525074536,0.6690776267917911,0));
#5850=DIRECTION('',(0.9922962460119004,0.12388769168359773,0));
#5851=FACE_SURFACE('',(#5856),#5852,.T.);
#5852=PLANE('',#5853);
#5853=AXIS2_PLACEMENT_3D('',#158,#5854,#5855);
#5854=DIRECTION('',(0,0,-1));
#5855=DIRECTION('',(0.4187799268931499,-0.9080877561289812,0));
#5856=FACE_BOUND('',#5857,.T.);
#5857=EDGE_LOOP('',(#5858,#5859,#5860));
#5858=ORIENTED_EDGE('',*,*,#5861,.T.);
#5859=ORIENTED_EDGE('',*,*,#5862,.T.);
#5860=ORIENTED_EDGE('',*,*,#5863,.T.);
#5861=EDGE_CURVE('',#159,#331,#5864,.F.);
#5862=EDGE_CURVE('',#331,#335,#5865,.T.);
#5863=EDGE_CURVE('',#335,#159,#5866,.T.);
#5864=LINE('',#158,#5867);
#5865=LINE('',#330,#5868);
#5866=LINE('',#334,#5869);
#5867=VECTOR('',#5870,1.0);
#5868=VECTOR('',#5871,1.0);
#5869=VECTOR('',#5872,1.0);
#5870=DIRECTION('',(0.4187799268931499,-0.9080877561289812,0));
#5871=DIRECTION('',(-0.9781471625810494,-0.20791375215372876,0));
#5872=DIRECTION('',(-0.39536873547510787,0.9185224891143462,0));
#5873=FACE_SURFACE('',(#5878),#5874,.T.);
#5874=PLANE('',#5875);
#5875=AXIS2_PLACEMENT_3D('',#158,#5876,#5877);
#5876=DIRECTION('',(0,0,-1));
#5877=DIRECTION('',(-0.9701833247932867,-0.24237226799500788,0));
#5878=FACE_BOUND('',#5879,.T.);
#5879=EDGE_LOOP('',(#5880,#5881,#5882));
#5880=ORIENTED_EDGE('',*,*,#5883,.T.);
#5881=ORIENTED_EDGE('',*,*,#5884,.T.);
#5882=ORIENTED_EDGE('',*,*,#5885,.T.);
#5883=EDGE_CURVE('',#159,#337,#5886,.F.);
#5884=EDGE_CURVE('',#337,#333,#5887,.T.);
#5885=EDGE_CURVE('',#333,#159,#5888,.T.);
#5886=LINE('',#158,#5889);
#5887=LINE('',#336,#5890);
#5888=LINE('',#332,#5891);
#5889=VECTOR('',#5892,1.0);
#5890=VECTOR('',#5893,1.0);
#5891=VECTOR('',#5894,1.0);
#5892=DIRECTION('',(-0.9701833247932867,-0.24237226799500788,0));
#5893=DIRECTION('',(-0.587768023499229,0.8090295115456604,0));
#5894=DIRECTION('',(0.9841352902626375,0.1774196450781993,0));
#5895=FACE_SURFACE('',(#5900),#5896,.T.);
#5896=PLANE('',#5897);
#5897=AXIS2_PLACEMENT_3D('',#158,#5898,#5899);
#5898=DIRECTION('',(0,0,-1));
#5899=DIRECTION('',(0.39536873547510787,-0.9185224891143462,0));
#5900=FACE_BOUND('',#5901,.T.);
#5901=EDGE_LOOP('',(#5902,#5903,#5904));
#5902=ORIENTED_EDGE('',*,*,#5905,.T.);
#5903=ORIENTED_EDGE('',*,*,#5906,.T.);
#5904=ORIENTED_EDGE('',*,*,#5907,.T.);
#5905=EDGE_CURVE('',#159,#335,#5908,.F.);
#5906=EDGE_CURVE('',#335,#339,#5909,.T.);
#5907=EDGE_CURVE('',#339,#159,#5910,.T.);
#5908=LINE('',#158,#5911);
#5909=LINE('',#334,#5912);
#5910=LINE('',#338,#5913);
#5911=VECTOR('',#5914,1.0);
#5912=VECTOR('',#5915,1.0);
#5913=VECTOR('',#5916,1.0);
#5914=DIRECTION('',(0.39536873547510787,-0.9185224891143462,0));
#5915=DIRECTION('',(-0.913544975572529,-0.40673772582118234,0));
#5916=DIRECTION('',(-0.3711133906180658,0.9285875571554698,0));
#5917=FACE_SURFACE('',(#5922),#5918,.T.);
#5918=PLANE('',#5919);
#5919=AXIS2_PLACEMENT_3D('',#158,#5920,#5921);
#5920=DIRECTION('',(0,0,-1));
#5921=DIRECTION('',(-0.9497893781297783,-0.31288997617668907,0));
#5922=FACE_BOUND('',#5923,.T.);
#5923=EDGE_LOOP('',(#5924,#5925,#5926));
#5924=ORIENTED_EDGE('',*,*,#5927,.T.);
#5925=ORIENTED_EDGE('',*,*,#5928,.T.);
#5926=ORIENTED_EDGE('',*,*,#5929,.T.);
#5927=EDGE_CURVE('',#159,#341,#5930,.F.);
#5928=EDGE_CURVE('',#341,#337,#5931,.T.);
#5929=EDGE_CURVE('',#337,#159,#5932,.T.);
#5930=LINE('',#158,#5933);
#5931=LINE('',#340,#5934);
#5932=LINE('',#336,#5935);
#5933=VECTOR('',#5936,1.0);
#5934=VECTOR('',#5937,1.0);
#5935=VECTOR('',#5938,1.0);
#5936=DIRECTION('',(-0.9497893781297783,-0.31288997617668907,0));
#5937=DIRECTION('',(-0.40671404773651476,0.9135555174009843,0));
#5938=DIRECTION('',(0.9701833247932867,0.24237226799500788,0));
#5939=FACE_SURFACE('',(#5944),#5940,.T.);
#5940=PLANE('',#5941);
#5941=AXIS2_PLACEMENT_3D('',#158,#5942,#5943);
#5942=DIRECTION('',(0,0,-1));
#5943=DIRECTION('',(0.3711133906180658,-0.9285875571554698,0));
#5944=FACE_BOUND('',#5945,.T.);
#5945=EDGE_LOOP('',(#5946,#5947,#5948));
#5946=ORIENTED_EDGE('',*,*,#5949,.T.);
#5947=ORIENTED_EDGE('',*,*,#5950,.T.);
#5948=ORIENTED_EDGE('',*,*,#5951,.T.);
#5949=EDGE_CURVE('',#159,#339,#5952,.F.);
#5950=EDGE_CURVE('',#339,#343,#5953,.T.);
#5951=EDGE_CURVE('',#343,#159,#5954,.T.);
#5952=LINE('',#158,#5955);
#5953=LINE('',#338,#5956);
#5954=LINE('',#342,#5957);
#5955=VECTOR('',#5958,1.0);
#5956=VECTOR('',#5959,1.0);
#5957=VECTOR('',#5960,1.0);
#5958=DIRECTION('',(0.3711133906180658,-0.9285875571554698,0));
#5959=DIRECTION('',(-0.8090421185220069,-0.5877506703164386,0));
#5960=DIRECTION('',(-0.34751339313102175,0.9376750191801869,0));
#5961=FACE_SURFACE('',(#5966),#5962,.T.);
#5962=PLANE('',#5963);
#5963=AXIS2_PLACEMENT_3D('',#158,#5964,#5965);
#5964=DIRECTION('',(0,0,-1));
#5965=DIRECTION('',(-0.9243150721453033,-0.38163024959379543,0));
#5966=FACE_BOUND('',#5967,.T.);
#5967=EDGE_LOOP('',(#5968,#5969,#5970));
#5968=ORIENTED_EDGE('',*,*,#5971,.T.);
#5969=ORIENTED_EDGE('',*,*,#5972,.T.);
#5970=ORIENTED_EDGE('',*,*,#5973,.T.);
#5971=EDGE_CURVE('',#159,#315,#5974,.F.);
#5972=EDGE_CURVE('',#315,#341,#5975,.T.);
#5973=EDGE_CURVE('',#341,#159,#5976,.T.);
#5974=LINE('',#158,#5977);
#5975=LINE('',#314,#5978);
#5976=LINE('',#340,#5979);
#5977=VECTOR('',#5980,1.0);
#5978=VECTOR('',#5981,1.0);
#5979=VECTOR('',#5982,1.0);
#5980=DIRECTION('',(-0.9243150721453033,-0.38163024959379543,0));
#5981=DIRECTION('',(-0.20793382408746142,0.9781428959003713,0));
#5982=DIRECTION('',(0.9497893781297783,0.31288997617668907,0));
#5983=FACE_SURFACE('',(#5988),#5984,.T.);
#5984=PLANE('',#5985);
#5985=AXIS2_PLACEMENT_3D('',#158,#5986,#5987);
#5986=DIRECTION('',(0,0,-1));
#5987=DIRECTION('',(0.34751339313102175,-0.9376750191801869,0));
#5988=FACE_BOUND('',#5989,.T.);
#5989=EDGE_LOOP('',(#5990,#5991,#5992));
#5990=ORIENTED_EDGE('',*,*,#5993,.T.);
#5991=ORIENTED_EDGE('',*,*,#5994,.T.);
#5992=ORIENTED_EDGE('',*,*,#5995,.T.);
#5993=EDGE_CURVE('',#159,#343,#5996,.F.);
#5994=EDGE_CURVE('',#343,#177,#5997,.T.);
#5995=EDGE_CURVE('',#177,#159,#5998,.T.);
#5996=LINE('',#158,#5999);
#5997=LINE('',#342,#6000);
#5998=LINE('',#176,#6001);
#5999=VECTOR('',#6002,1.0);
#6000=VECTOR('',#6003,1.0);
#6001=VECTOR('',#6004,1.0);
#6002=DIRECTION('',(0.34751339313102175,-0.9376750191801869,0));
#6003=DIRECTION('',(-0.6691522204496516,-0.7431253634934694,0));
#6004=DIRECTION('',(-0.3260244719464004,0.9453613296999569,0));
#6005=FACE_SURFACE('',(#6010),#6006,.T.);
#6006=PLANE('',#6007);
#6007=AXIS2_PLACEMENT_3D('',#166,#6008,#6009);
#6008=DIRECTION('',(0,0,-1));
#6009=DIRECTION('',(-0.06817587728153318,-0.997673318154241,0));
#6010=FACE_BOUND('',#6011,.T.);
#6011=EDGE_LOOP('',(#6012,#6013,#6014));
#6012=ORIENTED_EDGE('',*,*,#6015,.T.);
#6013=ORIENTED_EDGE('',*,*,#6016,.T.);
#6014=ORIENTED_EDGE('',*,*,#6017,.T.);
#6015=EDGE_CURVE('',#167,#263,#6018,.F.);
#6016=EDGE_CURVE('',#263,#165,#6019,.T.);
#6017=EDGE_CURVE('',#165,#167,#6020,.T.);
#6018=LINE('',#166,#6021);
#6019=LINE('',#262,#6022);
#6020=LINE('',#164,#6023);
#6021=VECTOR('',#6024,1.0);
#6022=VECTOR('',#6025,1.0);
#6023=VECTOR('',#6026,1.0);
#6024=DIRECTION('',(-0.06817587728153318,-0.997673318154241,0));
#6025=DIRECTION('',(-0.6691703678463873,-0.7431090221470407,0));
#6026=DIRECTION('',(0.08340104695472322,0.9965160637776271,0));
#6027=FACE_SURFACE('',(#6032),#6028,.T.);
#6028=PLANE('',#6029);
#6029=AXIS2_PLACEMENT_3D('',#266,#6030,#6031);
#6030=DIRECTION('',(0,1,0));
#6031=DIRECTION('',(0,0,-1));
#6032=FACE_BOUND('',#6033,.T.);
#6033=EDGE_LOOP('',(#6034,#6035,#6036));
#6034=ORIENTED_EDGE('',*,*,#6037,.T.);
#6035=ORIENTED_EDGE('',*,*,#6038,.T.);
#6036=ORIENTED_EDGE('',*,*,#6039,.T.);
#6037=EDGE_CURVE('',#267,#345,#6040,.F.);
#6038=EDGE_CURVE('',#345,#167,#6041,.T.);
#6039=EDGE_CURVE('',#167,#267,#6042,.T.);
#6040=LINE('',#266,#6043);
#6041=LINE('',#344,#6044);
#6042=LINE('',#166,#6045);
#6043=VECTOR('',#6046,1.0);
#6044=VECTOR('',#6047,1.0);
#6045=VECTOR('',#6048,1.0);
#6046=DIRECTION('',(0,0,-1));
#6047=DIRECTION('',(-1,0,0));
#6048=DIRECTION('',(0.11080435117600498,0,0.99384223886916));
#6049=FACE_SURFACE('',(#6054),#6050,.T.);
#6050=PLANE('',#6051);
#6051=AXIS2_PLACEMENT_3D('',#344,#6052,#6053);
#6052=DIRECTION('',(-0,0,-1));
#6053=DIRECTION('',(-0.026086059781257283,-0.9996597008407854,0));
#6054=FACE_BOUND('',#6055,.T.);
#6055=EDGE_LOOP('',(#6056,#6057,#6058));
#6056=ORIENTED_EDGE('',*,*,#6059,.T.);
#6057=ORIENTED_EDGE('',*,*,#6060,.T.);
#6058=ORIENTED_EDGE('',*,*,#6061,.T.);
#6059=EDGE_CURVE('',#345,#347,#6062,.F.);
#6060=EDGE_CURVE('',#347,#167,#6063,.T.);
#6061=EDGE_CURVE('',#167,#345,#6064,.T.);
#6062=LINE('',#344,#6065);
#6063=LINE('',#346,#6066);
#6064=LINE('',#166,#6067);
#6065=VECTOR('',#6068,1.0);
#6066=VECTOR('',#6069,1.0);
#6067=VECTOR('',#6070,1.0);
#6068=DIRECTION('',(-0.026086059781257283,-0.9996597008407854,0));
#6069=DIRECTION('',(0,1,0));
#6070=DIRECTION('',(1,0,0));
#6071=FACE_SURFACE('',(#6076),#6072,.T.);
#6072=PLANE('',#6073);
#6073=AXIS2_PLACEMENT_3D('',#166,#6074,#6075);
#6074=DIRECTION('',(0,-0,-1));
#6075=DIRECTION('',(0,-1,0));
#6076=FACE_BOUND('',#6077,.T.);
#6077=EDGE_LOOP('',(#6078,#6079,#6080));
#6078=ORIENTED_EDGE('',*,*,#6081,.T.);
#6079=ORIENTED_EDGE('',*,*,#6082,.T.);
#6080=ORIENTED_EDGE('',*,*,#6083,.T.);
#6081=EDGE_CURVE('',#167,#347,#6084,.F.);
#6082=EDGE_CURVE('',#347,#349,#6085,.T.);
#6083=EDGE_CURVE('',#349,#167,#6086,.T.);
#6084=LINE('',#166,#6087);
#6085=LINE('',#346,#6088);
#6086=LINE('',#348,#6089);
#6087=VECTOR('',#6090,1.0);
#6088=VECTOR('',#6091,1.0);
#6089=VECTOR('',#6092,1.0);
#6090=DIRECTION('',(0,-1,0));
#6091=DIRECTION('',(-0.978139739954972,-0.2079486694374834,0));
#6092=DIRECTION('',(0.025379476169397067,0.9996778892170053,0));
#6093=FACE_SURFACE('',(#6098),#6094,.T.);
#6094=PLANE('',#6095);
#6095=AXIS2_PLACEMENT_3D('',#166,#6096,#6097);
#6096=DIRECTION('',(0,0,-1));
#6097=DIRECTION('',(-0.025379476169397067,-0.9996778892170053,0));
#6098=FACE_BOUND('',#6099,.T.);
#6099=EDGE_LOOP('',(#6100,#6101,#6102));
#6100=ORIENTED_EDGE('',*,*,#6103,.T.);
#6101=ORIENTED_EDGE('',*,*,#6104,.T.);
#6102=ORIENTED_EDGE('',*,*,#6105,.T.);
#6103=EDGE_CURVE('',#167,#349,#6106,.F.);
#6104=EDGE_CURVE('',#349,#351,#6107,.T.);
#6105=EDGE_CURVE('',#351,#167,#6108,.T.);
#6106=LINE('',#166,#6109);
#6107=LINE('',#348,#6110);
#6108=LINE('',#350,#6111);
#6109=VECTOR('',#6112,1.0);
#6110=VECTOR('',#6113,1.0);
#6111=VECTOR('',#6114,1.0);
#6112=DIRECTION('',(-0.025379476169397067,-0.9996778892170053,0));
#6113=DIRECTION('',(-0.9135585358619229,-0.4067072676432274,0));
#6114=DIRECTION('',(0.04852859795673373,0.9988217935049042,0));
#6115=FACE_SURFACE('',(#6120),#6116,.T.);
#6116=PLANE('',#6117);
#6117=AXIS2_PLACEMENT_3D('',#166,#6118,#6119);
#6118=DIRECTION('',(0,0,-1));
#6119=DIRECTION('',(-0.04852859795673373,-0.9988217935049042,0));
#6120=FACE_BOUND('',#6121,.T.);
#6121=EDGE_LOOP('',(#6122,#6123,#6124));
#6122=ORIENTED_EDGE('',*,*,#6125,.T.);
#6123=ORIENTED_EDGE('',*,*,#6126,.T.);
#6124=ORIENTED_EDGE('',*,*,#6127,.T.);
#6125=EDGE_CURVE('',#167,#351,#6128,.F.);
#6126=EDGE_CURVE('',#351,#263,#6129,.T.);
#6127=EDGE_CURVE('',#263,#167,#6130,.T.);
#6128=LINE('',#166,#6131);
#6129=LINE('',#350,#6132);
#6130=LINE('',#262,#6133);
#6131=VECTOR('',#6134,1.0);
#6132=VECTOR('',#6135,1.0);
#6133=VECTOR('',#6136,1.0);
#6134=DIRECTION('',(-0.04852859795673373,-0.9988217935049042,0));
#6135=DIRECTION('',(-0.8090247657359487,-0.5877745557829918,0));
#6136=DIRECTION('',(0.06817587728153318,0.997673318154241,0));
#6137=FACE_SURFACE('',(#6142),#6138,.T.);
#6138=PLANE('',#6139);
#6139=AXIS2_PLACEMENT_3D('',#342,#6140,#6141);
#6140=DIRECTION('',(0.7431253634934694,-0.6691522204496515,0));
#6141=DIRECTION('',(-0.07414988725670046,-0.08234697612391971,0.9938414208227917));
#6142=FACE_BOUND('',#6143,.T.);
#6143=EDGE_LOOP('',(#6144,#6145,#6146));
#6144=ORIENTED_EDGE('',*,*,#6147,.T.);
#6145=ORIENTED_EDGE('',*,*,#6148,.T.);
#6146=ORIENTED_EDGE('',*,*,#6149,.T.);
#6147=EDGE_CURVE('',#343,#261,#6150,.F.);
#6148=EDGE_CURVE('',#261,#177,#6151,.T.);
#6149=EDGE_CURVE('',#177,#343,#6152,.T.);
#6150=LINE('',#342,#6153);
#6151=LINE('',#260,#6154);
#6152=LINE('',#176,#6155);
#6153=VECTOR('',#6156,1.0);
#6154=VECTOR('',#6157,1.0);
#6155=VECTOR('',#6158,1.0);
#6156=DIRECTION('',(-0.07414988725670046,-0.08234697612391971,0.9938414208227917));
#6157=DIRECTION('',(0,0,-1));
#6158=DIRECTION('',(0.6691522204496516,0.7431253634934694,0));
#6159=FACE_SURFACE('',(#6164),#6160,.T.);
#6160=PLANE('',#6161);
#6161=AXIS2_PLACEMENT_3D('',#312,#6162,#6163);
#6162=DIRECTION('',(-0.5000720641752221,-0.865983793515521,0));
#6163=DIRECTION('',(-0.09595494834917859,0.05541026223366676,0.9938422162126656));
#6164=FACE_BOUND('',#6165,.T.);
#6165=EDGE_LOOP('',(#6166,#6167,#6168));
#6166=ORIENTED_EDGE('',*,*,#6169,.T.);
#6167=ORIENTED_EDGE('',*,*,#6170,.T.);
#6168=ORIENTED_EDGE('',*,*,#6171,.T.);
#6169=EDGE_CURVE('',#313,#183,#6172,.F.);
#6170=EDGE_CURVE('',#183,#179,#6173,.T.);
#6171=EDGE_CURVE('',#179,#313,#6174,.T.);
#6172=LINE('',#312,#6175);
#6173=LINE('',#182,#6176);
#6174=LINE('',#178,#6177);
#6175=VECTOR('',#6178,1.0);
#6176=VECTOR('',#6179,1.0);
#6177=VECTOR('',#6180,1.0);
#6178=DIRECTION('',(-0.09595494834917859,0.05541026223366676,0.9938422162126656));
#6179=DIRECTION('',(0,0,-1));
#6180=DIRECTION('',(0.865983793515521,-0.500072064175222,0));
#6181=FACE_SURFACE('',(#6186),#6182,.T.);
#6182=PLANE('',#6183);
#6183=AXIS2_PLACEMENT_3D('',#202,#6184,#6185);
#6184=DIRECTION('',(0.5000404560956259,-0.8660020451867757,0));
#6185=DIRECTION('',(0.09596296178028749,0.05541021922939313,-0.9938414448851012));
#6186=FACE_BOUND('',#6187,.T.);
#6187=EDGE_LOOP('',(#6188,#6189,#6190));
#6188=ORIENTED_EDGE('',*,*,#6191,.T.);
#6189=ORIENTED_EDGE('',*,*,#6192,.T.);
#6190=ORIENTED_EDGE('',*,*,#6193,.T.);
#6191=EDGE_CURVE('',#203,#275,#6194,.F.);
#6192=EDGE_CURVE('',#275,#181,#6195,.T.);
#6193=EDGE_CURVE('',#181,#203,#6196,.T.);
#6194=LINE('',#202,#6197);
#6195=LINE('',#274,#6198);
#6196=LINE('',#180,#6199);
#6197=VECTOR('',#6200,1.0);
#6198=VECTOR('',#6201,1.0);
#6199=VECTOR('',#6202,1.0);
#6200=DIRECTION('',(0.09596296178028749,0.05541021922939313,-0.9938414448851012));
#6201=DIRECTION('',(0,0,1));
#6202=DIRECTION('',(-0.8660020451867758,-0.5000404560956259,0));
#6203=FACE_SURFACE('',(#6208),#6204,.T.);
#6204=PLANE('',#6205);
#6205=AXIS2_PLACEMENT_3D('',#312,#6206,#6207);
#6206=DIRECTION('',(-0.5000720641752221,-0.865983793515521,0));
#6207=DIRECTION('',(0,0,1));
#6208=FACE_BOUND('',#6209,.T.);
#6209=EDGE_LOOP('',(#6210,#6211,#6212));
#6210=ORIENTED_EDGE('',*,*,#6213,.T.);
#6211=ORIENTED_EDGE('',*,*,#6214,.T.);
#6212=ORIENTED_EDGE('',*,*,#6215,.T.);
#6213=EDGE_CURVE('',#313,#227,#6216,.F.);
#6214=EDGE_CURVE('',#227,#183,#6217,.T.);
#6215=EDGE_CURVE('',#183,#313,#6218,.T.);
#6216=LINE('',#312,#6219);
#6217=LINE('',#226,#6220);
#6218=LINE('',#182,#6221);
#6219=VECTOR('',#6222,1.0);
#6220=VECTOR('',#6223,1.0);
#6221=VECTOR('',#6224,1.0);
#6222=DIRECTION('',(0,0,1));
#6223=DIRECTION('',(-0.865983793515521,0.500072064175222,0));
#6224=DIRECTION('',(0.09595494834917859,-0.05541026223366676,-0.9938422162126656));
#6225=FACE_SURFACE('',(#6230),#6226,.T.);
#6226=PLANE('',#6227);
#6227=AXIS2_PLACEMENT_3D('',#186,#6228,#6229);
#6228=DIRECTION('',(-0.3302791960364958,-0.9438832833912708,-0));
#6229=DIRECTION('',(0,0,-1));
#6230=FACE_BOUND('',#6231,.T.);
#6231=EDGE_LOOP('',(#6232,#6233,#6234));
#6232=ORIENTED_EDGE('',*,*,#6235,.T.);
#6233=ORIENTED_EDGE('',*,*,#6236,.T.);
#6234=ORIENTED_EDGE('',*,*,#6237,.T.);
#6235=EDGE_CURVE('',#187,#185,#6238,.F.);
#6236=EDGE_CURVE('',#185,#353,#6239,.T.);
#6237=EDGE_CURVE('',#353,#187,#6240,.T.);
#6238=LINE('',#186,#6241);
#6239=LINE('',#184,#6242);
#6240=LINE('',#352,#6243);
#6241=VECTOR('',#6244,1.0);
#6242=VECTOR('',#6245,1.0);
#6243=VECTOR('',#6246,1.0);
#6244=DIRECTION('',(0,0,-1));
#6245=DIRECTION('',(0.9438832833912708,-0.3302791960364958,0));
#6246=DIRECTION('',(-0.10502410849998116,0.03674954173909706,0.9937904244938923));
#6247=FACE_SURFACE('',(#6252),#6248,.T.);
#6248=PLANE('',#6249);
#6249=AXIS2_PLACEMENT_3D('',#184,#6250,#6251);
#6250=DIRECTION('',(0,0,-1));
#6251=DIRECTION('',(0.9999801476167619,-0.006301140560177724,0));
#6252=FACE_BOUND('',#6253,.T.);
#6253=EDGE_LOOP('',(#6254,#6255,#6256));
#6254=ORIENTED_EDGE('',*,*,#6257,.T.);
#6255=ORIENTED_EDGE('',*,*,#6258,.T.);
#6256=ORIENTED_EDGE('',*,*,#6259,.T.);
#6257=EDGE_CURVE('',#185,#279,#6260,.F.);
#6258=EDGE_CURVE('',#279,#353,#6261,.T.);
#6259=EDGE_CURVE('',#353,#185,#6262,.T.);
#6260=LINE('',#184,#6263);
#6261=LINE('',#278,#6264);
#6262=LINE('',#352,#6265);
#6263=VECTOR('',#6266,1.0);
#6264=VECTOR('',#6267,1.0);
#6265=VECTOR('',#6268,1.0);
#6266=DIRECTION('',(0.9999801476167619,-0.006301140560177724,0));
#6267=DIRECTION('',(-0.999999141527219,0.0013103224126273549,0));
#6268=DIRECTION('',(-0.9438832833912708,0.3302791960364958,0));
#6269=FACE_SURFACE('',(#6274),#6270,.T.);
#6270=PLANE('',#6271);
#6271=AXIS2_PLACEMENT_3D('',#186,#6272,#6273);
#6272=DIRECTION('',(-0.3302791960364958,-0.9438832833912708,0));
#6273=DIRECTION('',(0.10502410849998116,-0.03674954173909706,-0.9937904244938923));
#6274=FACE_BOUND('',#6275,.T.);
#6275=EDGE_LOOP('',(#6276,#6277,#6278));
#6276=ORIENTED_EDGE('',*,*,#6279,.T.);
#6277=ORIENTED_EDGE('',*,*,#6280,.T.);
#6278=ORIENTED_EDGE('',*,*,#6281,.T.);
#6279=EDGE_CURVE('',#187,#353,#6282,.F.);
#6280=EDGE_CURVE('',#353,#355,#6283,.T.);
#6281=EDGE_CURVE('',#355,#187,#6284,.T.);
#6282=LINE('',#186,#6285);
#6283=LINE('',#352,#6286);
#6284=LINE('',#354,#6287);
#6285=VECTOR('',#6288,1.0);
#6286=VECTOR('',#6289,1.0);
#6287=VECTOR('',#6290,1.0);
#6288=DIRECTION('',(0.10502410849998116,-0.03674954173909706,-0.9937904244938923));
#6289=DIRECTION('',(0,0,1));
#6290=DIRECTION('',(-0.9438832833912708,0.3302791960364958,0));
#6291=FACE_SURFACE('',(#6296),#6292,.T.);
#6292=PLANE('',#6293);
#6293=AXIS2_PLACEMENT_3D('',#354,#6294,#6295);
#6294=DIRECTION('',(-0,-0,1));
#6295=DIRECTION('',(0.999999141527219,-0.0013103224126273549,0));
#6296=FACE_BOUND('',#6297,.T.);
#6297=EDGE_LOOP('',(#6298,#6299,#6300));
#6298=ORIENTED_EDGE('',*,*,#6301,.T.);
#6299=ORIENTED_EDGE('',*,*,#6302,.T.);
#6300=ORIENTED_EDGE('',*,*,#6303,.T.);
#6301=EDGE_CURVE('',#355,#191,#6304,.F.);
#6302=EDGE_CURVE('',#191,#187,#6305,.T.);
#6303=EDGE_CURVE('',#187,#355,#6306,.T.);
#6304=LINE('',#354,#6307);
#6305=LINE('',#190,#6308);
#6306=LINE('',#186,#6309);
#6307=VECTOR('',#6310,1.0);
#6308=VECTOR('',#6311,1.0);
#6309=VECTOR('',#6312,1.0);
#6310=DIRECTION('',(0.999999141527219,-0.0013103224126273549,0));
#6311=DIRECTION('',(-0.9999801476167619,0.006301140560177724,0));
#6312=DIRECTION('',(0.9438832833912708,-0.3302791960364958,0));
#6313=FACE_SURFACE('',(#6318),#6314,.T.);
#6314=PLANE('',#6315);
#6315=AXIS2_PLACEMENT_3D('',#276,#6316,#6317);
#6316=DIRECTION('',(0.3302791960364958,-0.9438832833912708,0));
#6317=DIRECTION('',(0,0,1));
#6318=FACE_BOUND('',#6319,.T.);
#6319=EDGE_LOOP('',(#6320,#6321,#6322));
#6320=ORIENTED_EDGE('',*,*,#6323,.T.);
#6321=ORIENTED_EDGE('',*,*,#6324,.T.);
#6322=ORIENTED_EDGE('',*,*,#6325,.T.);
#6323=EDGE_CURVE('',#277,#189,#6326,.F.);
#6324=EDGE_CURVE('',#189,#357,#6327,.T.);
#6325=EDGE_CURVE('',#357,#277,#6328,.T.);
#6326=LINE('',#276,#6329);
#6327=LINE('',#188,#6330);
#6328=LINE('',#356,#6331);
#6329=VECTOR('',#6332,1.0);
#6330=VECTOR('',#6333,1.0);
#6331=VECTOR('',#6334,1.0);
#6332=DIRECTION('',(0,0,1));
#6333=DIRECTION('',(-0.9438832833912708,-0.3302791960364958,0));
#6334=DIRECTION('',(0.10502410849998116,0.03674954173909706,-0.9937904244938923));
#6335=FACE_SURFACE('',(#6340),#6336,.T.);
#6336=PLANE('',#6337);
#6337=AXIS2_PLACEMENT_3D('',#188,#6338,#6339);
#6338=DIRECTION('',(0,0,1));
#6339=DIRECTION('',(-0.9999870208917896,-0.0050949041172036235,0));
#6340=FACE_BOUND('',#6341,.T.);
#6341=EDGE_LOOP('',(#6342,#6343,#6344));
#6342=ORIENTED_EDGE('',*,*,#6345,.T.);
#6343=ORIENTED_EDGE('',*,*,#6346,.T.);
#6344=ORIENTED_EDGE('',*,*,#6347,.T.);
#6345=EDGE_CURVE('',#189,#193,#6348,.F.);
#6346=EDGE_CURVE('',#193,#357,#6349,.T.);
#6347=EDGE_CURVE('',#357,#189,#6350,.T.);
#6348=LINE('',#188,#6351);
#6349=LINE('',#192,#6352);
#6350=LINE('',#356,#6353);
#6351=VECTOR('',#6354,1.0);
#6352=VECTOR('',#6355,1.0);
#6353=VECTOR('',#6356,1.0);
#6354=DIRECTION('',(-0.9999870208917896,-0.0050949041172036235,0));
#6355=DIRECTION('',(0.9999642658971932,-0.008453811488749305,0));
#6356=DIRECTION('',(0.9438832833912708,0.3302791960364958,0));
#6357=FACE_SURFACE('',(#6362),#6358,.T.);
#6358=PLANE('',#6359);
#6359=AXIS2_PLACEMENT_3D('',#190,#6360,#6361);
#6360=DIRECTION('',(0.9135645723309492,-0.4066937080675947,0));
#6361=DIRECTION('',(0,0,-1));
#6362=FACE_BOUND('',#6363,.T.);
#6363=EDGE_LOOP('',(#6364,#6365,#6366));
#6364=ORIENTED_EDGE('',*,*,#6367,.T.);
#6365=ORIENTED_EDGE('',*,*,#6368,.T.);
#6366=ORIENTED_EDGE('',*,*,#6369,.T.);
#6367=EDGE_CURVE('',#191,#279,#6370,.F.);
#6368=EDGE_CURVE('',#279,#283,#6371,.T.);
#6369=EDGE_CURVE('',#283,#191,#6372,.T.);
#6370=LINE('',#190,#6373);
#6371=LINE('',#278,#6374);
#6372=LINE('',#282,#6375);
#6373=VECTOR('',#6376,1.0);
#6374=VECTOR('',#6377,1.0);
#6375=VECTOR('',#6378,1.0);
#6376=DIRECTION('',(0,0,-1));
#6377=DIRECTION('',(0.40669370806759464,0.9135645723309491,0));
#6378=DIRECTION('',(-0.045065798669171604,-0.10123224498253525,0.9938415901772805));
#6379=FACE_SURFACE('',(#6384),#6380,.T.);
#6380=PLANE('',#6381);
#6381=AXIS2_PLACEMENT_3D('',#190,#6382,#6383);
#6382=DIRECTION('',(0.9135645723309492,-0.4066937080675947,0));
#6383=DIRECTION('',(0.045065798669171604,0.10123224498253525,-0.9938415901772805));
#6384=FACE_BOUND('',#6385,.T.);
#6385=EDGE_LOOP('',(#6386,#6387,#6388));
#6386=ORIENTED_EDGE('',*,*,#6389,.T.);
#6387=ORIENTED_EDGE('',*,*,#6390,.T.);
#6388=ORIENTED_EDGE('',*,*,#6391,.T.);
#6389=EDGE_CURVE('',#191,#283,#6392,.F.);
#6390=EDGE_CURVE('',#283,#195,#6393,.T.);
#6391=EDGE_CURVE('',#195,#191,#6394,.T.);
#6392=LINE('',#190,#6395);
#6393=LINE('',#282,#6396);
#6394=LINE('',#194,#6397);
#6395=VECTOR('',#6398,1.0);
#6396=VECTOR('',#6399,1.0);
#6397=VECTOR('',#6400,1.0);
#6398=DIRECTION('',(0.045065798669171604,0.10123224498253525,-0.9938415901772805));
#6399=DIRECTION('',(0,0,1));
#6400=DIRECTION('',(-0.40669370806759464,-0.9135645723309491,0));
#6401=FACE_SURFACE('',(#6406),#6402,.T.);
#6402=PLANE('',#6403);
#6403=AXIS2_PLACEMENT_3D('',#358,#6404,#6405);
#6404=DIRECTION('',(0.9781397399549719,-0.2079486694374834,0));
#6405=DIRECTION('',(0.02304244204812634,0.10838601821233454,-0.9938417967264882));
#6406=FACE_BOUND('',#6407,.T.);
#6407=EDGE_LOOP('',(#6408,#6409,#6410));
#6408=ORIENTED_EDGE('',*,*,#6411,.T.);
#6409=ORIENTED_EDGE('',*,*,#6412,.T.);
#6410=ORIENTED_EDGE('',*,*,#6413,.T.);
#6411=EDGE_CURVE('',#359,#279,#6414,.F.);
#6412=EDGE_CURVE('',#279,#191,#6415,.T.);
#6413=EDGE_CURVE('',#191,#359,#6416,.T.);
#6414=LINE('',#358,#6417);
#6415=LINE('',#278,#6418);
#6416=LINE('',#190,#6419);
#6417=VECTOR('',#6420,1.0);
#6418=VECTOR('',#6421,1.0);
#6419=VECTOR('',#6422,1.0);
#6420=DIRECTION('',(0.02304244204812634,0.10838601821233454,-0.9938417967264882));
#6421=DIRECTION('',(0,0,1));
#6422=DIRECTION('',(-0.2079486694374834,-0.978139739954972,0));
#6423=FACE_SURFACE('',(#6428),#6424,.T.);
#6424=PLANE('',#6425);
#6425=AXIS2_PLACEMENT_3D('',#354,#6426,#6427);
#6426=DIRECTION('',(0,0,1));
#6427=DIRECTION('',(0.9998663417328876,-0.016349271228171414,0));
#6428=FACE_BOUND('',#6429,.T.);
#6429=EDGE_LOOP('',(#6430,#6431,#6432));
#6430=ORIENTED_EDGE('',*,*,#6433,.T.);
#6431=ORIENTED_EDGE('',*,*,#6434,.T.);
#6432=ORIENTED_EDGE('',*,*,#6435,.T.);
#6433=EDGE_CURVE('',#355,#359,#6436,.F.);
#6434=EDGE_CURVE('',#359,#191,#6437,.T.);
#6435=EDGE_CURVE('',#191,#355,#6438,.T.);
#6436=LINE('',#354,#6439);
#6437=LINE('',#358,#6440);
#6438=LINE('',#190,#6441);
#6439=VECTOR('',#6442,1.0);
#6440=VECTOR('',#6443,1.0);
#6441=VECTOR('',#6444,1.0);
#6442=DIRECTION('',(0.9998663417328876,-0.016349271228171414,0));
#6443=DIRECTION('',(0.2079486694374834,0.978139739954972,0));
#6444=DIRECTION('',(-0.999999141527219,0.0013103224126273549,0));
#6445=FACE_SURFACE('',(#6450),#6446,.T.);
#6446=PLANE('',#6447);
#6447=AXIS2_PLACEMENT_3D('',#280,#6448,#6449);
#6448=DIRECTION('',(-0.9609169671845664,-0.27683674282294046,0));
#6449=DIRECTION('',(0,0,1));
#6450=FACE_BOUND('',#6451,.T.);
#6451=EDGE_LOOP('',(#6452,#6453,#6454));
#6452=ORIENTED_EDGE('',*,*,#6455,.T.);
#6453=ORIENTED_EDGE('',*,*,#6456,.T.);
#6454=ORIENTED_EDGE('',*,*,#6457,.T.);
#6455=EDGE_CURVE('',#281,#193,#6458,.F.);
#6456=EDGE_CURVE('',#193,#285,#6459,.T.);
#6457=EDGE_CURVE('',#285,#281,#6460,.T.);
#6458=LINE('',#280,#6461);
#6459=LINE('',#192,#6462);
#6460=LINE('',#284,#6463);
#6461=VECTOR('',#6464,1.0);
#6462=VECTOR('',#6465,1.0);
#6463=VECTOR('',#6466,1.0);
#6464=DIRECTION('',(0,0,1));
#6465=DIRECTION('',(-0.050860811208477456,0.17654093151303696,-0.9829783707608855));
#6466=DIRECTION('',(0.2768367428229405,-0.9609169671845664,0));
#6467=FACE_SURFACE('',(#6472),#6468,.T.);
#6468=PLANE('',#6469);
#6469=AXIS2_PLACEMENT_3D('',#284,#6470,#6471);
#6470=DIRECTION('',(-0.9609169671845664,-0.27683674282294046,0));
#6471=DIRECTION('',(0.050860811208477456,-0.17654093151303696,0.9829783707608855));
#6472=FACE_BOUND('',#6473,.T.);
#6473=EDGE_LOOP('',(#6474,#6475,#6476));
#6474=ORIENTED_EDGE('',*,*,#6477,.T.);
#6475=ORIENTED_EDGE('',*,*,#6478,.T.);
#6476=ORIENTED_EDGE('',*,*,#6479,.T.);
#6477=EDGE_CURVE('',#285,#193,#6480,.F.);
#6478=EDGE_CURVE('',#193,#197,#6481,.T.);
#6479=EDGE_CURVE('',#197,#285,#6482,.T.);
#6480=LINE('',#284,#6483);
#6481=LINE('',#192,#6484);
#6482=LINE('',#196,#6485);
#6483=VECTOR('',#6486,1.0);
#6484=VECTOR('',#6487,1.0);
#6485=VECTOR('',#6488,1.0);
#6486=DIRECTION('',(0.050860811208477456,-0.17654093151303696,0.9829783707608855));
#6487=DIRECTION('',(-0.2768367428229405,0.9609169671845664,0));
#6488=DIRECTION('',(0,0,-1));
#6489=FACE_SURFACE('',(#6494),#6490,.T.);
#6490=PLANE('',#6491);
#6491=AXIS2_PLACEMENT_3D('',#280,#6492,#6493);
#6492=DIRECTION('',(-0.923863991205589,-0.3827209502413991,0));
#6493=DIRECTION('',(0.07031553765375072,-0.1697372281804448,0.9829776185316141));
#6494=FACE_BOUND('',#6495,.T.);
#6495=EDGE_LOOP('',(#6496,#6497,#6498));
#6496=ORIENTED_EDGE('',*,*,#6499,.T.);
#6497=ORIENTED_EDGE('',*,*,#6500,.T.);
#6498=ORIENTED_EDGE('',*,*,#6501,.T.);
#6499=EDGE_CURVE('',#281,#361,#6502,.F.);
#6500=EDGE_CURVE('',#361,#193,#6503,.T.);
#6501=EDGE_CURVE('',#193,#281,#6504,.T.);
#6502=LINE('',#280,#6505);
#6503=LINE('',#360,#6506);
#6504=LINE('',#192,#6507);
#6505=VECTOR('',#6508,1.0);
#6506=VECTOR('',#6509,1.0);
#6507=VECTOR('',#6510,1.0);
#6508=DIRECTION('',(0.07031553765375072,-0.1697372281804448,0.9829776185316141));
#6509=DIRECTION('',(-0.3827209502413991,0.923863991205589,0));
#6510=DIRECTION('',(0,0,-1));
#6511=FACE_SURFACE('',(#6516),#6512,.T.);
#6512=PLANE('',#6513);
#6513=AXIS2_PLACEMENT_3D('',#356,#6514,#6515);
#6514=DIRECTION('',(0,0,1));
#6515=DIRECTION('',(-0.9999642658971932,0.008453811488749305,0));
#6516=FACE_BOUND('',#6517,.T.);
#6517=EDGE_LOOP('',(#6518,#6519,#6520));
#6518=ORIENTED_EDGE('',*,*,#6521,.T.);
#6519=ORIENTED_EDGE('',*,*,#6522,.T.);
#6520=ORIENTED_EDGE('',*,*,#6523,.T.);
#6521=EDGE_CURVE('',#357,#193,#6524,.F.);
#6522=EDGE_CURVE('',#193,#361,#6525,.T.);
#6523=EDGE_CURVE('',#361,#357,#6526,.T.);
#6524=LINE('',#356,#6527);
#6525=LINE('',#192,#6528);
#6526=LINE('',#360,#6529);
#6527=VECTOR('',#6530,1.0);
#6528=VECTOR('',#6531,1.0);
#6529=VECTOR('',#6532,1.0);
#6530=DIRECTION('',(-0.9999642658971932,0.008453811488749305,0));
#6531=DIRECTION('',(0.3827209502413991,-0.923863991205589,0));
#6532=DIRECTION('',(0.9983639653224988,0.057178603913846375,0));
#6533=FACE_SURFACE('',(#6538),#6534,.T.);
#6534=PLANE('',#6535);
#6535=AXIS2_PLACEMENT_3D('',#194,#6536,#6537);
#6536=DIRECTION('',(0.8090042942427719,-0.5878027321276711,0));
#6537=DIRECTION('',(0,0,-1));
#6538=FACE_BOUND('',#6539,.T.);
#6539=EDGE_LOOP('',(#6540,#6541,#6542));
#6540=ORIENTED_EDGE('',*,*,#6543,.T.);
#6541=ORIENTED_EDGE('',*,*,#6544,.T.);
#6542=ORIENTED_EDGE('',*,*,#6545,.T.);
#6543=EDGE_CURVE('',#195,#283,#6546,.F.);
#6544=EDGE_CURVE('',#283,#287,#6547,.T.);
#6545=EDGE_CURVE('',#287,#195,#6548,.T.);
#6546=LINE('',#194,#6549);
#6547=LINE('',#282,#6550);
#6548=LINE('',#286,#6551);
#6549=VECTOR('',#6552,1.0);
#6550=VECTOR('',#6553,1.0);
#6551=VECTOR('',#6554,1.0);
#6552=DIRECTION('',(0,0,-1));
#6553=DIRECTION('',(0.587802732127671,0.8090042942427719,0));
#6554=DIRECTION('',(-0.06513191974310087,-0.08964232366480299,0.9938420834511653));
#6555=FACE_SURFACE('',(#6560),#6556,.T.);
#6556=PLANE('',#6557);
#6557=AXIS2_PLACEMENT_3D('',#194,#6558,#6559);
#6558=DIRECTION('',(0.8090042942427719,-0.5878027321276711,0));
#6559=DIRECTION('',(0.06513191974310087,0.08964232366480299,-0.9938420834511653));
#6560=FACE_BOUND('',#6561,.T.);
#6561=EDGE_LOOP('',(#6562,#6563,#6564));
#6562=ORIENTED_EDGE('',*,*,#6565,.T.);
#6563=ORIENTED_EDGE('',*,*,#6566,.T.);
#6564=ORIENTED_EDGE('',*,*,#6567,.T.);
#6565=EDGE_CURVE('',#195,#287,#6568,.F.);
#6566=EDGE_CURVE('',#287,#199,#6569,.T.);
#6567=EDGE_CURVE('',#199,#195,#6570,.T.);
#6568=LINE('',#194,#6571);
#6569=LINE('',#286,#6572);
#6570=LINE('',#198,#6573);
#6571=VECTOR('',#6574,1.0);
#6572=VECTOR('',#6575,1.0);
#6573=VECTOR('',#6576,1.0);
#6574=DIRECTION('',(0.06513191974310087,0.08964232366480299,-0.9938420834511653));
#6575=DIRECTION('',(0,0,1));
#6576=DIRECTION('',(-0.587802732127671,-0.8090042942427719,0));
#6577=FACE_SURFACE('',(#6582),#6578,.T.);
#6578=PLANE('',#6579);
#6579=AXIS2_PLACEMENT_3D('',#284,#6580,#6581);
#6580=DIRECTION('',(-0.9858784275972954,-0.16746261074724839,0));
#6581=DIRECTION('',(0,0,1));
#6582=FACE_BOUND('',#6583,.T.);
#6583=EDGE_LOOP('',(#6584,#6585,#6586));
#6584=ORIENTED_EDGE('',*,*,#6587,.T.);
#6585=ORIENTED_EDGE('',*,*,#6588,.T.);
#6586=ORIENTED_EDGE('',*,*,#6589,.T.);
#6587=EDGE_CURVE('',#285,#197,#6590,.F.);
#6588=EDGE_CURVE('',#197,#289,#6591,.T.);
#6589=EDGE_CURVE('',#289,#285,#6592,.T.);
#6590=LINE('',#284,#6593);
#6591=LINE('',#196,#6594);
#6592=LINE('',#288,#6595);
#6593=VECTOR('',#6596,1.0);
#6594=VECTOR('',#6597,1.0);
#6595=VECTOR('',#6598,1.0);
#6596=DIRECTION('',(0,0,1));
#6597=DIRECTION('',(-0.03076608391842396,0.18112471972983757,-0.9829787810441852));
#6598=DIRECTION('',(0.16746261074724839,-0.9858784275972953,0));
#6599=FACE_SURFACE('',(#6604),#6600,.T.);
#6600=PLANE('',#6601);
#6601=AXIS2_PLACEMENT_3D('',#288,#6602,#6603);
#6602=DIRECTION('',(-0.9858784275972954,-0.16746261074724839,0));
#6603=DIRECTION('',(0.03076608391842396,-0.18112471972983757,0.9829787810441852));
#6604=FACE_BOUND('',#6605,.T.);
#6605=EDGE_LOOP('',(#6606,#6607,#6608));
#6606=ORIENTED_EDGE('',*,*,#6609,.T.);
#6607=ORIENTED_EDGE('',*,*,#6610,.T.);
#6608=ORIENTED_EDGE('',*,*,#6611,.T.);
#6609=EDGE_CURVE('',#289,#197,#6612,.F.);
#6610=EDGE_CURVE('',#197,#201,#6613,.T.);
#6611=EDGE_CURVE('',#201,#289,#6614,.T.);
#6612=LINE('',#288,#6615);
#6613=LINE('',#196,#6616);
#6614=LINE('',#200,#6617);
#6615=VECTOR('',#6618,1.0);
#6616=VECTOR('',#6619,1.0);
#6617=VECTOR('',#6620,1.0);
#6618=DIRECTION('',(0.03076608391842396,-0.18112471972983757,0.9829787810441852));
#6619=DIRECTION('',(-0.16746261074724839,0.9858784275972953,0));
#6620=DIRECTION('',(0,0,-1));
#6621=FACE_SURFACE('',(#6626),#6622,.T.);
#6622=PLANE('',#6623);
#6623=AXIS2_PLACEMENT_3D('',#198,#6624,#6625);
#6624=DIRECTION('',(0.6691139193381038,-0.7431598501991353,0));
#6625=DIRECTION('',(0,0,-1));
#6626=FACE_BOUND('',#6627,.T.);
#6627=EDGE_LOOP('',(#6628,#6629,#6630));
#6628=ORIENTED_EDGE('',*,*,#6631,.T.);
#6629=ORIENTED_EDGE('',*,*,#6632,.T.);
#6630=ORIENTED_EDGE('',*,*,#6633,.T.);
#6631=EDGE_CURVE('',#199,#287,#6634,.F.);
#6632=EDGE_CURVE('',#287,#291,#6635,.T.);
#6633=EDGE_CURVE('',#291,#199,#6636,.T.);
#6634=LINE('',#198,#6637);
#6635=LINE('',#286,#6638);
#6636=LINE('',#290,#6639);
#6637=VECTOR('',#6640,1.0);
#6638=VECTOR('',#6641,1.0);
#6639=VECTOR('',#6642,1.0);
#6640=DIRECTION('',(0,0,-1));
#6641=DIRECTION('',(0.7431598501991354,0.6691139193381039,0));
#6642=DIRECTION('',(-0.08235101734384374,-0.07414584084656134,0.9938413878620624));
#6643=FACE_SURFACE('',(#6648),#6644,.T.);
#6644=PLANE('',#6645);
#6645=AXIS2_PLACEMENT_3D('',#198,#6646,#6647);
#6646=DIRECTION('',(0.6691139193381038,-0.7431598501991353,0));
#6647=DIRECTION('',(0.08235101734384374,0.07414584084656134,-0.9938413878620624));
#6648=FACE_BOUND('',#6649,.T.);
#6649=EDGE_LOOP('',(#6650,#6651,#6652));
#6650=ORIENTED_EDGE('',*,*,#6653,.T.);
#6651=ORIENTED_EDGE('',*,*,#6654,.T.);
#6652=ORIENTED_EDGE('',*,*,#6655,.T.);
#6653=EDGE_CURVE('',#199,#291,#6656,.F.);
#6654=EDGE_CURVE('',#291,#203,#6657,.T.);
#6655=EDGE_CURVE('',#203,#199,#6658,.T.);
#6656=LINE('',#198,#6659);
#6657=LINE('',#290,#6660);
#6658=LINE('',#202,#6661);
#6659=VECTOR('',#6662,1.0);
#6660=VECTOR('',#6663,1.0);
#6661=VECTOR('',#6664,1.0);
#6662=DIRECTION('',(0.08235101734384374,0.07414584084656134,-0.9938413878620624));
#6663=DIRECTION('',(0,0,1));
#6664=DIRECTION('',(-0.7431598501991354,-0.6691139193381039,0));
#6665=FACE_SURFACE('',(#6670),#6666,.T.);
#6666=PLANE('',#6667);
#6667=AXIS2_PLACEMENT_3D('',#288,#6668,#6669);
#6668=DIRECTION('',(-0.9984236962299612,-0.05612595483822154,0));
#6669=DIRECTION('',(0,0,1));
#6670=FACE_BOUND('',#6671,.T.);
#6671=EDGE_LOOP('',(#6672,#6673,#6674));
#6672=ORIENTED_EDGE('',*,*,#6675,.T.);
#6673=ORIENTED_EDGE('',*,*,#6676,.T.);
#6674=ORIENTED_EDGE('',*,*,#6677,.T.);
#6675=EDGE_CURVE('',#289,#201,#6678,.F.);
#6676=EDGE_CURVE('',#201,#293,#6679,.T.);
#6677=EDGE_CURVE('',#293,#289,#6680,.T.);
#6678=LINE('',#288,#6681);
#6679=LINE('',#200,#6682);
#6680=LINE('',#292,#6683);
#6681=VECTOR('',#6684,1.0);
#6682=VECTOR('',#6685,1.0);
#6683=VECTOR('',#6686,1.0);
#6684=DIRECTION('',(0,0,1));
#6685=DIRECTION('',(-0.01031135961977996,0.1834286082866986,-0.9829789527374411));
#6686=DIRECTION('',(0.056125954838221546,-0.9984236962299612,0));
#6687=FACE_SURFACE('',(#6692),#6688,.T.);
#6688=PLANE('',#6689);
#6689=AXIS2_PLACEMENT_3D('',#292,#6690,#6691);
#6690=DIRECTION('',(-0.9984236962299612,-0.05612595483822154,0));
#6691=DIRECTION('',(0.01031135961977996,-0.1834286082866986,0.9829789527374411));
#6692=FACE_BOUND('',#6693,.T.);
#6693=EDGE_LOOP('',(#6694,#6695,#6696));
#6694=ORIENTED_EDGE('',*,*,#6697,.T.);
#6695=ORIENTED_EDGE('',*,*,#6698,.T.);
#6696=ORIENTED_EDGE('',*,*,#6699,.T.);
#6697=EDGE_CURVE('',#293,#201,#6700,.F.);
#6698=EDGE_CURVE('',#201,#205,#6701,.T.);
#6699=EDGE_CURVE('',#205,#293,#6702,.T.);
#6700=LINE('',#292,#6703);
#6701=LINE('',#200,#6704);
#6702=LINE('',#204,#6705);
#6703=VECTOR('',#6706,1.0);
#6704=VECTOR('',#6707,1.0);
#6705=VECTOR('',#6708,1.0);
#6706=DIRECTION('',(0.01031135961977996,-0.1834286082866986,0.9829789527374411));
#6707=DIRECTION('',(-0.056125954838221546,0.9984236962299612,0));
#6708=DIRECTION('',(0,0,-1));
#6709=FACE_SURFACE('',(#6714),#6710,.T.);
#6710=PLANE('',#6711);
#6711=AXIS2_PLACEMENT_3D('',#202,#6712,#6713);
#6712=DIRECTION('',(0.5000404560956259,-0.8660020451867757,0));
#6713=DIRECTION('',(0,0,-1));
#6714=FACE_BOUND('',#6715,.T.);
#6715=EDGE_LOOP('',(#6716,#6717,#6718));
#6716=ORIENTED_EDGE('',*,*,#6719,.T.);
#6717=ORIENTED_EDGE('',*,*,#6720,.T.);
#6718=ORIENTED_EDGE('',*,*,#6721,.T.);
#6719=EDGE_CURVE('',#203,#291,#6722,.F.);
#6720=EDGE_CURVE('',#291,#275,#6723,.T.);
#6721=EDGE_CURVE('',#275,#203,#6724,.T.);
#6722=LINE('',#202,#6725);
#6723=LINE('',#290,#6726);
#6724=LINE('',#274,#6727);
#6725=VECTOR('',#6728,1.0);
#6726=VECTOR('',#6729,1.0);
#6727=VECTOR('',#6730,1.0);
#6728=DIRECTION('',(0,0,-1));
#6729=DIRECTION('',(0.8660020451867758,0.5000404560956259,0));
#6730=DIRECTION('',(-0.09596296178028749,-0.05541021922939313,0.9938414448851012));
#6731=FACE_SURFACE('',(#6736),#6732,.T.);
#6732=PLANE('',#6733);
#6733=AXIS2_PLACEMENT_3D('',#204,#6734,#6735);
#6734=DIRECTION('',(-1,0,0));
#6735=DIRECTION('',(0,1,0));
#6736=FACE_BOUND('',#6737,.T.);
#6737=EDGE_LOOP('',(#6738,#6739,#6740));
#6738=ORIENTED_EDGE('',*,*,#6741,.T.);
#6739=ORIENTED_EDGE('',*,*,#6742,.T.);
#6740=ORIENTED_EDGE('',*,*,#6743,.T.);
#6741=EDGE_CURVE('',#205,#207,#6744,.F.);
#6742=EDGE_CURVE('',#207,#293,#6745,.T.);
#6743=EDGE_CURVE('',#293,#205,#6746,.T.);
#6744=LINE('',#204,#6747);
#6745=LINE('',#206,#6748);
#6746=LINE('',#292,#6749);
#6747=VECTOR('',#6750,1.0);
#6748=VECTOR('',#6751,1.0);
#6749=VECTOR('',#6752,1.0);
#6750=DIRECTION('',(0,1,0));
#6751=DIRECTION('',(0,-0.9961618220412926,-0.08753070494045175));
#6752=DIRECTION('',(0,0,1));
#6753=FACE_SURFACE('',(#6758),#6754,.T.);
#6754=PLANE('',#6755);
#6755=AXIS2_PLACEMENT_3D('',#294,#6756,#6757);
#6756=DIRECTION('',(-0.9984237648094358,0.05612473486576232,0));
#6757=DIRECTION('',(0,0,1));
#6758=FACE_BOUND('',#6759,.T.);
#6759=EDGE_LOOP('',(#6760,#6761,#6762));
#6760=ORIENTED_EDGE('',*,*,#6763,.T.);
#6761=ORIENTED_EDGE('',*,*,#6764,.T.);
#6762=ORIENTED_EDGE('',*,*,#6765,.T.);
#6763=EDGE_CURVE('',#295,#207,#6766,.F.);
#6764=EDGE_CURVE('',#207,#363,#6767,.T.);
#6765=EDGE_CURVE('',#363,#295,#6768,.T.);
#6766=LINE('',#294,#6769);
#6767=LINE('',#206,#6770);
#6768=LINE('',#362,#6771);
#6769=VECTOR('',#6772,1.0);
#6770=VECTOR('',#6773,1.0);
#6771=VECTOR('',#6774,1.0);
#6772=DIRECTION('',(0,0,1));
#6773=DIRECTION('',(0.010311352054582255,0.1834324734581834,-0.9829782315493153));
#6774=DIRECTION('',(-0.056124734865762325,-0.998423764809436,0));
#6775=FACE_SURFACE('',(#6780),#6776,.T.);
#6776=PLANE('',#6777);
#6777=AXIS2_PLACEMENT_3D('',#362,#6778,#6779);
#6778=DIRECTION('',(-0.9984237648094358,0.05612473486576232,0));
#6779=DIRECTION('',(-0.010311352054582255,-0.1834324734581834,0.9829782315493153));
#6780=FACE_BOUND('',#6781,.T.);
#6781=EDGE_LOOP('',(#6782,#6783,#6784));
#6782=ORIENTED_EDGE('',*,*,#6785,.T.);
#6783=ORIENTED_EDGE('',*,*,#6786,.T.);
#6784=ORIENTED_EDGE('',*,*,#6787,.T.);
#6785=EDGE_CURVE('',#363,#207,#6788,.F.);
#6786=EDGE_CURVE('',#207,#365,#6789,.T.);
#6787=EDGE_CURVE('',#365,#363,#6790,.T.);
#6788=LINE('',#362,#6791);
#6789=LINE('',#206,#6792);
#6790=LINE('',#364,#6793);
#6791=VECTOR('',#6794,1.0);
#6792=VECTOR('',#6795,1.0);
#6793=VECTOR('',#6796,1.0);
#6794=DIRECTION('',(-0.010311352054582255,-0.1834324734581834,0.9829782315493153));
#6795=DIRECTION('',(0.056124734865762325,0.998423764809436,0));
#6796=DIRECTION('',(0,0,-1));
#6797=FACE_SURFACE('',(#6802),#6798,.T.);
#6798=PLANE('',#6799);
#6799=AXIS2_PLACEMENT_3D('',#292,#6800,#6801);
#6800=DIRECTION('',(-1,0,0));
#6801=DIRECTION('',(0,0.9961618220412926,0.08753070494045175));
#6802=FACE_BOUND('',#6803,.T.);
#6803=EDGE_LOOP('',(#6804,#6805,#6806));
#6804=ORIENTED_EDGE('',*,*,#6807,.T.);
#6805=ORIENTED_EDGE('',*,*,#6808,.T.);
#6806=ORIENTED_EDGE('',*,*,#6809,.T.);
#6807=EDGE_CURVE('',#293,#207,#6810,.F.);
#6808=EDGE_CURVE('',#207,#295,#6811,.T.);
#6809=EDGE_CURVE('',#295,#293,#6812,.T.);
#6810=LINE('',#292,#6813);
#6811=LINE('',#206,#6814);
#6812=LINE('',#294,#6815);
#6813=VECTOR('',#6816,1.0);
#6814=VECTOR('',#6817,1.0);
#6815=VECTOR('',#6818,1.0);
#6816=DIRECTION('',(0,0.9961618220412926,0.08753070494045175));
#6817=DIRECTION('',(0,0,-1));
#6818=DIRECTION('',(0,-1,0));
#6819=FACE_SURFACE('',(#6824),#6820,.T.);
#6820=PLANE('',#6821);
#6821=AXIS2_PLACEMENT_3D('',#206,#6822,#6823);
#6822=DIRECTION('',(0,0,1));
#6823=DIRECTION('',(0.11197026352266404,0.9937115577906223,0));
#6824=FACE_BOUND('',#6825,.T.);
#6825=EDGE_LOOP('',(#6826,#6827,#6828));
#6826=ORIENTED_EDGE('',*,*,#6829,.T.);
#6827=ORIENTED_EDGE('',*,*,#6830,.T.);
#6828=ORIENTED_EDGE('',*,*,#6831,.T.);
#6829=EDGE_CURVE('',#207,#367,#6832,.F.);
#6830=EDGE_CURVE('',#367,#365,#6833,.T.);
#6831=EDGE_CURVE('',#365,#207,#6834,.T.);
#6832=LINE('',#206,#6835);
#6833=LINE('',#366,#6836);
#6834=LINE('',#364,#6837);
#6835=VECTOR('',#6838,1.0);
#6836=VECTOR('',#6839,1.0);
#6837=VECTOR('',#6840,1.0);
#6838=DIRECTION('',(0.11197026352266404,0.9937115577906223,0));
#6839=DIRECTION('',(-0.16746620516864216,-0.9858778170373924,0));
#6840=DIRECTION('',(-0.056124734865762325,-0.998423764809436,0));
#6841=FACE_SURFACE('',(#6846),#6842,.T.);
#6842=PLANE('',#6843);
#6843=AXIS2_PLACEMENT_3D('',#208,#6844,#6845);
#6844=DIRECTION('',(0,0,1));
#6845=DIRECTION('',(-0.9986682401678229,-0.051592112576475,0));
#6846=FACE_BOUND('',#6847,.T.);
#6847=EDGE_LOOP('',(#6848,#6849,#6850));
#6848=ORIENTED_EDGE('',*,*,#6851,.T.);
#6849=ORIENTED_EDGE('',*,*,#6852,.T.);
#6850=ORIENTED_EDGE('',*,*,#6853,.T.);
#6851=EDGE_CURVE('',#209,#367,#6854,.F.);
#6852=EDGE_CURVE('',#367,#207,#6855,.T.);
#6853=EDGE_CURVE('',#207,#209,#6856,.T.);
#6854=LINE('',#208,#6857);
#6855=LINE('',#366,#6858);
#6856=LINE('',#206,#6859);
#6857=VECTOR('',#6860,1.0);
#6858=VECTOR('',#6861,1.0);
#6859=VECTOR('',#6862,1.0);
#6860=DIRECTION('',(-0.9986682401678229,-0.051592112576475,0));
#6861=DIRECTION('',(-0.11197026352266404,-0.9937115577906223,0));
#6862=DIRECTION('',(0.9851034324681867,0.17196286616417175,0));
#6863=FACE_SURFACE('',(#6868),#6864,.T.);
#6864=PLANE('',#6865);
#6865=AXIS2_PLACEMENT_3D('',#208,#6866,#6867);
#6866=DIRECTION('',(0.11197511611704672,0.9937110109939278,0));
#6867=DIRECTION('',(0,0,-1));
#6868=FACE_BOUND('',#6869,.T.);
#6869=EDGE_LOOP('',(#6870,#6871,#6872));
#6870=ORIENTED_EDGE('',*,*,#6873,.T.);
#6871=ORIENTED_EDGE('',*,*,#6874,.T.);
#6872=ORIENTED_EDGE('',*,*,#6875,.T.);
#6873=EDGE_CURVE('',#209,#297,#6876,.F.);
#6874=EDGE_CURVE('',#297,#369,#6877,.T.);
#6875=EDGE_CURVE('',#369,#209,#6878,.T.);
#6876=LINE('',#208,#6879);
#6877=LINE('',#296,#6880);
#6878=LINE('',#368,#6881);
#6879=VECTOR('',#6882,1.0);
#6880=VECTOR('',#6883,1.0);
#6881=VECTOR('',#6884,1.0);
#6882=DIRECTION('',(0,0,-1));
#6883=DIRECTION('',(-0.9937110109939277,0.1119751161170467,0));
#6884=DIRECTION('',(0.11056409055387623,-0.012458780008649428,0.9937909039031754));
#6885=FACE_SURFACE('',(#6890),#6886,.T.);
#6886=PLANE('',#6887);
#6887=AXIS2_PLACEMENT_3D('',#208,#6888,#6889);
#6888=DIRECTION('',(0.11197511611704672,0.9937110109939278,0));
#6889=DIRECTION('',(-0.11056409055387623,0.012458780008649428,-0.9937909039031754));
#6890=FACE_BOUND('',#6891,.T.);
#6891=EDGE_LOOP('',(#6892,#6893,#6894));
#6892=ORIENTED_EDGE('',*,*,#6895,.T.);
#6893=ORIENTED_EDGE('',*,*,#6896,.T.);
#6894=ORIENTED_EDGE('',*,*,#6897,.T.);
#6895=EDGE_CURVE('',#209,#369,#6898,.F.);
#6896=EDGE_CURVE('',#369,#371,#6899,.T.);
#6897=EDGE_CURVE('',#371,#209,#6900,.T.);
#6898=LINE('',#208,#6901);
#6899=LINE('',#368,#6902);
#6900=LINE('',#370,#6903);
#6901=VECTOR('',#6904,1.0);
#6902=VECTOR('',#6905,1.0);
#6903=VECTOR('',#6906,1.0);
#6904=DIRECTION('',(-0.11056409055387623,0.012458780008649428,-0.9937909039031754));
#6905=DIRECTION('',(0,0,1));
#6906=DIRECTION('',(0.9937110109939277,-0.1119751161170467,0));
#6907=FACE_SURFACE('',(#6912),#6908,.T.);
#6908=PLANE('',#6909);
#6909=AXIS2_PLACEMENT_3D('',#372,#6910,#6911);
#6910=DIRECTION('',(-0.11195894242751063,0.9937128333731599,0));
#6911=DIRECTION('',(-0.11058006776342923,-0.012458757726143693,-0.9937891265099235));
#6912=FACE_BOUND('',#6913,.T.);
#6913=EDGE_LOOP('',(#6914,#6915,#6916));
#6914=ORIENTED_EDGE('',*,*,#6917,.T.);
#6915=ORIENTED_EDGE('',*,*,#6918,.T.);
#6916=ORIENTED_EDGE('',*,*,#6919,.T.);
#6917=EDGE_CURVE('',#373,#297,#6920,.F.);
#6918=EDGE_CURVE('',#297,#209,#6921,.T.);
#6919=EDGE_CURVE('',#209,#373,#6922,.T.);
#6920=LINE('',#372,#6923);
#6921=LINE('',#296,#6924);
#6922=LINE('',#208,#6925);
#6923=VECTOR('',#6926,1.0);
#6924=VECTOR('',#6927,1.0);
#6925=VECTOR('',#6928,1.0);
#6926=DIRECTION('',(-0.11058006776342923,-0.012458757726143693,-0.9937891265099235));
#6927=DIRECTION('',(0,0,1));
#6928=DIRECTION('',(0.9937128333731599,0.11195894242751063,0));
#6929=FACE_SURFACE('',(#6934),#6930,.T.);
#6930=PLANE('',#6931);
#6931=AXIS2_PLACEMENT_3D('',#370,#6932,#6933);
#6932=DIRECTION('',(0,0,1));
#6933=DIRECTION('',(-0.9999870283072192,0.005093448468083592,0));
#6934=FACE_BOUND('',#6935,.T.);
#6935=EDGE_LOOP('',(#6936,#6937,#6938));
#6936=ORIENTED_EDGE('',*,*,#6939,.T.);
#6937=ORIENTED_EDGE('',*,*,#6940,.T.);
#6938=ORIENTED_EDGE('',*,*,#6941,.T.);
#6939=EDGE_CURVE('',#371,#375,#6942,.F.);
#6940=EDGE_CURVE('',#375,#209,#6943,.T.);
#6941=EDGE_CURVE('',#209,#371,#6944,.T.);
#6942=LINE('',#370,#6945);
#6943=LINE('',#374,#6946);
#6944=LINE('',#208,#6947);
#6945=VECTOR('',#6948,1.0);
#6946=VECTOR('',#6949,1.0);
#6947=VECTOR('',#6950,1.0);
#6948=DIRECTION('',(-0.9999870283072192,0.005093448468083592,0));
#6949=DIRECTION('',(0.9999575732125711,-0.009211502311007397,0));
#6950=DIRECTION('',(-0.9937110109939277,0.1119751161170467,0));
#6951=FACE_SURFACE('',(#6956),#6952,.T.);
#6952=PLANE('',#6953);
#6953=AXIS2_PLACEMENT_3D('',#210,#6954,#6955);
#6954=DIRECTION('',(0,0,1));
#6955=DIRECTION('',(-0.9999722332458354,0.007452029075121658,0));
#6956=FACE_BOUND('',#6957,.T.);
#6957=EDGE_LOOP('',(#6958,#6959,#6960));
#6958=ORIENTED_EDGE('',*,*,#6961,.T.);
#6959=ORIENTED_EDGE('',*,*,#6962,.T.);
#6960=ORIENTED_EDGE('',*,*,#6963,.T.);
#6961=EDGE_CURVE('',#211,#373,#6964,.F.);
#6962=EDGE_CURVE('',#373,#209,#6965,.T.);
#6963=EDGE_CURVE('',#209,#211,#6966,.T.);
#6964=LINE('',#210,#6967);
#6965=LINE('',#372,#6968);
#6966=LINE('',#208,#6969);
#6967=VECTOR('',#6970,1.0);
#6968=VECTOR('',#6971,1.0);
#6969=VECTOR('',#6972,1.0);
#6970=DIRECTION('',(-0.9999722332458354,0.007452029075121658,0));
#6971=DIRECTION('',(-0.9937128333731599,-0.11195894242751063,0));
#6972=DIRECTION('',(0.9999838740879633,-0.005679046049153048,0));
#6973=FACE_SURFACE('',(#6978),#6974,.T.);
#6974=PLANE('',#6975);
#6975=AXIS2_PLACEMENT_3D('',#208,#6976,#6977);
#6976=DIRECTION('',(0,0,1));
#6977=DIRECTION('',(-0.9999575732125711,0.009211502311007397,0));
#6978=FACE_BOUND('',#6979,.T.);
#6979=EDGE_LOOP('',(#6980,#6981,#6982));
#6980=ORIENTED_EDGE('',*,*,#6983,.T.);
#6981=ORIENTED_EDGE('',*,*,#6984,.T.);
#6982=ORIENTED_EDGE('',*,*,#6985,.T.);
#6983=EDGE_CURVE('',#209,#375,#6986,.F.);
#6984=EDGE_CURVE('',#375,#367,#6987,.T.);
#6985=EDGE_CURVE('',#367,#209,#6988,.T.);
#6986=LINE('',#208,#6989);
#6987=LINE('',#374,#6990);
#6988=LINE('',#366,#6991);
#6989=VECTOR('',#6992,1.0);
#6990=VECTOR('',#6993,1.0);
#6991=VECTOR('',#6994,1.0);
#6992=DIRECTION('',(-0.9999575732125711,0.009211502311007397,0));
#6993=DIRECTION('',(-0.2768367428229405,-0.9609169671845664,0));
#6994=DIRECTION('',(0.9986682401678229,0.051592112576475,0));
#6995=FACE_SURFACE('',(#7000),#6996,.T.);
#6996=PLANE('',#6997);
#6997=AXIS2_PLACEMENT_3D('',#376,#6998,#6999);
#6998=DIRECTION('',(0.9135645723309492,0.4066937080675947,0));
#6999=DIRECTION('',(0.045065798669171604,-0.10123224498253525,0.9938415901772805));
#7000=FACE_BOUND('',#7001,.T.);
#7001=EDGE_LOOP('',(#7002,#7003,#7004));
#7002=ORIENTED_EDGE('',*,*,#7005,.T.);
#7003=ORIENTED_EDGE('',*,*,#7006,.T.);
#7004=ORIENTED_EDGE('',*,*,#7007,.T.);
#7005=EDGE_CURVE('',#377,#211,#7008,.F.);
#7006=EDGE_CURVE('',#211,#299,#7009,.T.);
#7007=EDGE_CURVE('',#299,#377,#7010,.T.);
#7008=LINE('',#376,#7011);
#7009=LINE('',#210,#7012);
#7010=LINE('',#298,#7013);
#7011=VECTOR('',#7014,1.0);
#7012=VECTOR('',#7015,1.0);
#7013=VECTOR('',#7016,1.0);
#7014=DIRECTION('',(0.045065798669171604,-0.10123224498253525,0.9938415901772805));
#7015=DIRECTION('',(0,0,-1));
#7016=DIRECTION('',(-0.40669370806759464,0.9135645723309491,0));
#7017=FACE_SURFACE('',(#7022),#7018,.T.);
#7018=PLANE('',#7019);
#7019=AXIS2_PLACEMENT_3D('',#298,#7020,#7021);
#7020=DIRECTION('',(0.8090169034526202,0.5877853774363001,-0));
#7021=DIRECTION('',(0,0,1));
#7022=FACE_BOUND('',#7023,.T.);
#7023=EDGE_LOOP('',(#7024,#7025,#7026));
#7024=ORIENTED_EDGE('',*,*,#7027,.T.);
#7025=ORIENTED_EDGE('',*,*,#7028,.T.);
#7026=ORIENTED_EDGE('',*,*,#7029,.T.);
#7027=EDGE_CURVE('',#299,#211,#7030,.F.);
#7028=EDGE_CURVE('',#211,#213,#7031,.T.);
#7029=EDGE_CURVE('',#213,#299,#7032,.T.);
#7030=LINE('',#298,#7033);
#7031=LINE('',#210,#7034);
#7032=LINE('',#212,#7035);
#7033=VECTOR('',#7036,1.0);
#7034=VECTOR('',#7037,1.0);
#7035=VECTOR('',#7038,1.0);
#7036=DIRECTION('',(0,0,1));
#7037=DIRECTION('',(0.5877853774363001,-0.8090169034526202,0));
#7038=DIRECTION('',(-0.06513189613164704,0.08964633512022548,-0.993841723166123));
#7039=FACE_SURFACE('',(#7044),#7040,.T.);
#7040=PLANE('',#7041);
#7041=AXIS2_PLACEMENT_3D('',#376,#7042,#7043);
#7042=DIRECTION('',(0.9135645723309492,0.4066937080675947,-0));
#7043=DIRECTION('',(0,0,1));
#7044=FACE_BOUND('',#7045,.T.);
#7045=EDGE_LOOP('',(#7046,#7047,#7048));
#7046=ORIENTED_EDGE('',*,*,#7049,.T.);
#7047=ORIENTED_EDGE('',*,*,#7050,.T.);
#7048=ORIENTED_EDGE('',*,*,#7051,.T.);
#7049=EDGE_CURVE('',#377,#379,#7052,.F.);
#7050=EDGE_CURVE('',#379,#211,#7053,.T.);
#7051=EDGE_CURVE('',#211,#377,#7054,.T.);
#7052=LINE('',#376,#7055);
#7053=LINE('',#378,#7056);
#7054=LINE('',#210,#7057);
#7055=VECTOR('',#7058,1.0);
#7056=VECTOR('',#7059,1.0);
#7057=VECTOR('',#7060,1.0);
#7058=DIRECTION('',(0,0,1));
#7059=DIRECTION('',(0.40669370806759464,-0.9135645723309491,0));
#7060=DIRECTION('',(-0.045065798669171604,0.10123224498253525,-0.9938415901772805));
#7061=FACE_SURFACE('',(#7066),#7062,.T.);
#7062=PLANE('',#7063);
#7063=AXIS2_PLACEMENT_3D('',#378,#7064,#7065);
#7064=DIRECTION('',(0,0,1));
#7065=DIRECTION('',(-0.999999141527219,-0.0013103224126273549,0));
#7066=FACE_BOUND('',#7067,.T.);
#7067=EDGE_LOOP('',(#7068,#7069,#7070));
#7068=ORIENTED_EDGE('',*,*,#7071,.T.);
#7069=ORIENTED_EDGE('',*,*,#7072,.T.);
#7070=ORIENTED_EDGE('',*,*,#7073,.T.);
#7071=EDGE_CURVE('',#379,#381,#7074,.F.);
#7072=EDGE_CURVE('',#381,#211,#7075,.T.);
#7073=EDGE_CURVE('',#211,#379,#7076,.T.);
#7074=LINE('',#378,#7077);
#7075=LINE('',#380,#7078);
#7076=LINE('',#210,#7079);
#7077=VECTOR('',#7080,1.0);
#7078=VECTOR('',#7081,1.0);
#7079=VECTOR('',#7082,1.0);
#7080=DIRECTION('',(-0.999999141527219,-0.0013103224126273549,0));
#7081=DIRECTION('',(0.9999204933945505,-0.01260979340032544,0));
#7082=DIRECTION('',(-0.40669370806759464,0.9135645723309491,0));
#7083=FACE_SURFACE('',(#7088),#7084,.T.);
#7084=PLANE('',#7085);
#7085=AXIS2_PLACEMENT_3D('',#210,#7086,#7087);
#7086=DIRECTION('',(0,0,1));
#7087=DIRECTION('',(-0.9999204933945505,0.01260979340032544,0));
#7088=FACE_BOUND('',#7089,.T.);
#7089=EDGE_LOOP('',(#7090,#7091,#7092));
#7090=ORIENTED_EDGE('',*,*,#7093,.T.);
#7091=ORIENTED_EDGE('',*,*,#7094,.T.);
#7092=ORIENTED_EDGE('',*,*,#7095,.T.);
#7093=EDGE_CURVE('',#211,#381,#7096,.F.);
#7094=EDGE_CURVE('',#381,#373,#7097,.T.);
#7095=EDGE_CURVE('',#373,#211,#7098,.T.);
#7096=LINE('',#210,#7099);
#7097=LINE('',#380,#7100);
#7098=LINE('',#372,#7101);
#7099=VECTOR('',#7102,1.0);
#7100=VECTOR('',#7103,1.0);
#7101=VECTOR('',#7104,1.0);
#7102=DIRECTION('',(-0.9999204933945505,0.01260979340032544,0));
#7103=DIRECTION('',(-0.9438832833912708,-0.3302791960364958,0));
#7104=DIRECTION('',(0.9999722332458354,-0.007452029075121658,0));
#7105=FACE_SURFACE('',(#7110),#7106,.T.);
#7106=PLANE('',#7107);
#7107=AXIS2_PLACEMENT_3D('',#298,#7108,#7109);
#7108=DIRECTION('',(0.8090169034526202,0.5877853774363001,0));
#7109=DIRECTION('',(0.06513189613164704,-0.08964633512022548,0.993841723166123));
#7110=FACE_BOUND('',#7111,.T.);
#7111=EDGE_LOOP('',(#7112,#7113,#7114));
#7112=ORIENTED_EDGE('',*,*,#7115,.T.);
#7113=ORIENTED_EDGE('',*,*,#7116,.T.);
#7114=ORIENTED_EDGE('',*,*,#7117,.T.);
#7115=EDGE_CURVE('',#299,#213,#7118,.F.);
#7116=EDGE_CURVE('',#213,#301,#7119,.T.);
#7117=EDGE_CURVE('',#301,#299,#7120,.T.);
#7118=LINE('',#298,#7121);
#7119=LINE('',#212,#7122);
#7120=LINE('',#300,#7123);
#7121=VECTOR('',#7124,1.0);
#7122=VECTOR('',#7125,1.0);
#7123=VECTOR('',#7126,1.0);
#7124=DIRECTION('',(0.06513189613164704,-0.08964633512022548,0.993841723166123));
#7125=DIRECTION('',(0,0,-1));
#7126=DIRECTION('',(-0.5877853774363001,0.8090169034526202,0));
#7127=FACE_SURFACE('',(#7132),#7128,.T.);
#7128=PLANE('',#7129);
#7129=AXIS2_PLACEMENT_3D('',#300,#7130,#7131);
#7130=DIRECTION('',(0.6691139193381038,0.7431598501991353,-0));
#7131=DIRECTION('',(0,0,1));
#7132=FACE_BOUND('',#7133,.T.);
#7133=EDGE_LOOP('',(#7134,#7135,#7136));
#7134=ORIENTED_EDGE('',*,*,#7137,.T.);
#7135=ORIENTED_EDGE('',*,*,#7138,.T.);
#7136=ORIENTED_EDGE('',*,*,#7139,.T.);
#7137=EDGE_CURVE('',#301,#213,#7140,.F.);
#7138=EDGE_CURVE('',#213,#217,#7141,.T.);
#7139=EDGE_CURVE('',#217,#301,#7142,.T.);
#7140=LINE('',#300,#7143);
#7141=LINE('',#212,#7144);
#7142=LINE('',#216,#7145);
#7143=VECTOR('',#7146,1.0);
#7144=VECTOR('',#7147,1.0);
#7145=VECTOR('',#7148,1.0);
#7146=DIRECTION('',(0,0,1));
#7147=DIRECTION('',(0.7431598501991354,-0.6691139193381039,0));
#7148=DIRECTION('',(-0.08235101734384374,0.07414584084656134,-0.9938413878620624));
#7149=FACE_SURFACE('',(#7154),#7150,.T.);
#7150=PLANE('',#7151);
#7151=AXIS2_PLACEMENT_3D('',#304,#7152,#7153);
#7152=DIRECTION('',(0.3090035498727966,0.9510608845736482,0));
#7153=DIRECTION('',(0.10538540598534421,-0.034240147063618935,0.9938418025693857));
#7154=FACE_BOUND('',#7155,.T.);
#7155=EDGE_LOOP('',(#7156,#7157,#7158));
#7156=ORIENTED_EDGE('',*,*,#7159,.T.);
#7157=ORIENTED_EDGE('',*,*,#7160,.T.);
#7158=ORIENTED_EDGE('',*,*,#7161,.T.);
#7159=EDGE_CURVE('',#305,#215,#7162,.F.);
#7160=EDGE_CURVE('',#215,#229,#7163,.T.);
#7161=EDGE_CURVE('',#229,#305,#7164,.T.);
#7162=LINE('',#304,#7165);
#7163=LINE('',#214,#7166);
#7164=LINE('',#228,#7167);
#7165=VECTOR('',#7168,1.0);
#7166=VECTOR('',#7169,1.0);
#7167=VECTOR('',#7170,1.0);
#7168=DIRECTION('',(0.10538540598534421,-0.034240147063618935,0.9938418025693857));
#7169=DIRECTION('',(0,0,-1));
#7170=DIRECTION('',(-0.9510608845736482,0.3090035498727966,0));
#7171=FACE_SURFACE('',(#7176),#7172,.T.);
#7172=PLANE('',#7173);
#7173=AXIS2_PLACEMENT_3D('',#304,#7174,#7175);
#7174=DIRECTION('',(0.3090035498727966,0.9510608845736482,-0));
#7175=DIRECTION('',(0,0,1));
#7176=FACE_BOUND('',#7177,.T.);
#7177=EDGE_LOOP('',(#7178,#7179,#7180));
#7178=ORIENTED_EDGE('',*,*,#7181,.T.);
#7179=ORIENTED_EDGE('',*,*,#7182,.T.);
#7180=ORIENTED_EDGE('',*,*,#7183,.T.);
#7181=EDGE_CURVE('',#305,#219,#7184,.F.);
#7182=EDGE_CURVE('',#219,#215,#7185,.T.);
#7183=EDGE_CURVE('',#215,#305,#7186,.T.);
#7184=LINE('',#304,#7187);
#7185=LINE('',#218,#7188);
#7186=LINE('',#214,#7189);
#7187=VECTOR('',#7190,1.0);
#7188=VECTOR('',#7191,1.0);
#7189=VECTOR('',#7192,1.0);
#7190=DIRECTION('',(0,0,1));
#7191=DIRECTION('',(0.9510608845736482,-0.3090035498727966,0));
#7192=DIRECTION('',(-0.10538540598534421,0.034240147063618935,-0.9938418025693857));
#7193=FACE_SURFACE('',(#7198),#7194,.T.);
#7194=PLANE('',#7195);
#7195=AXIS2_PLACEMENT_3D('',#300,#7196,#7197);
#7196=DIRECTION('',(0.6691139193381038,0.7431598501991353,0));
#7197=DIRECTION('',(0.08235101734384374,-0.07414584084656134,0.9938413878620624));
#7198=FACE_BOUND('',#7199,.T.);
#7199=EDGE_LOOP('',(#7200,#7201,#7202));
#7200=ORIENTED_EDGE('',*,*,#7203,.T.);
#7201=ORIENTED_EDGE('',*,*,#7204,.T.);
#7202=ORIENTED_EDGE('',*,*,#7205,.T.);
#7203=EDGE_CURVE('',#301,#217,#7206,.F.);
#7204=EDGE_CURVE('',#217,#303,#7207,.T.);
#7205=EDGE_CURVE('',#303,#301,#7208,.T.);
#7206=LINE('',#300,#7209);
#7207=LINE('',#216,#7210);
#7208=LINE('',#302,#7211);
#7209=VECTOR('',#7212,1.0);
#7210=VECTOR('',#7213,1.0);
#7211=VECTOR('',#7214,1.0);
#7212=DIRECTION('',(0.08235101734384374,-0.07414584084656134,0.9938413878620624));
#7213=DIRECTION('',(0,0,-1));
#7214=DIRECTION('',(-0.7431598501991354,0.6691139193381039,0));
#7215=FACE_SURFACE('',(#7220),#7216,.T.);
#7216=PLANE('',#7217);
#7217=AXIS2_PLACEMENT_3D('',#302,#7218,#7219);
#7218=DIRECTION('',(0.5000130863410887,0.8660178482500571,-0));
#7219=DIRECTION('',(0,0,1));
#7220=FACE_BOUND('',#7221,.T.);
#7221=EDGE_LOOP('',(#7222,#7223,#7224));
#7222=ORIENTED_EDGE('',*,*,#7225,.T.);
#7223=ORIENTED_EDGE('',*,*,#7226,.T.);
#7224=ORIENTED_EDGE('',*,*,#7227,.T.);
#7225=EDGE_CURVE('',#303,#217,#7228,.F.);
#7226=EDGE_CURVE('',#217,#219,#7229,.T.);
#7227=EDGE_CURVE('',#219,#303,#7230,.T.);
#7228=LINE('',#302,#7231);
#7229=LINE('',#216,#7232);
#7230=LINE('',#218,#7233);
#7231=VECTOR('',#7234,1.0);
#7232=VECTOR('',#7235,1.0);
#7233=VECTOR('',#7236,1.0);
#7234=DIRECTION('',(0,0,1));
#7235=DIRECTION('',(0.8660178482500572,-0.5000130863410887,0));
#7236=DIRECTION('',(-0.09596298328252799,0.05540618769295895,-0.9938416675732861));
#7237=FACE_SURFACE('',(#7242),#7238,.T.);
#7238=PLANE('',#7239);
#7239=AXIS2_PLACEMENT_3D('',#302,#7240,#7241);
#7240=DIRECTION('',(0.5000130863410887,0.8660178482500571,0));
#7241=DIRECTION('',(0.09596298328252799,-0.05540618769295895,0.9938416675732861));
#7242=FACE_BOUND('',#7243,.T.);
#7243=EDGE_LOOP('',(#7244,#7245,#7246));
#7244=ORIENTED_EDGE('',*,*,#7247,.T.);
#7245=ORIENTED_EDGE('',*,*,#7248,.T.);
#7246=ORIENTED_EDGE('',*,*,#7249,.T.);
#7247=EDGE_CURVE('',#303,#219,#7250,.F.);
#7248=EDGE_CURVE('',#219,#305,#7251,.T.);
#7249=EDGE_CURVE('',#305,#303,#7252,.T.);
#7250=LINE('',#302,#7253);
#7251=LINE('',#218,#7254);
#7252=LINE('',#304,#7255);
#7253=VECTOR('',#7256,1.0);
#7254=VECTOR('',#7257,1.0);
#7255=VECTOR('',#7258,1.0);
#7256=DIRECTION('',(0.09596298328252799,-0.05540618769295895,0.9938416675732861));
#7257=DIRECTION('',(0,0,-1));
#7258=DIRECTION('',(-0.8660178482500572,0.5000130863410887,0));
#7259=FACE_SURFACE('',(#7264),#7260,.T.);
#7260=PLANE('',#7261);
#7261=AXIS2_PLACEMENT_3D('',#382,#7262,#7263);
#7262=DIRECTION('',(-0.20791898080900942,0.9781460511699379,0));
#7263=DIRECTION('',(-0.10840200395498402,-0.02304240164647836,-0.9938400541661148));
#7264=FACE_BOUND('',#7265,.T.);
#7265=EDGE_LOOP('',(#7266,#7267,#7268));
#7266=ORIENTED_EDGE('',*,*,#7269,.T.);
#7267=ORIENTED_EDGE('',*,*,#7270,.T.);
#7268=ORIENTED_EDGE('',*,*,#7271,.T.);
#7269=EDGE_CURVE('',#383,#307,#7272,.F.);
#7270=EDGE_CURVE('',#307,#221,#7273,.T.);
#7271=EDGE_CURVE('',#221,#383,#7274,.T.);
#7272=LINE('',#382,#7275);
#7273=LINE('',#306,#7276);
#7274=LINE('',#220,#7277);
#7275=VECTOR('',#7278,1.0);
#7276=VECTOR('',#7279,1.0);
#7277=VECTOR('',#7280,1.0);
#7278=DIRECTION('',(-0.10840200395498402,-0.02304240164647836,-0.9938400541661148));
#7279=DIRECTION('',(0,0,1));
#7280=DIRECTION('',(0.9781460511699379,0.20791898080900942,0));
#7281=FACE_SURFACE('',(#7286),#7282,.T.);
#7282=PLANE('',#7283);
#7283=AXIS2_PLACEMENT_3D('',#220,#7284,#7285);
#7284=DIRECTION('',(-0,0,1));
#7285=DIRECTION('',(0.9942661449694834,-0.1069337784216103,0));
#7286=FACE_BOUND('',#7287,.T.);
#7287=EDGE_LOOP('',(#7288,#7289,#7290));
#7288=ORIENTED_EDGE('',*,*,#7291,.T.);
#7289=ORIENTED_EDGE('',*,*,#7292,.T.);
#7290=ORIENTED_EDGE('',*,*,#7293,.T.);
#7291=EDGE_CURVE('',#221,#385,#7294,.F.);
#7292=EDGE_CURVE('',#385,#383,#7295,.T.);
#7293=EDGE_CURVE('',#383,#221,#7296,.T.);
#7294=LINE('',#220,#7297);
#7295=LINE('',#384,#7298);
#7296=LINE('',#382,#7299);
#7297=VECTOR('',#7300,1.0);
#7298=VECTOR('',#7301,1.0);
#7299=VECTOR('',#7302,1.0);
#7300=DIRECTION('',(0.9942661449694834,-0.1069337784216103,0));
#7301=DIRECTION('',(-0.991378503160566,0.13102924662500248,0));
#7302=DIRECTION('',(-0.9781460511699379,-0.20791898080900942,0));
#7303=FACE_SURFACE('',(#7308),#7304,.T.);
#7304=PLANE('',#7305);
#7305=AXIS2_PLACEMENT_3D('',#220,#7306,#7307);
#7306=DIRECTION('',(0,0,1));
#7307=DIRECTION('',(0.6130754966118642,-0.7900243258622586,0));
#7308=FACE_BOUND('',#7309,.T.);
#7309=EDGE_LOOP('',(#7310,#7311,#7312));
#7310=ORIENTED_EDGE('',*,*,#7313,.T.);
#7311=ORIENTED_EDGE('',*,*,#7314,.T.);
#7312=ORIENTED_EDGE('',*,*,#7315,.T.);
#7313=EDGE_CURVE('',#221,#223,#7316,.F.);
#7314=EDGE_CURVE('',#223,#387,#7317,.T.);
#7315=EDGE_CURVE('',#387,#221,#7318,.T.);
#7316=LINE('',#220,#7319);
#7317=LINE('',#222,#7320);
#7318=LINE('',#386,#7321);
#7319=VECTOR('',#7322,1.0);
#7320=VECTOR('',#7323,1.0);
#7321=VECTOR('',#7324,1.0);
#7322=DIRECTION('',(0.6130754966118642,-0.7900243258622586,0));
#7323=DIRECTION('',(0.6756093017079463,0.7372598398432543,0));
#7324=DIRECTION('',(-0.7628968983099461,0.646520164069972,0));
#7325=FACE_SURFACE('',(#7330),#7326,.T.);
#7326=PLANE('',#7327);
#7327=AXIS2_PLACEMENT_3D('',#220,#7328,#7329);
#7328=DIRECTION('',(0,0,1));
#7329=DIRECTION('',(0.9570134483330062,-0.2900435479540418,0));
#7330=FACE_BOUND('',#7331,.T.);
#7331=EDGE_LOOP('',(#7332,#7333,#7334));
#7332=ORIENTED_EDGE('',*,*,#7335,.T.);
#7333=ORIENTED_EDGE('',*,*,#7336,.T.);
#7334=ORIENTED_EDGE('',*,*,#7337,.T.);
#7335=EDGE_CURVE('',#221,#389,#7338,.F.);
#7336=EDGE_CURVE('',#389,#385,#7339,.T.);
#7337=EDGE_CURVE('',#385,#221,#7340,.T.);
#7338=LINE('',#220,#7341);
#7339=LINE('',#388,#7342);
#7340=LINE('',#384,#7343);
#7341=VECTOR('',#7344,1.0);
#7342=VECTOR('',#7345,1.0);
#7343=VECTOR('',#7346,1.0);
#7344=DIRECTION('',(0.9570134483330062,-0.2900435479540418,0));
#7345=DIRECTION('',(0.46175669507786865,0.8870066259903385,0));
#7346=DIRECTION('',(-0.9942661449694834,0.1069337784216103,0));
#7347=FACE_SURFACE('',(#7352),#7348,.T.);
#7348=PLANE('',#7349);
#7349=AXIS2_PLACEMENT_3D('',#220,#7350,#7351);
#7350=DIRECTION('',(0,0,1));
#7351=DIRECTION('',(0.7628968983099461,-0.646520164069972,0));
#7352=FACE_BOUND('',#7353,.T.);
#7353=EDGE_LOOP('',(#7354,#7355,#7356));
#7354=ORIENTED_EDGE('',*,*,#7357,.T.);
#7355=ORIENTED_EDGE('',*,*,#7358,.T.);
#7356=ORIENTED_EDGE('',*,*,#7359,.T.);
#7357=EDGE_CURVE('',#221,#387,#7360,.F.);
#7358=EDGE_CURVE('',#387,#391,#7361,.T.);
#7359=EDGE_CURVE('',#391,#221,#7362,.T.);
#7360=LINE('',#220,#7363);
#7361=LINE('',#386,#7364);
#7362=LINE('',#390,#7365);
#7363=VECTOR('',#7366,1.0);
#7364=VECTOR('',#7367,1.0);
#7365=VECTOR('',#7368,1.0);
#7366=DIRECTION('',(0.7628968983099461,-0.646520164069972,0));
#7367=DIRECTION('',(0.6087514041313618,0.7933610325495545,0));
#7368=DIRECTION('',(-0.8800358475361557,0.47490726152725876,0));
#7369=FACE_SURFACE('',(#7374),#7370,.T.);
#7370=PLANE('',#7371);
#7371=AXIS2_PLACEMENT_3D('',#220,#7372,#7373);
#7372=DIRECTION('',(0,0,1));
#7373=DIRECTION('',(0.8800358475361557,-0.47490726152725876,0));
#7374=FACE_BOUND('',#7375,.T.);
#7375=EDGE_LOOP('',(#7376,#7377,#7378));
#7376=ORIENTED_EDGE('',*,*,#7379,.T.);
#7377=ORIENTED_EDGE('',*,*,#7380,.T.);
#7378=ORIENTED_EDGE('',*,*,#7381,.T.);
#7379=EDGE_CURVE('',#221,#391,#7382,.F.);
#7380=EDGE_CURVE('',#391,#389,#7383,.T.);
#7381=EDGE_CURVE('',#389,#221,#7384,.T.);
#7382=LINE('',#220,#7385);
#7383=LINE('',#390,#7386);
#7384=LINE('',#388,#7387);
#7385=VECTOR('',#7388,1.0);
#7386=VECTOR('',#7389,1.0);
#7387=VECTOR('',#7390,1.0);
#7388=DIRECTION('',(0.8800358475361557,-0.47490726152725876,0));
#7389=DIRECTION('',(0.5372919155439425,0.8433963466195007,0));
#7390=DIRECTION('',(-0.9570134483330062,0.2900435479540418,0));
#7391=FACE_SURFACE('',(#7396),#7392,.T.);
#7392=PLANE('',#7393);
#7393=AXIS2_PLACEMENT_3D('',#308,#7394,#7395);
#7394=DIRECTION('',(0.7372598398432545,-0.6756093017079464,0));
#7395=DIRECTION('',(0.1886531950413317,0.2058681311972448,0.9602230389644123));
#7396=FACE_BOUND('',#7397,.T.);
#7397=EDGE_LOOP('',(#7398,#7399,#7400));
#7398=ORIENTED_EDGE('',*,*,#7401,.T.);
#7399=ORIENTED_EDGE('',*,*,#7402,.T.);
#7400=ORIENTED_EDGE('',*,*,#7403,.T.);
#7401=EDGE_CURVE('',#309,#387,#7404,.F.);
#7402=EDGE_CURVE('',#387,#223,#7405,.T.);
#7403=EDGE_CURVE('',#223,#309,#7406,.T.);
#7404=LINE('',#308,#7407);
#7405=LINE('',#386,#7408);
#7406=LINE('',#222,#7409);
#7407=VECTOR('',#7410,1.0);
#7408=VECTOR('',#7411,1.0);
#7409=VECTOR('',#7412,1.0);
#7410=DIRECTION('',(0.1886531950413317,0.2058681311972448,0.9602230389644123));
#7411=DIRECTION('',(-0.6756093017079463,-0.7372598398432543,0));
#7412=DIRECTION('',(0,0,-1));
#7413=FACE_SURFACE('',(#7418),#7414,.T.);
#7414=PLANE('',#7415);
#7415=AXIS2_PLACEMENT_3D('',#222,#7416,#7417);
#7416=DIRECTION('',(0.7071078231218397,-0.7071057392497201,0));
#7417=DIRECTION('',(-0.7071057392497201,-0.7071078231218397,0));
#7418=FACE_BOUND('',#7419,.T.);
#7419=EDGE_LOOP('',(#7420,#7421,#7422));
#7420=ORIENTED_EDGE('',*,*,#7423,.T.);
#7421=ORIENTED_EDGE('',*,*,#7424,.T.);
#7422=ORIENTED_EDGE('',*,*,#7425,.T.);
#7423=EDGE_CURVE('',#223,#225,#7426,.F.);
#7424=EDGE_CURVE('',#225,#309,#7427,.T.);
#7425=EDGE_CURVE('',#309,#223,#7428,.T.);
#7426=LINE('',#222,#7429);
#7427=LINE('',#224,#7430);
#7428=LINE('',#308,#7431);
#7429=VECTOR('',#7432,1.0);
#7430=VECTOR('',#7433,1.0);
#7431=VECTOR('',#7434,1.0);
#7432=DIRECTION('',(-0.7071057392497201,-0.7071078231218397,0));
#7433=DIRECTION('',(0.6850044452045219,0.6850064639431431,-0.24806260178865458));
#7434=DIRECTION('',(0,0,1));
#7435=FACE_SURFACE('',(#7440),#7436,.T.);
#7436=PLANE('',#7437);
#7437=AXIS2_PLACEMENT_3D('',#310,#7438,#7439);
#7438=DIRECTION('',(0.6755940900746807,-0.7372737791730858,0));
#7439=DIRECTION('',(0,0,1));
#7440=FACE_BOUND('',#7441,.T.);
#7441=EDGE_LOOP('',(#7442,#7443,#7444));
#7442=ORIENTED_EDGE('',*,*,#7445,.T.);
#7443=ORIENTED_EDGE('',*,*,#7446,.T.);
#7444=ORIENTED_EDGE('',*,*,#7447,.T.);
#7445=EDGE_CURVE('',#311,#225,#7448,.F.);
#7446=EDGE_CURVE('',#225,#393,#7449,.T.);
#7447=EDGE_CURVE('',#393,#311,#7450,.T.);
#7448=LINE('',#310,#7451);
#7449=LINE('',#224,#7452);
#7450=LINE('',#392,#7453);
#7451=VECTOR('',#7454,1.0);
#7452=VECTOR('',#7455,1.0);
#7453=VECTOR('',#7456,1.0);
#7454=DIRECTION('',(0,0,1));
#7455=DIRECTION('',(-0.205868434681505,-0.18864565882126447,-0.9602244544947176));
#7456=DIRECTION('',(0.7372737791730858,0.6755940900746807,0));
#7457=FACE_SURFACE('',(#7462),#7458,.T.);
#7458=PLANE('',#7459);
#7459=AXIS2_PLACEMENT_3D('',#392,#7460,#7461);
#7460=DIRECTION('',(0.6755940900746807,-0.7372737791730858,0));
#7461=DIRECTION('',(0.205868434681505,0.18864565882126447,0.9602244544947176));
#7462=FACE_BOUND('',#7463,.T.);
#7463=EDGE_LOOP('',(#7464,#7465,#7466));
#7464=ORIENTED_EDGE('',*,*,#7467,.T.);
#7465=ORIENTED_EDGE('',*,*,#7468,.T.);
#7466=ORIENTED_EDGE('',*,*,#7469,.T.);
#7467=EDGE_CURVE('',#393,#225,#7470,.F.);
#7468=EDGE_CURVE('',#225,#395,#7471,.T.);
#7469=EDGE_CURVE('',#395,#393,#7472,.T.);
#7470=LINE('',#392,#7473);
#7471=LINE('',#224,#7474);
#7472=LINE('',#394,#7475);
#7473=VECTOR('',#7476,1.0);
#7474=VECTOR('',#7477,1.0);
#7475=VECTOR('',#7478,1.0);
#7476=DIRECTION('',(0.205868434681505,0.18864565882126447,0.9602244544947176));
#7477=DIRECTION('',(-0.7372737791730858,-0.6755940900746807,0));
#7478=DIRECTION('',(0,0,-1));
#7479=FACE_SURFACE('',(#7484),#7480,.T.);
#7480=PLANE('',#7481);
#7481=AXIS2_PLACEMENT_3D('',#308,#7482,#7483);
#7482=DIRECTION('',(0.7071078231218397,-0.7071057392497201,0));
#7483=DIRECTION('',(-0.6850044452045219,-0.6850064639431431,0.24806260178865458));
#7484=FACE_BOUND('',#7485,.T.);
#7485=EDGE_LOOP('',(#7486,#7487,#7488));
#7486=ORIENTED_EDGE('',*,*,#7489,.T.);
#7487=ORIENTED_EDGE('',*,*,#7490,.T.);
#7488=ORIENTED_EDGE('',*,*,#7491,.T.);
#7489=EDGE_CURVE('',#309,#225,#7492,.F.);
#7490=EDGE_CURVE('',#225,#311,#7493,.T.);
#7491=EDGE_CURVE('',#311,#309,#7494,.T.);
#7492=LINE('',#308,#7495);
#7493=LINE('',#224,#7496);
#7494=LINE('',#310,#7497);
#7495=VECTOR('',#7498,1.0);
#7496=VECTOR('',#7499,1.0);
#7497=VECTOR('',#7500,1.0);
#7498=DIRECTION('',(-0.6850044452045219,-0.6850064639431431,0.24806260178865458));
#7499=DIRECTION('',(0,0,-1));
#7500=DIRECTION('',(0.7071057392497201,0.7071078231218397,0));
#7501=FACE_SURFACE('',(#7506),#7502,.T.);
#7502=PLANE('',#7503);
#7503=AXIS2_PLACEMENT_3D('',#396,#7504,#7505);
#7504=DIRECTION('',(0,0,1));
#7505=DIRECTION('',(0.9853947736469345,-0.17028546640658046,0));
#7506=FACE_BOUND('',#7507,.T.);
#7507=EDGE_LOOP('',(#7508,#7509,#7510));
#7508=ORIENTED_EDGE('',*,*,#7511,.T.);
#7509=ORIENTED_EDGE('',*,*,#7512,.T.);
#7510=ORIENTED_EDGE('',*,*,#7513,.T.);
#7511=EDGE_CURVE('',#397,#395,#7514,.F.);
#7512=EDGE_CURVE('',#395,#225,#7515,.T.);
#7513=EDGE_CURVE('',#225,#397,#7516,.T.);
#7514=LINE('',#396,#7517);
#7515=LINE('',#394,#7518);
#7516=LINE('',#224,#7519);
#7517=VECTOR('',#7520,1.0);
#7518=VECTOR('',#7521,1.0);
#7519=VECTOR('',#7522,1.0);
#7520=DIRECTION('',(0.9853947736469345,-0.17028546640658046,0));
#7521=DIRECTION('',(0.7372737791730858,0.6755940900746807,0));
#7522=DIRECTION('',(-0.9986634780821313,0.0516842098217658,0));
#7523=FACE_SURFACE('',(#7528),#7524,.T.);
#7524=PLANE('',#7525);
#7525=AXIS2_PLACEMENT_3D('',#224,#7526,#7527);
#7526=DIRECTION('',(0,0,1));
#7527=DIRECTION('',(-0.9981250639351933,0.061207489283307506,0));
#7528=FACE_BOUND('',#7529,.T.);
#7529=EDGE_LOOP('',(#7530,#7531,#7532));
#7530=ORIENTED_EDGE('',*,*,#7533,.T.);
#7531=ORIENTED_EDGE('',*,*,#7534,.T.);
#7532=ORIENTED_EDGE('',*,*,#7535,.T.);
#7533=EDGE_CURVE('',#225,#399,#7536,.F.);
#7534=EDGE_CURVE('',#399,#397,#7537,.T.);
#7535=EDGE_CURVE('',#397,#225,#7538,.T.);
#7536=LINE('',#224,#7539);
#7537=LINE('',#398,#7540);
#7538=LINE('',#396,#7541);
#7539=VECTOR('',#7542,1.0);
#7540=VECTOR('',#7543,1.0);
#7541=VECTOR('',#7544,1.0);
#7542=DIRECTION('',(-0.9981250639351933,0.061207489283307506,0));
#7543=DIRECTION('',(-0.9945200395710152,-0.10454611849163273,0));
#7544=DIRECTION('',(0.9986634780821313,-0.0516842098217658,0));
#7545=FACE_SURFACE('',(#7550),#7546,.T.);
#7546=PLANE('',#7547);
#7547=AXIS2_PLACEMENT_3D('',#224,#7548,#7549);
#7548=DIRECTION('',(0,0,1));
#7549=DIRECTION('',(-0.9963861577373613,0.0849389467169095,0));
#7550=FACE_BOUND('',#7551,.T.);
#7551=EDGE_LOOP('',(#7552,#7553,#7554));
#7552=ORIENTED_EDGE('',*,*,#7555,.T.);
#7553=ORIENTED_EDGE('',*,*,#7556,.T.);
#7554=ORIENTED_EDGE('',*,*,#7557,.T.);
#7555=EDGE_CURVE('',#225,#401,#7558,.F.);
#7556=EDGE_CURVE('',#401,#399,#7559,.T.);
#7557=EDGE_CURVE('',#399,#225,#7560,.T.);
#7558=LINE('',#224,#7561);
#7559=LINE('',#400,#7562);
#7560=LINE('',#398,#7563);
#7561=VECTOR('',#7564,1.0);
#7562=VECTOR('',#7565,1.0);
#7563=VECTOR('',#7566,1.0);
#7564=DIRECTION('',(-0.9963861577373613,0.0849389467169095,0));
#7565=DIRECTION('',(-0.951050158914368,-0.30903655969634947,0));
#7566=DIRECTION('',(0.9981250639351933,-0.061207489283307506,0));
#7567=FACE_SURFACE('',(#7572),#7568,.T.);
#7568=PLANE('',#7569);
#7569=AXIS2_PLACEMENT_3D('',#224,#7570,#7571);
#7570=DIRECTION('',(0,0,1));
#7571=DIRECTION('',(-0.9922962460119004,0.12388769168359773,0));
#7572=FACE_BOUND('',#7573,.T.);
#7573=EDGE_LOOP('',(#7574,#7575,#7576));
#7574=ORIENTED_EDGE('',*,*,#7577,.T.);
#7575=ORIENTED_EDGE('',*,*,#7578,.T.);
#7576=ORIENTED_EDGE('',*,*,#7579,.T.);
#7577=EDGE_CURVE('',#225,#403,#7580,.F.);
#7578=EDGE_CURVE('',#403,#401,#7581,.T.);
#7579=EDGE_CURVE('',#401,#225,#7582,.T.);
#7580=LINE('',#224,#7583);
#7581=LINE('',#402,#7584);
#7582=LINE('',#400,#7585);
#7583=VECTOR('',#7586,1.0);
#7584=VECTOR('',#7587,1.0);
#7585=VECTOR('',#7588,1.0);
#7586=DIRECTION('',(-0.9922962460119004,0.12388769168359773,0));
#7587=DIRECTION('',(-0.8660154026835949,-0.5000173220147189,0));
#7588=DIRECTION('',(0.9963861577373613,-0.0849389467169095,0));
#7589=FACE_SURFACE('',(#7594),#7590,.T.);
#7590=PLANE('',#7591);
#7591=AXIS2_PLACEMENT_3D('',#224,#7592,#7593);
#7592=DIRECTION('',(0,0,1));
#7593=DIRECTION('',(-0.8349807380114931,0.5502791720116095,0));
#7594=FACE_BOUND('',#7595,.T.);
#7595=EDGE_LOOP('',(#7596,#7597,#7598));
#7596=ORIENTED_EDGE('',*,*,#7599,.T.);
#7597=ORIENTED_EDGE('',*,*,#7600,.T.);
#7598=ORIENTED_EDGE('',*,*,#7601,.T.);
#7599=EDGE_CURVE('',#225,#227,#7602,.F.);
#7600=EDGE_CURVE('',#227,#405,#7603,.T.);
#7601=EDGE_CURVE('',#405,#225,#7604,.T.);
#7602=LINE('',#224,#7605);
#7603=LINE('',#226,#7606);
#7604=LINE('',#404,#7607);
#7605=VECTOR('',#7608,1.0);
#7606=VECTOR('',#7609,1.0);
#7607=VECTOR('',#7610,1.0);
#7608=DIRECTION('',(-0.8349807380114931,0.5502791720116095,0));
#7609=DIRECTION('',(0.743192525074536,-0.6690776267917911,0));
#7610=DIRECTION('',(0.839980253746688,-0.5426169674048625,0));
#7611=FACE_SURFACE('',(#7616),#7612,.T.);
#7612=PLANE('',#7613);
#7613=AXIS2_PLACEMENT_3D('',#224,#7614,#7615);
#7614=DIRECTION('',(0,0,1));
#7615=DIRECTION('',(-0.9841357464809938,0.17741711444586447,0));
#7616=FACE_BOUND('',#7617,.T.);
#7617=EDGE_LOOP('',(#7618,#7619,#7620));
#7618=ORIENTED_EDGE('',*,*,#7621,.T.);
#7619=ORIENTED_EDGE('',*,*,#7622,.T.);
#7620=ORIENTED_EDGE('',*,*,#7623,.T.);
#7621=EDGE_CURVE('',#225,#407,#7624,.F.);
#7622=EDGE_CURVE('',#407,#403,#7625,.T.);
#7623=EDGE_CURVE('',#403,#225,#7626,.T.);
#7624=LINE('',#224,#7627);
#7625=LINE('',#406,#7628);
#7626=LINE('',#402,#7629);
#7627=VECTOR('',#7630,1.0);
#7628=VECTOR('',#7631,1.0);
#7629=VECTOR('',#7632,1.0);
#7630=DIRECTION('',(-0.9841357464809938,0.17741711444586447,0));
#7631=DIRECTION('',(-0.743210670932043,-0.6690574703362504,0));
#7632=DIRECTION('',(0.9922962460119004,-0.12388769168359773,0));
#7633=FACE_SURFACE('',(#7638),#7634,.T.);
#7634=PLANE('',#7635);
#7635=AXIS2_PLACEMENT_3D('',#224,#7636,#7637);
#7636=DIRECTION('',(0,0,1));
#7637=DIRECTION('',(-0.839980253746688,0.5426169674048625,0));
#7638=FACE_BOUND('',#7639,.T.);
#7639=EDGE_LOOP('',(#7640,#7641,#7642));
#7640=ORIENTED_EDGE('',*,*,#7643,.T.);
#7641=ORIENTED_EDGE('',*,*,#7644,.T.);
#7642=ORIENTED_EDGE('',*,*,#7645,.T.);
#7643=EDGE_CURVE('',#225,#405,#7646,.F.);
#7644=EDGE_CURVE('',#405,#409,#7647,.T.);
#7645=EDGE_CURVE('',#409,#225,#7648,.T.);
#7646=LINE('',#224,#7649);
#7647=LINE('',#404,#7650);
#7648=LINE('',#408,#7651);
#7649=VECTOR('',#7652,1.0);
#7650=VECTOR('',#7653,1.0);
#7651=VECTOR('',#7654,1.0);
#7652=DIRECTION('',(-0.839980253746688,0.5426169674048625,0));
#7653=DIRECTION('',(0.587802732127671,-0.8090042942427719,0));
#7654=DIRECTION('',(0.8524267175965782,-0.5228467185777527,0));
#7655=FACE_SURFACE('',(#7660),#7656,.T.);
#7656=PLANE('',#7657);
#7657=AXIS2_PLACEMENT_3D('',#224,#7658,#7659);
#7658=DIRECTION('',(0,0,1));
#7659=DIRECTION('',(-0.9701839575440664,0.2423697351653734,0));
#7660=FACE_BOUND('',#7661,.T.);
#7661=EDGE_LOOP('',(#7662,#7663,#7664));
#7662=ORIENTED_EDGE('',*,*,#7665,.T.);
#7663=ORIENTED_EDGE('',*,*,#7666,.T.);
#7664=ORIENTED_EDGE('',*,*,#7667,.T.);
#7665=EDGE_CURVE('',#225,#411,#7668,.F.);
#7666=EDGE_CURVE('',#411,#407,#7669,.T.);
#7667=EDGE_CURVE('',#407,#225,#7670,.T.);
#7668=LINE('',#224,#7671);
#7669=LINE('',#410,#7672);
#7670=LINE('',#406,#7673);
#7671=VECTOR('',#7674,1.0);
#7672=VECTOR('',#7675,1.0);
#7673=VECTOR('',#7676,1.0);
#7674=DIRECTION('',(-0.9701839575440664,0.2423697351653734,0));
#7675=DIRECTION('',(-0.587768023499229,-0.8090295115456604,0));
#7676=DIRECTION('',(0.9841357464809938,-0.17741711444586447,0));
#7677=FACE_SURFACE('',(#7682),#7678,.T.);
#7678=PLANE('',#7679);
#7679=AXIS2_PLACEMENT_3D('',#224,#7680,#7681);
#7680=DIRECTION('',(0,0,1));
#7681=DIRECTION('',(-0.8524267175965782,0.5228467185777527,0));
#7682=FACE_BOUND('',#7683,.T.);
#7683=EDGE_LOOP('',(#7684,#7685,#7686));
#7684=ORIENTED_EDGE('',*,*,#7687,.T.);
#7685=ORIENTED_EDGE('',*,*,#7688,.T.);
#7686=ORIENTED_EDGE('',*,*,#7689,.T.);
#7687=EDGE_CURVE('',#225,#409,#7690,.F.);
#7688=EDGE_CURVE('',#409,#413,#7691,.T.);
#7689=EDGE_CURVE('',#413,#225,#7692,.T.);
#7690=LINE('',#224,#7693);
#7691=LINE('',#408,#7694);
#7692=LINE('',#412,#7695);
#7693=VECTOR('',#7696,1.0);
#7694=VECTOR('',#7697,1.0);
#7695=VECTOR('',#7698,1.0);
#7696=DIRECTION('',(-0.8524267175965782,0.5228467185777527,0));
#7697=DIRECTION('',(0.40669370806759464,-0.9135645723309491,0));
#7698=DIRECTION('',(0.8720298730484447,-0.4894526540035446,0));
#7699=FACE_SURFACE('',(#7704),#7700,.T.);
#7700=PLANE('',#7701);
#7701=AXIS2_PLACEMENT_3D('',#224,#7702,#7703);
#7702=DIRECTION('',(0,0,1));
#7703=DIRECTION('',(-0.9497889742086946,0.3128912022917801,0));
#7704=FACE_BOUND('',#7705,.T.);
#7705=EDGE_LOOP('',(#7706,#7707,#7708));
#7706=ORIENTED_EDGE('',*,*,#7709,.T.);
#7707=ORIENTED_EDGE('',*,*,#7710,.T.);
#7708=ORIENTED_EDGE('',*,*,#7711,.T.);
#7709=EDGE_CURVE('',#225,#415,#7712,.F.);
#7710=EDGE_CURVE('',#415,#411,#7713,.T.);
#7711=EDGE_CURVE('',#411,#225,#7714,.T.);
#7712=LINE('',#224,#7715);
#7713=LINE('',#414,#7716);
#7714=LINE('',#410,#7717);
#7715=VECTOR('',#7718,1.0);
#7716=VECTOR('',#7719,1.0);
#7717=VECTOR('',#7720,1.0);
#7718=DIRECTION('',(-0.9497889742086946,0.3128912022917801,0));
#7719=DIRECTION('',(-0.40669370806759464,-0.9135645723309491,0));
#7720=DIRECTION('',(0.9701839575440664,-0.2423697351653734,0));
#7721=FACE_SURFACE('',(#7726),#7722,.T.);
#7722=PLANE('',#7723);
#7723=AXIS2_PLACEMENT_3D('',#224,#7724,#7725);
#7724=DIRECTION('',(0,0,1));
#7725=DIRECTION('',(-0.8720298730484447,0.4894526540035446,0));
#7726=FACE_BOUND('',#7727,.T.);
#7727=EDGE_LOOP('',(#7728,#7729,#7730));
#7728=ORIENTED_EDGE('',*,*,#7731,.T.);
#7729=ORIENTED_EDGE('',*,*,#7732,.T.);
#7730=ORIENTED_EDGE('',*,*,#7733,.T.);
#7731=EDGE_CURVE('',#225,#413,#7734,.F.);
#7732=EDGE_CURVE('',#413,#417,#7735,.T.);
#7733=EDGE_CURVE('',#417,#225,#7736,.T.);
#7734=LINE('',#224,#7737);
#7735=LINE('',#412,#7738);
#7736=LINE('',#416,#7739);
#7737=VECTOR('',#7740,1.0);
#7738=VECTOR('',#7741,1.0);
#7739=VECTOR('',#7742,1.0);
#7740=DIRECTION('',(-0.8720298730484447,0.4894526540035446,0));
#7741=DIRECTION('',(0.2079486694374834,-0.978139739954972,0));
#7742=DIRECTION('',(0.8970653147438634,-0.44189797587621193,0));
#7743=FACE_SURFACE('',(#7748),#7744,.T.);
#7744=PLANE('',#7745);
#7745=AXIS2_PLACEMENT_3D('',#224,#7746,#7747);
#7746=DIRECTION('',(0,0,1));
#7747=DIRECTION('',(-0.9243145978227623,0.3816313984091787,0));
#7748=FACE_BOUND('',#7749,.T.);
#7749=EDGE_LOOP('',(#7750,#7751,#7752));
#7750=ORIENTED_EDGE('',*,*,#7753,.T.);
#7751=ORIENTED_EDGE('',*,*,#7754,.T.);
#7752=ORIENTED_EDGE('',*,*,#7755,.T.);
#7753=EDGE_CURVE('',#225,#419,#7756,.F.);
#7754=EDGE_CURVE('',#419,#415,#7757,.T.);
#7755=EDGE_CURVE('',#415,#225,#7758,.T.);
#7756=LINE('',#224,#7759);
#7757=LINE('',#418,#7760);
#7758=LINE('',#414,#7761);
#7759=VECTOR('',#7762,1.0);
#7760=VECTOR('',#7763,1.0);
#7761=VECTOR('',#7764,1.0);
#7762=DIRECTION('',(-0.9243145978227623,0.3816313984091787,0));
#7763=DIRECTION('',(-0.20793382408746142,-0.9781428959003713,0));
#7764=DIRECTION('',(0.9497889742086946,-0.3128912022917801,0));
#7765=FACE_SURFACE('',(#7770),#7766,.T.);
#7766=PLANE('',#7767);
#7767=AXIS2_PLACEMENT_3D('',#224,#7768,#7769);
#7768=DIRECTION('',(0,0,1));
#7769=DIRECTION('',(-0.8970653147438634,0.44189797587621193,0));
#7770=FACE_BOUND('',#7771,.T.);
#7771=EDGE_LOOP('',(#7772,#7773,#7774));
#7772=ORIENTED_EDGE('',*,*,#7775,.T.);
#7773=ORIENTED_EDGE('',*,*,#7776,.T.);
#7774=ORIENTED_EDGE('',*,*,#7777,.T.);
#7775=EDGE_CURVE('',#225,#417,#7778,.F.);
#7776=EDGE_CURVE('',#417,#419,#7779,.T.);
#7777=EDGE_CURVE('',#419,#225,#7780,.T.);
#7778=LINE('',#224,#7781);
#7779=LINE('',#416,#7782);
#7780=LINE('',#418,#7783);
#7781=VECTOR('',#7784,1.0);
#7782=VECTOR('',#7785,1.0);
#7783=VECTOR('',#7786,1.0);
#7784=DIRECTION('',(-0.8970653147438634,0.44189797587621193,0));
#7785=DIRECTION('',(0,-1,0));
#7786=DIRECTION('',(0.9243145978227623,-0.3816313984091787,0));
#7787=FACE_SURFACE('',(#7792),#7788,.T.);
#7788=PLANE('',#7789);
#7789=AXIS2_PLACEMENT_3D('',#420,#7790,#7791);
#7790=DIRECTION('',(-0.6690776267917911,-0.7431925250745359,0));
#7791=DIRECTION('',(-0.08235905038809332,0.07414579145957434,0.9938407258851918));
#7792=FACE_BOUND('',#7793,.T.);
#7793=EDGE_LOOP('',(#7794,#7795,#7796));
#7794=ORIENTED_EDGE('',*,*,#7797,.T.);
#7795=ORIENTED_EDGE('',*,*,#7798,.T.);
#7796=ORIENTED_EDGE('',*,*,#7799,.T.);
#7797=EDGE_CURVE('',#421,#227,#7800,.F.);
#7798=EDGE_CURVE('',#227,#313,#7801,.T.);
#7799=EDGE_CURVE('',#313,#421,#7802,.T.);
#7800=LINE('',#420,#7803);
#7801=LINE('',#226,#7804);
#7802=LINE('',#312,#7805);
#7803=VECTOR('',#7806,1.0);
#7804=VECTOR('',#7807,1.0);
#7805=VECTOR('',#7808,1.0);
#7806=DIRECTION('',(-0.08235905038809332,0.07414579145957434,0.9938407258851918));
#7807=DIRECTION('',(0,0,-1));
#7808=DIRECTION('',(0.743192525074536,-0.6690776267917911,0));
#7809=FACE_SURFACE('',(#7814),#7810,.T.);
#7810=PLANE('',#7811);
#7811=AXIS2_PLACEMENT_3D('',#420,#7812,#7813);
#7812=DIRECTION('',(-0.6690776267917911,-0.7431925250745359,0));
#7813=DIRECTION('',(0,0,1));
#7814=FACE_BOUND('',#7815,.T.);
#7815=EDGE_LOOP('',(#7816,#7817,#7818));
#7816=ORIENTED_EDGE('',*,*,#7819,.T.);
#7817=ORIENTED_EDGE('',*,*,#7820,.T.);
#7818=ORIENTED_EDGE('',*,*,#7821,.T.);
#7819=EDGE_CURVE('',#421,#405,#7822,.F.);
#7820=EDGE_CURVE('',#405,#227,#7823,.T.);
#7821=EDGE_CURVE('',#227,#421,#7824,.T.);
#7822=LINE('',#420,#7825);
#7823=LINE('',#404,#7826);
#7824=LINE('',#226,#7827);
#7825=VECTOR('',#7828,1.0);
#7826=VECTOR('',#7829,1.0);
#7827=VECTOR('',#7830,1.0);
#7828=DIRECTION('',(0,0,1));
#7829=DIRECTION('',(-0.743192525074536,0.6690776267917911,0));
#7830=DIRECTION('',(0.08235905038809332,-0.07414579145957434,-0.9938407258851918));
#7831=FACE_SURFACE('',(#7836),#7832,.T.);
#7832=PLANE('',#7833);
#7833=AXIS2_PLACEMENT_3D('',#256,#7834,#7835);
#7834=DIRECTION('',(-0.9781428959003713,-0.20793382408746142,0));
#7835=DIRECTION('',(0.023042421848029435,-0.10839401109417006,-0.9938409254776612));
#7836=FACE_BOUND('',#7837,.T.);
#7837=EDGE_LOOP('',(#7838,#7839,#7840));
#7838=ORIENTED_EDGE('',*,*,#7841,.T.);
#7839=ORIENTED_EDGE('',*,*,#7842,.T.);
#7840=ORIENTED_EDGE('',*,*,#7843,.T.);
#7841=EDGE_CURVE('',#257,#315,#7844,.F.);
#7842=EDGE_CURVE('',#315,#231,#7845,.T.);
#7843=EDGE_CURVE('',#231,#257,#7846,.T.);
#7844=LINE('',#256,#7847);
#7845=LINE('',#314,#7848);
#7846=LINE('',#230,#7849);
#7847=VECTOR('',#7850,1.0);
#7848=VECTOR('',#7851,1.0);
#7849=VECTOR('',#7852,1.0);
#7850=DIRECTION('',(0.023042421848029435,-0.10839401109417006,-0.9938409254776612));
#7851=DIRECTION('',(0,0,1));
#7852=DIRECTION('',(-0.20793382408746142,0.9781428959003713,0));
#7853=FACE_SURFACE('',(#7858),#7854,.T.);
#7854=PLANE('',#7855);
#7855=AXIS2_PLACEMENT_3D('',#232,#7856,#7857);
#7856=DIRECTION('',(0,0,1));
#7857=DIRECTION('',(0.9853945774419806,0.17028660178634247,0));
#7858=FACE_BOUND('',#7859,.T.);
#7859=EDGE_LOOP('',(#7860,#7861,#7862));
#7860=ORIENTED_EDGE('',*,*,#7863,.T.);
#7861=ORIENTED_EDGE('',*,*,#7864,.T.);
#7862=ORIENTED_EDGE('',*,*,#7865,.T.);
#7863=EDGE_CURVE('',#233,#235,#7866,.F.);
#7864=EDGE_CURVE('',#235,#423,#7867,.T.);
#7865=EDGE_CURVE('',#423,#233,#7868,.T.);
#7866=LINE('',#232,#7869);
#7867=LINE('',#234,#7870);
#7868=LINE('',#422,#7871);
#7869=VECTOR('',#7872,1.0);
#7870=VECTOR('',#7873,1.0);
#7871=VECTOR('',#7874,1.0);
#7872=DIRECTION('',(0.9853945774419806,0.17028660178634247,0));
#7873=DIRECTION('',(-0.7933560810624415,0.6087578571494947,0));
#7874=DIRECTION('',(-0.9527056653250584,-0.3038945791841934,0));
#7875=FACE_SURFACE('',(#7880),#7876,.T.);
#7876=PLANE('',#7877);
#7877=AXIS2_PLACEMENT_3D('',#320,#7878,#7879);
#7878=DIRECTION('',(-0.10454611849163271,-0.9945200395710151,0));
#7879=DIRECTION('',(0,0,1));
#7880=FACE_BOUND('',#7881,.T.);
#7881=EDGE_LOOP('',(#7882,#7883,#7884));
#7882=ORIENTED_EDGE('',*,*,#7885,.T.);
#7883=ORIENTED_EDGE('',*,*,#7886,.T.);
#7884=ORIENTED_EDGE('',*,*,#7887,.T.);
#7885=EDGE_CURVE('',#321,#237,#7888,.F.);
#7886=EDGE_CURVE('',#237,#233,#7889,.T.);
#7887=EDGE_CURVE('',#233,#321,#7890,.T.);
#7888=LINE('',#320,#7891);
#7889=LINE('',#236,#7892);
#7890=LINE('',#232,#7893);
#7891=VECTOR('',#7894,1.0);
#7892=VECTOR('',#7895,1.0);
#7893=VECTOR('',#7896,1.0);
#7894=DIRECTION('',(0,0,1));
#7895=DIRECTION('',(-0.9945200395710152,0.10454611849163273,0));
#7896=DIRECTION('',(0.11021372769054198,-0.011585907750546812,-0.9938403800259631));
#7897=FACE_SURFACE('',(#7902),#7898,.T.);
#7898=PLANE('',#7899);
#7899=AXIS2_PLACEMENT_3D('',#320,#7900,#7901);
#7900=DIRECTION('',(-0.10454611849163271,-0.9945200395710151,0));
#7901=DIRECTION('',(-0.11021372769054198,0.011585907750546812,0.9938403800259631));
#7902=FACE_BOUND('',#7903,.T.);
#7903=EDGE_LOOP('',(#7904,#7905,#7906));
#7904=ORIENTED_EDGE('',*,*,#7907,.T.);
#7905=ORIENTED_EDGE('',*,*,#7908,.T.);
#7906=ORIENTED_EDGE('',*,*,#7909,.T.);
#7907=EDGE_CURVE('',#321,#233,#7910,.F.);
#7908=EDGE_CURVE('',#233,#319,#7911,.T.);
#7909=EDGE_CURVE('',#319,#321,#7912,.T.);
#7910=LINE('',#320,#7913);
#7911=LINE('',#232,#7914);
#7912=LINE('',#318,#7915);
#7913=VECTOR('',#7916,1.0);
#7914=VECTOR('',#7917,1.0);
#7915=VECTOR('',#7918,1.0);
#7916=DIRECTION('',(-0.11021372769054198,0.011585907750546812,0.9938403800259631));
#7917=DIRECTION('',(0,0,-1));
#7918=DIRECTION('',(0.9945200395710152,-0.10454611849163273,0));
#7919=FACE_SURFACE('',(#7924),#7920,.T.);
#7920=PLANE('',#7921);
#7921=AXIS2_PLACEMENT_3D('',#424,#7922,#7923);
#7922=DIRECTION('',(0.10456129694182914,-0.9945184438620748,0));
#7923=DIRECTION('',(0.11019774834873083,0.01158592840437115,-0.9938421517131776));
#7924=FACE_BOUND('',#7925,.T.);
#7925=EDGE_LOOP('',(#7926,#7927,#7928));
#7926=ORIENTED_EDGE('',*,*,#7929,.T.);
#7927=ORIENTED_EDGE('',*,*,#7930,.T.);
#7928=ORIENTED_EDGE('',*,*,#7931,.T.);
#7929=EDGE_CURVE('',#425,#319,#7932,.F.);
#7930=EDGE_CURVE('',#319,#233,#7933,.T.);
#7931=EDGE_CURVE('',#233,#425,#7934,.T.);
#7932=LINE('',#424,#7935);
#7933=LINE('',#318,#7936);
#7934=LINE('',#232,#7937);
#7935=VECTOR('',#7938,1.0);
#7936=VECTOR('',#7939,1.0);
#7937=VECTOR('',#7940,1.0);
#7938=DIRECTION('',(0.11019774834873083,0.01158592840437115,-0.9938421517131776));
#7939=DIRECTION('',(0,0,1));
#7940=DIRECTION('',(-0.9945184438620748,-0.10456129694182914,0));
#7941=FACE_SURFACE('',(#7946),#7942,.T.);
#7942=PLANE('',#7943);
#7943=AXIS2_PLACEMENT_3D('',#232,#7944,#7945);
#7944=DIRECTION('',(0,0,1));
#7945=DIRECTION('',(-0.9999857875230465,-0.005331486838811305,0));
#7946=FACE_BOUND('',#7947,.T.);
#7947=EDGE_LOOP('',(#7948,#7949,#7950));
#7948=ORIENTED_EDGE('',*,*,#7951,.T.);
#7949=ORIENTED_EDGE('',*,*,#7952,.T.);
#7950=ORIENTED_EDGE('',*,*,#7953,.T.);
#7951=EDGE_CURVE('',#233,#427,#7954,.F.);
#7952=EDGE_CURVE('',#427,#425,#7955,.T.);
#7953=EDGE_CURVE('',#425,#233,#7956,.T.);
#7954=LINE('',#232,#7957);
#7955=LINE('',#426,#7958);
#7956=LINE('',#424,#7959);
#7957=VECTOR('',#7960,1.0);
#7958=VECTOR('',#7961,1.0);
#7959=VECTOR('',#7962,1.0);
#7960=DIRECTION('',(-0.9999857875230465,-0.005331486838811305,0));
#7961=DIRECTION('',(0.9999926124982038,0.003843819586954481,0));
#7962=DIRECTION('',(0.9945184438620748,0.10456129694182914,0));
#7963=FACE_SURFACE('',(#7968),#7964,.T.);
#7964=PLANE('',#7965);
#7965=AXIS2_PLACEMENT_3D('',#232,#7966,#7967);
#7966=DIRECTION('',(0,0,1));
#7967=DIRECTION('',(-0.9999743001563686,0.007169311457929244,0));
#7968=FACE_BOUND('',#7969,.T.);
#7969=EDGE_LOOP('',(#7970,#7971,#7972));
#7970=ORIENTED_EDGE('',*,*,#7973,.T.);
#7971=ORIENTED_EDGE('',*,*,#7974,.T.);
#7972=ORIENTED_EDGE('',*,*,#7975,.T.);
#7973=EDGE_CURVE('',#233,#429,#7976,.F.);
#7974=EDGE_CURVE('',#429,#427,#7977,.T.);
#7975=EDGE_CURVE('',#427,#233,#7978,.T.);
#7976=LINE('',#232,#7979);
#7977=LINE('',#428,#7980);
#7978=LINE('',#426,#7981);
#7979=VECTOR('',#7982,1.0);
#7980=VECTOR('',#7983,1.0);
#7981=VECTOR('',#7984,1.0);
#7982=DIRECTION('',(-0.9999743001563686,0.007169311457929244,0));
#7983=DIRECTION('',(0.5320390592813571,-0.846719811625433,0));
#7984=DIRECTION('',(0.9999857875230465,0.005331486838811305,0));
#7985=FACE_SURFACE('',(#7990),#7986,.T.);
#7986=PLANE('',#7987);
#7987=AXIS2_PLACEMENT_3D('',#232,#7988,#7989);
#7988=DIRECTION('',(0,0,1));
#7989=DIRECTION('',(0.9527056653250584,0.3038945791841934,0));
#7990=FACE_BOUND('',#7991,.T.);
#7991=EDGE_LOOP('',(#7992,#7993,#7994));
#7992=ORIENTED_EDGE('',*,*,#7995,.T.);
#7993=ORIENTED_EDGE('',*,*,#7996,.T.);
#7994=ORIENTED_EDGE('',*,*,#7997,.T.);
#7995=EDGE_CURVE('',#233,#423,#7998,.F.);
#7996=EDGE_CURVE('',#423,#431,#7999,.T.);
#7997=EDGE_CURVE('',#431,#233,#8000,.T.);
#7998=LINE('',#232,#8001);
#7999=LINE('',#422,#8002);
#8000=LINE('',#430,#8003);
#8001=VECTOR('',#8004,1.0);
#8002=VECTOR('',#8005,1.0);
#8003=VECTOR('',#8006,1.0);
#8004=DIRECTION('',(0.9527056653250584,0.3038945791841934,0));
#8005=DIRECTION('',(-0.8433931762191593,0.5372968921434016,0));
#8006=DIRECTION('',(-0.8914515107303042,-0.4531161043448558,0));
#8007=FACE_SURFACE('',(#8012),#8008,.T.);
#8008=PLANE('',#8009);
#8009=AXIS2_PLACEMENT_3D('',#232,#8010,#8011);
#8010=DIRECTION('',(0,0,1));
#8011=DIRECTION('',(-0.9998487756010075,0.01739039761380143,0));
#8012=FACE_BOUND('',#8013,.T.);
#8013=EDGE_LOOP('',(#8014,#8015,#8016));
#8014=ORIENTED_EDGE('',*,*,#8017,.T.);
#8015=ORIENTED_EDGE('',*,*,#8018,.T.);
#8016=ORIENTED_EDGE('',*,*,#8019,.T.);
#8017=EDGE_CURVE('',#233,#433,#8020,.F.);
#8018=EDGE_CURVE('',#433,#429,#8021,.T.);
#8019=EDGE_CURVE('',#429,#233,#8022,.T.);
#8020=LINE('',#232,#8023);
#8021=LINE('',#432,#8024);
#8022=LINE('',#428,#8025);
#8023=VECTOR('',#8026,1.0);
#8024=VECTOR('',#8027,1.0);
#8025=VECTOR('',#8028,1.0);
#8026=DIRECTION('',(-0.9998487756010075,0.01739039761380143,0));
#8027=DIRECTION('',(0.7071340368297876,-0.70707952449269,0));
#8028=DIRECTION('',(0.9999743001563686,-0.007169311457929244,0));
#8029=FACE_SURFACE('',(#8034),#8030,.T.);
#8030=PLANE('',#8031);
#8031=AXIS2_PLACEMENT_3D('',#232,#8032,#8033);
#8032=DIRECTION('',(0,0,1));
#8033=DIRECTION('',(0.8914515107303042,0.4531161043448558,0));
#8034=FACE_BOUND('',#8035,.T.);
#8035=EDGE_LOOP('',(#8036,#8037,#8038));
#8036=ORIENTED_EDGE('',*,*,#8039,.T.);
#8037=ORIENTED_EDGE('',*,*,#8040,.T.);
#8038=ORIENTED_EDGE('',*,*,#8041,.T.);
#8039=EDGE_CURVE('',#233,#431,#8042,.F.);
#8040=EDGE_CURVE('',#431,#435,#8043,.T.);
#8041=EDGE_CURVE('',#435,#233,#8044,.T.);
#8042=LINE('',#232,#8045);
#8043=LINE('',#430,#8046);
#8044=LINE('',#434,#8047);
#8045=VECTOR('',#8048,1.0);
#8046=VECTOR('',#8049,1.0);
#8047=VECTOR('',#8050,1.0);
#8048=DIRECTION('',(0.8914515107303042,0.4531161043448558,0));
#8049=DIRECTION('',(-0.8870153403955958,0.46173995484783986,0));
#8050=DIRECTION('',(-0.7889181440635773,-0.6144983010287993,0));
#8051=FACE_SURFACE('',(#8056),#8052,.T.);
#8052=PLANE('',#8053);
#8053=AXIS2_PLACEMENT_3D('',#232,#8054,#8055);
#8054=DIRECTION('',(0,0,1));
#8055=DIRECTION('',(-0.9996917532466009,0.024827373818776147,0));
#8056=FACE_BOUND('',#8057,.T.);
#8057=EDGE_LOOP('',(#8058,#8059,#8060));
#8058=ORIENTED_EDGE('',*,*,#8061,.T.);
#8059=ORIENTED_EDGE('',*,*,#8062,.T.);
#8060=ORIENTED_EDGE('',*,*,#8063,.T.);
#8061=EDGE_CURVE('',#233,#437,#8064,.F.);
#8062=EDGE_CURVE('',#437,#433,#8065,.T.);
#8063=EDGE_CURVE('',#433,#233,#8066,.T.);
#8064=LINE('',#232,#8067);
#8065=LINE('',#436,#8068);
#8066=LINE('',#432,#8069);
#8067=VECTOR('',#8070,1.0);
#8068=VECTOR('',#8071,1.0);
#8069=VECTOR('',#8072,1.0);
#8070=DIRECTION('',(-0.9996917532466009,0.024827373818776147,0));
#8071=DIRECTION('',(0.8467095241332129,-0.5320554310803604,0));
#8072=DIRECTION('',(0.9998487756010075,-0.01739039761380143,0));
#8073=FACE_SURFACE('',(#8078),#8074,.T.);
#8074=PLANE('',#8075);
#8075=AXIS2_PLACEMENT_3D('',#232,#8076,#8077);
#8076=DIRECTION('',(0,0,1));
#8077=DIRECTION('',(0.7889181440635773,0.6144983010287993,0));
#8078=FACE_BOUND('',#8079,.T.);
#8079=EDGE_LOOP('',(#8080,#8081,#8082));
#8080=ORIENTED_EDGE('',*,*,#8083,.T.);
#8081=ORIENTED_EDGE('',*,*,#8084,.T.);
#8082=ORIENTED_EDGE('',*,*,#8085,.T.);
#8083=EDGE_CURVE('',#233,#435,#8086,.F.);
#8084=EDGE_CURVE('',#435,#439,#8087,.T.);
#8085=EDGE_CURVE('',#439,#233,#8088,.T.);
#8086=LINE('',#232,#8089);
#8087=LINE('',#434,#8090);
#8088=LINE('',#438,#8091);
#8089=VECTOR('',#8092,1.0);
#8090=VECTOR('',#8093,1.0);
#8091=VECTOR('',#8094,1.0);
#8092=DIRECTION('',(0.7889181440635773,0.6144983010287993,0));
#8093=DIRECTION('',(-0.9238747644618239,0.3826949432519451,0));
#8094=DIRECTION('',(-0.631102696090874,-0.775699289020449,0));
#8095=FACE_SURFACE('',(#8100),#8096,.T.);
#8096=PLANE('',#8097);
#8097=AXIS2_PLACEMENT_3D('',#232,#8098,#8099);
#8098=DIRECTION('',(0,0,1));
#8099=DIRECTION('',(-0.9995742386754503,0.029177754820991986,0));
#8100=FACE_BOUND('',#8101,.T.);
#8101=EDGE_LOOP('',(#8102,#8103,#8104));
#8102=ORIENTED_EDGE('',*,*,#8105,.T.);
#8103=ORIENTED_EDGE('',*,*,#8106,.T.);
#8104=ORIENTED_EDGE('',*,*,#8107,.T.);
#8105=EDGE_CURVE('',#233,#441,#8108,.F.);
#8106=EDGE_CURVE('',#441,#437,#8109,.T.);
#8107=EDGE_CURVE('',#437,#233,#8110,.T.);
#8108=LINE('',#232,#8111);
#8109=LINE('',#440,#8112);
#8110=LINE('',#436,#8113);
#8111=VECTOR('',#8114,1.0);
#8112=VECTOR('',#8115,1.0);
#8113=VECTOR('',#8116,1.0);
#8114=DIRECTION('',(-0.9995742386754503,0.029177754820991986,0));
#8115=DIRECTION('',(0.9438776185146551,-0.330295384871032,0));
#8116=DIRECTION('',(0.9996917532466009,-0.024827373818776147,0));
#8117=FACE_SURFACE('',(#8122),#8118,.T.);
#8118=PLANE('',#8119);
#8119=AXIS2_PLACEMENT_3D('',#232,#8120,#8121);
#8120=DIRECTION('',(0,0,1));
#8121=DIRECTION('',(0.631102696090874,0.775699289020449,0));
#8122=FACE_BOUND('',#8123,.T.);
#8123=EDGE_LOOP('',(#8124,#8125,#8126));
#8124=ORIENTED_EDGE('',*,*,#8127,.T.);
#8125=ORIENTED_EDGE('',*,*,#8128,.T.);
#8126=ORIENTED_EDGE('',*,*,#8129,.T.);
#8127=EDGE_CURVE('',#233,#439,#8130,.F.);
#8128=EDGE_CURVE('',#439,#443,#8131,.T.);
#8129=EDGE_CURVE('',#443,#233,#8132,.T.);
#8130=LINE('',#232,#8133);
#8131=LINE('',#438,#8134);
#8132=LINE('',#442,#8135);
#8133=VECTOR('',#8136,1.0);
#8134=VECTOR('',#8137,1.0);
#8135=VECTOR('',#8138,1.0);
#8136=DIRECTION('',(0.631102696090874,0.775699289020449,0));
#8137=DIRECTION('',(-0.953720022332334,0.30069605751059064,0));
#8138=DIRECTION('',(-0.4115391340292745,-0.9113920896970934,0));
#8139=FACE_SURFACE('',(#8144),#8140,.T.);
#8140=PLANE('',#8141);
#8141=AXIS2_PLACEMENT_3D('',#232,#8142,#8143);
#8142=DIRECTION('',(0,0,1));
#8143=DIRECTION('',(-0.9995397262810874,0.03033703324203908,0));
#8144=FACE_BOUND('',#8145,.T.);
#8145=EDGE_LOOP('',(#8146,#8147,#8148));
#8146=ORIENTED_EDGE('',*,*,#8149,.T.);
#8147=ORIENTED_EDGE('',*,*,#8150,.T.);
#8148=ORIENTED_EDGE('',*,*,#8151,.T.);
#8149=EDGE_CURVE('',#233,#445,#8152,.F.);
#8150=EDGE_CURVE('',#445,#441,#8153,.T.);
#8151=EDGE_CURVE('',#441,#233,#8154,.T.);
#8152=LINE('',#232,#8155);
#8153=LINE('',#444,#8156);
#8154=LINE('',#440,#8157);
#8155=VECTOR('',#8158,1.0);
#8156=VECTOR('',#8159,1.0);
#8157=VECTOR('',#8160,1.0);
#8158=DIRECTION('',(-0.9995397262810874,0.03033703324203908,0));
#8159=DIRECTION('',(0.9937148546363331,-0.11194100086693572,0));
#8160=DIRECTION('',(0.9995742386754503,-0.029177754820991986,0));
#8161=FACE_SURFACE('',(#8166),#8162,.T.);
#8162=PLANE('',#8163);
#8163=AXIS2_PLACEMENT_3D('',#232,#8164,#8165);
#8164=DIRECTION('',(0,0,1));
#8165=DIRECTION('',(0.4115391340292745,0.9113920896970934,0));
#8166=FACE_BOUND('',#8167,.T.);
#8167=EDGE_LOOP('',(#8168,#8169,#8170));
#8168=ORIENTED_EDGE('',*,*,#8171,.T.);
#8169=ORIENTED_EDGE('',*,*,#8172,.T.);
#8170=ORIENTED_EDGE('',*,*,#8173,.T.);
#8171=EDGE_CURVE('',#233,#443,#8174,.F.);
#8172=EDGE_CURVE('',#443,#447,#8175,.T.);
#8173=EDGE_CURVE('',#447,#233,#8176,.T.);
#8174=LINE('',#232,#8177);
#8175=LINE('',#442,#8178);
#8176=LINE('',#446,#8179);
#8177=VECTOR('',#8180,1.0);
#8178=VECTOR('',#8181,1.0);
#8179=VECTOR('',#8182,1.0);
#8180=DIRECTION('',(0.4115391340292745,0.9113920896970934,0));
#8181=DIRECTION('',(-0.9762947652646942,0.2164452155090426,0));
#8182=DIRECTION('',(-0.1454294580269666,-0.9893686232835478,0));
#8183=FACE_SURFACE('',(#8188),#8184,.T.);
#8184=PLANE('',#8185);
#8185=AXIS2_PLACEMENT_3D('',#444,#8186,#8187);
#8186=DIRECTION('',(-0,0,1));
#8187=DIRECTION('',(0.9995397262810874,-0.03033703324203908,0));
#8188=FACE_BOUND('',#8189,.T.);
#8189=EDGE_LOOP('',(#8190,#8191,#8192));
#8190=ORIENTED_EDGE('',*,*,#8193,.T.);
#8191=ORIENTED_EDGE('',*,*,#8194,.T.);
#8192=ORIENTED_EDGE('',*,*,#8195,.T.);
#8193=EDGE_CURVE('',#445,#233,#8196,.F.);
#8194=EDGE_CURVE('',#233,#447,#8197,.T.);
#8195=EDGE_CURVE('',#447,#445,#8198,.T.);
#8196=LINE('',#444,#8199);
#8197=LINE('',#232,#8200);
#8198=LINE('',#446,#8201);
#8199=VECTOR('',#8202,1.0);
#8200=VECTOR('',#8203,1.0);
#8201=VECTOR('',#8204,1.0);
#8202=DIRECTION('',(0.9995397262810874,-0.03033703324203908,0));
#8203=DIRECTION('',(0.1454294580269666,0.9893686232835478,0));
#8204=DIRECTION('',(-0.9954210358026849,-0.09558745462407635,0));
#8205=FACE_SURFACE('',(#8210),#8206,.T.);
#8206=PLANE('',#8207);
#8207=AXIS2_PLACEMENT_3D('',#316,#8208,#8209);
#8208=DIRECTION('',(0.6087578571494947,0.7933560810624415,-0));
#8209=DIRECTION('',(-0.22152833826858112,0.16998308794920025,0.9602244243692281));
#8210=FACE_BOUND('',#8211,.T.);
#8211=EDGE_LOOP('',(#8212,#8213,#8214));
#8212=ORIENTED_EDGE('',*,*,#8215,.T.);
#8213=ORIENTED_EDGE('',*,*,#8216,.T.);
#8214=ORIENTED_EDGE('',*,*,#8217,.T.);
#8215=EDGE_CURVE('',#317,#423,#8218,.F.);
#8216=EDGE_CURVE('',#423,#235,#8219,.T.);
#8217=EDGE_CURVE('',#235,#317,#8220,.T.);
#8218=LINE('',#316,#8221);
#8219=LINE('',#422,#8222);
#8220=LINE('',#234,#8223);
#8221=VECTOR('',#8224,1.0);
#8222=VECTOR('',#8225,1.0);
#8223=VECTOR('',#8226,1.0);
#8224=DIRECTION('',(-0.22152833826858112,0.16998308794920025,0.9602244243692281));
#8225=DIRECTION('',(0.7933560810624415,-0.6087578571494947,0));
#8226=DIRECTION('',(0,0,-1));
#8227=FACE_SURFACE('',(#8232),#8228,.T.);
#8228=PLANE('',#8229);
#8229=AXIS2_PLACEMENT_3D('',#324,#8230,#8231);
#8230=DIRECTION('',(-0.3090035498727966,-0.9510608845736482,0));
#8231=DIRECTION('',(-0.10538540598534421,0.034240147063618935,0.9938418025693857));
#8232=FACE_BOUND('',#8233,.T.);
#8233=EDGE_LOOP('',(#8234,#8235,#8236));
#8234=ORIENTED_EDGE('',*,*,#8237,.T.);
#8235=ORIENTED_EDGE('',*,*,#8238,.T.);
#8236=ORIENTED_EDGE('',*,*,#8239,.T.);
#8237=EDGE_CURVE('',#325,#237,#8240,.F.);
#8238=EDGE_CURVE('',#237,#321,#8241,.T.);
#8239=EDGE_CURVE('',#321,#325,#8242,.T.);
#8240=LINE('',#324,#8243);
#8241=LINE('',#236,#8244);
#8242=LINE('',#320,#8245);
#8243=VECTOR('',#8246,1.0);
#8244=VECTOR('',#8247,1.0);
#8245=VECTOR('',#8248,1.0);
#8246=DIRECTION('',(-0.10538540598534421,0.034240147063618935,0.9938418025693857));
#8247=DIRECTION('',(0,0,-1));
#8248=DIRECTION('',(0.9510608845736482,-0.3090035498727966,0));
#8249=FACE_SURFACE('',(#8254),#8250,.T.);
#8250=PLANE('',#8251);
#8251=AXIS2_PLACEMENT_3D('',#324,#8252,#8253);
#8252=DIRECTION('',(-0.3090035498727966,-0.9510608845736482,0));
#8253=DIRECTION('',(0,0,1));
#8254=FACE_BOUND('',#8255,.T.);
#8255=EDGE_LOOP('',(#8256,#8257,#8258));
#8256=ORIENTED_EDGE('',*,*,#8259,.T.);
#8257=ORIENTED_EDGE('',*,*,#8260,.T.);
#8258=ORIENTED_EDGE('',*,*,#8261,.T.);
#8259=EDGE_CURVE('',#325,#241,#8262,.F.);
#8260=EDGE_CURVE('',#241,#237,#8263,.T.);
#8261=EDGE_CURVE('',#237,#325,#8264,.T.);
#8262=LINE('',#324,#8265);
#8263=LINE('',#240,#8266);
#8264=LINE('',#236,#8267);
#8265=VECTOR('',#8268,1.0);
#8266=VECTOR('',#8269,1.0);
#8267=VECTOR('',#8270,1.0);
#8268=DIRECTION('',(0,0,1));
#8269=DIRECTION('',(-0.9510608845736482,0.3090035498727966,0));
#8270=DIRECTION('',(0.10538540598534421,-0.034240147063618935,-0.9938418025693857));
#8271=FACE_SURFACE('',(#8276),#8272,.T.);
#8272=PLANE('',#8273);
#8273=AXIS2_PLACEMENT_3D('',#322,#8274,#8275);
#8274=DIRECTION('',(0.7372598398432545,0.6756093017079464,-0));
#8275=DIRECTION('',(0,0,1));
#8276=FACE_BOUND('',#8277,.T.);
#8277=EDGE_LOOP('',(#8278,#8279,#8280));
#8278=ORIENTED_EDGE('',*,*,#8281,.T.);
#8279=ORIENTED_EDGE('',*,*,#8282,.T.);
#8280=ORIENTED_EDGE('',*,*,#8283,.T.);
#8281=EDGE_CURVE('',#323,#239,#8284,.F.);
#8282=EDGE_CURVE('',#239,#449,#8285,.T.);
#8283=EDGE_CURVE('',#449,#323,#8286,.T.);
#8284=LINE('',#322,#8287);
#8285=LINE('',#238,#8288);
#8286=LINE('',#448,#8289);
#8287=VECTOR('',#8290,1.0);
#8288=VECTOR('',#8291,1.0);
#8289=VECTOR('',#8292,1.0);
#8290=DIRECTION('',(0,0,1));
#8291=DIRECTION('',(0.1886531950413317,-0.2058681311972448,-0.9602230389644123));
#8292=DIRECTION('',(-0.6756093017079463,0.7372598398432543,0));
#8293=FACE_SURFACE('',(#8298),#8294,.T.);
#8294=PLANE('',#8295);
#8295=AXIS2_PLACEMENT_3D('',#448,#8296,#8297);
#8296=DIRECTION('',(0.7372598398432545,0.6756093017079464,-0));
#8297=DIRECTION('',(-0.1886531950413317,0.2058681311972448,0.9602230389644123));
#8298=FACE_BOUND('',#8299,.T.);
#8299=EDGE_LOOP('',(#8300,#8301,#8302));
#8300=ORIENTED_EDGE('',*,*,#8303,.T.);
#8301=ORIENTED_EDGE('',*,*,#8304,.T.);
#8302=ORIENTED_EDGE('',*,*,#8305,.T.);
#8303=EDGE_CURVE('',#449,#239,#8306,.F.);
#8304=EDGE_CURVE('',#239,#451,#8307,.T.);
#8305=EDGE_CURVE('',#451,#449,#8308,.T.);
#8306=LINE('',#448,#8309);
#8307=LINE('',#238,#8310);
#8308=LINE('',#450,#8311);
#8309=VECTOR('',#8312,1.0);
#8310=VECTOR('',#8313,1.0);
#8311=VECTOR('',#8314,1.0);
#8312=DIRECTION('',(-0.1886531950413317,0.2058681311972448,0.9602230389644123));
#8313=DIRECTION('',(0.6756093017079463,-0.7372598398432543,0));
#8314=DIRECTION('',(0,0,-1));
#8315=FACE_SURFACE('',(#8320),#8316,.T.);
#8316=PLANE('',#8317);
#8317=AXIS2_PLACEMENT_3D('',#242,#8318,#8319);
#8318=DIRECTION('',(0,0,1));
#8319=DIRECTION('',(0.7628954536604767,0.6465218687594222,0));
#8320=FACE_BOUND('',#8321,.T.);
#8321=EDGE_LOOP('',(#8322,#8323,#8324));
#8322=ORIENTED_EDGE('',*,*,#8325,.T.);
#8323=ORIENTED_EDGE('',*,*,#8326,.T.);
#8324=ORIENTED_EDGE('',*,*,#8327,.T.);
#8325=EDGE_CURVE('',#243,#451,#8328,.F.);
#8326=EDGE_CURVE('',#451,#239,#8329,.T.);
#8327=EDGE_CURVE('',#239,#243,#8330,.T.);
#8328=LINE('',#242,#8331);
#8329=LINE('',#450,#8332);
#8330=LINE('',#238,#8333);
#8331=VECTOR('',#8334,1.0);
#8332=VECTOR('',#8335,1.0);
#8333=VECTOR('',#8336,1.0);
#8334=DIRECTION('',(0.7628954536604767,0.6465218687594222,0));
#8335=DIRECTION('',(-0.6756093017079463,0.7372598398432543,0));
#8336=DIRECTION('',(-0.6130740971561827,-0.7900254118673218,0));
#8337=FACE_SURFACE('',(#8342),#8338,.T.);
#8338=PLANE('',#8339);
#8339=AXIS2_PLACEMENT_3D('',#328,#8340,#8341);
#8340=DIRECTION('',(-0.5000310081168121,-0.8660075004996692,0));
#8341=DIRECTION('',(-0.09595498059931303,0.0554042149233348,0.9938425502396817));
#8342=FACE_BOUND('',#8343,.T.);
#8343=EDGE_LOOP('',(#8344,#8345,#8346));
#8344=ORIENTED_EDGE('',*,*,#8347,.T.);
#8345=ORIENTED_EDGE('',*,*,#8348,.T.);
#8346=ORIENTED_EDGE('',*,*,#8349,.T.);
#8347=EDGE_CURVE('',#329,#241,#8350,.F.);
#8348=EDGE_CURVE('',#241,#325,#8351,.T.);
#8349=EDGE_CURVE('',#325,#329,#8352,.T.);
#8350=LINE('',#328,#8353);
#8351=LINE('',#240,#8354);
#8352=LINE('',#324,#8355);
#8353=VECTOR('',#8356,1.0);
#8354=VECTOR('',#8357,1.0);
#8355=VECTOR('',#8358,1.0);
#8356=DIRECTION('',(-0.09595498059931303,0.0554042149233348,0.9938425502396817));
#8357=DIRECTION('',(0,0,-1));
#8358=DIRECTION('',(0.8660075004996692,-0.5000310081168121,0));
#8359=FACE_SURFACE('',(#8364),#8360,.T.);
#8360=PLANE('',#8361);
#8361=AXIS2_PLACEMENT_3D('',#328,#8362,#8363);
#8362=DIRECTION('',(-0.5000310081168121,-0.8660075004996692,0));
#8363=DIRECTION('',(0,0,1));
#8364=FACE_BOUND('',#8365,.T.);
#8365=EDGE_LOOP('',(#8366,#8367,#8368));
#8366=ORIENTED_EDGE('',*,*,#8369,.T.);
#8367=ORIENTED_EDGE('',*,*,#8370,.T.);
#8368=ORIENTED_EDGE('',*,*,#8371,.T.);
#8369=EDGE_CURVE('',#329,#245,#8372,.F.);
#8370=EDGE_CURVE('',#245,#241,#8373,.T.);
#8371=EDGE_CURVE('',#241,#329,#8374,.T.);
#8372=LINE('',#328,#8375);
#8373=LINE('',#244,#8376);
#8374=LINE('',#240,#8377);
#8375=VECTOR('',#8378,1.0);
#8376=VECTOR('',#8379,1.0);
#8377=VECTOR('',#8380,1.0);
#8378=DIRECTION('',(0,0,1));
#8379=DIRECTION('',(-0.8660075004996692,0.5000310081168121,0));
#8380=DIRECTION('',(0.09595498059931303,-0.0554042149233348,-0.9938425502396817));
#8381=FACE_SURFACE('',(#8386),#8382,.T.);
#8382=PLANE('',#8383);
#8383=AXIS2_PLACEMENT_3D('',#242,#8384,#8385);
#8384=DIRECTION('',(-0.2078840680599466,-0.9781534717245794,-0));
#8385=DIRECTION('',(0,0,-1));
#8386=FACE_BOUND('',#8387,.T.);
#8387=EDGE_LOOP('',(#8388,#8389,#8390));
#8388=ORIENTED_EDGE('',*,*,#8391,.T.);
#8389=ORIENTED_EDGE('',*,*,#8392,.T.);
#8390=ORIENTED_EDGE('',*,*,#8393,.T.);
#8391=EDGE_CURVE('',#243,#327,#8394,.F.);
#8392=EDGE_CURVE('',#327,#453,#8395,.T.);
#8393=EDGE_CURVE('',#453,#243,#8396,.T.);
#8394=LINE('',#242,#8397);
#8395=LINE('',#326,#8398);
#8396=LINE('',#452,#8399);
#8397=VECTOR('',#8400,1.0);
#8398=VECTOR('',#8401,1.0);
#8399=VECTOR('',#8402,1.0);
#8400=DIRECTION('',(0,0,-1));
#8401=DIRECTION('',(0.9781534717245793,-0.2078840680599466,0));
#8402=DIRECTION('',(-0.10840201405523812,0.02303835984752263,0.9938401467662211));
#8403=FACE_SURFACE('',(#8408),#8404,.T.);
#8404=PLANE('',#8405);
#8405=AXIS2_PLACEMENT_3D('',#242,#8406,#8407);
#8406=DIRECTION('',(-0.2078840680599466,-0.9781534717245794,0));
#8407=DIRECTION('',(0.10840201405523812,-0.02303835984752263,-0.9938401467662211));
#8408=FACE_BOUND('',#8409,.T.);
#8409=EDGE_LOOP('',(#8410,#8411,#8412));
#8410=ORIENTED_EDGE('',*,*,#8413,.T.);
#8411=ORIENTED_EDGE('',*,*,#8414,.T.);
#8412=ORIENTED_EDGE('',*,*,#8415,.T.);
#8413=EDGE_CURVE('',#243,#453,#8416,.F.);
#8414=EDGE_CURVE('',#453,#455,#8417,.T.);
#8415=EDGE_CURVE('',#455,#243,#8418,.T.);
#8416=LINE('',#242,#8419);
#8417=LINE('',#452,#8420);
#8418=LINE('',#454,#8421);
#8419=VECTOR('',#8422,1.0);
#8420=VECTOR('',#8423,1.0);
#8421=VECTOR('',#8424,1.0);
#8422=DIRECTION('',(0.10840201405523812,-0.02303835984752263,-0.9938401467662211));
#8423=DIRECTION('',(0,0,1));
#8424=DIRECTION('',(-0.9781534717245793,0.2078840680599466,0));
#8425=FACE_SURFACE('',(#8430),#8426,.T.);
#8426=PLANE('',#8427);
#8427=AXIS2_PLACEMENT_3D('',#246,#8428,#8429);
#8428=DIRECTION('',(0,-1,0));
#8429=DIRECTION('',(0.11080435117600498,0,-0.99384223886916));
#8430=FACE_BOUND('',#8431,.T.);
#8431=EDGE_LOOP('',(#8432,#8433,#8434));
#8432=ORIENTED_EDGE('',*,*,#8435,.T.);
#8433=ORIENTED_EDGE('',*,*,#8436,.T.);
#8434=ORIENTED_EDGE('',*,*,#8437,.T.);
#8435=EDGE_CURVE('',#247,#327,#8438,.F.);
#8436=EDGE_CURVE('',#327,#243,#8439,.T.);
#8437=EDGE_CURVE('',#243,#247,#8440,.T.);
#8438=LINE('',#246,#8441);
#8439=LINE('',#326,#8442);
#8440=LINE('',#242,#8443);
#8441=VECTOR('',#8444,1.0);
#8442=VECTOR('',#8445,1.0);
#8443=VECTOR('',#8446,1.0);
#8444=DIRECTION('',(0.11080435117600498,0,-0.99384223886916));
#8445=DIRECTION('',(0,0,1));
#8446=DIRECTION('',(-1,0,0));
#8447=FACE_SURFACE('',(#8452),#8448,.T.);
#8448=PLANE('',#8449);
#8449=AXIS2_PLACEMENT_3D('',#242,#8450,#8451);
#8450=DIRECTION('',(0,0,1));
#8451=DIRECTION('',(0.9781534717245793,-0.2078840680599466,0));
#8452=FACE_BOUND('',#8453,.T.);
#8453=EDGE_LOOP('',(#8454,#8455,#8456));
#8454=ORIENTED_EDGE('',*,*,#8457,.T.);
#8455=ORIENTED_EDGE('',*,*,#8458,.T.);
#8456=ORIENTED_EDGE('',*,*,#8459,.T.);
#8457=EDGE_CURVE('',#243,#455,#8460,.F.);
#8458=EDGE_CURVE('',#455,#457,#8461,.T.);
#8459=EDGE_CURVE('',#457,#243,#8462,.T.);
#8460=LINE('',#242,#8463);
#8461=LINE('',#454,#8464);
#8462=LINE('',#456,#8465);
#8463=VECTOR('',#8466,1.0);
#8464=VECTOR('',#8467,1.0);
#8465=VECTOR('',#8468,1.0);
#8466=DIRECTION('',(0.9781534717245793,-0.2078840680599466,0));
#8467=DIRECTION('',(0.9985937216878109,-0.05301489418726628,0));
#8468=DIRECTION('',(-0.997977172770326,0.06357328550064796,0));
#8469=FACE_SURFACE('',(#8474),#8470,.T.);
#8470=PLANE('',#8471);
#8471=AXIS2_PLACEMENT_3D('',#242,#8472,#8473);
#8472=DIRECTION('',(-0,0,1));
#8473=DIRECTION('',(0.997977172770326,-0.06357328550064796,0));
#8474=FACE_BOUND('',#8475,.T.);
#8475=EDGE_LOOP('',(#8476,#8477,#8478));
#8476=ORIENTED_EDGE('',*,*,#8479,.T.);
#8477=ORIENTED_EDGE('',*,*,#8480,.T.);
#8478=ORIENTED_EDGE('',*,*,#8481,.T.);
#8479=EDGE_CURVE('',#243,#457,#8482,.F.);
#8480=EDGE_CURVE('',#457,#459,#8483,.T.);
#8481=EDGE_CURVE('',#459,#243,#8484,.T.);
#8482=LINE('',#242,#8485);
#8483=LINE('',#456,#8486);
#8484=LINE('',#458,#8487);
#8485=VECTOR('',#8488,1.0);
#8486=VECTOR('',#8489,1.0);
#8487=VECTOR('',#8490,1.0);
#8488=DIRECTION('',(0.997977172770326,-0.06357328550064796,0));
#8489=DIRECTION('',(-0.38269699204669655,0.9238739157906832,0));
#8490=DIRECTION('',(-0.9942658633464553,-0.10693639690922799,0));
#8491=FACE_SURFACE('',(#8496),#8492,.T.);
#8492=PLANE('',#8493);
#8493=AXIS2_PLACEMENT_3D('',#242,#8494,#8495);
#8494=DIRECTION('',(0,0,1));
#8495=DIRECTION('',(0.9942658633464553,0.10693639690922799,0));
#8496=FACE_BOUND('',#8497,.T.);
#8497=EDGE_LOOP('',(#8498,#8499,#8500));
#8498=ORIENTED_EDGE('',*,*,#8501,.T.);
#8499=ORIENTED_EDGE('',*,*,#8502,.T.);
#8500=ORIENTED_EDGE('',*,*,#8503,.T.);
#8501=EDGE_CURVE('',#243,#459,#8504,.F.);
#8502=EDGE_CURVE('',#459,#461,#8505,.T.);
#8503=EDGE_CURVE('',#461,#243,#8506,.T.);
#8504=LINE('',#242,#8507);
#8505=LINE('',#458,#8508);
#8506=LINE('',#460,#8509);
#8507=VECTOR('',#8510,1.0);
#8508=VECTOR('',#8511,1.0);
#8509=VECTOR('',#8512,1.0);
#8510=DIRECTION('',(0.9942658633464553,0.10693639690922799,0));
#8511=DIRECTION('',(-0.46176242625704467,0.8870036424373958,0));
#8512=DIRECTION('',(-0.9570134483330062,-0.2900435479540418,0));
#8513=FACE_SURFACE('',(#8518),#8514,.T.);
#8514=PLANE('',#8515);
#8515=AXIS2_PLACEMENT_3D('',#242,#8516,#8517);
#8516=DIRECTION('',(0,0,1));
#8517=DIRECTION('',(0.9570134483330062,0.2900435479540418,0));
#8518=FACE_BOUND('',#8519,.T.);
#8519=EDGE_LOOP('',(#8520,#8521,#8522));
#8520=ORIENTED_EDGE('',*,*,#8523,.T.);
#8521=ORIENTED_EDGE('',*,*,#8524,.T.);
#8522=ORIENTED_EDGE('',*,*,#8525,.T.);
#8523=EDGE_CURVE('',#243,#461,#8526,.F.);
#8524=EDGE_CURVE('',#461,#463,#8527,.T.);
#8525=EDGE_CURVE('',#463,#243,#8528,.T.);
#8526=LINE('',#242,#8529);
#8527=LINE('',#460,#8530);
#8528=LINE('',#462,#8531);
#8529=VECTOR('',#8532,1.0);
#8530=VECTOR('',#8533,1.0);
#8531=VECTOR('',#8534,1.0);
#8532=DIRECTION('',(0.9570134483330062,0.2900435479540418,0));
#8533=DIRECTION('',(-0.5372919155439425,0.8433963466195007,0));
#8534=DIRECTION('',(-0.8800358475361557,-0.47490726152725876,0));
#8535=FACE_SURFACE('',(#8540),#8536,.T.);
#8536=PLANE('',#8537);
#8537=AXIS2_PLACEMENT_3D('',#242,#8538,#8539);
#8538=DIRECTION('',(0,0,1));
#8539=DIRECTION('',(0.8800358475361557,0.47490726152725876,0));
#8540=FACE_BOUND('',#8541,.T.);
#8541=EDGE_LOOP('',(#8542,#8543,#8544));
#8542=ORIENTED_EDGE('',*,*,#8545,.T.);
#8543=ORIENTED_EDGE('',*,*,#8546,.T.);
#8544=ORIENTED_EDGE('',*,*,#8547,.T.);
#8545=EDGE_CURVE('',#243,#463,#8548,.F.);
#8546=EDGE_CURVE('',#463,#451,#8549,.T.);
#8547=EDGE_CURVE('',#451,#243,#8550,.T.);
#8548=LINE('',#242,#8551);
#8549=LINE('',#462,#8552);
#8550=LINE('',#450,#8553);
#8551=VECTOR('',#8554,1.0);
#8552=VECTOR('',#8555,1.0);
#8553=VECTOR('',#8556,1.0);
#8554=DIRECTION('',(0.8800358475361557,0.47490726152725876,0));
#8555=DIRECTION('',(-0.6087446461307758,0.7933662179643878,0));
#8556=DIRECTION('',(-0.7628954536604767,-0.6465218687594222,0));
#8557=FACE_SURFACE('',(#8562),#8558,.T.);
#8558=PLANE('',#8559);
#8559=AXIS2_PLACEMENT_3D('',#332,#8560,#8561);
#8560=DIRECTION('',(-0.6690776267917911,-0.7431925250745359,0));
#8561=DIRECTION('',(-0.08235905038809332,0.07414579145957434,0.9938407258851918));
#8562=FACE_BOUND('',#8563,.T.);
#8563=EDGE_LOOP('',(#8564,#8565,#8566));
#8564=ORIENTED_EDGE('',*,*,#8567,.T.);
#8565=ORIENTED_EDGE('',*,*,#8568,.T.);
#8566=ORIENTED_EDGE('',*,*,#8569,.T.);
#8567=EDGE_CURVE('',#333,#245,#8570,.F.);
#8568=EDGE_CURVE('',#245,#329,#8571,.T.);
#8569=EDGE_CURVE('',#329,#333,#8572,.T.);
#8570=LINE('',#332,#8573);
#8571=LINE('',#244,#8574);
#8572=LINE('',#328,#8575);
#8573=VECTOR('',#8576,1.0);
#8574=VECTOR('',#8577,1.0);
#8575=VECTOR('',#8578,1.0);
#8576=DIRECTION('',(-0.08235905038809332,0.07414579145957434,0.9938407258851918));
#8577=DIRECTION('',(0,0,-1));
#8578=DIRECTION('',(0.743192525074536,-0.6690776267917911,0));
#8579=FACE_SURFACE('',(#8584),#8580,.T.);
#8580=PLANE('',#8581);
#8581=AXIS2_PLACEMENT_3D('',#332,#8582,#8583);
#8582=DIRECTION('',(-0.6690776267917911,-0.7431925250745359,0));
#8583=DIRECTION('',(0,0,1));
#8584=FACE_BOUND('',#8585,.T.);
#8585=EDGE_LOOP('',(#8586,#8587,#8588));
#8586=ORIENTED_EDGE('',*,*,#8589,.T.);
#8587=ORIENTED_EDGE('',*,*,#8590,.T.);
#8588=ORIENTED_EDGE('',*,*,#8591,.T.);
#8589=EDGE_CURVE('',#333,#249,#8592,.F.);
#8590=EDGE_CURVE('',#249,#245,#8593,.T.);
#8591=EDGE_CURVE('',#245,#333,#8594,.T.);
#8592=LINE('',#332,#8595);
#8593=LINE('',#248,#8596);
#8594=LINE('',#244,#8597);
#8595=VECTOR('',#8598,1.0);
#8596=VECTOR('',#8599,1.0);
#8597=VECTOR('',#8600,1.0);
#8598=DIRECTION('',(0,0,1));
#8599=DIRECTION('',(-0.743192525074536,0.6690776267917911,0));
#8600=DIRECTION('',(0.08235905038809332,-0.07414579145957434,-0.9938407258851918));
#8601=FACE_SURFACE('',(#8606),#8602,.T.);
#8602=PLANE('',#8603);
#8603=AXIS2_PLACEMENT_3D('',#246,#8604,#8605);
#8604=DIRECTION('',(0,-1,0));
#8605=DIRECTION('',(0,0,-1));
#8606=FACE_BOUND('',#8607,.T.);
#8607=EDGE_LOOP('',(#8608,#8609,#8610));
#8608=ORIENTED_EDGE('',*,*,#8611,.T.);
#8609=ORIENTED_EDGE('',*,*,#8612,.T.);
#8610=ORIENTED_EDGE('',*,*,#8613,.T.);
#8611=EDGE_CURVE('',#247,#331,#8614,.F.);
#8612=EDGE_CURVE('',#331,#327,#8615,.T.);
#8613=EDGE_CURVE('',#327,#247,#8616,.T.);
#8614=LINE('',#246,#8617);
#8615=LINE('',#330,#8618);
#8616=LINE('',#326,#8619);
#8617=VECTOR('',#8620,1.0);
#8618=VECTOR('',#8621,1.0);
#8619=VECTOR('',#8622,1.0);
#8620=DIRECTION('',(0,0,-1));
#8621=DIRECTION('',(1,0,0));
#8622=DIRECTION('',(-0.11080435117600498,0,0.99384223886916));
#8623=FACE_SURFACE('',(#8628),#8624,.T.);
#8624=PLANE('',#8625);
#8625=AXIS2_PLACEMENT_3D('',#250,#8626,#8627);
#8626=DIRECTION('',(0.20791375215372876,-0.9781471625810494,0));
#8627=DIRECTION('',(0.1083860283111346,0.023038400242091406,-0.9938418893270816));
#8628=FACE_BOUND('',#8629,.T.);
#8629=EDGE_LOOP('',(#8630,#8631,#8632));
#8630=ORIENTED_EDGE('',*,*,#8633,.T.);
#8631=ORIENTED_EDGE('',*,*,#8634,.T.);
#8632=ORIENTED_EDGE('',*,*,#8635,.T.);
#8633=EDGE_CURVE('',#251,#331,#8636,.F.);
#8634=EDGE_CURVE('',#331,#247,#8637,.T.);
#8635=EDGE_CURVE('',#247,#251,#8638,.T.);
#8636=LINE('',#250,#8639);
#8637=LINE('',#330,#8640);
#8638=LINE('',#246,#8641);
#8639=VECTOR('',#8642,1.0);
#8640=VECTOR('',#8643,1.0);
#8641=VECTOR('',#8644,1.0);
#8642=DIRECTION('',(0.1083860283111346,0.023038400242091406,-0.9938418893270816));
#8643=DIRECTION('',(0,0,1));
#8644=DIRECTION('',(-0.9781471625810494,-0.20791375215372876,0));
#8645=FACE_SURFACE('',(#8650),#8646,.T.);
#8646=PLANE('',#8647);
#8647=AXIS2_PLACEMENT_3D('',#336,#8648,#8649);
#8648=DIRECTION('',(-0.8090295115456604,-0.587768023499229,0));
#8649=DIRECTION('',(-0.06513187251915376,0.0896503465712852,0.9938413628652196));
#8650=FACE_BOUND('',#8651,.T.);
#8651=EDGE_LOOP('',(#8652,#8653,#8654));
#8652=ORIENTED_EDGE('',*,*,#8655,.T.);
#8653=ORIENTED_EDGE('',*,*,#8656,.T.);
#8654=ORIENTED_EDGE('',*,*,#8657,.T.);
#8655=EDGE_CURVE('',#337,#249,#8658,.F.);
#8656=EDGE_CURVE('',#249,#333,#8659,.T.);
#8657=EDGE_CURVE('',#333,#337,#8660,.T.);
#8658=LINE('',#336,#8661);
#8659=LINE('',#248,#8662);
#8660=LINE('',#332,#8663);
#8661=VECTOR('',#8664,1.0);
#8662=VECTOR('',#8665,1.0);
#8663=VECTOR('',#8666,1.0);
#8664=DIRECTION('',(-0.06513187251915376,0.0896503465712852,0.9938413628652196));
#8665=DIRECTION('',(0,0,-1));
#8666=DIRECTION('',(0.587768023499229,-0.8090295115456604,0));
#8667=FACE_SURFACE('',(#8672),#8668,.T.);
#8668=PLANE('',#8669);
#8669=AXIS2_PLACEMENT_3D('',#336,#8670,#8671);
#8670=DIRECTION('',(-0.8090295115456604,-0.587768023499229,0));
#8671=DIRECTION('',(0,0,1));
#8672=FACE_BOUND('',#8673,.T.);
#8673=EDGE_LOOP('',(#8674,#8675,#8676));
#8674=ORIENTED_EDGE('',*,*,#8677,.T.);
#8675=ORIENTED_EDGE('',*,*,#8678,.T.);
#8676=ORIENTED_EDGE('',*,*,#8679,.T.);
#8677=EDGE_CURVE('',#337,#253,#8680,.F.);
#8678=EDGE_CURVE('',#253,#249,#8681,.T.);
#8679=EDGE_CURVE('',#249,#337,#8682,.T.);
#8680=LINE('',#336,#8683);
#8681=LINE('',#252,#8684);
#8682=LINE('',#248,#8685);
#8683=VECTOR('',#8686,1.0);
#8684=VECTOR('',#8687,1.0);
#8685=VECTOR('',#8688,1.0);
#8686=DIRECTION('',(0,0,1));
#8687=DIRECTION('',(-0.587768023499229,0.8090295115456604,0));
#8688=DIRECTION('',(0.06513187251915376,-0.0896503465712852,-0.9938413628652196));
#8689=FACE_SURFACE('',(#8694),#8690,.T.);
#8690=PLANE('',#8691);
#8691=AXIS2_PLACEMENT_3D('',#330,#8692,#8693);
#8692=DIRECTION('',(0.20791375215372876,-0.9781471625810494,0));
#8693=DIRECTION('',(-0.1083860283111346,-0.023038400242091406,0.9938418893270816));
#8694=FACE_BOUND('',#8695,.T.);
#8695=EDGE_LOOP('',(#8696,#8697,#8698));
#8696=ORIENTED_EDGE('',*,*,#8699,.T.);
#8697=ORIENTED_EDGE('',*,*,#8700,.T.);
#8698=ORIENTED_EDGE('',*,*,#8701,.T.);
#8699=EDGE_CURVE('',#331,#251,#8702,.F.);
#8700=EDGE_CURVE('',#251,#335,#8703,.T.);
#8701=EDGE_CURVE('',#335,#331,#8704,.T.);
#8702=LINE('',#330,#8705);
#8703=LINE('',#250,#8706);
#8704=LINE('',#334,#8707);
#8705=VECTOR('',#8708,1.0);
#8706=VECTOR('',#8709,1.0);
#8707=VECTOR('',#8710,1.0);
#8708=DIRECTION('',(-0.1083860283111346,-0.023038400242091406,0.9938418893270816));
#8709=DIRECTION('',(0,0,-1));
#8710=DIRECTION('',(0.9781471625810494,0.20791375215372876,0));
#8711=FACE_SURFACE('',(#8716),#8712,.T.);
#8712=PLANE('',#8713);
#8713=AXIS2_PLACEMENT_3D('',#334,#8714,#8715);
#8714=DIRECTION('',(0.40673772582118234,-0.913544975572529,0));
#8715=DIRECTION('',(0,0,1));
#8716=FACE_BOUND('',#8717,.T.);
#8717=EDGE_LOOP('',(#8718,#8719,#8720));
#8718=ORIENTED_EDGE('',*,*,#8721,.T.);
#8719=ORIENTED_EDGE('',*,*,#8722,.T.);
#8720=ORIENTED_EDGE('',*,*,#8723,.T.);
#8721=EDGE_CURVE('',#335,#251,#8724,.F.);
#8722=EDGE_CURVE('',#251,#255,#8725,.T.);
#8723=EDGE_CURVE('',#255,#335,#8726,.T.);
#8724=LINE('',#334,#8727);
#8725=LINE('',#250,#8728);
#8726=LINE('',#254,#8729);
#8727=VECTOR('',#8730,1.0);
#8728=VECTOR('',#8731,1.0);
#8729=VECTOR('',#8732,1.0);
#8730=DIRECTION('',(0,0,1));
#8731=DIRECTION('',(-0.913544975572529,-0.40673772582118234,0));
#8732=DIRECTION('',(0.10122822402151148,0.045069852857132685,-0.9938418158967186));
#8733=FACE_SURFACE('',(#8738),#8734,.T.);
#8734=PLANE('',#8735);
#8735=AXIS2_PLACEMENT_3D('',#340,#8736,#8737);
#8736=DIRECTION('',(-0.9135555174009842,-0.4067140477365147,0));
#8737=DIRECTION('',(-0.045065826341809244,0.10122624121276005,0.9938422004453553));
#8738=FACE_BOUND('',#8739,.T.);
#8739=EDGE_LOOP('',(#8740,#8741,#8742));
#8740=ORIENTED_EDGE('',*,*,#8743,.T.);
#8741=ORIENTED_EDGE('',*,*,#8744,.T.);
#8742=ORIENTED_EDGE('',*,*,#8745,.T.);
#8743=EDGE_CURVE('',#341,#253,#8746,.F.);
#8744=EDGE_CURVE('',#253,#337,#8747,.T.);
#8745=EDGE_CURVE('',#337,#341,#8748,.T.);
#8746=LINE('',#340,#8749);
#8747=LINE('',#252,#8750);
#8748=LINE('',#336,#8751);
#8749=VECTOR('',#8752,1.0);
#8750=VECTOR('',#8753,1.0);
#8751=VECTOR('',#8754,1.0);
#8752=DIRECTION('',(-0.045065826341809244,0.10122624121276005,0.9938422004453553));
#8753=DIRECTION('',(0,0,-1));
#8754=DIRECTION('',(0.40671404773651476,-0.9135555174009843,0));
#8755=FACE_SURFACE('',(#8760),#8756,.T.);
#8756=PLANE('',#8757);
#8757=AXIS2_PLACEMENT_3D('',#340,#8758,#8759);
#8758=DIRECTION('',(-0.9135555174009842,-0.4067140477365147,0));
#8759=DIRECTION('',(0,0,1));
#8760=FACE_BOUND('',#8761,.T.);
#8761=EDGE_LOOP('',(#8762,#8763,#8764));
#8762=ORIENTED_EDGE('',*,*,#8765,.T.);
#8763=ORIENTED_EDGE('',*,*,#8766,.T.);
#8764=ORIENTED_EDGE('',*,*,#8767,.T.);
#8765=EDGE_CURVE('',#341,#257,#8768,.F.);
#8766=EDGE_CURVE('',#257,#253,#8769,.T.);
#8767=EDGE_CURVE('',#253,#341,#8770,.T.);
#8768=LINE('',#340,#8771);
#8769=LINE('',#256,#8772);
#8770=LINE('',#252,#8773);
#8771=VECTOR('',#8774,1.0);
#8772=VECTOR('',#8775,1.0);
#8773=VECTOR('',#8776,1.0);
#8774=DIRECTION('',(0,0,1));
#8775=DIRECTION('',(-0.40671404773651476,0.9135555174009843,0));
#8776=DIRECTION('',(0.045065826341809244,-0.10122624121276005,-0.9938422004453553));
#8777=FACE_SURFACE('',(#8782),#8778,.T.);
#8778=PLANE('',#8779);
#8779=AXIS2_PLACEMENT_3D('',#334,#8780,#8781);
#8780=DIRECTION('',(0.40673772582118234,-0.913544975572529,0));
#8781=DIRECTION('',(-0.10122822402151148,-0.045069852857132685,0.9938418158967186));
#8782=FACE_BOUND('',#8783,.T.);
#8783=EDGE_LOOP('',(#8784,#8785,#8786));
#8784=ORIENTED_EDGE('',*,*,#8787,.T.);
#8785=ORIENTED_EDGE('',*,*,#8788,.T.);
#8786=ORIENTED_EDGE('',*,*,#8789,.T.);
#8787=EDGE_CURVE('',#335,#255,#8790,.F.);
#8788=EDGE_CURVE('',#255,#339,#8791,.T.);
#8789=EDGE_CURVE('',#339,#335,#8792,.T.);
#8790=LINE('',#334,#8793);
#8791=LINE('',#254,#8794);
#8792=LINE('',#338,#8795);
#8793=VECTOR('',#8796,1.0);
#8794=VECTOR('',#8797,1.0);
#8795=VECTOR('',#8798,1.0);
#8796=DIRECTION('',(-0.10122822402151148,-0.045069852857132685,0.9938418158967186));
#8797=DIRECTION('',(0,0,-1));
#8798=DIRECTION('',(0.913544975572529,0.40673772582118234,0));
#8799=FACE_SURFACE('',(#8804),#8800,.T.);
#8800=PLANE('',#8801);
#8801=AXIS2_PLACEMENT_3D('',#338,#8802,#8803);
#8802=DIRECTION('',(0.5877506703164386,-0.8090421185220069,0));
#8803=DIRECTION('',(0,0,1));
#8804=FACE_BOUND('',#8805,.T.);
#8805=EDGE_LOOP('',(#8806,#8807,#8808));
#8806=ORIENTED_EDGE('',*,*,#8809,.T.);
#8807=ORIENTED_EDGE('',*,*,#8810,.T.);
#8808=ORIENTED_EDGE('',*,*,#8811,.T.);
#8809=EDGE_CURVE('',#339,#255,#8812,.F.);
#8810=EDGE_CURVE('',#255,#259,#8813,.T.);
#8811=EDGE_CURVE('',#259,#339,#8814,.T.);
#8812=LINE('',#338,#8815);
#8813=LINE('',#254,#8816);
#8814=LINE('',#258,#8817);
#8815=VECTOR('',#8818,1.0);
#8816=VECTOR('',#8819,1.0);
#8817=VECTOR('',#8820,1.0);
#8818=DIRECTION('',(0,0,1));
#8819=DIRECTION('',(-0.8090421185220069,-0.5877506703164386,0));
#8820=DIRECTION('',(0.089654358017982,0.06513184890562101,-0.9938410025484553));
#8821=FACE_SURFACE('',(#8826),#8822,.T.);
#8822=PLANE('',#8823);
#8823=AXIS2_PLACEMENT_3D('',#314,#8824,#8825);
#8824=DIRECTION('',(-0.9781428959003713,-0.20793382408746142,0));
#8825=DIRECTION('',(-0.023042421848029435,0.10839401109417006,0.9938409254776612));
#8826=FACE_BOUND('',#8827,.T.);
#8827=EDGE_LOOP('',(#8828,#8829,#8830));
#8828=ORIENTED_EDGE('',*,*,#8831,.T.);
#8829=ORIENTED_EDGE('',*,*,#8832,.T.);
#8830=ORIENTED_EDGE('',*,*,#8833,.T.);
#8831=EDGE_CURVE('',#315,#257,#8834,.F.);
#8832=EDGE_CURVE('',#257,#341,#8835,.T.);
#8833=EDGE_CURVE('',#341,#315,#8836,.T.);
#8834=LINE('',#314,#8837);
#8835=LINE('',#256,#8838);
#8836=LINE('',#340,#8839);
#8837=VECTOR('',#8840,1.0);
#8838=VECTOR('',#8841,1.0);
#8839=VECTOR('',#8842,1.0);
#8840=DIRECTION('',(-0.023042421848029435,0.10839401109417006,0.9938409254776612));
#8841=DIRECTION('',(0,0,-1));
#8842=DIRECTION('',(0.20793382408746142,-0.9781428959003713,0));
#8843=FACE_SURFACE('',(#8848),#8844,.T.);
#8844=PLANE('',#8845);
#8845=AXIS2_PLACEMENT_3D('',#338,#8846,#8847);
#8846=DIRECTION('',(0.5877506703164386,-0.8090421185220069,0));
#8847=DIRECTION('',(-0.089654358017982,-0.06513184890562101,0.9938410025484553));
#8848=FACE_BOUND('',#8849,.T.);
#8849=EDGE_LOOP('',(#8850,#8851,#8852));
#8850=ORIENTED_EDGE('',*,*,#8853,.T.);
#8851=ORIENTED_EDGE('',*,*,#8854,.T.);
#8852=ORIENTED_EDGE('',*,*,#8855,.T.);
#8853=EDGE_CURVE('',#339,#259,#8856,.F.);
#8854=EDGE_CURVE('',#259,#343,#8857,.T.);
#8855=EDGE_CURVE('',#343,#339,#8858,.T.);
#8856=LINE('',#338,#8859);
#8857=LINE('',#258,#8860);
#8858=LINE('',#342,#8861);
#8859=VECTOR('',#8862,1.0);
#8860=VECTOR('',#8863,1.0);
#8861=VECTOR('',#8864,1.0);
#8862=DIRECTION('',(-0.089654358017982,-0.06513184890562101,0.9938410025484553));
#8863=DIRECTION('',(0,0,-1));
#8864=DIRECTION('',(0.8090421185220069,0.5877506703164386,0));
#8865=FACE_SURFACE('',(#8870),#8866,.T.);
#8866=PLANE('',#8867);
#8867=AXIS2_PLACEMENT_3D('',#342,#8868,#8869);
#8868=DIRECTION('',(0.7431253634934694,-0.6691522204496515,0));
#8869=DIRECTION('',(0,0,1));
#8870=FACE_BOUND('',#8871,.T.);
#8871=EDGE_LOOP('',(#8872,#8873,#8874));
#8872=ORIENTED_EDGE('',*,*,#8875,.T.);
#8873=ORIENTED_EDGE('',*,*,#8876,.T.);
#8874=ORIENTED_EDGE('',*,*,#8877,.T.);
#8875=EDGE_CURVE('',#343,#259,#8878,.F.);
#8876=EDGE_CURVE('',#259,#261,#8879,.T.);
#8877=EDGE_CURVE('',#261,#343,#8880,.T.);
#8878=LINE('',#342,#8881);
#8879=LINE('',#258,#8882);
#8880=LINE('',#260,#8883);
#8881=VECTOR('',#8884,1.0);
#8882=VECTOR('',#8885,1.0);
#8883=VECTOR('',#8886,1.0);
#8884=DIRECTION('',(0,0,1));
#8885=DIRECTION('',(-0.6691522204496516,-0.7431253634934694,0));
#8886=DIRECTION('',(0.07414988725670046,0.08234697612391971,-0.9938414208227917));
#8887=FACE_SURFACE('',(#8892),#8888,.T.);
#8888=PLANE('',#8889);
#8889=AXIS2_PLACEMENT_3D('',#350,#8890,#8891);
#8890=DIRECTION('',(0.5877745557829918,-0.8090247657359488,0));
#8891=DIRECTION('',(-0.08965433440320579,-0.06513587569835072,0.9938407407727494));
#8892=FACE_BOUND('',#8893,.T.);
#8893=EDGE_LOOP('',(#8894,#8895,#8896));
#8894=ORIENTED_EDGE('',*,*,#8897,.T.);
#8895=ORIENTED_EDGE('',*,*,#8898,.T.);
#8896=ORIENTED_EDGE('',*,*,#8899,.T.);
#8897=EDGE_CURVE('',#351,#265,#8900,.F.);
#8898=EDGE_CURVE('',#265,#263,#8901,.T.);
#8899=EDGE_CURVE('',#263,#351,#8902,.T.);
#8900=LINE('',#350,#8903);
#8901=LINE('',#264,#8904);
#8902=LINE('',#262,#8905);
#8903=VECTOR('',#8906,1.0);
#8904=VECTOR('',#8907,1.0);
#8905=VECTOR('',#8908,1.0);
#8906=DIRECTION('',(-0.08965433440320579,-0.06513587569835072,0.9938407407727494));
#8907=DIRECTION('',(0,0,-1));
#8908=DIRECTION('',(0.8090247657359487,0.5877745557829918,0));
#8909=FACE_SURFACE('',(#8914),#8910,.T.);
#8910=PLANE('',#8911);
#8911=AXIS2_PLACEMENT_3D('',#350,#8912,#8913);
#8912=DIRECTION('',(0.5877745557829918,-0.8090247657359488,0));
#8913=DIRECTION('',(0,0,1));
#8914=FACE_BOUND('',#8915,.T.);
#8915=EDGE_LOOP('',(#8916,#8917,#8918));
#8916=ORIENTED_EDGE('',*,*,#8919,.T.);
#8917=ORIENTED_EDGE('',*,*,#8920,.T.);
#8918=ORIENTED_EDGE('',*,*,#8921,.T.);
#8919=EDGE_CURVE('',#351,#273,#8922,.F.);
#8920=EDGE_CURVE('',#273,#265,#8923,.T.);
#8921=EDGE_CURVE('',#265,#351,#8924,.T.);
#8922=LINE('',#350,#8925);
#8923=LINE('',#272,#8926);
#8924=LINE('',#264,#8927);
#8925=VECTOR('',#8928,1.0);
#8926=VECTOR('',#8929,1.0);
#8927=VECTOR('',#8930,1.0);
#8928=DIRECTION('',(0,0,1));
#8929=DIRECTION('',(-0.8090247657359487,-0.5877745557829918,0));
#8930=DIRECTION('',(0.08965433440320579,0.06513587569835072,-0.9938407407727494));
#8931=FACE_SURFACE('',(#8936),#8932,.T.);
#8932=PLANE('',#8933);
#8933=AXIS2_PLACEMENT_3D('',#464,#8934,#8935);
#8934=DIRECTION('',(-0.2078840680599466,0.9781534717245794,0));
#8935=DIRECTION('',(-0.10840201405523812,-0.02303835984752263,-0.9938401467662211));
#8936=FACE_BOUND('',#8937,.T.);
#8937=EDGE_LOOP('',(#8938,#8939,#8940));
#8938=ORIENTED_EDGE('',*,*,#8941,.T.);
#8939=ORIENTED_EDGE('',*,*,#8942,.T.);
#8940=ORIENTED_EDGE('',*,*,#8943,.T.);
#8941=EDGE_CURVE('',#465,#345,#8944,.F.);
#8942=EDGE_CURVE('',#345,#267,#8945,.T.);
#8943=EDGE_CURVE('',#267,#465,#8946,.T.);
#8944=LINE('',#464,#8947);
#8945=LINE('',#344,#8948);
#8946=LINE('',#266,#8949);
#8947=VECTOR('',#8950,1.0);
#8948=VECTOR('',#8951,1.0);
#8949=VECTOR('',#8952,1.0);
#8950=DIRECTION('',(-0.10840201405523812,-0.02303835984752263,-0.9938401467662211));
#8951=DIRECTION('',(0,0,1));
#8952=DIRECTION('',(0.9781534717245793,0.2078840680599466,0));
#8953=FACE_SURFACE('',(#8958),#8954,.T.);
#8954=PLANE('',#8955);
#8955=AXIS2_PLACEMENT_3D('',#466,#8956,#8957);
#8956=DIRECTION('',(0,0,1));
#8957=DIRECTION('',(-0.9929349044746537,0.11866033657423275,0));
#8958=FACE_BOUND('',#8959,.T.);
#8959=EDGE_LOOP('',(#8960,#8961,#8962));
#8960=ORIENTED_EDGE('',*,*,#8963,.T.);
#8961=ORIENTED_EDGE('',*,*,#8964,.T.);
#8962=ORIENTED_EDGE('',*,*,#8965,.T.);
#8963=EDGE_CURVE('',#467,#465,#8966,.F.);
#8964=EDGE_CURVE('',#465,#267,#8967,.T.);
#8965=EDGE_CURVE('',#267,#467,#8968,.T.);
#8966=LINE('',#466,#8969);
#8967=LINE('',#464,#8970);
#8968=LINE('',#266,#8971);
#8969=VECTOR('',#8972,1.0);
#8970=VECTOR('',#8973,1.0);
#8971=VECTOR('',#8974,1.0);
#8972=DIRECTION('',(-0.9929349044746537,0.11866033657423275,0));
#8973=DIRECTION('',(-0.9781534717245793,-0.2078840680599466,0));
#8974=DIRECTION('',(0.9950550425745377,-0.09932503333493073,0));
#8975=FACE_SURFACE('',(#8980),#8976,.T.);
#8976=PLANE('',#8977);
#8977=AXIS2_PLACEMENT_3D('',#468,#8978,#8979);
#8978=DIRECTION('',(0,-0,1));
#8979=DIRECTION('',(0,1,0));
#8980=FACE_BOUND('',#8981,.T.);
#8981=EDGE_LOOP('',(#8982,#8983,#8984));
#8982=ORIENTED_EDGE('',*,*,#8985,.T.);
#8983=ORIENTED_EDGE('',*,*,#8986,.T.);
#8984=ORIENTED_EDGE('',*,*,#8987,.T.);
#8985=EDGE_CURVE('',#469,#267,#8988,.F.);
#8986=EDGE_CURVE('',#267,#269,#8989,.T.);
#8987=EDGE_CURVE('',#269,#469,#8990,.T.);
#8988=LINE('',#468,#8991);
#8989=LINE('',#266,#8992);
#8990=LINE('',#268,#8993);
#8991=VECTOR('',#8994,1.0);
#8992=VECTOR('',#8995,1.0);
#8993=VECTOR('',#8996,1.0);
#8994=DIRECTION('',(0,1,0));
#8995=DIRECTION('',(-0.026086059781257283,-0.9996597008407854,0));
#8996=DIRECTION('',(1,0,0));
#8997=FACE_SURFACE('',(#9002),#8998,.T.);
#8998=PLANE('',#8999);
#8999=AXIS2_PLACEMENT_3D('',#468,#9000,#9001);
#9000=DIRECTION('',(0,0,1));
#9001=DIRECTION('',(0.4103066406835513,0.9119476194447679,0));
#9002=FACE_BOUND('',#9003,.T.);
#9003=EDGE_LOOP('',(#9004,#9005,#9006));
#9004=ORIENTED_EDGE('',*,*,#9007,.T.);
#9005=ORIENTED_EDGE('',*,*,#9008,.T.);
#9006=ORIENTED_EDGE('',*,*,#9009,.T.);
#9007=EDGE_CURVE('',#469,#467,#9010,.F.);
#9008=EDGE_CURVE('',#467,#267,#9011,.T.);
#9009=EDGE_CURVE('',#267,#469,#9012,.T.);
#9010=LINE('',#468,#9013);
#9011=LINE('',#466,#9014);
#9012=LINE('',#266,#9015);
#9013=VECTOR('',#9016,1.0);
#9014=VECTOR('',#9017,1.0);
#9015=VECTOR('',#9018,1.0);
#9016=DIRECTION('',(0.4103066406835513,0.9119476194447679,0));
#9017=DIRECTION('',(-0.9950550425745377,0.09932503333493073,0));
#9018=DIRECTION('',(0,-1,0));
#9019=FACE_SURFACE('',(#9024),#9020,.T.);
#9020=PLANE('',#9021);
#9021=AXIS2_PLACEMENT_3D('',#268,#9022,#9023);
#9022=DIRECTION('',(0,-1,0));
#9023=DIRECTION('',(0,0,-1));
#9024=FACE_BOUND('',#9025,.T.);
#9025=EDGE_LOOP('',(#9026,#9027,#9028));
#9026=ORIENTED_EDGE('',*,*,#9029,.T.);
#9027=ORIENTED_EDGE('',*,*,#9030,.T.);
#9028=ORIENTED_EDGE('',*,*,#9031,.T.);
#9029=EDGE_CURVE('',#269,#347,#9032,.F.);
#9030=EDGE_CURVE('',#347,#471,#9033,.T.);
#9031=EDGE_CURVE('',#471,#269,#9034,.T.);
#9032=LINE('',#268,#9035);
#9033=LINE('',#346,#9036);
#9034=LINE('',#470,#9037);
#9035=VECTOR('',#9038,1.0);
#9036=VECTOR('',#9039,1.0);
#9037=VECTOR('',#9040,1.0);
#9038=DIRECTION('',(0,0,-1));
#9039=DIRECTION('',(1,0,0));
#9040=DIRECTION('',(-0.11080435117600498,0,0.99384223886916));
#9041=FACE_SURFACE('',(#9046),#9042,.T.);
#9042=PLANE('',#9043);
#9043=AXIS2_PLACEMENT_3D('',#268,#9044,#9045);
#9044=DIRECTION('',(0,-1,0));
#9045=DIRECTION('',(0.11080435117600498,0,-0.99384223886916));
#9046=FACE_BOUND('',#9047,.T.);
#9047=EDGE_LOOP('',(#9048,#9049,#9050));
#9048=ORIENTED_EDGE('',*,*,#9051,.T.);
#9049=ORIENTED_EDGE('',*,*,#9052,.T.);
#9050=ORIENTED_EDGE('',*,*,#9053,.T.);
#9051=EDGE_CURVE('',#269,#471,#9054,.F.);
#9052=EDGE_CURVE('',#471,#469,#9055,.T.);
#9053=EDGE_CURVE('',#469,#269,#9056,.T.);
#9054=LINE('',#268,#9057);
#9055=LINE('',#470,#9058);
#9056=LINE('',#468,#9059);
#9057=VECTOR('',#9060,1.0);
#9058=VECTOR('',#9061,1.0);
#9059=VECTOR('',#9062,1.0);
#9060=DIRECTION('',(0.11080435117600498,0,-0.99384223886916));
#9061=DIRECTION('',(0,0,1));
#9062=DIRECTION('',(-1,0,0));
#9063=FACE_SURFACE('',(#9068),#9064,.T.);
#9064=PLANE('',#9065);
#9065=AXIS2_PLACEMENT_3D('',#270,#9066,#9067);
#9066=DIRECTION('',(0.2079486694374834,-0.9781397399549719,0));
#9067=DIRECTION('',(0.10838601821233454,0.02304244204812634,-0.9938417967264882));
#9068=FACE_BOUND('',#9069,.T.);
#9069=EDGE_LOOP('',(#9070,#9071,#9072));
#9070=ORIENTED_EDGE('',*,*,#9073,.T.);
#9071=ORIENTED_EDGE('',*,*,#9074,.T.);
#9072=ORIENTED_EDGE('',*,*,#9075,.T.);
#9073=EDGE_CURVE('',#271,#347,#9076,.F.);
#9074=EDGE_CURVE('',#347,#269,#9077,.T.);
#9075=EDGE_CURVE('',#269,#271,#9078,.T.);
#9076=LINE('',#270,#9079);
#9077=LINE('',#346,#9080);
#9078=LINE('',#268,#9081);
#9079=VECTOR('',#9082,1.0);
#9080=VECTOR('',#9083,1.0);
#9081=VECTOR('',#9084,1.0);
#9082=DIRECTION('',(0.10838601821233454,0.02304244204812634,-0.9938417967264882));
#9083=DIRECTION('',(0,0,1));
#9084=DIRECTION('',(-0.978139739954972,-0.2079486694374834,0));
#9085=FACE_SURFACE('',(#9090),#9086,.T.);
#9086=PLANE('',#9087);
#9087=AXIS2_PLACEMENT_3D('',#346,#9088,#9089);
#9088=DIRECTION('',(0.2079486694374834,-0.9781397399549719,0));
#9089=DIRECTION('',(-0.10838601821233454,-0.02304244204812634,0.9938417967264882));
#9090=FACE_BOUND('',#9091,.T.);
#9091=EDGE_LOOP('',(#9092,#9093,#9094));
#9092=ORIENTED_EDGE('',*,*,#9095,.T.);
#9093=ORIENTED_EDGE('',*,*,#9096,.T.);
#9094=ORIENTED_EDGE('',*,*,#9097,.T.);
#9095=EDGE_CURVE('',#347,#271,#9098,.F.);
#9096=EDGE_CURVE('',#271,#349,#9099,.T.);
#9097=EDGE_CURVE('',#349,#347,#9100,.T.);
#9098=LINE('',#346,#9101);
#9099=LINE('',#270,#9102);
#9100=LINE('',#348,#9103);
#9101=VECTOR('',#9104,1.0);
#9102=VECTOR('',#9105,1.0);
#9103=VECTOR('',#9106,1.0);
#9104=DIRECTION('',(-0.10838601821233454,-0.02304244204812634,0.9938417967264882));
#9105=DIRECTION('',(0,0,-1));
#9106=DIRECTION('',(0.978139739954972,0.2079486694374834,0));
#9107=FACE_SURFACE('',(#9112),#9108,.T.);
#9108=PLANE('',#9109);
#9109=AXIS2_PLACEMENT_3D('',#348,#9110,#9111);
#9110=DIRECTION('',(0.4067072676432274,-0.9135585358619228,0));
#9111=DIRECTION('',(0,0,1));
#9112=FACE_BOUND('',#9113,.T.);
#9113=EDGE_LOOP('',(#9114,#9115,#9116));
#9114=ORIENTED_EDGE('',*,*,#9117,.T.);
#9115=ORIENTED_EDGE('',*,*,#9118,.T.);
#9116=ORIENTED_EDGE('',*,*,#9119,.T.);
#9117=EDGE_CURVE('',#349,#271,#9120,.F.);
#9118=EDGE_CURVE('',#271,#273,#9121,.T.);
#9119=EDGE_CURVE('',#273,#349,#9122,.T.);
#9120=LINE('',#348,#9123);
#9121=LINE('',#270,#9124);
#9122=LINE('',#272,#9125);
#9123=VECTOR('',#9126,1.0);
#9124=VECTOR('',#9127,1.0);
#9125=VECTOR('',#9128,1.0);
#9126=DIRECTION('',(0,0,1));
#9127=DIRECTION('',(-0.9135585358619229,-0.4067072676432274,0));
#9128=DIRECTION('',(0.10122824247058067,0.045065817117775284,-0.9938419970266021));
#9129=FACE_SURFACE('',(#9134),#9130,.T.);
#9130=PLANE('',#9131);
#9131=AXIS2_PLACEMENT_3D('',#348,#9132,#9133);
#9132=DIRECTION('',(0.4067072676432274,-0.9135585358619228,0));
#9133=DIRECTION('',(-0.10122824247058067,-0.045065817117775284,0.9938419970266021));
#9134=FACE_BOUND('',#9135,.T.);
#9135=EDGE_LOOP('',(#9136,#9137,#9138));
#9136=ORIENTED_EDGE('',*,*,#9139,.T.);
#9137=ORIENTED_EDGE('',*,*,#9140,.T.);
#9138=ORIENTED_EDGE('',*,*,#9141,.T.);
#9139=EDGE_CURVE('',#349,#273,#9142,.F.);
#9140=EDGE_CURVE('',#273,#351,#9143,.T.);
#9141=EDGE_CURVE('',#351,#349,#9144,.T.);
#9142=LINE('',#348,#9145);
#9143=LINE('',#272,#9146);
#9144=LINE('',#350,#9147);
#9145=VECTOR('',#9148,1.0);
#9146=VECTOR('',#9149,1.0);
#9147=VECTOR('',#9150,1.0);
#9148=DIRECTION('',(-0.10122824247058067,-0.045065817117775284,0.9938419970266021));
#9149=DIRECTION('',(0,0,-1));
#9150=DIRECTION('',(0.9135585358619229,0.4067072676432274,0));
#9151=FACE_SURFACE('',(#9156),#9152,.T.);
#9152=PLANE('',#9153);
#9153=AXIS2_PLACEMENT_3D('',#276,#9154,#9155);
#9154=DIRECTION('',(0.3302791960364958,-0.9438832833912708,0));
#9155=DIRECTION('',(-0.10502410849998116,-0.03674954173909706,0.9937904244938923));
#9156=FACE_BOUND('',#9157,.T.);
#9157=EDGE_LOOP('',(#9158,#9159,#9160));
#9158=ORIENTED_EDGE('',*,*,#9161,.T.);
#9159=ORIENTED_EDGE('',*,*,#9162,.T.);
#9160=ORIENTED_EDGE('',*,*,#9163,.T.);
#9161=EDGE_CURVE('',#277,#357,#9164,.F.);
#9162=EDGE_CURVE('',#357,#473,#9165,.T.);
#9163=EDGE_CURVE('',#473,#277,#9166,.T.);
#9164=LINE('',#276,#9167);
#9165=LINE('',#356,#9168);
#9166=LINE('',#472,#9169);
#9167=VECTOR('',#9170,1.0);
#9168=VECTOR('',#9171,1.0);
#9169=VECTOR('',#9172,1.0);
#9170=DIRECTION('',(-0.10502410849998116,-0.03674954173909706,0.9937904244938923));
#9171=DIRECTION('',(0,0,-1));
#9172=DIRECTION('',(0.9438832833912708,0.3302791960364958,0));
#9173=FACE_SURFACE('',(#9178),#9174,.T.);
#9174=PLANE('',#9175);
#9175=AXIS2_PLACEMENT_3D('',#472,#9176,#9177);
#9176=DIRECTION('',(0,0,-1));
#9177=DIRECTION('',(-0.9999642658971932,0.008453811488749305,0));
#9178=FACE_BOUND('',#9179,.T.);
#9179=EDGE_LOOP('',(#9180,#9181,#9182));
#9180=ORIENTED_EDGE('',*,*,#9183,.T.);
#9181=ORIENTED_EDGE('',*,*,#9184,.T.);
#9182=ORIENTED_EDGE('',*,*,#9185,.T.);
#9183=EDGE_CURVE('',#473,#281,#9186,.F.);
#9184=EDGE_CURVE('',#281,#277,#9187,.T.);
#9185=EDGE_CURVE('',#277,#473,#9188,.T.);
#9186=LINE('',#472,#9189);
#9187=LINE('',#280,#9190);
#9188=LINE('',#276,#9191);
#9189=VECTOR('',#9192,1.0);
#9190=VECTOR('',#9193,1.0);
#9191=VECTOR('',#9194,1.0);
#9192=DIRECTION('',(-0.9999642658971932,0.008453811488749305,0));
#9193=DIRECTION('',(0.9999870208917896,0.0050949041172036235,0));
#9194=DIRECTION('',(-0.9438832833912708,-0.3302791960364958,0));
#9195=FACE_SURFACE('',(#9200),#9196,.T.);
#9196=PLANE('',#9197);
#9197=AXIS2_PLACEMENT_3D('',#358,#9198,#9199);
#9198=DIRECTION('',(0.9781397399549719,-0.2079486694374834,0));
#9199=DIRECTION('',(0,0,-1));
#9200=FACE_BOUND('',#9201,.T.);
#9201=EDGE_LOOP('',(#9202,#9203,#9204));
#9202=ORIENTED_EDGE('',*,*,#9205,.T.);
#9203=ORIENTED_EDGE('',*,*,#9206,.T.);
#9204=ORIENTED_EDGE('',*,*,#9207,.T.);
#9205=EDGE_CURVE('',#359,#475,#9208,.F.);
#9206=EDGE_CURVE('',#475,#279,#9209,.T.);
#9207=EDGE_CURVE('',#279,#359,#9210,.T.);
#9208=LINE('',#358,#9211);
#9209=LINE('',#474,#9212);
#9210=LINE('',#278,#9213);
#9211=VECTOR('',#9214,1.0);
#9212=VECTOR('',#9215,1.0);
#9213=VECTOR('',#9216,1.0);
#9214=DIRECTION('',(0,0,-1));
#9215=DIRECTION('',(0.2079486694374834,0.978139739954972,0));
#9216=DIRECTION('',(-0.02304244204812634,-0.10838601821233454,0.9938417967264882));
#9217=FACE_SURFACE('',(#9222),#9218,.T.);
#9218=PLANE('',#9219);
#9219=AXIS2_PLACEMENT_3D('',#352,#9220,#9221);
#9220=DIRECTION('',(0,0,-1));
#9221=DIRECTION('',(0.999999141527219,-0.0013103224126273549,0));
#9222=FACE_BOUND('',#9223,.T.);
#9223=EDGE_LOOP('',(#9224,#9225,#9226));
#9224=ORIENTED_EDGE('',*,*,#9227,.T.);
#9225=ORIENTED_EDGE('',*,*,#9228,.T.);
#9226=ORIENTED_EDGE('',*,*,#9229,.T.);
#9227=EDGE_CURVE('',#353,#279,#9230,.F.);
#9228=EDGE_CURVE('',#279,#475,#9231,.T.);
#9229=EDGE_CURVE('',#475,#353,#9232,.T.);
#9230=LINE('',#352,#9233);
#9231=LINE('',#278,#9234);
#9232=LINE('',#474,#9235);
#9233=VECTOR('',#9236,1.0);
#9234=VECTOR('',#9237,1.0);
#9235=VECTOR('',#9238,1.0);
#9236=DIRECTION('',(0.999999141527219,-0.0013103224126273549,0));
#9237=DIRECTION('',(-0.2079486694374834,-0.978139739954972,0));
#9238=DIRECTION('',(-0.9998663417328876,0.016349271228171414,0));
#9239=FACE_SURFACE('',(#9244),#9240,.T.);
#9240=PLANE('',#9241);
#9241=AXIS2_PLACEMENT_3D('',#476,#9242,#9243);
#9242=DIRECTION('',(-0.923863991205589,-0.3827209502413991,0));
#9243=DIRECTION('',(0,0,1));
#9244=FACE_BOUND('',#9245,.T.);
#9245=EDGE_LOOP('',(#9246,#9247,#9248));
#9246=ORIENTED_EDGE('',*,*,#9249,.T.);
#9247=ORIENTED_EDGE('',*,*,#9250,.T.);
#9248=ORIENTED_EDGE('',*,*,#9251,.T.);
#9249=EDGE_CURVE('',#477,#361,#9252,.F.);
#9250=EDGE_CURVE('',#361,#281,#9253,.T.);
#9251=EDGE_CURVE('',#281,#477,#9254,.T.);
#9252=LINE('',#476,#9255);
#9253=LINE('',#360,#9256);
#9254=LINE('',#280,#9257);
#9255=VECTOR('',#9258,1.0);
#9256=VECTOR('',#9259,1.0);
#9257=VECTOR('',#9260,1.0);
#9258=DIRECTION('',(0,0,1));
#9259=DIRECTION('',(-0.07031553765375072,0.1697372281804448,-0.9829776185316141));
#9260=DIRECTION('',(0.3827209502413991,-0.923863991205589,0));
#9261=FACE_SURFACE('',(#9266),#9262,.T.);
#9262=PLANE('',#9263);
#9263=AXIS2_PLACEMENT_3D('',#472,#9264,#9265);
#9264=DIRECTION('',(-0,0,-1));
#9265=DIRECTION('',(-0.9983639653224988,-0.057178603913846375,0));
#9266=FACE_BOUND('',#9267,.T.);
#9267=EDGE_LOOP('',(#9268,#9269,#9270));
#9268=ORIENTED_EDGE('',*,*,#9271,.T.);
#9269=ORIENTED_EDGE('',*,*,#9272,.T.);
#9270=ORIENTED_EDGE('',*,*,#9273,.T.);
#9271=EDGE_CURVE('',#473,#477,#9274,.F.);
#9272=EDGE_CURVE('',#477,#281,#9275,.T.);
#9273=EDGE_CURVE('',#281,#473,#9276,.T.);
#9274=LINE('',#472,#9277);
#9275=LINE('',#476,#9278);
#9276=LINE('',#280,#9279);
#9277=VECTOR('',#9280,1.0);
#9278=VECTOR('',#9281,1.0);
#9279=VECTOR('',#9282,1.0);
#9280=DIRECTION('',(-0.9983639653224988,-0.057178603913846375,0));
#9281=DIRECTION('',(-0.3827209502413991,0.923863991205589,0));
#9282=DIRECTION('',(0.9999642658971932,-0.008453811488749305,0));
#9283=FACE_SURFACE('',(#9288),#9284,.T.);
#9284=PLANE('',#9285);
#9285=AXIS2_PLACEMENT_3D('',#478,#9286,#9287);
#9286=DIRECTION('',(0,0,-1));
#9287=DIRECTION('',(-0.11197026352266404,-0.9937115577906223,0));
#9288=FACE_BOUND('',#9289,.T.);
#9289=EDGE_LOOP('',(#9290,#9291,#9292));
#9290=ORIENTED_EDGE('',*,*,#9293,.T.);
#9291=ORIENTED_EDGE('',*,*,#9294,.T.);
#9292=ORIENTED_EDGE('',*,*,#9295,.T.);
#9293=EDGE_CURVE('',#479,#295,#9296,.F.);
#9294=EDGE_CURVE('',#295,#363,#9297,.T.);
#9295=EDGE_CURVE('',#363,#479,#9298,.T.);
#9296=LINE('',#478,#9299);
#9297=LINE('',#294,#9300);
#9298=LINE('',#362,#9301);
#9299=VECTOR('',#9302,1.0);
#9300=VECTOR('',#9303,1.0);
#9301=VECTOR('',#9304,1.0);
#9302=DIRECTION('',(-0.11197026352266404,-0.9937115577906223,0));
#9303=DIRECTION('',(0.056124734865762325,0.998423764809436,0));
#9304=DIRECTION('',(0.16746620516864216,0.9858778170373924,0));
#9305=FACE_SURFACE('',(#9310),#9306,.T.);
#9306=PLANE('',#9307);
#9307=AXIS2_PLACEMENT_3D('',#296,#9308,#9309);
#9308=DIRECTION('',(0,0,-1));
#9309=DIRECTION('',(-0.9851034324681867,-0.17196286616417175,0));
#9310=FACE_BOUND('',#9311,.T.);
#9311=EDGE_LOOP('',(#9312,#9313,#9314));
#9312=ORIENTED_EDGE('',*,*,#9315,.T.);
#9313=ORIENTED_EDGE('',*,*,#9316,.T.);
#9314=ORIENTED_EDGE('',*,*,#9317,.T.);
#9315=EDGE_CURVE('',#297,#295,#9318,.F.);
#9316=EDGE_CURVE('',#295,#479,#9319,.T.);
#9317=EDGE_CURVE('',#479,#297,#9320,.T.);
#9318=LINE('',#296,#9321);
#9319=LINE('',#294,#9322);
#9320=LINE('',#478,#9323);
#9321=VECTOR('',#9324,1.0);
#9322=VECTOR('',#9325,1.0);
#9323=VECTOR('',#9326,1.0);
#9324=DIRECTION('',(-0.9851034324681867,-0.17196286616417175,0));
#9325=DIRECTION('',(0.11197026352266404,0.9937115577906223,0));
#9326=DIRECTION('',(0.9986682401678229,0.051592112576475,0));
#9327=FACE_SURFACE('',(#9332),#9328,.T.);
#9328=PLANE('',#9329);
#9329=AXIS2_PLACEMENT_3D('',#296,#9330,#9331);
#9330=DIRECTION('',(-0.11195894242751063,0.9937128333731599,0));
#9331=DIRECTION('',(0.11058006776342923,0.012458757726143693,0.9937891265099235));
#9332=FACE_BOUND('',#9333,.T.);
#9333=EDGE_LOOP('',(#9334,#9335,#9336));
#9334=ORIENTED_EDGE('',*,*,#9337,.T.);
#9335=ORIENTED_EDGE('',*,*,#9338,.T.);
#9336=ORIENTED_EDGE('',*,*,#9339,.T.);
#9337=EDGE_CURVE('',#297,#373,#9340,.F.);
#9338=EDGE_CURVE('',#373,#481,#9341,.T.);
#9339=EDGE_CURVE('',#481,#297,#9342,.T.);
#9340=LINE('',#296,#9343);
#9341=LINE('',#372,#9344);
#9342=LINE('',#480,#9345);
#9343=VECTOR('',#9346,1.0);
#9344=VECTOR('',#9347,1.0);
#9345=VECTOR('',#9348,1.0);
#9346=DIRECTION('',(0.11058006776342923,0.012458757726143693,0.9937891265099235));
#9347=DIRECTION('',(0,0,-1));
#9348=DIRECTION('',(-0.9937128333731599,-0.11195894242751063,0));
#9349=FACE_SURFACE('',(#9354),#9350,.T.);
#9350=PLANE('',#9351);
#9351=AXIS2_PLACEMENT_3D('',#368,#9352,#9353);
#9352=DIRECTION('',(-0,-0,-1));
#9353=DIRECTION('',(0.9937110109939277,-0.1119751161170467,0));
#9354=FACE_BOUND('',#9355,.T.);
#9355=EDGE_LOOP('',(#9356,#9357,#9358));
#9356=ORIENTED_EDGE('',*,*,#9359,.T.);
#9357=ORIENTED_EDGE('',*,*,#9360,.T.);
#9358=ORIENTED_EDGE('',*,*,#9361,.T.);
#9359=EDGE_CURVE('',#369,#297,#9362,.F.);
#9360=EDGE_CURVE('',#297,#483,#9363,.T.);
#9361=EDGE_CURVE('',#483,#369,#9364,.T.);
#9362=LINE('',#368,#9365);
#9363=LINE('',#296,#9366);
#9364=LINE('',#482,#9367);
#9365=VECTOR('',#9368,1.0);
#9366=VECTOR('',#9369,1.0);
#9367=VECTOR('',#9370,1.0);
#9368=DIRECTION('',(0.9937110109939277,-0.1119751161170467,0));
#9369=DIRECTION('',(-0.9999575732125711,0.009211502311007397,0));
#9370=DIRECTION('',(0.9999870283072192,-0.005093448468083592,0));
#9371=FACE_SURFACE('',(#9376),#9372,.T.);
#9372=PLANE('',#9373);
#9373=AXIS2_PLACEMENT_3D('',#296,#9374,#9375);
#9374=DIRECTION('',(0,0,-1));
#9375=DIRECTION('',(0.9937128333731599,0.11195894242751063,0));
#9376=FACE_BOUND('',#9377,.T.);
#9377=EDGE_LOOP('',(#9378,#9379,#9380));
#9378=ORIENTED_EDGE('',*,*,#9381,.T.);
#9379=ORIENTED_EDGE('',*,*,#9382,.T.);
#9380=ORIENTED_EDGE('',*,*,#9383,.T.);
#9381=EDGE_CURVE('',#297,#481,#9384,.F.);
#9382=EDGE_CURVE('',#481,#299,#9385,.T.);
#9383=EDGE_CURVE('',#299,#297,#9386,.T.);
#9384=LINE('',#296,#9387);
#9385=LINE('',#480,#9388);
#9386=LINE('',#298,#9389);
#9387=VECTOR('',#9390,1.0);
#9388=VECTOR('',#9391,1.0);
#9389=VECTOR('',#9392,1.0);
#9390=DIRECTION('',(0.9937128333731599,0.11195894242751063,0));
#9391=DIRECTION('',(0.9999722332458354,-0.007452029075121658,0));
#9392=DIRECTION('',(-0.9999838740879633,0.005679046049153048,0));
#9393=FACE_SURFACE('',(#9398),#9394,.T.);
#9394=PLANE('',#9395);
#9395=AXIS2_PLACEMENT_3D('',#482,#9396,#9397);
#9396=DIRECTION('',(0,-0,-1));
#9397=DIRECTION('',(0.9999575732125711,-0.009211502311007397,0));
#9398=FACE_BOUND('',#9399,.T.);
#9399=EDGE_LOOP('',(#9400,#9401,#9402));
#9400=ORIENTED_EDGE('',*,*,#9403,.T.);
#9401=ORIENTED_EDGE('',*,*,#9404,.T.);
#9402=ORIENTED_EDGE('',*,*,#9405,.T.);
#9403=EDGE_CURVE('',#483,#297,#9406,.F.);
#9404=EDGE_CURVE('',#297,#479,#9407,.T.);
#9405=EDGE_CURVE('',#479,#483,#9408,.T.);
#9406=LINE('',#482,#9409);
#9407=LINE('',#296,#9410);
#9408=LINE('',#478,#9411);
#9409=VECTOR('',#9412,1.0);
#9410=VECTOR('',#9413,1.0);
#9411=VECTOR('',#9414,1.0);
#9412=DIRECTION('',(0.9999575732125711,-0.009211502311007397,0));
#9413=DIRECTION('',(-0.9986682401678229,-0.051592112576475,0));
#9414=DIRECTION('',(0.2768367428229405,0.9609169671845664,0));
#9415=FACE_SURFACE('',(#9420),#9416,.T.);
#9416=PLANE('',#9417);
#9417=AXIS2_PLACEMENT_3D('',#298,#9418,#9419);
#9418=DIRECTION('',(0,0,-1));
#9419=DIRECTION('',(-0.9999204933945505,0.01260979340032544,0));
#9420=FACE_BOUND('',#9421,.T.);
#9421=EDGE_LOOP('',(#9422,#9423,#9424));
#9422=ORIENTED_EDGE('',*,*,#9425,.T.);
#9423=ORIENTED_EDGE('',*,*,#9426,.T.);
#9424=ORIENTED_EDGE('',*,*,#9427,.T.);
#9425=EDGE_CURVE('',#299,#485,#9428,.F.);
#9426=EDGE_CURVE('',#485,#377,#9429,.T.);
#9427=EDGE_CURVE('',#377,#299,#9430,.T.);
#9428=LINE('',#298,#9431);
#9429=LINE('',#484,#9432);
#9430=LINE('',#376,#9433);
#9431=VECTOR('',#9434,1.0);
#9432=VECTOR('',#9435,1.0);
#9433=VECTOR('',#9436,1.0);
#9434=DIRECTION('',(-0.9999204933945505,0.01260979340032544,0));
#9435=DIRECTION('',(0.999999141527219,0.0013103224126273549,0));
#9436=DIRECTION('',(0.40669370806759464,-0.9135645723309491,0));
#9437=FACE_SURFACE('',(#9442),#9438,.T.);
#9438=PLANE('',#9439);
#9439=AXIS2_PLACEMENT_3D('',#298,#9440,#9441);
#9440=DIRECTION('',(0,0,-1));
#9441=DIRECTION('',(-0.9999722332458354,0.007452029075121658,0));
#9442=FACE_BOUND('',#9443,.T.);
#9443=EDGE_LOOP('',(#9444,#9445,#9446));
#9444=ORIENTED_EDGE('',*,*,#9447,.T.);
#9445=ORIENTED_EDGE('',*,*,#9448,.T.);
#9446=ORIENTED_EDGE('',*,*,#9449,.T.);
#9447=EDGE_CURVE('',#299,#481,#9450,.F.);
#9448=EDGE_CURVE('',#481,#485,#9451,.T.);
#9449=EDGE_CURVE('',#485,#299,#9452,.T.);
#9450=LINE('',#298,#9453);
#9451=LINE('',#480,#9454);
#9452=LINE('',#484,#9455);
#9453=VECTOR('',#9456,1.0);
#9454=VECTOR('',#9457,1.0);
#9455=VECTOR('',#9458,1.0);
#9456=DIRECTION('',(-0.9999722332458354,0.007452029075121658,0));
#9457=DIRECTION('',(0.9438832833912708,0.3302791960364958,0));
#9458=DIRECTION('',(0.9999204933945505,-0.01260979340032544,0));
#9459=FACE_SURFACE('',(#9464),#9460,.T.);
#9460=PLANE('',#9461);
#9461=AXIS2_PLACEMENT_3D('',#306,#9462,#9463);
#9462=DIRECTION('',(-0.20791898080900942,0.9781460511699379,0));
#9463=DIRECTION('',(0.10840200395498402,0.02304240164647836,0.9938400541661148));
#9464=FACE_BOUND('',#9465,.T.);
#9465=EDGE_LOOP('',(#9466,#9467,#9468));
#9466=ORIENTED_EDGE('',*,*,#9469,.T.);
#9467=ORIENTED_EDGE('',*,*,#9470,.T.);
#9468=ORIENTED_EDGE('',*,*,#9471,.T.);
#9469=EDGE_CURVE('',#307,#383,#9472,.F.);
#9470=EDGE_CURVE('',#383,#487,#9473,.T.);
#9471=EDGE_CURVE('',#487,#307,#9474,.T.);
#9472=LINE('',#306,#9475);
#9473=LINE('',#382,#9476);
#9474=LINE('',#486,#9477);
#9475=VECTOR('',#9478,1.0);
#9476=VECTOR('',#9479,1.0);
#9477=VECTOR('',#9480,1.0);
#9478=DIRECTION('',(0.10840200395498402,0.02304240164647836,0.9938400541661148));
#9479=DIRECTION('',(0,0,-1));
#9480=DIRECTION('',(-0.9781460511699379,-0.20791898080900942,0));
#9481=FACE_SURFACE('',(#9486),#9482,.T.);
#9482=PLANE('',#9483);
#9483=AXIS2_PLACEMENT_3D('',#306,#9484,#9485);
#9484=DIRECTION('',(0,0,-1));
#9485=DIRECTION('',(0.9781460511699379,0.20791898080900942,0));
#9486=FACE_BOUND('',#9487,.T.);
#9487=EDGE_LOOP('',(#9488,#9489,#9490));
#9488=ORIENTED_EDGE('',*,*,#9491,.T.);
#9489=ORIENTED_EDGE('',*,*,#9492,.T.);
#9490=ORIENTED_EDGE('',*,*,#9493,.T.);
#9491=EDGE_CURVE('',#307,#487,#9494,.F.);
#9492=EDGE_CURVE('',#487,#489,#9495,.T.);
#9493=EDGE_CURVE('',#489,#307,#9496,.T.);
#9494=LINE('',#306,#9497);
#9495=LINE('',#486,#9498);
#9496=LINE('',#488,#9499);
#9497=VECTOR('',#9500,1.0);
#9498=VECTOR('',#9501,1.0);
#9499=VECTOR('',#9502,1.0);
#9500=DIRECTION('',(0.9781460511699379,0.20791898080900942,0));
#9501=DIRECTION('',(0.991378503160566,-0.13102924662500248,0));
#9502=DIRECTION('',(-0.9942661449694834,0.1069337784216103,0));
#9503=FACE_SURFACE('',(#9508),#9504,.T.);
#9504=PLANE('',#9505);
#9505=AXIS2_PLACEMENT_3D('',#306,#9506,#9507);
#9506=DIRECTION('',(0,0,-1));
#9507=DIRECTION('',(0.7628968983099461,-0.646520164069972,0));
#9508=FACE_BOUND('',#9509,.T.);
#9509=EDGE_LOOP('',(#9510,#9511,#9512));
#9510=ORIENTED_EDGE('',*,*,#9513,.T.);
#9511=ORIENTED_EDGE('',*,*,#9514,.T.);
#9512=ORIENTED_EDGE('',*,*,#9515,.T.);
#9513=EDGE_CURVE('',#307,#491,#9516,.F.);
#9514=EDGE_CURVE('',#491,#309,#9517,.T.);
#9515=EDGE_CURVE('',#309,#307,#9518,.T.);
#9516=LINE('',#306,#9519);
#9517=LINE('',#490,#9520);
#9518=LINE('',#308,#9521);
#9519=VECTOR('',#9522,1.0);
#9520=VECTOR('',#9523,1.0);
#9521=VECTOR('',#9524,1.0);
#9522=DIRECTION('',(0.7628968983099461,-0.646520164069972,0));
#9523=DIRECTION('',(-0.6756093017079463,-0.7372598398432543,0));
#9524=DIRECTION('',(-0.6130754966118642,0.7900243258622586,0));
#9525=FACE_SURFACE('',(#9530),#9526,.T.);
#9526=PLANE('',#9527);
#9527=AXIS2_PLACEMENT_3D('',#306,#9528,#9529);
#9528=DIRECTION('',(0,0,-1));
#9529=DIRECTION('',(0.9942661449694834,-0.1069337784216103,0));
#9530=FACE_BOUND('',#9531,.T.);
#9531=EDGE_LOOP('',(#9532,#9533,#9534));
#9532=ORIENTED_EDGE('',*,*,#9535,.T.);
#9533=ORIENTED_EDGE('',*,*,#9536,.T.);
#9534=ORIENTED_EDGE('',*,*,#9537,.T.);
#9535=EDGE_CURVE('',#307,#489,#9538,.F.);
#9536=EDGE_CURVE('',#489,#493,#9539,.T.);
#9537=EDGE_CURVE('',#493,#307,#9540,.T.);
#9538=LINE('',#306,#9541);
#9539=LINE('',#488,#9542);
#9540=LINE('',#492,#9543);
#9541=VECTOR('',#9544,1.0);
#9542=VECTOR('',#9545,1.0);
#9543=VECTOR('',#9546,1.0);
#9544=DIRECTION('',(0.9942661449694834,-0.1069337784216103,0));
#9545=DIRECTION('',(-0.46175669507786865,-0.8870066259903385,0));
#9546=DIRECTION('',(-0.9570134483330062,0.2900435479540418,0));
#9547=FACE_SURFACE('',(#9552),#9548,.T.);
#9548=PLANE('',#9549);
#9549=AXIS2_PLACEMENT_3D('',#306,#9550,#9551);
#9550=DIRECTION('',(0,0,-1));
#9551=DIRECTION('',(0.8800358475361557,-0.47490726152725876,0));
#9552=FACE_BOUND('',#9553,.T.);
#9553=EDGE_LOOP('',(#9554,#9555,#9556));
#9554=ORIENTED_EDGE('',*,*,#9557,.T.);
#9555=ORIENTED_EDGE('',*,*,#9558,.T.);
#9556=ORIENTED_EDGE('',*,*,#9559,.T.);
#9557=EDGE_CURVE('',#307,#495,#9560,.F.);
#9558=EDGE_CURVE('',#495,#491,#9561,.T.);
#9559=EDGE_CURVE('',#491,#307,#9562,.T.);
#9560=LINE('',#306,#9563);
#9561=LINE('',#494,#9564);
#9562=LINE('',#490,#9565);
#9563=VECTOR('',#9566,1.0);
#9564=VECTOR('',#9567,1.0);
#9565=VECTOR('',#9568,1.0);
#9566=DIRECTION('',(0.8800358475361557,-0.47490726152725876,0));
#9567=DIRECTION('',(-0.6087514041313618,-0.7933610325495545,0));
#9568=DIRECTION('',(-0.7628968983099461,0.646520164069972,0));
#9569=FACE_SURFACE('',(#9574),#9570,.T.);
#9570=PLANE('',#9571);
#9571=AXIS2_PLACEMENT_3D('',#306,#9572,#9573);
#9572=DIRECTION('',(0,0,-1));
#9573=DIRECTION('',(0.9570134483330062,-0.2900435479540418,0));
#9574=FACE_BOUND('',#9575,.T.);
#9575=EDGE_LOOP('',(#9576,#9577,#9578));
#9576=ORIENTED_EDGE('',*,*,#9579,.T.);
#9577=ORIENTED_EDGE('',*,*,#9580,.T.);
#9578=ORIENTED_EDGE('',*,*,#9581,.T.);
#9579=EDGE_CURVE('',#307,#493,#9582,.F.);
#9580=EDGE_CURVE('',#493,#495,#9583,.T.);
#9581=EDGE_CURVE('',#495,#307,#9584,.T.);
#9582=LINE('',#306,#9585);
#9583=LINE('',#492,#9586);
#9584=LINE('',#494,#9587);
#9585=VECTOR('',#9588,1.0);
#9586=VECTOR('',#9589,1.0);
#9587=VECTOR('',#9590,1.0);
#9588=DIRECTION('',(0.9570134483330062,-0.2900435479540418,0));
#9589=DIRECTION('',(-0.5372919155439425,-0.8433963466195007,0));
#9590=DIRECTION('',(-0.8800358475361557,0.47490726152725876,0));
#9591=FACE_SURFACE('',(#9596),#9592,.T.);
#9592=PLANE('',#9593);
#9593=AXIS2_PLACEMENT_3D('',#490,#9594,#9595);
#9594=DIRECTION('',(0.7372598398432545,-0.6756093017079464,0));
#9595=DIRECTION('',(0,0,1));
#9596=FACE_BOUND('',#9597,.T.);
#9597=EDGE_LOOP('',(#9598,#9599,#9600));
#9598=ORIENTED_EDGE('',*,*,#9601,.T.);
#9599=ORIENTED_EDGE('',*,*,#9602,.T.);
#9600=ORIENTED_EDGE('',*,*,#9603,.T.);
#9601=EDGE_CURVE('',#491,#387,#9604,.F.);
#9602=EDGE_CURVE('',#387,#309,#9605,.T.);
#9603=EDGE_CURVE('',#309,#491,#9606,.T.);
#9604=LINE('',#490,#9607);
#9605=LINE('',#386,#9608);
#9606=LINE('',#308,#9609);
#9607=VECTOR('',#9610,1.0);
#9608=VECTOR('',#9611,1.0);
#9609=VECTOR('',#9612,1.0);
#9610=DIRECTION('',(0,0,1));
#9611=DIRECTION('',(-0.1886531950413317,-0.2058681311972448,-0.9602230389644123));
#9612=DIRECTION('',(0.6756093017079463,0.7372598398432543,0));
#9613=FACE_SURFACE('',(#9618),#9614,.T.);
#9614=PLANE('',#9615);
#9615=AXIS2_PLACEMENT_3D('',#496,#9616,#9617);
#9616=DIRECTION('',(0,0,-1));
#9617=DIRECTION('',(0.9986634780821313,-0.0516842098217658,0));
#9618=FACE_BOUND('',#9619,.T.);
#9619=EDGE_LOOP('',(#9620,#9621,#9622));
#9620=ORIENTED_EDGE('',*,*,#9623,.T.);
#9621=ORIENTED_EDGE('',*,*,#9624,.T.);
#9622=ORIENTED_EDGE('',*,*,#9625,.T.);
#9623=EDGE_CURVE('',#497,#311,#9626,.F.);
#9624=EDGE_CURVE('',#311,#393,#9627,.T.);
#9625=EDGE_CURVE('',#393,#497,#9628,.T.);
#9626=LINE('',#496,#9629);
#9627=LINE('',#310,#9630);
#9628=LINE('',#392,#9631);
#9629=VECTOR('',#9632,1.0);
#9630=VECTOR('',#9633,1.0);
#9631=VECTOR('',#9634,1.0);
#9632=DIRECTION('',(0.9986634780821313,-0.0516842098217658,0));
#9633=DIRECTION('',(-0.7372737791730858,-0.6755940900746807,0));
#9634=DIRECTION('',(-0.9853947736469345,0.17028546640658046,0));
#9635=FACE_SURFACE('',(#9640),#9636,.T.);
#9636=PLANE('',#9637);
#9637=AXIS2_PLACEMENT_3D('',#310,#9638,#9639);
#9638=DIRECTION('',(0,0,-1));
#9639=DIRECTION('',(-0.9986634780821313,0.0516842098217658,0));
#9640=FACE_BOUND('',#9641,.T.);
#9641=EDGE_LOOP('',(#9642,#9643,#9644));
#9642=ORIENTED_EDGE('',*,*,#9645,.T.);
#9643=ORIENTED_EDGE('',*,*,#9646,.T.);
#9644=ORIENTED_EDGE('',*,*,#9647,.T.);
#9645=EDGE_CURVE('',#311,#497,#9648,.F.);
#9646=EDGE_CURVE('',#497,#499,#9649,.T.);
#9647=EDGE_CURVE('',#499,#311,#9650,.T.);
#9648=LINE('',#310,#9651);
#9649=LINE('',#496,#9652);
#9650=LINE('',#498,#9653);
#9651=VECTOR('',#9654,1.0);
#9652=VECTOR('',#9655,1.0);
#9653=VECTOR('',#9656,1.0);
#9654=DIRECTION('',(-0.9986634780821313,0.0516842098217658,0));
#9655=DIRECTION('',(0.9945200395710152,0.10454611849163273,0));
#9656=DIRECTION('',(0.9981250639351933,-0.061207489283307506,0));
#9657=FACE_SURFACE('',(#9662),#9658,.T.);
#9658=PLANE('',#9659);
#9659=AXIS2_PLACEMENT_3D('',#310,#9660,#9661);
#9660=DIRECTION('',(0,0,-1));
#9661=DIRECTION('',(-0.839980253746688,0.5426169674048625,0));
#9662=FACE_BOUND('',#9663,.T.);
#9663=EDGE_LOOP('',(#9664,#9665,#9666));
#9664=ORIENTED_EDGE('',*,*,#9667,.T.);
#9665=ORIENTED_EDGE('',*,*,#9668,.T.);
#9666=ORIENTED_EDGE('',*,*,#9669,.T.);
#9667=EDGE_CURVE('',#311,#421,#9670,.F.);
#9668=EDGE_CURVE('',#421,#313,#9671,.T.);
#9669=EDGE_CURVE('',#313,#311,#9672,.T.);
#9670=LINE('',#310,#9673);
#9671=LINE('',#420,#9674);
#9672=LINE('',#312,#9675);
#9673=VECTOR('',#9676,1.0);
#9674=VECTOR('',#9677,1.0);
#9675=VECTOR('',#9678,1.0);
#9676=DIRECTION('',(-0.839980253746688,0.5426169674048625,0));
#9677=DIRECTION('',(-0.743192525074536,0.6690776267917911,0));
#9678=DIRECTION('',(0.8349807380114931,-0.5502791720116095,0));
#9679=FACE_SURFACE('',(#9684),#9680,.T.);
#9680=PLANE('',#9681);
#9681=AXIS2_PLACEMENT_3D('',#310,#9682,#9683);
#9682=DIRECTION('',(0,0,-1));
#9683=DIRECTION('',(-0.9981250639351933,0.061207489283307506,0));
#9684=FACE_BOUND('',#9685,.T.);
#9685=EDGE_LOOP('',(#9686,#9687,#9688));
#9686=ORIENTED_EDGE('',*,*,#9689,.T.);
#9687=ORIENTED_EDGE('',*,*,#9690,.T.);
#9688=ORIENTED_EDGE('',*,*,#9691,.T.);
#9689=EDGE_CURVE('',#311,#499,#9692,.F.);
#9690=EDGE_CURVE('',#499,#501,#9693,.T.);
#9691=EDGE_CURVE('',#501,#311,#9694,.T.);
#9692=LINE('',#310,#9695);
#9693=LINE('',#498,#9696);
#9694=LINE('',#500,#9697);
#9695=VECTOR('',#9698,1.0);
#9696=VECTOR('',#9699,1.0);
#9697=VECTOR('',#9700,1.0);
#9698=DIRECTION('',(-0.9981250639351933,0.061207489283307506,0));
#9699=DIRECTION('',(0.951050158914368,0.30903655969634947,0));
#9700=DIRECTION('',(0.9963861577373613,-0.0849389467169095,0));
#9701=FACE_SURFACE('',(#9706),#9702,.T.);
#9702=PLANE('',#9703);
#9703=AXIS2_PLACEMENT_3D('',#310,#9704,#9705);
#9704=DIRECTION('',(0,0,-1));
#9705=DIRECTION('',(-0.8524267175965782,0.5228467185777527,0));
#9706=FACE_BOUND('',#9707,.T.);
#9707=EDGE_LOOP('',(#9708,#9709,#9710));
#9708=ORIENTED_EDGE('',*,*,#9711,.T.);
#9709=ORIENTED_EDGE('',*,*,#9712,.T.);
#9710=ORIENTED_EDGE('',*,*,#9713,.T.);
#9711=EDGE_CURVE('',#311,#503,#9714,.F.);
#9712=EDGE_CURVE('',#503,#421,#9715,.T.);
#9713=EDGE_CURVE('',#421,#311,#9716,.T.);
#9714=LINE('',#310,#9717);
#9715=LINE('',#502,#9718);
#9716=LINE('',#420,#9719);
#9717=VECTOR('',#9720,1.0);
#9718=VECTOR('',#9721,1.0);
#9719=VECTOR('',#9722,1.0);
#9720=DIRECTION('',(-0.8524267175965782,0.5228467185777527,0));
#9721=DIRECTION('',(-0.587802732127671,0.8090042942427719,0));
#9722=DIRECTION('',(0.839980253746688,-0.5426169674048625,0));
#9723=FACE_SURFACE('',(#9728),#9724,.T.);
#9724=PLANE('',#9725);
#9725=AXIS2_PLACEMENT_3D('',#310,#9726,#9727);
#9726=DIRECTION('',(0,0,-1));
#9727=DIRECTION('',(-0.9963861577373613,0.0849389467169095,0));
#9728=FACE_BOUND('',#9729,.T.);
#9729=EDGE_LOOP('',(#9730,#9731,#9732));
#9730=ORIENTED_EDGE('',*,*,#9733,.T.);
#9731=ORIENTED_EDGE('',*,*,#9734,.T.);
#9732=ORIENTED_EDGE('',*,*,#9735,.T.);
#9733=EDGE_CURVE('',#311,#501,#9736,.F.);
#9734=EDGE_CURVE('',#501,#505,#9737,.T.);
#9735=EDGE_CURVE('',#505,#311,#9738,.T.);
#9736=LINE('',#310,#9739);
#9737=LINE('',#500,#9740);
#9738=LINE('',#504,#9741);
#9739=VECTOR('',#9742,1.0);
#9740=VECTOR('',#9743,1.0);
#9741=VECTOR('',#9744,1.0);
#9742=DIRECTION('',(-0.9963861577373613,0.0849389467169095,0));
#9743=DIRECTION('',(0.8660154026835949,0.5000173220147189,0));
#9744=DIRECTION('',(0.9922962460119004,-0.12388769168359773,0));
#9745=FACE_SURFACE('',(#9750),#9746,.T.);
#9746=PLANE('',#9747);
#9747=AXIS2_PLACEMENT_3D('',#310,#9748,#9749);
#9748=DIRECTION('',(0,0,-1));
#9749=DIRECTION('',(-0.8720298730484447,0.4894526540035446,0));
#9750=FACE_BOUND('',#9751,.T.);
#9751=EDGE_LOOP('',(#9752,#9753,#9754));
#9752=ORIENTED_EDGE('',*,*,#9755,.T.);
#9753=ORIENTED_EDGE('',*,*,#9756,.T.);
#9754=ORIENTED_EDGE('',*,*,#9757,.T.);
#9755=EDGE_CURVE('',#311,#507,#9758,.F.);
#9756=EDGE_CURVE('',#507,#503,#9759,.T.);
#9757=EDGE_CURVE('',#503,#311,#9760,.T.);
#9758=LINE('',#310,#9761);
#9759=LINE('',#506,#9762);
#9760=LINE('',#502,#9763);
#9761=VECTOR('',#9764,1.0);
#9762=VECTOR('',#9765,1.0);
#9763=VECTOR('',#9766,1.0);
#9764=DIRECTION('',(-0.8720298730484447,0.4894526540035446,0));
#9765=DIRECTION('',(-0.40669370806759464,0.9135645723309491,0));
#9766=DIRECTION('',(0.8524267175965782,-0.5228467185777527,0));
#9767=FACE_SURFACE('',(#9772),#9768,.T.);
#9768=PLANE('',#9769);
#9769=AXIS2_PLACEMENT_3D('',#310,#9770,#9771);
#9770=DIRECTION('',(0,0,-1));
#9771=DIRECTION('',(-0.9922962460119004,0.12388769168359773,0));
#9772=FACE_BOUND('',#9773,.T.);
#9773=EDGE_LOOP('',(#9774,#9775,#9776));
#9774=ORIENTED_EDGE('',*,*,#9777,.T.);
#9775=ORIENTED_EDGE('',*,*,#9778,.T.);
#9776=ORIENTED_EDGE('',*,*,#9779,.T.);
#9777=EDGE_CURVE('',#311,#505,#9780,.F.);
#9778=EDGE_CURVE('',#505,#509,#9781,.T.);
#9779=EDGE_CURVE('',#509,#311,#9782,.T.);
#9780=LINE('',#310,#9783);
#9781=LINE('',#504,#9784);
#9782=LINE('',#508,#9785);
#9783=VECTOR('',#9786,1.0);
#9784=VECTOR('',#9787,1.0);
#9785=VECTOR('',#9788,1.0);
#9786=DIRECTION('',(-0.9922962460119004,0.12388769168359773,0));
#9787=DIRECTION('',(0.743210670932043,0.6690574703362504,0));
#9788=DIRECTION('',(0.9841357464809938,-0.17741711444586447,0));
#9789=FACE_SURFACE('',(#9794),#9790,.T.);
#9790=PLANE('',#9791);
#9791=AXIS2_PLACEMENT_3D('',#310,#9792,#9793);
#9792=DIRECTION('',(0,0,-1));
#9793=DIRECTION('',(-0.8970653147438634,0.44189797587621193,0));
#9794=FACE_BOUND('',#9795,.T.);
#9795=EDGE_LOOP('',(#9796,#9797,#9798));
#9796=ORIENTED_EDGE('',*,*,#9799,.T.);
#9797=ORIENTED_EDGE('',*,*,#9800,.T.);
#9798=ORIENTED_EDGE('',*,*,#9801,.T.);
#9799=EDGE_CURVE('',#311,#511,#9802,.F.);
#9800=EDGE_CURVE('',#511,#507,#9803,.T.);
#9801=EDGE_CURVE('',#507,#311,#9804,.T.);
#9802=LINE('',#310,#9805);
#9803=LINE('',#510,#9806);
#9804=LINE('',#506,#9807);
#9805=VECTOR('',#9808,1.0);
#9806=VECTOR('',#9809,1.0);
#9807=VECTOR('',#9810,1.0);
#9808=DIRECTION('',(-0.8970653147438634,0.44189797587621193,0));
#9809=DIRECTION('',(-0.2079486694374834,0.978139739954972,0));
#9810=DIRECTION('',(0.8720298730484447,-0.4894526540035446,0));
#9811=FACE_SURFACE('',(#9816),#9812,.T.);
#9812=PLANE('',#9813);
#9813=AXIS2_PLACEMENT_3D('',#310,#9814,#9815);
#9814=DIRECTION('',(0,0,-1));
#9815=DIRECTION('',(-0.9841357464809938,0.17741711444586447,0));
#9816=FACE_BOUND('',#9817,.T.);
#9817=EDGE_LOOP('',(#9818,#9819,#9820));
#9818=ORIENTED_EDGE('',*,*,#9821,.T.);
#9819=ORIENTED_EDGE('',*,*,#9822,.T.);
#9820=ORIENTED_EDGE('',*,*,#9823,.T.);
#9821=EDGE_CURVE('',#311,#509,#9824,.F.);
#9822=EDGE_CURVE('',#509,#513,#9825,.T.);
#9823=EDGE_CURVE('',#513,#311,#9826,.T.);
#9824=LINE('',#310,#9827);
#9825=LINE('',#508,#9828);
#9826=LINE('',#512,#9829);
#9827=VECTOR('',#9830,1.0);
#9828=VECTOR('',#9831,1.0);
#9829=VECTOR('',#9832,1.0);
#9830=DIRECTION('',(-0.9841357464809938,0.17741711444586447,0));
#9831=DIRECTION('',(0.587768023499229,0.8090295115456604,0));
#9832=DIRECTION('',(0.9701839575440664,-0.2423697351653734,0));
#9833=FACE_SURFACE('',(#9838),#9834,.T.);
#9834=PLANE('',#9835);
#9835=AXIS2_PLACEMENT_3D('',#310,#9836,#9837);
#9836=DIRECTION('',(0,0,-1));
#9837=DIRECTION('',(-0.9243145978227623,0.3816313984091787,0));
#9838=FACE_BOUND('',#9839,.T.);
#9839=EDGE_LOOP('',(#9840,#9841,#9842));
#9840=ORIENTED_EDGE('',*,*,#9843,.T.);
#9841=ORIENTED_EDGE('',*,*,#9844,.T.);
#9842=ORIENTED_EDGE('',*,*,#9845,.T.);
#9843=EDGE_CURVE('',#311,#515,#9846,.F.);
#9844=EDGE_CURVE('',#515,#511,#9847,.T.);
#9845=EDGE_CURVE('',#511,#311,#9848,.T.);
#9846=LINE('',#310,#9849);
#9847=LINE('',#514,#9850);
#9848=LINE('',#510,#9851);
#9849=VECTOR('',#9852,1.0);
#9850=VECTOR('',#9853,1.0);
#9851=VECTOR('',#9854,1.0);
#9852=DIRECTION('',(-0.9243145978227623,0.3816313984091787,0));
#9853=DIRECTION('',(0,1,0));
#9854=DIRECTION('',(0.8970653147438634,-0.44189797587621193,0));
#9855=FACE_SURFACE('',(#9860),#9856,.T.);
#9856=PLANE('',#9857);
#9857=AXIS2_PLACEMENT_3D('',#310,#9858,#9859);
#9858=DIRECTION('',(0,0,-1));
#9859=DIRECTION('',(-0.9701839575440664,0.2423697351653734,0));
#9860=FACE_BOUND('',#9861,.T.);
#9861=EDGE_LOOP('',(#9862,#9863,#9864));
#9862=ORIENTED_EDGE('',*,*,#9865,.T.);
#9863=ORIENTED_EDGE('',*,*,#9866,.T.);
#9864=ORIENTED_EDGE('',*,*,#9867,.T.);
#9865=EDGE_CURVE('',#311,#513,#9868,.F.);
#9866=EDGE_CURVE('',#513,#517,#9869,.T.);
#9867=EDGE_CURVE('',#517,#311,#9870,.T.);
#9868=LINE('',#310,#9871);
#9869=LINE('',#512,#9872);
#9870=LINE('',#516,#9873);
#9871=VECTOR('',#9874,1.0);
#9872=VECTOR('',#9875,1.0);
#9873=VECTOR('',#9876,1.0);
#9874=DIRECTION('',(-0.9701839575440664,0.2423697351653734,0));
#9875=DIRECTION('',(0.40669370806759464,0.9135645723309491,0));
#9876=DIRECTION('',(0.9497889742086946,-0.3128912022917801,0));
#9877=FACE_SURFACE('',(#9882),#9878,.T.);
#9878=PLANE('',#9879);
#9879=AXIS2_PLACEMENT_3D('',#310,#9880,#9881);
#9880=DIRECTION('',(0,0,-1));
#9881=DIRECTION('',(-0.9497889742086946,0.3128912022917801,0));
#9882=FACE_BOUND('',#9883,.T.);
#9883=EDGE_LOOP('',(#9884,#9885,#9886));
#9884=ORIENTED_EDGE('',*,*,#9887,.T.);
#9885=ORIENTED_EDGE('',*,*,#9888,.T.);
#9886=ORIENTED_EDGE('',*,*,#9889,.T.);
#9887=EDGE_CURVE('',#311,#517,#9890,.F.);
#9888=EDGE_CURVE('',#517,#515,#9891,.T.);
#9889=EDGE_CURVE('',#515,#311,#9892,.T.);
#9890=LINE('',#310,#9893);
#9891=LINE('',#516,#9894);
#9892=LINE('',#514,#9895);
#9893=VECTOR('',#9896,1.0);
#9894=VECTOR('',#9897,1.0);
#9895=VECTOR('',#9898,1.0);
#9896=DIRECTION('',(-0.9497889742086946,0.3128912022917801,0));
#9897=DIRECTION('',(0.20793382408746142,0.9781428959003713,0));
#9898=DIRECTION('',(0.9243145978227623,-0.3816313984091787,0));
#9899=FACE_SURFACE('',(#9904),#9900,.T.);
#9900=PLANE('',#9901);
#9901=AXIS2_PLACEMENT_3D('',#518,#9902,#9903);
#9902=DIRECTION('',(0.6087578571494947,0.7933560810624415,-0));
#9903=DIRECTION('',(0,0,1));
#9904=FACE_BOUND('',#9905,.T.);
#9905=EDGE_LOOP('',(#9906,#9907,#9908));
#9906=ORIENTED_EDGE('',*,*,#9909,.T.);
#9907=ORIENTED_EDGE('',*,*,#9910,.T.);
#9908=ORIENTED_EDGE('',*,*,#9911,.T.);
#9909=EDGE_CURVE('',#519,#423,#9912,.F.);
#9910=EDGE_CURVE('',#423,#317,#9913,.T.);
#9911=EDGE_CURVE('',#317,#519,#9914,.T.);
#9912=LINE('',#518,#9915);
#9913=LINE('',#422,#9916);
#9914=LINE('',#316,#9917);
#9915=VECTOR('',#9918,1.0);
#9916=VECTOR('',#9919,1.0);
#9917=VECTOR('',#9920,1.0);
#9918=DIRECTION('',(0,0,1));
#9919=DIRECTION('',(0.22152833826858112,-0.16998308794920025,-0.9602244243692281));
#9920=DIRECTION('',(-0.7933560810624415,0.6087578571494947,0));
#9921=FACE_SURFACE('',(#9926),#9922,.T.);
#9922=PLANE('',#9923);
#9923=AXIS2_PLACEMENT_3D('',#318,#9924,#9925);
#9924=DIRECTION('',(0,0,-1));
#9925=DIRECTION('',(0.9527056653250584,0.3038945791841934,0));
#9926=FACE_BOUND('',#9927,.T.);
#9927=EDGE_LOOP('',(#9928,#9929,#9930));
#9928=ORIENTED_EDGE('',*,*,#9931,.T.);
#9929=ORIENTED_EDGE('',*,*,#9932,.T.);
#9930=ORIENTED_EDGE('',*,*,#9933,.T.);
#9931=EDGE_CURVE('',#319,#519,#9934,.F.);
#9932=EDGE_CURVE('',#519,#317,#9935,.T.);
#9933=EDGE_CURVE('',#317,#319,#9936,.T.);
#9934=LINE('',#318,#9937);
#9935=LINE('',#518,#9938);
#9936=LINE('',#316,#9939);
#9937=VECTOR('',#9940,1.0);
#9938=VECTOR('',#9941,1.0);
#9939=VECTOR('',#9942,1.0);
#9940=DIRECTION('',(0.9527056653250584,0.3038945791841934,0));
#9941=DIRECTION('',(0.7933560810624415,-0.6087578571494947,0));
#9942=DIRECTION('',(-0.9853945774419806,-0.17028660178634247,0));
#9943=FACE_SURFACE('',(#9948),#9944,.T.);
#9944=PLANE('',#9945);
#9945=AXIS2_PLACEMENT_3D('',#424,#9946,#9947);
#9946=DIRECTION('',(0.10456129694182914,-0.9945184438620748,0));
#9947=DIRECTION('',(0,0,-1));
#9948=FACE_BOUND('',#9949,.T.);
#9949=EDGE_LOOP('',(#9950,#9951,#9952));
#9950=ORIENTED_EDGE('',*,*,#9953,.T.);
#9951=ORIENTED_EDGE('',*,*,#9954,.T.);
#9952=ORIENTED_EDGE('',*,*,#9955,.T.);
#9953=EDGE_CURVE('',#425,#521,#9956,.F.);
#9954=EDGE_CURVE('',#521,#319,#9957,.T.);
#9955=EDGE_CURVE('',#319,#425,#9958,.T.);
#9956=LINE('',#424,#9959);
#9957=LINE('',#520,#9960);
#9958=LINE('',#318,#9961);
#9959=VECTOR('',#9962,1.0);
#9960=VECTOR('',#9963,1.0);
#9961=VECTOR('',#9964,1.0);
#9962=DIRECTION('',(0,0,-1));
#9963=DIRECTION('',(0.9945184438620748,0.10456129694182914,0));
#9964=DIRECTION('',(-0.11019774834873083,-0.01158592840437115,0.9938421517131776));
#9965=FACE_SURFACE('',(#9970),#9966,.T.);
#9966=PLANE('',#9967);
#9967=AXIS2_PLACEMENT_3D('',#318,#9968,#9969);
#9968=DIRECTION('',(0,0,-1));
#9969=DIRECTION('',(-0.9945184438620748,-0.10456129694182914,0));
#9970=FACE_BOUND('',#9971,.T.);
#9971=EDGE_LOOP('',(#9972,#9973,#9974));
#9972=ORIENTED_EDGE('',*,*,#9975,.T.);
#9973=ORIENTED_EDGE('',*,*,#9976,.T.);
#9974=ORIENTED_EDGE('',*,*,#9977,.T.);
#9975=EDGE_CURVE('',#319,#521,#9978,.F.);
#9976=EDGE_CURVE('',#521,#523,#9979,.T.);
#9977=EDGE_CURVE('',#523,#319,#9980,.T.);
#9978=LINE('',#318,#9981);
#9979=LINE('',#520,#9982);
#9980=LINE('',#522,#9983);
#9981=VECTOR('',#9984,1.0);
#9982=VECTOR('',#9985,1.0);
#9983=VECTOR('',#9986,1.0);
#9984=DIRECTION('',(-0.9945184438620748,-0.10456129694182914,0));
#9985=DIRECTION('',(-0.9999926124982038,-0.003843819586954481,0));
#9986=DIRECTION('',(0.9999857875230465,0.005331486838811305,0));
#9987=FACE_SURFACE('',(#9992),#9988,.T.);
#9988=PLANE('',#9989);
#9989=AXIS2_PLACEMENT_3D('',#318,#9990,#9991);
#9990=DIRECTION('',(-0,0,-1));
#9991=DIRECTION('',(-0.9999857875230465,-0.005331486838811305,0));
#9992=FACE_BOUND('',#9993,.T.);
#9993=EDGE_LOOP('',(#9994,#9995,#9996));
#9994=ORIENTED_EDGE('',*,*,#9997,.T.);
#9995=ORIENTED_EDGE('',*,*,#9998,.T.);
#9996=ORIENTED_EDGE('',*,*,#9999,.T.);
#9997=EDGE_CURVE('',#319,#523,#10000,.F.);
#9998=EDGE_CURVE('',#523,#525,#10001,.T.);
#9999=EDGE_CURVE('',#525,#319,#10002,.T.);
#10000=LINE('',#318,#10003);
#10001=LINE('',#522,#10004);
#10002=LINE('',#524,#10005);
#10003=VECTOR('',#10006,1.0);
#10004=VECTOR('',#10007,1.0);
#10005=VECTOR('',#10008,1.0);
#10006=DIRECTION('',(-0.9999857875230465,-0.005331486838811305,0));
#10007=DIRECTION('',(-0.5320390592813571,0.846719811625433,0));
#10008=DIRECTION('',(0.9999743001563686,-0.007169311457929244,0));
#10009=FACE_SURFACE('',(#10014),#10010,.T.);
#10010=PLANE('',#10011);
#10011=AXIS2_PLACEMENT_3D('',#318,#10012,#10013);
#10012=DIRECTION('',(0,0,-1));
#10013=DIRECTION('',(-0.9999743001563686,0.007169311457929244,0));
#10014=FACE_BOUND('',#10015,.T.);
#10015=EDGE_LOOP('',(#10016,#10017,#10018));
#10016=ORIENTED_EDGE('',*,*,#10019,.T.);
#10017=ORIENTED_EDGE('',*,*,#10020,.T.);
#10018=ORIENTED_EDGE('',*,*,#10021,.T.);
#10019=EDGE_CURVE('',#319,#525,#10022,.F.);
#10020=EDGE_CURVE('',#525,#527,#10023,.T.);
#10021=EDGE_CURVE('',#527,#319,#10024,.T.);
#10022=LINE('',#318,#10025);
#10023=LINE('',#524,#10026);
#10024=LINE('',#526,#10027);
#10025=VECTOR('',#10028,1.0);
#10026=VECTOR('',#10029,1.0);
#10027=VECTOR('',#10030,1.0);
#10028=DIRECTION('',(-0.9999743001563686,0.007169311457929244,0));
#10029=DIRECTION('',(-0.7071340368297876,0.70707952449269,0));
#10030=DIRECTION('',(0.9998487756010075,-0.01739039761380143,0));
#10031=FACE_SURFACE('',(#10036),#10032,.T.);
#10032=PLANE('',#10033);
#10033=AXIS2_PLACEMENT_3D('',#318,#10034,#10035);
#10034=DIRECTION('',(0,0,-1));
#10035=DIRECTION('',(0.8914515107303042,0.4531161043448558,0));
#10036=FACE_BOUND('',#10037,.T.);
#10037=EDGE_LOOP('',(#10038,#10039,#10040));
#10038=ORIENTED_EDGE('',*,*,#10041,.T.);
#10039=ORIENTED_EDGE('',*,*,#10042,.T.);
#10040=ORIENTED_EDGE('',*,*,#10043,.T.);
#10041=EDGE_CURVE('',#319,#529,#10044,.F.);
#10042=EDGE_CURVE('',#529,#519,#10045,.T.);
#10043=EDGE_CURVE('',#519,#319,#10046,.T.);
#10044=LINE('',#318,#10047);
#10045=LINE('',#528,#10048);
#10046=LINE('',#518,#10049);
#10047=VECTOR('',#10050,1.0);
#10048=VECTOR('',#10051,1.0);
#10049=VECTOR('',#10052,1.0);
#10050=DIRECTION('',(0.8914515107303042,0.4531161043448558,0));
#10051=DIRECTION('',(0.8433931762191593,-0.5372968921434016,0));
#10052=DIRECTION('',(-0.9527056653250584,-0.3038945791841934,0));
#10053=FACE_SURFACE('',(#10058),#10054,.T.);
#10054=PLANE('',#10055);
#10055=AXIS2_PLACEMENT_3D('',#318,#10056,#10057);
#10056=DIRECTION('',(0,0,-1));
#10057=DIRECTION('',(-0.9998487756010075,0.01739039761380143,0));
#10058=FACE_BOUND('',#10059,.T.);
#10059=EDGE_LOOP('',(#10060,#10061,#10062));
#10060=ORIENTED_EDGE('',*,*,#10063,.T.);
#10061=ORIENTED_EDGE('',*,*,#10064,.T.);
#10062=ORIENTED_EDGE('',*,*,#10065,.T.);
#10063=EDGE_CURVE('',#319,#527,#10066,.F.);
#10064=EDGE_CURVE('',#527,#531,#10067,.T.);
#10065=EDGE_CURVE('',#531,#319,#10068,.T.);
#10066=LINE('',#318,#10069);
#10067=LINE('',#526,#10070);
#10068=LINE('',#530,#10071);
#10069=VECTOR('',#10072,1.0);
#10070=VECTOR('',#10073,1.0);
#10071=VECTOR('',#10074,1.0);
#10072=DIRECTION('',(-0.9998487756010075,0.01739039761380143,0));
#10073=DIRECTION('',(-0.8467095241332129,0.5320554310803604,0));
#10074=DIRECTION('',(0.9996917532466009,-0.024827373818776147,0));
#10075=FACE_SURFACE('',(#10080),#10076,.T.);
#10076=PLANE('',#10077);
#10077=AXIS2_PLACEMENT_3D('',#318,#10078,#10079);
#10078=DIRECTION('',(0,0,-1));
#10079=DIRECTION('',(0.7889181440635773,0.6144983010287993,0));
#10080=FACE_BOUND('',#10081,.T.);
#10081=EDGE_LOOP('',(#10082,#10083,#10084));
#10082=ORIENTED_EDGE('',*,*,#10085,.T.);
#10083=ORIENTED_EDGE('',*,*,#10086,.T.);
#10084=ORIENTED_EDGE('',*,*,#10087,.T.);
#10085=EDGE_CURVE('',#319,#533,#10088,.F.);
#10086=EDGE_CURVE('',#533,#529,#10089,.T.);
#10087=EDGE_CURVE('',#529,#319,#10090,.T.);
#10088=LINE('',#318,#10091);
#10089=LINE('',#532,#10092);
#10090=LINE('',#528,#10093);
#10091=VECTOR('',#10094,1.0);
#10092=VECTOR('',#10095,1.0);
#10093=VECTOR('',#10096,1.0);
#10094=DIRECTION('',(0.7889181440635773,0.6144983010287993,0));
#10095=DIRECTION('',(0.8870153403955958,-0.46173995484783986,0));
#10096=DIRECTION('',(-0.8914515107303042,-0.4531161043448558,0));
#10097=FACE_SURFACE('',(#10102),#10098,.T.);
#10098=PLANE('',#10099);
#10099=AXIS2_PLACEMENT_3D('',#318,#10100,#10101);
#10100=DIRECTION('',(0,0,-1));
#10101=DIRECTION('',(-0.9996917532466009,0.024827373818776147,0));
#10102=FACE_BOUND('',#10103,.T.);
#10103=EDGE_LOOP('',(#10104,#10105,#10106));
#10104=ORIENTED_EDGE('',*,*,#10107,.T.);
#10105=ORIENTED_EDGE('',*,*,#10108,.T.);
#10106=ORIENTED_EDGE('',*,*,#10109,.T.);
#10107=EDGE_CURVE('',#319,#531,#10110,.F.);
#10108=EDGE_CURVE('',#531,#535,#10111,.T.);
#10109=EDGE_CURVE('',#535,#319,#10112,.T.);
#10110=LINE('',#318,#10113);
#10111=LINE('',#530,#10114);
#10112=LINE('',#534,#10115);
#10113=VECTOR('',#10116,1.0);
#10114=VECTOR('',#10117,1.0);
#10115=VECTOR('',#10118,1.0);
#10116=DIRECTION('',(-0.9996917532466009,0.024827373818776147,0));
#10117=DIRECTION('',(-0.9438776185146551,0.330295384871032,0));
#10118=DIRECTION('',(0.9995742386754503,-0.029177754820991986,0));
#10119=FACE_SURFACE('',(#10124),#10120,.T.);
#10120=PLANE('',#10121);
#10121=AXIS2_PLACEMENT_3D('',#318,#10122,#10123);
#10122=DIRECTION('',(0,0,-1));
#10123=DIRECTION('',(0.631102696090874,0.775699289020449,0));
#10124=FACE_BOUND('',#10125,.T.);
#10125=EDGE_LOOP('',(#10126,#10127,#10128));
#10126=ORIENTED_EDGE('',*,*,#10129,.T.);
#10127=ORIENTED_EDGE('',*,*,#10130,.T.);
#10128=ORIENTED_EDGE('',*,*,#10131,.T.);
#10129=EDGE_CURVE('',#319,#537,#10132,.F.);
#10130=EDGE_CURVE('',#537,#533,#10133,.T.);
#10131=EDGE_CURVE('',#533,#319,#10134,.T.);
#10132=LINE('',#318,#10135);
#10133=LINE('',#536,#10136);
#10134=LINE('',#532,#10137);
#10135=VECTOR('',#10138,1.0);
#10136=VECTOR('',#10139,1.0);
#10137=VECTOR('',#10140,1.0);
#10138=DIRECTION('',(0.631102696090874,0.775699289020449,0));
#10139=DIRECTION('',(0.9238747644618239,-0.3826949432519451,0));
#10140=DIRECTION('',(-0.7889181440635773,-0.6144983010287993,0));
#10141=FACE_SURFACE('',(#10146),#10142,.T.);
#10142=PLANE('',#10143);
#10143=AXIS2_PLACEMENT_3D('',#318,#10144,#10145);
#10144=DIRECTION('',(0,0,-1));
#10145=DIRECTION('',(-0.9995742386754503,0.029177754820991986,0));
#10146=FACE_BOUND('',#10147,.T.);
#10147=EDGE_LOOP('',(#10148,#10149,#10150));
#10148=ORIENTED_EDGE('',*,*,#10151,.T.);
#10149=ORIENTED_EDGE('',*,*,#10152,.T.);
#10150=ORIENTED_EDGE('',*,*,#10153,.T.);
#10151=EDGE_CURVE('',#319,#535,#10154,.F.);
#10152=EDGE_CURVE('',#535,#539,#10155,.T.);
#10153=EDGE_CURVE('',#539,#319,#10156,.T.);
#10154=LINE('',#318,#10157);
#10155=LINE('',#534,#10158);
#10156=LINE('',#538,#10159);
#10157=VECTOR('',#10160,1.0);
#10158=VECTOR('',#10161,1.0);
#10159=VECTOR('',#10162,1.0);
#10160=DIRECTION('',(-0.9995742386754503,0.029177754820991986,0));
#10161=DIRECTION('',(-0.9937148546363331,0.11194100086693572,0));
#10162=DIRECTION('',(0.9995397262810874,-0.03033703324203908,0));
#10163=FACE_SURFACE('',(#10168),#10164,.T.);
#10164=PLANE('',#10165);
#10165=AXIS2_PLACEMENT_3D('',#318,#10166,#10167);
#10166=DIRECTION('',(0,0,-1));
#10167=DIRECTION('',(0.4115391340292745,0.9113920896970934,0));
#10168=FACE_BOUND('',#10169,.T.);
#10169=EDGE_LOOP('',(#10170,#10171,#10172));
#10170=ORIENTED_EDGE('',*,*,#10173,.T.);
#10171=ORIENTED_EDGE('',*,*,#10174,.T.);
#10172=ORIENTED_EDGE('',*,*,#10175,.T.);
#10173=EDGE_CURVE('',#319,#541,#10176,.F.);
#10174=EDGE_CURVE('',#541,#537,#10177,.T.);
#10175=EDGE_CURVE('',#537,#319,#10178,.T.);
#10176=LINE('',#318,#10179);
#10177=LINE('',#540,#10180);
#10178=LINE('',#536,#10181);
#10179=VECTOR('',#10182,1.0);
#10180=VECTOR('',#10183,1.0);
#10181=VECTOR('',#10184,1.0);
#10182=DIRECTION('',(0.4115391340292745,0.9113920896970934,0));
#10183=DIRECTION('',(0.953720022332334,-0.30069605751059064,0));
#10184=DIRECTION('',(-0.631102696090874,-0.775699289020449,0));
#10185=FACE_SURFACE('',(#10190),#10186,.T.);
#10186=PLANE('',#10187);
#10187=AXIS2_PLACEMENT_3D('',#538,#10188,#10189);
#10188=DIRECTION('',(0,0,-1));
#10189=DIRECTION('',(0.9954210358026849,0.09558745462407635,0));
#10190=FACE_BOUND('',#10191,.T.);
#10191=EDGE_LOOP('',(#10192,#10193,#10194));
#10192=ORIENTED_EDGE('',*,*,#10195,.T.);
#10193=ORIENTED_EDGE('',*,*,#10196,.T.);
#10194=ORIENTED_EDGE('',*,*,#10197,.T.);
#10195=EDGE_CURVE('',#539,#543,#10198,.F.);
#10196=EDGE_CURVE('',#543,#319,#10199,.T.);
#10197=EDGE_CURVE('',#319,#539,#10200,.T.);
#10198=LINE('',#538,#10201);
#10199=LINE('',#542,#10202);
#10200=LINE('',#318,#10203);
#10201=VECTOR('',#10204,1.0);
#10202=VECTOR('',#10205,1.0);
#10203=VECTOR('',#10206,1.0);
#10204=DIRECTION('',(0.9954210358026849,0.09558745462407635,0));
#10205=DIRECTION('',(-0.1454294580269666,-0.9893686232835478,0));
#10206=DIRECTION('',(-0.9995397262810874,0.03033703324203908,0));
#10207=FACE_SURFACE('',(#10212),#10208,.T.);
#10208=PLANE('',#10209);
#10209=AXIS2_PLACEMENT_3D('',#318,#10210,#10211);
#10210=DIRECTION('',(0,0,-1));
#10211=DIRECTION('',(0.1454294580269666,0.9893686232835478,0));
#10212=FACE_BOUND('',#10213,.T.);
#10213=EDGE_LOOP('',(#10214,#10215,#10216));
#10214=ORIENTED_EDGE('',*,*,#10217,.T.);
#10215=ORIENTED_EDGE('',*,*,#10218,.T.);
#10216=ORIENTED_EDGE('',*,*,#10219,.T.);
#10217=EDGE_CURVE('',#319,#543,#10220,.F.);
#10218=EDGE_CURVE('',#543,#541,#10221,.T.);
#10219=EDGE_CURVE('',#541,#319,#10222,.T.);
#10220=LINE('',#318,#10223);
#10221=LINE('',#542,#10224);
#10222=LINE('',#540,#10225);
#10223=VECTOR('',#10226,1.0);
#10224=VECTOR('',#10227,1.0);
#10225=VECTOR('',#10228,1.0);
#10226=DIRECTION('',(0.1454294580269666,0.9893686232835478,0));
#10227=DIRECTION('',(0.9762947652646942,-0.2164452155090426,0));
#10228=DIRECTION('',(-0.4115391340292745,-0.9113920896970934,0));
#10229=FACE_SURFACE('',(#10234),#10230,.T.);
#10230=PLANE('',#10231);
#10231=AXIS2_PLACEMENT_3D('',#326,#10232,#10233);
#10232=DIRECTION('',(0,0,-1));
#10233=DIRECTION('',(0.6130740971561827,0.7900254118673218,0));
#10234=FACE_BOUND('',#10235,.T.);
#10235=EDGE_LOOP('',(#10236,#10237,#10238));
#10236=ORIENTED_EDGE('',*,*,#10239,.T.);
#10237=ORIENTED_EDGE('',*,*,#10240,.T.);
#10238=ORIENTED_EDGE('',*,*,#10241,.T.);
#10239=EDGE_CURVE('',#327,#323,#10242,.F.);
#10240=EDGE_CURVE('',#323,#449,#10243,.T.);
#10241=EDGE_CURVE('',#449,#327,#10244,.T.);
#10242=LINE('',#326,#10245);
#10243=LINE('',#322,#10246);
#10244=LINE('',#448,#10247);
#10245=VECTOR('',#10248,1.0);
#10246=VECTOR('',#10249,1.0);
#10247=VECTOR('',#10250,1.0);
#10248=DIRECTION('',(0.6130740971561827,0.7900254118673218,0));
#10249=DIRECTION('',(0.6756093017079463,-0.7372598398432543,0));
#10250=DIRECTION('',(-0.7628954536604767,-0.6465218687594222,0));
#10251=FACE_SURFACE('',(#10256),#10252,.T.);
#10252=PLANE('',#10253);
#10253=AXIS2_PLACEMENT_3D('',#326,#10254,#10255);
#10254=DIRECTION('',(0,0,-1));
#10255=DIRECTION('',(0.997977172770326,-0.06357328550064796,0));
#10256=FACE_BOUND('',#10257,.T.);
#10257=EDGE_LOOP('',(#10258,#10259,#10260));
#10258=ORIENTED_EDGE('',*,*,#10261,.T.);
#10259=ORIENTED_EDGE('',*,*,#10262,.T.);
#10260=ORIENTED_EDGE('',*,*,#10263,.T.);
#10261=EDGE_CURVE('',#327,#545,#10264,.F.);
#10262=EDGE_CURVE('',#545,#453,#10265,.T.);
#10263=EDGE_CURVE('',#453,#327,#10266,.T.);
#10264=LINE('',#326,#10267);
#10265=LINE('',#544,#10268);
#10266=LINE('',#452,#10269);
#10267=VECTOR('',#10270,1.0);
#10268=VECTOR('',#10271,1.0);
#10269=VECTOR('',#10272,1.0);
#10270=DIRECTION('',(0.997977172770326,-0.06357328550064796,0));
#10271=DIRECTION('',(-0.9985937216878109,0.05301489418726628,0));
#10272=DIRECTION('',(-0.9781534717245793,0.2078840680599466,0));
#10273=FACE_SURFACE('',(#10278),#10274,.T.);
#10274=PLANE('',#10275);
#10275=AXIS2_PLACEMENT_3D('',#326,#10276,#10277);
#10276=DIRECTION('',(0,0,-1));
#10277=DIRECTION('',(0.9942658633464553,0.10693639690922799,0));
#10278=FACE_BOUND('',#10279,.T.);
#10279=EDGE_LOOP('',(#10280,#10281,#10282));
#10280=ORIENTED_EDGE('',*,*,#10283,.T.);
#10281=ORIENTED_EDGE('',*,*,#10284,.T.);
#10282=ORIENTED_EDGE('',*,*,#10285,.T.);
#10283=EDGE_CURVE('',#327,#547,#10286,.F.);
#10284=EDGE_CURVE('',#547,#545,#10287,.T.);
#10285=EDGE_CURVE('',#545,#327,#10288,.T.);
#10286=LINE('',#326,#10289);
#10287=LINE('',#546,#10290);
#10288=LINE('',#544,#10291);
#10289=VECTOR('',#10292,1.0);
#10290=VECTOR('',#10293,1.0);
#10291=VECTOR('',#10294,1.0);
#10292=DIRECTION('',(0.9942658633464553,0.10693639690922799,0));
#10293=DIRECTION('',(0.38269699204669655,-0.9238739157906832,0));
#10294=DIRECTION('',(-0.997977172770326,0.06357328550064796,0));
#10295=FACE_SURFACE('',(#10300),#10296,.T.);
#10296=PLANE('',#10297);
#10297=AXIS2_PLACEMENT_3D('',#326,#10298,#10299);
#10298=DIRECTION('',(0,0,-1));
#10299=DIRECTION('',(0.9570134483330062,0.2900435479540418,0));
#10300=FACE_BOUND('',#10301,.T.);
#10301=EDGE_LOOP('',(#10302,#10303,#10304));
#10302=ORIENTED_EDGE('',*,*,#10305,.T.);
#10303=ORIENTED_EDGE('',*,*,#10306,.T.);
#10304=ORIENTED_EDGE('',*,*,#10307,.T.);
#10305=EDGE_CURVE('',#327,#549,#10308,.F.);
#10306=EDGE_CURVE('',#549,#547,#10309,.T.);
#10307=EDGE_CURVE('',#547,#327,#10310,.T.);
#10308=LINE('',#326,#10311);
#10309=LINE('',#548,#10312);
#10310=LINE('',#546,#10313);
#10311=VECTOR('',#10314,1.0);
#10312=VECTOR('',#10315,1.0);
#10313=VECTOR('',#10316,1.0);
#10314=DIRECTION('',(0.9570134483330062,0.2900435479540418,0));
#10315=DIRECTION('',(0.46176242625704467,-0.8870036424373958,0));
#10316=DIRECTION('',(-0.9942658633464553,-0.10693639690922799,0));
#10317=FACE_SURFACE('',(#10322),#10318,.T.);
#10318=PLANE('',#10319);
#10319=AXIS2_PLACEMENT_3D('',#326,#10320,#10321);
#10320=DIRECTION('',(0,0,-1));
#10321=DIRECTION('',(0.8800358475361557,0.47490726152725876,0));
#10322=FACE_BOUND('',#10323,.T.);
#10323=EDGE_LOOP('',(#10324,#10325,#10326));
#10324=ORIENTED_EDGE('',*,*,#10327,.T.);
#10325=ORIENTED_EDGE('',*,*,#10328,.T.);
#10326=ORIENTED_EDGE('',*,*,#10329,.T.);
#10327=EDGE_CURVE('',#327,#551,#10330,.F.);
#10328=EDGE_CURVE('',#551,#549,#10331,.T.);
#10329=EDGE_CURVE('',#549,#327,#10332,.T.);
#10330=LINE('',#326,#10333);
#10331=LINE('',#550,#10334);
#10332=LINE('',#548,#10335);
#10333=VECTOR('',#10336,1.0);
#10334=VECTOR('',#10337,1.0);
#10335=VECTOR('',#10338,1.0);
#10336=DIRECTION('',(0.8800358475361557,0.47490726152725876,0));
#10337=DIRECTION('',(0.5372919155439425,-0.8433963466195007,0));
#10338=DIRECTION('',(-0.9570134483330062,-0.2900435479540418,0));
#10339=FACE_SURFACE('',(#10344),#10340,.T.);
#10340=PLANE('',#10341);
#10341=AXIS2_PLACEMENT_3D('',#326,#10342,#10343);
#10342=DIRECTION('',(0,0,-1));
#10343=DIRECTION('',(0.7628954536604767,0.6465218687594222,0));
#10344=FACE_BOUND('',#10345,.T.);
#10345=EDGE_LOOP('',(#10346,#10347,#10348));
#10346=ORIENTED_EDGE('',*,*,#10349,.T.);
#10347=ORIENTED_EDGE('',*,*,#10350,.T.);
#10348=ORIENTED_EDGE('',*,*,#10351,.T.);
#10349=EDGE_CURVE('',#327,#449,#10352,.F.);
#10350=EDGE_CURVE('',#449,#551,#10353,.T.);
#10351=EDGE_CURVE('',#551,#327,#10354,.T.);
#10352=LINE('',#326,#10355);
#10353=LINE('',#448,#10356);
#10354=LINE('',#550,#10357);
#10355=VECTOR('',#10358,1.0);
#10356=VECTOR('',#10359,1.0);
#10357=VECTOR('',#10360,1.0);
#10358=DIRECTION('',(0.7628954536604767,0.6465218687594222,0));
#10359=DIRECTION('',(0.6087446461307758,-0.7933662179643878,0));
#10360=DIRECTION('',(-0.8800358475361557,-0.47490726152725876,0));
#10361=FACE_SURFACE('',(#10366),#10362,.T.);
#10362=PLANE('',#10363);
#10363=AXIS2_PLACEMENT_3D('',#344,#10364,#10365);
#10364=DIRECTION('',(-0.2078840680599466,0.9781534717245794,0));
#10365=DIRECTION('',(0.10840201405523812,0.02303835984752263,0.9938401467662211));
#10366=FACE_BOUND('',#10367,.T.);
#10367=EDGE_LOOP('',(#10368,#10369,#10370));
#10368=ORIENTED_EDGE('',*,*,#10371,.T.);
#10369=ORIENTED_EDGE('',*,*,#10372,.T.);
#10370=ORIENTED_EDGE('',*,*,#10373,.T.);
#10371=EDGE_CURVE('',#345,#465,#10374,.F.);
#10372=EDGE_CURVE('',#465,#553,#10375,.T.);
#10373=EDGE_CURVE('',#553,#345,#10376,.T.);
#10374=LINE('',#344,#10377);
#10375=LINE('',#464,#10378);
#10376=LINE('',#552,#10379);
#10377=VECTOR('',#10380,1.0);
#10378=VECTOR('',#10381,1.0);
#10379=VECTOR('',#10382,1.0);
#10380=DIRECTION('',(0.10840201405523812,0.02303835984752263,0.9938401467662211));
#10381=DIRECTION('',(0,0,-1));
#10382=DIRECTION('',(-0.9781534717245793,-0.2078840680599466,0));
#10383=FACE_SURFACE('',(#10388),#10384,.T.);
#10384=PLANE('',#10385);
#10385=AXIS2_PLACEMENT_3D('',#554,#10386,#10387);
#10386=DIRECTION('',(0,0,-1));
#10387=DIRECTION('',(-0.9950550425745377,0.09932503333493073,0));
#10388=FACE_BOUND('',#10389,.T.);
#10389=EDGE_LOOP('',(#10390,#10391,#10392));
#10390=ORIENTED_EDGE('',*,*,#10393,.T.);
#10391=ORIENTED_EDGE('',*,*,#10394,.T.);
#10392=ORIENTED_EDGE('',*,*,#10395,.T.);
#10393=EDGE_CURVE('',#555,#345,#10396,.F.);
#10394=EDGE_CURVE('',#345,#553,#10397,.T.);
#10395=EDGE_CURVE('',#553,#555,#10398,.T.);
#10396=LINE('',#554,#10399);
#10397=LINE('',#344,#10400);
#10398=LINE('',#552,#10401);
#10399=VECTOR('',#10402,1.0);
#10400=VECTOR('',#10403,1.0);
#10401=VECTOR('',#10404,1.0);
#10402=DIRECTION('',(-0.9950550425745377,0.09932503333493073,0));
#10403=DIRECTION('',(0.9781534717245793,0.2078840680599466,0));
#10404=DIRECTION('',(0.9929349044746537,-0.11866033657423275,0));
#10405=FACE_SURFACE('',(#10410),#10406,.T.);
#10406=PLANE('',#10407);
#10407=AXIS2_PLACEMENT_3D('',#470,#10408,#10409);
#10408=DIRECTION('',(0,0,-1));
#10409=DIRECTION('',(-1,0,0));
#10410=FACE_BOUND('',#10411,.T.);
#10411=EDGE_LOOP('',(#10412,#10413,#10414));
#10412=ORIENTED_EDGE('',*,*,#10415,.T.);
#10413=ORIENTED_EDGE('',*,*,#10416,.T.);
#10414=ORIENTED_EDGE('',*,*,#10417,.T.);
#10415=EDGE_CURVE('',#471,#347,#10418,.F.);
#10416=EDGE_CURVE('',#347,#345,#10419,.T.);
#10417=EDGE_CURVE('',#345,#471,#10420,.T.);
#10418=LINE('',#470,#10421);
#10419=LINE('',#346,#10422);
#10420=LINE('',#344,#10423);
#10421=VECTOR('',#10424,1.0);
#10422=VECTOR('',#10425,1.0);
#10423=VECTOR('',#10426,1.0);
#10424=DIRECTION('',(-1,0,0));
#10425=DIRECTION('',(0.026086059781257283,0.9996597008407854,0));
#10426=DIRECTION('',(0,-1,0));
#10427=FACE_SURFACE('',(#10432),#10428,.T.);
#10428=PLANE('',#10429);
#10429=AXIS2_PLACEMENT_3D('',#554,#10430,#10431);
#10430=DIRECTION('',(-0,0,-1));
#10431=DIRECTION('',(-0.4103066406835513,-0.9119476194447679,0));
#10432=FACE_BOUND('',#10433,.T.);
#10433=EDGE_LOOP('',(#10434,#10435,#10436));
#10434=ORIENTED_EDGE('',*,*,#10437,.T.);
#10435=ORIENTED_EDGE('',*,*,#10438,.T.);
#10436=ORIENTED_EDGE('',*,*,#10439,.T.);
#10437=EDGE_CURVE('',#555,#471,#10440,.F.);
#10438=EDGE_CURVE('',#471,#345,#10441,.T.);
#10439=EDGE_CURVE('',#345,#555,#10442,.T.);
#10440=LINE('',#554,#10443);
#10441=LINE('',#470,#10444);
#10442=LINE('',#344,#10445);
#10443=VECTOR('',#10446,1.0);
#10444=VECTOR('',#10447,1.0);
#10445=VECTOR('',#10448,1.0);
#10446=DIRECTION('',(-0.4103066406835513,-0.9119476194447679,0));
#10447=DIRECTION('',(0,1,0));
#10448=DIRECTION('',(0.9950550425745377,-0.09932503333493073,0));
#10449=FACE_SURFACE('',(#10454),#10450,.T.);
#10450=PLANE('',#10451);
#10451=AXIS2_PLACEMENT_3D('',#354,#10452,#10453);
#10452=DIRECTION('',(-0.5320554310803605,-0.8467095241332129,-0));
#10453=DIRECTION('',(0,0,-1));
#10454=FACE_BOUND('',#10455,.T.);
#10455=EDGE_LOOP('',(#10456,#10457,#10458));
#10456=ORIENTED_EDGE('',*,*,#10459,.T.);
#10457=ORIENTED_EDGE('',*,*,#10460,.T.);
#10458=ORIENTED_EDGE('',*,*,#10461,.T.);
#10459=EDGE_CURVE('',#355,#353,#10462,.F.);
#10460=EDGE_CURVE('',#353,#557,#10463,.T.);
#10461=EDGE_CURVE('',#557,#355,#10464,.T.);
#10462=LINE('',#354,#10465);
#10463=LINE('',#352,#10466);
#10464=LINE('',#556,#10467);
#10465=VECTOR('',#10468,1.0);
#10466=VECTOR('',#10469,1.0);
#10467=VECTOR('',#10470,1.0);
#10468=DIRECTION('',(0,0,-1));
#10469=DIRECTION('',(0.8467095241332129,-0.5320554310803604,0));
#10470=DIRECTION('',(-0.09421114594048013,0.05920041104681213,0.993790506753043));
#10471=FACE_SURFACE('',(#10476),#10472,.T.);
#10472=PLANE('',#10473);
#10473=AXIS2_PLACEMENT_3D('',#352,#10474,#10475);
#10474=DIRECTION('',(0,0,-1));
#10475=DIRECTION('',(0.9998663417328876,-0.016349271228171414,0));
#10476=FACE_BOUND('',#10477,.T.);
#10477=EDGE_LOOP('',(#10478,#10479,#10480));
#10478=ORIENTED_EDGE('',*,*,#10481,.T.);
#10479=ORIENTED_EDGE('',*,*,#10482,.T.);
#10480=ORIENTED_EDGE('',*,*,#10483,.T.);
#10481=EDGE_CURVE('',#353,#475,#10484,.F.);
#10482=EDGE_CURVE('',#475,#557,#10485,.T.);
#10483=EDGE_CURVE('',#557,#353,#10486,.T.);
#10484=LINE('',#352,#10487);
#10485=LINE('',#474,#10488);
#10486=LINE('',#556,#10489);
#10487=VECTOR('',#10490,1.0);
#10488=VECTOR('',#10491,1.0);
#10489=VECTOR('',#10492,1.0);
#10490=DIRECTION('',(0.9998663417328876,-0.016349271228171414,0));
#10491=DIRECTION('',(-0.9999660064639374,0.008245357273305743,0));
#10492=DIRECTION('',(-0.8467095241332129,0.5320554310803604,0));
#10493=FACE_SURFACE('',(#10498),#10494,.T.);
#10494=PLANE('',#10495);
#10495=AXIS2_PLACEMENT_3D('',#354,#10496,#10497);
#10496=DIRECTION('',(-0.5320554310803605,-0.8467095241332129,0));
#10497=DIRECTION('',(0.09421114594048013,-0.05920041104681213,-0.993790506753043));
#10498=FACE_BOUND('',#10499,.T.);
#10499=EDGE_LOOP('',(#10500,#10501,#10502));
#10500=ORIENTED_EDGE('',*,*,#10503,.T.);
#10501=ORIENTED_EDGE('',*,*,#10504,.T.);
#10502=ORIENTED_EDGE('',*,*,#10505,.T.);
#10503=EDGE_CURVE('',#355,#557,#10506,.F.);
#10504=EDGE_CURVE('',#557,#559,#10507,.T.);
#10505=EDGE_CURVE('',#559,#355,#10508,.T.);
#10506=LINE('',#354,#10509);
#10507=LINE('',#556,#10510);
#10508=LINE('',#558,#10511);
#10509=VECTOR('',#10512,1.0);
#10510=VECTOR('',#10513,1.0);
#10511=VECTOR('',#10514,1.0);
#10512=DIRECTION('',(0.09421114594048013,-0.05920041104681213,-0.993790506753043));
#10513=DIRECTION('',(0,0,1));
#10514=DIRECTION('',(-0.8467095241332129,0.5320554310803604,0));
#10515=FACE_SURFACE('',(#10520),#10516,.T.);
#10516=PLANE('',#10517);
#10517=AXIS2_PLACEMENT_3D('',#558,#10518,#10519);
#10518=DIRECTION('',(-0,-0,1));
#10519=DIRECTION('',(0.9999660064639374,-0.008245357273305743,0));
#10520=FACE_BOUND('',#10521,.T.);
#10521=EDGE_LOOP('',(#10522,#10523,#10524));
#10522=ORIENTED_EDGE('',*,*,#10525,.T.);
#10523=ORIENTED_EDGE('',*,*,#10526,.T.);
#10524=ORIENTED_EDGE('',*,*,#10527,.T.);
#10525=EDGE_CURVE('',#559,#359,#10528,.F.);
#10526=EDGE_CURVE('',#359,#355,#10529,.T.);
#10527=EDGE_CURVE('',#355,#559,#10530,.T.);
#10528=LINE('',#558,#10531);
#10529=LINE('',#358,#10532);
#10530=LINE('',#354,#10533);
#10531=VECTOR('',#10534,1.0);
#10532=VECTOR('',#10535,1.0);
#10533=VECTOR('',#10536,1.0);
#10534=DIRECTION('',(0.9999660064639374,-0.008245357273305743,0));
#10535=DIRECTION('',(-0.9998663417328876,0.016349271228171414,0));
#10536=DIRECTION('',(0.8467095241332129,-0.5320554310803604,0));
#10537=FACE_SURFACE('',(#10542),#10538,.T.);
#10538=PLANE('',#10539);
#10539=AXIS2_PLACEMENT_3D('',#472,#10540,#10541);
#10540=DIRECTION('',(0.5320554310803605,-0.8467095241332129,0));
#10541=DIRECTION('',(0,0,1));
#10542=FACE_BOUND('',#10543,.T.);
#10543=EDGE_LOOP('',(#10544,#10545,#10546));
#10544=ORIENTED_EDGE('',*,*,#10547,.T.);
#10545=ORIENTED_EDGE('',*,*,#10548,.T.);
#10546=ORIENTED_EDGE('',*,*,#10549,.T.);
#10547=EDGE_CURVE('',#473,#357,#10550,.F.);
#10548=EDGE_CURVE('',#357,#561,#10551,.T.);
#10549=EDGE_CURVE('',#561,#473,#10552,.T.);
#10550=LINE('',#472,#10553);
#10551=LINE('',#356,#10554);
#10552=LINE('',#560,#10555);
#10553=VECTOR('',#10556,1.0);
#10554=VECTOR('',#10557,1.0);
#10555=VECTOR('',#10558,1.0);
#10556=DIRECTION('',(0,0,1));
#10557=DIRECTION('',(-0.8467095241332129,-0.5320554310803604,0));
#10558=DIRECTION('',(0.09421114594048013,0.05920041104681213,-0.993790506753043));
#10559=FACE_SURFACE('',(#10564),#10560,.T.);
#10560=PLANE('',#10561);
#10561=AXIS2_PLACEMENT_3D('',#356,#10562,#10563);
#10562=DIRECTION('',(0,0,1));
#10563=DIRECTION('',(-0.9983639653224988,-0.057178603913846375,0));
#10564=FACE_BOUND('',#10565,.T.);
#10565=EDGE_LOOP('',(#10566,#10567,#10568));
#10566=ORIENTED_EDGE('',*,*,#10569,.T.);
#10567=ORIENTED_EDGE('',*,*,#10570,.T.);
#10568=ORIENTED_EDGE('',*,*,#10571,.T.);
#10569=EDGE_CURVE('',#357,#361,#10572,.F.);
#10570=EDGE_CURVE('',#361,#561,#10573,.T.);
#10571=EDGE_CURVE('',#561,#357,#10574,.T.);
#10572=LINE('',#356,#10575);
#10573=LINE('',#360,#10576);
#10574=LINE('',#560,#10577);
#10575=VECTOR('',#10578,1.0);
#10576=VECTOR('',#10579,1.0);
#10577=VECTOR('',#10580,1.0);
#10578=DIRECTION('',(-0.9983639653224988,-0.057178603913846375,0));
#10579=DIRECTION('',(0.9993592565352645,0.035792127308719675,0));
#10580=DIRECTION('',(0.8467095241332129,0.5320554310803604,0));
#10581=FACE_SURFACE('',(#10586),#10582,.T.);
#10582=PLANE('',#10583);
#10583=AXIS2_PLACEMENT_3D('',#562,#10584,#10585);
#10584=DIRECTION('',(1,-0,0));
#10585=DIRECTION('',(0,0.11080834547767077,-0.9938417935328042));
#10586=FACE_BOUND('',#10587,.T.);
#10587=EDGE_LOOP('',(#10588,#10589,#10590));
#10588=ORIENTED_EDGE('',*,*,#10591,.T.);
#10589=ORIENTED_EDGE('',*,*,#10592,.T.);
#10590=ORIENTED_EDGE('',*,*,#10593,.T.);
#10591=EDGE_CURVE('',#563,#475,#10594,.F.);
#10592=EDGE_CURVE('',#475,#359,#10595,.T.);
#10593=EDGE_CURVE('',#359,#563,#10596,.T.);
#10594=LINE('',#562,#10597);
#10595=LINE('',#474,#10598);
#10596=LINE('',#358,#10599);
#10597=VECTOR('',#10600,1.0);
#10598=VECTOR('',#10601,1.0);
#10599=VECTOR('',#10602,1.0);
#10600=DIRECTION('',(0,0.11080834547767077,-0.9938417935328042));
#10601=DIRECTION('',(0,0,1));
#10602=DIRECTION('',(0,-1,0));
#10603=FACE_SURFACE('',(#10608),#10604,.T.);
#10604=PLANE('',#10605);
#10605=AXIS2_PLACEMENT_3D('',#358,#10606,#10607);
#10606=DIRECTION('',(0,0,1));
#10607=DIRECTION('',(-0.9999959502570426,-0.0028459566958272263,0));
#10608=FACE_BOUND('',#10609,.T.);
#10609=EDGE_LOOP('',(#10610,#10611,#10612));
#10610=ORIENTED_EDGE('',*,*,#10613,.T.);
#10611=ORIENTED_EDGE('',*,*,#10614,.T.);
#10612=ORIENTED_EDGE('',*,*,#10615,.T.);
#10613=EDGE_CURVE('',#359,#565,#10616,.F.);
#10614=EDGE_CURVE('',#565,#563,#10617,.T.);
#10615=EDGE_CURVE('',#563,#359,#10618,.T.);
#10616=LINE('',#358,#10619);
#10617=LINE('',#564,#10620);
#10618=LINE('',#562,#10621);
#10619=VECTOR('',#10622,1.0);
#10620=VECTOR('',#10623,1.0);
#10621=VECTOR('',#10624,1.0);
#10622=DIRECTION('',(-0.9999959502570426,-0.0028459566958272263,0));
#10623=DIRECTION('',(0.9999167426286291,-0.012903790565257645,0));
#10624=DIRECTION('',(0,1,0));
#10625=FACE_SURFACE('',(#10630),#10626,.T.);
#10626=PLANE('',#10627);
#10627=AXIS2_PLACEMENT_3D('',#558,#10628,#10629);
#10628=DIRECTION('',(0,0,1));
#10629=DIRECTION('',(0.7071431222776324,-0.7070704382276501,0));
#10630=FACE_BOUND('',#10631,.T.);
#10631=EDGE_LOOP('',(#10632,#10633,#10634));
#10632=ORIENTED_EDGE('',*,*,#10635,.T.);
#10633=ORIENTED_EDGE('',*,*,#10636,.T.);
#10634=ORIENTED_EDGE('',*,*,#10637,.T.);
#10635=EDGE_CURVE('',#559,#565,#10638,.F.);
#10636=EDGE_CURVE('',#565,#359,#10639,.T.);
#10637=EDGE_CURVE('',#359,#559,#10640,.T.);
#10638=LINE('',#558,#10641);
#10639=LINE('',#564,#10642);
#10640=LINE('',#358,#10643);
#10641=VECTOR('',#10644,1.0);
#10642=VECTOR('',#10645,1.0);
#10643=VECTOR('',#10646,1.0);
#10644=DIRECTION('',(0.7071431222776324,-0.7070704382276501,0));
#10645=DIRECTION('',(0.9999959502570426,0.0028459566958272263,0));
#10646=DIRECTION('',(-0.9999660064639374,0.008245357273305743,0));
#10647=FACE_SURFACE('',(#10652),#10648,.T.);
#10648=PLANE('',#10649);
#10649=AXIS2_PLACEMENT_3D('',#476,#10650,#10651);
#10650=DIRECTION('',(-0.8752446885655087,-0.4836804059891879,0));
#10651=DIRECTION('',(0.08885856297698082,-0.1607941614258915,0.9829798540341559));
#10652=FACE_BOUND('',#10653,.T.);
#10653=EDGE_LOOP('',(#10654,#10655,#10656));
#10654=ORIENTED_EDGE('',*,*,#10657,.T.);
#10655=ORIENTED_EDGE('',*,*,#10658,.T.);
#10656=ORIENTED_EDGE('',*,*,#10659,.T.);
#10657=EDGE_CURVE('',#477,#567,#10660,.F.);
#10658=EDGE_CURVE('',#567,#361,#10661,.T.);
#10659=EDGE_CURVE('',#361,#477,#10662,.T.);
#10660=LINE('',#476,#10663);
#10661=LINE('',#566,#10664);
#10662=LINE('',#360,#10665);
#10663=VECTOR('',#10666,1.0);
#10664=VECTOR('',#10667,1.0);
#10665=VECTOR('',#10668,1.0);
#10666=DIRECTION('',(0.08885856297698082,-0.1607941614258915,0.9829798540341559));
#10667=DIRECTION('',(-0.48368040598918793,0.8752446885655089,0));
#10668=DIRECTION('',(0,0,-1));
#10669=FACE_SURFACE('',(#10674),#10670,.T.);
#10670=PLANE('',#10671);
#10671=AXIS2_PLACEMENT_3D('',#568,#10672,#10673);
#10672=DIRECTION('',(0,0,1));
#10673=DIRECTION('',(-0.999385922433754,0.035039663828786,0));
#10674=FACE_BOUND('',#10675,.T.);
#10675=EDGE_LOOP('',(#10676,#10677,#10678));
#10676=ORIENTED_EDGE('',*,*,#10679,.T.);
#10677=ORIENTED_EDGE('',*,*,#10680,.T.);
#10678=ORIENTED_EDGE('',*,*,#10681,.T.);
#10679=EDGE_CURVE('',#569,#361,#10682,.F.);
#10680=EDGE_CURVE('',#361,#567,#10683,.T.);
#10681=EDGE_CURVE('',#567,#569,#10684,.T.);
#10682=LINE('',#568,#10685);
#10683=LINE('',#360,#10686);
#10684=LINE('',#566,#10687);
#10685=VECTOR('',#10688,1.0);
#10686=VECTOR('',#10689,1.0);
#10687=VECTOR('',#10690,1.0);
#10688=DIRECTION('',(-0.999385922433754,0.035039663828786,0));
#10689=DIRECTION('',(0.48368040598918793,-0.8752446885655089,0));
#10690=DIRECTION('',(0.9993928600807486,0.0348412287329406,0));
#10691=FACE_SURFACE('',(#10696),#10692,.T.);
#10692=PLANE('',#10693);
#10693=AXIS2_PLACEMENT_3D('',#570,#10694,#10695);
#10694=DIRECTION('',(0,0,1));
#10695=DIRECTION('',(-0.9999894963244506,-0.00458336565982714,0));
#10696=FACE_BOUND('',#10697,.T.);
#10697=EDGE_LOOP('',(#10698,#10699,#10700));
#10698=ORIENTED_EDGE('',*,*,#10701,.T.);
#10699=ORIENTED_EDGE('',*,*,#10702,.T.);
#10700=ORIENTED_EDGE('',*,*,#10703,.T.);
#10701=EDGE_CURVE('',#571,#361,#10704,.F.);
#10702=EDGE_CURVE('',#361,#569,#10705,.T.);
#10703=EDGE_CURVE('',#569,#571,#10706,.T.);
#10704=LINE('',#570,#10707);
#10705=LINE('',#360,#10708);
#10706=LINE('',#568,#10709);
#10707=VECTOR('',#10710,1.0);
#10708=VECTOR('',#10711,1.0);
#10709=VECTOR('',#10712,1.0);
#10710=DIRECTION('',(-0.9999894963244506,-0.00458336565982714,0));
#10711=DIRECTION('',(0.999385922433754,-0.035039663828786,0));
#10712=DIRECTION('',(0.5320390592813571,0.846719811625433,0));
#10713=FACE_SURFACE('',(#10718),#10714,.T.);
#10714=PLANE('',#10715);
#10715=AXIS2_PLACEMENT_3D('',#360,#10716,#10717);
#10716=DIRECTION('',(0,0,1));
#10717=DIRECTION('',(0.9999894963244506,0.00458336565982714,0));
#10718=FACE_BOUND('',#10719,.T.);
#10719=EDGE_LOOP('',(#10720,#10721,#10722));
#10720=ORIENTED_EDGE('',*,*,#10723,.T.);
#10721=ORIENTED_EDGE('',*,*,#10724,.T.);
#10722=ORIENTED_EDGE('',*,*,#10725,.T.);
#10723=EDGE_CURVE('',#361,#571,#10726,.F.);
#10724=EDGE_CURVE('',#571,#561,#10727,.T.);
#10725=EDGE_CURVE('',#561,#361,#10728,.T.);
#10726=LINE('',#360,#10729);
#10727=LINE('',#570,#10730);
#10728=LINE('',#560,#10731);
#10729=VECTOR('',#10732,1.0);
#10730=VECTOR('',#10733,1.0);
#10731=VECTOR('',#10734,1.0);
#10732=DIRECTION('',(0.9999894963244506,0.00458336565982714,0));
#10733=DIRECTION('',(0.7071431222776324,0.7070704382276501,0));
#10734=DIRECTION('',(-0.9993592565352645,-0.035792127308719675,0));
#10735=FACE_SURFACE('',(#10740),#10736,.T.);
#10736=PLANE('',#10737);
#10737=AXIS2_PLACEMENT_3D('',#362,#10738,#10739);
#10738=DIRECTION('',(-0.9858778170373924,0.16746620516864216,0));
#10739=DIRECTION('',(0,0,1));
#10740=FACE_BOUND('',#10741,.T.);
#10741=EDGE_LOOP('',(#10742,#10743,#10744));
#10742=ORIENTED_EDGE('',*,*,#10745,.T.);
#10743=ORIENTED_EDGE('',*,*,#10746,.T.);
#10744=ORIENTED_EDGE('',*,*,#10747,.T.);
#10745=EDGE_CURVE('',#363,#365,#10748,.F.);
#10746=EDGE_CURVE('',#365,#479,#10749,.T.);
#10747=EDGE_CURVE('',#479,#363,#10750,.T.);
#10748=LINE('',#362,#10751);
#10749=LINE('',#364,#10752);
#10750=LINE('',#478,#10753);
#10751=VECTOR('',#10754,1.0);
#10752=VECTOR('',#10755,1.0);
#10753=VECTOR('',#10756,1.0);
#10754=DIRECTION('',(0,0,1));
#10755=DIRECTION('',(0.030766106206807278,0.18112085119121868,-0.9829794931597707));
#10756=DIRECTION('',(-0.16746620516864216,-0.9858778170373924,0));
#10757=FACE_SURFACE('',(#10762),#10758,.T.);
#10758=PLANE('',#10759);
#10759=AXIS2_PLACEMENT_3D('',#478,#10760,#10761);
#10760=DIRECTION('',(-0.9858778170373924,0.16746620516864216,0));
#10761=DIRECTION('',(-0.030766106206807278,-0.18112085119121868,0.9829794931597707));
#10762=FACE_BOUND('',#10763,.T.);
#10763=EDGE_LOOP('',(#10764,#10765,#10766));
#10764=ORIENTED_EDGE('',*,*,#10767,.T.);
#10765=ORIENTED_EDGE('',*,*,#10768,.T.);
#10766=ORIENTED_EDGE('',*,*,#10769,.T.);
#10767=EDGE_CURVE('',#479,#365,#10770,.F.);
#10768=EDGE_CURVE('',#365,#367,#10771,.T.);
#10769=EDGE_CURVE('',#367,#479,#10772,.T.);
#10770=LINE('',#478,#10773);
#10771=LINE('',#364,#10774);
#10772=LINE('',#366,#10775);
#10773=VECTOR('',#10776,1.0);
#10774=VECTOR('',#10777,1.0);
#10775=VECTOR('',#10778,1.0);
#10776=DIRECTION('',(-0.030766106206807278,-0.18112085119121868,0.9829794931597707));
#10777=DIRECTION('',(0.16746620516864216,0.9858778170373924,0));
#10778=DIRECTION('',(0,0,-1));
#10779=FACE_SURFACE('',(#10784),#10780,.T.);
#10780=PLANE('',#10781);
#10781=AXIS2_PLACEMENT_3D('',#478,#10782,#10783);
#10782=DIRECTION('',(-0.9609169671845664,0.27683674282294046,0));
#10783=DIRECTION('',(0,0,1));
#10784=FACE_BOUND('',#10785,.T.);
#10785=EDGE_LOOP('',(#10786,#10787,#10788));
#10786=ORIENTED_EDGE('',*,*,#10789,.T.);
#10787=ORIENTED_EDGE('',*,*,#10790,.T.);
#10788=ORIENTED_EDGE('',*,*,#10791,.T.);
#10789=EDGE_CURVE('',#479,#367,#10792,.F.);
#10790=EDGE_CURVE('',#367,#483,#10793,.T.);
#10791=EDGE_CURVE('',#483,#479,#10794,.T.);
#10792=LINE('',#478,#10795);
#10793=LINE('',#366,#10796);
#10794=LINE('',#482,#10797);
#10795=VECTOR('',#10798,1.0);
#10796=VECTOR('',#10799,1.0);
#10797=VECTOR('',#10800,1.0);
#10798=DIRECTION('',(0,0,1));
#10799=DIRECTION('',(0.050860811208477456,0.17654093151303696,-0.9829783707608855));
#10800=DIRECTION('',(-0.2768367428229405,-0.9609169671845664,0));
#10801=FACE_SURFACE('',(#10806),#10802,.T.);
#10802=PLANE('',#10803);
#10803=AXIS2_PLACEMENT_3D('',#482,#10804,#10805);
#10804=DIRECTION('',(-0.9609169671845664,0.27683674282294046,0));
#10805=DIRECTION('',(-0.050860811208477456,-0.17654093151303696,0.9829783707608855));
#10806=FACE_BOUND('',#10807,.T.);
#10807=EDGE_LOOP('',(#10808,#10809,#10810));
#10808=ORIENTED_EDGE('',*,*,#10811,.T.);
#10809=ORIENTED_EDGE('',*,*,#10812,.T.);
#10810=ORIENTED_EDGE('',*,*,#10813,.T.);
#10811=EDGE_CURVE('',#483,#367,#10814,.F.);
#10812=EDGE_CURVE('',#367,#375,#10815,.T.);
#10813=EDGE_CURVE('',#375,#483,#10816,.T.);
#10814=LINE('',#482,#10817);
#10815=LINE('',#366,#10818);
#10816=LINE('',#374,#10819);
#10817=VECTOR('',#10820,1.0);
#10818=VECTOR('',#10821,1.0);
#10819=VECTOR('',#10822,1.0);
#10820=DIRECTION('',(-0.050860811208477456,-0.17654093151303696,0.9829783707608855));
#10821=DIRECTION('',(0.2768367428229405,0.9609169671845664,0));
#10822=DIRECTION('',(0,0,-1));
#10823=FACE_SURFACE('',(#10828),#10824,.T.);
#10824=PLANE('',#10825);
#10825=AXIS2_PLACEMENT_3D('',#370,#10826,#10827);
#10826=DIRECTION('',(0.3302791960364958,0.9438832833912708,0));
#10827=DIRECTION('',(0,0,-1));
#10828=FACE_BOUND('',#10829,.T.);
#10829=EDGE_LOOP('',(#10830,#10831,#10832));
#10830=ORIENTED_EDGE('',*,*,#10833,.T.);
#10831=ORIENTED_EDGE('',*,*,#10834,.T.);
#10832=ORIENTED_EDGE('',*,*,#10835,.T.);
#10833=EDGE_CURVE('',#371,#369,#10836,.F.);
#10834=EDGE_CURVE('',#369,#573,#10837,.T.);
#10835=EDGE_CURVE('',#573,#371,#10838,.T.);
#10836=LINE('',#370,#10839);
#10837=LINE('',#368,#10840);
#10838=LINE('',#572,#10841);
#10839=VECTOR('',#10842,1.0);
#10840=VECTOR('',#10843,1.0);
#10841=VECTOR('',#10844,1.0);
#10842=DIRECTION('',(0,0,-1));
#10843=DIRECTION('',(-0.9438832833912708,0.3302791960364958,0));
#10844=DIRECTION('',(0.10502410849998116,-0.03674954173909706,0.9937904244938923));
#10845=FACE_SURFACE('',(#10850),#10846,.T.);
#10846=PLANE('',#10847);
#10847=AXIS2_PLACEMENT_3D('',#482,#10848,#10849);
#10848=DIRECTION('',(0,0,-1));
#10849=DIRECTION('',(0.9999642531071489,0.008455324231619496,0));
#10850=FACE_BOUND('',#10851,.T.);
#10851=EDGE_LOOP('',(#10852,#10853,#10854));
#10852=ORIENTED_EDGE('',*,*,#10855,.T.);
#10853=ORIENTED_EDGE('',*,*,#10856,.T.);
#10854=ORIENTED_EDGE('',*,*,#10857,.T.);
#10855=EDGE_CURVE('',#483,#573,#10858,.F.);
#10856=EDGE_CURVE('',#573,#369,#10859,.T.);
#10857=EDGE_CURVE('',#369,#483,#10860,.T.);
#10858=LINE('',#482,#10861);
#10859=LINE('',#572,#10862);
#10860=LINE('',#368,#10863);
#10861=VECTOR('',#10864,1.0);
#10862=VECTOR('',#10865,1.0);
#10863=VECTOR('',#10866,1.0);
#10864=DIRECTION('',(0.9999642531071489,0.008455324231619496,0));
#10865=DIRECTION('',(0.9438832833912708,-0.3302791960364958,0));
#10866=DIRECTION('',(-0.9999870283072192,0.005093448468083592,0));
#10867=FACE_SURFACE('',(#10872),#10868,.T.);
#10868=PLANE('',#10869);
#10869=AXIS2_PLACEMENT_3D('',#370,#10870,#10871);
#10870=DIRECTION('',(0.3302791960364958,0.9438832833912708,0));
#10871=DIRECTION('',(-0.10502410849998116,0.03674954173909706,-0.9937904244938923));
#10872=FACE_BOUND('',#10873,.T.);
#10873=EDGE_LOOP('',(#10874,#10875,#10876));
#10874=ORIENTED_EDGE('',*,*,#10877,.T.);
#10875=ORIENTED_EDGE('',*,*,#10878,.T.);
#10876=ORIENTED_EDGE('',*,*,#10879,.T.);
#10877=EDGE_CURVE('',#371,#573,#10880,.F.);
#10878=EDGE_CURVE('',#573,#575,#10881,.T.);
#10879=EDGE_CURVE('',#575,#371,#10882,.T.);
#10880=LINE('',#370,#10883);
#10881=LINE('',#572,#10884);
#10882=LINE('',#574,#10885);
#10883=VECTOR('',#10886,1.0);
#10884=VECTOR('',#10887,1.0);
#10885=VECTOR('',#10888,1.0);
#10886=DIRECTION('',(-0.10502410849998116,0.03674954173909706,-0.9937904244938923));
#10887=DIRECTION('',(0,0,1));
#10888=DIRECTION('',(0.9438832833912708,-0.3302791960364958,0));
#10889=FACE_SURFACE('',(#10894),#10890,.T.);
#10890=PLANE('',#10891);
#10891=AXIS2_PLACEMENT_3D('',#374,#10892,#10893);
#10892=DIRECTION('',(-0,0,1));
#10893=DIRECTION('',(0.9999870283072192,-0.005093448468083592,0));
#10894=FACE_BOUND('',#10895,.T.);
#10895=EDGE_LOOP('',(#10896,#10897,#10898));
#10896=ORIENTED_EDGE('',*,*,#10899,.T.);
#10897=ORIENTED_EDGE('',*,*,#10900,.T.);
#10898=ORIENTED_EDGE('',*,*,#10901,.T.);
#10899=EDGE_CURVE('',#375,#371,#10902,.F.);
#10900=EDGE_CURVE('',#371,#575,#10903,.T.);
#10901=EDGE_CURVE('',#575,#375,#10904,.T.);
#10902=LINE('',#374,#10905);
#10903=LINE('',#370,#10906);
#10904=LINE('',#574,#10907);
#10905=VECTOR('',#10908,1.0);
#10906=VECTOR('',#10909,1.0);
#10907=VECTOR('',#10910,1.0);
#10908=DIRECTION('',(0.9999870283072192,-0.005093448468083592,0));
#10909=DIRECTION('',(-0.9438832833912708,0.3302791960364958,0));
#10910=DIRECTION('',(-0.9999642531071489,-0.008455324231619496,0));
#10911=FACE_SURFACE('',(#10916),#10912,.T.);
#10912=PLANE('',#10913);
#10913=AXIS2_PLACEMENT_3D('',#480,#10914,#10915);
#10914=DIRECTION('',(-0.3302791960364958,0.9438832833912708,0));
#10915=DIRECTION('',(0,0,1));
#10916=FACE_BOUND('',#10917,.T.);
#10917=EDGE_LOOP('',(#10918,#10919,#10920));
#10918=ORIENTED_EDGE('',*,*,#10921,.T.);
#10919=ORIENTED_EDGE('',*,*,#10922,.T.);
#10920=ORIENTED_EDGE('',*,*,#10923,.T.);
#10921=EDGE_CURVE('',#481,#373,#10924,.F.);
#10922=EDGE_CURVE('',#373,#381,#10925,.T.);
#10923=EDGE_CURVE('',#381,#481,#10926,.T.);
#10924=LINE('',#480,#10927);
#10925=LINE('',#372,#10928);
#10926=LINE('',#380,#10929);
#10927=VECTOR('',#10930,1.0);
#10928=VECTOR('',#10931,1.0);
#10929=VECTOR('',#10932,1.0);
#10930=DIRECTION('',(0,0,1));
#10931=DIRECTION('',(0.9438832833912708,0.3302791960364958,0));
#10932=DIRECTION('',(-0.10502410849998116,-0.03674954173909706,-0.9937904244938923));
#10933=FACE_SURFACE('',(#10938),#10934,.T.);
#10934=PLANE('',#10935);
#10935=AXIS2_PLACEMENT_3D('',#482,#10936,#10937);
#10936=DIRECTION('',(-0.9238671799134756,0.382713252813019,0));
#10937=DIRECTION('',(0,0,1));
#10938=FACE_BOUND('',#10939,.T.);
#10939=EDGE_LOOP('',(#10940,#10941,#10942));
#10940=ORIENTED_EDGE('',*,*,#10943,.T.);
#10941=ORIENTED_EDGE('',*,*,#10944,.T.);
#10942=ORIENTED_EDGE('',*,*,#10945,.T.);
#10943=EDGE_CURVE('',#483,#375,#10946,.F.);
#10944=EDGE_CURVE('',#375,#577,#10947,.T.);
#10945=EDGE_CURVE('',#577,#483,#10948,.T.);
#10946=LINE('',#482,#10949);
#10947=LINE('',#374,#10950);
#10948=LINE('',#576,#10951);
#10949=VECTOR('',#10952,1.0);
#10950=VECTOR('',#10953,1.0);
#10951=VECTOR('',#10954,1.0);
#10952=DIRECTION('',(0,0,1));
#10953=DIRECTION('',(0.07031548991560856,0.16974111268706463,-0.9829769511751968));
#10954=DIRECTION('',(-0.382713252813019,-0.9238671799134756,0));
#10955=FACE_SURFACE('',(#10960),#10956,.T.);
#10956=PLANE('',#10957);
#10957=AXIS2_PLACEMENT_3D('',#576,#10958,#10959);
#10958=DIRECTION('',(-0.9238671799134756,0.382713252813019,0));
#10959=DIRECTION('',(-0.07031548991560856,-0.16974111268706463,0.9829769511751968));
#10960=FACE_BOUND('',#10961,.T.);
#10961=EDGE_LOOP('',(#10962,#10963,#10964));
#10962=ORIENTED_EDGE('',*,*,#10965,.T.);
#10963=ORIENTED_EDGE('',*,*,#10966,.T.);
#10964=ORIENTED_EDGE('',*,*,#10967,.T.);
#10965=EDGE_CURVE('',#577,#375,#10968,.F.);
#10966=EDGE_CURVE('',#375,#579,#10969,.T.);
#10967=EDGE_CURVE('',#579,#577,#10970,.T.);
#10968=LINE('',#576,#10971);
#10969=LINE('',#374,#10972);
#10970=LINE('',#578,#10973);
#10971=VECTOR('',#10974,1.0);
#10972=VECTOR('',#10975,1.0);
#10973=VECTOR('',#10976,1.0);
#10974=DIRECTION('',(-0.07031548991560856,-0.16974111268706463,0.9829769511751968));
#10975=DIRECTION('',(0.382713252813019,0.9238671799134756,0));
#10976=DIRECTION('',(0,0,-1));
#10977=FACE_SURFACE('',(#10982),#10978,.T.);
#10978=PLANE('',#10979);
#10979=AXIS2_PLACEMENT_3D('',#374,#10980,#10981);
#10980=DIRECTION('',(0,0,1));
#10981=DIRECTION('',(0.9979459394931501,0.06406170345170223,0));
#10982=FACE_BOUND('',#10983,.T.);
#10983=EDGE_LOOP('',(#10984,#10985,#10986));
#10984=ORIENTED_EDGE('',*,*,#10987,.T.);
#10985=ORIENTED_EDGE('',*,*,#10988,.T.);
#10986=ORIENTED_EDGE('',*,*,#10989,.T.);
#10987=EDGE_CURVE('',#375,#581,#10990,.F.);
#10988=EDGE_CURVE('',#581,#579,#10991,.T.);
#10989=EDGE_CURVE('',#579,#375,#10992,.T.);
#10990=LINE('',#374,#10993);
#10991=LINE('',#580,#10994);
#10992=LINE('',#578,#10995);
#10993=VECTOR('',#10996,1.0);
#10994=VECTOR('',#10997,1.0);
#10995=VECTOR('',#10998,1.0);
#10996=DIRECTION('',(0.9979459394931501,0.06406170345170223,0));
#10997=DIRECTION('',(-0.9999895039536569,0.00458170083257381,0));
#10998=DIRECTION('',(-0.382713252813019,-0.9238671799134756,0));
#10999=FACE_SURFACE('',(#11004),#11000,.T.);
#11000=PLANE('',#11001);
#11001=AXIS2_PLACEMENT_3D('',#374,#11002,#11003);
#11002=DIRECTION('',(0,0,1));
#11003=DIRECTION('',(0.9994972143372416,0.03170675846084421,0));
#11004=FACE_BOUND('',#11005,.T.);
#11005=EDGE_LOOP('',(#11006,#11007,#11008));
#11006=ORIENTED_EDGE('',*,*,#11009,.T.);
#11007=ORIENTED_EDGE('',*,*,#11010,.T.);
#11008=ORIENTED_EDGE('',*,*,#11011,.T.);
#11009=EDGE_CURVE('',#375,#583,#11012,.F.);
#11010=EDGE_CURVE('',#583,#581,#11013,.T.);
#11011=EDGE_CURVE('',#581,#375,#11014,.T.);
#11012=LINE('',#374,#11015);
#11013=LINE('',#582,#11016);
#11014=LINE('',#580,#11017);
#11015=VECTOR('',#11018,1.0);
#11016=VECTOR('',#11019,1.0);
#11017=VECTOR('',#11020,1.0);
#11018=DIRECTION('',(0.9994972143372416,0.03170675846084421,0));
#11019=DIRECTION('',(-0.7071249514986555,0.7070886104075105,0));
#11020=DIRECTION('',(-0.9979459394931501,-0.06406170345170223,0));
#11021=FACE_SURFACE('',(#11026),#11022,.T.);
#11022=PLANE('',#11023);
#11023=AXIS2_PLACEMENT_3D('',#374,#11024,#11025);
#11024=DIRECTION('',(0,0,1));
#11025=DIRECTION('',(0.9999642531071489,0.008455324231619496,0));
#11026=FACE_BOUND('',#11027,.T.);
#11027=EDGE_LOOP('',(#11028,#11029,#11030));
#11028=ORIENTED_EDGE('',*,*,#11031,.T.);
#11029=ORIENTED_EDGE('',*,*,#11032,.T.);
#11030=ORIENTED_EDGE('',*,*,#11033,.T.);
#11031=EDGE_CURVE('',#375,#575,#11034,.F.);
#11032=EDGE_CURVE('',#575,#583,#11035,.T.);
#11033=EDGE_CURVE('',#583,#375,#11036,.T.);
#11034=LINE('',#374,#11037);
#11035=LINE('',#574,#11038);
#11036=LINE('',#582,#11039);
#11037=VECTOR('',#11040,1.0);
#11038=VECTOR('',#11041,1.0);
#11039=VECTOR('',#11042,1.0);
#11040=DIRECTION('',(0.9999642531071489,0.008455324231619496,0));
#11041=DIRECTION('',(-0.8467095241332129,0.5320554310803604,0));
#11042=DIRECTION('',(-0.9994972143372416,-0.03170675846084421,0));
#11043=FACE_SURFACE('',(#11048),#11044,.T.);
#11044=PLANE('',#11045);
#11045=AXIS2_PLACEMENT_3D('',#584,#11046,#11047);
#11046=DIRECTION('',(0.9781397399549719,0.2079486694374834,0));
#11047=DIRECTION('',(0.02304244204812634,-0.10838601821233454,0.9938417967264882));
#11048=FACE_BOUND('',#11049,.T.);
#11049=EDGE_LOOP('',(#11050,#11051,#11052));
#11050=ORIENTED_EDGE('',*,*,#11053,.T.);
#11051=ORIENTED_EDGE('',*,*,#11054,.T.);
#11052=ORIENTED_EDGE('',*,*,#11055,.T.);
#11053=EDGE_CURVE('',#585,#379,#11056,.F.);
#11054=EDGE_CURVE('',#379,#377,#11057,.T.);
#11055=EDGE_CURVE('',#377,#585,#11058,.T.);
#11056=LINE('',#584,#11059);
#11057=LINE('',#378,#11060);
#11058=LINE('',#376,#11061);
#11059=VECTOR('',#11062,1.0);
#11060=VECTOR('',#11063,1.0);
#11061=VECTOR('',#11064,1.0);
#11062=DIRECTION('',(0.02304244204812634,-0.10838601821233454,0.9938417967264882));
#11063=DIRECTION('',(0,0,-1));
#11064=DIRECTION('',(-0.2079486694374834,0.978139739954972,0));
#11065=FACE_SURFACE('',(#11070),#11066,.T.);
#11066=PLANE('',#11067);
#11067=AXIS2_PLACEMENT_3D('',#376,#11068,#11069);
#11068=DIRECTION('',(0,0,-1));
#11069=DIRECTION('',(-0.9998345399956972,0.018190454408636977,0));
#11070=FACE_BOUND('',#11071,.T.);
#11071=EDGE_LOOP('',(#11072,#11073,#11074));
#11072=ORIENTED_EDGE('',*,*,#11075,.T.);
#11073=ORIENTED_EDGE('',*,*,#11076,.T.);
#11074=ORIENTED_EDGE('',*,*,#11077,.T.);
#11075=EDGE_CURVE('',#377,#587,#11078,.F.);
#11076=EDGE_CURVE('',#587,#585,#11079,.T.);
#11077=EDGE_CURVE('',#585,#377,#11080,.T.);
#11078=LINE('',#376,#11081);
#11079=LINE('',#586,#11082);
#11080=LINE('',#584,#11083);
#11081=VECTOR('',#11084,1.0);
#11082=VECTOR('',#11085,1.0);
#11083=VECTOR('',#11086,1.0);
#11084=DIRECTION('',(-0.9998345399956972,0.018190454408636977,0));
#11085=DIRECTION('',(0.999995948620958,-0.002846531515790487,0));
#11086=DIRECTION('',(0.2079486694374834,-0.978139739954972,0));
#11087=FACE_SURFACE('',(#11092),#11088,.T.);
#11088=PLANE('',#11089);
#11089=AXIS2_PLACEMENT_3D('',#484,#11090,#11091);
#11090=DIRECTION('',(0,0,-1));
#11091=DIRECTION('',(0.8467095241332129,0.5320554310803604,0));
#11092=FACE_BOUND('',#11093,.T.);
#11093=EDGE_LOOP('',(#11094,#11095,#11096));
#11094=ORIENTED_EDGE('',*,*,#11097,.T.);
#11095=ORIENTED_EDGE('',*,*,#11098,.T.);
#11096=ORIENTED_EDGE('',*,*,#11099,.T.);
#11097=EDGE_CURVE('',#485,#589,#11100,.F.);
#11098=EDGE_CURVE('',#589,#377,#11101,.T.);
#11099=EDGE_CURVE('',#377,#485,#11102,.T.);
#11100=LINE('',#484,#11103);
#11101=LINE('',#588,#11104);
#11102=LINE('',#376,#11105);
#11103=VECTOR('',#11106,1.0);
#11104=VECTOR('',#11107,1.0);
#11105=VECTOR('',#11108,1.0);
#11106=DIRECTION('',(0.8467095241332129,0.5320554310803604,0));
#11107=DIRECTION('',(0.999975725146108,-0.00696771975007037,0));
#11108=DIRECTION('',(-0.999999141527219,-0.0013103224126273549,0));
#11109=FACE_SURFACE('',(#11114),#11110,.T.);
#11110=PLANE('',#11111);
#11111=AXIS2_PLACEMENT_3D('',#376,#11112,#11113);
#11112=DIRECTION('',(0,0,-1));
#11113=DIRECTION('',(-0.999975725146108,0.00696771975007037,0));
#11114=FACE_BOUND('',#11115,.T.);
#11115=EDGE_LOOP('',(#11116,#11117,#11118));
#11116=ORIENTED_EDGE('',*,*,#11119,.T.);
#11117=ORIENTED_EDGE('',*,*,#11120,.T.);
#11118=ORIENTED_EDGE('',*,*,#11121,.T.);
#11119=EDGE_CURVE('',#377,#589,#11122,.F.);
#11120=EDGE_CURVE('',#589,#587,#11123,.T.);
#11121=EDGE_CURVE('',#587,#377,#11124,.T.);
#11122=LINE('',#376,#11125);
#11123=LINE('',#588,#11126);
#11124=LINE('',#586,#11127);
#11125=VECTOR('',#11128,1.0);
#11126=VECTOR('',#11129,1.0);
#11127=VECTOR('',#11130,1.0);
#11128=DIRECTION('',(-0.999975725146108,0.00696771975007037,0));
#11129=DIRECTION('',(0.7071249514986555,0.7070886104075105,0));
#11130=DIRECTION('',(0.9998345399956972,-0.018190454408636977,0));
#11131=FACE_SURFACE('',(#11136),#11132,.T.);
#11132=PLANE('',#11133);
#11133=AXIS2_PLACEMENT_3D('',#378,#11134,#11135);
#11134=DIRECTION('',(0.9781397399549719,0.2079486694374834,0));
#11135=DIRECTION('',(-0.02304244204812634,0.10838601821233454,-0.9938417967264882));
#11136=FACE_BOUND('',#11137,.T.);
#11137=EDGE_LOOP('',(#11138,#11139,#11140));
#11138=ORIENTED_EDGE('',*,*,#11141,.T.);
#11139=ORIENTED_EDGE('',*,*,#11142,.T.);
#11140=ORIENTED_EDGE('',*,*,#11143,.T.);
#11141=EDGE_CURVE('',#379,#585,#11144,.F.);
#11142=EDGE_CURVE('',#585,#591,#11145,.T.);
#11143=EDGE_CURVE('',#591,#379,#11146,.T.);
#11144=LINE('',#378,#11147);
#11145=LINE('',#584,#11148);
#11146=LINE('',#590,#11149);
#11147=VECTOR('',#11150,1.0);
#11148=VECTOR('',#11151,1.0);
#11149=VECTOR('',#11152,1.0);
#11150=DIRECTION('',(-0.02304244204812634,0.10838601821233454,-0.9938417967264882));
#11151=DIRECTION('',(0,0,1));
#11152=DIRECTION('',(0.2079486694374834,-0.978139739954972,0));
#11153=FACE_SURFACE('',(#11158),#11154,.T.);
#11154=PLANE('',#11155);
#11155=AXIS2_PLACEMENT_3D('',#590,#11156,#11157);
#11156=DIRECTION('',(0,0,1));
#11157=DIRECTION('',(-0.999995948620958,0.002846531515790487,0));
#11158=FACE_BOUND('',#11159,.T.);
#11159=EDGE_LOOP('',(#11160,#11161,#11162));
#11160=ORIENTED_EDGE('',*,*,#11163,.T.);
#11161=ORIENTED_EDGE('',*,*,#11164,.T.);
#11162=ORIENTED_EDGE('',*,*,#11165,.T.);
#11163=EDGE_CURVE('',#591,#593,#11166,.F.);
#11164=EDGE_CURVE('',#593,#379,#11167,.T.);
#11165=EDGE_CURVE('',#379,#591,#11168,.T.);
#11166=LINE('',#590,#11169);
#11167=LINE('',#592,#11170);
#11168=LINE('',#378,#11171);
#11169=VECTOR('',#11172,1.0);
#11170=VECTOR('',#11173,1.0);
#11171=VECTOR('',#11174,1.0);
#11172=DIRECTION('',(-0.999995948620958,0.002846531515790487,0));
#11173=DIRECTION('',(0.9998345399956972,-0.018190454408636977,0));
#11174=DIRECTION('',(-0.2079486694374834,0.978139739954972,0));
#11175=FACE_SURFACE('',(#11180),#11176,.T.);
#11176=PLANE('',#11177);
#11177=AXIS2_PLACEMENT_3D('',#378,#11178,#11179);
#11178=DIRECTION('',(0,0,1));
#11179=DIRECTION('',(-0.9998345399956972,0.018190454408636977,0));
#11180=FACE_BOUND('',#11181,.T.);
#11181=EDGE_LOOP('',(#11182,#11183,#11184));
#11182=ORIENTED_EDGE('',*,*,#11185,.T.);
#11183=ORIENTED_EDGE('',*,*,#11186,.T.);
#11184=ORIENTED_EDGE('',*,*,#11187,.T.);
#11185=EDGE_CURVE('',#379,#593,#11188,.F.);
#11186=EDGE_CURVE('',#593,#595,#11189,.T.);
#11187=EDGE_CURVE('',#595,#379,#11190,.T.);
#11188=LINE('',#378,#11191);
#11189=LINE('',#592,#11192);
#11190=LINE('',#594,#11193);
#11191=VECTOR('',#11194,1.0);
#11192=VECTOR('',#11195,1.0);
#11193=VECTOR('',#11196,1.0);
#11194=DIRECTION('',(-0.9998345399956972,0.018190454408636977,0));
#11195=DIRECTION('',(-0.7071249514986555,-0.7070886104075105,0));
#11196=DIRECTION('',(0.999975725146108,-0.00696771975007037,0));
#11197=FACE_SURFACE('',(#11202),#11198,.T.);
#11198=PLANE('',#11199);
#11199=AXIS2_PLACEMENT_3D('',#378,#11200,#11201);
#11200=DIRECTION('',(0,0,1));
#11201=DIRECTION('',(-0.999975725146108,0.00696771975007037,0));
#11202=FACE_BOUND('',#11203,.T.);
#11203=EDGE_LOOP('',(#11204,#11205,#11206));
#11204=ORIENTED_EDGE('',*,*,#11207,.T.);
#11205=ORIENTED_EDGE('',*,*,#11208,.T.);
#11206=ORIENTED_EDGE('',*,*,#11209,.T.);
#11207=EDGE_CURVE('',#379,#595,#11210,.F.);
#11208=EDGE_CURVE('',#595,#381,#11211,.T.);
#11209=EDGE_CURVE('',#381,#379,#11212,.T.);
#11210=LINE('',#378,#11213);
#11211=LINE('',#594,#11214);
#11212=LINE('',#380,#11215);
#11213=VECTOR('',#11216,1.0);
#11214=VECTOR('',#11217,1.0);
#11215=VECTOR('',#11218,1.0);
#11216=DIRECTION('',(-0.999975725146108,0.00696771975007037,0));
#11217=DIRECTION('',(-0.8467095241332129,-0.5320554310803604,0));
#11218=DIRECTION('',(0.999999141527219,0.0013103224126273549,0));
#11219=FACE_SURFACE('',(#11224),#11220,.T.);
#11220=PLANE('',#11221);
#11221=AXIS2_PLACEMENT_3D('',#480,#11222,#11223);
#11222=DIRECTION('',(-0.3302791960364958,0.9438832833912708,0));
#11223=DIRECTION('',(0.10502410849998116,0.03674954173909706,0.9937904244938923));
#11224=FACE_BOUND('',#11225,.T.);
#11225=EDGE_LOOP('',(#11226,#11227,#11228));
#11226=ORIENTED_EDGE('',*,*,#11229,.T.);
#11227=ORIENTED_EDGE('',*,*,#11230,.T.);
#11228=ORIENTED_EDGE('',*,*,#11231,.T.);
#11229=EDGE_CURVE('',#481,#381,#11232,.F.);
#11230=EDGE_CURVE('',#381,#485,#11233,.T.);
#11231=EDGE_CURVE('',#485,#481,#11234,.T.);
#11232=LINE('',#480,#11235);
#11233=LINE('',#380,#11236);
#11234=LINE('',#484,#11237);
#11235=VECTOR('',#11238,1.0);
#11236=VECTOR('',#11239,1.0);
#11237=VECTOR('',#11240,1.0);
#11238=DIRECTION('',(0.10502410849998116,0.03674954173909706,0.9937904244938923));
#11239=DIRECTION('',(0,0,-1));
#11240=DIRECTION('',(-0.9438832833912708,-0.3302791960364958,0));
#11241=FACE_SURFACE('',(#11246),#11242,.T.);
#11242=PLANE('',#11243);
#11243=AXIS2_PLACEMENT_3D('',#484,#11244,#11245);
#11244=DIRECTION('',(-0.5320554310803605,0.8467095241332129,0));
#11245=DIRECTION('',(0,0,1));
#11246=FACE_BOUND('',#11247,.T.);
#11247=EDGE_LOOP('',(#11248,#11249,#11250));
#11248=ORIENTED_EDGE('',*,*,#11251,.T.);
#11249=ORIENTED_EDGE('',*,*,#11252,.T.);
#11250=ORIENTED_EDGE('',*,*,#11253,.T.);
#11251=EDGE_CURVE('',#485,#381,#11254,.F.);
#11252=EDGE_CURVE('',#381,#595,#11255,.T.);
#11253=EDGE_CURVE('',#595,#485,#11256,.T.);
#11254=LINE('',#484,#11257);
#11255=LINE('',#380,#11258);
#11256=LINE('',#594,#11259);
#11257=VECTOR('',#11260,1.0);
#11258=VECTOR('',#11261,1.0);
#11259=VECTOR('',#11262,1.0);
#11260=DIRECTION('',(0,0,1));
#11261=DIRECTION('',(0.8467095241332129,0.5320554310803604,0));
#11262=DIRECTION('',(-0.09421114594048013,-0.05920041104681213,-0.993790506753043));
#11263=FACE_SURFACE('',(#11268),#11264,.T.);
#11264=PLANE('',#11265);
#11265=AXIS2_PLACEMENT_3D('',#486,#11266,#11267);
#11266=DIRECTION('',(-0.40676484864215173,0.9135328991936346,0));
#11267=DIRECTION('',(0,0,1));
#11268=FACE_BOUND('',#11269,.T.);
#11269=EDGE_LOOP('',(#11270,#11271,#11272));
#11270=ORIENTED_EDGE('',*,*,#11273,.T.);
#11271=ORIENTED_EDGE('',*,*,#11274,.T.);
#11272=ORIENTED_EDGE('',*,*,#11275,.T.);
#11273=EDGE_CURVE('',#487,#383,#11276,.F.);
#11274=EDGE_CURVE('',#383,#597,#11277,.T.);
#11275=EDGE_CURVE('',#597,#487,#11278,.T.);
#11276=LINE('',#486,#11279);
#11277=LINE('',#382,#11280);
#11278=LINE('',#596,#11281);
#11279=VECTOR('',#11282,1.0);
#11280=VECTOR('',#11283,1.0);
#11281=VECTOR('',#11284,1.0);
#11282=DIRECTION('',(0,0,1));
#11283=DIRECTION('',(0.9135328991936346,0.40676484864215173,0));
#11284=DIRECTION('',(-0.1012202189842849,-0.045069889755487626,-0.9938426295476571));
#11285=FACE_SURFACE('',(#11290),#11286,.T.);
#11286=PLANE('',#11287);
#11287=AXIS2_PLACEMENT_3D('',#384,#11288,#11289);
#11288=DIRECTION('',(0,0,1));
#11289=DIRECTION('',(-0.9847209263608379,0.17413987822165652,0));
#11290=FACE_BOUND('',#11291,.T.);
#11291=EDGE_LOOP('',(#11292,#11293,#11294));
#11292=ORIENTED_EDGE('',*,*,#11295,.T.);
#11293=ORIENTED_EDGE('',*,*,#11296,.T.);
#11294=ORIENTED_EDGE('',*,*,#11297,.T.);
#11295=EDGE_CURVE('',#385,#597,#11298,.F.);
#11296=EDGE_CURVE('',#597,#383,#11299,.T.);
#11297=EDGE_CURVE('',#383,#385,#11300,.T.);
#11298=LINE('',#384,#11301);
#11299=LINE('',#596,#11302);
#11300=LINE('',#382,#11303);
#11301=VECTOR('',#11304,1.0);
#11302=VECTOR('',#11305,1.0);
#11303=VECTOR('',#11306,1.0);
#11304=DIRECTION('',(-0.9847209263608379,0.17413987822165652,0));
#11305=DIRECTION('',(-0.9135328991936346,-0.40676484864215173,0));
#11306=DIRECTION('',(0.991378503160566,-0.13102924662500248,0));
#11307=FACE_SURFACE('',(#11312),#11308,.T.);
#11308=PLANE('',#11309);
#11309=AXIS2_PLACEMENT_3D('',#488,#11310,#11311);
#11310=DIRECTION('',(0.8870066259903385,-0.46175669507786865,0));
#11311=DIRECTION('',(0,0,1));
#11312=FACE_BOUND('',#11313,.T.);
#11313=EDGE_LOOP('',(#11314,#11315,#11316));
#11314=ORIENTED_EDGE('',*,*,#11317,.T.);
#11315=ORIENTED_EDGE('',*,*,#11318,.T.);
#11316=ORIENTED_EDGE('',*,*,#11319,.T.);
#11317=EDGE_CURVE('',#489,#385,#11320,.F.);
#11318=EDGE_CURVE('',#385,#493,#11321,.T.);
#11319=EDGE_CURVE('',#493,#489,#11322,.T.);
#11320=LINE('',#488,#11323);
#11321=LINE('',#384,#11324);
#11322=LINE('',#492,#11325);
#11323=VECTOR('',#11326,1.0);
#11324=VECTOR('',#11327,1.0);
#11325=VECTOR('',#11328,1.0);
#11326=DIRECTION('',(0,0,1));
#11327=DIRECTION('',(-0.12893635839125805,-0.24767893014485576,-0.9602242254010782));
#11328=DIRECTION('',(0.46175669507786865,0.8870066259903385,0));
#11329=FACE_SURFACE('',(#11334),#11330,.T.);
#11330=PLANE('',#11331);
#11331=AXIS2_PLACEMENT_3D('',#492,#11332,#11333);
#11332=DIRECTION('',(0.8870066259903385,-0.46175669507786865,0));
#11333=DIRECTION('',(0.12893635839125805,0.24767893014485576,0.9602242254010782));
#11334=FACE_BOUND('',#11335,.T.);
#11335=EDGE_LOOP('',(#11336,#11337,#11338));
#11336=ORIENTED_EDGE('',*,*,#11339,.T.);
#11337=ORIENTED_EDGE('',*,*,#11340,.T.);
#11338=ORIENTED_EDGE('',*,*,#11341,.T.);
#11339=EDGE_CURVE('',#493,#385,#11342,.F.);
#11340=EDGE_CURVE('',#385,#389,#11343,.T.);
#11341=EDGE_CURVE('',#389,#493,#11344,.T.);
#11342=LINE('',#492,#11345);
#11343=LINE('',#384,#11346);
#11344=LINE('',#388,#11347);
#11345=VECTOR('',#11348,1.0);
#11346=VECTOR('',#11349,1.0);
#11347=VECTOR('',#11350,1.0);
#11348=DIRECTION('',(0.12893635839125805,0.24767893014485576,0.9602242254010782));
#11349=DIRECTION('',(-0.46175669507786865,-0.8870066259903385,0));
#11350=DIRECTION('',(0,0,-1));
#11351=FACE_SURFACE('',(#11356),#11352,.T.);
#11352=PLANE('',#11353);
#11353=AXIS2_PLACEMENT_3D('',#488,#11354,#11355);
#11354=DIRECTION('',(0.923875965061683,-0.3826920448367642,0));
#11355=DIRECTION('',(0.10686075365445305,0.25797787866700445,0.9602229915216958));
#11356=FACE_BOUND('',#11357,.T.);
#11357=EDGE_LOOP('',(#11358,#11359,#11360));
#11358=ORIENTED_EDGE('',*,*,#11361,.T.);
#11359=ORIENTED_EDGE('',*,*,#11362,.T.);
#11360=ORIENTED_EDGE('',*,*,#11363,.T.);
#11361=EDGE_CURVE('',#489,#599,#11364,.F.);
#11362=EDGE_CURVE('',#599,#385,#11365,.T.);
#11363=EDGE_CURVE('',#385,#489,#11366,.T.);
#11364=LINE('',#488,#11367);
#11365=LINE('',#598,#11368);
#11366=LINE('',#384,#11369);
#11367=VECTOR('',#11370,1.0);
#11368=VECTOR('',#11371,1.0);
#11369=VECTOR('',#11372,1.0);
#11370=DIRECTION('',(0.10686075365445305,0.25797787866700445,0.9602229915216958));
#11371=DIRECTION('',(-0.38269204483676417,-0.9238759650616829,0));
#11372=DIRECTION('',(0,0,-1));
#11373=FACE_SURFACE('',(#11378),#11374,.T.);
#11374=PLANE('',#11375);
#11375=AXIS2_PLACEMENT_3D('',#600,#11376,#11377);
#11376=DIRECTION('',(0,0,1));
#11377=DIRECTION('',(0.971655954782508,-0.23639946179230786,0));
#11378=FACE_BOUND('',#11379,.T.);
#11379=EDGE_LOOP('',(#11380,#11381,#11382));
#11380=ORIENTED_EDGE('',*,*,#11383,.T.);
#11381=ORIENTED_EDGE('',*,*,#11384,.T.);
#11382=ORIENTED_EDGE('',*,*,#11385,.T.);
#11383=EDGE_CURVE('',#601,#385,#11386,.F.);
#11384=EDGE_CURVE('',#385,#599,#11387,.T.);
#11385=EDGE_CURVE('',#599,#601,#11388,.T.);
#11386=LINE('',#600,#11389);
#11387=LINE('',#384,#11390);
#11388=LINE('',#598,#11391);
#11389=VECTOR('',#11392,1.0);
#11390=VECTOR('',#11393,1.0);
#11391=VECTOR('',#11394,1.0);
#11392=DIRECTION('',(0.971655954782508,-0.23639946179230786,0));
#11393=DIRECTION('',(0.38269204483676417,0.9238759650616829,0));
#11394=DIRECTION('',(-0.9997539683293776,0.022181136347398787,0));
#11395=FACE_SURFACE('',(#11400),#11396,.T.);
#11396=PLANE('',#11397);
#11397=AXIS2_PLACEMENT_3D('',#596,#11398,#11399);
#11398=DIRECTION('',(-0,0,1));
#11399=DIRECTION('',(0.9847209263608379,-0.17413987822165652,0));
#11400=FACE_BOUND('',#11401,.T.);
#11401=EDGE_LOOP('',(#11402,#11403,#11404));
#11402=ORIENTED_EDGE('',*,*,#11405,.T.);
#11403=ORIENTED_EDGE('',*,*,#11406,.T.);
#11404=ORIENTED_EDGE('',*,*,#11407,.T.);
#11405=EDGE_CURVE('',#597,#385,#11408,.F.);
#11406=EDGE_CURVE('',#385,#601,#11409,.T.);
#11407=EDGE_CURVE('',#601,#597,#11410,.T.);
#11408=LINE('',#596,#11411);
#11409=LINE('',#384,#11412);
#11410=LINE('',#600,#11413);
#11411=VECTOR('',#11414,1.0);
#11412=VECTOR('',#11415,1.0);
#11413=VECTOR('',#11416,1.0);
#11414=DIRECTION('',(0.9847209263608379,-0.17413987822165652,0));
#11415=DIRECTION('',(-0.971655954782508,0.23639946179230786,0));
#11416=DIRECTION('',(-0.8090421185220069,-0.5877506703164386,0));
#11417=FACE_SURFACE('',(#11422),#11418,.T.);
#11418=PLANE('',#11419);
#11419=AXIS2_PLACEMENT_3D('',#490,#11420,#11421);
#11420=DIRECTION('',(0.7933610325495546,-0.6087514041313619,0));
#11421=DIRECTION('',(0.16997754366041856,0.22152484352966972,0.960226212072096));
#11422=FACE_BOUND('',#11423,.T.);
#11423=EDGE_LOOP('',(#11424,#11425,#11426));
#11424=ORIENTED_EDGE('',*,*,#11427,.T.);
#11425=ORIENTED_EDGE('',*,*,#11428,.T.);
#11426=ORIENTED_EDGE('',*,*,#11429,.T.);
#11427=EDGE_CURVE('',#491,#391,#11430,.F.);
#11428=EDGE_CURVE('',#391,#387,#11431,.T.);
#11429=EDGE_CURVE('',#387,#491,#11432,.T.);
#11430=LINE('',#490,#11433);
#11431=LINE('',#390,#11434);
#11432=LINE('',#386,#11435);
#11433=VECTOR('',#11436,1.0);
#11434=VECTOR('',#11437,1.0);
#11435=VECTOR('',#11438,1.0);
#11436=DIRECTION('',(0.16997754366041856,0.22152484352966972,0.960226212072096));
#11437=DIRECTION('',(-0.6087514041313618,-0.7933610325495545,0));
#11438=DIRECTION('',(0,0,-1));
#11439=FACE_SURFACE('',(#11444),#11440,.T.);
#11440=PLANE('',#11441);
#11441=AXIS2_PLACEMENT_3D('',#492,#11442,#11443);
#11442=DIRECTION('',(0.8433963466195008,-0.5372919155439425,0));
#11443=DIRECTION('',(0,0,1));
#11444=FACE_BOUND('',#11445,.T.);
#11445=EDGE_LOOP('',(#11446,#11447,#11448));
#11446=ORIENTED_EDGE('',*,*,#11449,.T.);
#11447=ORIENTED_EDGE('',*,*,#11450,.T.);
#11448=ORIENTED_EDGE('',*,*,#11451,.T.);
#11449=EDGE_CURVE('',#493,#389,#11452,.F.);
#11450=EDGE_CURVE('',#389,#495,#11453,.T.);
#11451=EDGE_CURVE('',#495,#493,#11454,.T.);
#11452=LINE('',#492,#11455);
#11453=LINE('',#388,#11456);
#11454=LINE('',#494,#11457);
#11455=VECTOR('',#11458,1.0);
#11456=VECTOR('',#11459,1.0);
#11457=VECTOR('',#11460,1.0);
#11458=DIRECTION('',(0,0,1));
#11459=DIRECTION('',(-0.15002728662705844,-0.23550040820249282,-0.9602246461134923));
#11460=DIRECTION('',(0.5372919155439425,0.8433963466195007,0));
#11461=FACE_SURFACE('',(#11466),#11462,.T.);
#11462=PLANE('',#11463);
#11463=AXIS2_PLACEMENT_3D('',#494,#11464,#11465);
#11464=DIRECTION('',(0.8433963466195008,-0.5372919155439425,0));
#11465=DIRECTION('',(0.15002728662705844,0.23550040820249282,0.9602246461134923));
#11466=FACE_BOUND('',#11467,.T.);
#11467=EDGE_LOOP('',(#11468,#11469,#11470));
#11468=ORIENTED_EDGE('',*,*,#11471,.T.);
#11469=ORIENTED_EDGE('',*,*,#11472,.T.);
#11470=ORIENTED_EDGE('',*,*,#11473,.T.);
#11471=EDGE_CURVE('',#495,#389,#11474,.F.);
#11472=EDGE_CURVE('',#389,#391,#11475,.T.);
#11473=EDGE_CURVE('',#391,#495,#11476,.T.);
#11474=LINE('',#494,#11477);
#11475=LINE('',#388,#11478);
#11476=LINE('',#390,#11479);
#11477=VECTOR('',#11480,1.0);
#11478=VECTOR('',#11481,1.0);
#11479=VECTOR('',#11482,1.0);
#11480=DIRECTION('',(0.15002728662705844,0.23550040820249282,0.9602246461134923));
#11481=DIRECTION('',(-0.5372919155439425,-0.8433963466195007,0));
#11482=DIRECTION('',(0,0,-1));
#11483=FACE_SURFACE('',(#11488),#11484,.T.);
#11484=PLANE('',#11485);
#11485=AXIS2_PLACEMENT_3D('',#494,#11486,#11487);
#11486=DIRECTION('',(0.7933610325495546,-0.6087514041313619,0));
#11487=DIRECTION('',(0,0,1));
#11488=FACE_BOUND('',#11489,.T.);
#11489=EDGE_LOOP('',(#11490,#11491,#11492));
#11490=ORIENTED_EDGE('',*,*,#11493,.T.);
#11491=ORIENTED_EDGE('',*,*,#11494,.T.);
#11492=ORIENTED_EDGE('',*,*,#11495,.T.);
#11493=EDGE_CURVE('',#495,#391,#11496,.F.);
#11494=EDGE_CURVE('',#391,#491,#11497,.T.);
#11495=EDGE_CURVE('',#491,#495,#11498,.T.);
#11496=LINE('',#494,#11499);
#11497=LINE('',#390,#11500);
#11498=LINE('',#490,#11501);
#11499=VECTOR('',#11502,1.0);
#11500=VECTOR('',#11503,1.0);
#11501=VECTOR('',#11504,1.0);
#11502=DIRECTION('',(0,0,1));
#11503=DIRECTION('',(-0.16997754366041856,-0.22152484352966972,-0.960226212072096));
#11504=DIRECTION('',(0.6087514041313618,0.7933610325495545,0));
#11505=FACE_SURFACE('',(#11510),#11506,.T.);
#11506=PLANE('',#11507);
#11507=AXIS2_PLACEMENT_3D('',#392,#11508,#11509);
#11508=DIRECTION('',(0.6087710676618232,-0.7933459441995553,0));
#11509=DIRECTION('',(0,0,1));
#11510=FACE_BOUND('',#11511,.T.);
#11511=EDGE_LOOP('',(#11512,#11513,#11514));
#11512=ORIENTED_EDGE('',*,*,#11515,.T.);
#11513=ORIENTED_EDGE('',*,*,#11516,.T.);
#11514=ORIENTED_EDGE('',*,*,#11517,.T.);
#11515=EDGE_CURVE('',#393,#395,#11518,.F.);
#11516=EDGE_CURVE('',#395,#603,#11519,.T.);
#11517=EDGE_CURVE('',#603,#393,#11520,.T.);
#11518=LINE('',#392,#11521);
#11519=LINE('',#394,#11522);
#11520=LINE('',#602,#11523);
#11521=VECTOR('',#11524,1.0);
#11522=VECTOR('',#11525,1.0);
#11523=VECTOR('',#11526,1.0);
#11524=DIRECTION('',(0,0,1));
#11525=DIRECTION('',(-0.22152811757248486,-0.16998877934364703,-0.9602234677521937));
#11526=DIRECTION('',(0.7933459441995553,0.6087710676618232,0));
#11527=FACE_SURFACE('',(#11532),#11528,.T.);
#11528=PLANE('',#11529);
#11529=AXIS2_PLACEMENT_3D('',#496,#11530,#11531);
#11530=DIRECTION('',(0,0,-1));
#11531=DIRECTION('',(0.9853947736469345,-0.17028546640658046,0));
#11532=FACE_BOUND('',#11533,.T.);
#11533=EDGE_LOOP('',(#11534,#11535,#11536));
#11534=ORIENTED_EDGE('',*,*,#11537,.T.);
#11535=ORIENTED_EDGE('',*,*,#11538,.T.);
#11536=ORIENTED_EDGE('',*,*,#11539,.T.);
#11537=EDGE_CURVE('',#497,#393,#11540,.F.);
#11538=EDGE_CURVE('',#393,#603,#11541,.T.);
#11539=EDGE_CURVE('',#603,#497,#11542,.T.);
#11540=LINE('',#496,#11543);
#11541=LINE('',#392,#11544);
#11542=LINE('',#602,#11545);
#11543=VECTOR('',#11546,1.0);
#11544=VECTOR('',#11547,1.0);
#11545=VECTOR('',#11548,1.0);
#11546=DIRECTION('',(0.9853947736469345,-0.17028546640658046,0));
#11547=DIRECTION('',(-0.7933459441995553,-0.6087710676618232,0));
#11548=DIRECTION('',(-0.9527049089379065,0.30389695043816317,0));
#11549=FACE_SURFACE('',(#11554),#11550,.T.);
#11550=PLANE('',#11551);
#11551=AXIS2_PLACEMENT_3D('',#602,#11552,#11553);
#11552=DIRECTION('',(0.6087710676618232,-0.7933459441995553,0));
#11553=DIRECTION('',(0.22152811757248486,0.16998877934364703,0.9602234677521937));
#11554=FACE_BOUND('',#11555,.T.);
#11555=EDGE_LOOP('',(#11556,#11557,#11558));
#11556=ORIENTED_EDGE('',*,*,#11559,.T.);
#11557=ORIENTED_EDGE('',*,*,#11560,.T.);
#11558=ORIENTED_EDGE('',*,*,#11561,.T.);
#11559=EDGE_CURVE('',#603,#395,#11562,.F.);
#11560=EDGE_CURVE('',#395,#605,#11563,.T.);
#11561=EDGE_CURVE('',#605,#603,#11564,.T.);
#11562=LINE('',#602,#11565);
#11563=LINE('',#394,#11566);
#11564=LINE('',#604,#11567);
#11565=VECTOR('',#11568,1.0);
#11566=VECTOR('',#11569,1.0);
#11567=VECTOR('',#11570,1.0);
#11568=DIRECTION('',(0.22152811757248486,0.16998877934364703,0.9602234677521937));
#11569=DIRECTION('',(-0.7933459441995553,-0.6087710676618232,0));
#11570=DIRECTION('',(0,0,-1));
#11571=FACE_SURFACE('',(#11576),#11572,.T.);
#11572=PLANE('',#11573);
#11573=AXIS2_PLACEMENT_3D('',#396,#11574,#11575);
#11574=DIRECTION('',(0,0,1));
#11575=DIRECTION('',(0.9527049089379065,-0.30389695043816317,0));
#11576=FACE_BOUND('',#11577,.T.);
#11577=EDGE_LOOP('',(#11578,#11579,#11580));
#11578=ORIENTED_EDGE('',*,*,#11581,.T.);
#11579=ORIENTED_EDGE('',*,*,#11582,.T.);
#11580=ORIENTED_EDGE('',*,*,#11583,.T.);
#11581=EDGE_CURVE('',#397,#605,#11584,.F.);
#11582=EDGE_CURVE('',#605,#395,#11585,.T.);
#11583=EDGE_CURVE('',#395,#397,#11586,.T.);
#11584=LINE('',#396,#11587);
#11585=LINE('',#604,#11588);
#11586=LINE('',#394,#11589);
#11587=VECTOR('',#11590,1.0);
#11588=VECTOR('',#11591,1.0);
#11589=VECTOR('',#11592,1.0);
#11590=DIRECTION('',(0.9527049089379065,-0.30389695043816317,0));
#11591=DIRECTION('',(0.7933459441995553,0.6087710676618232,0));
#11592=DIRECTION('',(-0.9853947736469345,0.17028546640658046,0));
#11593=FACE_SURFACE('',(#11598),#11594,.T.);
#11594=PLANE('',#11595);
#11595=AXIS2_PLACEMENT_3D('',#606,#11596,#11597);
#11596=DIRECTION('',(0.10456129694182914,0.9945184438620748,-0));
#11597=DIRECTION('',(0,0,1));
#11598=FACE_BOUND('',#11599,.T.);
#11599=EDGE_LOOP('',(#11600,#11601,#11602));
#11600=ORIENTED_EDGE('',*,*,#11603,.T.);
#11601=ORIENTED_EDGE('',*,*,#11604,.T.);
#11602=ORIENTED_EDGE('',*,*,#11605,.T.);
#11603=EDGE_CURVE('',#607,#609,#11606,.F.);
#11604=EDGE_CURVE('',#609,#397,#11607,.T.);
#11605=EDGE_CURVE('',#397,#607,#11608,.T.);
#11606=LINE('',#606,#11609);
#11607=LINE('',#608,#11610);
#11608=LINE('',#396,#11611);
#11609=VECTOR('',#11612,1.0);
#11610=VECTOR('',#11613,1.0);
#11611=VECTOR('',#11614,1.0);
#11612=DIRECTION('',(0,0,1));
#11613=DIRECTION('',(0.9945184438620748,-0.10456129694182914,0));
#11614=DIRECTION('',(-0.11019774834873083,0.01158592840437115,-0.9938421517131776));
#11615=FACE_SURFACE('',(#11620),#11616,.T.);
#11616=PLANE('',#11617);
#11617=AXIS2_PLACEMENT_3D('',#606,#11618,#11619);
#11618=DIRECTION('',(0.10456129694182914,0.9945184438620748,0));
#11619=DIRECTION('',(0.11019774834873083,-0.01158592840437115,0.9938421517131776));
#11620=FACE_BOUND('',#11621,.T.);
#11621=EDGE_LOOP('',(#11622,#11623,#11624));
#11622=ORIENTED_EDGE('',*,*,#11625,.T.);
#11623=ORIENTED_EDGE('',*,*,#11626,.T.);
#11624=ORIENTED_EDGE('',*,*,#11627,.T.);
#11625=EDGE_CURVE('',#607,#397,#11628,.F.);
#11626=EDGE_CURVE('',#397,#497,#11629,.T.);
#11627=EDGE_CURVE('',#497,#607,#11630,.T.);
#11628=LINE('',#606,#11631);
#11629=LINE('',#396,#11632);
#11630=LINE('',#496,#11633);
#11631=VECTOR('',#11634,1.0);
#11632=VECTOR('',#11635,1.0);
#11633=VECTOR('',#11636,1.0);
#11634=DIRECTION('',(0.11019774834873083,-0.01158592840437115,0.9938421517131776));
#11635=DIRECTION('',(0,0,-1));
#11636=DIRECTION('',(-0.9945184438620748,0.10456129694182914,0));
#11637=FACE_SURFACE('',(#11642),#11638,.T.);
#11638=PLANE('',#11639);
#11639=AXIS2_PLACEMENT_3D('',#396,#11640,#11641);
#11640=DIRECTION('',(0,0,1));
#11641=DIRECTION('',(-0.9945184438620748,0.10456129694182914,0));
#11642=FACE_BOUND('',#11643,.T.);
#11643=EDGE_LOOP('',(#11644,#11645,#11646));
#11644=ORIENTED_EDGE('',*,*,#11647,.T.);
#11645=ORIENTED_EDGE('',*,*,#11648,.T.);
#11646=ORIENTED_EDGE('',*,*,#11649,.T.);
#11647=EDGE_CURVE('',#397,#609,#11650,.F.);
#11648=EDGE_CURVE('',#609,#611,#11651,.T.);
#11649=EDGE_CURVE('',#611,#397,#11652,.T.);
#11650=LINE('',#396,#11653);
#11651=LINE('',#608,#11654);
#11652=LINE('',#610,#11655);
#11653=VECTOR('',#11656,1.0);
#11654=VECTOR('',#11657,1.0);
#11655=VECTOR('',#11658,1.0);
#11656=DIRECTION('',(-0.9945184438620748,0.10456129694182914,0));
#11657=DIRECTION('',(-0.9999926103954728,0.003844366586069693,0));
#11658=DIRECTION('',(0.999985784649433,-0.005332025793043982,0));
#11659=FACE_SURFACE('',(#11664),#11660,.T.);
#11660=PLANE('',#11661);
#11661=AXIS2_PLACEMENT_3D('',#398,#11662,#11663);
#11662=DIRECTION('',(-0.10454611849163271,0.9945200395710151,0));
#11663=DIRECTION('',(-0.11021372769054198,-0.011585907750546812,-0.9938403800259631));
#11664=FACE_BOUND('',#11665,.T.);
#11665=EDGE_LOOP('',(#11666,#11667,#11668));
#11666=ORIENTED_EDGE('',*,*,#11669,.T.);
#11667=ORIENTED_EDGE('',*,*,#11670,.T.);
#11668=ORIENTED_EDGE('',*,*,#11671,.T.);
#11669=EDGE_CURVE('',#399,#497,#11672,.F.);
#11670=EDGE_CURVE('',#497,#397,#11673,.T.);
#11671=EDGE_CURVE('',#397,#399,#11674,.T.);
#11672=LINE('',#398,#11675);
#11673=LINE('',#496,#11676);
#11674=LINE('',#396,#11677);
#11675=VECTOR('',#11678,1.0);
#11676=VECTOR('',#11679,1.0);
#11677=VECTOR('',#11680,1.0);
#11678=DIRECTION('',(-0.11021372769054198,-0.011585907750546812,-0.9938403800259631));
#11679=DIRECTION('',(0,0,1));
#11680=DIRECTION('',(0.9945200395710152,0.10454611849163273,0));
#11681=FACE_SURFACE('',(#11686),#11682,.T.);
#11682=PLANE('',#11683);
#11683=AXIS2_PLACEMENT_3D('',#396,#11684,#11685);
#11684=DIRECTION('',(0,0,1));
#11685=DIRECTION('',(-0.999985784649433,0.005332025793043982,0));
#11686=FACE_BOUND('',#11687,.T.);
#11687=EDGE_LOOP('',(#11688,#11689,#11690));
#11688=ORIENTED_EDGE('',*,*,#11691,.T.);
#11689=ORIENTED_EDGE('',*,*,#11692,.T.);
#11690=ORIENTED_EDGE('',*,*,#11693,.T.);
#11691=EDGE_CURVE('',#397,#611,#11694,.F.);
#11692=EDGE_CURVE('',#611,#613,#11695,.T.);
#11693=EDGE_CURVE('',#613,#397,#11696,.T.);
#11694=LINE('',#396,#11697);
#11695=LINE('',#610,#11698);
#11696=LINE('',#612,#11699);
#11697=VECTOR('',#11700,1.0);
#11698=VECTOR('',#11701,1.0);
#11699=VECTOR('',#11702,1.0);
#11700=DIRECTION('',(-0.999985784649433,0.005332025793043982,0));
#11701=DIRECTION('',(-0.5320390592813571,-0.846719811625433,0));
#11702=DIRECTION('',(0.9999743039898727,0.007168776741512184,0));
#11703=FACE_SURFACE('',(#11708),#11704,.T.);
#11704=PLANE('',#11705);
#11705=AXIS2_PLACEMENT_3D('',#396,#11706,#11707);
#11706=DIRECTION('',(0,0,1));
#11707=DIRECTION('',(-0.9999743039898727,-0.007168776741512184,0));
#11708=FACE_BOUND('',#11709,.T.);
#11709=EDGE_LOOP('',(#11710,#11711,#11712));
#11710=ORIENTED_EDGE('',*,*,#11713,.T.);
#11711=ORIENTED_EDGE('',*,*,#11714,.T.);
#11712=ORIENTED_EDGE('',*,*,#11715,.T.);
#11713=EDGE_CURVE('',#397,#613,#11716,.F.);
#11714=EDGE_CURVE('',#613,#615,#11717,.T.);
#11715=EDGE_CURVE('',#615,#397,#11718,.T.);
#11716=LINE('',#396,#11719);
#11717=LINE('',#612,#11720);
#11718=LINE('',#614,#11721);
#11719=VECTOR('',#11722,1.0);
#11720=VECTOR('',#11723,1.0);
#11721=VECTOR('',#11724,1.0);
#11722=DIRECTION('',(-0.9999743039898727,-0.007168776741512184,0));
#11723=DIRECTION('',(0.991005757444387,-0.13381923894596356,0));
#11724=DIRECTION('',(0.1282802826329314,0.9917379538404362,0));
#11725=FACE_SURFACE('',(#11730),#11726,.T.);
#11726=PLANE('',#11727);
#11727=AXIS2_PLACEMENT_3D('',#396,#11728,#11729);
#11728=DIRECTION('',(0,0,1));
#11729=DIRECTION('',(-0.1282802826329314,-0.9917379538404362,0));
#11730=FACE_BOUND('',#11731,.T.);
#11731=EDGE_LOOP('',(#11732,#11733,#11734));
#11732=ORIENTED_EDGE('',*,*,#11735,.T.);
#11733=ORIENTED_EDGE('',*,*,#11736,.T.);
#11734=ORIENTED_EDGE('',*,*,#11737,.T.);
#11735=EDGE_CURVE('',#397,#615,#11738,.F.);
#11736=EDGE_CURVE('',#615,#617,#11739,.T.);
#11737=EDGE_CURVE('',#617,#397,#11740,.T.);
#11738=LINE('',#396,#11741);
#11739=LINE('',#614,#11742);
#11740=LINE('',#616,#11743);
#11741=VECTOR('',#11744,1.0);
#11742=VECTOR('',#11745,1.0);
#11743=VECTOR('',#11746,1.0);
#11744=DIRECTION('',(-0.1282802826329314,-0.9917379538404362,0));
#11745=DIRECTION('',(0.9914427656596985,0.1305421097617474,0));
#11746=DIRECTION('',(-0.1454300228641133,0.9893685402567354,0));
#11747=FACE_SURFACE('',(#11752),#11748,.T.);
#11748=PLANE('',#11749);
#11749=AXIS2_PLACEMENT_3D('',#396,#11750,#11751);
#11750=DIRECTION('',(0,0,1));
#11751=DIRECTION('',(0.1454300228641133,-0.9893685402567354,0));
#11752=FACE_BOUND('',#11753,.T.);
#11753=EDGE_LOOP('',(#11754,#11755,#11756));
#11754=ORIENTED_EDGE('',*,*,#11757,.T.);
#11755=ORIENTED_EDGE('',*,*,#11758,.T.);
#11756=ORIENTED_EDGE('',*,*,#11759,.T.);
#11757=EDGE_CURVE('',#397,#617,#11760,.F.);
#11758=EDGE_CURVE('',#617,#619,#11761,.T.);
#11759=EDGE_CURVE('',#619,#397,#11762,.T.);
#11760=LINE('',#396,#11763);
#11761=LINE('',#616,#11764);
#11762=LINE('',#618,#11765);
#11763=VECTOR('',#11766,1.0);
#11764=VECTOR('',#11767,1.0);
#11765=VECTOR('',#11768,1.0);
#11766=DIRECTION('',(0.1454300228641133,-0.9893685402567354,0));
#11767=DIRECTION('',(0.9762992003492111,0.2164252097087836,0));
#11768=DIRECTION('',(-0.4115384115050525,0.9113924159525896,0));
#11769=FACE_SURFACE('',(#11774),#11770,.T.);
#11770=PLANE('',#11771);
#11771=AXIS2_PLACEMENT_3D('',#396,#11772,#11773);
#11772=DIRECTION('',(0,0,1));
#11773=DIRECTION('',(0.8914521022083041,-0.4531149406810542,0));
#11774=FACE_BOUND('',#11775,.T.);
#11775=EDGE_LOOP('',(#11776,#11777,#11778));
#11776=ORIENTED_EDGE('',*,*,#11779,.T.);
#11777=ORIENTED_EDGE('',*,*,#11780,.T.);
#11778=ORIENTED_EDGE('',*,*,#11781,.T.);
#11779=EDGE_CURVE('',#397,#621,#11782,.F.);
#11780=EDGE_CURVE('',#621,#605,#11783,.T.);
#11781=EDGE_CURVE('',#605,#397,#11784,.T.);
#11782=LINE('',#396,#11785);
#11783=LINE('',#620,#11786);
#11784=LINE('',#604,#11787);
#11785=VECTOR('',#11788,1.0);
#11786=VECTOR('',#11789,1.0);
#11787=VECTOR('',#11790,1.0);
#11788=DIRECTION('',(0.8914521022083041,-0.4531149406810542,0));
#11789=DIRECTION('',(0.8434026874035929,0.5372819621766559,0));
#11790=DIRECTION('',(-0.9527049089379065,0.30389695043816317,0));
#11791=FACE_SURFACE('',(#11796),#11792,.T.);
#11792=PLANE('',#11793);
#11793=AXIS2_PLACEMENT_3D('',#396,#11794,#11795);
#11794=DIRECTION('',(0,0,1));
#11795=DIRECTION('',(0.4115384115050525,-0.9113924159525896,0));
#11796=FACE_BOUND('',#11797,.T.);
#11797=EDGE_LOOP('',(#11798,#11799,#11800));
#11798=ORIENTED_EDGE('',*,*,#11801,.T.);
#11799=ORIENTED_EDGE('',*,*,#11802,.T.);
#11800=ORIENTED_EDGE('',*,*,#11803,.T.);
#11801=EDGE_CURVE('',#397,#619,#11804,.F.);
#11802=EDGE_CURVE('',#619,#623,#11805,.T.);
#11803=EDGE_CURVE('',#623,#397,#11806,.T.);
#11804=LINE('',#396,#11807);
#11805=LINE('',#618,#11808);
#11806=LINE('',#622,#11809);
#11807=VECTOR('',#11810,1.0);
#11808=VECTOR('',#11811,1.0);
#11809=VECTOR('',#11812,1.0);
#11810=DIRECTION('',(0.4115384115050525,-0.9113924159525896,0));
#11811=DIRECTION('',(0.953720022332334,0.30069605751059064,0));
#11812=DIRECTION('',(-0.6311018132557284,0.7757000072871804,0));
#11813=FACE_SURFACE('',(#11818),#11814,.T.);
#11814=PLANE('',#11815);
#11815=AXIS2_PLACEMENT_3D('',#396,#11816,#11817);
#11816=DIRECTION('',(0,0,1));
#11817=DIRECTION('',(0.7889173505874663,-0.6144993197246461,0));
#11818=FACE_BOUND('',#11819,.T.);
#11819=EDGE_LOOP('',(#11820,#11821,#11822));
#11820=ORIENTED_EDGE('',*,*,#11823,.T.);
#11821=ORIENTED_EDGE('',*,*,#11824,.T.);
#11822=ORIENTED_EDGE('',*,*,#11825,.T.);
#11823=EDGE_CURVE('',#397,#625,#11826,.F.);
#11824=EDGE_CURVE('',#625,#621,#11827,.T.);
#11825=EDGE_CURVE('',#621,#397,#11828,.T.);
#11826=LINE('',#396,#11829);
#11827=LINE('',#624,#11830);
#11828=LINE('',#620,#11831);
#11829=VECTOR('',#11832,1.0);
#11830=VECTOR('',#11833,1.0);
#11831=VECTOR('',#11834,1.0);
#11832=DIRECTION('',(0.7889173505874663,-0.6144993197246461,0));
#11833=DIRECTION('',(0.8870096094321916,0.4617509640216798,0));
#11834=DIRECTION('',(-0.8914521022083041,0.4531149406810542,0));
#11835=FACE_SURFACE('',(#11840),#11836,.T.);
#11836=PLANE('',#11837);
#11837=AXIS2_PLACEMENT_3D('',#396,#11838,#11839);
#11838=DIRECTION('',(0,0,1));
#11839=DIRECTION('',(0.6311018132557284,-0.7757000072871804,0));
#11840=FACE_BOUND('',#11841,.T.);
#11841=EDGE_LOOP('',(#11842,#11843,#11844));
#11842=ORIENTED_EDGE('',*,*,#11845,.T.);
#11843=ORIENTED_EDGE('',*,*,#11846,.T.);
#11844=ORIENTED_EDGE('',*,*,#11847,.T.);
#11845=EDGE_CURVE('',#397,#623,#11848,.F.);
#11846=EDGE_CURVE('',#623,#625,#11849,.T.);
#11847=EDGE_CURVE('',#625,#397,#11850,.T.);
#11848=LINE('',#396,#11851);
#11849=LINE('',#622,#11852);
#11850=LINE('',#624,#11853);
#11851=VECTOR('',#11854,1.0);
#11852=VECTOR('',#11855,1.0);
#11853=VECTOR('',#11856,1.0);
#11854=DIRECTION('',(0.6311018132557284,-0.7757000072871804,0));
#11855=DIRECTION('',(0.9238747644618239,0.3826949432519451,0));
#11856=DIRECTION('',(-0.7889173505874663,0.6144993197246461,0));
#11857=FACE_SURFACE('',(#11862),#11858,.T.);
#11858=PLANE('',#11859);
#11859=AXIS2_PLACEMENT_3D('',#398,#11860,#11861);
#11860=DIRECTION('',(-0.10454611849163271,0.9945200395710151,0));
#11861=DIRECTION('',(0,0,-1));
#11862=FACE_BOUND('',#11863,.T.);
#11863=EDGE_LOOP('',(#11864,#11865,#11866));
#11864=ORIENTED_EDGE('',*,*,#11867,.T.);
#11865=ORIENTED_EDGE('',*,*,#11868,.T.);
#11866=ORIENTED_EDGE('',*,*,#11869,.T.);
#11867=EDGE_CURVE('',#399,#499,#11870,.F.);
#11868=EDGE_CURVE('',#499,#497,#11871,.T.);
#11869=EDGE_CURVE('',#497,#399,#11872,.T.);
#11870=LINE('',#398,#11873);
#11871=LINE('',#498,#11874);
#11872=LINE('',#496,#11875);
#11873=VECTOR('',#11876,1.0);
#11874=VECTOR('',#11877,1.0);
#11875=VECTOR('',#11878,1.0);
#11876=DIRECTION('',(0,0,-1));
#11877=DIRECTION('',(-0.9945200395710152,-0.10454611849163273,0));
#11878=DIRECTION('',(0.11021372769054198,0.011585907750546812,0.9938403800259631));
#11879=FACE_SURFACE('',(#11884),#11880,.T.);
#11880=PLANE('',#11881);
#11881=AXIS2_PLACEMENT_3D('',#400,#11882,#11883);
#11882=DIRECTION('',(-0.3090365596963495,0.951050158914368,0));
#11883=DIRECTION('',(-0.10538539139223908,-0.03424418627434691,-0.9938416649484526));
#11884=FACE_BOUND('',#11885,.T.);
#11885=EDGE_LOOP('',(#11886,#11887,#11888));
#11886=ORIENTED_EDGE('',*,*,#11889,.T.);
#11887=ORIENTED_EDGE('',*,*,#11890,.T.);
#11888=ORIENTED_EDGE('',*,*,#11891,.T.);
#11889=EDGE_CURVE('',#401,#499,#11892,.F.);
#11890=EDGE_CURVE('',#499,#399,#11893,.T.);
#11891=EDGE_CURVE('',#399,#401,#11894,.T.);
#11892=LINE('',#400,#11895);
#11893=LINE('',#498,#11896);
#11894=LINE('',#398,#11897);
#11895=VECTOR('',#11898,1.0);
#11896=VECTOR('',#11899,1.0);
#11897=VECTOR('',#11900,1.0);
#11898=DIRECTION('',(-0.10538539139223908,-0.03424418627434691,-0.9938416649484526));
#11899=DIRECTION('',(0,0,1));
#11900=DIRECTION('',(0.951050158914368,0.30903655969634947,0));
#11901=FACE_SURFACE('',(#11906),#11902,.T.);
#11902=PLANE('',#11903);
#11903=AXIS2_PLACEMENT_3D('',#400,#11904,#11905);
#11904=DIRECTION('',(-0.3090365596963495,0.951050158914368,0));
#11905=DIRECTION('',(0,0,-1));
#11906=FACE_BOUND('',#11907,.T.);
#11907=EDGE_LOOP('',(#11908,#11909,#11910));
#11908=ORIENTED_EDGE('',*,*,#11911,.T.);
#11909=ORIENTED_EDGE('',*,*,#11912,.T.);
#11910=ORIENTED_EDGE('',*,*,#11913,.T.);
#11911=EDGE_CURVE('',#401,#501,#11914,.F.);
#11912=EDGE_CURVE('',#501,#499,#11915,.T.);
#11913=EDGE_CURVE('',#499,#401,#11916,.T.);
#11914=LINE('',#400,#11917);
#11915=LINE('',#500,#11918);
#11916=LINE('',#498,#11919);
#11917=VECTOR('',#11920,1.0);
#11918=VECTOR('',#11921,1.0);
#11919=VECTOR('',#11922,1.0);
#11920=DIRECTION('',(0,0,-1));
#11921=DIRECTION('',(-0.951050158914368,-0.30903655969634947,0));
#11922=DIRECTION('',(0.10538539139223908,0.03424418627434691,0.9938416649484526));
#11923=FACE_SURFACE('',(#11928),#11924,.T.);
#11924=PLANE('',#11925);
#11925=AXIS2_PLACEMENT_3D('',#402,#11926,#11927);
#11926=DIRECTION('',(-0.5000173220147188,0.8660154026835949,0));
#11927=DIRECTION('',(-0.09595499134858046,-0.0554021991518692,-0.9938426615739689));
#11928=FACE_BOUND('',#11929,.T.);
#11929=EDGE_LOOP('',(#11930,#11931,#11932));
#11930=ORIENTED_EDGE('',*,*,#11933,.T.);
#11931=ORIENTED_EDGE('',*,*,#11934,.T.);
#11932=ORIENTED_EDGE('',*,*,#11935,.T.);
#11933=EDGE_CURVE('',#403,#501,#11936,.F.);
#11934=EDGE_CURVE('',#501,#401,#11937,.T.);
#11935=EDGE_CURVE('',#401,#403,#11938,.T.);
#11936=LINE('',#402,#11939);
#11937=LINE('',#500,#11940);
#11938=LINE('',#400,#11941);
#11939=VECTOR('',#11942,1.0);
#11940=VECTOR('',#11943,1.0);
#11941=VECTOR('',#11944,1.0);
#11942=DIRECTION('',(-0.09595499134858046,-0.0554021991518692,-0.9938426615739689));
#11943=DIRECTION('',(0,0,1));
#11944=DIRECTION('',(0.8660154026835949,0.5000173220147189,0));
#11945=FACE_SURFACE('',(#11950),#11946,.T.);
#11946=PLANE('',#11947);
#11947=AXIS2_PLACEMENT_3D('',#402,#11948,#11949);
#11948=DIRECTION('',(-0.5000173220147188,0.8660154026835949,0));
#11949=DIRECTION('',(0,0,-1));
#11950=FACE_BOUND('',#11951,.T.);
#11951=EDGE_LOOP('',(#11952,#11953,#11954));
#11952=ORIENTED_EDGE('',*,*,#11955,.T.);
#11953=ORIENTED_EDGE('',*,*,#11956,.T.);
#11954=ORIENTED_EDGE('',*,*,#11957,.T.);
#11955=EDGE_CURVE('',#403,#505,#11958,.F.);
#11956=EDGE_CURVE('',#505,#501,#11959,.T.);
#11957=EDGE_CURVE('',#501,#403,#11960,.T.);
#11958=LINE('',#402,#11961);
#11959=LINE('',#504,#11962);
#11960=LINE('',#500,#11963);
#11961=VECTOR('',#11964,1.0);
#11962=VECTOR('',#11965,1.0);
#11963=VECTOR('',#11966,1.0);
#11964=DIRECTION('',(0,0,-1));
#11965=DIRECTION('',(-0.8660154026835949,-0.5000173220147189,0));
#11966=DIRECTION('',(0.09595499134858046,0.0554021991518692,0.9938426615739689));
#11967=FACE_SURFACE('',(#11972),#11968,.T.);
#11968=PLANE('',#11969);
#11969=AXIS2_PLACEMENT_3D('',#406,#11970,#11971);
#11970=DIRECTION('',(-0.6690574703362504,0.743210670932043,0));
#11971=DIRECTION('',(-0.08235907508211238,-0.07414176974150291,-0.9938410238721367));
#11972=FACE_BOUND('',#11973,.T.);
#11973=EDGE_LOOP('',(#11974,#11975,#11976));
#11974=ORIENTED_EDGE('',*,*,#11977,.T.);
#11975=ORIENTED_EDGE('',*,*,#11978,.T.);
#11976=ORIENTED_EDGE('',*,*,#11979,.T.);
#11977=EDGE_CURVE('',#407,#505,#11980,.F.);
#11978=EDGE_CURVE('',#505,#403,#11981,.T.);
#11979=EDGE_CURVE('',#403,#407,#11982,.T.);
#11980=LINE('',#406,#11983);
#11981=LINE('',#504,#11984);
#11982=LINE('',#402,#11985);
#11983=VECTOR('',#11986,1.0);
#11984=VECTOR('',#11987,1.0);
#11985=VECTOR('',#11988,1.0);
#11986=DIRECTION('',(-0.08235907508211238,-0.07414176974150291,-0.9938410238721367));
#11987=DIRECTION('',(0,0,1));
#11988=DIRECTION('',(0.743210670932043,0.6690574703362504,0));
#11989=FACE_SURFACE('',(#11994),#11990,.T.);
#11990=PLANE('',#11991);
#11991=AXIS2_PLACEMENT_3D('',#502,#11992,#11993);
#11992=DIRECTION('',(-0.8090042942427719,-0.5878027321276711,0));
#11993=DIRECTION('',(-0.06513191974310087,0.08964232366480299,0.9938420834511653));
#11994=FACE_BOUND('',#11995,.T.);
#11995=EDGE_LOOP('',(#11996,#11997,#11998));
#11996=ORIENTED_EDGE('',*,*,#11999,.T.);
#11997=ORIENTED_EDGE('',*,*,#12000,.T.);
#11998=ORIENTED_EDGE('',*,*,#12001,.T.);
#11999=EDGE_CURVE('',#503,#405,#12002,.F.);
#12000=EDGE_CURVE('',#405,#421,#12003,.T.);
#12001=EDGE_CURVE('',#421,#503,#12004,.T.);
#12002=LINE('',#502,#12005);
#12003=LINE('',#404,#12006);
#12004=LINE('',#420,#12007);
#12005=VECTOR('',#12008,1.0);
#12006=VECTOR('',#12009,1.0);
#12007=VECTOR('',#12010,1.0);
#12008=DIRECTION('',(-0.06513191974310087,0.08964232366480299,0.9938420834511653));
#12009=DIRECTION('',(0,0,-1));
#12010=DIRECTION('',(0.587802732127671,-0.8090042942427719,0));
#12011=FACE_SURFACE('',(#12016),#12012,.T.);
#12012=PLANE('',#12013);
#12013=AXIS2_PLACEMENT_3D('',#502,#12014,#12015);
#12014=DIRECTION('',(-0.8090042942427719,-0.5878027321276711,0));
#12015=DIRECTION('',(0,0,1));
#12016=FACE_BOUND('',#12017,.T.);
#12017=EDGE_LOOP('',(#12018,#12019,#12020));
#12018=ORIENTED_EDGE('',*,*,#12021,.T.);
#12019=ORIENTED_EDGE('',*,*,#12022,.T.);
#12020=ORIENTED_EDGE('',*,*,#12023,.T.);
#12021=EDGE_CURVE('',#503,#409,#12024,.F.);
#12022=EDGE_CURVE('',#409,#405,#12025,.T.);
#12023=EDGE_CURVE('',#405,#503,#12026,.T.);
#12024=LINE('',#502,#12027);
#12025=LINE('',#408,#12028);
#12026=LINE('',#404,#12029);
#12027=VECTOR('',#12030,1.0);
#12028=VECTOR('',#12031,1.0);
#12029=VECTOR('',#12032,1.0);
#12030=DIRECTION('',(0,0,1));
#12031=DIRECTION('',(-0.587802732127671,0.8090042942427719,0));
#12032=DIRECTION('',(0.06513191974310087,-0.08964232366480299,-0.9938420834511653));
#12033=FACE_SURFACE('',(#12038),#12034,.T.);
#12034=PLANE('',#12035);
#12035=AXIS2_PLACEMENT_3D('',#406,#12036,#12037);
#12036=DIRECTION('',(-0.6690574703362504,0.743210670932043,0));
#12037=DIRECTION('',(0,0,-1));
#12038=FACE_BOUND('',#12039,.T.);
#12039=EDGE_LOOP('',(#12040,#12041,#12042));
#12040=ORIENTED_EDGE('',*,*,#12043,.T.);
#12041=ORIENTED_EDGE('',*,*,#12044,.T.);
#12042=ORIENTED_EDGE('',*,*,#12045,.T.);
#12043=EDGE_CURVE('',#407,#509,#12046,.F.);
#12044=EDGE_CURVE('',#509,#505,#12047,.T.);
#12045=EDGE_CURVE('',#505,#407,#12048,.T.);
#12046=LINE('',#406,#12049);
#12047=LINE('',#508,#12050);
#12048=LINE('',#504,#12051);
#12049=VECTOR('',#12052,1.0);
#12050=VECTOR('',#12053,1.0);
#12051=VECTOR('',#12054,1.0);
#12052=DIRECTION('',(0,0,-1));
#12053=DIRECTION('',(-0.743210670932043,-0.6690574703362504,0));
#12054=DIRECTION('',(0.08235907508211238,0.07414176974150291,0.9938410238721367));
#12055=FACE_SURFACE('',(#12060),#12056,.T.);
#12056=PLANE('',#12057);
#12057=AXIS2_PLACEMENT_3D('',#410,#12058,#12059);
#12058=DIRECTION('',(-0.8090295115456604,0.587768023499229,0));
#12059=DIRECTION('',(-0.06513187251915376,-0.0896503465712852,-0.9938413628652196));
#12060=FACE_BOUND('',#12061,.T.);
#12061=EDGE_LOOP('',(#12062,#12063,#12064));
#12062=ORIENTED_EDGE('',*,*,#12065,.T.);
#12063=ORIENTED_EDGE('',*,*,#12066,.T.);
#12064=ORIENTED_EDGE('',*,*,#12067,.T.);
#12065=EDGE_CURVE('',#411,#509,#12068,.F.);
#12066=EDGE_CURVE('',#509,#407,#12069,.T.);
#12067=EDGE_CURVE('',#407,#411,#12070,.T.);
#12068=LINE('',#410,#12071);
#12069=LINE('',#508,#12072);
#12070=LINE('',#406,#12073);
#12071=VECTOR('',#12074,1.0);
#12072=VECTOR('',#12075,1.0);
#12073=VECTOR('',#12076,1.0);
#12074=DIRECTION('',(-0.06513187251915376,-0.0896503465712852,-0.9938413628652196));
#12075=DIRECTION('',(0,0,1));
#12076=DIRECTION('',(0.587768023499229,0.8090295115456604,0));
#12077=FACE_SURFACE('',(#12082),#12078,.T.);
#12078=PLANE('',#12079);
#12079=AXIS2_PLACEMENT_3D('',#506,#12080,#12081);
#12080=DIRECTION('',(-0.9135645723309492,-0.4066937080675947,0));
#12081=DIRECTION('',(-0.045065798669171604,0.10123224498253525,0.9938415901772805));
#12082=FACE_BOUND('',#12083,.T.);
#12083=EDGE_LOOP('',(#12084,#12085,#12086));
#12084=ORIENTED_EDGE('',*,*,#12087,.T.);
#12085=ORIENTED_EDGE('',*,*,#12088,.T.);
#12086=ORIENTED_EDGE('',*,*,#12089,.T.);
#12087=EDGE_CURVE('',#507,#409,#12090,.F.);
#12088=EDGE_CURVE('',#409,#503,#12091,.T.);
#12089=EDGE_CURVE('',#503,#507,#12092,.T.);
#12090=LINE('',#506,#12093);
#12091=LINE('',#408,#12094);
#12092=LINE('',#502,#12095);
#12093=VECTOR('',#12096,1.0);
#12094=VECTOR('',#12097,1.0);
#12095=VECTOR('',#12098,1.0);
#12096=DIRECTION('',(-0.045065798669171604,0.10123224498253525,0.9938415901772805));
#12097=DIRECTION('',(0,0,-1));
#12098=DIRECTION('',(0.40669370806759464,-0.9135645723309491,0));
#12099=FACE_SURFACE('',(#12104),#12100,.T.);
#12100=PLANE('',#12101);
#12101=AXIS2_PLACEMENT_3D('',#506,#12102,#12103);
#12102=DIRECTION('',(-0.9135645723309492,-0.4066937080675947,0));
#12103=DIRECTION('',(0,0,1));
#12104=FACE_BOUND('',#12105,.T.);
#12105=EDGE_LOOP('',(#12106,#12107,#12108));
#12106=ORIENTED_EDGE('',*,*,#12109,.T.);
#12107=ORIENTED_EDGE('',*,*,#12110,.T.);
#12108=ORIENTED_EDGE('',*,*,#12111,.T.);
#12109=EDGE_CURVE('',#507,#413,#12112,.F.);
#12110=EDGE_CURVE('',#413,#409,#12113,.T.);
#12111=EDGE_CURVE('',#409,#507,#12114,.T.);
#12112=LINE('',#506,#12115);
#12113=LINE('',#412,#12116);
#12114=LINE('',#408,#12117);
#12115=VECTOR('',#12118,1.0);
#12116=VECTOR('',#12119,1.0);
#12117=VECTOR('',#12120,1.0);
#12118=DIRECTION('',(0,0,1));
#12119=DIRECTION('',(-0.40669370806759464,0.9135645723309491,0));
#12120=DIRECTION('',(0.045065798669171604,-0.10123224498253525,-0.9938415901772805));
#12121=FACE_SURFACE('',(#12126),#12122,.T.);
#12122=PLANE('',#12123);
#12123=AXIS2_PLACEMENT_3D('',#410,#12124,#12125);
#12124=DIRECTION('',(-0.8090295115456604,0.587768023499229,0));
#12125=DIRECTION('',(0,0,-1));
#12126=FACE_BOUND('',#12127,.T.);
#12127=EDGE_LOOP('',(#12128,#12129,#12130));
#12128=ORIENTED_EDGE('',*,*,#12131,.T.);
#12129=ORIENTED_EDGE('',*,*,#12132,.T.);
#12130=ORIENTED_EDGE('',*,*,#12133,.T.);
#12131=EDGE_CURVE('',#411,#513,#12134,.F.);
#12132=EDGE_CURVE('',#513,#509,#12135,.T.);
#12133=EDGE_CURVE('',#509,#411,#12136,.T.);
#12134=LINE('',#410,#12137);
#12135=LINE('',#512,#12138);
#12136=LINE('',#508,#12139);
#12137=VECTOR('',#12140,1.0);
#12138=VECTOR('',#12141,1.0);
#12139=VECTOR('',#12142,1.0);
#12140=DIRECTION('',(0,0,-1));
#12141=DIRECTION('',(-0.587768023499229,-0.8090295115456604,0));
#12142=DIRECTION('',(0.06513187251915376,0.0896503465712852,0.9938413628652196));
#12143=FACE_SURFACE('',(#12148),#12144,.T.);
#12144=PLANE('',#12145);
#12145=AXIS2_PLACEMENT_3D('',#414,#12146,#12147);
#12146=DIRECTION('',(-0.9135645723309492,0.4066937080675947,0));
#12147=DIRECTION('',(-0.045065798669171604,-0.10123224498253525,-0.9938415901772805));
#12148=FACE_BOUND('',#12149,.T.);
#12149=EDGE_LOOP('',(#12150,#12151,#12152));
#12150=ORIENTED_EDGE('',*,*,#12153,.T.);
#12151=ORIENTED_EDGE('',*,*,#12154,.T.);
#12152=ORIENTED_EDGE('',*,*,#12155,.T.);
#12153=EDGE_CURVE('',#415,#513,#12156,.F.);
#12154=EDGE_CURVE('',#513,#411,#12157,.T.);
#12155=EDGE_CURVE('',#411,#415,#12158,.T.);
#12156=LINE('',#414,#12159);
#12157=LINE('',#512,#12160);
#12158=LINE('',#410,#12161);
#12159=VECTOR('',#12162,1.0);
#12160=VECTOR('',#12163,1.0);
#12161=VECTOR('',#12164,1.0);
#12162=DIRECTION('',(-0.045065798669171604,-0.10123224498253525,-0.9938415901772805));
#12163=DIRECTION('',(0,0,1));
#12164=DIRECTION('',(0.40669370806759464,0.9135645723309491,0));
#12165=FACE_SURFACE('',(#12170),#12166,.T.);
#12166=PLANE('',#12167);
#12167=AXIS2_PLACEMENT_3D('',#510,#12168,#12169);
#12168=DIRECTION('',(-0.9781397399549719,-0.2079486694374834,0));
#12169=DIRECTION('',(-0.02304244204812634,0.10838601821233454,0.9938417967264882));
#12170=FACE_BOUND('',#12171,.T.);
#12171=EDGE_LOOP('',(#12172,#12173,#12174));
#12172=ORIENTED_EDGE('',*,*,#12175,.T.);
#12173=ORIENTED_EDGE('',*,*,#12176,.T.);
#12174=ORIENTED_EDGE('',*,*,#12177,.T.);
#12175=EDGE_CURVE('',#511,#413,#12178,.F.);
#12176=EDGE_CURVE('',#413,#507,#12179,.T.);
#12177=EDGE_CURVE('',#507,#511,#12180,.T.);
#12178=LINE('',#510,#12181);
#12179=LINE('',#412,#12182);
#12180=LINE('',#506,#12183);
#12181=VECTOR('',#12184,1.0);
#12182=VECTOR('',#12185,1.0);
#12183=VECTOR('',#12186,1.0);
#12184=DIRECTION('',(-0.02304244204812634,0.10838601821233454,0.9938417967264882));
#12185=DIRECTION('',(0,0,-1));
#12186=DIRECTION('',(0.2079486694374834,-0.978139739954972,0));
#12187=FACE_SURFACE('',(#12192),#12188,.T.);
#12188=PLANE('',#12189);
#12189=AXIS2_PLACEMENT_3D('',#412,#12190,#12191);
#12190=DIRECTION('',(-0.9781397399549719,-0.2079486694374834,0));
#12191=DIRECTION('',(0.02304244204812634,-0.10838601821233454,-0.9938417967264882));
#12192=FACE_BOUND('',#12193,.T.);
#12193=EDGE_LOOP('',(#12194,#12195,#12196));
#12194=ORIENTED_EDGE('',*,*,#12197,.T.);
#12195=ORIENTED_EDGE('',*,*,#12198,.T.);
#12196=ORIENTED_EDGE('',*,*,#12199,.T.);
#12197=EDGE_CURVE('',#413,#511,#12200,.F.);
#12198=EDGE_CURVE('',#511,#417,#12201,.T.);
#12199=EDGE_CURVE('',#417,#413,#12202,.T.);
#12200=LINE('',#412,#12203);
#12201=LINE('',#510,#12204);
#12202=LINE('',#416,#12205);
#12203=VECTOR('',#12206,1.0);
#12204=VECTOR('',#12207,1.0);
#12205=VECTOR('',#12208,1.0);
#12206=DIRECTION('',(0.02304244204812634,-0.10838601821233454,-0.9938417967264882));
#12207=DIRECTION('',(0,0,1));
#12208=DIRECTION('',(-0.2079486694374834,0.978139739954972,0));
#12209=FACE_SURFACE('',(#12214),#12210,.T.);
#12210=PLANE('',#12211);
#12211=AXIS2_PLACEMENT_3D('',#414,#12212,#12213);
#12212=DIRECTION('',(-0.9135645723309492,0.4066937080675947,0));
#12213=DIRECTION('',(0,0,-1));
#12214=FACE_BOUND('',#12215,.T.);
#12215=EDGE_LOOP('',(#12216,#12217,#12218));
#12216=ORIENTED_EDGE('',*,*,#12219,.T.);
#12217=ORIENTED_EDGE('',*,*,#12220,.T.);
#12218=ORIENTED_EDGE('',*,*,#12221,.T.);
#12219=EDGE_CURVE('',#415,#517,#12222,.F.);
#12220=EDGE_CURVE('',#517,#513,#12223,.T.);
#12221=EDGE_CURVE('',#513,#415,#12224,.T.);
#12222=LINE('',#414,#12225);
#12223=LINE('',#516,#12226);
#12224=LINE('',#512,#12227);
#12225=VECTOR('',#12228,1.0);
#12226=VECTOR('',#12229,1.0);
#12227=VECTOR('',#12230,1.0);
#12228=DIRECTION('',(0,0,-1));
#12229=DIRECTION('',(-0.40669370806759464,-0.9135645723309491,0));
#12230=DIRECTION('',(0.045065798669171604,0.10123224498253525,0.9938415901772805));
#12231=FACE_SURFACE('',(#12236),#12232,.T.);
#12232=PLANE('',#12233);
#12233=AXIS2_PLACEMENT_3D('',#418,#12234,#12235);
#12234=DIRECTION('',(-0.9781428959003713,0.20793382408746142,0));
#12235=DIRECTION('',(-0.023042421848029435,-0.10839401109417006,-0.9938409254776612));
#12236=FACE_BOUND('',#12237,.T.);
#12237=EDGE_LOOP('',(#12238,#12239,#12240));
#12238=ORIENTED_EDGE('',*,*,#12241,.T.);
#12239=ORIENTED_EDGE('',*,*,#12242,.T.);
#12240=ORIENTED_EDGE('',*,*,#12243,.T.);
#12241=EDGE_CURVE('',#419,#517,#12244,.F.);
#12242=EDGE_CURVE('',#517,#415,#12245,.T.);
#12243=EDGE_CURVE('',#415,#419,#12246,.T.);
#12244=LINE('',#418,#12247);
#12245=LINE('',#516,#12248);
#12246=LINE('',#414,#12249);
#12247=VECTOR('',#12250,1.0);
#12248=VECTOR('',#12251,1.0);
#12249=VECTOR('',#12252,1.0);
#12250=DIRECTION('',(-0.023042421848029435,-0.10839401109417006,-0.9938409254776612));
#12251=DIRECTION('',(0,0,1));
#12252=DIRECTION('',(0.20793382408746142,0.9781428959003713,0));
#12253=FACE_SURFACE('',(#12258),#12254,.T.);
#12254=PLANE('',#12255);
#12255=AXIS2_PLACEMENT_3D('',#416,#12256,#12257);
#12256=DIRECTION('',(-1,0,-0));
#12257=DIRECTION('',(0,0,-1));
#12258=FACE_BOUND('',#12259,.T.);
#12259=EDGE_LOOP('',(#12260,#12261,#12262));
#12260=ORIENTED_EDGE('',*,*,#12263,.T.);
#12261=ORIENTED_EDGE('',*,*,#12264,.T.);
#12262=ORIENTED_EDGE('',*,*,#12265,.T.);
#12263=EDGE_CURVE('',#417,#511,#12266,.F.);
#12264=EDGE_CURVE('',#511,#515,#12267,.T.);
#12265=EDGE_CURVE('',#515,#417,#12268,.T.);
#12266=LINE('',#416,#12269);
#12267=LINE('',#510,#12270);
#12268=LINE('',#514,#12271);
#12269=VECTOR('',#12272,1.0);
#12270=VECTOR('',#12273,1.0);
#12271=VECTOR('',#12274,1.0);
#12272=DIRECTION('',(0,0,-1));
#12273=DIRECTION('',(0,-1,0));
#12274=DIRECTION('',(0,0.11080834547767077,0.9938417935328042));
#12275=FACE_SURFACE('',(#12280),#12276,.T.);
#12276=PLANE('',#12277);
#12277=AXIS2_PLACEMENT_3D('',#416,#12278,#12279);
#12278=DIRECTION('',(-1,-0,0));
#12279=DIRECTION('',(0,-0.11080834547767077,-0.9938417935328042));
#12280=FACE_BOUND('',#12281,.T.);
#12281=EDGE_LOOP('',(#12282,#12283,#12284));
#12282=ORIENTED_EDGE('',*,*,#12285,.T.);
#12283=ORIENTED_EDGE('',*,*,#12286,.T.);
#12284=ORIENTED_EDGE('',*,*,#12287,.T.);
#12285=EDGE_CURVE('',#417,#515,#12288,.F.);
#12286=EDGE_CURVE('',#515,#419,#12289,.T.);
#12287=EDGE_CURVE('',#419,#417,#12290,.T.);
#12288=LINE('',#416,#12291);
#12289=LINE('',#514,#12292);
#12290=LINE('',#418,#12293);
#12291=VECTOR('',#12294,1.0);
#12292=VECTOR('',#12295,1.0);
#12293=VECTOR('',#12296,1.0);
#12294=DIRECTION('',(0,-0.11080834547767077,-0.9938417935328042));
#12295=DIRECTION('',(0,0,1));
#12296=DIRECTION('',(0,1,0));
#12297=FACE_SURFACE('',(#12302),#12298,.T.);
#12298=PLANE('',#12299);
#12299=AXIS2_PLACEMENT_3D('',#418,#12300,#12301);
#12300=DIRECTION('',(-0.9781428959003713,0.20793382408746142,0));
#12301=DIRECTION('',(0,0,-1));
#12302=FACE_BOUND('',#12303,.T.);
#12303=EDGE_LOOP('',(#12304,#12305,#12306));
#12304=ORIENTED_EDGE('',*,*,#12307,.T.);
#12305=ORIENTED_EDGE('',*,*,#12308,.T.);
#12306=ORIENTED_EDGE('',*,*,#12309,.T.);
#12307=EDGE_CURVE('',#419,#515,#12310,.F.);
#12308=EDGE_CURVE('',#515,#517,#12311,.T.);
#12309=EDGE_CURVE('',#517,#419,#12312,.T.);
#12310=LINE('',#418,#12313);
#12311=LINE('',#514,#12314);
#12312=LINE('',#516,#12315);
#12313=VECTOR('',#12316,1.0);
#12314=VECTOR('',#12317,1.0);
#12315=VECTOR('',#12318,1.0);
#12316=DIRECTION('',(0,0,-1));
#12317=DIRECTION('',(-0.20793382408746142,-0.9781428959003713,0));
#12318=DIRECTION('',(0.023042421848029435,0.10839401109417006,0.9938409254776612));
#12319=FACE_SURFACE('',(#12324),#12320,.T.);
#12320=PLANE('',#12321);
#12321=AXIS2_PLACEMENT_3D('',#518,#12322,#12323);
#12322=DIRECTION('',(0.5372968921434016,0.8433931762191592,-0));
#12323=DIRECTION('',(-0.23550033917911475,0.15002919623667316,0.9602243646789534));
#12324=FACE_BOUND('',#12325,.T.);
#12325=EDGE_LOOP('',(#12326,#12327,#12328));
#12326=ORIENTED_EDGE('',*,*,#12329,.T.);
#12327=ORIENTED_EDGE('',*,*,#12330,.T.);
#12328=ORIENTED_EDGE('',*,*,#12331,.T.);
#12329=EDGE_CURVE('',#519,#431,#12332,.F.);
#12330=EDGE_CURVE('',#431,#423,#12333,.T.);
#12331=EDGE_CURVE('',#423,#519,#12334,.T.);
#12332=LINE('',#518,#12335);
#12333=LINE('',#430,#12336);
#12334=LINE('',#422,#12337);
#12335=VECTOR('',#12338,1.0);
#12336=VECTOR('',#12339,1.0);
#12337=VECTOR('',#12340,1.0);
#12338=DIRECTION('',(-0.23550033917911475,0.15002919623667316,0.9602243646789534));
#12339=DIRECTION('',(0.8433931762191593,-0.5372968921434016,0));
#12340=DIRECTION('',(0,0,-1));
#12341=FACE_SURFACE('',(#12346),#12342,.T.);
#12342=PLANE('',#12343);
#12343=AXIS2_PLACEMENT_3D('',#626,#12344,#12345);
#12344=DIRECTION('',(0.3090035498727966,-0.9510608845736482,0));
#12345=DIRECTION('',(0.10538540598534421,0.034240147063618935,-0.9938418025693857));
#12346=FACE_BOUND('',#12347,.T.);
#12347=EDGE_LOOP('',(#12348,#12349,#12350));
#12348=ORIENTED_EDGE('',*,*,#12351,.T.);
#12349=ORIENTED_EDGE('',*,*,#12352,.T.);
#12350=ORIENTED_EDGE('',*,*,#12353,.T.);
#12351=EDGE_CURVE('',#627,#521,#12354,.F.);
#12352=EDGE_CURVE('',#521,#425,#12355,.T.);
#12353=EDGE_CURVE('',#425,#627,#12356,.T.);
#12354=LINE('',#626,#12357);
#12355=LINE('',#520,#12358);
#12356=LINE('',#424,#12359);
#12357=VECTOR('',#12360,1.0);
#12358=VECTOR('',#12361,1.0);
#12359=VECTOR('',#12362,1.0);
#12360=DIRECTION('',(0.10538540598534421,0.034240147063618935,-0.9938418025693857));
#12361=DIRECTION('',(0,0,1));
#12362=DIRECTION('',(-0.9510608845736482,-0.3090035498727966,0));
#12363=FACE_SURFACE('',(#12368),#12364,.T.);
#12364=PLANE('',#12365);
#12365=AXIS2_PLACEMENT_3D('',#426,#12366,#12367);
#12366=DIRECTION('',(-0,0,1));
#12367=DIRECTION('',(0.9999996807299245,-0.0007990870096440351,0));
#12368=FACE_BOUND('',#12369,.T.);
#12369=EDGE_LOOP('',(#12370,#12371,#12372));
#12370=ORIENTED_EDGE('',*,*,#12373,.T.);
#12371=ORIENTED_EDGE('',*,*,#12374,.T.);
#12372=ORIENTED_EDGE('',*,*,#12375,.T.);
#12373=EDGE_CURVE('',#427,#627,#12376,.F.);
#12374=EDGE_CURVE('',#627,#425,#12377,.T.);
#12375=EDGE_CURVE('',#425,#427,#12378,.T.);
#12376=LINE('',#426,#12379);
#12377=LINE('',#626,#12380);
#12378=LINE('',#424,#12381);
#12379=VECTOR('',#12382,1.0);
#12380=VECTOR('',#12383,1.0);
#12381=VECTOR('',#12384,1.0);
#12382=DIRECTION('',(0.9999996807299245,-0.0007990870096440351,0));
#12383=DIRECTION('',(0.9510608845736482,0.3090035498727966,0));
#12384=DIRECTION('',(-0.9999926124982038,-0.003843819586954481,0));
#12385=FACE_SURFACE('',(#12390),#12386,.T.);
#12386=PLANE('',#12387);
#12387=AXIS2_PLACEMENT_3D('',#426,#12388,#12389);
#12388=DIRECTION('',(-0.9439039592892984,-0.33022010180784955,-0));
#12389=DIRECTION('',(0,0,-1));
#12390=FACE_BOUND('',#12391,.T.);
#12391=EDGE_LOOP('',(#12392,#12393,#12394));
#12392=ORIENTED_EDGE('',*,*,#12395,.T.);
#12393=ORIENTED_EDGE('',*,*,#12396,.T.);
#12394=ORIENTED_EDGE('',*,*,#12397,.T.);
#12395=EDGE_CURVE('',#427,#523,#12398,.F.);
#12396=EDGE_CURVE('',#523,#629,#12399,.T.);
#12397=EDGE_CURVE('',#629,#427,#12400,.T.);
#12398=LINE('',#426,#12401);
#12399=LINE('',#522,#12402);
#12400=LINE('',#628,#12403);
#12401=VECTOR('',#12404,1.0);
#12402=VECTOR('',#12405,1.0);
#12403=VECTOR('',#12406,1.0);
#12404=DIRECTION('',(0,0,-1));
#12405=DIRECTION('',(0.33022010180784955,-0.9439039592892984,0));
#12406=DIRECTION('',(-0.036741472972511485,0.10502214013928923,0.9937909308523467));
#12407=FACE_SURFACE('',(#12412),#12408,.T.);
#12408=PLANE('',#12409);
#12409=AXIS2_PLACEMENT_3D('',#426,#12410,#12411);
#12410=DIRECTION('',(-0.9439039592892984,-0.33022010180784955,0));
#12411=DIRECTION('',(0.036741472972511485,-0.10502214013928923,-0.9937909308523467));
#12412=FACE_BOUND('',#12413,.T.);
#12413=EDGE_LOOP('',(#12414,#12415,#12416));
#12414=ORIENTED_EDGE('',*,*,#12417,.T.);
#12415=ORIENTED_EDGE('',*,*,#12418,.T.);
#12416=ORIENTED_EDGE('',*,*,#12419,.T.);
#12417=EDGE_CURVE('',#427,#629,#12420,.F.);
#12418=EDGE_CURVE('',#629,#631,#12421,.T.);
#12419=EDGE_CURVE('',#631,#427,#12422,.T.);
#12420=LINE('',#426,#12423);
#12421=LINE('',#628,#12424);
#12422=LINE('',#630,#12425);
#12423=VECTOR('',#12426,1.0);
#12424=VECTOR('',#12427,1.0);
#12425=VECTOR('',#12428,1.0);
#12426=DIRECTION('',(0.036741472972511485,-0.10502214013928923,-0.9937909308523467));
#12427=DIRECTION('',(0,0,1));
#12428=DIRECTION('',(-0.33022010180784955,0.9439039592892984,0));
#12429=FACE_SURFACE('',(#12434),#12430,.T.);
#12430=PLANE('',#12431);
#12431=AXIS2_PLACEMENT_3D('',#428,#12432,#12433);
#12432=DIRECTION('',(-0.8467198116254329,-0.532039059281357,0));
#12433=DIRECTION('',(0.059200388493012075,-0.09421515379089401,-0.9937901281449896));
#12434=FACE_BOUND('',#12435,.T.);
#12435=EDGE_LOOP('',(#12436,#12437,#12438));
#12436=ORIENTED_EDGE('',*,*,#12439,.T.);
#12437=ORIENTED_EDGE('',*,*,#12440,.T.);
#12438=ORIENTED_EDGE('',*,*,#12441,.T.);
#12439=EDGE_CURVE('',#429,#523,#12442,.F.);
#12440=EDGE_CURVE('',#523,#427,#12443,.T.);
#12441=EDGE_CURVE('',#427,#429,#12444,.T.);
#12442=LINE('',#428,#12445);
#12443=LINE('',#522,#12446);
#12444=LINE('',#426,#12447);
#12445=VECTOR('',#12448,1.0);
#12446=VECTOR('',#12449,1.0);
#12447=VECTOR('',#12450,1.0);
#12448=DIRECTION('',(0.059200388493012075,-0.09421515379089401,-0.9937901281449896));
#12449=DIRECTION('',(0,0,1));
#12450=DIRECTION('',(-0.5320390592813571,0.846719811625433,0));
#12451=FACE_SURFACE('',(#12456),#12452,.T.);
#12452=PLANE('',#12453);
#12453=AXIS2_PLACEMENT_3D('',#630,#12454,#12455);
#12454=DIRECTION('',(0,-0,1));
#12455=DIRECTION('',(0.9999812620787231,0.006121722914683508,0));
#12456=FACE_BOUND('',#12457,.T.);
#12457=EDGE_LOOP('',(#12458,#12459,#12460));
#12458=ORIENTED_EDGE('',*,*,#12461,.T.);
#12459=ORIENTED_EDGE('',*,*,#12462,.T.);
#12460=ORIENTED_EDGE('',*,*,#12463,.T.);
#12461=EDGE_CURVE('',#631,#633,#12464,.F.);
#12462=EDGE_CURVE('',#633,#427,#12465,.T.);
#12463=EDGE_CURVE('',#427,#631,#12466,.T.);
#12464=LINE('',#630,#12467);
#12465=LINE('',#632,#12468);
#12466=LINE('',#426,#12469);
#12467=VECTOR('',#12470,1.0);
#12468=VECTOR('',#12471,1.0);
#12469=VECTOR('',#12472,1.0);
#12470=DIRECTION('',(0.9999812620787231,0.006121722914683508,0));
#12471=DIRECTION('',(-0.9999637586744788,0.008513597219076225,0));
#12472=DIRECTION('',(0.33022010180784955,-0.9439039592892984,0));
#12473=FACE_SURFACE('',(#12478),#12474,.T.);
#12474=PLANE('',#12475);
#12475=AXIS2_PLACEMENT_3D('',#426,#12476,#12477);
#12476=DIRECTION('',(0,0,1));
#12477=DIRECTION('',(0.9999637586744788,-0.008513597219076225,0));
#12478=FACE_BOUND('',#12479,.T.);
#12479=EDGE_LOOP('',(#12480,#12481,#12482));
#12480=ORIENTED_EDGE('',*,*,#12483,.T.);
#12481=ORIENTED_EDGE('',*,*,#12484,.T.);
#12482=ORIENTED_EDGE('',*,*,#12485,.T.);
#12483=EDGE_CURVE('',#427,#633,#12486,.F.);
#12484=EDGE_CURVE('',#633,#627,#12487,.T.);
#12485=EDGE_CURVE('',#627,#427,#12488,.T.);
#12486=LINE('',#426,#12489);
#12487=LINE('',#632,#12490);
#12488=LINE('',#626,#12491);
#12489=VECTOR('',#12492,1.0);
#12490=VECTOR('',#12493,1.0);
#12491=VECTOR('',#12494,1.0);
#12492=DIRECTION('',(0.9999637586744788,-0.008513597219076225,0));
#12493=DIRECTION('',(0.8660257496735893,0.4999994009019389,0));
#12494=DIRECTION('',(-0.9999996807299245,0.0007990870096440351,0));
#12495=FACE_SURFACE('',(#12500),#12496,.T.);
#12496=PLANE('',#12497);
#12497=AXIS2_PLACEMENT_3D('',#428,#12498,#12499);
#12498=DIRECTION('',(-0.8467198116254329,-0.532039059281357,-0));
#12499=DIRECTION('',(0,0,-1));
#12500=FACE_BOUND('',#12501,.T.);
#12501=EDGE_LOOP('',(#12502,#12503,#12504));
#12502=ORIENTED_EDGE('',*,*,#12505,.T.);
#12503=ORIENTED_EDGE('',*,*,#12506,.T.);
#12504=ORIENTED_EDGE('',*,*,#12507,.T.);
#12505=EDGE_CURVE('',#429,#525,#12508,.F.);
#12506=EDGE_CURVE('',#525,#523,#12509,.T.);
#12507=EDGE_CURVE('',#523,#429,#12510,.T.);
#12508=LINE('',#428,#12511);
#12509=LINE('',#524,#12512);
#12510=LINE('',#522,#12513);
#12511=VECTOR('',#12514,1.0);
#12512=VECTOR('',#12515,1.0);
#12513=VECTOR('',#12516,1.0);
#12514=DIRECTION('',(0,0,-1));
#12515=DIRECTION('',(0.5320390592813571,-0.846719811625433,0));
#12516=DIRECTION('',(-0.059200388493012075,0.09421515379089401,0.9937901281449896));
#12517=FACE_SURFACE('',(#12522),#12518,.T.);
#12518=PLANE('',#12519);
#12519=AXIS2_PLACEMENT_3D('',#432,#12520,#12521);
#12520=DIRECTION('',(-0.70707952449269,-0.7071340368297876,0));
#12521=DIRECTION('',(0.07868314176960194,-0.07867707615583616,-0.9937901593841798));
#12522=FACE_BOUND('',#12523,.T.);
#12523=EDGE_LOOP('',(#12524,#12525,#12526));
#12524=ORIENTED_EDGE('',*,*,#12527,.T.);
#12525=ORIENTED_EDGE('',*,*,#12528,.T.);
#12526=ORIENTED_EDGE('',*,*,#12529,.T.);
#12527=EDGE_CURVE('',#433,#525,#12530,.F.);
#12528=EDGE_CURVE('',#525,#429,#12531,.T.);
#12529=EDGE_CURVE('',#429,#433,#12532,.T.);
#12530=LINE('',#432,#12533);
#12531=LINE('',#524,#12534);
#12532=LINE('',#428,#12535);
#12533=VECTOR('',#12536,1.0);
#12534=VECTOR('',#12537,1.0);
#12535=VECTOR('',#12538,1.0);
#12536=DIRECTION('',(0.07868314176960194,-0.07867707615583616,-0.9937901593841798));
#12537=DIRECTION('',(0,0,1));
#12538=DIRECTION('',(-0.7071340368297876,0.70707952449269,0));
#12539=FACE_SURFACE('',(#12544),#12540,.T.);
#12540=PLANE('',#12541);
#12541=AXIS2_PLACEMENT_3D('',#528,#12542,#12543);
#12542=DIRECTION('',(0.5372968921434016,0.8433931762191592,-0));
#12543=DIRECTION('',(0,0,1));
#12544=FACE_BOUND('',#12545,.T.);
#12545=EDGE_LOOP('',(#12546,#12547,#12548));
#12546=ORIENTED_EDGE('',*,*,#12549,.T.);
#12547=ORIENTED_EDGE('',*,*,#12550,.T.);
#12548=ORIENTED_EDGE('',*,*,#12551,.T.);
#12549=EDGE_CURVE('',#529,#431,#12552,.F.);
#12550=EDGE_CURVE('',#431,#519,#12553,.T.);
#12551=EDGE_CURVE('',#519,#529,#12554,.T.);
#12552=LINE('',#528,#12555);
#12553=LINE('',#430,#12556);
#12554=LINE('',#518,#12557);
#12555=VECTOR('',#12558,1.0);
#12556=VECTOR('',#12559,1.0);
#12557=VECTOR('',#12560,1.0);
#12558=DIRECTION('',(0,0,1));
#12559=DIRECTION('',(0.23550033917911475,-0.15002919623667316,-0.9602243646789534));
#12560=DIRECTION('',(-0.8433931762191593,0.5372968921434016,0));
#12561=FACE_SURFACE('',(#12566),#12562,.T.);
#12562=PLANE('',#12563);
#12563=AXIS2_PLACEMENT_3D('',#528,#12564,#12565);
#12564=DIRECTION('',(0.4617399548478399,0.8870153403955959,-0));
#12565=DIRECTION('',(-0.24768272239194247,0.12893239140919532,0.9602237798940526));
#12566=FACE_BOUND('',#12567,.T.);
#12567=EDGE_LOOP('',(#12568,#12569,#12570));
#12568=ORIENTED_EDGE('',*,*,#12571,.T.);
#12569=ORIENTED_EDGE('',*,*,#12572,.T.);
#12570=ORIENTED_EDGE('',*,*,#12573,.T.);
#12571=EDGE_CURVE('',#529,#435,#12574,.F.);
#12572=EDGE_CURVE('',#435,#431,#12575,.T.);
#12573=EDGE_CURVE('',#431,#529,#12576,.T.);
#12574=LINE('',#528,#12577);
#12575=LINE('',#434,#12578);
#12576=LINE('',#430,#12579);
#12577=VECTOR('',#12580,1.0);
#12578=VECTOR('',#12581,1.0);
#12579=VECTOR('',#12582,1.0);
#12580=DIRECTION('',(-0.24768272239194247,0.12893239140919532,0.9602237798940526));
#12581=DIRECTION('',(0.8870153403955958,-0.46173995484783986,0));
#12582=DIRECTION('',(0,0,-1));
#12583=FACE_SURFACE('',(#12588),#12584,.T.);
#12584=PLANE('',#12585);
#12585=AXIS2_PLACEMENT_3D('',#432,#12586,#12587);
#12586=DIRECTION('',(-0.70707952449269,-0.7071340368297876,-0));
#12587=DIRECTION('',(0,0,-1));
#12588=FACE_BOUND('',#12589,.T.);
#12589=EDGE_LOOP('',(#12590,#12591,#12592));
#12590=ORIENTED_EDGE('',*,*,#12593,.T.);
#12591=ORIENTED_EDGE('',*,*,#12594,.T.);
#12592=ORIENTED_EDGE('',*,*,#12595,.T.);
#12593=EDGE_CURVE('',#433,#527,#12596,.F.);
#12594=EDGE_CURVE('',#527,#525,#12597,.T.);
#12595=EDGE_CURVE('',#525,#433,#12598,.T.);
#12596=LINE('',#432,#12599);
#12597=LINE('',#526,#12600);
#12598=LINE('',#524,#12601);
#12599=VECTOR('',#12602,1.0);
#12600=VECTOR('',#12603,1.0);
#12601=VECTOR('',#12604,1.0);
#12602=DIRECTION('',(0,0,-1));
#12603=DIRECTION('',(0.7071340368297876,-0.70707952449269,0));
#12604=DIRECTION('',(-0.07868314176960194,0.07867707615583616,0.9937901593841798));
#12605=FACE_SURFACE('',(#12610),#12606,.T.);
#12606=PLANE('',#12607);
#12607=AXIS2_PLACEMENT_3D('',#436,#12608,#12609);
#12608=DIRECTION('',(-0.5320554310803605,-0.8467095241332129,0));
#12609=DIRECTION('',(0.09421114594048013,-0.05920041104681213,-0.993790506753043));
#12610=FACE_BOUND('',#12611,.T.);
#12611=EDGE_LOOP('',(#12612,#12613,#12614));
#12612=ORIENTED_EDGE('',*,*,#12615,.T.);
#12613=ORIENTED_EDGE('',*,*,#12616,.T.);
#12614=ORIENTED_EDGE('',*,*,#12617,.T.);
#12615=EDGE_CURVE('',#437,#527,#12618,.F.);
#12616=EDGE_CURVE('',#527,#433,#12619,.T.);
#12617=EDGE_CURVE('',#433,#437,#12620,.T.);
#12618=LINE('',#436,#12621);
#12619=LINE('',#526,#12622);
#12620=LINE('',#432,#12623);
#12621=VECTOR('',#12624,1.0);
#12622=VECTOR('',#12625,1.0);
#12623=VECTOR('',#12626,1.0);
#12624=DIRECTION('',(0.09421114594048013,-0.05920041104681213,-0.993790506753043));
#12625=DIRECTION('',(0,0,1));
#12626=DIRECTION('',(-0.8467095241332129,0.5320554310803604,0));
#12627=FACE_SURFACE('',(#12632),#12628,.T.);
#12628=PLANE('',#12629);
#12629=AXIS2_PLACEMENT_3D('',#532,#12630,#12631);
#12630=DIRECTION('',(0.4617399548478399,0.8870153403955959,-0));
#12631=DIRECTION('',(0,0,1));
#12632=FACE_BOUND('',#12633,.T.);
#12633=EDGE_LOOP('',(#12634,#12635,#12636));
#12634=ORIENTED_EDGE('',*,*,#12637,.T.);
#12635=ORIENTED_EDGE('',*,*,#12638,.T.);
#12636=ORIENTED_EDGE('',*,*,#12639,.T.);
#12637=EDGE_CURVE('',#533,#435,#12640,.F.);
#12638=EDGE_CURVE('',#435,#529,#12641,.T.);
#12639=EDGE_CURVE('',#529,#533,#12642,.T.);
#12640=LINE('',#532,#12643);
#12641=LINE('',#434,#12644);
#12642=LINE('',#528,#12645);
#12643=VECTOR('',#12646,1.0);
#12644=VECTOR('',#12647,1.0);
#12645=VECTOR('',#12648,1.0);
#12646=DIRECTION('',(0,0,1));
#12647=DIRECTION('',(0.24768272239194247,-0.12893239140919532,-0.9602237798940526));
#12648=DIRECTION('',(-0.8870153403955958,0.46173995484783986,0));
#12649=FACE_SURFACE('',(#12654),#12650,.T.);
#12650=PLANE('',#12651);
#12651=AXIS2_PLACEMENT_3D('',#532,#12652,#12653);
#12652=DIRECTION('',(0.38269494325194503,0.9238747644618238,-0));
#12653=DIRECTION('',(-0.25796704494515305,0.10685721422823505,0.9602262959790502));
#12654=FACE_BOUND('',#12655,.T.);
#12655=EDGE_LOOP('',(#12656,#12657,#12658));
#12656=ORIENTED_EDGE('',*,*,#12659,.T.);
#12657=ORIENTED_EDGE('',*,*,#12660,.T.);
#12658=ORIENTED_EDGE('',*,*,#12661,.T.);
#12659=EDGE_CURVE('',#533,#439,#12662,.F.);
#12660=EDGE_CURVE('',#439,#435,#12663,.T.);
#12661=EDGE_CURVE('',#435,#533,#12664,.T.);
#12662=LINE('',#532,#12665);
#12663=LINE('',#438,#12666);
#12664=LINE('',#434,#12667);
#12665=VECTOR('',#12668,1.0);
#12666=VECTOR('',#12669,1.0);
#12667=VECTOR('',#12670,1.0);
#12668=DIRECTION('',(-0.25796704494515305,0.10685721422823505,0.9602262959790502));
#12669=DIRECTION('',(0.9238747644618239,-0.3826949432519451,0));
#12670=DIRECTION('',(0,0,-1));
#12671=FACE_SURFACE('',(#12676),#12672,.T.);
#12672=PLANE('',#12673);
#12673=AXIS2_PLACEMENT_3D('',#436,#12674,#12675);
#12674=DIRECTION('',(-0.5320554310803605,-0.8467095241332129,-0));
#12675=DIRECTION('',(0,0,-1));
#12676=FACE_BOUND('',#12677,.T.);
#12677=EDGE_LOOP('',(#12678,#12679,#12680));
#12678=ORIENTED_EDGE('',*,*,#12681,.T.);
#12679=ORIENTED_EDGE('',*,*,#12682,.T.);
#12680=ORIENTED_EDGE('',*,*,#12683,.T.);
#12681=EDGE_CURVE('',#437,#531,#12684,.F.);
#12682=EDGE_CURVE('',#531,#527,#12685,.T.);
#12683=EDGE_CURVE('',#527,#437,#12686,.T.);
#12684=LINE('',#436,#12687);
#12685=LINE('',#530,#12688);
#12686=LINE('',#526,#12689);
#12687=VECTOR('',#12690,1.0);
#12688=VECTOR('',#12691,1.0);
#12689=VECTOR('',#12692,1.0);
#12690=DIRECTION('',(0,0,-1));
#12691=DIRECTION('',(0.8467095241332129,-0.5320554310803604,0));
#12692=DIRECTION('',(-0.09421114594048013,0.05920041104681213,0.993790506753043));
#12693=FACE_SURFACE('',(#12698),#12694,.T.);
#12694=PLANE('',#12695);
#12695=AXIS2_PLACEMENT_3D('',#440,#12696,#12697);
#12696=DIRECTION('',(-0.330295384871032,-0.9438776185146551,0));
#12697=DIRECTION('',(0.10502410069617553,-0.03675156088007051,-0.9937903506503966));
#12698=FACE_BOUND('',#12699,.T.);
#12699=EDGE_LOOP('',(#12700,#12701,#12702));
#12700=ORIENTED_EDGE('',*,*,#12703,.T.);
#12701=ORIENTED_EDGE('',*,*,#12704,.T.);
#12702=ORIENTED_EDGE('',*,*,#12705,.T.);
#12703=EDGE_CURVE('',#441,#531,#12706,.F.);
#12704=EDGE_CURVE('',#531,#437,#12707,.T.);
#12705=EDGE_CURVE('',#437,#441,#12708,.T.);
#12706=LINE('',#440,#12709);
#12707=LINE('',#530,#12710);
#12708=LINE('',#436,#12711);
#12709=VECTOR('',#12712,1.0);
#12710=VECTOR('',#12713,1.0);
#12711=VECTOR('',#12714,1.0);
#12712=DIRECTION('',(0.10502410069617553,-0.03675156088007051,-0.9937903506503966));
#12713=DIRECTION('',(0,0,1));
#12714=DIRECTION('',(-0.9438776185146551,0.330295384871032,0));
#12715=FACE_SURFACE('',(#12720),#12716,.T.);
#12716=PLANE('',#12717);
#12717=AXIS2_PLACEMENT_3D('',#536,#12718,#12719);
#12718=DIRECTION('',(0.38269494325194503,0.9238747644618238,-0));
#12719=DIRECTION('',(0,0,1));
#12720=FACE_BOUND('',#12721,.T.);
#12721=EDGE_LOOP('',(#12722,#12723,#12724));
#12722=ORIENTED_EDGE('',*,*,#12725,.T.);
#12723=ORIENTED_EDGE('',*,*,#12726,.T.);
#12724=ORIENTED_EDGE('',*,*,#12727,.T.);
#12725=EDGE_CURVE('',#537,#439,#12728,.F.);
#12726=EDGE_CURVE('',#439,#533,#12729,.T.);
#12727=EDGE_CURVE('',#533,#537,#12730,.T.);
#12728=LINE('',#536,#12731);
#12729=LINE('',#438,#12732);
#12730=LINE('',#532,#12733);
#12731=VECTOR('',#12734,1.0);
#12732=VECTOR('',#12735,1.0);
#12733=VECTOR('',#12736,1.0);
#12734=DIRECTION('',(0,0,1));
#12735=DIRECTION('',(0.25796704494515305,-0.10685721422823505,-0.9602262959790502));
#12736=DIRECTION('',(-0.9238747644618239,0.3826949432519451,0));
#12737=FACE_SURFACE('',(#12742),#12738,.T.);
#12738=PLANE('',#12739);
#12739=AXIS2_PLACEMENT_3D('',#536,#12740,#12741);
#12740=DIRECTION('',(0.3006960575105906,0.9537200223323339,-0));
#12741=DIRECTION('',(-0.266311807758073,0.08396479971715066,0.9602228561417844));
#12742=FACE_BOUND('',#12743,.T.);
#12743=EDGE_LOOP('',(#12744,#12745,#12746));
#12744=ORIENTED_EDGE('',*,*,#12747,.T.);
#12745=ORIENTED_EDGE('',*,*,#12748,.T.);
#12746=ORIENTED_EDGE('',*,*,#12749,.T.);
#12747=EDGE_CURVE('',#537,#443,#12750,.F.);
#12748=EDGE_CURVE('',#443,#439,#12751,.T.);
#12749=EDGE_CURVE('',#439,#537,#12752,.T.);
#12750=LINE('',#536,#12753);
#12751=LINE('',#442,#12754);
#12752=LINE('',#438,#12755);
#12753=VECTOR('',#12756,1.0);
#12754=VECTOR('',#12757,1.0);
#12755=VECTOR('',#12758,1.0);
#12756=DIRECTION('',(-0.266311807758073,0.08396479971715066,0.9602228561417844));
#12757=DIRECTION('',(0.953720022332334,-0.30069605751059064,0));
#12758=DIRECTION('',(0,0,-1));
#12759=FACE_SURFACE('',(#12764),#12760,.T.);
#12760=PLANE('',#12761);
#12761=AXIS2_PLACEMENT_3D('',#440,#12762,#12763);
#12762=DIRECTION('',(-0.330295384871032,-0.9438776185146551,-0));
#12763=DIRECTION('',(0,0,-1));
#12764=FACE_BOUND('',#12765,.T.);
#12765=EDGE_LOOP('',(#12766,#12767,#12768));
#12766=ORIENTED_EDGE('',*,*,#12769,.T.);
#12767=ORIENTED_EDGE('',*,*,#12770,.T.);
#12768=ORIENTED_EDGE('',*,*,#12771,.T.);
#12769=EDGE_CURVE('',#441,#535,#12772,.F.);
#12770=EDGE_CURVE('',#535,#531,#12773,.T.);
#12771=EDGE_CURVE('',#531,#441,#12774,.T.);
#12772=LINE('',#440,#12775);
#12773=LINE('',#534,#12776);
#12774=LINE('',#530,#12777);
#12775=VECTOR('',#12778,1.0);
#12776=VECTOR('',#12779,1.0);
#12777=VECTOR('',#12780,1.0);
#12778=DIRECTION('',(0,0,-1));
#12779=DIRECTION('',(0.9438776185146551,-0.330295384871032,0));
#12780=DIRECTION('',(-0.10502410069617553,0.03675156088007051,0.9937903506503966));
#12781=FACE_SURFACE('',(#12786),#12782,.T.);
#12782=PLANE('',#12783);
#12783=AXIS2_PLACEMENT_3D('',#444,#12784,#12785);
#12784=DIRECTION('',(-0.11194100086693573,-0.9937148546363332,0));
#12785=DIRECTION('',(0.11058007054871277,-0.012456736170749275,-0.9937891515414192));
#12786=FACE_BOUND('',#12787,.T.);
#12787=EDGE_LOOP('',(#12788,#12789,#12790));
#12788=ORIENTED_EDGE('',*,*,#12791,.T.);
#12789=ORIENTED_EDGE('',*,*,#12792,.T.);
#12790=ORIENTED_EDGE('',*,*,#12793,.T.);
#12791=EDGE_CURVE('',#445,#535,#12794,.F.);
#12792=EDGE_CURVE('',#535,#441,#12795,.T.);
#12793=EDGE_CURVE('',#441,#445,#12796,.T.);
#12794=LINE('',#444,#12797);
#12795=LINE('',#534,#12798);
#12796=LINE('',#440,#12799);
#12797=VECTOR('',#12800,1.0);
#12798=VECTOR('',#12801,1.0);
#12799=VECTOR('',#12802,1.0);
#12800=DIRECTION('',(0.11058007054871277,-0.012456736170749275,-0.9937891515414192));
#12801=DIRECTION('',(0,0,1));
#12802=DIRECTION('',(-0.9937148546363331,0.11194100086693572,0));
#12803=FACE_SURFACE('',(#12808),#12804,.T.);
#12804=PLANE('',#12805);
#12805=AXIS2_PLACEMENT_3D('',#540,#12806,#12807);
#12806=DIRECTION('',(0.3006960575105906,0.9537200223323339,-0));
#12807=DIRECTION('',(0,0,1));
#12808=FACE_BOUND('',#12809,.T.);
#12809=EDGE_LOOP('',(#12810,#12811,#12812));
#12810=ORIENTED_EDGE('',*,*,#12813,.T.);
#12811=ORIENTED_EDGE('',*,*,#12814,.T.);
#12812=ORIENTED_EDGE('',*,*,#12815,.T.);
#12813=EDGE_CURVE('',#541,#443,#12816,.F.);
#12814=EDGE_CURVE('',#443,#537,#12817,.T.);
#12815=EDGE_CURVE('',#537,#541,#12818,.T.);
#12816=LINE('',#540,#12819);
#12817=LINE('',#442,#12820);
#12818=LINE('',#536,#12821);
#12819=VECTOR('',#12822,1.0);
#12820=VECTOR('',#12823,1.0);
#12821=VECTOR('',#12824,1.0);
#12822=DIRECTION('',(0,0,1));
#12823=DIRECTION('',(0.266311807758073,-0.08396479971715066,-0.9602228561417844));
#12824=DIRECTION('',(-0.953720022332334,0.30069605751059064,0));
#12825=FACE_SURFACE('',(#12830),#12826,.T.);
#12826=PLANE('',#12827);
#12827=AXIS2_PLACEMENT_3D('',#540,#12828,#12829);
#12828=DIRECTION('',(0.21644521550904258,0.9762947652646939,-0));
#12829=DIRECTION('',(-0.2726105590749921,0.060437946927872424,0.9602243163198712));
#12830=FACE_BOUND('',#12831,.T.);
#12831=EDGE_LOOP('',(#12832,#12833,#12834));
#12832=ORIENTED_EDGE('',*,*,#12835,.T.);
#12833=ORIENTED_EDGE('',*,*,#12836,.T.);
#12834=ORIENTED_EDGE('',*,*,#12837,.T.);
#12835=EDGE_CURVE('',#541,#447,#12838,.F.);
#12836=EDGE_CURVE('',#447,#443,#12839,.T.);
#12837=EDGE_CURVE('',#443,#541,#12840,.T.);
#12838=LINE('',#540,#12841);
#12839=LINE('',#446,#12842);
#12840=LINE('',#442,#12843);
#12841=VECTOR('',#12844,1.0);
#12842=VECTOR('',#12845,1.0);
#12843=VECTOR('',#12846,1.0);
#12844=DIRECTION('',(-0.2726105590749921,0.060437946927872424,0.9602243163198712));
#12845=DIRECTION('',(0.9762947652646942,-0.2164452155090426,0));
#12846=DIRECTION('',(0,0,-1));
#12847=FACE_SURFACE('',(#12852),#12848,.T.);
#12848=PLANE('',#12849);
#12849=AXIS2_PLACEMENT_3D('',#444,#12850,#12851);
#12850=DIRECTION('',(-0.11194100086693573,-0.9937148546363332,-0));
#12851=DIRECTION('',(0,0,-1));
#12852=FACE_BOUND('',#12853,.T.);
#12853=EDGE_LOOP('',(#12854,#12855,#12856));
#12854=ORIENTED_EDGE('',*,*,#12857,.T.);
#12855=ORIENTED_EDGE('',*,*,#12858,.T.);
#12856=ORIENTED_EDGE('',*,*,#12859,.T.);
#12857=EDGE_CURVE('',#445,#539,#12860,.F.);
#12858=EDGE_CURVE('',#539,#535,#12861,.T.);
#12859=EDGE_CURVE('',#535,#445,#12862,.T.);
#12860=LINE('',#444,#12863);
#12861=LINE('',#538,#12864);
#12862=LINE('',#534,#12865);
#12863=VECTOR('',#12866,1.0);
#12864=VECTOR('',#12867,1.0);
#12865=VECTOR('',#12868,1.0);
#12866=DIRECTION('',(0,0,-1));
#12867=DIRECTION('',(0.9937148546363331,-0.11194100086693572,0));
#12868=DIRECTION('',(-0.11058007054871277,0.012456736170749275,0.9937891515414192));
#12869=FACE_SURFACE('',(#12874),#12870,.T.);
#12870=PLANE('',#12871);
#12871=AXIS2_PLACEMENT_3D('',#634,#12872,#12873);
#12872=DIRECTION('',(0.11195717203041784,-0.993713032837424,0));
#12873=DIRECTION('',(0.11056409333876731,0.012456758449640578,-0.9937909289348056));
#12874=FACE_BOUND('',#12875,.T.);
#12875=EDGE_LOOP('',(#12876,#12877,#12878));
#12876=ORIENTED_EDGE('',*,*,#12879,.T.);
#12877=ORIENTED_EDGE('',*,*,#12880,.T.);
#12878=ORIENTED_EDGE('',*,*,#12881,.T.);
#12879=EDGE_CURVE('',#635,#539,#12882,.F.);
#12880=EDGE_CURVE('',#539,#445,#12883,.T.);
#12881=EDGE_CURVE('',#445,#635,#12884,.T.);
#12882=LINE('',#634,#12885);
#12883=LINE('',#538,#12886);
#12884=LINE('',#444,#12887);
#12885=VECTOR('',#12888,1.0);
#12886=VECTOR('',#12889,1.0);
#12887=VECTOR('',#12890,1.0);
#12888=DIRECTION('',(0.11056409333876731,0.012456758449640578,-0.9937909289348056));
#12889=DIRECTION('',(0,0,1));
#12890=DIRECTION('',(-0.9937130328374241,-0.11195717203041786,0));
#12891=FACE_SURFACE('',(#12896),#12892,.T.);
#12892=PLANE('',#12893);
#12893=AXIS2_PLACEMENT_3D('',#444,#12894,#12895);
#12894=DIRECTION('',(0,0,1));
#12895=DIRECTION('',(-0.9825137884365407,0.18618983734907935,0));
#12896=FACE_BOUND('',#12897,.T.);
#12897=EDGE_LOOP('',(#12898,#12899,#12900));
#12898=ORIENTED_EDGE('',*,*,#12901,.T.);
#12899=ORIENTED_EDGE('',*,*,#12902,.T.);
#12900=ORIENTED_EDGE('',*,*,#12903,.T.);
#12901=EDGE_CURVE('',#445,#637,#12904,.F.);
#12902=EDGE_CURVE('',#637,#635,#12905,.T.);
#12903=EDGE_CURVE('',#635,#445,#12906,.T.);
#12904=LINE('',#444,#12907);
#12905=LINE('',#636,#12908);
#12906=LINE('',#634,#12909);
#12907=VECTOR('',#12910,1.0);
#12908=VECTOR('',#12911,1.0);
#12909=VECTOR('',#12912,1.0);
#12910=DIRECTION('',(-0.9825137884365407,0.18618983734907935,0));
#12911=DIRECTION('',(0.9788184500143224,-0.2047301685427907,0));
#12912=DIRECTION('',(0.9937130328374241,0.11195717203041786,0));
#12913=FACE_SURFACE('',(#12918),#12914,.T.);
#12914=PLANE('',#12915);
#12915=AXIS2_PLACEMENT_3D('',#444,#12916,#12917);
#12916=DIRECTION('',(0,0,1));
#12917=DIRECTION('',(-0.963153390921968,0.2689526827445951,0));
#12918=FACE_BOUND('',#12919,.T.);
#12919=EDGE_LOOP('',(#12920,#12921,#12922));
#12920=ORIENTED_EDGE('',*,*,#12923,.T.);
#12921=ORIENTED_EDGE('',*,*,#12924,.T.);
#12922=ORIENTED_EDGE('',*,*,#12925,.T.);
#12923=EDGE_CURVE('',#445,#639,#12926,.F.);
#12924=EDGE_CURVE('',#639,#637,#12927,.T.);
#12925=EDGE_CURVE('',#637,#445,#12928,.T.);
#12926=LINE('',#444,#12929);
#12927=LINE('',#638,#12930);
#12928=LINE('',#636,#12931);
#12929=VECTOR('',#12932,1.0);
#12930=VECTOR('',#12933,1.0);
#12931=VECTOR('',#12934,1.0);
#12932=DIRECTION('',(-0.963153390921968,0.2689526827445951,0));
#12933=DIRECTION('',(-0.7456246839656118,-0.6663661385913765,0));
#12934=DIRECTION('',(0.9825137884365407,-0.18618983734907935,0));
#12935=FACE_SURFACE('',(#12940),#12936,.T.);
#12936=PLANE('',#12937);
#12937=AXIS2_PLACEMENT_3D('',#444,#12938,#12939);
#12938=DIRECTION('',(0,0,1));
#12939=DIRECTION('',(0.9954210358026849,0.09558745462407635,0));
#12940=FACE_BOUND('',#12941,.T.);
#12941=EDGE_LOOP('',(#12942,#12943,#12944));
#12942=ORIENTED_EDGE('',*,*,#12945,.T.);
#12943=ORIENTED_EDGE('',*,*,#12946,.T.);
#12944=ORIENTED_EDGE('',*,*,#12947,.T.);
#12945=EDGE_CURVE('',#445,#447,#12948,.F.);
#12946=EDGE_CURVE('',#447,#641,#12949,.T.);
#12947=EDGE_CURVE('',#641,#445,#12950,.T.);
#12948=LINE('',#444,#12951);
#12949=LINE('',#446,#12952);
#12950=LINE('',#640,#12953);
#12951=VECTOR('',#12954,1.0);
#12952=VECTOR('',#12955,1.0);
#12953=VECTOR('',#12956,1.0);
#12954=DIRECTION('',(0.9954210358026849,0.09558745462407635,0));
#12955=DIRECTION('',(-0.9914445766316434,0.13052835503330845,0));
#12956=DIRECTION('',(-0.9945969608489689,-0.10381177905225769,0));
#12957=FACE_SURFACE('',(#12962),#12958,.T.);
#12958=PLANE('',#12959);
#12959=AXIS2_PLACEMENT_3D('',#444,#12960,#12961);
#12960=DIRECTION('',(0,0,1));
#12961=DIRECTION('',(-0.9354745798675842,0.3533939875288866,0));
#12962=FACE_BOUND('',#12963,.T.);
#12963=EDGE_LOOP('',(#12964,#12965,#12966));
#12964=ORIENTED_EDGE('',*,*,#12967,.T.);
#12965=ORIENTED_EDGE('',*,*,#12968,.T.);
#12966=ORIENTED_EDGE('',*,*,#12969,.T.);
#12967=EDGE_CURVE('',#445,#643,#12970,.F.);
#12968=EDGE_CURVE('',#643,#639,#12971,.T.);
#12969=EDGE_CURVE('',#639,#445,#12972,.T.);
#12970=LINE('',#444,#12973);
#12971=LINE('',#642,#12974);
#12972=LINE('',#638,#12975);
#12973=VECTOR('',#12976,1.0);
#12974=VECTOR('',#12977,1.0);
#12975=VECTOR('',#12978,1.0);
#12976=DIRECTION('',(-0.9354745798675842,0.3533939875288866,0));
#12977=DIRECTION('',(-0.8155535474129195,-0.5786816147953924,0));
#12978=DIRECTION('',(0.963153390921968,-0.2689526827445951,0));
#12979=FACE_SURFACE('',(#12984),#12980,.T.);
#12980=PLANE('',#12981);
#12981=AXIS2_PLACEMENT_3D('',#444,#12982,#12983);
#12982=DIRECTION('',(0,0,1));
#12983=DIRECTION('',(0.9945969608489689,0.10381177905225769,0));
#12984=FACE_BOUND('',#12985,.T.);
#12985=EDGE_LOOP('',(#12986,#12987,#12988));
#12986=ORIENTED_EDGE('',*,*,#12989,.T.);
#12987=ORIENTED_EDGE('',*,*,#12990,.T.);
#12988=ORIENTED_EDGE('',*,*,#12991,.T.);
#12989=EDGE_CURVE('',#445,#641,#12992,.F.);
#12990=EDGE_CURVE('',#641,#645,#12993,.T.);
#12991=EDGE_CURVE('',#645,#445,#12994,.T.);
#12992=LINE('',#444,#12995);
#12993=LINE('',#640,#12996);
#12994=LINE('',#644,#12997);
#12995=VECTOR('',#12998,1.0);
#12996=VECTOR('',#12999,1.0);
#12997=VECTOR('',#13000,1.0);
#12998=DIRECTION('',(0.9945969608489689,0.10381177905225769,0));
#12999=DIRECTION('',(-0.999048155314943,0.04362090510076099,0));
#13000=DIRECTION('',(-0.9939983248551578,-0.10939529324948187,0));
#13001=FACE_SURFACE('',(#13006),#13002,.T.);
#13002=PLANE('',#13003);
#13003=AXIS2_PLACEMENT_3D('',#444,#13004,#13005);
#13004=DIRECTION('',(0,0,1));
#13005=DIRECTION('',(-0.8982783636009037,0.43942687842971406,0));
#13006=FACE_BOUND('',#13007,.T.);
#13007=EDGE_LOOP('',(#13008,#13009,#13010));
#13008=ORIENTED_EDGE('',*,*,#13011,.T.);
#13009=ORIENTED_EDGE('',*,*,#13012,.T.);
#13010=ORIENTED_EDGE('',*,*,#13013,.T.);
#13011=EDGE_CURVE('',#445,#647,#13014,.F.);
#13012=EDGE_CURVE('',#647,#643,#13015,.T.);
#13013=EDGE_CURVE('',#643,#445,#13016,.T.);
#13014=LINE('',#444,#13017);
#13015=LINE('',#646,#13018);
#13016=LINE('',#642,#13019);
#13017=VECTOR('',#13020,1.0);
#13018=VECTOR('',#13021,1.0);
#13019=VECTOR('',#13022,1.0);
#13020=DIRECTION('',(-0.8982783636009037,0.43942687842971406,0));
#13021=DIRECTION('',(-0.8752323192134909,-0.4837027882948103,0));
#13022=DIRECTION('',(0.9354745798675842,-0.3533939875288866,0));
#13023=FACE_SURFACE('',(#13028),#13024,.T.);
#13024=PLANE('',#13025);
#13025=AXIS2_PLACEMENT_3D('',#444,#13026,#13027);
#13026=DIRECTION('',(0,-0,1));
#13027=DIRECTION('',(0.9939983248551578,0.10939529324948187,0));
#13028=FACE_BOUND('',#13029,.T.);
#13029=EDGE_LOOP('',(#13030,#13031,#13032));
#13030=ORIENTED_EDGE('',*,*,#13033,.T.);
#13031=ORIENTED_EDGE('',*,*,#13034,.T.);
#13032=ORIENTED_EDGE('',*,*,#13035,.T.);
#13033=EDGE_CURVE('',#445,#645,#13036,.F.);
#13034=EDGE_CURVE('',#645,#649,#13037,.T.);
#13035=EDGE_CURVE('',#649,#445,#13038,.T.);
#13036=LINE('',#444,#13039);
#13037=LINE('',#644,#13040);
#13038=LINE('',#648,#13041);
#13039=VECTOR('',#13042,1.0);
#13040=VECTOR('',#13043,1.0);
#13041=VECTOR('',#13044,1.0);
#13042=DIRECTION('',(0.9939983248551578,0.10939529324948187,0));
#13043=DIRECTION('',(-1,0,0));
#13044=DIRECTION('',(0.6108747742780912,-0.7917272321643932,0));
#13045=FACE_SURFACE('',(#13050),#13046,.T.);
#13046=PLANE('',#13047);
#13047=AXIS2_PLACEMENT_3D('',#444,#13048,#13049);
#13048=DIRECTION('',(0,0,1));
#13049=DIRECTION('',(-0.8499435698884166,0.5268737306085152,0));
#13050=FACE_BOUND('',#13051,.T.);
#13051=EDGE_LOOP('',(#13052,#13053,#13054));
#13052=ORIENTED_EDGE('',*,*,#13055,.T.);
#13053=ORIENTED_EDGE('',*,*,#13056,.T.);
#13054=ORIENTED_EDGE('',*,*,#13057,.T.);
#13055=EDGE_CURVE('',#445,#651,#13058,.F.);
#13056=EDGE_CURVE('',#651,#647,#13059,.T.);
#13057=EDGE_CURVE('',#647,#445,#13060,.T.);
#13058=LINE('',#444,#13061);
#13059=LINE('',#650,#13062);
#13060=LINE('',#646,#13063);
#13061=VECTOR('',#13064,1.0);
#13062=VECTOR('',#13065,1.0);
#13063=VECTOR('',#13066,1.0);
#13064=DIRECTION('',(-0.8499435698884166,0.5268737306085152,0));
#13065=DIRECTION('',(-0.9238736692082726,-0.38269758732404235,0));
#13066=DIRECTION('',(0.8982783636009037,-0.43942687842971406,0));
#13067=FACE_SURFACE('',(#13072),#13068,.T.);
#13068=PLANE('',#13069);
#13069=AXIS2_PLACEMENT_3D('',#444,#13070,#13071);
#13070=DIRECTION('',(0,0,1));
#13071=DIRECTION('',(-0.6108747742780912,0.7917272321643932,0));
#13072=FACE_BOUND('',#13073,.T.);
#13073=EDGE_LOOP('',(#13074,#13075,#13076));
#13074=ORIENTED_EDGE('',*,*,#13077,.T.);
#13075=ORIENTED_EDGE('',*,*,#13078,.T.);
#13076=ORIENTED_EDGE('',*,*,#13079,.T.);
#13077=EDGE_CURVE('',#445,#649,#13080,.F.);
#13078=EDGE_CURVE('',#649,#653,#13081,.T.);
#13079=EDGE_CURVE('',#653,#445,#13082,.T.);
#13080=LINE('',#444,#13083);
#13081=LINE('',#648,#13084);
#13082=LINE('',#652,#13085);
#13083=VECTOR('',#13086,1.0);
#13084=VECTOR('',#13087,1.0);
#13085=VECTOR('',#13088,1.0);
#13086=DIRECTION('',(-0.6108747742780912,0.7917272321643932,0));
#13087=DIRECTION('',(-0.998427354117314,-0.05606084685678333,0));
#13088=DIRECTION('',(0.7099791042673953,-0.7042227428191076,0));
#13089=FACE_SURFACE('',(#13094),#13090,.T.);
#13090=PLANE('',#13091);
#13091=AXIS2_PLACEMENT_3D('',#444,#13092,#13093);
#13092=DIRECTION('',(0,0,1));
#13093=DIRECTION('',(-0.788218958378753,0.6153948924489978,0));
#13094=FACE_BOUND('',#13095,.T.);
#13095=EDGE_LOOP('',(#13096,#13097,#13098));
#13096=ORIENTED_EDGE('',*,*,#13099,.T.);
#13097=ORIENTED_EDGE('',*,*,#13100,.T.);
#13098=ORIENTED_EDGE('',*,*,#13101,.T.);
#13099=EDGE_CURVE('',#445,#655,#13102,.F.);
#13100=EDGE_CURVE('',#655,#651,#13103,.T.);
#13101=EDGE_CURVE('',#651,#445,#13104,.T.);
#13102=LINE('',#444,#13105);
#13103=LINE('',#654,#13106);
#13104=LINE('',#650,#13107);
#13105=VECTOR('',#13108,1.0);
#13106=VECTOR('',#13109,1.0);
#13107=VECTOR('',#13110,1.0);
#13108=DIRECTION('',(-0.788218958378753,0.6153948924489978,0));
#13109=DIRECTION('',(-0.9609140714457763,-0.276846793908655,0));
#13110=DIRECTION('',(0.8499435698884166,-0.5268737306085152,0));
#13111=FACE_SURFACE('',(#13116),#13112,.T.);
#13112=PLANE('',#13113);
#13113=AXIS2_PLACEMENT_3D('',#444,#13114,#13115);
#13114=DIRECTION('',(0,0,1));
#13115=DIRECTION('',(-0.7099791042673953,0.7042227428191076,0));
#13116=FACE_BOUND('',#13117,.T.);
#13117=EDGE_LOOP('',(#13118,#13119,#13120));
#13118=ORIENTED_EDGE('',*,*,#13121,.T.);
#13119=ORIENTED_EDGE('',*,*,#13122,.T.);
#13120=ORIENTED_EDGE('',*,*,#13123,.T.);
#13121=EDGE_CURVE('',#445,#653,#13124,.F.);
#13122=EDGE_CURVE('',#653,#655,#13125,.T.);
#13123=EDGE_CURVE('',#655,#445,#13126,.T.);
#13124=LINE('',#444,#13127);
#13125=LINE('',#652,#13128);
#13126=LINE('',#654,#13129);
#13127=VECTOR('',#13130,1.0);
#13128=VECTOR('',#13131,1.0);
#13129=VECTOR('',#13132,1.0);
#13130=DIRECTION('',(-0.7099791042673953,0.7042227428191076,0));
#13131=DIRECTION('',(-0.9858712380506585,-0.16750493122431248,0));
#13132=DIRECTION('',(0.788218958378753,-0.6153948924489978,0));
#13133=FACE_SURFACE('',(#13138),#13134,.T.);
#13134=PLANE('',#13135);
#13135=AXIS2_PLACEMENT_3D('',#542,#13136,#13137);
#13136=DIRECTION('',(0.21644521550904258,0.9762947652646939,-0));
#13137=DIRECTION('',(0,0,1));
#13138=FACE_BOUND('',#13139,.T.);
#13139=EDGE_LOOP('',(#13140,#13141,#13142));
#13140=ORIENTED_EDGE('',*,*,#13143,.T.);
#13141=ORIENTED_EDGE('',*,*,#13144,.T.);
#13142=ORIENTED_EDGE('',*,*,#13145,.T.);
#13143=EDGE_CURVE('',#543,#447,#13146,.F.);
#13144=EDGE_CURVE('',#447,#541,#13147,.T.);
#13145=EDGE_CURVE('',#541,#543,#13148,.T.);
#13146=LINE('',#542,#13149);
#13147=LINE('',#446,#13150);
#13148=LINE('',#540,#13151);
#13149=VECTOR('',#13152,1.0);
#13150=VECTOR('',#13153,1.0);
#13151=VECTOR('',#13154,1.0);
#13152=DIRECTION('',(0,0,1));
#13153=DIRECTION('',(0.2726105590749921,-0.060437946927872424,-0.9602243163198712));
#13154=DIRECTION('',(-0.9762947652646942,0.2164452155090426,0));
#13155=FACE_SURFACE('',(#13160),#13156,.T.);
#13156=PLANE('',#13157);
#13157=AXIS2_PLACEMENT_3D('',#542,#13158,#13159);
#13158=DIRECTION('',(0.13052835503330845,0.9914445766316434,-0));
#13159=DIRECTION('',(-0.2768311167893876,0.03644612230298944,0.9602271673652105));
#13160=FACE_BOUND('',#13161,.T.);
#13161=EDGE_LOOP('',(#13162,#13163,#13164));
#13162=ORIENTED_EDGE('',*,*,#13165,.T.);
#13163=ORIENTED_EDGE('',*,*,#13166,.T.);
#13164=ORIENTED_EDGE('',*,*,#13167,.T.);
#13165=EDGE_CURVE('',#543,#641,#13168,.F.);
#13166=EDGE_CURVE('',#641,#447,#13169,.T.);
#13167=EDGE_CURVE('',#447,#543,#13170,.T.);
#13168=LINE('',#542,#13171);
#13169=LINE('',#640,#13172);
#13170=LINE('',#446,#13173);
#13171=VECTOR('',#13174,1.0);
#13172=VECTOR('',#13175,1.0);
#13173=VECTOR('',#13176,1.0);
#13174=DIRECTION('',(-0.2768311167893876,0.03644612230298944,0.9602271673652105));
#13175=DIRECTION('',(0.9914445766316434,-0.13052835503330845,0));
#13176=DIRECTION('',(0,0,-1));
#13177=FACE_SURFACE('',(#13182),#13178,.T.);
#13178=PLANE('',#13179);
#13179=AXIS2_PLACEMENT_3D('',#448,#13180,#13181);
#13180=DIRECTION('',(0.7933662179643878,0.6087446461307758,-0));
#13181=DIRECTION('',(0,0,1));
#13182=FACE_BOUND('',#13183,.T.);
#13183=EDGE_LOOP('',(#13184,#13185,#13186));
#13184=ORIENTED_EDGE('',*,*,#13187,.T.);
#13185=ORIENTED_EDGE('',*,*,#13188,.T.);
#13186=ORIENTED_EDGE('',*,*,#13189,.T.);
#13187=EDGE_CURVE('',#449,#451,#13190,.F.);
#13188=EDGE_CURVE('',#451,#551,#13191,.T.);
#13189=EDGE_CURVE('',#551,#449,#13192,.T.);
#13190=LINE('',#448,#13193);
#13191=LINE('',#450,#13194);
#13192=LINE('',#550,#13195);
#13193=VECTOR('',#13196,1.0);
#13194=VECTOR('',#13197,1.0);
#13195=VECTOR('',#13198,1.0);
#13196=DIRECTION('',(0,0,1));
#13197=DIRECTION('',(0.16997739653774369,-0.22152855895772783,-0.9602253809561394));
#13198=DIRECTION('',(-0.6087446461307758,0.7933662179643878,0));
#13199=FACE_SURFACE('',(#13204),#13200,.T.);
#13200=PLANE('',#13201);
#13201=AXIS2_PLACEMENT_3D('',#550,#13202,#13203);
#13202=DIRECTION('',(0.7933662179643878,0.6087446461307758,-0));
#13203=DIRECTION('',(-0.16997739653774369,0.22152855895772783,0.9602253809561394));
#13204=FACE_BOUND('',#13205,.T.);
#13205=EDGE_LOOP('',(#13206,#13207,#13208));
#13206=ORIENTED_EDGE('',*,*,#13209,.T.);
#13207=ORIENTED_EDGE('',*,*,#13210,.T.);
#13208=ORIENTED_EDGE('',*,*,#13211,.T.);
#13209=EDGE_CURVE('',#551,#451,#13212,.F.);
#13210=EDGE_CURVE('',#451,#463,#13213,.T.);
#13211=EDGE_CURVE('',#463,#551,#13214,.T.);
#13212=LINE('',#550,#13215);
#13213=LINE('',#450,#13216);
#13214=LINE('',#462,#13217);
#13215=VECTOR('',#13218,1.0);
#13216=VECTOR('',#13219,1.0);
#13217=VECTOR('',#13220,1.0);
#13218=DIRECTION('',(-0.16997739653774369,0.22152855895772783,0.9602253809561394));
#13219=DIRECTION('',(0.6087446461307758,-0.7933662179643878,0));
#13220=DIRECTION('',(0,0,-1));
#13221=FACE_SURFACE('',(#13226),#13222,.T.);
#13222=PLANE('',#13223);
#13223=AXIS2_PLACEMENT_3D('',#454,#13224,#13225);
#13224=DIRECTION('',(-0.40676484864215173,-0.9135328991936346,-0));
#13225=DIRECTION('',(0,0,-1));
#13226=FACE_BOUND('',#13227,.T.);
#13227=EDGE_LOOP('',(#13228,#13229,#13230));
#13228=ORIENTED_EDGE('',*,*,#13231,.T.);
#13229=ORIENTED_EDGE('',*,*,#13232,.T.);
#13230=ORIENTED_EDGE('',*,*,#13233,.T.);
#13231=EDGE_CURVE('',#455,#453,#13234,.F.);
#13232=EDGE_CURVE('',#453,#657,#13235,.T.);
#13233=EDGE_CURVE('',#657,#455,#13236,.T.);
#13234=LINE('',#454,#13237);
#13235=LINE('',#452,#13238);
#13236=LINE('',#656,#13239);
#13237=VECTOR('',#13240,1.0);
#13238=VECTOR('',#13241,1.0);
#13239=VECTOR('',#13242,1.0);
#13240=DIRECTION('',(0,0,-1));
#13241=DIRECTION('',(0.9135328991936346,-0.40676484864215173,0));
#13242=DIRECTION('',(-0.1012202189842849,0.045069889755487626,0.9938426295476571));
#13243=FACE_SURFACE('',(#13248),#13244,.T.);
#13244=PLANE('',#13245);
#13245=AXIS2_PLACEMENT_3D('',#656,#13246,#13247);
#13246=DIRECTION('',(0,0,-1));
#13247=DIRECTION('',(-0.9135328991936346,0.40676484864215173,0));
#13248=FACE_BOUND('',#13249,.T.);
#13249=EDGE_LOOP('',(#13250,#13251,#13252));
#13250=ORIENTED_EDGE('',*,*,#13253,.T.);
#13251=ORIENTED_EDGE('',*,*,#13254,.T.);
#13252=ORIENTED_EDGE('',*,*,#13255,.T.);
#13253=EDGE_CURVE('',#657,#453,#13256,.F.);
#13254=EDGE_CURVE('',#453,#545,#13257,.T.);
#13255=EDGE_CURVE('',#545,#657,#13258,.T.);
#13256=LINE('',#656,#13259);
#13257=LINE('',#452,#13260);
#13258=LINE('',#544,#13261);
#13259=VECTOR('',#13262,1.0);
#13260=VECTOR('',#13263,1.0);
#13261=VECTOR('',#13264,1.0);
#13262=DIRECTION('',(-0.9135328991936346,0.40676484864215173,0));
#13263=DIRECTION('',(0.9985937216878109,-0.05301489418726628,0));
#13264=DIRECTION('',(-0.9996847962127072,0.02510593995766775,0));
#13265=FACE_SURFACE('',(#13270),#13266,.T.);
#13266=PLANE('',#13267);
#13267=AXIS2_PLACEMENT_3D('',#454,#13268,#13269);
#13268=DIRECTION('',(-0.40676484864215173,-0.9135328991936346,0));
#13269=DIRECTION('',(0.1012202189842849,-0.045069889755487626,-0.9938426295476571));
#13270=FACE_BOUND('',#13271,.T.);
#13271=EDGE_LOOP('',(#13272,#13273,#13274));
#13272=ORIENTED_EDGE('',*,*,#13275,.T.);
#13273=ORIENTED_EDGE('',*,*,#13276,.T.);
#13274=ORIENTED_EDGE('',*,*,#13277,.T.);
#13275=EDGE_CURVE('',#455,#657,#13278,.F.);
#13276=EDGE_CURVE('',#657,#659,#13279,.T.);
#13277=EDGE_CURVE('',#659,#455,#13280,.T.);
#13278=LINE('',#454,#13281);
#13279=LINE('',#656,#13282);
#13280=LINE('',#658,#13283);
#13281=VECTOR('',#13284,1.0);
#13282=VECTOR('',#13285,1.0);
#13283=VECTOR('',#13286,1.0);
#13284=DIRECTION('',(0.1012202189842849,-0.045069889755487626,-0.9938426295476571));
#13285=DIRECTION('',(0,0,1));
#13286=DIRECTION('',(-0.9135328991936346,0.40676484864215173,0));
#13287=FACE_SURFACE('',(#13292),#13288,.T.);
#13288=PLANE('',#13289);
#13289=AXIS2_PLACEMENT_3D('',#456,#13290,#13291);
#13290=DIRECTION('',(0,0,1));
#13291=DIRECTION('',(-0.9985937216878109,0.05301489418726628,0));
#13292=FACE_BOUND('',#13293,.T.);
#13293=EDGE_LOOP('',(#13294,#13295,#13296));
#13294=ORIENTED_EDGE('',*,*,#13297,.T.);
#13295=ORIENTED_EDGE('',*,*,#13298,.T.);
#13296=ORIENTED_EDGE('',*,*,#13299,.T.);
#13297=EDGE_CURVE('',#457,#455,#13300,.F.);
#13298=EDGE_CURVE('',#455,#659,#13301,.T.);
#13299=EDGE_CURVE('',#659,#457,#13302,.T.);
#13300=LINE('',#456,#13303);
#13301=LINE('',#454,#13304);
#13302=LINE('',#658,#13305);
#13303=VECTOR('',#13306,1.0);
#13304=VECTOR('',#13307,1.0);
#13305=VECTOR('',#13308,1.0);
#13306=DIRECTION('',(-0.9985937216878109,0.05301489418726628,0));
#13307=DIRECTION('',(0.9135328991936346,-0.40676484864215173,0));
#13308=DIRECTION('',(0.9996847962127072,-0.02510593995766775,0));
#13309=FACE_SURFACE('',(#13314),#13310,.T.);
#13310=PLANE('',#13311);
#13311=AXIS2_PLACEMENT_3D('',#544,#13312,#13313);
#13312=DIRECTION('',(0.9537187571431224,0.3007000702916079,-0));
#13313=DIRECTION('',(0,0,1));
#13314=FACE_BOUND('',#13315,.T.);
#13315=EDGE_LOOP('',(#13316,#13317,#13318));
#13316=ORIENTED_EDGE('',*,*,#13319,.T.);
#13317=ORIENTED_EDGE('',*,*,#13320,.T.);
#13318=ORIENTED_EDGE('',*,*,#13321,.T.);
#13319=EDGE_CURVE('',#545,#457,#13322,.F.);
#13320=EDGE_CURVE('',#457,#661,#13323,.T.);
#13321=EDGE_CURVE('',#661,#545,#13324,.T.);
#13322=LINE('',#544,#13325);
#13323=LINE('',#456,#13326);
#13324=LINE('',#660,#13327);
#13325=VECTOR('',#13328,1.0);
#13326=VECTOR('',#13329,1.0);
#13327=VECTOR('',#13330,1.0);
#13328=DIRECTION('',(0,0,1));
#13329=DIRECTION('',(0.08396488708386675,-0.266308177698896,-0.9602238552690132));
#13330=DIRECTION('',(-0.30070007029160783,0.9537187571431224,0));
#13331=FACE_SURFACE('',(#13336),#13332,.T.);
#13332=PLANE('',#13333);
#13333=AXIS2_PLACEMENT_3D('',#660,#13334,#13335);
#13334=DIRECTION('',(0.9537187571431224,0.3007000702916079,-0));
#13335=DIRECTION('',(-0.08396488708386675,0.266308177698896,0.9602238552690132));
#13336=FACE_BOUND('',#13337,.T.);
#13337=EDGE_LOOP('',(#13338,#13339,#13340));
#13338=ORIENTED_EDGE('',*,*,#13341,.T.);
#13339=ORIENTED_EDGE('',*,*,#13342,.T.);
#13340=ORIENTED_EDGE('',*,*,#13343,.T.);
#13341=EDGE_CURVE('',#661,#457,#13344,.F.);
#13342=EDGE_CURVE('',#457,#663,#13345,.T.);
#13343=EDGE_CURVE('',#663,#661,#13346,.T.);
#13344=LINE('',#660,#13347);
#13345=LINE('',#456,#13348);
#13346=LINE('',#662,#13349);
#13347=VECTOR('',#13350,1.0);
#13348=VECTOR('',#13351,1.0);
#13349=VECTOR('',#13352,1.0);
#13350=DIRECTION('',(-0.08396488708386675,0.266308177698896,0.9602238552690132));
#13351=DIRECTION('',(0.30070007029160783,-0.9537187571431224,0));
#13352=DIRECTION('',(0,0,-1));
#13353=FACE_SURFACE('',(#13358),#13354,.T.);
#13354=PLANE('',#13355);
#13355=AXIS2_PLACEMENT_3D('',#544,#13356,#13357);
#13356=DIRECTION('',(0.9238739157906833,0.3826969920466966,-0));
#13357=DIRECTION('',(-0.10686086136518322,0.25797423153556076,0.9602239593823557));
#13358=FACE_BOUND('',#13359,.T.);
#13359=EDGE_LOOP('',(#13360,#13361,#13362));
#13360=ORIENTED_EDGE('',*,*,#13363,.T.);
#13361=ORIENTED_EDGE('',*,*,#13364,.T.);
#13362=ORIENTED_EDGE('',*,*,#13365,.T.);
#13363=EDGE_CURVE('',#545,#459,#13366,.F.);
#13364=EDGE_CURVE('',#459,#457,#13367,.T.);
#13365=EDGE_CURVE('',#457,#545,#13368,.T.);
#13366=LINE('',#544,#13369);
#13367=LINE('',#458,#13370);
#13368=LINE('',#456,#13371);
#13369=VECTOR('',#13372,1.0);
#13370=VECTOR('',#13373,1.0);
#13371=VECTOR('',#13374,1.0);
#13372=DIRECTION('',(-0.10686086136518322,0.25797423153556076,0.9602239593823557));
#13373=DIRECTION('',(0.38269699204669655,-0.9238739157906832,0));
#13374=DIRECTION('',(0,0,-1));
#13375=FACE_SURFACE('',(#13380),#13376,.T.);
#13376=PLANE('',#13377);
#13377=AXIS2_PLACEMENT_3D('',#456,#13378,#13379);
#13378=DIRECTION('',(0,0,1));
#13379=DIRECTION('',(-0.9997539008790233,-0.022184176278966378,0));
#13380=FACE_BOUND('',#13381,.T.);
#13381=EDGE_LOOP('',(#13382,#13383,#13384));
#13382=ORIENTED_EDGE('',*,*,#13385,.T.);
#13383=ORIENTED_EDGE('',*,*,#13386,.T.);
#13384=ORIENTED_EDGE('',*,*,#13387,.T.);
#13385=EDGE_CURVE('',#457,#665,#13388,.F.);
#13386=EDGE_CURVE('',#665,#663,#13389,.T.);
#13387=EDGE_CURVE('',#663,#457,#13390,.T.);
#13388=LINE('',#456,#13391);
#13389=LINE('',#664,#13392);
#13390=LINE('',#662,#13393);
#13391=VECTOR('',#13394,1.0);
#13392=VECTOR('',#13395,1.0);
#13393=VECTOR('',#13396,1.0);
#13394=DIRECTION('',(-0.9997539008790233,-0.022184176278966378,0));
#13395=DIRECTION('',(0.9852306006873822,-0.17123277568613976,0));
#13396=DIRECTION('',(-0.30070007029160783,0.9537187571431224,0));
#13397=FACE_SURFACE('',(#13402),#13398,.T.);
#13398=PLANE('',#13399);
#13399=AXIS2_PLACEMENT_3D('',#658,#13400,#13401);
#13400=DIRECTION('',(0,0,1));
#13401=DIRECTION('',(0.8090421185220069,-0.5877506703164386,0));
#13402=FACE_BOUND('',#13403,.T.);
#13403=EDGE_LOOP('',(#13404,#13405,#13406));
#13404=ORIENTED_EDGE('',*,*,#13407,.T.);
#13405=ORIENTED_EDGE('',*,*,#13408,.T.);
#13406=ORIENTED_EDGE('',*,*,#13409,.T.);
#13407=EDGE_CURVE('',#659,#665,#13410,.F.);
#13408=EDGE_CURVE('',#665,#457,#13411,.T.);
#13409=EDGE_CURVE('',#457,#659,#13412,.T.);
#13410=LINE('',#658,#13413);
#13411=LINE('',#664,#13414);
#13412=LINE('',#456,#13415);
#13413=VECTOR('',#13416,1.0);
#13414=VECTOR('',#13417,1.0);
#13415=VECTOR('',#13418,1.0);
#13416=DIRECTION('',(0.8090421185220069,-0.5877506703164386,0));
#13417=DIRECTION('',(0.9997539008790233,0.022184176278966378,0));
#13418=DIRECTION('',(-0.9996847962127072,0.02510593995766775,0));
#13419=FACE_SURFACE('',(#13424),#13420,.T.);
#13420=PLANE('',#13421);
#13421=AXIS2_PLACEMENT_3D('',#546,#13422,#13423);
#13422=DIRECTION('',(0.9238739157906833,0.3826969920466966,-0));
#13423=DIRECTION('',(0,0,1));
#13424=FACE_BOUND('',#13425,.T.);
#13425=EDGE_LOOP('',(#13426,#13427,#13428));
#13426=ORIENTED_EDGE('',*,*,#13429,.T.);
#13427=ORIENTED_EDGE('',*,*,#13430,.T.);
#13428=ORIENTED_EDGE('',*,*,#13431,.T.);
#13429=EDGE_CURVE('',#547,#459,#13432,.F.);
#13430=EDGE_CURVE('',#459,#545,#13433,.T.);
#13431=EDGE_CURVE('',#545,#547,#13434,.T.);
#13432=LINE('',#546,#13435);
#13433=LINE('',#458,#13436);
#13434=LINE('',#544,#13437);
#13435=VECTOR('',#13438,1.0);
#13436=VECTOR('',#13439,1.0);
#13437=VECTOR('',#13440,1.0);
#13438=DIRECTION('',(0,0,1));
#13439=DIRECTION('',(0.10686086136518322,-0.25797423153556076,-0.9602239593823557));
#13440=DIRECTION('',(-0.38269699204669655,0.9238739157906832,0));
#13441=FACE_SURFACE('',(#13446),#13442,.T.);
#13442=PLANE('',#13443);
#13443=AXIS2_PLACEMENT_3D('',#546,#13444,#13445);
#13444=DIRECTION('',(0.8870036424373958,0.46176242625704467,-0));
#13445=DIRECTION('',(-0.12893648316497947,0.247675262661456,0.9602251546250107));
#13446=FACE_BOUND('',#13447,.T.);
#13447=EDGE_LOOP('',(#13448,#13449,#13450));
#13448=ORIENTED_EDGE('',*,*,#13451,.T.);
#13449=ORIENTED_EDGE('',*,*,#13452,.T.);
#13450=ORIENTED_EDGE('',*,*,#13453,.T.);
#13451=EDGE_CURVE('',#547,#461,#13454,.F.);
#13452=EDGE_CURVE('',#461,#459,#13455,.T.);
#13453=EDGE_CURVE('',#459,#547,#13456,.T.);
#13454=LINE('',#546,#13457);
#13455=LINE('',#460,#13458);
#13456=LINE('',#458,#13459);
#13457=VECTOR('',#13460,1.0);
#13458=VECTOR('',#13461,1.0);
#13459=VECTOR('',#13462,1.0);
#13460=DIRECTION('',(-0.12893648316497947,0.247675262661456,0.9602251546250107));
#13461=DIRECTION('',(0.46176242625704467,-0.8870036424373958,0));
#13462=DIRECTION('',(0,0,-1));
#13463=FACE_SURFACE('',(#13468),#13464,.T.);
#13464=PLANE('',#13465);
#13465=AXIS2_PLACEMENT_3D('',#548,#13466,#13467);
#13466=DIRECTION('',(0.8870036424373958,0.46176242625704467,-0));
#13467=DIRECTION('',(0,0,1));
#13468=FACE_BOUND('',#13469,.T.);
#13469=EDGE_LOOP('',(#13470,#13471,#13472));
#13470=ORIENTED_EDGE('',*,*,#13473,.T.);
#13471=ORIENTED_EDGE('',*,*,#13474,.T.);
#13472=ORIENTED_EDGE('',*,*,#13475,.T.);
#13473=EDGE_CURVE('',#549,#461,#13476,.F.);
#13474=EDGE_CURVE('',#461,#547,#13477,.T.);
#13475=EDGE_CURVE('',#547,#549,#13478,.T.);
#13476=LINE('',#548,#13479);
#13477=LINE('',#460,#13480);
#13478=LINE('',#546,#13481);
#13479=VECTOR('',#13482,1.0);
#13480=VECTOR('',#13483,1.0);
#13481=VECTOR('',#13484,1.0);
#13482=DIRECTION('',(0,0,1));
#13483=DIRECTION('',(0.12893648316497947,-0.247675262661456,-0.9602251546250107));
#13484=DIRECTION('',(-0.46176242625704467,0.8870036424373958,0));
#13485=FACE_SURFACE('',(#13490),#13486,.T.);
#13486=PLANE('',#13487);
#13487=AXIS2_PLACEMENT_3D('',#548,#13488,#13489);
#13488=DIRECTION('',(0.8433963466195008,0.5372919155439425,-0));
#13489=DIRECTION('',(-0.15002728662705844,0.23550040820249282,0.9602246461134923));
#13490=FACE_BOUND('',#13491,.T.);
#13491=EDGE_LOOP('',(#13492,#13493,#13494));
#13492=ORIENTED_EDGE('',*,*,#13495,.T.);
#13493=ORIENTED_EDGE('',*,*,#13496,.T.);
#13494=ORIENTED_EDGE('',*,*,#13497,.T.);
#13495=EDGE_CURVE('',#549,#463,#13498,.F.);
#13496=EDGE_CURVE('',#463,#461,#13499,.T.);
#13497=EDGE_CURVE('',#461,#549,#13500,.T.);
#13498=LINE('',#548,#13501);
#13499=LINE('',#462,#13502);
#13500=LINE('',#460,#13503);
#13501=VECTOR('',#13504,1.0);
#13502=VECTOR('',#13505,1.0);
#13503=VECTOR('',#13506,1.0);
#13504=DIRECTION('',(-0.15002728662705844,0.23550040820249282,0.9602246461134923));
#13505=DIRECTION('',(0.5372919155439425,-0.8433963466195007,0));
#13506=DIRECTION('',(0,0,-1));
#13507=FACE_SURFACE('',(#13512),#13508,.T.);
#13508=PLANE('',#13509);
#13509=AXIS2_PLACEMENT_3D('',#550,#13510,#13511);
#13510=DIRECTION('',(0.8433963466195008,0.5372919155439425,-0));
#13511=DIRECTION('',(0,0,1));
#13512=FACE_BOUND('',#13513,.T.);
#13513=EDGE_LOOP('',(#13514,#13515,#13516));
#13514=ORIENTED_EDGE('',*,*,#13517,.T.);
#13515=ORIENTED_EDGE('',*,*,#13518,.T.);
#13516=ORIENTED_EDGE('',*,*,#13519,.T.);
#13517=EDGE_CURVE('',#551,#463,#13520,.F.);
#13518=EDGE_CURVE('',#463,#549,#13521,.T.);
#13519=EDGE_CURVE('',#549,#551,#13522,.T.);
#13520=LINE('',#550,#13523);
#13521=LINE('',#462,#13524);
#13522=LINE('',#548,#13525);
#13523=VECTOR('',#13526,1.0);
#13524=VECTOR('',#13527,1.0);
#13525=VECTOR('',#13528,1.0);
#13526=DIRECTION('',(0,0,1));
#13527=DIRECTION('',(0.15002728662705844,-0.23550040820249282,-0.9602246461134923));
#13528=DIRECTION('',(-0.5372919155439425,0.8433963466195007,0));
#13529=FACE_SURFACE('',(#13534),#13530,.T.);
#13530=PLANE('',#13531);
#13531=AXIS2_PLACEMENT_3D('',#552,#13532,#13533);
#13532=DIRECTION('',(-0.40676484864215173,0.9135328991936346,0));
#13533=DIRECTION('',(0,0,1));
#13534=FACE_BOUND('',#13535,.T.);
#13535=EDGE_LOOP('',(#13536,#13537,#13538));
#13536=ORIENTED_EDGE('',*,*,#13539,.T.);
#13537=ORIENTED_EDGE('',*,*,#13540,.T.);
#13538=ORIENTED_EDGE('',*,*,#13541,.T.);
#13539=EDGE_CURVE('',#553,#465,#13542,.F.);
#13540=EDGE_CURVE('',#465,#667,#13543,.T.);
#13541=EDGE_CURVE('',#667,#553,#13544,.T.);
#13542=LINE('',#552,#13545);
#13543=LINE('',#464,#13546);
#13544=LINE('',#666,#13547);
#13545=VECTOR('',#13548,1.0);
#13546=VECTOR('',#13549,1.0);
#13547=VECTOR('',#13550,1.0);
#13548=DIRECTION('',(0,0,1));
#13549=DIRECTION('',(0.9135328991936346,0.40676484864215173,0));
#13550=DIRECTION('',(-0.1012202189842849,-0.045069889755487626,-0.9938426295476571));
#13551=FACE_SURFACE('',(#13556),#13552,.T.);
#13552=PLANE('',#13553);
#13553=AXIS2_PLACEMENT_3D('',#466,#13554,#13555);
#13554=DIRECTION('',(0,0,1));
#13555=DIRECTION('',(-0.988226603665609,0.1529973196089904,0));
#13556=FACE_BOUND('',#13557,.T.);
#13557=EDGE_LOOP('',(#13558,#13559,#13560));
#13558=ORIENTED_EDGE('',*,*,#13561,.T.);
#13559=ORIENTED_EDGE('',*,*,#13562,.T.);
#13560=ORIENTED_EDGE('',*,*,#13563,.T.);
#13561=EDGE_CURVE('',#467,#667,#13564,.F.);
#13562=EDGE_CURVE('',#667,#465,#13565,.T.);
#13563=EDGE_CURVE('',#465,#467,#13566,.T.);
#13564=LINE('',#466,#13567);
#13565=LINE('',#666,#13568);
#13566=LINE('',#464,#13569);
#13567=VECTOR('',#13570,1.0);
#13568=VECTOR('',#13571,1.0);
#13569=VECTOR('',#13572,1.0);
#13570=DIRECTION('',(-0.988226603665609,0.1529973196089904,0));
#13571=DIRECTION('',(-0.9135328991936346,-0.40676484864215173,0));
#13572=DIRECTION('',(0.9929349044746537,-0.11866033657423275,0));
#13573=FACE_SURFACE('',(#13578),#13574,.T.);
#13574=PLANE('',#13575);
#13575=AXIS2_PLACEMENT_3D('',#466,#13576,#13577);
#13576=DIRECTION('',(0,0,1));
#13577=DIRECTION('',(-0.04357263428269529,0.99905026176948,0));
#13578=FACE_BOUND('',#13579,.T.);
#13579=EDGE_LOOP('',(#13580,#13581,#13582));
#13580=ORIENTED_EDGE('',*,*,#13583,.T.);
#13581=ORIENTED_EDGE('',*,*,#13584,.T.);
#13582=ORIENTED_EDGE('',*,*,#13585,.T.);
#13583=EDGE_CURVE('',#467,#669,#13586,.F.);
#13584=EDGE_CURVE('',#669,#671,#13587,.T.);
#13585=EDGE_CURVE('',#671,#467,#13588,.T.);
#13586=LINE('',#466,#13589);
#13587=LINE('',#668,#13590);
#13588=LINE('',#670,#13591);
#13589=VECTOR('',#13592,1.0);
#13590=VECTOR('',#13593,1.0);
#13591=VECTOR('',#13594,1.0);
#13592=DIRECTION('',(-0.04357263428269529,0.99905026176948,0));
#13593=DIRECTION('',(-0.9998413803260625,0.017810507788208262,0));
#13594=DIRECTION('',(0.9793381908069705,-0.2022293451181851,0));
#13595=FACE_SURFACE('',(#13600),#13596,.T.);
#13596=PLANE('',#13597);
#13597=AXIS2_PLACEMENT_3D('',#554,#13598,#13599);
#13598=DIRECTION('',(0.9990502617694801,0.04357263428269529,-0));
#13599=DIRECTION('',(-0.012166894785346896,0.27896728348714933,0.9602235267973196));
#13600=FACE_BOUND('',#13601,.T.);
#13601=EDGE_LOOP('',(#13602,#13603,#13604));
#13602=ORIENTED_EDGE('',*,*,#13605,.T.);
#13603=ORIENTED_EDGE('',*,*,#13606,.T.);
#13604=ORIENTED_EDGE('',*,*,#13607,.T.);
#13605=EDGE_CURVE('',#555,#669,#13608,.F.);
#13606=EDGE_CURVE('',#669,#467,#13609,.T.);
#13607=EDGE_CURVE('',#467,#555,#13610,.T.);
#13608=LINE('',#554,#13611);
#13609=LINE('',#668,#13612);
#13610=LINE('',#466,#13613);
#13611=VECTOR('',#13614,1.0);
#13612=VECTOR('',#13615,1.0);
#13613=VECTOR('',#13616,1.0);
#13614=DIRECTION('',(-0.012166894785346896,0.27896728348714933,0.9602235267973196));
#13615=DIRECTION('',(0.04357263428269529,-0.99905026176948,0));
#13616=DIRECTION('',(0,0,-1));
#13617=FACE_SURFACE('',(#13622),#13618,.T.);
#13618=PLANE('',#13619);
#13619=AXIS2_PLACEMENT_3D('',#466,#13620,#13621);
#13620=DIRECTION('',(0,0,1));
#13621=DIRECTION('',(-0.9793381908069705,0.2022293451181851,0));
#13622=FACE_BOUND('',#13623,.T.);
#13623=EDGE_LOOP('',(#13624,#13625,#13626));
#13624=ORIENTED_EDGE('',*,*,#13627,.T.);
#13625=ORIENTED_EDGE('',*,*,#13628,.T.);
#13626=ORIENTED_EDGE('',*,*,#13629,.T.);
#13627=EDGE_CURVE('',#467,#671,#13630,.F.);
#13628=EDGE_CURVE('',#671,#667,#13631,.T.);
#13629=EDGE_CURVE('',#667,#467,#13632,.T.);
#13630=LINE('',#466,#13633);
#13631=LINE('',#670,#13634);
#13632=LINE('',#666,#13635);
#13633=VECTOR('',#13636,1.0);
#13634=VECTOR('',#13637,1.0);
#13635=VECTOR('',#13638,1.0);
#13636=DIRECTION('',(-0.9793381908069705,0.2022293451181851,0));
#13637=DIRECTION('',(-0.8090247657359487,-0.5877745557829918,0));
#13638=DIRECTION('',(0.988226603665609,-0.1529973196089904,0));
#13639=FACE_SURFACE('',(#13644),#13640,.T.);
#13640=PLANE('',#13641);
#13641=AXIS2_PLACEMENT_3D('',#466,#13642,#13643);
#13642=DIRECTION('',(1,0,0));
#13643=DIRECTION('',(0,-1,0));
#13644=FACE_BOUND('',#13645,.T.);
#13645=EDGE_LOOP('',(#13646,#13647,#13648));
#13646=ORIENTED_EDGE('',*,*,#13649,.T.);
#13647=ORIENTED_EDGE('',*,*,#13650,.T.);
#13648=ORIENTED_EDGE('',*,*,#13651,.T.);
#13649=EDGE_CURVE('',#467,#673,#13652,.F.);
#13650=EDGE_CURVE('',#673,#555,#13653,.T.);
#13651=EDGE_CURVE('',#555,#467,#13654,.T.);
#13652=LINE('',#466,#13655);
#13653=LINE('',#672,#13656);
#13654=LINE('',#554,#13657);
#13655=VECTOR('',#13658,1.0);
#13656=VECTOR('',#13659,1.0);
#13657=VECTOR('',#13660,1.0);
#13658=DIRECTION('',(0,-1,0));
#13659=DIRECTION('',(0,0.9687440171113592,-0.24806255120623624));
#13660=DIRECTION('',(0,0,1));
#13661=FACE_SURFACE('',(#13666),#13662,.T.);
#13662=PLANE('',#13663);
#13663=AXIS2_PLACEMENT_3D('',#672,#13664,#13665);
#13664=DIRECTION('',(0,-0,1));
#13665=DIRECTION('',(0,1,0));
#13666=FACE_BOUND('',#13667,.T.);
#13667=EDGE_LOOP('',(#13668,#13669,#13670));
#13668=ORIENTED_EDGE('',*,*,#13671,.T.);
#13669=ORIENTED_EDGE('',*,*,#13672,.T.);
#13670=ORIENTED_EDGE('',*,*,#13673,.T.);
#13671=EDGE_CURVE('',#673,#467,#13674,.F.);
#13672=EDGE_CURVE('',#467,#469,#13675,.T.);
#13673=EDGE_CURVE('',#469,#673,#13676,.T.);
#13674=LINE('',#672,#13677);
#13675=LINE('',#466,#13678);
#13676=LINE('',#468,#13679);
#13677=VECTOR('',#13680,1.0);
#13678=VECTOR('',#13681,1.0);
#13679=VECTOR('',#13682,1.0);
#13680=DIRECTION('',(0,1,0));
#13681=DIRECTION('',(-0.4103066406835513,-0.9119476194447679,0));
#13682=DIRECTION('',(0.9950550425745377,0.09932503333493073,0));
#13683=FACE_SURFACE('',(#13688),#13684,.T.);
#13684=PLANE('',#13685);
#13685=AXIS2_PLACEMENT_3D('',#468,#13686,#13687);
#13686=DIRECTION('',(-0.20791898080900942,-0.9781460511699379,-0));
#13687=DIRECTION('',(0,0,-1));
#13688=FACE_BOUND('',#13689,.T.);
#13689=EDGE_LOOP('',(#13690,#13691,#13692));
#13690=ORIENTED_EDGE('',*,*,#13693,.T.);
#13691=ORIENTED_EDGE('',*,*,#13694,.T.);
#13692=ORIENTED_EDGE('',*,*,#13695,.T.);
#13693=EDGE_CURVE('',#469,#471,#13696,.F.);
#13694=EDGE_CURVE('',#471,#675,#13697,.T.);
#13695=EDGE_CURVE('',#675,#469,#13698,.T.);
#13696=LINE('',#468,#13699);
#13697=LINE('',#470,#13700);
#13698=LINE('',#674,#13701);
#13699=VECTOR('',#13702,1.0);
#13700=VECTOR('',#13703,1.0);
#13701=VECTOR('',#13704,1.0);
#13702=DIRECTION('',(0,0,-1));
#13703=DIRECTION('',(0.9781460511699379,-0.20791898080900942,0));
#13704=DIRECTION('',(-0.10840200395498402,0.02304240164647836,0.9938400541661148));
#13705=FACE_SURFACE('',(#13710),#13706,.T.);
#13706=PLANE('',#13707);
#13707=AXIS2_PLACEMENT_3D('',#468,#13708,#13709);
#13708=DIRECTION('',(-0.20791898080900942,-0.9781460511699379,0));
#13709=DIRECTION('',(0.10840200395498402,-0.02304240164647836,-0.9938400541661148));
#13710=FACE_BOUND('',#13711,.T.);
#13711=EDGE_LOOP('',(#13712,#13713,#13714));
#13712=ORIENTED_EDGE('',*,*,#13715,.T.);
#13713=ORIENTED_EDGE('',*,*,#13716,.T.);
#13714=ORIENTED_EDGE('',*,*,#13717,.T.);
#13715=EDGE_CURVE('',#469,#675,#13718,.F.);
#13716=EDGE_CURVE('',#675,#677,#13719,.T.);
#13717=EDGE_CURVE('',#677,#469,#13720,.T.);
#13718=LINE('',#468,#13721);
#13719=LINE('',#674,#13722);
#13720=LINE('',#676,#13723);
#13721=VECTOR('',#13724,1.0);
#13722=VECTOR('',#13725,1.0);
#13723=VECTOR('',#13726,1.0);
#13724=DIRECTION('',(0.10840200395498402,-0.02304240164647836,-0.9938400541661148));
#13725=DIRECTION('',(0,0,1));
#13726=DIRECTION('',(-0.9781460511699379,0.20791898080900942,0));
#13727=FACE_SURFACE('',(#13732),#13728,.T.);
#13728=PLANE('',#13729);
#13729=AXIS2_PLACEMENT_3D('',#678,#13730,#13731);
#13730=DIRECTION('',(0,0,1));
#13731=DIRECTION('',(-0.998293105496623,0.0584027012894823,0));
#13732=FACE_BOUND('',#13733,.T.);
#13733=EDGE_LOOP('',(#13734,#13735,#13736));
#13734=ORIENTED_EDGE('',*,*,#13737,.T.);
#13735=ORIENTED_EDGE('',*,*,#13738,.T.);
#13736=ORIENTED_EDGE('',*,*,#13739,.T.);
#13737=EDGE_CURVE('',#679,#469,#13740,.F.);
#13738=EDGE_CURVE('',#469,#677,#13741,.T.);
#13739=EDGE_CURVE('',#677,#679,#13742,.T.);
#13740=LINE('',#678,#13743);
#13741=LINE('',#468,#13744);
#13742=LINE('',#676,#13745);
#13743=VECTOR('',#13746,1.0);
#13744=VECTOR('',#13747,1.0);
#13745=VECTOR('',#13748,1.0);
#13746=DIRECTION('',(-0.998293105496623,0.0584027012894823,0));
#13747=DIRECTION('',(0.9781460511699379,-0.20791898080900942,0));
#13748=DIRECTION('',(0.998815241604561,-0.04866326271863056,0));
#13749=FACE_SURFACE('',(#13754),#13750,.T.);
#13750=PLANE('',#13751);
#13751=AXIS2_PLACEMENT_3D('',#672,#13752,#13753);
#13752=DIRECTION('',(0,0,1));
#13753=DIRECTION('',(-0.9950550425745377,-0.09932503333493073,0));
#13754=FACE_BOUND('',#13755,.T.);
#13755=EDGE_LOOP('',(#13756,#13757,#13758));
#13756=ORIENTED_EDGE('',*,*,#13759,.T.);
#13757=ORIENTED_EDGE('',*,*,#13760,.T.);
#13758=ORIENTED_EDGE('',*,*,#13761,.T.);
#13759=EDGE_CURVE('',#673,#469,#13762,.F.);
#13760=EDGE_CURVE('',#469,#679,#13763,.T.);
#13761=EDGE_CURVE('',#679,#673,#13764,.T.);
#13762=LINE('',#672,#13765);
#13763=LINE('',#468,#13766);
#13764=LINE('',#678,#13767);
#13765=VECTOR('',#13768,1.0);
#13766=VECTOR('',#13769,1.0);
#13767=VECTOR('',#13770,1.0);
#13768=DIRECTION('',(-0.9950550425745377,-0.09932503333493073,0));
#13769=DIRECTION('',(0.998293105496623,-0.0584027012894823,0));
#13770=DIRECTION('',(0.043573243402091594,0.9990502352031264,0));
#13771=FACE_SURFACE('',(#13776),#13772,.T.);
#13772=PLANE('',#13773);
#13773=AXIS2_PLACEMENT_3D('',#680,#13774,#13775);
#13774=DIRECTION('',(0,0,-1));
#13775=DIRECTION('',(-0.998815241604561,0.04866326271863056,0));
#13776=FACE_BOUND('',#13777,.T.);
#13777=EDGE_LOOP('',(#13778,#13779,#13780));
#13778=ORIENTED_EDGE('',*,*,#13781,.T.);
#13779=ORIENTED_EDGE('',*,*,#13782,.T.);
#13780=ORIENTED_EDGE('',*,*,#13783,.T.);
#13781=EDGE_CURVE('',#681,#675,#13784,.F.);
#13782=EDGE_CURVE('',#675,#471,#13785,.T.);
#13783=EDGE_CURVE('',#471,#681,#13786,.T.);
#13784=LINE('',#680,#13787);
#13785=LINE('',#674,#13788);
#13786=LINE('',#470,#13789);
#13787=VECTOR('',#13790,1.0);
#13788=VECTOR('',#13791,1.0);
#13789=VECTOR('',#13792,1.0);
#13790=DIRECTION('',(-0.998815241604561,0.04866326271863056,0));
#13791=DIRECTION('',(-0.9781460511699379,0.20791898080900942,0));
#13792=DIRECTION('',(0.998293105496623,-0.0584027012894823,0));
#13793=FACE_SURFACE('',(#13798),#13794,.T.);
#13794=PLANE('',#13795);
#13795=AXIS2_PLACEMENT_3D('',#680,#13796,#13797);
#13796=DIRECTION('',(0,0,-1));
#13797=DIRECTION('',(-0.998293105496623,0.0584027012894823,0));
#13798=FACE_BOUND('',#13799,.T.);
#13799=EDGE_LOOP('',(#13800,#13801,#13802));
#13800=ORIENTED_EDGE('',*,*,#13803,.T.);
#13801=ORIENTED_EDGE('',*,*,#13804,.T.);
#13802=ORIENTED_EDGE('',*,*,#13805,.T.);
#13803=EDGE_CURVE('',#681,#471,#13806,.F.);
#13804=EDGE_CURVE('',#471,#683,#13807,.T.);
#13805=EDGE_CURVE('',#683,#681,#13808,.T.);
#13806=LINE('',#680,#13809);
#13807=LINE('',#470,#13810);
#13808=LINE('',#682,#13811);
#13809=VECTOR('',#13812,1.0);
#13810=VECTOR('',#13813,1.0);
#13811=VECTOR('',#13814,1.0);
#13812=DIRECTION('',(-0.998293105496623,0.0584027012894823,0));
#13813=DIRECTION('',(0.9950550425745377,0.09932503333493073,0));
#13814=DIRECTION('',(-0.043573243402091594,-0.9990502352031264,0));
#13815=FACE_SURFACE('',(#13820),#13816,.T.);
#13816=PLANE('',#13817);
#13817=AXIS2_PLACEMENT_3D('',#682,#13818,#13819);
#13818=DIRECTION('',(-0,0,-1));
#13819=DIRECTION('',(-0.9950550425745377,-0.09932503333493073,0));
#13820=FACE_BOUND('',#13821,.T.);
#13821=EDGE_LOOP('',(#13822,#13823,#13824));
#13822=ORIENTED_EDGE('',*,*,#13825,.T.);
#13823=ORIENTED_EDGE('',*,*,#13826,.T.);
#13824=ORIENTED_EDGE('',*,*,#13827,.T.);
#13825=EDGE_CURVE('',#683,#471,#13828,.F.);
#13826=EDGE_CURVE('',#471,#555,#13829,.T.);
#13827=EDGE_CURVE('',#555,#683,#13830,.T.);
#13828=LINE('',#682,#13831);
#13829=LINE('',#470,#13832);
#13830=LINE('',#554,#13833);
#13831=VECTOR('',#13834,1.0);
#13832=VECTOR('',#13835,1.0);
#13833=VECTOR('',#13836,1.0);
#13834=DIRECTION('',(-0.9950550425745377,-0.09932503333493073,0));
#13835=DIRECTION('',(0.4103066406835513,0.9119476194447679,0));
#13836=DIRECTION('',(0,-1,0));
#13837=FACE_SURFACE('',(#13842),#13838,.T.);
#13838=PLANE('',#13839);
#13839=AXIS2_PLACEMENT_3D('',#472,#13840,#13841);
#13840=DIRECTION('',(0.5320554310803605,-0.8467095241332129,0));
#13841=DIRECTION('',(-0.09421114594048013,-0.05920041104681213,0.993790506753043));
#13842=FACE_BOUND('',#13843,.T.);
#13843=EDGE_LOOP('',(#13844,#13845,#13846));
#13844=ORIENTED_EDGE('',*,*,#13847,.T.);
#13845=ORIENTED_EDGE('',*,*,#13848,.T.);
#13846=ORIENTED_EDGE('',*,*,#13849,.T.);
#13847=EDGE_CURVE('',#473,#561,#13850,.F.);
#13848=EDGE_CURVE('',#561,#685,#13851,.T.);
#13849=EDGE_CURVE('',#685,#473,#13852,.T.);
#13850=LINE('',#472,#13853);
#13851=LINE('',#560,#13854);
#13852=LINE('',#684,#13855);
#13853=VECTOR('',#13856,1.0);
#13854=VECTOR('',#13857,1.0);
#13855=VECTOR('',#13858,1.0);
#13856=DIRECTION('',(-0.09421114594048013,-0.05920041104681213,0.993790506753043));
#13857=DIRECTION('',(0,0,-1));
#13858=DIRECTION('',(0.8467095241332129,0.5320554310803604,0));
#13859=FACE_SURFACE('',(#13864),#13860,.T.);
#13860=PLANE('',#13861);
#13861=AXIS2_PLACEMENT_3D('',#684,#13862,#13863);
#13862=DIRECTION('',(-0,0,-1));
#13863=DIRECTION('',(-0.9993592565352645,-0.035792127308719675,0));
#13864=FACE_BOUND('',#13865,.T.);
#13865=EDGE_LOOP('',(#13866,#13867,#13868));
#13866=ORIENTED_EDGE('',*,*,#13869,.T.);
#13867=ORIENTED_EDGE('',*,*,#13870,.T.);
#13868=ORIENTED_EDGE('',*,*,#13871,.T.);
#13869=EDGE_CURVE('',#685,#477,#13872,.F.);
#13870=EDGE_CURVE('',#477,#473,#13873,.T.);
#13871=EDGE_CURVE('',#473,#685,#13874,.T.);
#13872=LINE('',#684,#13875);
#13873=LINE('',#476,#13876);
#13874=LINE('',#472,#13877);
#13875=VECTOR('',#13878,1.0);
#13876=VECTOR('',#13879,1.0);
#13877=VECTOR('',#13880,1.0);
#13878=DIRECTION('',(-0.9993592565352645,-0.035792127308719675,0));
#13879=DIRECTION('',(0.9983639653224988,0.057178603913846375,0));
#13880=DIRECTION('',(-0.8467095241332129,-0.5320554310803604,0));
#13881=FACE_SURFACE('',(#13886),#13882,.T.);
#13882=PLANE('',#13883);
#13883=AXIS2_PLACEMENT_3D('',#562,#13884,#13885);
#13884=DIRECTION('',(1,0,0));
#13885=DIRECTION('',(0,0,-1));
#13886=FACE_BOUND('',#13887,.T.);
#13887=EDGE_LOOP('',(#13888,#13889,#13890));
#13888=ORIENTED_EDGE('',*,*,#13891,.T.);
#13889=ORIENTED_EDGE('',*,*,#13892,.T.);
#13890=ORIENTED_EDGE('',*,*,#13893,.T.);
#13891=EDGE_CURVE('',#563,#687,#13894,.F.);
#13892=EDGE_CURVE('',#687,#475,#13895,.T.);
#13893=EDGE_CURVE('',#475,#563,#13896,.T.);
#13894=LINE('',#562,#13897);
#13895=LINE('',#686,#13898);
#13896=LINE('',#474,#13899);
#13897=VECTOR('',#13900,1.0);
#13898=VECTOR('',#13901,1.0);
#13899=VECTOR('',#13902,1.0);
#13900=DIRECTION('',(0,0,-1));
#13901=DIRECTION('',(0,1,0));
#13902=DIRECTION('',(0,-0.11080834547767077,0.9938417935328042));
#13903=FACE_SURFACE('',(#13908),#13904,.T.);
#13904=PLANE('',#13905);
#13905=AXIS2_PLACEMENT_3D('',#686,#13906,#13907);
#13906=DIRECTION('',(0,0,-1));
#13907=DIRECTION('',(-0.9999167426286291,0.012903790565257645,0));
#13908=FACE_BOUND('',#13909,.T.);
#13909=EDGE_LOOP('',(#13910,#13911,#13912));
#13910=ORIENTED_EDGE('',*,*,#13913,.T.);
#13911=ORIENTED_EDGE('',*,*,#13914,.T.);
#13912=ORIENTED_EDGE('',*,*,#13915,.T.);
#13913=EDGE_CURVE('',#687,#689,#13916,.F.);
#13914=EDGE_CURVE('',#689,#475,#13917,.T.);
#13915=EDGE_CURVE('',#475,#687,#13918,.T.);
#13916=LINE('',#686,#13919);
#13917=LINE('',#688,#13920);
#13918=LINE('',#474,#13921);
#13919=VECTOR('',#13922,1.0);
#13920=VECTOR('',#13923,1.0);
#13921=VECTOR('',#13924,1.0);
#13922=DIRECTION('',(-0.9999167426286291,0.012903790565257645,0));
#13923=DIRECTION('',(0.9999959502570426,0.0028459566958272263,0));
#13924=DIRECTION('',(0,-1,0));
#13925=FACE_SURFACE('',(#13930),#13926,.T.);
#13926=PLANE('',#13927);
#13927=AXIS2_PLACEMENT_3D('',#474,#13928,#13929);
#13928=DIRECTION('',(-0,0,-1));
#13929=DIRECTION('',(-0.9999959502570426,-0.0028459566958272263,0));
#13930=FACE_BOUND('',#13931,.T.);
#13931=EDGE_LOOP('',(#13932,#13933,#13934));
#13932=ORIENTED_EDGE('',*,*,#13935,.T.);
#13933=ORIENTED_EDGE('',*,*,#13936,.T.);
#13934=ORIENTED_EDGE('',*,*,#13937,.T.);
#13935=EDGE_CURVE('',#475,#689,#13938,.F.);
#13936=EDGE_CURVE('',#689,#557,#13939,.T.);
#13937=EDGE_CURVE('',#557,#475,#13940,.T.);
#13938=LINE('',#474,#13941);
#13939=LINE('',#688,#13942);
#13940=LINE('',#556,#13943);
#13941=VECTOR('',#13944,1.0);
#13942=VECTOR('',#13945,1.0);
#13943=VECTOR('',#13946,1.0);
#13944=DIRECTION('',(-0.9999959502570426,-0.0028459566958272263,0));
#13945=DIRECTION('',(-0.7071431222776324,0.7070704382276501,0));
#13946=DIRECTION('',(0.9999660064639374,-0.008245357273305743,0));
#13947=FACE_SURFACE('',(#13952),#13948,.T.);
#13948=PLANE('',#13949);
#13949=AXIS2_PLACEMENT_3D('',#690,#13950,#13951);
#13950=DIRECTION('',(-0.8752446885655087,-0.4836804059891879,0));
#13951=DIRECTION('',(0,0,1));
#13952=FACE_BOUND('',#13953,.T.);
#13953=EDGE_LOOP('',(#13954,#13955,#13956));
#13954=ORIENTED_EDGE('',*,*,#13957,.T.);
#13955=ORIENTED_EDGE('',*,*,#13958,.T.);
#13956=ORIENTED_EDGE('',*,*,#13959,.T.);
#13957=EDGE_CURVE('',#691,#567,#13960,.F.);
#13958=EDGE_CURVE('',#567,#477,#13961,.T.);
#13959=EDGE_CURVE('',#477,#691,#13962,.T.);
#13960=LINE('',#690,#13963);
#13961=LINE('',#566,#13964);
#13962=LINE('',#476,#13965);
#13963=VECTOR('',#13966,1.0);
#13964=VECTOR('',#13967,1.0);
#13965=VECTOR('',#13968,1.0);
#13966=DIRECTION('',(0,0,1));
#13967=DIRECTION('',(-0.08885856297698082,0.1607941614258915,-0.9829798540341559));
#13968=DIRECTION('',(0.48368040598918793,-0.8752446885655089,0));
#13969=FACE_SURFACE('',(#13974),#13970,.T.);
#13970=PLANE('',#13971);
#13971=AXIS2_PLACEMENT_3D('',#692,#13972,#13973);
#13972=DIRECTION('',(-0,0,-1));
#13973=DIRECTION('',(-0.9993928600807486,-0.0348412287329406,0));
#13974=FACE_BOUND('',#13975,.T.);
#13975=EDGE_LOOP('',(#13976,#13977,#13978));
#13976=ORIENTED_EDGE('',*,*,#13979,.T.);
#13977=ORIENTED_EDGE('',*,*,#13980,.T.);
#13978=ORIENTED_EDGE('',*,*,#13981,.T.);
#13979=EDGE_CURVE('',#693,#691,#13982,.F.);
#13980=EDGE_CURVE('',#691,#477,#13983,.T.);
#13981=EDGE_CURVE('',#477,#693,#13984,.T.);
#13982=LINE('',#692,#13985);
#13983=LINE('',#690,#13986);
#13984=LINE('',#476,#13987);
#13985=VECTOR('',#13988,1.0);
#13986=VECTOR('',#13989,1.0);
#13987=VECTOR('',#13990,1.0);
#13988=DIRECTION('',(-0.9993928600807486,-0.0348412287329406,0));
#13989=DIRECTION('',(-0.48368040598918793,0.8752446885655089,0));
#13990=DIRECTION('',(0.999385922433754,-0.035039663828786,0));
#13991=FACE_SURFACE('',(#13996),#13992,.T.);
#13992=PLANE('',#13993);
#13993=AXIS2_PLACEMENT_3D('',#692,#13994,#13995);
#13994=DIRECTION('',(0,0,-1));
#13995=DIRECTION('',(-0.999385922433754,0.035039663828786,0));
#13996=FACE_BOUND('',#13997,.T.);
#13997=EDGE_LOOP('',(#13998,#13999,#14000));
#13998=ORIENTED_EDGE('',*,*,#14001,.T.);
#13999=ORIENTED_EDGE('',*,*,#14002,.T.);
#14000=ORIENTED_EDGE('',*,*,#14003,.T.);
#14001=EDGE_CURVE('',#693,#477,#14004,.F.);
#14002=EDGE_CURVE('',#477,#695,#14005,.T.);
#14003=EDGE_CURVE('',#695,#693,#14006,.T.);
#14004=LINE('',#692,#14007);
#14005=LINE('',#476,#14008);
#14006=LINE('',#694,#14009);
#14007=VECTOR('',#14010,1.0);
#14008=VECTOR('',#14011,1.0);
#14009=VECTOR('',#14012,1.0);
#14010=DIRECTION('',(-0.999385922433754,0.035039663828786,0));
#14011=DIRECTION('',(0.9999894963244506,0.00458336565982714,0));
#14012=DIRECTION('',(-0.5320390592813571,-0.846719811625433,0));
#14013=FACE_SURFACE('',(#14018),#14014,.T.);
#14014=PLANE('',#14015);
#14015=AXIS2_PLACEMENT_3D('',#684,#14016,#14017);
#14016=DIRECTION('',(0,0,-1));
#14017=DIRECTION('',(-0.7071431222776324,-0.7070704382276501,0));
#14018=FACE_BOUND('',#14019,.T.);
#14019=EDGE_LOOP('',(#14020,#14021,#14022));
#14020=ORIENTED_EDGE('',*,*,#14023,.T.);
#14021=ORIENTED_EDGE('',*,*,#14024,.T.);
#14022=ORIENTED_EDGE('',*,*,#14025,.T.);
#14023=EDGE_CURVE('',#685,#695,#14026,.F.);
#14024=EDGE_CURVE('',#695,#477,#14027,.T.);
#14025=EDGE_CURVE('',#477,#685,#14028,.T.);
#14026=LINE('',#684,#14029);
#14027=LINE('',#694,#14030);
#14028=LINE('',#476,#14031);
#14029=VECTOR('',#14032,1.0);
#14030=VECTOR('',#14033,1.0);
#14031=VECTOR('',#14034,1.0);
#14032=DIRECTION('',(-0.7071431222776324,-0.7070704382276501,0));
#14033=DIRECTION('',(-0.9999894963244506,-0.00458336565982714,0));
#14034=DIRECTION('',(0.9993592565352645,0.035792127308719675,0));
#14035=FACE_SURFACE('',(#14040),#14036,.T.);
#14036=PLANE('',#14037);
#14037=AXIS2_PLACEMENT_3D('',#482,#14038,#14039);
#14038=DIRECTION('',(0,0,-1));
#14039=DIRECTION('',(0.382713252813019,0.9238671799134756,0));
#14040=FACE_BOUND('',#14041,.T.);
#14041=EDGE_LOOP('',(#14042,#14043,#14044));
#14042=ORIENTED_EDGE('',*,*,#14045,.T.);
#14043=ORIENTED_EDGE('',*,*,#14046,.T.);
#14044=ORIENTED_EDGE('',*,*,#14047,.T.);
#14045=EDGE_CURVE('',#483,#577,#14048,.F.);
#14046=EDGE_CURVE('',#577,#697,#14049,.T.);
#14047=EDGE_CURVE('',#697,#483,#14050,.T.);
#14048=LINE('',#482,#14051);
#14049=LINE('',#576,#14052);
#14050=LINE('',#696,#14053);
#14051=VECTOR('',#14054,1.0);
#14052=VECTOR('',#14055,1.0);
#14053=VECTOR('',#14056,1.0);
#14054=DIRECTION('',(0.382713252813019,0.9238671799134756,0));
#14055=DIRECTION('',(0.9999895039536569,-0.00458170083257381,0));
#14056=DIRECTION('',(-0.9979459394931501,-0.06406170345170223,0));
#14057=FACE_SURFACE('',(#14062),#14058,.T.);
#14058=PLANE('',#14059);
#14059=AXIS2_PLACEMENT_3D('',#482,#14060,#14061);
#14060=DIRECTION('',(0,0,-1));
#14061=DIRECTION('',(0.9979459394931501,0.06406170345170223,0));
#14062=FACE_BOUND('',#14063,.T.);
#14063=EDGE_LOOP('',(#14064,#14065,#14066));
#14064=ORIENTED_EDGE('',*,*,#14067,.T.);
#14065=ORIENTED_EDGE('',*,*,#14068,.T.);
#14066=ORIENTED_EDGE('',*,*,#14069,.T.);
#14067=EDGE_CURVE('',#483,#697,#14070,.F.);
#14068=EDGE_CURVE('',#697,#699,#14071,.T.);
#14069=EDGE_CURVE('',#699,#483,#14072,.T.);
#14070=LINE('',#482,#14073);
#14071=LINE('',#696,#14074);
#14072=LINE('',#698,#14075);
#14073=VECTOR('',#14076,1.0);
#14074=VECTOR('',#14077,1.0);
#14075=VECTOR('',#14078,1.0);
#14076=DIRECTION('',(0.9979459394931501,0.06406170345170223,0));
#14077=DIRECTION('',(0.7071249514986555,-0.7070886104075105,0));
#14078=DIRECTION('',(-0.9994972143372416,-0.03170675846084421,0));
#14079=FACE_SURFACE('',(#14084),#14080,.T.);
#14080=PLANE('',#14081);
#14081=AXIS2_PLACEMENT_3D('',#482,#14082,#14083);
#14082=DIRECTION('',(0,0,-1));
#14083=DIRECTION('',(0.9994972143372416,0.03170675846084421,0));
#14084=FACE_BOUND('',#14085,.T.);
#14085=EDGE_LOOP('',(#14086,#14087,#14088));
#14086=ORIENTED_EDGE('',*,*,#14089,.T.);
#14087=ORIENTED_EDGE('',*,*,#14090,.T.);
#14088=ORIENTED_EDGE('',*,*,#14091,.T.);
#14089=EDGE_CURVE('',#483,#699,#14092,.F.);
#14090=EDGE_CURVE('',#699,#573,#14093,.T.);
#14091=EDGE_CURVE('',#573,#483,#14094,.T.);
#14092=LINE('',#482,#14095);
#14093=LINE('',#698,#14096);
#14094=LINE('',#572,#14097);
#14095=VECTOR('',#14098,1.0);
#14096=VECTOR('',#14099,1.0);
#14097=VECTOR('',#14100,1.0);
#14098=DIRECTION('',(0.9994972143372416,0.03170675846084421,0));
#14099=DIRECTION('',(0.8467095241332129,-0.5320554310803604,0));
#14100=DIRECTION('',(-0.9999642531071489,-0.008455324231619496,0));
#14101=FACE_SURFACE('',(#14106),#14102,.T.);
#14102=PLANE('',#14103);
#14103=AXIS2_PLACEMENT_3D('',#484,#14104,#14105);
#14104=DIRECTION('',(-0.5320554310803605,0.8467095241332129,0));
#14105=DIRECTION('',(0.09421114594048013,0.05920041104681213,0.993790506753043));
#14106=FACE_BOUND('',#14107,.T.);
#14107=EDGE_LOOP('',(#14108,#14109,#14110));
#14108=ORIENTED_EDGE('',*,*,#14111,.T.);
#14109=ORIENTED_EDGE('',*,*,#14112,.T.);
#14110=ORIENTED_EDGE('',*,*,#14113,.T.);
#14111=EDGE_CURVE('',#485,#595,#14114,.F.);
#14112=EDGE_CURVE('',#595,#589,#14115,.T.);
#14113=EDGE_CURVE('',#589,#485,#14116,.T.);
#14114=LINE('',#484,#14117);
#14115=LINE('',#594,#14118);
#14116=LINE('',#588,#14119);
#14117=VECTOR('',#14120,1.0);
#14118=VECTOR('',#14121,1.0);
#14119=VECTOR('',#14122,1.0);
#14120=DIRECTION('',(0.09421114594048013,0.05920041104681213,0.993790506753043));
#14121=DIRECTION('',(0,0,-1));
#14122=DIRECTION('',(-0.8467095241332129,-0.5320554310803604,0));
#14123=FACE_SURFACE('',(#14128),#14124,.T.);
#14124=PLANE('',#14125);
#14125=AXIS2_PLACEMENT_3D('',#486,#14126,#14127);
#14126=DIRECTION('',(-0.40676484864215173,0.9135328991936346,0));
#14127=DIRECTION('',(0.1012202189842849,0.045069889755487626,0.9938426295476571));
#14128=FACE_BOUND('',#14129,.T.);
#14129=EDGE_LOOP('',(#14130,#14131,#14132));
#14130=ORIENTED_EDGE('',*,*,#14133,.T.);
#14131=ORIENTED_EDGE('',*,*,#14134,.T.);
#14132=ORIENTED_EDGE('',*,*,#14135,.T.);
#14133=EDGE_CURVE('',#487,#597,#14136,.F.);
#14134=EDGE_CURVE('',#597,#701,#14137,.T.);
#14135=EDGE_CURVE('',#701,#487,#14138,.T.);
#14136=LINE('',#486,#14139);
#14137=LINE('',#596,#14140);
#14138=LINE('',#700,#14141);
#14139=VECTOR('',#14142,1.0);
#14140=VECTOR('',#14143,1.0);
#14141=VECTOR('',#14144,1.0);
#14142=DIRECTION('',(0.1012202189842849,0.045069889755487626,0.9938426295476571));
#14143=DIRECTION('',(0,0,-1));
#14144=DIRECTION('',(-0.9135328991936346,-0.40676484864215173,0));
#14145=FACE_SURFACE('',(#14150),#14146,.T.);
#14146=PLANE('',#14147);
#14147=AXIS2_PLACEMENT_3D('',#486,#14148,#14149);
#14148=DIRECTION('',(0,0,-1));
#14149=DIRECTION('',(0.9135328991936346,0.40676484864215173,0));
#14150=FACE_BOUND('',#14151,.T.);
#14151=EDGE_LOOP('',(#14152,#14153,#14154));
#14152=ORIENTED_EDGE('',*,*,#14155,.T.);
#14153=ORIENTED_EDGE('',*,*,#14156,.T.);
#14154=ORIENTED_EDGE('',*,*,#14157,.T.);
#14155=EDGE_CURVE('',#487,#701,#14158,.F.);
#14156=EDGE_CURVE('',#701,#489,#14159,.T.);
#14157=EDGE_CURVE('',#489,#487,#14160,.T.);
#14158=LINE('',#486,#14161);
#14159=LINE('',#700,#14162);
#14160=LINE('',#488,#14163);
#14161=VECTOR('',#14164,1.0);
#14162=VECTOR('',#14165,1.0);
#14163=VECTOR('',#14166,1.0);
#14164=DIRECTION('',(0.9135328991936346,0.40676484864215173,0));
#14165=DIRECTION('',(0.9847209263608379,-0.17413987822165652,0));
#14166=DIRECTION('',(-0.991378503160566,0.13102924662500248,0));
#14167=FACE_SURFACE('',(#14172),#14168,.T.);
#14168=PLANE('',#14169);
#14169=AXIS2_PLACEMENT_3D('',#702,#14170,#14171);
#14170=DIRECTION('',(0.923875965061683,-0.3826920448367642,0));
#14171=DIRECTION('',(0,0,1));
#14172=FACE_BOUND('',#14173,.T.);
#14173=EDGE_LOOP('',(#14174,#14175,#14176));
#14174=ORIENTED_EDGE('',*,*,#14177,.T.);
#14175=ORIENTED_EDGE('',*,*,#14178,.T.);
#14176=ORIENTED_EDGE('',*,*,#14179,.T.);
#14177=EDGE_CURVE('',#703,#599,#14180,.F.);
#14178=EDGE_CURVE('',#599,#489,#14181,.T.);
#14179=EDGE_CURVE('',#489,#703,#14182,.T.);
#14180=LINE('',#702,#14183);
#14181=LINE('',#598,#14184);
#14182=LINE('',#488,#14185);
#14183=VECTOR('',#14186,1.0);
#14184=VECTOR('',#14187,1.0);
#14185=VECTOR('',#14188,1.0);
#14186=DIRECTION('',(0,0,1));
#14187=DIRECTION('',(-0.10686075365445305,-0.25797787866700445,-0.9602229915216958));
#14188=DIRECTION('',(0.38269204483676417,0.9238759650616829,0));
#14189=FACE_SURFACE('',(#14194),#14190,.T.);
#14190=PLANE('',#14191);
#14191=AXIS2_PLACEMENT_3D('',#704,#14192,#14193);
#14192=DIRECTION('',(0,0,-1));
#14193=DIRECTION('',(0.9997539683293776,-0.022181136347398787,0));
#14194=FACE_BOUND('',#14195,.T.);
#14195=EDGE_LOOP('',(#14196,#14197,#14198));
#14196=ORIENTED_EDGE('',*,*,#14199,.T.);
#14197=ORIENTED_EDGE('',*,*,#14200,.T.);
#14198=ORIENTED_EDGE('',*,*,#14201,.T.);
#14199=EDGE_CURVE('',#705,#703,#14202,.F.);
#14200=EDGE_CURVE('',#703,#489,#14203,.T.);
#14201=EDGE_CURVE('',#489,#705,#14204,.T.);
#14202=LINE('',#704,#14205);
#14203=LINE('',#702,#14206);
#14204=LINE('',#488,#14207);
#14205=VECTOR('',#14208,1.0);
#14206=VECTOR('',#14209,1.0);
#14207=VECTOR('',#14210,1.0);
#14208=DIRECTION('',(0.9997539683293776,-0.022181136347398787,0));
#14209=DIRECTION('',(-0.38269204483676417,-0.9238759650616829,0));
#14210=DIRECTION('',(-0.971655954782508,0.23639946179230786,0));
#14211=FACE_SURFACE('',(#14216),#14212,.T.);
#14212=PLANE('',#14213);
#14213=AXIS2_PLACEMENT_3D('',#704,#14214,#14215);
#14214=DIRECTION('',(0,-0,-1));
#14215=DIRECTION('',(0.971655954782508,-0.23639946179230786,0));
#14216=FACE_BOUND('',#14217,.T.);
#14217=EDGE_LOOP('',(#14218,#14219,#14220));
#14218=ORIENTED_EDGE('',*,*,#14221,.T.);
#14219=ORIENTED_EDGE('',*,*,#14222,.T.);
#14220=ORIENTED_EDGE('',*,*,#14223,.T.);
#14221=EDGE_CURVE('',#705,#489,#14224,.F.);
#14222=EDGE_CURVE('',#489,#701,#14225,.T.);
#14223=EDGE_CURVE('',#701,#705,#14226,.T.);
#14224=LINE('',#704,#14227);
#14225=LINE('',#488,#14228);
#14226=LINE('',#700,#14229);
#14227=VECTOR('',#14230,1.0);
#14228=VECTOR('',#14231,1.0);
#14229=VECTOR('',#14232,1.0);
#14230=DIRECTION('',(0.971655954782508,-0.23639946179230786,0));
#14231=DIRECTION('',(-0.9847209263608379,0.17413987822165652,0));
#14232=DIRECTION('',(0.8090421185220069,0.5877506703164386,0));
#14233=FACE_SURFACE('',(#14238),#14234,.T.);
#14234=PLANE('',#14235);
#14235=AXIS2_PLACEMENT_3D('',#496,#14236,#14237);
#14236=DIRECTION('',(0,0,-1));
#14237=DIRECTION('',(-0.999985784649433,0.005332025793043982,0));
#14238=FACE_BOUND('',#14239,.T.);
#14239=EDGE_LOOP('',(#14240,#14241,#14242));
#14240=ORIENTED_EDGE('',*,*,#14243,.T.);
#14241=ORIENTED_EDGE('',*,*,#14244,.T.);
#14242=ORIENTED_EDGE('',*,*,#14245,.T.);
#14243=EDGE_CURVE('',#497,#707,#14246,.F.);
#14244=EDGE_CURVE('',#707,#607,#14247,.T.);
#14245=EDGE_CURVE('',#607,#497,#14248,.T.);
#14246=LINE('',#496,#14249);
#14247=LINE('',#706,#14250);
#14248=LINE('',#606,#14251);
#14249=VECTOR('',#14252,1.0);
#14250=VECTOR('',#14253,1.0);
#14251=VECTOR('',#14254,1.0);
#14252=DIRECTION('',(-0.999985784649433,0.005332025793043982,0));
#14253=DIRECTION('',(0.9999926103954728,-0.003844366586069693,0));
#14254=DIRECTION('',(0.9945184438620748,-0.10456129694182914,0));
#14255=FACE_SURFACE('',(#14260),#14256,.T.);
#14256=PLANE('',#14257);
#14257=AXIS2_PLACEMENT_3D('',#496,#14258,#14259);
#14258=DIRECTION('',(-0,0,-1));
#14259=DIRECTION('',(-0.9999743039898727,-0.007168776741512184,0));
#14260=FACE_BOUND('',#14261,.T.);
#14261=EDGE_LOOP('',(#14262,#14263,#14264));
#14262=ORIENTED_EDGE('',*,*,#14265,.T.);
#14263=ORIENTED_EDGE('',*,*,#14266,.T.);
#14264=ORIENTED_EDGE('',*,*,#14267,.T.);
#14265=EDGE_CURVE('',#497,#709,#14268,.F.);
#14266=EDGE_CURVE('',#709,#707,#14269,.T.);
#14267=EDGE_CURVE('',#707,#497,#14270,.T.);
#14268=LINE('',#496,#14271);
#14269=LINE('',#708,#14272);
#14270=LINE('',#706,#14273);
#14271=VECTOR('',#14274,1.0);
#14272=VECTOR('',#14275,1.0);
#14273=VECTOR('',#14276,1.0);
#14274=DIRECTION('',(-0.9999743039898727,-0.007168776741512184,0));
#14275=DIRECTION('',(0.5320390592813571,0.846719811625433,0));
#14276=DIRECTION('',(0.999985784649433,-0.005332025793043982,0));
#14277=FACE_SURFACE('',(#14282),#14278,.T.);
#14278=PLANE('',#14279);
#14279=AXIS2_PLACEMENT_3D('',#496,#14280,#14281);
#14280=DIRECTION('',(0,0,-1));
#14281=DIRECTION('',(-0.1282802826329314,-0.9917379538404362,0));
#14282=FACE_BOUND('',#14283,.T.);
#14283=EDGE_LOOP('',(#14284,#14285,#14286));
#14284=ORIENTED_EDGE('',*,*,#14287,.T.);
#14285=ORIENTED_EDGE('',*,*,#14288,.T.);
#14286=ORIENTED_EDGE('',*,*,#14289,.T.);
#14287=EDGE_CURVE('',#497,#711,#14290,.F.);
#14288=EDGE_CURVE('',#711,#709,#14291,.T.);
#14289=EDGE_CURVE('',#709,#497,#14292,.T.);
#14290=LINE('',#496,#14293);
#14291=LINE('',#710,#14294);
#14292=LINE('',#708,#14295);
#14293=VECTOR('',#14296,1.0);
#14294=VECTOR('',#14297,1.0);
#14295=VECTOR('',#14298,1.0);
#14296=DIRECTION('',(-0.1282802826329314,-0.9917379538404362,0));
#14297=DIRECTION('',(-0.991005757444387,0.13381923894596356,0));
#14298=DIRECTION('',(0.9999743039898727,0.007168776741512184,0));
#14299=FACE_SURFACE('',(#14304),#14300,.T.);
#14300=PLANE('',#14301);
#14301=AXIS2_PLACEMENT_3D('',#496,#14302,#14303);
#14302=DIRECTION('',(0,-0,-1));
#14303=DIRECTION('',(0.1454300228641133,-0.9893685402567354,0));
#14304=FACE_BOUND('',#14305,.T.);
#14305=EDGE_LOOP('',(#14306,#14307,#14308));
#14306=ORIENTED_EDGE('',*,*,#14309,.T.);
#14307=ORIENTED_EDGE('',*,*,#14310,.T.);
#14308=ORIENTED_EDGE('',*,*,#14311,.T.);
#14309=EDGE_CURVE('',#497,#713,#14312,.F.);
#14310=EDGE_CURVE('',#713,#711,#14313,.T.);
#14311=EDGE_CURVE('',#711,#497,#14314,.T.);
#14312=LINE('',#496,#14315);
#14313=LINE('',#712,#14316);
#14314=LINE('',#710,#14317);
#14315=VECTOR('',#14318,1.0);
#14316=VECTOR('',#14319,1.0);
#14317=VECTOR('',#14320,1.0);
#14318=DIRECTION('',(0.1454300228641133,-0.9893685402567354,0));
#14319=DIRECTION('',(-0.9914427656596985,-0.1305421097617474,0));
#14320=DIRECTION('',(0.1282802826329314,0.9917379538404362,0));
#14321=FACE_SURFACE('',(#14326),#14322,.T.);
#14322=PLANE('',#14323);
#14323=AXIS2_PLACEMENT_3D('',#496,#14324,#14325);
#14324=DIRECTION('',(0,0,-1));
#14325=DIRECTION('',(0.9527049089379065,-0.30389695043816317,0));
#14326=FACE_BOUND('',#14327,.T.);
#14327=EDGE_LOOP('',(#14328,#14329,#14330));
#14328=ORIENTED_EDGE('',*,*,#14331,.T.);
#14329=ORIENTED_EDGE('',*,*,#14332,.T.);
#14330=ORIENTED_EDGE('',*,*,#14333,.T.);
#14331=EDGE_CURVE('',#497,#603,#14334,.F.);
#14332=EDGE_CURVE('',#603,#715,#14335,.T.);
#14333=EDGE_CURVE('',#715,#497,#14336,.T.);
#14334=LINE('',#496,#14337);
#14335=LINE('',#602,#14338);
#14336=LINE('',#714,#14339);
#14337=VECTOR('',#14340,1.0);
#14338=VECTOR('',#14341,1.0);
#14339=VECTOR('',#14342,1.0);
#14340=DIRECTION('',(0.9527049089379065,-0.30389695043816317,0));
#14341=DIRECTION('',(-0.8434026874035929,-0.5372819621766559,0));
#14342=DIRECTION('',(-0.8914521022083041,0.4531149406810542,0));
#14343=FACE_SURFACE('',(#14348),#14344,.T.);
#14344=PLANE('',#14345);
#14345=AXIS2_PLACEMENT_3D('',#496,#14346,#14347);
#14346=DIRECTION('',(0,0,-1));
#14347=DIRECTION('',(0.4115384115050525,-0.9113924159525896,0));
#14348=FACE_BOUND('',#14349,.T.);
#14349=EDGE_LOOP('',(#14350,#14351,#14352));
#14350=ORIENTED_EDGE('',*,*,#14353,.T.);
#14351=ORIENTED_EDGE('',*,*,#14354,.T.);
#14352=ORIENTED_EDGE('',*,*,#14355,.T.);
#14353=EDGE_CURVE('',#497,#717,#14356,.F.);
#14354=EDGE_CURVE('',#717,#713,#14357,.T.);
#14355=EDGE_CURVE('',#713,#497,#14358,.T.);
#14356=LINE('',#496,#14359);
#14357=LINE('',#716,#14360);
#14358=LINE('',#712,#14361);
#14359=VECTOR('',#14362,1.0);
#14360=VECTOR('',#14363,1.0);
#14361=VECTOR('',#14364,1.0);
#14362=DIRECTION('',(0.4115384115050525,-0.9113924159525896,0));
#14363=DIRECTION('',(-0.9762992003492111,-0.2164252097087836,0));
#14364=DIRECTION('',(-0.1454300228641133,0.9893685402567354,0));
#14365=FACE_SURFACE('',(#14370),#14366,.T.);
#14366=PLANE('',#14367);
#14367=AXIS2_PLACEMENT_3D('',#496,#14368,#14369);
#14368=DIRECTION('',(0,0,-1));
#14369=DIRECTION('',(0.8914521022083041,-0.4531149406810542,0));
#14370=FACE_BOUND('',#14371,.T.);
#14371=EDGE_LOOP('',(#14372,#14373,#14374));
#14372=ORIENTED_EDGE('',*,*,#14375,.T.);
#14373=ORIENTED_EDGE('',*,*,#14376,.T.);
#14374=ORIENTED_EDGE('',*,*,#14377,.T.);
#14375=EDGE_CURVE('',#497,#715,#14378,.F.);
#14376=EDGE_CURVE('',#715,#719,#14379,.T.);
#14377=EDGE_CURVE('',#719,#497,#14380,.T.);
#14378=LINE('',#496,#14381);
#14379=LINE('',#714,#14382);
#14380=LINE('',#718,#14383);
#14381=VECTOR('',#14384,1.0);
#14382=VECTOR('',#14385,1.0);
#14383=VECTOR('',#14386,1.0);
#14384=DIRECTION('',(0.8914521022083041,-0.4531149406810542,0));
#14385=DIRECTION('',(-0.8870096094321916,-0.4617509640216798,0));
#14386=DIRECTION('',(-0.7889173505874663,0.6144993197246461,0));
#14387=FACE_SURFACE('',(#14392),#14388,.T.);
#14388=PLANE('',#14389);
#14389=AXIS2_PLACEMENT_3D('',#496,#14390,#14391);
#14390=DIRECTION('',(0,0,-1));
#14391=DIRECTION('',(0.6311018132557284,-0.7757000072871804,0));
#14392=FACE_BOUND('',#14393,.T.);
#14393=EDGE_LOOP('',(#14394,#14395,#14396));
#14394=ORIENTED_EDGE('',*,*,#14397,.T.);
#14395=ORIENTED_EDGE('',*,*,#14398,.T.);
#14396=ORIENTED_EDGE('',*,*,#14399,.T.);
#14397=EDGE_CURVE('',#497,#721,#14400,.F.);
#14398=EDGE_CURVE('',#721,#717,#14401,.T.);
#14399=EDGE_CURVE('',#717,#497,#14402,.T.);
#14400=LINE('',#496,#14403);
#14401=LINE('',#720,#14404);
#14402=LINE('',#716,#14405);
#14403=VECTOR('',#14406,1.0);
#14404=VECTOR('',#14407,1.0);
#14405=VECTOR('',#14408,1.0);
#14406=DIRECTION('',(0.6311018132557284,-0.7757000072871804,0));
#14407=DIRECTION('',(-0.953720022332334,-0.30069605751059064,0));
#14408=DIRECTION('',(-0.4115384115050525,0.9113924159525896,0));
#14409=FACE_SURFACE('',(#14414),#14410,.T.);
#14410=PLANE('',#14411);
#14411=AXIS2_PLACEMENT_3D('',#496,#14412,#14413);
#14412=DIRECTION('',(0,0,-1));
#14413=DIRECTION('',(0.7889173505874663,-0.6144993197246461,0));
#14414=FACE_BOUND('',#14415,.T.);
#14415=EDGE_LOOP('',(#14416,#14417,#14418));
#14416=ORIENTED_EDGE('',*,*,#14419,.T.);
#14417=ORIENTED_EDGE('',*,*,#14420,.T.);
#14418=ORIENTED_EDGE('',*,*,#14421,.T.);
#14419=EDGE_CURVE('',#497,#719,#14422,.F.);
#14420=EDGE_CURVE('',#719,#721,#14423,.T.);
#14421=EDGE_CURVE('',#721,#497,#14424,.T.);
#14422=LINE('',#496,#14425);
#14423=LINE('',#718,#14426);
#14424=LINE('',#720,#14427);
#14425=VECTOR('',#14428,1.0);
#14426=VECTOR('',#14429,1.0);
#14427=VECTOR('',#14430,1.0);
#14428=DIRECTION('',(0.7889173505874663,-0.6144993197246461,0));
#14429=DIRECTION('',(-0.9238747644618239,-0.3826949432519451,0));
#14430=DIRECTION('',(-0.6311018132557284,0.7757000072871804,0));
#14431=FACE_SURFACE('',(#14436),#14432,.T.);
#14432=PLANE('',#14433);
#14433=AXIS2_PLACEMENT_3D('',#626,#14434,#14435);
#14434=DIRECTION('',(0.3090035498727966,-0.9510608845736482,0));
#14435=DIRECTION('',(0,0,-1));
#14436=FACE_BOUND('',#14437,.T.);
#14437=EDGE_LOOP('',(#14438,#14439,#14440));
#14438=ORIENTED_EDGE('',*,*,#14441,.T.);
#14439=ORIENTED_EDGE('',*,*,#14442,.T.);
#14440=ORIENTED_EDGE('',*,*,#14443,.T.);
#14441=EDGE_CURVE('',#627,#723,#14444,.F.);
#14442=EDGE_CURVE('',#723,#521,#14445,.T.);
#14443=EDGE_CURVE('',#521,#627,#14446,.T.);
#14444=LINE('',#626,#14447);
#14445=LINE('',#722,#14448);
#14446=LINE('',#520,#14449);
#14447=VECTOR('',#14450,1.0);
#14448=VECTOR('',#14451,1.0);
#14449=VECTOR('',#14452,1.0);
#14450=DIRECTION('',(0,0,-1));
#14451=DIRECTION('',(0.9510608845736482,0.3090035498727966,0));
#14452=DIRECTION('',(-0.10538540598534421,-0.034240147063618935,0.9938418025693857));
#14453=FACE_SURFACE('',(#14458),#14454,.T.);
#14454=PLANE('',#14455);
#14455=AXIS2_PLACEMENT_3D('',#520,#14456,#14457);
#14456=DIRECTION('',(0,0,-1));
#14457=DIRECTION('',(-0.9510608845736482,-0.3090035498727966,0));
#14458=FACE_BOUND('',#14459,.T.);
#14459=EDGE_LOOP('',(#14460,#14461,#14462));
#14460=ORIENTED_EDGE('',*,*,#14463,.T.);
#14461=ORIENTED_EDGE('',*,*,#14464,.T.);
#14462=ORIENTED_EDGE('',*,*,#14465,.T.);
#14463=EDGE_CURVE('',#521,#723,#14466,.F.);
#14464=EDGE_CURVE('',#723,#523,#14467,.T.);
#14465=EDGE_CURVE('',#523,#521,#14468,.T.);
#14466=LINE('',#520,#14469);
#14467=LINE('',#722,#14470);
#14468=LINE('',#522,#14471);
#14469=VECTOR('',#14472,1.0);
#14470=VECTOR('',#14473,1.0);
#14471=VECTOR('',#14474,1.0);
#14472=DIRECTION('',(-0.9510608845736482,-0.3090035498727966,0));
#14473=DIRECTION('',(-0.9999996807299245,0.0007990870096440351,0));
#14474=DIRECTION('',(0.9999926124982038,0.003843819586954481,0));
#14475=FACE_SURFACE('',(#14480),#14476,.T.);
#14476=PLANE('',#14477);
#14477=AXIS2_PLACEMENT_3D('',#522,#14478,#14479);
#14478=DIRECTION('',(0,0,-1));
#14479=DIRECTION('',(0.9999637586744788,-0.008513597219076225,0));
#14480=FACE_BOUND('',#14481,.T.);
#14481=EDGE_LOOP('',(#14482,#14483,#14484));
#14482=ORIENTED_EDGE('',*,*,#14485,.T.);
#14483=ORIENTED_EDGE('',*,*,#14486,.T.);
#14484=ORIENTED_EDGE('',*,*,#14487,.T.);
#14485=EDGE_CURVE('',#523,#725,#14488,.F.);
#14486=EDGE_CURVE('',#725,#629,#14489,.T.);
#14487=EDGE_CURVE('',#629,#523,#14490,.T.);
#14488=LINE('',#522,#14491);
#14489=LINE('',#724,#14492);
#14490=LINE('',#628,#14493);
#14491=VECTOR('',#14494,1.0);
#14492=VECTOR('',#14495,1.0);
#14493=VECTOR('',#14496,1.0);
#14494=DIRECTION('',(0.9999637586744788,-0.008513597219076225,0));
#14495=DIRECTION('',(-0.9999812620787231,-0.006121722914683508,0));
#14496=DIRECTION('',(-0.33022010180784955,0.9439039592892984,0));
#14497=FACE_SURFACE('',(#14502),#14498,.T.);
#14498=PLANE('',#14499);
#14499=AXIS2_PLACEMENT_3D('',#522,#14500,#14501);
#14500=DIRECTION('',(0,0,-1));
#14501=DIRECTION('',(0.9999996807299245,-0.0007990870096440351,0));
#14502=FACE_BOUND('',#14503,.T.);
#14503=EDGE_LOOP('',(#14504,#14505,#14506));
#14504=ORIENTED_EDGE('',*,*,#14507,.T.);
#14505=ORIENTED_EDGE('',*,*,#14508,.T.);
#14506=ORIENTED_EDGE('',*,*,#14509,.T.);
#14507=EDGE_CURVE('',#523,#723,#14510,.F.);
#14508=EDGE_CURVE('',#723,#725,#14511,.T.);
#14509=EDGE_CURVE('',#725,#523,#14512,.T.);
#14510=LINE('',#522,#14513);
#14511=LINE('',#722,#14514);
#14512=LINE('',#724,#14515);
#14513=VECTOR('',#14516,1.0);
#14514=VECTOR('',#14517,1.0);
#14515=VECTOR('',#14518,1.0);
#14516=DIRECTION('',(0.9999996807299245,-0.0007990870096440351,0));
#14517=DIRECTION('',(-0.8660257496735893,-0.4999994009019389,0));
#14518=DIRECTION('',(-0.9999637586744788,0.008513597219076225,0));
#14519=FACE_SURFACE('',(#14524),#14520,.T.);
#14520=PLANE('',#14521);
#14521=AXIS2_PLACEMENT_3D('',#538,#14522,#14523);
#14522=DIRECTION('',(0.11195717203041784,-0.993713032837424,0));
#14523=DIRECTION('',(-0.11056409333876731,-0.012456758449640578,0.9937909289348056));
#14524=FACE_BOUND('',#14525,.T.);
#14525=EDGE_LOOP('',(#14526,#14527,#14528));
#14526=ORIENTED_EDGE('',*,*,#14529,.T.);
#14527=ORIENTED_EDGE('',*,*,#14530,.T.);
#14528=ORIENTED_EDGE('',*,*,#14531,.T.);
#14529=EDGE_CURVE('',#539,#635,#14532,.F.);
#14530=EDGE_CURVE('',#635,#727,#14533,.T.);
#14531=EDGE_CURVE('',#727,#539,#14534,.T.);
#14532=LINE('',#538,#14535);
#14533=LINE('',#634,#14536);
#14534=LINE('',#726,#14537);
#14535=VECTOR('',#14538,1.0);
#14536=VECTOR('',#14539,1.0);
#14537=VECTOR('',#14540,1.0);
#14538=DIRECTION('',(-0.11056409333876731,-0.012456758449640578,0.9937909289348056));
#14539=DIRECTION('',(0,0,-1));
#14540=DIRECTION('',(0.9937130328374241,0.11195717203041786,0));
#14541=FACE_SURFACE('',(#14546),#14542,.T.);
#14542=PLANE('',#14543);
#14543=AXIS2_PLACEMENT_3D('',#538,#14544,#14545);
#14544=DIRECTION('',(-0,0,-1));
#14545=DIRECTION('',(-0.9937130328374241,-0.11195717203041786,0));
#14546=FACE_BOUND('',#14547,.T.);
#14547=EDGE_LOOP('',(#14548,#14549,#14550));
#14548=ORIENTED_EDGE('',*,*,#14551,.T.);
#14549=ORIENTED_EDGE('',*,*,#14552,.T.);
#14550=ORIENTED_EDGE('',*,*,#14553,.T.);
#14551=EDGE_CURVE('',#539,#727,#14554,.F.);
#14552=EDGE_CURVE('',#727,#729,#14555,.T.);
#14553=EDGE_CURVE('',#729,#539,#14556,.T.);
#14554=LINE('',#538,#14557);
#14555=LINE('',#726,#14558);
#14556=LINE('',#728,#14559);
#14557=VECTOR('',#14560,1.0);
#14558=VECTOR('',#14561,1.0);
#14559=VECTOR('',#14562,1.0);
#14560=DIRECTION('',(-0.9937130328374241,-0.11195717203041786,0));
#14561=DIRECTION('',(-0.9788184500143224,0.2047301685427907,0));
#14562=DIRECTION('',(0.9825137884365407,-0.18618983734907935,0));
#14563=FACE_SURFACE('',(#14568),#14564,.T.);
#14564=PLANE('',#14565);
#14565=AXIS2_PLACEMENT_3D('',#538,#14566,#14567);
#14566=DIRECTION('',(0,0,-1));
#14567=DIRECTION('',(-0.9825137884365407,0.18618983734907935,0));
#14568=FACE_BOUND('',#14569,.T.);
#14569=EDGE_LOOP('',(#14570,#14571,#14572));
#14570=ORIENTED_EDGE('',*,*,#14573,.T.);
#14571=ORIENTED_EDGE('',*,*,#14574,.T.);
#14572=ORIENTED_EDGE('',*,*,#14575,.T.);
#14573=EDGE_CURVE('',#539,#729,#14576,.F.);
#14574=EDGE_CURVE('',#729,#731,#14577,.T.);
#14575=EDGE_CURVE('',#731,#539,#14578,.T.);
#14576=LINE('',#538,#14579);
#14577=LINE('',#728,#14580);
#14578=LINE('',#730,#14581);
#14579=VECTOR('',#14582,1.0);
#14580=VECTOR('',#14583,1.0);
#14581=VECTOR('',#14584,1.0);
#14582=DIRECTION('',(-0.9825137884365407,0.18618983734907935,0));
#14583=DIRECTION('',(0.7456246839656118,0.6663661385913765,0));
#14584=DIRECTION('',(0.963153390921968,-0.2689526827445951,0));
#14585=FACE_SURFACE('',(#14590),#14586,.T.);
#14586=PLANE('',#14587);
#14587=AXIS2_PLACEMENT_3D('',#538,#14588,#14589);
#14588=DIRECTION('',(0,0,-1));
#14589=DIRECTION('',(0.9945969608489689,0.10381177905225769,0));
#14590=FACE_BOUND('',#14591,.T.);
#14591=EDGE_LOOP('',(#14592,#14593,#14594));
#14592=ORIENTED_EDGE('',*,*,#14595,.T.);
#14593=ORIENTED_EDGE('',*,*,#14596,.T.);
#14594=ORIENTED_EDGE('',*,*,#14597,.T.);
#14595=EDGE_CURVE('',#539,#733,#14598,.F.);
#14596=EDGE_CURVE('',#733,#543,#14599,.T.);
#14597=EDGE_CURVE('',#543,#539,#14600,.T.);
#14598=LINE('',#538,#14601);
#14599=LINE('',#732,#14602);
#14600=LINE('',#542,#14603);
#14601=VECTOR('',#14604,1.0);
#14602=VECTOR('',#14605,1.0);
#14603=VECTOR('',#14606,1.0);
#14604=DIRECTION('',(0.9945969608489689,0.10381177905225769,0));
#14605=DIRECTION('',(0.9914445766316434,-0.13052835503330845,0));
#14606=DIRECTION('',(-0.9954210358026849,-0.09558745462407635,0));
#14607=FACE_SURFACE('',(#14612),#14608,.T.);
#14608=PLANE('',#14609);
#14609=AXIS2_PLACEMENT_3D('',#538,#14610,#14611);
#14610=DIRECTION('',(0,0,-1));
#14611=DIRECTION('',(-0.963153390921968,0.2689526827445951,0));
#14612=FACE_BOUND('',#14613,.T.);
#14613=EDGE_LOOP('',(#14614,#14615,#14616));
#14614=ORIENTED_EDGE('',*,*,#14617,.T.);
#14615=ORIENTED_EDGE('',*,*,#14618,.T.);
#14616=ORIENTED_EDGE('',*,*,#14619,.T.);
#14617=EDGE_CURVE('',#539,#731,#14620,.F.);
#14618=EDGE_CURVE('',#731,#735,#14621,.T.);
#14619=EDGE_CURVE('',#735,#539,#14622,.T.);
#14620=LINE('',#538,#14623);
#14621=LINE('',#730,#14624);
#14622=LINE('',#734,#14625);
#14623=VECTOR('',#14626,1.0);
#14624=VECTOR('',#14627,1.0);
#14625=VECTOR('',#14628,1.0);
#14626=DIRECTION('',(-0.963153390921968,0.2689526827445951,0));
#14627=DIRECTION('',(0.8155535474129195,0.5786816147953924,0));
#14628=DIRECTION('',(0.9354745798675842,-0.3533939875288866,0));
#14629=FACE_SURFACE('',(#14634),#14630,.T.);
#14630=PLANE('',#14631);
#14631=AXIS2_PLACEMENT_3D('',#538,#14632,#14633);
#14632=DIRECTION('',(0,0,-1));
#14633=DIRECTION('',(0.9939983248551578,0.10939529324948187,0));
#14634=FACE_BOUND('',#14635,.T.);
#14635=EDGE_LOOP('',(#14636,#14637,#14638));
#14636=ORIENTED_EDGE('',*,*,#14639,.T.);
#14637=ORIENTED_EDGE('',*,*,#14640,.T.);
#14638=ORIENTED_EDGE('',*,*,#14641,.T.);
#14639=EDGE_CURVE('',#539,#737,#14642,.F.);
#14640=EDGE_CURVE('',#737,#733,#14643,.T.);
#14641=EDGE_CURVE('',#733,#539,#14644,.T.);
#14642=LINE('',#538,#14645);
#14643=LINE('',#736,#14646);
#14644=LINE('',#732,#14647);
#14645=VECTOR('',#14648,1.0);
#14646=VECTOR('',#14649,1.0);
#14647=VECTOR('',#14650,1.0);
#14648=DIRECTION('',(0.9939983248551578,0.10939529324948187,0));
#14649=DIRECTION('',(0.999048155314943,-0.04362090510076099,0));
#14650=DIRECTION('',(-0.9945969608489689,-0.10381177905225769,0));
#14651=FACE_SURFACE('',(#14656),#14652,.T.);
#14652=PLANE('',#14653);
#14653=AXIS2_PLACEMENT_3D('',#538,#14654,#14655);
#14654=DIRECTION('',(0,0,-1));
#14655=DIRECTION('',(-0.9354745798675842,0.3533939875288866,0));
#14656=FACE_BOUND('',#14657,.T.);
#14657=EDGE_LOOP('',(#14658,#14659,#14660));
#14658=ORIENTED_EDGE('',*,*,#14661,.T.);
#14659=ORIENTED_EDGE('',*,*,#14662,.T.);
#14660=ORIENTED_EDGE('',*,*,#14663,.T.);
#14661=EDGE_CURVE('',#539,#735,#14664,.F.);
#14662=EDGE_CURVE('',#735,#739,#14665,.T.);
#14663=EDGE_CURVE('',#739,#539,#14666,.T.);
#14664=LINE('',#538,#14667);
#14665=LINE('',#734,#14668);
#14666=LINE('',#738,#14669);
#14667=VECTOR('',#14670,1.0);
#14668=VECTOR('',#14671,1.0);
#14669=VECTOR('',#14672,1.0);
#14670=DIRECTION('',(-0.9354745798675842,0.3533939875288866,0));
#14671=DIRECTION('',(0.8752323192134909,0.4837027882948103,0));
#14672=DIRECTION('',(0.8982783636009037,-0.43942687842971406,0));
#14673=FACE_SURFACE('',(#14678),#14674,.T.);
#14674=PLANE('',#14675);
#14675=AXIS2_PLACEMENT_3D('',#538,#14676,#14677);
#14676=DIRECTION('',(0,0,-1));
#14677=DIRECTION('',(-0.6108747742780912,0.7917272321643932,0));
#14678=FACE_BOUND('',#14679,.T.);
#14679=EDGE_LOOP('',(#14680,#14681,#14682));
#14680=ORIENTED_EDGE('',*,*,#14683,.T.);
#14681=ORIENTED_EDGE('',*,*,#14684,.T.);
#14682=ORIENTED_EDGE('',*,*,#14685,.T.);
#14683=EDGE_CURVE('',#539,#741,#14686,.F.);
#14684=EDGE_CURVE('',#741,#737,#14687,.T.);
#14685=EDGE_CURVE('',#737,#539,#14688,.T.);
#14686=LINE('',#538,#14689);
#14687=LINE('',#740,#14690);
#14688=LINE('',#736,#14691);
#14689=VECTOR('',#14692,1.0);
#14690=VECTOR('',#14693,1.0);
#14691=VECTOR('',#14694,1.0);
#14692=DIRECTION('',(-0.6108747742780912,0.7917272321643932,0));
#14693=DIRECTION('',(1,0,0));
#14694=DIRECTION('',(-0.9939983248551578,-0.10939529324948187,0));
#14695=FACE_SURFACE('',(#14700),#14696,.T.);
#14696=PLANE('',#14697);
#14697=AXIS2_PLACEMENT_3D('',#538,#14698,#14699);
#14698=DIRECTION('',(0,0,-1));
#14699=DIRECTION('',(-0.8982783636009037,0.43942687842971406,0));
#14700=FACE_BOUND('',#14701,.T.);
#14701=EDGE_LOOP('',(#14702,#14703,#14704));
#14702=ORIENTED_EDGE('',*,*,#14705,.T.);
#14703=ORIENTED_EDGE('',*,*,#14706,.T.);
#14704=ORIENTED_EDGE('',*,*,#14707,.T.);
#14705=EDGE_CURVE('',#539,#739,#14708,.F.);
#14706=EDGE_CURVE('',#739,#743,#14709,.T.);
#14707=EDGE_CURVE('',#743,#539,#14710,.T.);
#14708=LINE('',#538,#14711);
#14709=LINE('',#738,#14712);
#14710=LINE('',#742,#14713);
#14711=VECTOR('',#14714,1.0);
#14712=VECTOR('',#14715,1.0);
#14713=VECTOR('',#14716,1.0);
#14714=DIRECTION('',(-0.8982783636009037,0.43942687842971406,0));
#14715=DIRECTION('',(0.9238736692082726,0.38269758732404235,0));
#14716=DIRECTION('',(0.8499435698884166,-0.5268737306085152,0));
#14717=FACE_SURFACE('',(#14722),#14718,.T.);
#14718=PLANE('',#14719);
#14719=AXIS2_PLACEMENT_3D('',#538,#14720,#14721);
#14720=DIRECTION('',(0,0,-1));
#14721=DIRECTION('',(-0.7099791042673953,0.7042227428191076,0));
#14722=FACE_BOUND('',#14723,.T.);
#14723=EDGE_LOOP('',(#14724,#14725,#14726));
#14724=ORIENTED_EDGE('',*,*,#14727,.T.);
#14725=ORIENTED_EDGE('',*,*,#14728,.T.);
#14726=ORIENTED_EDGE('',*,*,#14729,.T.);
#14727=EDGE_CURVE('',#539,#745,#14730,.F.);
#14728=EDGE_CURVE('',#745,#741,#14731,.T.);
#14729=EDGE_CURVE('',#741,#539,#14732,.T.);
#14730=LINE('',#538,#14733);
#14731=LINE('',#744,#14734);
#14732=LINE('',#740,#14735);
#14733=VECTOR('',#14736,1.0);
#14734=VECTOR('',#14737,1.0);
#14735=VECTOR('',#14738,1.0);
#14736=DIRECTION('',(-0.7099791042673953,0.7042227428191076,0));
#14737=DIRECTION('',(0.998427354117314,0.05606084685678333,0));
#14738=DIRECTION('',(0.6108747742780912,-0.7917272321643932,0));
#14739=FACE_SURFACE('',(#14744),#14740,.T.);
#14740=PLANE('',#14741);
#14741=AXIS2_PLACEMENT_3D('',#538,#14742,#14743);
#14742=DIRECTION('',(0,0,-1));
#14743=DIRECTION('',(-0.8499435698884166,0.5268737306085152,0));
#14744=FACE_BOUND('',#14745,.T.);
#14745=EDGE_LOOP('',(#14746,#14747,#14748));
#14746=ORIENTED_EDGE('',*,*,#14749,.T.);
#14747=ORIENTED_EDGE('',*,*,#14750,.T.);
#14748=ORIENTED_EDGE('',*,*,#14751,.T.);
#14749=EDGE_CURVE('',#539,#743,#14752,.F.);
#14750=EDGE_CURVE('',#743,#747,#14753,.T.);
#14751=EDGE_CURVE('',#747,#539,#14754,.T.);
#14752=LINE('',#538,#14755);
#14753=LINE('',#742,#14756);
#14754=LINE('',#746,#14757);
#14755=VECTOR('',#14758,1.0);
#14756=VECTOR('',#14759,1.0);
#14757=VECTOR('',#14760,1.0);
#14758=DIRECTION('',(-0.8499435698884166,0.5268737306085152,0));
#14759=DIRECTION('',(0.9609140714457763,0.276846793908655,0));
#14760=DIRECTION('',(0.788218958378753,-0.6153948924489978,0));
#14761=FACE_SURFACE('',(#14766),#14762,.T.);
#14762=PLANE('',#14763);
#14763=AXIS2_PLACEMENT_3D('',#538,#14764,#14765);
#14764=DIRECTION('',(0,0,-1));
#14765=DIRECTION('',(-0.788218958378753,0.6153948924489978,0));
#14766=FACE_BOUND('',#14767,.T.);
#14767=EDGE_LOOP('',(#14768,#14769,#14770));
#14768=ORIENTED_EDGE('',*,*,#14771,.T.);
#14769=ORIENTED_EDGE('',*,*,#14772,.T.);
#14770=ORIENTED_EDGE('',*,*,#14773,.T.);
#14771=EDGE_CURVE('',#539,#747,#14774,.F.);
#14772=EDGE_CURVE('',#747,#745,#14775,.T.);
#14773=EDGE_CURVE('',#745,#539,#14776,.T.);
#14774=LINE('',#538,#14777);
#14775=LINE('',#746,#14778);
#14776=LINE('',#744,#14779);
#14777=VECTOR('',#14780,1.0);
#14778=VECTOR('',#14781,1.0);
#14779=VECTOR('',#14782,1.0);
#14780=DIRECTION('',(-0.788218958378753,0.6153948924489978,0));
#14781=DIRECTION('',(0.9858712380506585,0.16750493122431248,0));
#14782=DIRECTION('',(0.7099791042673953,-0.7042227428191076,0));
#14783=FACE_SURFACE('',(#14788),#14784,.T.);
#14784=PLANE('',#14785);
#14785=AXIS2_PLACEMENT_3D('',#732,#14786,#14787);
#14786=DIRECTION('',(0.13052835503330845,0.9914445766316434,-0));
#14787=DIRECTION('',(0,0,1));
#14788=FACE_BOUND('',#14789,.T.);
#14789=EDGE_LOOP('',(#14790,#14791,#14792));
#14790=ORIENTED_EDGE('',*,*,#14793,.T.);
#14791=ORIENTED_EDGE('',*,*,#14794,.T.);
#14792=ORIENTED_EDGE('',*,*,#14795,.T.);
#14793=EDGE_CURVE('',#733,#641,#14796,.F.);
#14794=EDGE_CURVE('',#641,#543,#14797,.T.);
#14795=EDGE_CURVE('',#543,#733,#14798,.T.);
#14796=LINE('',#732,#14799);
#14797=LINE('',#640,#14800);
#14798=LINE('',#542,#14801);
#14799=VECTOR('',#14802,1.0);
#14800=VECTOR('',#14803,1.0);
#14801=VECTOR('',#14804,1.0);
#14802=DIRECTION('',(0,0,1));
#14803=DIRECTION('',(0.2768311167893876,-0.03644612230298944,-0.9602271673652105));
#14804=DIRECTION('',(-0.9914445766316434,0.13052835503330845,0));
#14805=FACE_SURFACE('',(#14810),#14806,.T.);
#14806=PLANE('',#14807);
#14807=AXIS2_PLACEMENT_3D('',#660,#14808,#14809);
#14808=DIRECTION('',(0,0,-1));
#14809=DIRECTION('',(-0.9852306006873822,0.17123277568613976,0));
#14810=FACE_BOUND('',#14811,.T.);
#14811=EDGE_LOOP('',(#14812,#14813,#14814));
#14812=ORIENTED_EDGE('',*,*,#14815,.T.);
#14813=ORIENTED_EDGE('',*,*,#14816,.T.);
#14814=ORIENTED_EDGE('',*,*,#14817,.T.);
#14815=EDGE_CURVE('',#661,#749,#14818,.F.);
#14816=EDGE_CURVE('',#749,#545,#14819,.T.);
#14817=EDGE_CURVE('',#545,#661,#14820,.T.);
#14818=LINE('',#660,#14821);
#14819=LINE('',#748,#14822);
#14820=LINE('',#544,#14823);
#14821=VECTOR('',#14824,1.0);
#14822=VECTOR('',#14825,1.0);
#14823=VECTOR('',#14826,1.0);
#14824=DIRECTION('',(-0.9852306006873822,0.17123277568613976,0));
#14825=DIRECTION('',(0.9997539008790233,0.022184176278966378,0));
#14826=DIRECTION('',(0.30070007029160783,-0.9537187571431224,0));
#14827=FACE_SURFACE('',(#14832),#14828,.T.);
#14828=PLANE('',#14829);
#14829=AXIS2_PLACEMENT_3D('',#544,#14830,#14831);
#14830=DIRECTION('',(-0,0,-1));
#14831=DIRECTION('',(-0.9997539008790233,-0.022184176278966378,0));
#14832=FACE_BOUND('',#14833,.T.);
#14833=EDGE_LOOP('',(#14834,#14835,#14836));
#14834=ORIENTED_EDGE('',*,*,#14837,.T.);
#14835=ORIENTED_EDGE('',*,*,#14838,.T.);
#14836=ORIENTED_EDGE('',*,*,#14839,.T.);
#14837=EDGE_CURVE('',#545,#749,#14840,.F.);
#14838=EDGE_CURVE('',#749,#657,#14841,.T.);
#14839=EDGE_CURVE('',#657,#545,#14842,.T.);
#14840=LINE('',#544,#14843);
#14841=LINE('',#748,#14844);
#14842=LINE('',#656,#14845);
#14843=VECTOR('',#14846,1.0);
#14844=VECTOR('',#14847,1.0);
#14845=VECTOR('',#14848,1.0);
#14846=DIRECTION('',(-0.9997539008790233,-0.022184176278966378,0));
#14847=DIRECTION('',(-0.8090421185220069,0.5877506703164386,0));
#14848=DIRECTION('',(0.9996847962127072,-0.02510593995766775,0));
#14849=FACE_SURFACE('',(#14854),#14850,.T.);
#14850=PLANE('',#14851);
#14851=AXIS2_PLACEMENT_3D('',#552,#14852,#14853);
#14852=DIRECTION('',(-0.40676484864215173,0.9135328991936346,0));
#14853=DIRECTION('',(0.1012202189842849,0.045069889755487626,0.9938426295476571));
#14854=FACE_BOUND('',#14855,.T.);
#14855=EDGE_LOOP('',(#14856,#14857,#14858));
#14856=ORIENTED_EDGE('',*,*,#14859,.T.);
#14857=ORIENTED_EDGE('',*,*,#14860,.T.);
#14858=ORIENTED_EDGE('',*,*,#14861,.T.);
#14859=EDGE_CURVE('',#553,#667,#14862,.F.);
#14860=EDGE_CURVE('',#667,#751,#14863,.T.);
#14861=EDGE_CURVE('',#751,#553,#14864,.T.);
#14862=LINE('',#552,#14865);
#14863=LINE('',#666,#14866);
#14864=LINE('',#750,#14867);
#14865=VECTOR('',#14868,1.0);
#14866=VECTOR('',#14869,1.0);
#14867=VECTOR('',#14870,1.0);
#14868=DIRECTION('',(0.1012202189842849,0.045069889755487626,0.9938426295476571));
#14869=DIRECTION('',(0,0,-1));
#14870=DIRECTION('',(-0.9135328991936346,-0.40676484864215173,0));
#14871=FACE_SURFACE('',(#14876),#14872,.T.);
#14872=PLANE('',#14873);
#14873=AXIS2_PLACEMENT_3D('',#554,#14874,#14875);
#14874=DIRECTION('',(0,0,-1));
#14875=DIRECTION('',(-0.9929349044746537,0.11866033657423275,0));
#14876=FACE_BOUND('',#14877,.T.);
#14877=EDGE_LOOP('',(#14878,#14879,#14880));
#14878=ORIENTED_EDGE('',*,*,#14881,.T.);
#14879=ORIENTED_EDGE('',*,*,#14882,.T.);
#14880=ORIENTED_EDGE('',*,*,#14883,.T.);
#14881=EDGE_CURVE('',#555,#553,#14884,.F.);
#14882=EDGE_CURVE('',#553,#751,#14885,.T.);
#14883=EDGE_CURVE('',#751,#555,#14886,.T.);
#14884=LINE('',#554,#14887);
#14885=LINE('',#552,#14888);
#14886=LINE('',#750,#14889);
#14887=VECTOR('',#14890,1.0);
#14888=VECTOR('',#14891,1.0);
#14889=VECTOR('',#14892,1.0);
#14890=DIRECTION('',(-0.9929349044746537,0.11866033657423275,0));
#14891=DIRECTION('',(0.9135328991936346,0.40676484864215173,0));
#14892=DIRECTION('',(0.988226603665609,-0.1529973196089904,0));
#14893=FACE_SURFACE('',(#14898),#14894,.T.);
#14894=PLANE('',#14895);
#14895=AXIS2_PLACEMENT_3D('',#752,#14896,#14897);
#14896=DIRECTION('',(0.9990502617694801,0.04357263428269529,-0));
#14897=DIRECTION('',(0,0,1));
#14898=FACE_BOUND('',#14899,.T.);
#14899=EDGE_LOOP('',(#14900,#14901,#14902));
#14900=ORIENTED_EDGE('',*,*,#14903,.T.);
#14901=ORIENTED_EDGE('',*,*,#14904,.T.);
#14902=ORIENTED_EDGE('',*,*,#14905,.T.);
#14903=EDGE_CURVE('',#753,#669,#14906,.F.);
#14904=EDGE_CURVE('',#669,#555,#14907,.T.);
#14905=EDGE_CURVE('',#555,#753,#14908,.T.);
#14906=LINE('',#752,#14909);
#14907=LINE('',#668,#14910);
#14908=LINE('',#554,#14911);
#14909=VECTOR('',#14912,1.0);
#14910=VECTOR('',#14913,1.0);
#14911=VECTOR('',#14914,1.0);
#14912=DIRECTION('',(0,0,1));
#14913=DIRECTION('',(0.012166894785346896,-0.27896728348714933,-0.9602235267973196));
#14914=DIRECTION('',(-0.04357263428269529,0.99905026176948,0));
#14915=FACE_SURFACE('',(#14920),#14916,.T.);
#14916=PLANE('',#14917);
#14917=AXIS2_PLACEMENT_3D('',#554,#14918,#14919);
#14918=DIRECTION('',(0,0,-1));
#14919=DIRECTION('',(-0.9793381908069705,0.2022293451181851,0));
#14920=FACE_BOUND('',#14921,.T.);
#14921=EDGE_LOOP('',(#14922,#14923,#14924));
#14922=ORIENTED_EDGE('',*,*,#14925,.T.);
#14923=ORIENTED_EDGE('',*,*,#14926,.T.);
#14924=ORIENTED_EDGE('',*,*,#14927,.T.);
#14925=EDGE_CURVE('',#555,#755,#14928,.F.);
#14926=EDGE_CURVE('',#755,#753,#14929,.T.);
#14927=EDGE_CURVE('',#753,#555,#14930,.T.);
#14928=LINE('',#554,#14931);
#14929=LINE('',#754,#14932);
#14930=LINE('',#752,#14933);
#14931=VECTOR('',#14934,1.0);
#14932=VECTOR('',#14935,1.0);
#14933=VECTOR('',#14936,1.0);
#14934=DIRECTION('',(-0.9793381908069705,0.2022293451181851,0));
#14935=DIRECTION('',(0.9998413803260625,-0.017810507788208262,0));
#14936=DIRECTION('',(0.04357263428269529,-0.99905026176948,0));
#14937=FACE_SURFACE('',(#14942),#14938,.T.);
#14938=PLANE('',#14939);
#14939=AXIS2_PLACEMENT_3D('',#554,#14940,#14941);
#14940=DIRECTION('',(0,0,-1));
#14941=DIRECTION('',(-0.988226603665609,0.1529973196089904,0));
#14942=FACE_BOUND('',#14943,.T.);
#14943=EDGE_LOOP('',(#14944,#14945,#14946));
#14944=ORIENTED_EDGE('',*,*,#14947,.T.);
#14945=ORIENTED_EDGE('',*,*,#14948,.T.);
#14946=ORIENTED_EDGE('',*,*,#14949,.T.);
#14947=EDGE_CURVE('',#555,#751,#14950,.F.);
#14948=EDGE_CURVE('',#751,#755,#14951,.T.);
#14949=EDGE_CURVE('',#755,#555,#14952,.T.);
#14950=LINE('',#554,#14953);
#14951=LINE('',#750,#14954);
#14952=LINE('',#754,#14955);
#14953=VECTOR('',#14956,1.0);
#14954=VECTOR('',#14957,1.0);
#14955=VECTOR('',#14958,1.0);
#14956=DIRECTION('',(-0.988226603665609,0.1529973196089904,0));
#14957=DIRECTION('',(0.8090247657359487,0.5877745557829918,0));
#14958=DIRECTION('',(0.9793381908069705,-0.2022293451181851,0));
#14959=FACE_SURFACE('',(#14964),#14960,.T.);
#14960=PLANE('',#14961);
#14961=AXIS2_PLACEMENT_3D('',#554,#14962,#14963);
#14962=DIRECTION('',(1,0,0));
#14963=DIRECTION('',(0,-0.9687440171113592,0.24806255120623624));
#14964=FACE_BOUND('',#14965,.T.);
#14965=EDGE_LOOP('',(#14966,#14967,#14968));
#14966=ORIENTED_EDGE('',*,*,#14969,.T.);
#14967=ORIENTED_EDGE('',*,*,#14970,.T.);
#14968=ORIENTED_EDGE('',*,*,#14971,.T.);
#14969=EDGE_CURVE('',#555,#673,#14972,.F.);
#14970=EDGE_CURVE('',#673,#683,#14973,.T.);
#14971=EDGE_CURVE('',#683,#555,#14974,.T.);
#14972=LINE('',#554,#14975);
#14973=LINE('',#672,#14976);
#14974=LINE('',#682,#14977);
#14975=VECTOR('',#14978,1.0);
#14976=VECTOR('',#14979,1.0);
#14977=VECTOR('',#14980,1.0);
#14978=DIRECTION('',(0,-0.9687440171113592,0.24806255120623624));
#14979=DIRECTION('',(0,0,-1));
#14980=DIRECTION('',(0,1,0));
#14981=FACE_SURFACE('',(#14986),#14982,.T.);
#14982=PLANE('',#14983);
#14983=AXIS2_PLACEMENT_3D('',#558,#14984,#14985);
#14984=DIRECTION('',(-0.7070704382276503,-0.7071431222776325,-0));
#14985=DIRECTION('',(0,0,-1));
#14986=FACE_BOUND('',#14987,.T.);
#14987=EDGE_LOOP('',(#14988,#14989,#14990));
#14988=ORIENTED_EDGE('',*,*,#14991,.T.);
#14989=ORIENTED_EDGE('',*,*,#14992,.T.);
#14990=ORIENTED_EDGE('',*,*,#14993,.T.);
#14991=EDGE_CURVE('',#559,#557,#14994,.F.);
#14992=EDGE_CURVE('',#557,#689,#14995,.T.);
#14993=EDGE_CURVE('',#689,#559,#14996,.T.);
#14994=LINE('',#558,#14997);
#14995=LINE('',#556,#14998);
#14996=LINE('',#688,#14999);
#14997=VECTOR('',#15000,1.0);
#14998=VECTOR('',#15001,1.0);
#14999=VECTOR('',#15002,1.0);
#15000=DIRECTION('',(0,0,-1));
#15001=DIRECTION('',(0.7071431222776324,-0.7070704382276501,0));
#15002=DIRECTION('',(-0.07868315428595847,0.07867506679965094,0.993790317469275));
#15003=FACE_SURFACE('',(#15008),#15004,.T.);
#15004=PLANE('',#15005);
#15005=AXIS2_PLACEMENT_3D('',#558,#15006,#15007);
#15006=DIRECTION('',(-0.7070704382276503,-0.7071431222776325,0));
#15007=DIRECTION('',(0.07868315428595847,-0.07867506679965094,-0.993790317469275));
#15008=FACE_BOUND('',#15009,.T.);
#15009=EDGE_LOOP('',(#15010,#15011,#15012));
#15010=ORIENTED_EDGE('',*,*,#15013,.T.);
#15011=ORIENTED_EDGE('',*,*,#15014,.T.);
#15012=ORIENTED_EDGE('',*,*,#15015,.T.);
#15013=EDGE_CURVE('',#559,#689,#15016,.F.);
#15014=EDGE_CURVE('',#689,#565,#15017,.T.);
#15015=EDGE_CURVE('',#565,#559,#15018,.T.);
#15016=LINE('',#558,#15019);
#15017=LINE('',#688,#15020);
#15018=LINE('',#564,#15021);
#15019=VECTOR('',#15022,1.0);
#15020=VECTOR('',#15023,1.0);
#15021=VECTOR('',#15024,1.0);
#15022=DIRECTION('',(0.07868315428595847,-0.07867506679965094,-0.993790317469275));
#15023=DIRECTION('',(0,0,1));
#15024=DIRECTION('',(-0.7071431222776324,0.7070704382276501,0));
#15025=FACE_SURFACE('',(#15030),#15026,.T.);
#15026=PLANE('',#15027);
#15027=AXIS2_PLACEMENT_3D('',#684,#15028,#15029);
#15028=DIRECTION('',(0.7070704382276503,-0.7071431222776325,0));
#15029=DIRECTION('',(0,0,1));
#15030=FACE_BOUND('',#15031,.T.);
#15031=EDGE_LOOP('',(#15032,#15033,#15034));
#15032=ORIENTED_EDGE('',*,*,#15035,.T.);
#15033=ORIENTED_EDGE('',*,*,#15036,.T.);
#15034=ORIENTED_EDGE('',*,*,#15037,.T.);
#15035=EDGE_CURVE('',#685,#561,#15038,.F.);
#15036=EDGE_CURVE('',#561,#571,#15039,.T.);
#15037=EDGE_CURVE('',#571,#685,#15040,.T.);
#15038=LINE('',#684,#15041);
#15039=LINE('',#560,#15042);
#15040=LINE('',#570,#15043);
#15041=VECTOR('',#15044,1.0);
#15042=VECTOR('',#15045,1.0);
#15043=VECTOR('',#15046,1.0);
#15044=DIRECTION('',(0,0,1));
#15045=DIRECTION('',(-0.7071431222776324,-0.7070704382276501,0));
#15046=DIRECTION('',(0.07868315428595847,0.07867506679965094,-0.993790317469275));
#15047=FACE_SURFACE('',(#15052),#15048,.T.);
#15048=PLANE('',#15049);
#15049=AXIS2_PLACEMENT_3D('',#756,#15050,#15051);
#15050=DIRECTION('',(0.9781428959003713,0.20793382408746142,0));
#15051=DIRECTION('',(-0.023042421848029435,0.10839401109417006,-0.9938409254776612));
#15052=FACE_BOUND('',#15053,.T.);
#15053=EDGE_LOOP('',(#15054,#15055,#15056));
#15054=ORIENTED_EDGE('',*,*,#15057,.T.);
#15055=ORIENTED_EDGE('',*,*,#15058,.T.);
#15056=ORIENTED_EDGE('',*,*,#15059,.T.);
#15057=EDGE_CURVE('',#757,#687,#15060,.F.);
#15058=EDGE_CURVE('',#687,#563,#15061,.T.);
#15059=EDGE_CURVE('',#563,#757,#15062,.T.);
#15060=LINE('',#756,#15063);
#15061=LINE('',#686,#15064);
#15062=LINE('',#562,#15065);
#15063=VECTOR('',#15066,1.0);
#15064=VECTOR('',#15067,1.0);
#15065=VECTOR('',#15068,1.0);
#15066=DIRECTION('',(-0.023042421848029435,0.10839401109417006,-0.9938409254776612));
#15067=DIRECTION('',(0,0,1));
#15068=DIRECTION('',(0.20793382408746142,-0.9781428959003713,0));
#15069=FACE_SURFACE('',(#15074),#15070,.T.);
#15070=PLANE('',#15071);
#15071=AXIS2_PLACEMENT_3D('',#562,#15072,#15073);
#15072=DIRECTION('',(0,0,1));
#15073=DIRECTION('',(-0.9999998788844077,-0.0004921698590114991,0));
#15074=FACE_BOUND('',#15075,.T.);
#15075=EDGE_LOOP('',(#15076,#15077,#15078));
#15076=ORIENTED_EDGE('',*,*,#15079,.T.);
#15077=ORIENTED_EDGE('',*,*,#15080,.T.);
#15078=ORIENTED_EDGE('',*,*,#15081,.T.);
#15079=EDGE_CURVE('',#563,#759,#15082,.F.);
#15080=EDGE_CURVE('',#759,#757,#15083,.T.);
#15081=EDGE_CURVE('',#757,#563,#15084,.T.);
#15082=LINE('',#562,#15085);
#15083=LINE('',#758,#15086);
#15084=LINE('',#756,#15087);
#15085=VECTOR('',#15088,1.0);
#15086=VECTOR('',#15089,1.0);
#15087=VECTOR('',#15090,1.0);
#15088=DIRECTION('',(-0.9999998788844077,-0.0004921698590114991,0));
#15089=DIRECTION('',(0.9998875681871208,-0.014995032005496421,0));
#15090=DIRECTION('',(-0.20793382408746142,0.9781428959003713,0));
#15091=FACE_SURFACE('',(#15096),#15092,.T.);
#15092=PLANE('',#15093);
#15093=AXIS2_PLACEMENT_3D('',#562,#15094,#15095);
#15094=DIRECTION('',(0,0,1));
#15095=DIRECTION('',(-0.9999167426286291,0.012903790565257645,0));
#15096=FACE_BOUND('',#15097,.T.);
#15097=EDGE_LOOP('',(#15098,#15099,#15100));
#15098=ORIENTED_EDGE('',*,*,#15101,.T.);
#15099=ORIENTED_EDGE('',*,*,#15102,.T.);
#15100=ORIENTED_EDGE('',*,*,#15103,.T.);
#15101=EDGE_CURVE('',#563,#565,#15104,.F.);
#15102=EDGE_CURVE('',#565,#759,#15105,.T.);
#15103=EDGE_CURVE('',#759,#563,#15106,.T.);
#15104=LINE('',#562,#15107);
#15105=LINE('',#564,#15108);
#15106=LINE('',#758,#15109);
#15107=VECTOR('',#15110,1.0);
#15108=VECTOR('',#15111,1.0);
#15109=VECTOR('',#15112,1.0);
#15110=DIRECTION('',(-0.9999167426286291,0.012903790565257645,0));
#15111=DIRECTION('',(0.5320390592813571,-0.846719811625433,0));
#15112=DIRECTION('',(0.9999998788844077,0.0004921698590114991,0));
#15113=FACE_SURFACE('',(#15118),#15114,.T.);
#15114=PLANE('',#15115);
#15115=AXIS2_PLACEMENT_3D('',#564,#15116,#15117);
#15116=DIRECTION('',(-0.8467198116254329,-0.532039059281357,-0));
#15117=DIRECTION('',(0,0,-1));
#15118=FACE_BOUND('',#15119,.T.);
#15119=EDGE_LOOP('',(#15120,#15121,#15122));
#15120=ORIENTED_EDGE('',*,*,#15123,.T.);
#15121=ORIENTED_EDGE('',*,*,#15124,.T.);
#15122=ORIENTED_EDGE('',*,*,#15125,.T.);
#15123=EDGE_CURVE('',#565,#689,#15126,.F.);
#15124=EDGE_CURVE('',#689,#761,#15127,.T.);
#15125=EDGE_CURVE('',#761,#565,#15128,.T.);
#15126=LINE('',#564,#15129);
#15127=LINE('',#688,#15130);
#15128=LINE('',#760,#15131);
#15129=VECTOR('',#15132,1.0);
#15130=VECTOR('',#15133,1.0);
#15131=VECTOR('',#15134,1.0);
#15132=DIRECTION('',(0,0,-1));
#15133=DIRECTION('',(0.5320390592813571,-0.846719811625433,0));
#15134=DIRECTION('',(-0.059200388493012075,0.09421515379089401,0.9937901281449896));
#15135=FACE_SURFACE('',(#15140),#15136,.T.);
#15136=PLANE('',#15137);
#15137=AXIS2_PLACEMENT_3D('',#564,#15138,#15139);
#15138=DIRECTION('',(-0.8467198116254329,-0.532039059281357,0));
#15139=DIRECTION('',(0.059200388493012075,-0.09421515379089401,-0.9937901281449896));
#15140=FACE_BOUND('',#15141,.T.);
#15141=EDGE_LOOP('',(#15142,#15143,#15144));
#15142=ORIENTED_EDGE('',*,*,#15145,.T.);
#15143=ORIENTED_EDGE('',*,*,#15146,.T.);
#15144=ORIENTED_EDGE('',*,*,#15147,.T.);
#15145=EDGE_CURVE('',#565,#761,#15148,.F.);
#15146=EDGE_CURVE('',#761,#759,#15149,.T.);
#15147=EDGE_CURVE('',#759,#565,#15150,.T.);
#15148=LINE('',#564,#15151);
#15149=LINE('',#760,#15152);
#15150=LINE('',#758,#15153);
#15151=VECTOR('',#15154,1.0);
#15152=VECTOR('',#15155,1.0);
#15153=VECTOR('',#15156,1.0);
#15154=DIRECTION('',(0.059200388493012075,-0.09421515379089401,-0.9937901281449896));
#15155=DIRECTION('',(0,0,1));
#15156=DIRECTION('',(-0.5320390592813571,0.846719811625433,0));
#15157=FACE_SURFACE('',(#15162),#15158,.T.);
#15158=PLANE('',#15159);
#15159=AXIS2_PLACEMENT_3D('',#690,#15160,#15161);
#15160=DIRECTION('',(-0.8155681278633202,-0.5786610655759717,0));
#15161=DIRECTION('',(0.1063133020953324,-0.1498385599358669,0.982978070840816));
#15162=FACE_BOUND('',#15163,.T.);
#15163=EDGE_LOOP('',(#15164,#15165,#15166));
#15164=ORIENTED_EDGE('',*,*,#15167,.T.);
#15165=ORIENTED_EDGE('',*,*,#15168,.T.);
#15166=ORIENTED_EDGE('',*,*,#15169,.T.);
#15167=EDGE_CURVE('',#691,#763,#15170,.F.);
#15168=EDGE_CURVE('',#763,#567,#15171,.T.);
#15169=EDGE_CURVE('',#567,#691,#15172,.T.);
#15170=LINE('',#690,#15173);
#15171=LINE('',#762,#15174);
#15172=LINE('',#566,#15175);
#15173=VECTOR('',#15176,1.0);
#15174=VECTOR('',#15177,1.0);
#15175=VECTOR('',#15178,1.0);
#15176=DIRECTION('',(0.1063133020953324,-0.1498385599358669,0.982978070840816));
#15177=DIRECTION('',(-0.5786610655759716,0.8155681278633202,0));
#15178=DIRECTION('',(0,0,-1));
#15179=FACE_SURFACE('',(#15184),#15180,.T.);
#15180=PLANE('',#15181);
#15181=AXIS2_PLACEMENT_3D('',#764,#15182,#15183);
#15182=DIRECTION('',(0,0,1));
#15183=DIRECTION('',(-0.9981432130435064,0.06091080573416841,0));
#15184=FACE_BOUND('',#15185,.T.);
#15185=EDGE_LOOP('',(#15186,#15187,#15188));
#15186=ORIENTED_EDGE('',*,*,#15189,.T.);
#15187=ORIENTED_EDGE('',*,*,#15190,.T.);
#15188=ORIENTED_EDGE('',*,*,#15191,.T.);
#15189=EDGE_CURVE('',#765,#567,#15192,.F.);
#15190=EDGE_CURVE('',#567,#763,#15193,.T.);
#15191=EDGE_CURVE('',#763,#765,#15194,.T.);
#15192=LINE('',#764,#15195);
#15193=LINE('',#566,#15196);
#15194=LINE('',#762,#15197);
#15195=VECTOR('',#15198,1.0);
#15196=VECTOR('',#15199,1.0);
#15197=VECTOR('',#15200,1.0);
#15198=DIRECTION('',(-0.9981432130435064,0.06091080573416841,0));
#15199=DIRECTION('',(0.5786610655759716,-0.8155681278633202,0));
#15200=DIRECTION('',(0.9999738098092152,0.007237381822410983,0));
#15201=FACE_SURFACE('',(#15206),#15202,.T.);
#15202=PLANE('',#15203);
#15203=AXIS2_PLACEMENT_3D('',#568,#15204,#15205);
#15204=DIRECTION('',(0,0,1));
#15205=DIRECTION('',(-0.9993928600807486,-0.0348412287329406,0));
#15206=FACE_BOUND('',#15207,.T.);
#15207=EDGE_LOOP('',(#15208,#15209,#15210));
#15208=ORIENTED_EDGE('',*,*,#15211,.T.);
#15209=ORIENTED_EDGE('',*,*,#15212,.T.);
#15210=ORIENTED_EDGE('',*,*,#15213,.T.);
#15211=EDGE_CURVE('',#569,#567,#15214,.F.);
#15212=EDGE_CURVE('',#567,#767,#15215,.T.);
#15213=EDGE_CURVE('',#767,#569,#15216,.T.);
#15214=LINE('',#568,#15217);
#15215=LINE('',#566,#15218);
#15216=LINE('',#766,#15219);
#15217=VECTOR('',#15220,1.0);
#15218=VECTOR('',#15221,1.0);
#15219=VECTOR('',#15222,1.0);
#15220=DIRECTION('',(-0.9993928600807486,-0.0348412287329406,0));
#15221=DIRECTION('',(0.9999351409382002,-0.011389201767527581,0));
#15222=DIRECTION('',(0.3302678668577629,0.9438872475678559,0));
#15223=FACE_SURFACE('',(#15228),#15224,.T.);
#15224=PLANE('',#15225);
#15225=AXIS2_PLACEMENT_3D('',#766,#15226,#15227);
#15226=DIRECTION('',(0,0,1));
#15227=DIRECTION('',(-0.9999351409382002,0.011389201767527581,0));
#15228=FACE_BOUND('',#15229,.T.);
#15229=EDGE_LOOP('',(#15230,#15231,#15232));
#15230=ORIENTED_EDGE('',*,*,#15233,.T.);
#15231=ORIENTED_EDGE('',*,*,#15234,.T.);
#15232=ORIENTED_EDGE('',*,*,#15235,.T.);
#15233=EDGE_CURVE('',#767,#567,#15236,.F.);
#15234=EDGE_CURVE('',#567,#765,#15237,.T.);
#15235=EDGE_CURVE('',#765,#767,#15238,.T.);
#15236=LINE('',#766,#15239);
#15237=LINE('',#566,#15240);
#15238=LINE('',#764,#15241);
#15239=VECTOR('',#15242,1.0);
#15240=VECTOR('',#15243,1.0);
#15241=VECTOR('',#15244,1.0);
#15242=DIRECTION('',(-0.9999351409382002,0.011389201767527581,0));
#15243=DIRECTION('',(0.9981432130435064,-0.06091080573416841,0));
#15244=DIRECTION('',(0.11200291401038326,0.993707878228397,0));
#15245=FACE_SURFACE('',(#15250),#15246,.T.);
#15246=PLANE('',#15247);
#15247=AXIS2_PLACEMENT_3D('',#694,#15248,#15249);
#15248=DIRECTION('',(0.8467198116254329,-0.532039059281357,0));
#15249=DIRECTION('',(-0.059200388493012075,-0.09421515379089401,0.9937901281449896));
#15250=FACE_BOUND('',#15251,.T.);
#15251=EDGE_LOOP('',(#15252,#15253,#15254));
#15252=ORIENTED_EDGE('',*,*,#15255,.T.);
#15253=ORIENTED_EDGE('',*,*,#15256,.T.);
#15254=ORIENTED_EDGE('',*,*,#15257,.T.);
#15255=EDGE_CURVE('',#695,#569,#15258,.F.);
#15256=EDGE_CURVE('',#569,#693,#15259,.T.);
#15257=EDGE_CURVE('',#693,#695,#15260,.T.);
#15258=LINE('',#694,#15261);
#15259=LINE('',#568,#15262);
#15260=LINE('',#692,#15263);
#15261=VECTOR('',#15264,1.0);
#15262=VECTOR('',#15265,1.0);
#15263=VECTOR('',#15266,1.0);
#15264=DIRECTION('',(-0.059200388493012075,-0.09421515379089401,0.9937901281449896));
#15265=DIRECTION('',(0,0,-1));
#15266=DIRECTION('',(0.5320390592813571,0.846719811625433,0));
#15267=FACE_SURFACE('',(#15272),#15268,.T.);
#15268=PLANE('',#15269);
#15269=AXIS2_PLACEMENT_3D('',#692,#15270,#15271);
#15270=DIRECTION('',(0.9438872475678559,-0.3302678668577628,0));
#15271=DIRECTION('',(0,0,1));
#15272=FACE_BOUND('',#15273,.T.);
#15273=EDGE_LOOP('',(#15274,#15275,#15276));
#15274=ORIENTED_EDGE('',*,*,#15277,.T.);
#15275=ORIENTED_EDGE('',*,*,#15278,.T.);
#15276=ORIENTED_EDGE('',*,*,#15279,.T.);
#15277=EDGE_CURVE('',#693,#569,#15280,.F.);
#15278=EDGE_CURVE('',#569,#767,#15281,.T.);
#15279=EDGE_CURVE('',#767,#693,#15282,.T.);
#15280=LINE('',#692,#15283);
#15281=LINE('',#568,#15284);
#15282=LINE('',#766,#15285);
#15283=VECTOR('',#15286,1.0);
#15284=VECTOR('',#15287,1.0);
#15285=VECTOR('',#15288,1.0);
#15286=DIRECTION('',(0,0,1));
#15287=DIRECTION('',(-0.3302678668577629,-0.9438872475678559,0));
#15288=DIRECTION('',(0.03674952613162288,0.10502810763827476,-0.9937900024326187));
#15289=FACE_SURFACE('',(#15294),#15290,.T.);
#15290=PLANE('',#15291);
#15291=AXIS2_PLACEMENT_3D('',#694,#15292,#15293);
#15292=DIRECTION('',(0.8467198116254329,-0.532039059281357,0));
#15293=DIRECTION('',(0,0,1));
#15294=FACE_BOUND('',#15295,.T.);
#15295=EDGE_LOOP('',(#15296,#15297,#15298));
#15296=ORIENTED_EDGE('',*,*,#15299,.T.);
#15297=ORIENTED_EDGE('',*,*,#15300,.T.);
#15298=ORIENTED_EDGE('',*,*,#15301,.T.);
#15299=EDGE_CURVE('',#695,#571,#15302,.F.);
#15300=EDGE_CURVE('',#571,#569,#15303,.T.);
#15301=EDGE_CURVE('',#569,#695,#15304,.T.);
#15302=LINE('',#694,#15305);
#15303=LINE('',#570,#15306);
#15304=LINE('',#568,#15307);
#15305=VECTOR('',#15308,1.0);
#15306=VECTOR('',#15309,1.0);
#15307=VECTOR('',#15310,1.0);
#15308=DIRECTION('',(0,0,1));
#15309=DIRECTION('',(-0.5320390592813571,-0.846719811625433,0));
#15310=DIRECTION('',(0.059200388493012075,0.09421515379089401,-0.9937901281449896));
#15311=FACE_SURFACE('',(#15316),#15312,.T.);
#15312=PLANE('',#15313);
#15313=AXIS2_PLACEMENT_3D('',#684,#15314,#15315);
#15314=DIRECTION('',(0.7070704382276503,-0.7071431222776325,0));
#15315=DIRECTION('',(-0.07868315428595847,-0.07867506679965094,0.993790317469275));
#15316=FACE_BOUND('',#15317,.T.);
#15317=EDGE_LOOP('',(#15318,#15319,#15320));
#15318=ORIENTED_EDGE('',*,*,#15321,.T.);
#15319=ORIENTED_EDGE('',*,*,#15322,.T.);
#15320=ORIENTED_EDGE('',*,*,#15323,.T.);
#15321=EDGE_CURVE('',#685,#571,#15324,.F.);
#15322=EDGE_CURVE('',#571,#695,#15325,.T.);
#15323=EDGE_CURVE('',#695,#685,#15326,.T.);
#15324=LINE('',#684,#15327);
#15325=LINE('',#570,#15328);
#15326=LINE('',#694,#15329);
#15327=VECTOR('',#15330,1.0);
#15328=VECTOR('',#15331,1.0);
#15329=VECTOR('',#15332,1.0);
#15330=DIRECTION('',(-0.07868315428595847,-0.07867506679965094,0.993790317469275));
#15331=DIRECTION('',(0,0,-1));
#15332=DIRECTION('',(0.7071431222776324,0.7070704382276501,0));
#15333=FACE_SURFACE('',(#15338),#15334,.T.);
#15334=PLANE('',#15335);
#15335=AXIS2_PLACEMENT_3D('',#574,#15336,#15337);
#15336=DIRECTION('',(0.5320554310803605,0.8467095241332129,0));
#15337=DIRECTION('',(0,0,-1));
#15338=FACE_BOUND('',#15339,.T.);
#15339=EDGE_LOOP('',(#15340,#15341,#15342));
#15340=ORIENTED_EDGE('',*,*,#15343,.T.);
#15341=ORIENTED_EDGE('',*,*,#15344,.T.);
#15342=ORIENTED_EDGE('',*,*,#15345,.T.);
#15343=EDGE_CURVE('',#575,#573,#15346,.F.);
#15344=EDGE_CURVE('',#573,#699,#15347,.T.);
#15345=EDGE_CURVE('',#699,#575,#15348,.T.);
#15346=LINE('',#574,#15349);
#15347=LINE('',#572,#15350);
#15348=LINE('',#698,#15351);
#15349=VECTOR('',#15352,1.0);
#15350=VECTOR('',#15353,1.0);
#15351=VECTOR('',#15354,1.0);
#15352=DIRECTION('',(0,0,-1));
#15353=DIRECTION('',(-0.8467095241332129,0.5320554310803604,0));
#15354=DIRECTION('',(0.09421114594048013,-0.05920041104681213,0.993790506753043));
#15355=FACE_SURFACE('',(#15360),#15356,.T.);
#15356=PLANE('',#15357);
#15357=AXIS2_PLACEMENT_3D('',#574,#15358,#15359);
#15358=DIRECTION('',(0.5320554310803605,0.8467095241332129,0));
#15359=DIRECTION('',(-0.09421114594048013,0.05920041104681213,-0.993790506753043));
#15360=FACE_BOUND('',#15361,.T.);
#15361=EDGE_LOOP('',(#15362,#15363,#15364));
#15362=ORIENTED_EDGE('',*,*,#15365,.T.);
#15363=ORIENTED_EDGE('',*,*,#15366,.T.);
#15364=ORIENTED_EDGE('',*,*,#15367,.T.);
#15365=EDGE_CURVE('',#575,#699,#15368,.F.);
#15366=EDGE_CURVE('',#699,#583,#15369,.T.);
#15367=EDGE_CURVE('',#583,#575,#15370,.T.);
#15368=LINE('',#574,#15371);
#15369=LINE('',#698,#15372);
#15370=LINE('',#582,#15373);
#15371=VECTOR('',#15374,1.0);
#15372=VECTOR('',#15375,1.0);
#15373=VECTOR('',#15376,1.0);
#15374=DIRECTION('',(-0.09421114594048013,0.05920041104681213,-0.993790506753043));
#15375=DIRECTION('',(0,0,1));
#15376=DIRECTION('',(0.8467095241332129,-0.5320554310803604,0));
#15377=FACE_SURFACE('',(#15382),#15378,.T.);
#15378=PLANE('',#15379);
#15379=AXIS2_PLACEMENT_3D('',#576,#15380,#15381);
#15380=DIRECTION('',(-0.8752446885655087,0.4836804059891879,0));
#15381=DIRECTION('',(0,0,1));
#15382=FACE_BOUND('',#15383,.T.);
#15383=EDGE_LOOP('',(#15384,#15385,#15386));
#15384=ORIENTED_EDGE('',*,*,#15387,.T.);
#15385=ORIENTED_EDGE('',*,*,#15388,.T.);
#15386=ORIENTED_EDGE('',*,*,#15389,.T.);
#15387=EDGE_CURVE('',#577,#579,#15390,.F.);
#15388=EDGE_CURVE('',#579,#769,#15391,.T.);
#15389=EDGE_CURVE('',#769,#577,#15392,.T.);
#15390=LINE('',#576,#15393);
#15391=LINE('',#578,#15394);
#15392=LINE('',#768,#15395);
#15393=VECTOR('',#15396,1.0);
#15394=VECTOR('',#15397,1.0);
#15395=VECTOR('',#15398,1.0);
#15396=DIRECTION('',(0,0,1));
#15397=DIRECTION('',(0.08885856297698082,0.1607941614258915,-0.9829798540341559));
#15398=DIRECTION('',(-0.48368040598918793,-0.8752446885655089,0));
#15399=FACE_SURFACE('',(#15404),#15400,.T.);
#15400=PLANE('',#15401);
#15401=AXIS2_PLACEMENT_3D('',#770,#15402,#15403);
#15402=DIRECTION('',(-0,0,-1));
#15403=DIRECTION('',(-0.999385892572979,-0.03504051549434938,0));
#15404=FACE_BOUND('',#15405,.T.);
#15405=EDGE_LOOP('',(#15406,#15407,#15408));
#15406=ORIENTED_EDGE('',*,*,#15409,.T.);
#15407=ORIENTED_EDGE('',*,*,#15410,.T.);
#15408=ORIENTED_EDGE('',*,*,#15411,.T.);
#15409=EDGE_CURVE('',#771,#577,#15412,.F.);
#15410=EDGE_CURVE('',#577,#769,#15413,.T.);
#15411=EDGE_CURVE('',#769,#771,#15414,.T.);
#15412=LINE('',#770,#15415);
#15413=LINE('',#576,#15416);
#15414=LINE('',#768,#15417);
#15415=VECTOR('',#15418,1.0);
#15416=VECTOR('',#15419,1.0);
#15417=VECTOR('',#15420,1.0);
#15418=DIRECTION('',(-0.999385892572979,-0.03504051549434938,0));
#15419=DIRECTION('',(0.48368040598918793,0.8752446885655089,0));
#15420=DIRECTION('',(0.9993928909420773,-0.034840343489079335,0));
#15421=FACE_SURFACE('',(#15426),#15422,.T.);
#15422=PLANE('',#15423);
#15423=AXIS2_PLACEMENT_3D('',#696,#15424,#15425);
#15424=DIRECTION('',(0,0,-1));
#15425=DIRECTION('',(-0.9999895039536569,0.00458170083257381,0));
#15426=FACE_BOUND('',#15427,.T.);
#15427=EDGE_LOOP('',(#15428,#15429,#15430));
#15428=ORIENTED_EDGE('',*,*,#15431,.T.);
#15429=ORIENTED_EDGE('',*,*,#15432,.T.);
#15430=ORIENTED_EDGE('',*,*,#15433,.T.);
#15431=EDGE_CURVE('',#697,#577,#15434,.F.);
#15432=EDGE_CURVE('',#577,#771,#15435,.T.);
#15433=EDGE_CURVE('',#771,#697,#15436,.T.);
#15434=LINE('',#696,#15437);
#15435=LINE('',#576,#15438);
#15436=LINE('',#770,#15439);
#15437=VECTOR('',#15440,1.0);
#15438=VECTOR('',#15441,1.0);
#15439=VECTOR('',#15442,1.0);
#15440=DIRECTION('',(-0.9999895039536569,0.00458170083257381,0));
#15441=DIRECTION('',(0.999385892572979,0.03504051549434938,0));
#15442=DIRECTION('',(0.5320472450797777,-0.8467146679980329,0));
#15443=FACE_SURFACE('',(#15448),#15444,.T.);
#15444=PLANE('',#15445);
#15445=AXIS2_PLACEMENT_3D('',#768,#15446,#15447);
#15446=DIRECTION('',(-0.8752446885655087,0.4836804059891879,0));
#15447=DIRECTION('',(-0.08885856297698082,-0.1607941614258915,0.9829798540341559));
#15448=FACE_BOUND('',#15449,.T.);
#15449=EDGE_LOOP('',(#15450,#15451,#15452));
#15450=ORIENTED_EDGE('',*,*,#15453,.T.);
#15451=ORIENTED_EDGE('',*,*,#15454,.T.);
#15452=ORIENTED_EDGE('',*,*,#15455,.T.);
#15453=EDGE_CURVE('',#769,#579,#15456,.F.);
#15454=EDGE_CURVE('',#579,#773,#15457,.T.);
#15455=EDGE_CURVE('',#773,#769,#15458,.T.);
#15456=LINE('',#768,#15459);
#15457=LINE('',#578,#15460);
#15458=LINE('',#772,#15461);
#15459=VECTOR('',#15462,1.0);
#15460=VECTOR('',#15463,1.0);
#15461=VECTOR('',#15464,1.0);
#15462=DIRECTION('',(-0.08885856297698082,-0.1607941614258915,0.9829798540341559));
#15463=DIRECTION('',(0.48368040598918793,0.8752446885655089,0));
#15464=DIRECTION('',(0,0,-1));
#15465=FACE_SURFACE('',(#15470),#15466,.T.);
#15466=PLANE('',#15467);
#15467=AXIS2_PLACEMENT_3D('',#774,#15468,#15469);
#15468=DIRECTION('',(0,0,1));
#15469=DIRECTION('',(-0.9993928909420773,0.034840343489079335,0));
#15470=FACE_BOUND('',#15471,.T.);
#15471=EDGE_LOOP('',(#15472,#15473,#15474));
#15472=ORIENTED_EDGE('',*,*,#15475,.T.);
#15473=ORIENTED_EDGE('',*,*,#15476,.T.);
#15474=ORIENTED_EDGE('',*,*,#15477,.T.);
#15475=EDGE_CURVE('',#775,#773,#15478,.F.);
#15476=EDGE_CURVE('',#773,#579,#15479,.T.);
#15477=EDGE_CURVE('',#579,#775,#15480,.T.);
#15478=LINE('',#774,#15481);
#15479=LINE('',#772,#15482);
#15480=LINE('',#578,#15483);
#15481=VECTOR('',#15484,1.0);
#15482=VECTOR('',#15485,1.0);
#15483=VECTOR('',#15486,1.0);
#15484=DIRECTION('',(-0.9993928909420773,0.034840343489079335,0));
#15485=DIRECTION('',(-0.48368040598918793,-0.8752446885655089,0));
#15486=DIRECTION('',(0.999385892572979,0.03504051549434938,0));
#15487=FACE_SURFACE('',(#15492),#15488,.T.);
#15488=PLANE('',#15489);
#15489=AXIS2_PLACEMENT_3D('',#774,#15490,#15491);
#15490=DIRECTION('',(0,0,1));
#15491=DIRECTION('',(-0.999385892572979,-0.03504051549434938,0));
#15492=FACE_BOUND('',#15493,.T.);
#15493=EDGE_LOOP('',(#15494,#15495,#15496));
#15494=ORIENTED_EDGE('',*,*,#15497,.T.);
#15495=ORIENTED_EDGE('',*,*,#15498,.T.);
#15496=ORIENTED_EDGE('',*,*,#15499,.T.);
#15497=EDGE_CURVE('',#775,#579,#15500,.F.);
#15498=EDGE_CURVE('',#579,#581,#15501,.T.);
#15499=EDGE_CURVE('',#581,#775,#15502,.T.);
#15500=LINE('',#774,#15503);
#15501=LINE('',#578,#15504);
#15502=LINE('',#580,#15505);
#15503=VECTOR('',#15506,1.0);
#15504=VECTOR('',#15507,1.0);
#15505=VECTOR('',#15508,1.0);
#15506=DIRECTION('',(-0.999385892572979,-0.03504051549434938,0));
#15507=DIRECTION('',(0.9999895039536569,-0.00458170083257381,0));
#15508=DIRECTION('',(-0.5320472450797777,0.8467146679980329,0));
#15509=FACE_SURFACE('',(#15514),#15510,.T.);
#15510=PLANE('',#15511);
#15511=AXIS2_PLACEMENT_3D('',#580,#15512,#15513);
#15512=DIRECTION('',(0.8467146679980329,0.5320472450797777,0));
#15513=DIRECTION('',(0,0,-1));
#15514=FACE_BOUND('',#15515,.T.);
#15515=EDGE_LOOP('',(#15516,#15517,#15518));
#15516=ORIENTED_EDGE('',*,*,#15519,.T.);
#15517=ORIENTED_EDGE('',*,*,#15520,.T.);
#15518=ORIENTED_EDGE('',*,*,#15521,.T.);
#15519=EDGE_CURVE('',#581,#697,#15522,.F.);
#15520=EDGE_CURVE('',#697,#771,#15523,.T.);
#15521=EDGE_CURVE('',#771,#581,#15524,.T.);
#15522=LINE('',#580,#15525);
#15523=LINE('',#696,#15526);
#15524=LINE('',#770,#15527);
#15525=VECTOR('',#15528,1.0);
#15526=VECTOR('',#15529,1.0);
#15527=VECTOR('',#15530,1.0);
#15528=DIRECTION('',(0,0,-1));
#15529=DIRECTION('',(-0.5320472450797777,0.8467146679980329,0));
#15530=DIRECTION('',(0.05920039977002988,-0.09421314986625964,0.9937903174509934));
#15531=FACE_SURFACE('',(#15536),#15532,.T.);
#15532=PLANE('',#15533);
#15533=AXIS2_PLACEMENT_3D('',#580,#15534,#15535);
#15534=DIRECTION('',(0.8467146679980329,0.5320472450797777,0));
#15535=DIRECTION('',(-0.05920039977002988,0.09421314986625964,-0.9937903174509934));
#15536=FACE_BOUND('',#15537,.T.);
#15537=EDGE_LOOP('',(#15538,#15539,#15540));
#15538=ORIENTED_EDGE('',*,*,#15541,.T.);
#15539=ORIENTED_EDGE('',*,*,#15542,.T.);
#15540=ORIENTED_EDGE('',*,*,#15543,.T.);
#15541=EDGE_CURVE('',#581,#771,#15544,.F.);
#15542=EDGE_CURVE('',#771,#775,#15545,.T.);
#15543=EDGE_CURVE('',#775,#581,#15546,.T.);
#15544=LINE('',#580,#15547);
#15545=LINE('',#770,#15548);
#15546=LINE('',#774,#15549);
#15547=VECTOR('',#15550,1.0);
#15548=VECTOR('',#15551,1.0);
#15549=VECTOR('',#15552,1.0);
#15550=DIRECTION('',(-0.05920039977002988,0.09421314986625964,-0.9937903174509934));
#15551=DIRECTION('',(0,0,1));
#15552=DIRECTION('',(0.5320472450797777,-0.8467146679980329,0));
#15553=FACE_SURFACE('',(#15558),#15554,.T.);
#15554=PLANE('',#15555);
#15555=AXIS2_PLACEMENT_3D('',#582,#15556,#15557);
#15556=DIRECTION('',(0.7070886104075106,0.7071249514986555,0));
#15557=DIRECTION('',(-0.07868312925292971,0.07867908551106247,-0.9937900012950974));
#15558=FACE_BOUND('',#15559,.T.);
#15559=EDGE_LOOP('',(#15560,#15561,#15562));
#15560=ORIENTED_EDGE('',*,*,#15563,.T.);
#15561=ORIENTED_EDGE('',*,*,#15564,.T.);
#15562=ORIENTED_EDGE('',*,*,#15565,.T.);
#15563=EDGE_CURVE('',#583,#697,#15566,.F.);
#15564=EDGE_CURVE('',#697,#581,#15567,.T.);
#15565=EDGE_CURVE('',#581,#583,#15568,.T.);
#15566=LINE('',#582,#15569);
#15567=LINE('',#696,#15570);
#15568=LINE('',#580,#15571);
#15569=VECTOR('',#15572,1.0);
#15570=VECTOR('',#15573,1.0);
#15571=VECTOR('',#15574,1.0);
#15572=DIRECTION('',(-0.07868312925292971,0.07867908551106247,-0.9937900012950974));
#15573=DIRECTION('',(0,0,1));
#15574=DIRECTION('',(0.7071249514986555,-0.7070886104075105,0));
#15575=FACE_SURFACE('',(#15580),#15576,.T.);
#15576=PLANE('',#15577);
#15577=AXIS2_PLACEMENT_3D('',#582,#15578,#15579);
#15578=DIRECTION('',(0.7070886104075106,0.7071249514986555,0));
#15579=DIRECTION('',(0,0,-1));
#15580=FACE_BOUND('',#15581,.T.);
#15581=EDGE_LOOP('',(#15582,#15583,#15584));
#15582=ORIENTED_EDGE('',*,*,#15585,.T.);
#15583=ORIENTED_EDGE('',*,*,#15586,.T.);
#15584=ORIENTED_EDGE('',*,*,#15587,.T.);
#15585=EDGE_CURVE('',#583,#699,#15588,.F.);
#15586=EDGE_CURVE('',#699,#697,#15589,.T.);
#15587=EDGE_CURVE('',#697,#583,#15590,.T.);
#15588=LINE('',#582,#15591);
#15589=LINE('',#698,#15592);
#15590=LINE('',#696,#15593);
#15591=VECTOR('',#15594,1.0);
#15592=VECTOR('',#15595,1.0);
#15593=VECTOR('',#15596,1.0);
#15594=DIRECTION('',(0,0,-1));
#15595=DIRECTION('',(-0.7071249514986555,0.7070886104075105,0));
#15596=DIRECTION('',(0.07868312925292971,-0.07867908551106247,0.9937900012950974));
#15597=FACE_SURFACE('',(#15602),#15598,.T.);
#15598=PLANE('',#15599);
#15599=AXIS2_PLACEMENT_3D('',#590,#15600,#15601);
#15600=DIRECTION('',(1,0,0));
#15601=DIRECTION('',(0,0,-1));
#15602=FACE_BOUND('',#15603,.T.);
#15603=EDGE_LOOP('',(#15604,#15605,#15606));
#15604=ORIENTED_EDGE('',*,*,#15607,.T.);
#15605=ORIENTED_EDGE('',*,*,#15608,.T.);
#15606=ORIENTED_EDGE('',*,*,#15609,.T.);
#15607=EDGE_CURVE('',#591,#585,#15610,.F.);
#15608=EDGE_CURVE('',#585,#777,#15611,.T.);
#15609=EDGE_CURVE('',#777,#591,#15612,.T.);
#15610=LINE('',#590,#15613);
#15611=LINE('',#584,#15614);
#15612=LINE('',#776,#15615);
#15613=VECTOR('',#15616,1.0);
#15614=VECTOR('',#15617,1.0);
#15615=VECTOR('',#15618,1.0);
#15616=DIRECTION('',(0,0,-1));
#15617=DIRECTION('',(0,1,0));
#15618=DIRECTION('',(0,-0.11081034262649009,0.993841570858756));
#15619=FACE_SURFACE('',(#15624),#15620,.T.);
#15620=PLANE('',#15621);
#15621=AXIS2_PLACEMENT_3D('',#584,#15622,#15623);
#15622=DIRECTION('',(0,0,-1));
#15623=DIRECTION('',(-0.9998659244200188,0.016374772783193492,0));
#15624=FACE_BOUND('',#15625,.T.);
#15625=EDGE_LOOP('',(#15626,#15627,#15628));
#15626=ORIENTED_EDGE('',*,*,#15629,.T.);
#15627=ORIENTED_EDGE('',*,*,#15630,.T.);
#15628=ORIENTED_EDGE('',*,*,#15631,.T.);
#15629=EDGE_CURVE('',#585,#779,#15632,.F.);
#15630=EDGE_CURVE('',#779,#777,#15633,.T.);
#15631=EDGE_CURVE('',#777,#585,#15634,.T.);
#15632=LINE('',#584,#15635);
#15633=LINE('',#778,#15636);
#15634=LINE('',#776,#15637);
#15635=VECTOR('',#15638,1.0);
#15636=VECTOR('',#15639,1.0);
#15637=VECTOR('',#15640,1.0);
#15638=DIRECTION('',(-0.9998659244200188,0.016374772783193492,0));
#15639=DIRECTION('',(0.9999998788844077,-0.0004921698590114991,0));
#15640=DIRECTION('',(0,-1,0));
#15641=FACE_SURFACE('',(#15646),#15642,.T.);
#15642=PLANE('',#15643);
#15643=AXIS2_PLACEMENT_3D('',#584,#15644,#15645);
#15644=DIRECTION('',(0,0,-1));
#15645=DIRECTION('',(-0.999995948620958,0.002846531515790487,0));
#15646=FACE_BOUND('',#15647,.T.);
#15647=EDGE_LOOP('',(#15648,#15649,#15650));
#15648=ORIENTED_EDGE('',*,*,#15651,.T.);
#15649=ORIENTED_EDGE('',*,*,#15652,.T.);
#15650=ORIENTED_EDGE('',*,*,#15653,.T.);
#15651=EDGE_CURVE('',#585,#587,#15654,.F.);
#15652=EDGE_CURVE('',#587,#779,#15655,.T.);
#15653=EDGE_CURVE('',#779,#585,#15656,.T.);
#15654=LINE('',#584,#15657);
#15655=LINE('',#586,#15658);
#15656=LINE('',#778,#15659);
#15657=VECTOR('',#15660,1.0);
#15658=VECTOR('',#15661,1.0);
#15659=VECTOR('',#15662,1.0);
#15660=DIRECTION('',(-0.999995948620958,0.002846531515790487,0));
#15661=DIRECTION('',(0.5320472450797777,0.8467146679980329,0));
#15662=DIRECTION('',(0.9998659244200188,-0.016374772783193492,0));
#15663=FACE_SURFACE('',(#15668),#15664,.T.);
#15664=PLANE('',#15665);
#15665=AXIS2_PLACEMENT_3D('',#586,#15666,#15667);
#15666=DIRECTION('',(-0.8467146679980329,0.5320472450797777,0));
#15667=DIRECTION('',(0,0,1));
#15668=FACE_BOUND('',#15669,.T.);
#15669=EDGE_LOOP('',(#15670,#15671,#15672));
#15670=ORIENTED_EDGE('',*,*,#15673,.T.);
#15671=ORIENTED_EDGE('',*,*,#15674,.T.);
#15672=ORIENTED_EDGE('',*,*,#15675,.T.);
#15673=EDGE_CURVE('',#587,#593,#15676,.F.);
#15674=EDGE_CURVE('',#593,#781,#15677,.T.);
#15675=EDGE_CURVE('',#781,#587,#15678,.T.);
#15676=LINE('',#586,#15679);
#15677=LINE('',#592,#15680);
#15678=LINE('',#780,#15681);
#15679=VECTOR('',#15682,1.0);
#15680=VECTOR('',#15683,1.0);
#15681=VECTOR('',#15684,1.0);
#15682=DIRECTION('',(0,0,1));
#15683=DIRECTION('',(0.5320472450797777,0.8467146679980329,0));
#15684=DIRECTION('',(-0.05920039977002988,-0.09421314986625964,-0.9937903174509934));
#15685=FACE_SURFACE('',(#15690),#15686,.T.);
#15686=PLANE('',#15687);
#15687=AXIS2_PLACEMENT_3D('',#586,#15688,#15689);
#15688=DIRECTION('',(-0.8467146679980329,0.5320472450797777,0));
#15689=DIRECTION('',(0.05920039977002988,0.09421314986625964,0.9937903174509934));
#15690=FACE_BOUND('',#15691,.T.);
#15691=EDGE_LOOP('',(#15692,#15693,#15694));
#15692=ORIENTED_EDGE('',*,*,#15695,.T.);
#15693=ORIENTED_EDGE('',*,*,#15696,.T.);
#15694=ORIENTED_EDGE('',*,*,#15697,.T.);
#15695=EDGE_CURVE('',#587,#781,#15698,.F.);
#15696=EDGE_CURVE('',#781,#779,#15699,.T.);
#15697=EDGE_CURVE('',#779,#587,#15700,.T.);
#15698=LINE('',#586,#15701);
#15699=LINE('',#780,#15702);
#15700=LINE('',#778,#15703);
#15701=VECTOR('',#15704,1.0);
#15702=VECTOR('',#15705,1.0);
#15703=VECTOR('',#15706,1.0);
#15704=DIRECTION('',(0.05920039977002988,0.09421314986625964,0.9937903174509934));
#15705=DIRECTION('',(0,0,-1));
#15706=DIRECTION('',(-0.5320472450797777,-0.8467146679980329,0));
#15707=FACE_SURFACE('',(#15712),#15708,.T.);
#15708=PLANE('',#15709);
#15709=AXIS2_PLACEMENT_3D('',#588,#15710,#15711);
#15710=DIRECTION('',(-0.7070886104075106,0.7071249514986555,0));
#15711=DIRECTION('',(0.07868312925292971,0.07867908551106247,0.9937900012950974));
#15712=FACE_BOUND('',#15713,.T.);
#15713=EDGE_LOOP('',(#15714,#15715,#15716));
#15714=ORIENTED_EDGE('',*,*,#15717,.T.);
#15715=ORIENTED_EDGE('',*,*,#15718,.T.);
#15716=ORIENTED_EDGE('',*,*,#15719,.T.);
#15717=EDGE_CURVE('',#589,#593,#15720,.F.);
#15718=EDGE_CURVE('',#593,#587,#15721,.T.);
#15719=EDGE_CURVE('',#587,#589,#15722,.T.);
#15720=LINE('',#588,#15723);
#15721=LINE('',#592,#15724);
#15722=LINE('',#586,#15725);
#15723=VECTOR('',#15726,1.0);
#15724=VECTOR('',#15727,1.0);
#15725=VECTOR('',#15728,1.0);
#15726=DIRECTION('',(0.07868312925292971,0.07867908551106247,0.9937900012950974));
#15727=DIRECTION('',(0,0,-1));
#15728=DIRECTION('',(-0.7071249514986555,-0.7070886104075105,0));
#15729=FACE_SURFACE('',(#15734),#15730,.T.);
#15730=PLANE('',#15731);
#15731=AXIS2_PLACEMENT_3D('',#588,#15732,#15733);
#15732=DIRECTION('',(-0.7070886104075106,0.7071249514986555,0));
#15733=DIRECTION('',(0,0,1));
#15734=FACE_BOUND('',#15735,.T.);
#15735=EDGE_LOOP('',(#15736,#15737,#15738));
#15736=ORIENTED_EDGE('',*,*,#15739,.T.);
#15737=ORIENTED_EDGE('',*,*,#15740,.T.);
#15738=ORIENTED_EDGE('',*,*,#15741,.T.);
#15739=EDGE_CURVE('',#589,#595,#15742,.F.);
#15740=EDGE_CURVE('',#595,#593,#15743,.T.);
#15741=EDGE_CURVE('',#593,#589,#15744,.T.);
#15742=LINE('',#588,#15745);
#15743=LINE('',#594,#15746);
#15744=LINE('',#592,#15747);
#15745=VECTOR('',#15748,1.0);
#15746=VECTOR('',#15749,1.0);
#15747=VECTOR('',#15750,1.0);
#15748=DIRECTION('',(0,0,1));
#15749=DIRECTION('',(0.7071249514986555,0.7070886104075105,0));
#15750=DIRECTION('',(-0.07868312925292971,-0.07867908551106247,-0.9937900012950974));
#15751=FACE_SURFACE('',(#15756),#15752,.T.);
#15752=PLANE('',#15753);
#15753=AXIS2_PLACEMENT_3D('',#590,#15754,#15755);
#15754=DIRECTION('',(1,-0,0));
#15755=DIRECTION('',(0,0.11081034262649009,-0.993841570858756));
#15756=FACE_BOUND('',#15757,.T.);
#15757=EDGE_LOOP('',(#15758,#15759,#15760));
#15758=ORIENTED_EDGE('',*,*,#15761,.T.);
#15759=ORIENTED_EDGE('',*,*,#15762,.T.);
#15760=ORIENTED_EDGE('',*,*,#15763,.T.);
#15761=EDGE_CURVE('',#591,#777,#15764,.F.);
#15762=EDGE_CURVE('',#777,#783,#15765,.T.);
#15763=EDGE_CURVE('',#783,#591,#15766,.T.);
#15764=LINE('',#590,#15767);
#15765=LINE('',#776,#15768);
#15766=LINE('',#782,#15769);
#15767=VECTOR('',#15770,1.0);
#15768=VECTOR('',#15771,1.0);
#15769=VECTOR('',#15772,1.0);
#15770=DIRECTION('',(0,0.11081034262649009,-0.993841570858756));
#15771=DIRECTION('',(0,0,1));
#15772=DIRECTION('',(0,-1,0));
#15773=FACE_SURFACE('',(#15778),#15774,.T.);
#15774=PLANE('',#15775);
#15775=AXIS2_PLACEMENT_3D('',#782,#15776,#15777);
#15776=DIRECTION('',(0,0,1));
#15777=DIRECTION('',(-0.9999998788844077,0.0004921698590114991,0));
#15778=FACE_BOUND('',#15779,.T.);
#15779=EDGE_LOOP('',(#15780,#15781,#15782));
#15780=ORIENTED_EDGE('',*,*,#15783,.T.);
#15781=ORIENTED_EDGE('',*,*,#15784,.T.);
#15782=ORIENTED_EDGE('',*,*,#15785,.T.);
#15783=EDGE_CURVE('',#783,#781,#15786,.F.);
#15784=EDGE_CURVE('',#781,#591,#15787,.T.);
#15785=EDGE_CURVE('',#591,#783,#15788,.T.);
#15786=LINE('',#782,#15789);
#15787=LINE('',#780,#15790);
#15788=LINE('',#590,#15791);
#15789=VECTOR('',#15792,1.0);
#15790=VECTOR('',#15793,1.0);
#15791=VECTOR('',#15794,1.0);
#15792=DIRECTION('',(-0.9999998788844077,0.0004921698590114991,0));
#15793=DIRECTION('',(0.9998659244200188,-0.016374772783193492,0));
#15794=DIRECTION('',(0,1,0));
#15795=FACE_SURFACE('',(#15800),#15796,.T.);
#15796=PLANE('',#15797);
#15797=AXIS2_PLACEMENT_3D('',#590,#15798,#15799);
#15798=DIRECTION('',(0,0,1));
#15799=DIRECTION('',(-0.9998659244200188,0.016374772783193492,0));
#15800=FACE_BOUND('',#15801,.T.);
#15801=EDGE_LOOP('',(#15802,#15803,#15804));
#15802=ORIENTED_EDGE('',*,*,#15805,.T.);
#15803=ORIENTED_EDGE('',*,*,#15806,.T.);
#15804=ORIENTED_EDGE('',*,*,#15807,.T.);
#15805=EDGE_CURVE('',#591,#781,#15808,.F.);
#15806=EDGE_CURVE('',#781,#593,#15809,.T.);
#15807=EDGE_CURVE('',#593,#591,#15810,.T.);
#15808=LINE('',#590,#15811);
#15809=LINE('',#780,#15812);
#15810=LINE('',#592,#15813);
#15811=VECTOR('',#15814,1.0);
#15812=VECTOR('',#15815,1.0);
#15813=VECTOR('',#15816,1.0);
#15814=DIRECTION('',(-0.9998659244200188,0.016374772783193492,0));
#15815=DIRECTION('',(-0.5320472450797777,-0.8467146679980329,0));
#15816=DIRECTION('',(0.999995948620958,-0.002846531515790487,0));
#15817=FACE_SURFACE('',(#15822),#15818,.T.);
#15818=PLANE('',#15819);
#15819=AXIS2_PLACEMENT_3D('',#700,#15820,#15821);
#15820=DIRECTION('',(-0.5877506703164386,0.8090421185220069,0));
#15821=DIRECTION('',(0,0,1));
#15822=FACE_BOUND('',#15823,.T.);
#15823=EDGE_LOOP('',(#15824,#15825,#15826));
#15824=ORIENTED_EDGE('',*,*,#15827,.T.);
#15825=ORIENTED_EDGE('',*,*,#15828,.T.);
#15826=ORIENTED_EDGE('',*,*,#15829,.T.);
#15827=EDGE_CURVE('',#701,#597,#15830,.F.);
#15828=EDGE_CURVE('',#597,#601,#15831,.T.);
#15829=EDGE_CURVE('',#601,#701,#15832,.T.);
#15830=LINE('',#700,#15833);
#15831=LINE('',#596,#15834);
#15832=LINE('',#600,#15835);
#15833=VECTOR('',#15836,1.0);
#15834=VECTOR('',#15837,1.0);
#15835=VECTOR('',#15838,1.0);
#15836=DIRECTION('',(0,0,1));
#15837=DIRECTION('',(0.8090421185220069,0.5877506703164386,0));
#15838=DIRECTION('',(-0.089654358017982,-0.06513184890562101,-0.9938410025484553));
#15839=FACE_SURFACE('',(#15844),#15840,.T.);
#15840=PLANE('',#15841);
#15841=AXIS2_PLACEMENT_3D('',#702,#15842,#15843);
#15842=DIRECTION('',(0.9537162266127384,-0.3007080961589822,0));
#15843=DIRECTION('',(0.08396506181427167,0.2663009175465479,0.9602258534888509));
#15844=FACE_BOUND('',#15845,.T.);
#15845=EDGE_LOOP('',(#15846,#15847,#15848));
#15846=ORIENTED_EDGE('',*,*,#15849,.T.);
#15847=ORIENTED_EDGE('',*,*,#15850,.T.);
#15848=ORIENTED_EDGE('',*,*,#15851,.T.);
#15849=EDGE_CURVE('',#703,#785,#15852,.F.);
#15850=EDGE_CURVE('',#785,#599,#15853,.T.);
#15851=EDGE_CURVE('',#599,#703,#15854,.T.);
#15852=LINE('',#702,#15855);
#15853=LINE('',#784,#15856);
#15854=LINE('',#598,#15857);
#15855=VECTOR('',#15858,1.0);
#15856=VECTOR('',#15859,1.0);
#15857=VECTOR('',#15860,1.0);
#15858=DIRECTION('',(0.08396506181427167,0.2663009175465479,0.9602258534888509));
#15859=DIRECTION('',(-0.3007080961589822,-0.9537162266127385,0));
#15860=DIRECTION('',(0,0,-1));
#15861=FACE_SURFACE('',(#15866),#15862,.T.);
#15862=PLANE('',#15863);
#15863=AXIS2_PLACEMENT_3D('',#784,#15864,#15865);
#15864=DIRECTION('',(0,0,1));
#15865=DIRECTION('',(-0.9995504002544867,0.029983284528137494,0));
#15866=FACE_BOUND('',#15867,.T.);
#15867=EDGE_LOOP('',(#15868,#15869,#15870));
#15868=ORIENTED_EDGE('',*,*,#15871,.T.);
#15869=ORIENTED_EDGE('',*,*,#15872,.T.);
#15870=ORIENTED_EDGE('',*,*,#15873,.T.);
#15871=EDGE_CURVE('',#785,#787,#15874,.F.);
#15872=EDGE_CURVE('',#787,#599,#15875,.T.);
#15873=EDGE_CURVE('',#599,#785,#15876,.T.);
#15874=LINE('',#784,#15877);
#15875=LINE('',#786,#15878);
#15876=LINE('',#598,#15879);
#15877=VECTOR('',#15880,1.0);
#15878=VECTOR('',#15881,1.0);
#15879=VECTOR('',#15882,1.0);
#15880=DIRECTION('',(-0.9995504002544867,0.029983284528137494,0));
#15881=DIRECTION('',(0.9657401412069616,-0.2595110395755024,0));
#15882=DIRECTION('',(0.3007080961589822,0.9537162266127385,0));
#15883=FACE_SURFACE('',(#15888),#15884,.T.);
#15884=PLANE('',#15885);
#15885=AXIS2_PLACEMENT_3D('',#600,#15886,#15887);
#15886=DIRECTION('',(-0,0,1));
#15887=DIRECTION('',(0.9997539683293776,-0.022181136347398787,0));
#15888=FACE_BOUND('',#15889,.T.);
#15889=EDGE_LOOP('',(#15890,#15891,#15892));
#15890=ORIENTED_EDGE('',*,*,#15893,.T.);
#15891=ORIENTED_EDGE('',*,*,#15894,.T.);
#15892=ORIENTED_EDGE('',*,*,#15895,.T.);
#15893=EDGE_CURVE('',#601,#599,#15896,.F.);
#15894=EDGE_CURVE('',#599,#789,#15897,.T.);
#15895=EDGE_CURVE('',#789,#601,#15898,.T.);
#15896=LINE('',#600,#15899);
#15897=LINE('',#598,#15900);
#15898=LINE('',#788,#15901);
#15899=VECTOR('',#15902,1.0);
#15900=VECTOR('',#15903,1.0);
#15901=VECTOR('',#15904,1.0);
#15902=DIRECTION('',(0.9997539683293776,-0.022181136347398787,0));
#15903=DIRECTION('',(-0.99605369945696,0.08875262135905794,0));
#15904=DIRECTION('',(-0.6691119110523942,-0.7431616583811446,0));
#15905=FACE_SURFACE('',(#15910),#15906,.T.);
#15906=PLANE('',#15907);
#15907=AXIS2_PLACEMENT_3D('',#598,#15908,#15909);
#15908=DIRECTION('',(0,0,1));
#15909=DIRECTION('',(-0.9657401412069616,0.2595110395755024,0));
#15910=FACE_BOUND('',#15911,.T.);
#15911=EDGE_LOOP('',(#15912,#15913,#15914));
#15912=ORIENTED_EDGE('',*,*,#15915,.T.);
#15913=ORIENTED_EDGE('',*,*,#15916,.T.);
#15914=ORIENTED_EDGE('',*,*,#15917,.T.);
#15915=EDGE_CURVE('',#599,#787,#15918,.F.);
#15916=EDGE_CURVE('',#787,#791,#15919,.T.);
#15917=EDGE_CURVE('',#791,#599,#15920,.T.);
#15918=LINE('',#598,#15921);
#15919=LINE('',#786,#15922);
#15920=LINE('',#790,#15923);
#15921=VECTOR('',#15924,1.0);
#15922=VECTOR('',#15925,1.0);
#15923=VECTOR('',#15926,1.0);
#15924=DIRECTION('',(-0.9657401412069616,0.2595110395755024,0));
#15925=DIRECTION('',(-0.30903655969634947,-0.951050158914368,0));
#15926=DIRECTION('',(0.985328796150639,-0.1706668200803325,0));
#15927=FACE_SURFACE('',(#15932),#15928,.T.);
#15928=PLANE('',#15929);
#15929=AXIS2_PLACEMENT_3D('',#598,#15930,#15931);
#15930=DIRECTION('',(0,0,1));
#15931=DIRECTION('',(-0.985328796150639,0.1706668200803325,0));
#15932=FACE_BOUND('',#15933,.T.);
#15933=EDGE_LOOP('',(#15934,#15935,#15936));
#15934=ORIENTED_EDGE('',*,*,#15937,.T.);
#15935=ORIENTED_EDGE('',*,*,#15938,.T.);
#15936=ORIENTED_EDGE('',*,*,#15939,.T.);
#15937=EDGE_CURVE('',#599,#791,#15940,.F.);
#15938=EDGE_CURVE('',#791,#789,#15941,.T.);
#15939=EDGE_CURVE('',#789,#599,#15942,.T.);
#15940=LINE('',#598,#15943);
#15941=LINE('',#790,#15944);
#15942=LINE('',#788,#15945);
#15943=VECTOR('',#15946,1.0);
#15944=VECTOR('',#15947,1.0);
#15945=VECTOR('',#15948,1.0);
#15946=DIRECTION('',(-0.985328796150639,0.1706668200803325,0));
#15947=DIRECTION('',(-0.4999699128736303,-0.866042773898111,0));
#15948=DIRECTION('',(0.99605369945696,-0.08875262135905794,0));
#15949=FACE_SURFACE('',(#15954),#15950,.T.);
#15950=PLANE('',#15951);
#15951=AXIS2_PLACEMENT_3D('',#700,#15952,#15953);
#15952=DIRECTION('',(-0.5877506703164386,0.8090421185220069,0));
#15953=DIRECTION('',(0.089654358017982,0.06513184890562101,0.9938410025484553));
#15954=FACE_BOUND('',#15955,.T.);
#15955=EDGE_LOOP('',(#15956,#15957,#15958));
#15956=ORIENTED_EDGE('',*,*,#15959,.T.);
#15957=ORIENTED_EDGE('',*,*,#15960,.T.);
#15958=ORIENTED_EDGE('',*,*,#15961,.T.);
#15959=EDGE_CURVE('',#701,#601,#15962,.F.);
#15960=EDGE_CURVE('',#601,#705,#15963,.T.);
#15961=EDGE_CURVE('',#705,#701,#15964,.T.);
#15962=LINE('',#700,#15965);
#15963=LINE('',#600,#15966);
#15964=LINE('',#704,#15967);
#15965=VECTOR('',#15968,1.0);
#15966=VECTOR('',#15969,1.0);
#15967=VECTOR('',#15970,1.0);
#15968=DIRECTION('',(0.089654358017982,0.06513184890562101,0.9938410025484553));
#15969=DIRECTION('',(0,0,-1));
#15970=DIRECTION('',(-0.8090421185220069,-0.5877506703164386,0));
#15971=FACE_SURFACE('',(#15976),#15972,.T.);
#15972=PLANE('',#15973);
#15973=AXIS2_PLACEMENT_3D('',#704,#15974,#15975);
#15974=DIRECTION('',(-0.7431616583811446,0.6691119110523942,0));
#15975=DIRECTION('',(0,0,1));
#15976=FACE_BOUND('',#15977,.T.);
#15977=EDGE_LOOP('',(#15978,#15979,#15980));
#15978=ORIENTED_EDGE('',*,*,#15981,.T.);
#15979=ORIENTED_EDGE('',*,*,#15982,.T.);
#15980=ORIENTED_EDGE('',*,*,#15983,.T.);
#15981=EDGE_CURVE('',#705,#601,#15984,.F.);
#15982=EDGE_CURVE('',#601,#789,#15985,.T.);
#15983=EDGE_CURVE('',#789,#705,#15986,.T.);
#15984=LINE('',#704,#15987);
#15985=LINE('',#600,#15988);
#15986=LINE('',#788,#15989);
#15987=VECTOR('',#15990,1.0);
#15988=VECTOR('',#15991,1.0);
#15989=VECTOR('',#15992,1.0);
#15990=DIRECTION('',(0,0,1));
#15991=DIRECTION('',(0.6691119110523942,0.7431616583811446,0));
#15992=DIRECTION('',(-0.07414184381622792,-0.08234702550615519,-0.9938420168144526));
#15993=FACE_SURFACE('',(#15998),#15994,.T.);
#15994=PLANE('',#15995);
#15995=AXIS2_PLACEMENT_3D('',#602,#15996,#15997);
#15996=DIRECTION('',(0.5372819621766559,-0.8434026874035929,0));
#15997=DIRECTION('',(0,0,1));
#15998=FACE_BOUND('',#15999,.T.);
#15999=EDGE_LOOP('',(#16000,#16001,#16002));
#16000=ORIENTED_EDGE('',*,*,#16003,.T.);
#16001=ORIENTED_EDGE('',*,*,#16004,.T.);
#16002=ORIENTED_EDGE('',*,*,#16005,.T.);
#16003=EDGE_CURVE('',#603,#605,#16006,.F.);
#16004=EDGE_CURVE('',#605,#715,#16007,.T.);
#16005=EDGE_CURVE('',#715,#603,#16008,.T.);
#16006=LINE('',#602,#16009);
#16007=LINE('',#604,#16010);
#16008=LINE('',#714,#16011);
#16009=VECTOR('',#16012,1.0);
#16010=VECTOR('',#16013,1.0);
#16011=VECTOR('',#16014,1.0);
#16012=DIRECTION('',(0,0,1));
#16013=DIRECTION('',(-0.23550054624673475,-0.15002346740279182,-0.9602252089723187));
#16014=DIRECTION('',(0.8434026874035929,0.5372819621766559,0));
#16015=FACE_SURFACE('',(#16020),#16016,.T.);
#16016=PLANE('',#16017);
#16017=AXIS2_PLACEMENT_3D('',#714,#16018,#16019);
#16018=DIRECTION('',(0.5372819621766559,-0.8434026874035929,0));
#16019=DIRECTION('',(0.23550054624673475,0.15002346740279182,0.9602252089723187));
#16020=FACE_BOUND('',#16021,.T.);
#16021=EDGE_LOOP('',(#16022,#16023,#16024));
#16022=ORIENTED_EDGE('',*,*,#16025,.T.);
#16023=ORIENTED_EDGE('',*,*,#16026,.T.);
#16024=ORIENTED_EDGE('',*,*,#16027,.T.);
#16025=EDGE_CURVE('',#715,#605,#16028,.F.);
#16026=EDGE_CURVE('',#605,#621,#16029,.T.);
#16027=EDGE_CURVE('',#621,#715,#16030,.T.);
#16028=LINE('',#714,#16031);
#16029=LINE('',#604,#16032);
#16030=LINE('',#620,#16033);
#16031=VECTOR('',#16034,1.0);
#16032=VECTOR('',#16035,1.0);
#16033=VECTOR('',#16036,1.0);
#16034=DIRECTION('',(0.23550054624673475,0.15002346740279182,0.9602252089723187));
#16035=DIRECTION('',(-0.8434026874035929,-0.5372819621766559,0));
#16036=DIRECTION('',(0,0,-1));
#16037=FACE_SURFACE('',(#16042),#16038,.T.);
#16038=PLANE('',#16039);
#16039=AXIS2_PLACEMENT_3D('',#792,#16040,#16041);
#16040=DIRECTION('',(0.3090365596963495,0.951050158914368,0));
#16041=DIRECTION('',(0.10538539139223908,-0.03424418627434691,0.9938416649484526));
#16042=FACE_BOUND('',#16043,.T.);
#16043=EDGE_LOOP('',(#16044,#16045,#16046));
#16044=ORIENTED_EDGE('',*,*,#16047,.T.);
#16045=ORIENTED_EDGE('',*,*,#16048,.T.);
#16046=ORIENTED_EDGE('',*,*,#16049,.T.);
#16047=EDGE_CURVE('',#793,#609,#16050,.F.);
#16048=EDGE_CURVE('',#609,#607,#16051,.T.);
#16049=EDGE_CURVE('',#607,#793,#16052,.T.);
#16050=LINE('',#792,#16053);
#16051=LINE('',#608,#16054);
#16052=LINE('',#606,#16055);
#16053=VECTOR('',#16056,1.0);
#16054=VECTOR('',#16057,1.0);
#16055=VECTOR('',#16058,1.0);
#16056=DIRECTION('',(0.10538539139223908,-0.03424418627434691,0.9938416649484526));
#16057=DIRECTION('',(0,0,-1));
#16058=DIRECTION('',(-0.951050158914368,0.30903655969634947,0));
#16059=FACE_SURFACE('',(#16064),#16060,.T.);
#16060=PLANE('',#16061);
#16061=AXIS2_PLACEMENT_3D('',#706,#16062,#16063);
#16062=DIRECTION('',(0,0,-1));
#16063=DIRECTION('',(0.9999996807299245,0.0007990870096440351,0));
#16064=FACE_BOUND('',#16065,.T.);
#16065=EDGE_LOOP('',(#16066,#16067,#16068));
#16066=ORIENTED_EDGE('',*,*,#16069,.T.);
#16067=ORIENTED_EDGE('',*,*,#16070,.T.);
#16068=ORIENTED_EDGE('',*,*,#16071,.T.);
#16069=EDGE_CURVE('',#707,#793,#16072,.F.);
#16070=EDGE_CURVE('',#793,#607,#16073,.T.);
#16071=EDGE_CURVE('',#607,#707,#16074,.T.);
#16072=LINE('',#706,#16075);
#16073=LINE('',#792,#16076);
#16074=LINE('',#606,#16077);
#16075=VECTOR('',#16078,1.0);
#16076=VECTOR('',#16079,1.0);
#16077=VECTOR('',#16080,1.0);
#16078=DIRECTION('',(0.9999996807299245,0.0007990870096440351,0));
#16079=DIRECTION('',(0.951050158914368,-0.30903655969634947,0));
#16080=DIRECTION('',(-0.9999926103954728,0.003844366586069693,0));
#16081=FACE_SURFACE('',(#16086),#16082,.T.);
#16082=PLANE('',#16083);
#16083=AXIS2_PLACEMENT_3D('',#792,#16084,#16085);
#16084=DIRECTION('',(0.3090365596963495,0.951050158914368,-0));
#16085=DIRECTION('',(0,0,1));
#16086=FACE_BOUND('',#16087,.T.);
#16087=EDGE_LOOP('',(#16088,#16089,#16090));
#16088=ORIENTED_EDGE('',*,*,#16091,.T.);
#16089=ORIENTED_EDGE('',*,*,#16092,.T.);
#16090=ORIENTED_EDGE('',*,*,#16093,.T.);
#16091=EDGE_CURVE('',#793,#795,#16094,.F.);
#16092=EDGE_CURVE('',#795,#609,#16095,.T.);
#16093=EDGE_CURVE('',#609,#793,#16096,.T.);
#16094=LINE('',#792,#16097);
#16095=LINE('',#794,#16098);
#16096=LINE('',#608,#16099);
#16097=VECTOR('',#16100,1.0);
#16098=VECTOR('',#16101,1.0);
#16099=VECTOR('',#16102,1.0);
#16100=DIRECTION('',(0,0,1));
#16101=DIRECTION('',(0.951050158914368,-0.30903655969634947,0));
#16102=DIRECTION('',(-0.10538539139223908,0.03424418627434691,-0.9938416649484526));
#16103=FACE_SURFACE('',(#16108),#16104,.T.);
#16104=PLANE('',#16105);
#16105=AXIS2_PLACEMENT_3D('',#608,#16106,#16107);
#16106=DIRECTION('',(0,0,1));
#16107=DIRECTION('',(-0.951050158914368,0.30903655969634947,0));
#16108=FACE_BOUND('',#16109,.T.);
#16109=EDGE_LOOP('',(#16110,#16111,#16112));
#16110=ORIENTED_EDGE('',*,*,#16113,.T.);
#16111=ORIENTED_EDGE('',*,*,#16114,.T.);
#16112=ORIENTED_EDGE('',*,*,#16115,.T.);
#16113=EDGE_CURVE('',#609,#795,#16116,.F.);
#16114=EDGE_CURVE('',#795,#611,#16117,.T.);
#16115=EDGE_CURVE('',#611,#609,#16118,.T.);
#16116=LINE('',#608,#16119);
#16117=LINE('',#794,#16120);
#16118=LINE('',#610,#16121);
#16119=VECTOR('',#16122,1.0);
#16120=VECTOR('',#16123,1.0);
#16121=VECTOR('',#16124,1.0);
#16122=DIRECTION('',(-0.951050158914368,0.30903655969634947,0));
#16123=DIRECTION('',(-0.9999996807299245,-0.0007990870096440351,0));
#16124=DIRECTION('',(0.9999926103954728,-0.003844366586069693,0));
#16125=FACE_SURFACE('',(#16130),#16126,.T.);
#16126=PLANE('',#16127);
#16127=AXIS2_PLACEMENT_3D('',#708,#16128,#16129);
#16128=DIRECTION('',(-0.8467198116254329,0.532039059281357,0));
#16129=DIRECTION('',(0.059200388493012075,0.09421515379089401,0.9937901281449896));
#16130=FACE_BOUND('',#16131,.T.);
#16131=EDGE_LOOP('',(#16132,#16133,#16134));
#16132=ORIENTED_EDGE('',*,*,#16135,.T.);
#16133=ORIENTED_EDGE('',*,*,#16136,.T.);
#16134=ORIENTED_EDGE('',*,*,#16137,.T.);
#16135=EDGE_CURVE('',#709,#611,#16138,.F.);
#16136=EDGE_CURVE('',#611,#707,#16139,.T.);
#16137=EDGE_CURVE('',#707,#709,#16140,.T.);
#16138=LINE('',#708,#16141);
#16139=LINE('',#610,#16142);
#16140=LINE('',#706,#16143);
#16141=VECTOR('',#16144,1.0);
#16142=VECTOR('',#16145,1.0);
#16143=VECTOR('',#16146,1.0);
#16144=DIRECTION('',(0.059200388493012075,0.09421515379089401,0.9937901281449896));
#16145=DIRECTION('',(0,0,-1));
#16146=DIRECTION('',(-0.5320390592813571,-0.846719811625433,0));
#16147=FACE_SURFACE('',(#16152),#16148,.T.);
#16148=PLANE('',#16149);
#16149=AXIS2_PLACEMENT_3D('',#706,#16150,#16151);
#16150=DIRECTION('',(-0.9439019776757325,0.33022576601446635,0));
#16151=DIRECTION('',(0,0,1));
#16152=FACE_BOUND('',#16153,.T.);
#16153=EDGE_LOOP('',(#16154,#16155,#16156));
#16154=ORIENTED_EDGE('',*,*,#16157,.T.);
#16155=ORIENTED_EDGE('',*,*,#16158,.T.);
#16156=ORIENTED_EDGE('',*,*,#16159,.T.);
#16157=EDGE_CURVE('',#707,#611,#16160,.F.);
#16158=EDGE_CURVE('',#611,#797,#16161,.T.);
#16159=EDGE_CURVE('',#797,#707,#16162,.T.);
#16160=LINE('',#706,#16163);
#16161=LINE('',#610,#16164);
#16162=LINE('',#796,#16165);
#16163=VECTOR('',#16166,1.0);
#16164=VECTOR('',#16167,1.0);
#16165=VECTOR('',#16168,1.0);
#16166=DIRECTION('',(0,0,1));
#16167=DIRECTION('',(0.33022576601446635,0.9439019776757325,0));
#16168=DIRECTION('',(-0.03674148077417509,-0.10502014056637698,-0.9937911418733513));
#16169=FACE_SURFACE('',(#16174),#16170,.T.);
#16170=PLANE('',#16171);
#16171=AXIS2_PLACEMENT_3D('',#708,#16172,#16173);
#16172=DIRECTION('',(-0.8467198116254329,0.532039059281357,0));
#16173=DIRECTION('',(0,0,1));
#16174=FACE_BOUND('',#16175,.T.);
#16175=EDGE_LOOP('',(#16176,#16177,#16178));
#16176=ORIENTED_EDGE('',*,*,#16179,.T.);
#16177=ORIENTED_EDGE('',*,*,#16180,.T.);
#16178=ORIENTED_EDGE('',*,*,#16181,.T.);
#16179=EDGE_CURVE('',#709,#613,#16182,.F.);
#16180=EDGE_CURVE('',#613,#611,#16183,.T.);
#16181=EDGE_CURVE('',#611,#709,#16184,.T.);
#16182=LINE('',#708,#16185);
#16183=LINE('',#612,#16186);
#16184=LINE('',#610,#16187);
#16185=VECTOR('',#16188,1.0);
#16186=VECTOR('',#16189,1.0);
#16187=VECTOR('',#16190,1.0);
#16188=DIRECTION('',(0,0,1));
#16189=DIRECTION('',(0.5320390592813571,0.846719811625433,0));
#16190=DIRECTION('',(-0.059200388493012075,-0.09421515379089401,-0.9937901281449896));
#16191=FACE_SURFACE('',(#16196),#16192,.T.);
#16192=PLANE('',#16193);
#16193=AXIS2_PLACEMENT_3D('',#798,#16194,#16195);
#16194=DIRECTION('',(0,0,1));
#16195=DIRECTION('',(-0.9999812620787231,0.006121722914683508,0));
#16196=FACE_BOUND('',#16197,.T.);
#16197=EDGE_LOOP('',(#16198,#16199,#16200));
#16198=ORIENTED_EDGE('',*,*,#16201,.T.);
#16199=ORIENTED_EDGE('',*,*,#16202,.T.);
#16200=ORIENTED_EDGE('',*,*,#16203,.T.);
#16201=EDGE_CURVE('',#799,#797,#16204,.F.);
#16202=EDGE_CURVE('',#797,#611,#16205,.T.);
#16203=EDGE_CURVE('',#611,#799,#16206,.T.);
#16204=LINE('',#798,#16207);
#16205=LINE('',#796,#16208);
#16206=LINE('',#610,#16209);
#16207=VECTOR('',#16210,1.0);
#16208=VECTOR('',#16211,1.0);
#16209=VECTOR('',#16212,1.0);
#16210=DIRECTION('',(-0.9999812620787231,0.006121722914683508,0));
#16211=DIRECTION('',(-0.33022576601446635,-0.9439019776757325,0));
#16212=DIRECTION('',(0.9999637610679768,0.00851331608634703,0));
#16213=FACE_SURFACE('',(#16218),#16214,.T.);
#16214=PLANE('',#16215);
#16215=AXIS2_PLACEMENT_3D('',#798,#16216,#16217);
#16216=DIRECTION('',(0,0,1));
#16217=DIRECTION('',(-0.9999637610679768,-0.00851331608634703,0));
#16218=FACE_BOUND('',#16219,.T.);
#16219=EDGE_LOOP('',(#16220,#16221,#16222));
#16220=ORIENTED_EDGE('',*,*,#16223,.T.);
#16221=ORIENTED_EDGE('',*,*,#16224,.T.);
#16222=ORIENTED_EDGE('',*,*,#16225,.T.);
#16223=EDGE_CURVE('',#799,#611,#16226,.F.);
#16224=EDGE_CURVE('',#611,#795,#16227,.T.);
#16225=EDGE_CURVE('',#795,#799,#16228,.T.);
#16226=LINE('',#798,#16229);
#16227=LINE('',#610,#16230);
#16228=LINE('',#794,#16231);
#16229=VECTOR('',#16232,1.0);
#16230=VECTOR('',#16233,1.0);
#16231=VECTOR('',#16234,1.0);
#16232=DIRECTION('',(-0.9999637610679768,-0.00851331608634703,0));
#16233=DIRECTION('',(0.9999996807299245,0.0007990870096440351,0));
#16234=DIRECTION('',(-0.8660336510250305,0.4999857150881971,0));
#16235=FACE_SURFACE('',(#16240),#16236,.T.);
#16236=PLANE('',#16237);
#16237=AXIS2_PLACEMENT_3D('',#800,#16238,#16239);
#16238=DIRECTION('',(-0.7071067811865476,0.7071067811865476,0));
#16239=DIRECTION('',(0.07868310421863822,0.07868310421863822,0.9937896851049712));
#16240=FACE_BOUND('',#16241,.T.);
#16241=EDGE_LOOP('',(#16242,#16243,#16244));
#16242=ORIENTED_EDGE('',*,*,#16245,.T.);
#16243=ORIENTED_EDGE('',*,*,#16246,.T.);
#16244=ORIENTED_EDGE('',*,*,#16247,.T.);
#16245=EDGE_CURVE('',#801,#613,#16248,.F.);
#16246=EDGE_CURVE('',#613,#709,#16249,.T.);
#16247=EDGE_CURVE('',#709,#801,#16250,.T.);
#16248=LINE('',#800,#16251);
#16249=LINE('',#612,#16252);
#16250=LINE('',#708,#16253);
#16251=VECTOR('',#16254,1.0);
#16252=VECTOR('',#16255,1.0);
#16253=VECTOR('',#16256,1.0);
#16254=DIRECTION('',(0.07868310421863822,0.07868310421863822,0.9937896851049712));
#16255=DIRECTION('',(0,0,-1));
#16256=DIRECTION('',(-0.7071067811865475,-0.7071067811865475,0));
#16257=FACE_SURFACE('',(#16262),#16258,.T.);
#16258=PLANE('',#16259);
#16259=AXIS2_PLACEMENT_3D('',#800,#16260,#16261);
#16260=DIRECTION('',(-0.7071067811865476,0.7071067811865476,0));
#16261=DIRECTION('',(0,0,1));
#16262=FACE_BOUND('',#16263,.T.);
#16263=EDGE_LOOP('',(#16264,#16265,#16266));
#16264=ORIENTED_EDGE('',*,*,#16267,.T.);
#16265=ORIENTED_EDGE('',*,*,#16268,.T.);
#16266=ORIENTED_EDGE('',*,*,#16269,.T.);
#16267=EDGE_CURVE('',#801,#803,#16270,.F.);
#16268=EDGE_CURVE('',#803,#613,#16271,.T.);
#16269=EDGE_CURVE('',#613,#801,#16272,.T.);
#16270=LINE('',#800,#16273);
#16271=LINE('',#802,#16274);
#16272=LINE('',#612,#16275);
#16273=VECTOR('',#16276,1.0);
#16274=VECTOR('',#16277,1.0);
#16275=VECTOR('',#16278,1.0);
#16276=DIRECTION('',(0,0,1));
#16277=DIRECTION('',(0.7071067811865475,0.7071067811865475,0));
#16278=DIRECTION('',(-0.07868310421863822,-0.07868310421863822,-0.9937896851049712));
#16279=FACE_SURFACE('',(#16284),#16280,.T.);
#16280=PLANE('',#16281);
#16281=AXIS2_PLACEMENT_3D('',#612,#16282,#16283);
#16282=DIRECTION('',(0,0,1));
#16283=DIRECTION('',(-0.7071067811865475,-0.7071067811865475,0));
#16284=FACE_BOUND('',#16285,.T.);
#16285=EDGE_LOOP('',(#16286,#16287,#16288));
#16286=ORIENTED_EDGE('',*,*,#16289,.T.);
#16287=ORIENTED_EDGE('',*,*,#16290,.T.);
#16288=ORIENTED_EDGE('',*,*,#16291,.T.);
#16289=EDGE_CURVE('',#613,#803,#16292,.F.);
#16290=EDGE_CURVE('',#803,#615,#16293,.T.);
#16291=EDGE_CURVE('',#615,#613,#16294,.T.);
#16292=LINE('',#612,#16295);
#16293=LINE('',#802,#16296);
#16294=LINE('',#614,#16297);
#16295=VECTOR('',#16298,1.0);
#16296=VECTOR('',#16299,1.0);
#16297=VECTOR('',#16300,1.0);
#16298=DIRECTION('',(-0.7071067811865475,-0.7071067811865475,0));
#16299=DIRECTION('',(0.9925043742286533,-0.12220911233205646,0));
#16300=DIRECTION('',(-0.991005757444387,0.13381923894596356,0));
#16301=FACE_SURFACE('',(#16306),#16302,.T.);
#16302=PLANE('',#16303);
#16303=AXIS2_PLACEMENT_3D('',#710,#16304,#16305);
#16304=DIRECTION('',(0.04362788792097543,-0.9990478504033502,0));
#16305=DIRECTION('',(0,0,1));
#16306=FACE_BOUND('',#16307,.T.);
#16307=EDGE_LOOP('',(#16308,#16309,#16310));
#16308=ORIENTED_EDGE('',*,*,#16311,.T.);
#16309=ORIENTED_EDGE('',*,*,#16312,.T.);
#16310=ORIENTED_EDGE('',*,*,#16313,.T.);
#16311=EDGE_CURVE('',#711,#615,#16314,.F.);
#16312=EDGE_CURVE('',#615,#805,#16315,.T.);
#16313=EDGE_CURVE('',#805,#711,#16316,.T.);
#16314=LINE('',#710,#16317);
#16315=LINE('',#614,#16318);
#16316=LINE('',#804,#16319);
#16317=VECTOR('',#16320,1.0);
#16318=VECTOR('',#16321,1.0);
#16319=VECTOR('',#16322,1.0);
#16320=DIRECTION('',(0,0,1));
#16321=DIRECTION('',(-0.2789708334941004,-0.012182507826815197,-0.9602222974721304));
#16322=DIRECTION('',(0.9990478504033501,0.04362788792097543,0));
#16323=FACE_SURFACE('',(#16328),#16324,.T.);
#16324=PLANE('',#16325);
#16325=AXIS2_PLACEMENT_3D('',#804,#16326,#16327);
#16326=DIRECTION('',(0.04362788792097543,-0.9990478504033502,0));
#16327=DIRECTION('',(0.2789708334941004,0.012182507826815197,0.9602222974721304));
#16328=FACE_BOUND('',#16329,.T.);
#16329=EDGE_LOOP('',(#16330,#16331,#16332));
#16330=ORIENTED_EDGE('',*,*,#16333,.T.);
#16331=ORIENTED_EDGE('',*,*,#16334,.T.);
#16332=ORIENTED_EDGE('',*,*,#16335,.T.);
#16333=EDGE_CURVE('',#805,#615,#16336,.F.);
#16334=EDGE_CURVE('',#615,#807,#16337,.T.);
#16335=EDGE_CURVE('',#807,#805,#16338,.T.);
#16336=LINE('',#804,#16339);
#16337=LINE('',#614,#16340);
#16338=LINE('',#806,#16341);
#16339=VECTOR('',#16342,1.0);
#16340=VECTOR('',#16343,1.0);
#16341=VECTOR('',#16344,1.0);
#16342=DIRECTION('',(0.2789708334941004,0.012182507826815197,0.9602222974721304));
#16343=DIRECTION('',(-0.9990478504033501,-0.04362788792097543,0));
#16344=DIRECTION('',(0,0,-1));
#16345=FACE_SURFACE('',(#16350),#16346,.T.);
#16346=PLANE('',#16347);
#16347=AXIS2_PLACEMENT_3D('',#710,#16348,#16349);
#16348=DIRECTION('',(0.13054210976174743,-0.9914427656596986,0));
#16349=DIRECTION('',(0.2768310773661571,0.03645002428652514,0.9602270306202614));
#16350=FACE_BOUND('',#16351,.T.);
#16351=EDGE_LOOP('',(#16352,#16353,#16354));
#16352=ORIENTED_EDGE('',*,*,#16355,.T.);
#16353=ORIENTED_EDGE('',*,*,#16356,.T.);
#16354=ORIENTED_EDGE('',*,*,#16357,.T.);
#16355=EDGE_CURVE('',#711,#617,#16358,.F.);
#16356=EDGE_CURVE('',#617,#615,#16359,.T.);
#16357=EDGE_CURVE('',#615,#711,#16360,.T.);
#16358=LINE('',#710,#16361);
#16359=LINE('',#616,#16362);
#16360=LINE('',#614,#16363);
#16361=VECTOR('',#16364,1.0);
#16362=VECTOR('',#16365,1.0);
#16363=VECTOR('',#16366,1.0);
#16364=DIRECTION('',(0.2768310773661571,0.03645002428652514,0.9602270306202614));
#16365=DIRECTION('',(-0.9914427656596985,-0.1305421097617474,0));
#16366=DIRECTION('',(0,0,-1));
#16367=FACE_SURFACE('',(#16372),#16368,.T.);
#16368=PLANE('',#16369);
#16369=AXIS2_PLACEMENT_3D('',#614,#16370,#16371);
#16370=DIRECTION('',(0,0,1));
#16371=DIRECTION('',(-0.9925043742286533,0.12220911233205646,0));
#16372=FACE_BOUND('',#16373,.T.);
#16373=EDGE_LOOP('',(#16374,#16375,#16376));
#16374=ORIENTED_EDGE('',*,*,#16377,.T.);
#16375=ORIENTED_EDGE('',*,*,#16378,.T.);
#16376=ORIENTED_EDGE('',*,*,#16379,.T.);
#16377=EDGE_CURVE('',#615,#803,#16380,.F.);
#16378=EDGE_CURVE('',#803,#807,#16381,.T.);
#16379=EDGE_CURVE('',#807,#615,#16382,.T.);
#16380=LINE('',#614,#16383);
#16381=LINE('',#802,#16384);
#16382=LINE('',#806,#16385);
#16383=VECTOR('',#16386,1.0);
#16384=VECTOR('',#16387,1.0);
#16385=VECTOR('',#16388,1.0);
#16386=DIRECTION('',(-0.9925043742286533,0.12220911233205646,0));
#16387=DIRECTION('',(0.9916800798737859,-0.12872691708233208,0));
#16388=DIRECTION('',(0.9990478504033501,0.04362788792097543,0));
#16389=FACE_SURFACE('',(#16394),#16390,.T.);
#16390=PLANE('',#16391);
#16391=AXIS2_PLACEMENT_3D('',#712,#16392,#16393);
#16392=DIRECTION('',(0.13054210976174743,-0.9914427656596986,0));
#16393=DIRECTION('',(0,0,1));
#16394=FACE_BOUND('',#16395,.T.);
#16395=EDGE_LOOP('',(#16396,#16397,#16398));
#16396=ORIENTED_EDGE('',*,*,#16399,.T.);
#16397=ORIENTED_EDGE('',*,*,#16400,.T.);
#16398=ORIENTED_EDGE('',*,*,#16401,.T.);
#16399=EDGE_CURVE('',#713,#617,#16402,.F.);
#16400=EDGE_CURVE('',#617,#711,#16403,.T.);
#16401=EDGE_CURVE('',#711,#713,#16404,.T.);
#16402=LINE('',#712,#16405);
#16403=LINE('',#616,#16406);
#16404=LINE('',#710,#16407);
#16405=VECTOR('',#16408,1.0);
#16406=VECTOR('',#16409,1.0);
#16407=VECTOR('',#16410,1.0);
#16408=DIRECTION('',(0,0,1));
#16409=DIRECTION('',(-0.2768310773661571,-0.03645002428652514,-0.9602270306202614));
#16410=DIRECTION('',(0.9914427656596985,0.1305421097617474,0));
#16411=FACE_SURFACE('',(#16416),#16412,.T.);
#16412=PLANE('',#16413);
#16413=AXIS2_PLACEMENT_3D('',#712,#16414,#16415);
#16414=DIRECTION('',(0.21642520970878357,-0.976299200349211,0));
#16415=DIRECTION('',(0.27261065563211345,0.06043210758845811,0.9602246564259045));
#16416=FACE_BOUND('',#16417,.T.);
#16417=EDGE_LOOP('',(#16418,#16419,#16420));
#16418=ORIENTED_EDGE('',*,*,#16421,.T.);
#16419=ORIENTED_EDGE('',*,*,#16422,.T.);
#16420=ORIENTED_EDGE('',*,*,#16423,.T.);
#16421=EDGE_CURVE('',#713,#619,#16424,.F.);
#16422=EDGE_CURVE('',#619,#617,#16425,.T.);
#16423=EDGE_CURVE('',#617,#713,#16426,.T.);
#16424=LINE('',#712,#16427);
#16425=LINE('',#618,#16428);
#16426=LINE('',#616,#16429);
#16427=VECTOR('',#16430,1.0);
#16428=VECTOR('',#16431,1.0);
#16429=VECTOR('',#16432,1.0);
#16430=DIRECTION('',(0.27261065563211345,0.06043210758845811,0.9602246564259045));
#16431=DIRECTION('',(-0.9762992003492111,-0.2164252097087836,0));
#16432=DIRECTION('',(0,0,-1));
#16433=FACE_SURFACE('',(#16438),#16434,.T.);
#16434=PLANE('',#16435);
#16435=AXIS2_PLACEMENT_3D('',#716,#16436,#16437);
#16436=DIRECTION('',(0.21642520970878357,-0.976299200349211,0));
#16437=DIRECTION('',(0,0,1));
#16438=FACE_BOUND('',#16439,.T.);
#16439=EDGE_LOOP('',(#16440,#16441,#16442));
#16440=ORIENTED_EDGE('',*,*,#16443,.T.);
#16441=ORIENTED_EDGE('',*,*,#16444,.T.);
#16442=ORIENTED_EDGE('',*,*,#16445,.T.);
#16443=EDGE_CURVE('',#717,#619,#16446,.F.);
#16444=EDGE_CURVE('',#619,#713,#16447,.T.);
#16445=EDGE_CURVE('',#713,#717,#16448,.T.);
#16446=LINE('',#716,#16449);
#16447=LINE('',#618,#16450);
#16448=LINE('',#712,#16451);
#16449=VECTOR('',#16452,1.0);
#16450=VECTOR('',#16453,1.0);
#16451=VECTOR('',#16454,1.0);
#16452=DIRECTION('',(0,0,1));
#16453=DIRECTION('',(-0.27261065563211345,-0.06043210758845811,-0.9602246564259045));
#16454=DIRECTION('',(0.9762992003492111,0.2164252097087836,0));
#16455=FACE_SURFACE('',(#16460),#16456,.T.);
#16456=PLANE('',#16457);
#16457=AXIS2_PLACEMENT_3D('',#716,#16458,#16459);
#16458=DIRECTION('',(0.3006960575105906,-0.9537200223323339,0));
#16459=DIRECTION('',(0.266311807758073,0.08396479971715066,0.9602228561417844));
#16460=FACE_BOUND('',#16461,.T.);
#16461=EDGE_LOOP('',(#16462,#16463,#16464));
#16462=ORIENTED_EDGE('',*,*,#16465,.T.);
#16463=ORIENTED_EDGE('',*,*,#16466,.T.);
#16464=ORIENTED_EDGE('',*,*,#16467,.T.);
#16465=EDGE_CURVE('',#717,#623,#16468,.F.);
#16466=EDGE_CURVE('',#623,#619,#16469,.T.);
#16467=EDGE_CURVE('',#619,#717,#16470,.T.);
#16468=LINE('',#716,#16471);
#16469=LINE('',#622,#16472);
#16470=LINE('',#618,#16473);
#16471=VECTOR('',#16474,1.0);
#16472=VECTOR('',#16475,1.0);
#16473=VECTOR('',#16476,1.0);
#16474=DIRECTION('',(0.266311807758073,0.08396479971715066,0.9602228561417844));
#16475=DIRECTION('',(-0.953720022332334,-0.30069605751059064,0));
#16476=DIRECTION('',(0,0,-1));
#16477=FACE_SURFACE('',(#16482),#16478,.T.);
#16478=PLANE('',#16479);
#16479=AXIS2_PLACEMENT_3D('',#714,#16480,#16481);
#16480=DIRECTION('',(0.4617509640216798,-0.8870096094321916,0));
#16481=DIRECTION('',(0,0,1));
#16482=FACE_BOUND('',#16483,.T.);
#16483=EDGE_LOOP('',(#16484,#16485,#16486));
#16484=ORIENTED_EDGE('',*,*,#16487,.T.);
#16485=ORIENTED_EDGE('',*,*,#16488,.T.);
#16486=ORIENTED_EDGE('',*,*,#16489,.T.);
#16487=EDGE_CURVE('',#715,#621,#16490,.F.);
#16488=EDGE_CURVE('',#621,#719,#16491,.T.);
#16489=EDGE_CURVE('',#719,#715,#16492,.T.);
#16490=LINE('',#714,#16493);
#16491=LINE('',#620,#16494);
#16492=LINE('',#718,#16495);
#16493=VECTOR('',#16496,1.0);
#16494=VECTOR('',#16497,1.0);
#16495=VECTOR('',#16498,1.0);
#16496=DIRECTION('',(0,0,1));
#16497=DIRECTION('',(-0.2476825976176082,-0.12893623361593057,-0.9602232961651848));
#16498=DIRECTION('',(0.8870096094321916,0.4617509640216798,0));
#16499=FACE_SURFACE('',(#16504),#16500,.T.);
#16500=PLANE('',#16501);
#16501=AXIS2_PLACEMENT_3D('',#718,#16502,#16503);
#16502=DIRECTION('',(0.4617509640216798,-0.8870096094321916,0));
#16503=DIRECTION('',(0.2476825976176082,0.12893623361593057,0.9602232961651848));
#16504=FACE_BOUND('',#16505,.T.);
#16505=EDGE_LOOP('',(#16506,#16507,#16508));
#16506=ORIENTED_EDGE('',*,*,#16509,.T.);
#16507=ORIENTED_EDGE('',*,*,#16510,.T.);
#16508=ORIENTED_EDGE('',*,*,#16511,.T.);
#16509=EDGE_CURVE('',#719,#621,#16512,.F.);
#16510=EDGE_CURVE('',#621,#625,#16513,.T.);
#16511=EDGE_CURVE('',#625,#719,#16514,.T.);
#16512=LINE('',#718,#16515);
#16513=LINE('',#620,#16516);
#16514=LINE('',#624,#16517);
#16515=VECTOR('',#16518,1.0);
#16516=VECTOR('',#16519,1.0);
#16517=VECTOR('',#16520,1.0);
#16518=DIRECTION('',(0.2476825976176082,0.12893623361593057,0.9602232961651848));
#16519=DIRECTION('',(-0.8870096094321916,-0.4617509640216798,0));
#16520=DIRECTION('',(0,0,-1));
#16521=FACE_SURFACE('',(#16526),#16522,.T.);
#16522=PLANE('',#16523);
#16523=AXIS2_PLACEMENT_3D('',#720,#16524,#16525);
#16524=DIRECTION('',(0.3006960575105906,-0.9537200223323339,0));
#16525=DIRECTION('',(0,0,1));
#16526=FACE_BOUND('',#16527,.T.);
#16527=EDGE_LOOP('',(#16528,#16529,#16530));
#16528=ORIENTED_EDGE('',*,*,#16531,.T.);
#16529=ORIENTED_EDGE('',*,*,#16532,.T.);
#16530=ORIENTED_EDGE('',*,*,#16533,.T.);
#16531=EDGE_CURVE('',#721,#623,#16534,.F.);
#16532=EDGE_CURVE('',#623,#717,#16535,.T.);
#16533=EDGE_CURVE('',#717,#721,#16536,.T.);
#16534=LINE('',#720,#16537);
#16535=LINE('',#622,#16538);
#16536=LINE('',#716,#16539);
#16537=VECTOR('',#16540,1.0);
#16538=VECTOR('',#16541,1.0);
#16539=VECTOR('',#16542,1.0);
#16540=DIRECTION('',(0,0,1));
#16541=DIRECTION('',(-0.266311807758073,-0.08396479971715066,-0.9602228561417844));
#16542=DIRECTION('',(0.953720022332334,0.30069605751059064,0));
#16543=FACE_SURFACE('',(#16548),#16544,.T.);
#16544=PLANE('',#16545);
#16545=AXIS2_PLACEMENT_3D('',#720,#16546,#16547);
#16546=DIRECTION('',(0.38269494325194503,-0.9238747644618238,0));
#16547=DIRECTION('',(0.25796704494515305,0.10685721422823505,0.9602262959790502));
#16548=FACE_BOUND('',#16549,.T.);
#16549=EDGE_LOOP('',(#16550,#16551,#16552));
#16550=ORIENTED_EDGE('',*,*,#16553,.T.);
#16551=ORIENTED_EDGE('',*,*,#16554,.T.);
#16552=ORIENTED_EDGE('',*,*,#16555,.T.);
#16553=EDGE_CURVE('',#721,#625,#16556,.F.);
#16554=EDGE_CURVE('',#625,#623,#16557,.T.);
#16555=EDGE_CURVE('',#623,#721,#16558,.T.);
#16556=LINE('',#720,#16559);
#16557=LINE('',#624,#16560);
#16558=LINE('',#622,#16561);
#16559=VECTOR('',#16562,1.0);
#16560=VECTOR('',#16563,1.0);
#16561=VECTOR('',#16564,1.0);
#16562=DIRECTION('',(0.25796704494515305,0.10685721422823505,0.9602262959790502));
#16563=DIRECTION('',(-0.9238747644618239,-0.3826949432519451,0));
#16564=DIRECTION('',(0,0,-1));
#16565=FACE_SURFACE('',(#16570),#16566,.T.);
#16566=PLANE('',#16567);
#16567=AXIS2_PLACEMENT_3D('',#718,#16568,#16569);
#16568=DIRECTION('',(0.38269494325194503,-0.9238747644618238,0));
#16569=DIRECTION('',(0,0,1));
#16570=FACE_BOUND('',#16571,.T.);
#16571=EDGE_LOOP('',(#16572,#16573,#16574));
#16572=ORIENTED_EDGE('',*,*,#16575,.T.);
#16573=ORIENTED_EDGE('',*,*,#16576,.T.);
#16574=ORIENTED_EDGE('',*,*,#16577,.T.);
#16575=EDGE_CURVE('',#719,#625,#16578,.F.);
#16576=EDGE_CURVE('',#625,#721,#16579,.T.);
#16577=EDGE_CURVE('',#721,#719,#16580,.T.);
#16578=LINE('',#718,#16581);
#16579=LINE('',#624,#16582);
#16580=LINE('',#720,#16583);
#16581=VECTOR('',#16584,1.0);
#16582=VECTOR('',#16585,1.0);
#16583=VECTOR('',#16586,1.0);
#16584=DIRECTION('',(0,0,1));
#16585=DIRECTION('',(-0.25796704494515305,-0.10685721422823505,-0.9602262959790502));
#16586=DIRECTION('',(0.9238747644618239,0.3826949432519451,0));
#16587=FACE_SURFACE('',(#16592),#16588,.T.);
#16588=PLANE('',#16589);
#16589=AXIS2_PLACEMENT_3D('',#632,#16590,#16591);
#16590=DIRECTION('',(0.4999994009019389,-0.8660257496735893,0));
#16591=DIRECTION('',(0.09596299403306514,0.055404171923725626,-0.9938417789113397));
#16592=FACE_BOUND('',#16593,.T.);
#16593=EDGE_LOOP('',(#16594,#16595,#16596));
#16594=ORIENTED_EDGE('',*,*,#16597,.T.);
#16595=ORIENTED_EDGE('',*,*,#16598,.T.);
#16596=ORIENTED_EDGE('',*,*,#16599,.T.);
#16597=EDGE_CURVE('',#633,#723,#16600,.F.);
#16598=EDGE_CURVE('',#723,#627,#16601,.T.);
#16599=EDGE_CURVE('',#627,#633,#16602,.T.);
#16600=LINE('',#632,#16603);
#16601=LINE('',#722,#16604);
#16602=LINE('',#626,#16605);
#16603=VECTOR('',#16606,1.0);
#16604=VECTOR('',#16607,1.0);
#16605=VECTOR('',#16608,1.0);
#16606=DIRECTION('',(0.09596299403306514,0.055404171923725626,-0.9938417789113397));
#16607=DIRECTION('',(0,0,1));
#16608=DIRECTION('',(-0.8660257496735893,-0.4999994009019389,0));
#16609=FACE_SURFACE('',(#16614),#16610,.T.);
#16610=PLANE('',#16611);
#16611=AXIS2_PLACEMENT_3D('',#630,#16612,#16613);
#16612=DIRECTION('',(-0.993715965073108,-0.11193114293538518,-0));
#16613=DIRECTION('',(0,0,-1));
#16614=FACE_BOUND('',#16615,.T.);
#16615=EDGE_LOOP('',(#16616,#16617,#16618));
#16616=ORIENTED_EDGE('',*,*,#16619,.T.);
#16617=ORIENTED_EDGE('',*,*,#16620,.T.);
#16618=ORIENTED_EDGE('',*,*,#16621,.T.);
#16619=EDGE_CURVE('',#631,#629,#16622,.F.);
#16620=EDGE_CURVE('',#629,#809,#16623,.T.);
#16621=EDGE_CURVE('',#809,#631,#16624,.T.);
#16622=LINE('',#630,#16625);
#16623=LINE('',#628,#16626);
#16624=LINE('',#808,#16627);
#16625=VECTOR('',#16628,1.0);
#16626=VECTOR('',#16629,1.0);
#16627=VECTOR('',#16630,1.0);
#16628=DIRECTION('',(0,0,-1));
#16629=DIRECTION('',(0.1119311429353852,-0.993715965073108,0));
#16630=DIRECTION('',(-0.012454725753232926,0.11057208473909126,0.9937900652969233));
#16631=FACE_SURFACE('',(#16636),#16632,.T.);
#16632=PLANE('',#16633);
#16633=AXIS2_PLACEMENT_3D('',#810,#16634,#16635);
#16634=DIRECTION('',(0,0,-1));
#16635=DIRECTION('',(-0.9999990934915814,0.001346482831456442,0));
#16636=FACE_BOUND('',#16637,.T.);
#16637=EDGE_LOOP('',(#16638,#16639,#16640));
#16638=ORIENTED_EDGE('',*,*,#16641,.T.);
#16639=ORIENTED_EDGE('',*,*,#16642,.T.);
#16640=ORIENTED_EDGE('',*,*,#16643,.T.);
#16641=EDGE_CURVE('',#811,#809,#16644,.F.);
#16642=EDGE_CURVE('',#809,#629,#16645,.T.);
#16643=EDGE_CURVE('',#629,#811,#16646,.T.);
#16644=LINE('',#810,#16647);
#16645=LINE('',#808,#16648);
#16646=LINE('',#628,#16649);
#16647=VECTOR('',#16650,1.0);
#16648=VECTOR('',#16651,1.0);
#16649=VECTOR('',#16652,1.0);
#16650=DIRECTION('',(-0.9999990934915814,0.001346482831456442,0));
#16651=DIRECTION('',(-0.1119311429353852,0.993715965073108,0));
#16652=DIRECTION('',(0.9998534062105542,-0.01712209359723782,0));
#16653=FACE_SURFACE('',(#16658),#16654,.T.);
#16654=PLANE('',#16655);
#16655=AXIS2_PLACEMENT_3D('',#810,#16656,#16657);
#16656=DIRECTION('',(0,0,-1));
#16657=DIRECTION('',(-0.9998534062105542,0.01712209359723782,0));
#16658=FACE_BOUND('',#16659,.T.);
#16659=EDGE_LOOP('',(#16660,#16661,#16662));
#16660=ORIENTED_EDGE('',*,*,#16663,.T.);
#16661=ORIENTED_EDGE('',*,*,#16664,.T.);
#16662=ORIENTED_EDGE('',*,*,#16665,.T.);
#16663=EDGE_CURVE('',#811,#629,#16666,.F.);
#16664=EDGE_CURVE('',#629,#813,#16667,.T.);
#16665=EDGE_CURVE('',#813,#811,#16668,.T.);
#16666=LINE('',#810,#16669);
#16667=LINE('',#628,#16670);
#16668=LINE('',#812,#16671);
#16669=VECTOR('',#16672,1.0);
#16670=VECTOR('',#16673,1.0);
#16671=VECTOR('',#16674,1.0);
#16672=DIRECTION('',(-0.9998534062105542,0.01712209359723782,0));
#16673=DIRECTION('',(0.9999907948340452,-0.004290716394092363,0));
#16674=DIRECTION('',(-0.587768023499229,-0.8090295115456604,0));
#16675=FACE_SURFACE('',(#16680),#16676,.T.);
#16676=PLANE('',#16677);
#16677=AXIS2_PLACEMENT_3D('',#812,#16678,#16679);
#16678=DIRECTION('',(0,0,-1));
#16679=DIRECTION('',(-0.9999907948340452,0.004290716394092363,0));
#16680=FACE_BOUND('',#16681,.T.);
#16681=EDGE_LOOP('',(#16682,#16683,#16684));
#16682=ORIENTED_EDGE('',*,*,#16685,.T.);
#16683=ORIENTED_EDGE('',*,*,#16686,.T.);
#16684=ORIENTED_EDGE('',*,*,#16687,.T.);
#16685=EDGE_CURVE('',#813,#629,#16688,.F.);
#16686=EDGE_CURVE('',#629,#725,#16689,.T.);
#16687=EDGE_CURVE('',#725,#813,#16690,.T.);
#16688=LINE('',#812,#16691);
#16689=LINE('',#628,#16692);
#16690=LINE('',#724,#16693);
#16691=VECTOR('',#16694,1.0);
#16692=VECTOR('',#16695,1.0);
#16693=VECTOR('',#16696,1.0);
#16694=DIRECTION('',(-0.9999907948340452,0.004290716394092363,0));
#16695=DIRECTION('',(0.9999812620787231,0.006121722914683508,0));
#16696=DIRECTION('',(-0.7431598501991354,-0.6691139193381039,0));
#16697=FACE_SURFACE('',(#16702),#16698,.T.);
#16698=PLANE('',#16699);
#16699=AXIS2_PLACEMENT_3D('',#630,#16700,#16701);
#16700=DIRECTION('',(-0.993715965073108,-0.11193114293538518,0));
#16701=DIRECTION('',(0.012454725753232926,-0.11057208473909126,-0.9937900652969233));
#16702=FACE_BOUND('',#16703,.T.);
#16703=EDGE_LOOP('',(#16704,#16705,#16706));
#16704=ORIENTED_EDGE('',*,*,#16707,.T.);
#16705=ORIENTED_EDGE('',*,*,#16708,.T.);
#16706=ORIENTED_EDGE('',*,*,#16709,.T.);
#16707=EDGE_CURVE('',#631,#809,#16710,.F.);
#16708=EDGE_CURVE('',#809,#815,#16711,.T.);
#16709=EDGE_CURVE('',#815,#631,#16712,.T.);
#16710=LINE('',#630,#16713);
#16711=LINE('',#808,#16714);
#16712=LINE('',#814,#16715);
#16713=VECTOR('',#16716,1.0);
#16714=VECTOR('',#16717,1.0);
#16715=VECTOR('',#16718,1.0);
#16716=DIRECTION('',(0.012454725753232926,-0.11057208473909126,-0.9937900652969233));
#16717=DIRECTION('',(0,0,1));
#16718=DIRECTION('',(-0.1119311429353852,0.993715965073108,0));
#16719=FACE_SURFACE('',(#16724),#16720,.T.);
#16720=PLANE('',#16721);
#16721=AXIS2_PLACEMENT_3D('',#816,#16722,#16723);
#16722=DIRECTION('',(0,0,1));
#16723=DIRECTION('',(-0.9998534062105542,0.01712209359723782,0));
#16724=FACE_BOUND('',#16725,.T.);
#16725=EDGE_LOOP('',(#16726,#16727,#16728));
#16726=ORIENTED_EDGE('',*,*,#16729,.T.);
#16727=ORIENTED_EDGE('',*,*,#16730,.T.);
#16728=ORIENTED_EDGE('',*,*,#16731,.T.);
#16729=EDGE_CURVE('',#817,#631,#16732,.F.);
#16730=EDGE_CURVE('',#631,#815,#16733,.T.);
#16731=EDGE_CURVE('',#815,#817,#16734,.T.);
#16732=LINE('',#816,#16735);
#16733=LINE('',#630,#16736);
#16734=LINE('',#814,#16737);
#16735=VECTOR('',#16738,1.0);
#16736=VECTOR('',#16739,1.0);
#16737=VECTOR('',#16740,1.0);
#16738=DIRECTION('',(-0.9998534062105542,0.01712209359723782,0));
#16739=DIRECTION('',(0.1119311429353852,-0.993715965073108,0));
#16740=DIRECTION('',(0.9999990934915814,-0.001346482831456442,0));
#16741=FACE_SURFACE('',(#16746),#16742,.T.);
#16742=PLANE('',#16743);
#16743=AXIS2_PLACEMENT_3D('',#818,#16744,#16745);
#16744=DIRECTION('',(0,0,1));
#16745=DIRECTION('',(-0.9999907948340452,0.004290716394092363,0));
#16746=FACE_BOUND('',#16747,.T.);
#16747=EDGE_LOOP('',(#16748,#16749,#16750));
#16748=ORIENTED_EDGE('',*,*,#16751,.T.);
#16749=ORIENTED_EDGE('',*,*,#16752,.T.);
#16750=ORIENTED_EDGE('',*,*,#16753,.T.);
#16751=EDGE_CURVE('',#819,#631,#16754,.F.);
#16752=EDGE_CURVE('',#631,#817,#16755,.T.);
#16753=EDGE_CURVE('',#817,#819,#16756,.T.);
#16754=LINE('',#818,#16757);
#16755=LINE('',#630,#16758);
#16756=LINE('',#816,#16759);
#16757=VECTOR('',#16760,1.0);
#16758=VECTOR('',#16761,1.0);
#16759=VECTOR('',#16762,1.0);
#16760=DIRECTION('',(-0.9999907948340452,0.004290716394092363,0));
#16761=DIRECTION('',(0.9998534062105542,-0.01712209359723782,0));
#16762=DIRECTION('',(0.587768023499229,0.8090295115456604,0));
#16763=FACE_SURFACE('',(#16768),#16764,.T.);
#16764=PLANE('',#16765);
#16765=AXIS2_PLACEMENT_3D('',#632,#16766,#16767);
#16766=DIRECTION('',(0,0,1));
#16767=DIRECTION('',(-0.9999812620787231,-0.006121722914683508,0));
#16768=FACE_BOUND('',#16769,.T.);
#16769=EDGE_LOOP('',(#16770,#16771,#16772));
#16770=ORIENTED_EDGE('',*,*,#16773,.T.);
#16771=ORIENTED_EDGE('',*,*,#16774,.T.);
#16772=ORIENTED_EDGE('',*,*,#16775,.T.);
#16773=EDGE_CURVE('',#633,#631,#16776,.F.);
#16774=EDGE_CURVE('',#631,#819,#16777,.T.);
#16775=EDGE_CURVE('',#819,#633,#16778,.T.);
#16776=LINE('',#632,#16779);
#16777=LINE('',#630,#16780);
#16778=LINE('',#818,#16781);
#16779=VECTOR('',#16782,1.0);
#16780=VECTOR('',#16783,1.0);
#16781=VECTOR('',#16784,1.0);
#16782=DIRECTION('',(-0.9999812620787231,-0.006121722914683508,0));
#16783=DIRECTION('',(0.9999907948340452,-0.004290716394092363,0));
#16784=DIRECTION('',(0.7431598501991354,0.6691139193381039,0));
#16785=FACE_SURFACE('',(#16790),#16786,.T.);
#16786=PLANE('',#16787);
#16787=AXIS2_PLACEMENT_3D('',#632,#16788,#16789);
#16788=DIRECTION('',(0.4999994009019389,-0.8660257496735893,0));
#16789=DIRECTION('',(0,0,-1));
#16790=FACE_BOUND('',#16791,.T.);
#16791=EDGE_LOOP('',(#16792,#16793,#16794));
#16792=ORIENTED_EDGE('',*,*,#16795,.T.);
#16793=ORIENTED_EDGE('',*,*,#16796,.T.);
#16794=ORIENTED_EDGE('',*,*,#16797,.T.);
#16795=EDGE_CURVE('',#633,#725,#16798,.F.);
#16796=EDGE_CURVE('',#725,#723,#16799,.T.);
#16797=EDGE_CURVE('',#723,#633,#16800,.T.);
#16798=LINE('',#632,#16801);
#16799=LINE('',#724,#16802);
#16800=LINE('',#722,#16803);
#16801=VECTOR('',#16804,1.0);
#16802=VECTOR('',#16805,1.0);
#16803=VECTOR('',#16806,1.0);
#16804=DIRECTION('',(0,0,-1));
#16805=DIRECTION('',(0.8660257496735893,0.4999994009019389,0));
#16806=DIRECTION('',(-0.09596299403306514,-0.055404171923725626,0.9938417789113397));
#16807=FACE_SURFACE('',(#16812),#16808,.T.);
#16808=PLANE('',#16809);
#16809=AXIS2_PLACEMENT_3D('',#818,#16810,#16811);
#16810=DIRECTION('',(0.6691139193381038,-0.7431598501991353,0));
#16811=DIRECTION('',(0.08235101734384374,0.07414584084656134,-0.9938413878620624));
#16812=FACE_BOUND('',#16813,.T.);
#16813=EDGE_LOOP('',(#16814,#16815,#16816));
#16814=ORIENTED_EDGE('',*,*,#16817,.T.);
#16815=ORIENTED_EDGE('',*,*,#16818,.T.);
#16816=ORIENTED_EDGE('',*,*,#16819,.T.);
#16817=EDGE_CURVE('',#819,#725,#16820,.F.);
#16818=EDGE_CURVE('',#725,#633,#16821,.T.);
#16819=EDGE_CURVE('',#633,#819,#16822,.T.);
#16820=LINE('',#818,#16823);
#16821=LINE('',#724,#16824);
#16822=LINE('',#632,#16825);
#16823=VECTOR('',#16826,1.0);
#16824=VECTOR('',#16827,1.0);
#16825=VECTOR('',#16828,1.0);
#16826=DIRECTION('',(0.08235101734384374,0.07414584084656134,-0.9938413878620624));
#16827=DIRECTION('',(0,0,1));
#16828=DIRECTION('',(-0.7431598501991354,-0.6691139193381039,0));
#16829=FACE_SURFACE('',(#16834),#16830,.T.);
#16830=PLANE('',#16831);
#16831=AXIS2_PLACEMENT_3D('',#726,#16832,#16833);
#16832=DIRECTION('',(0.330295384871032,-0.9438776185146551,0));
#16833=DIRECTION('',(0,0,1));
#16834=FACE_BOUND('',#16835,.T.);
#16835=EDGE_LOOP('',(#16836,#16837,#16838));
#16836=ORIENTED_EDGE('',*,*,#16839,.T.);
#16837=ORIENTED_EDGE('',*,*,#16840,.T.);
#16838=ORIENTED_EDGE('',*,*,#16841,.T.);
#16839=EDGE_CURVE('',#727,#635,#16842,.F.);
#16840=EDGE_CURVE('',#635,#821,#16843,.T.);
#16841=EDGE_CURVE('',#821,#727,#16844,.T.);
#16842=LINE('',#726,#16845);
#16843=LINE('',#634,#16846);
#16844=LINE('',#820,#16847);
#16845=VECTOR('',#16848,1.0);
#16846=VECTOR('',#16849,1.0);
#16847=VECTOR('',#16850,1.0);
#16848=DIRECTION('',(0,0,1));
#16849=DIRECTION('',(-0.9438776185146551,-0.330295384871032,0));
#16850=DIRECTION('',(0.10502410069617553,0.03675156088007051,-0.9937903506503966));
#16851=FACE_SURFACE('',(#16856),#16852,.T.);
#16852=PLANE('',#16853);
#16853=AXIS2_PLACEMENT_3D('',#822,#16854,#16855);
#16854=DIRECTION('',(0,0,1));
#16855=DIRECTION('',(0.9918027732015526,0.12777816350891003,0));
#16856=FACE_BOUND('',#16857,.T.);
#16857=EDGE_LOOP('',(#16858,#16859,#16860));
#16858=ORIENTED_EDGE('',*,*,#16861,.T.);
#16859=ORIENTED_EDGE('',*,*,#16862,.T.);
#16860=ORIENTED_EDGE('',*,*,#16863,.T.);
#16861=EDGE_CURVE('',#823,#821,#16864,.F.);
#16862=EDGE_CURVE('',#821,#635,#16865,.T.);
#16863=EDGE_CURVE('',#635,#823,#16866,.T.);
#16864=LINE('',#822,#16867);
#16865=LINE('',#820,#16868);
#16866=LINE('',#634,#16869);
#16867=VECTOR('',#16870,1.0);
#16868=VECTOR('',#16871,1.0);
#16869=VECTOR('',#16872,1.0);
#16870=DIRECTION('',(0.9918027732015526,0.12777816350891003,0));
#16871=DIRECTION('',(0.9438776185146551,0.330295384871032,0));
#16872=DIRECTION('',(-0.9905355771302569,-0.13725622185980776,0));
#16873=FACE_SURFACE('',(#16878),#16874,.T.);
#16874=PLANE('',#16875);
#16875=AXIS2_PLACEMENT_3D('',#822,#16876,#16877);
#16876=DIRECTION('',(0,0,1));
#16877=DIRECTION('',(0.9905355771302569,0.13725622185980776,0));
#16878=FACE_BOUND('',#16879,.T.);
#16879=EDGE_LOOP('',(#16880,#16881,#16882));
#16880=ORIENTED_EDGE('',*,*,#16883,.T.);
#16881=ORIENTED_EDGE('',*,*,#16884,.T.);
#16882=ORIENTED_EDGE('',*,*,#16885,.T.);
#16883=EDGE_CURVE('',#823,#635,#16886,.F.);
#16884=EDGE_CURVE('',#635,#637,#16887,.T.);
#16885=EDGE_CURVE('',#637,#823,#16888,.T.);
#16886=LINE('',#822,#16889);
#16887=LINE('',#634,#16890);
#16888=LINE('',#636,#16891);
#16889=VECTOR('',#16892,1.0);
#16890=VECTOR('',#16893,1.0);
#16891=VECTOR('',#16894,1.0);
#16892=DIRECTION('',(0.9905355771302569,0.13725622185980776,0));
#16893=DIRECTION('',(-0.9788184500143224,0.2047301685427907,0));
#16894=DIRECTION('',(-0.7071119908169492,-0.7071015715177635,0));
#16895=FACE_SURFACE('',(#16900),#16896,.T.);
#16896=PLANE('',#16897);
#16897=AXIS2_PLACEMENT_3D('',#728,#16898,#16899);
#16898=DIRECTION('',(-0.6663661385913765,0.7456246839656118,0));
#16899=DIRECTION('',(0,0,1));
#16900=FACE_BOUND('',#16901,.T.);
#16901=EDGE_LOOP('',(#16902,#16903,#16904));
#16902=ORIENTED_EDGE('',*,*,#16905,.T.);
#16903=ORIENTED_EDGE('',*,*,#16906,.T.);
#16904=ORIENTED_EDGE('',*,*,#16907,.T.);
#16905=EDGE_CURVE('',#729,#637,#16908,.F.);
#16906=EDGE_CURVE('',#637,#731,#16909,.T.);
#16907=EDGE_CURVE('',#731,#729,#16910,.T.);
#16908=LINE('',#728,#16911);
#16909=LINE('',#636,#16912);
#16910=LINE('',#730,#16913);
#16911=VECTOR('',#16914,1.0);
#16912=VECTOR('',#16915,1.0);
#16913=VECTOR('',#16916,1.0);
#16914=DIRECTION('',(0,0,1));
#16915=DIRECTION('',(0.1369835377907346,0.12242243730816134,-0.9829792760876822));
#16916=DIRECTION('',(-0.7456246839656118,-0.6663661385913765,0));
#16917=FACE_SURFACE('',(#16922),#16918,.T.);
#16918=PLANE('',#16919);
#16919=AXIS2_PLACEMENT_3D('',#730,#16920,#16921);
#16920=DIRECTION('',(-0.6663661385913765,0.7456246839656118,0));
#16921=DIRECTION('',(-0.1369835377907346,-0.12242243730816134,0.9829792760876822));
#16922=FACE_BOUND('',#16923,.T.);
#16923=EDGE_LOOP('',(#16924,#16925,#16926));
#16924=ORIENTED_EDGE('',*,*,#16927,.T.);
#16925=ORIENTED_EDGE('',*,*,#16928,.T.);
#16926=ORIENTED_EDGE('',*,*,#16929,.T.);
#16927=EDGE_CURVE('',#731,#637,#16930,.F.);
#16928=EDGE_CURVE('',#637,#639,#16931,.T.);
#16929=EDGE_CURVE('',#639,#731,#16932,.T.);
#16930=LINE('',#730,#16933);
#16931=LINE('',#636,#16934);
#16932=LINE('',#638,#16935);
#16933=VECTOR('',#16936,1.0);
#16934=VECTOR('',#16937,1.0);
#16935=VECTOR('',#16938,1.0);
#16936=DIRECTION('',(-0.1369835377907346,-0.12242243730816134,0.9829792760876822));
#16937=DIRECTION('',(0.7456246839656118,0.6663661385913765,0));
#16938=DIRECTION('',(0,0,-1));
#16939=FACE_SURFACE('',(#16944),#16940,.T.);
#16940=PLANE('',#16941);
#16941=AXIS2_PLACEMENT_3D('',#728,#16942,#16943);
#16942=DIRECTION('',(-0.7071015715177635,0.7071119908169492,0));
#16943=DIRECTION('',(-0.49397615193293865,-0.49396887319154487,0.7155293939730232));
#16944=FACE_BOUND('',#16945,.T.);
#16945=EDGE_LOOP('',(#16946,#16947,#16948));
#16946=ORIENTED_EDGE('',*,*,#16949,.T.);
#16947=ORIENTED_EDGE('',*,*,#16950,.T.);
#16948=ORIENTED_EDGE('',*,*,#16951,.T.);
#16949=EDGE_CURVE('',#729,#823,#16952,.F.);
#16950=EDGE_CURVE('',#823,#637,#16953,.T.);
#16951=EDGE_CURVE('',#637,#729,#16954,.T.);
#16952=LINE('',#728,#16955);
#16953=LINE('',#822,#16956);
#16954=LINE('',#636,#16957);
#16955=VECTOR('',#16958,1.0);
#16956=VECTOR('',#16959,1.0);
#16957=VECTOR('',#16960,1.0);
#16958=DIRECTION('',(-0.49397615193293865,-0.49396887319154487,0.7155293939730232));
#16959=DIRECTION('',(0.7071119908169492,0.7071015715177635,0));
#16960=DIRECTION('',(0,0,-1));
#16961=FACE_SURFACE('',(#16966),#16962,.T.);
#16962=PLANE('',#16963);
#16963=AXIS2_PLACEMENT_3D('',#730,#16964,#16965);
#16964=DIRECTION('',(-0.5786816147953924,0.8155535474129194,0));
#16965=DIRECTION('',(0,0,1));
#16966=FACE_BOUND('',#16967,.T.);
#16967=EDGE_LOOP('',(#16968,#16969,#16970));
#16968=ORIENTED_EDGE('',*,*,#16971,.T.);
#16969=ORIENTED_EDGE('',*,*,#16972,.T.);
#16970=ORIENTED_EDGE('',*,*,#16973,.T.);
#16971=EDGE_CURVE('',#731,#639,#16974,.F.);
#16972=EDGE_CURVE('',#639,#735,#16975,.T.);
#16973=EDGE_CURVE('',#735,#731,#16976,.T.);
#16974=LINE('',#730,#16977);
#16975=LINE('',#638,#16978);
#16976=LINE('',#734,#16979);
#16977=VECTOR('',#16980,1.0);
#16978=VECTOR('',#16981,1.0);
#16979=VECTOR('',#16982,1.0);
#16980=DIRECTION('',(0,0,1));
#16981=DIRECTION('',(0.14983074002722532,0.10631342952278827,-0.9829792490414013));
#16982=DIRECTION('',(-0.8155535474129195,-0.5786816147953924,0));
#16983=FACE_SURFACE('',(#16988),#16984,.T.);
#16984=PLANE('',#16985);
#16985=AXIS2_PLACEMENT_3D('',#734,#16986,#16987);
#16986=DIRECTION('',(-0.5786816147953924,0.8155535474129194,0));
#16987=DIRECTION('',(-0.14983074002722532,-0.10631342952278827,0.9829792490414013));
#16988=FACE_BOUND('',#16989,.T.);
#16989=EDGE_LOOP('',(#16990,#16991,#16992));
#16990=ORIENTED_EDGE('',*,*,#16993,.T.);
#16991=ORIENTED_EDGE('',*,*,#16994,.T.);
#16992=ORIENTED_EDGE('',*,*,#16995,.T.);
#16993=EDGE_CURVE('',#735,#639,#16996,.F.);
#16994=EDGE_CURVE('',#639,#643,#16997,.T.);
#16995=EDGE_CURVE('',#643,#735,#16998,.T.);
#16996=LINE('',#734,#16999);
#16997=LINE('',#638,#17000);
#16998=LINE('',#642,#17001);
#16999=VECTOR('',#17002,1.0);
#17000=VECTOR('',#17003,1.0);
#17001=VECTOR('',#17004,1.0);
#17002=DIRECTION('',(-0.14983074002722532,-0.10631342952278827,0.9829792490414013));
#17003=DIRECTION('',(0.8155535474129195,0.5786816147953924,0));
#17004=DIRECTION('',(0,0,-1));
#17005=FACE_SURFACE('',(#17010),#17006,.T.);
#17006=PLANE('',#17007);
#17007=AXIS2_PLACEMENT_3D('',#732,#17008,#17009);
#17008=DIRECTION('',(0.04362090510076099,0.9990481553149431,-0));
#17009=DIRECTION('',(-0.27897084013292633,0.012180554539417337,0.960222320323081));
#17010=FACE_BOUND('',#17011,.T.);
#17011=EDGE_LOOP('',(#17012,#17013,#17014));
#17012=ORIENTED_EDGE('',*,*,#17015,.T.);
#17013=ORIENTED_EDGE('',*,*,#17016,.T.);
#17014=ORIENTED_EDGE('',*,*,#17017,.T.);
#17015=EDGE_CURVE('',#733,#645,#17018,.F.);
#17016=EDGE_CURVE('',#645,#641,#17019,.T.);
#17017=EDGE_CURVE('',#641,#733,#17020,.T.);
#17018=LINE('',#732,#17021);
#17019=LINE('',#644,#17022);
#17020=LINE('',#640,#17023);
#17021=VECTOR('',#17024,1.0);
#17022=VECTOR('',#17025,1.0);
#17023=VECTOR('',#17026,1.0);
#17024=DIRECTION('',(-0.27897084013292633,0.012180554539417337,0.960222320323081));
#17025=DIRECTION('',(0.999048155314943,-0.04362090510076099,0));
#17026=DIRECTION('',(0,0,-1));
#17027=FACE_SURFACE('',(#17032),#17028,.T.);
#17028=PLANE('',#17029);
#17029=AXIS2_PLACEMENT_3D('',#734,#17030,#17031);
#17030=DIRECTION('',(-0.48370278829481034,0.8752323192134909,0));
#17031=DIRECTION('',(0,0,1));
#17032=FACE_BOUND('',#17033,.T.);
#17033=EDGE_LOOP('',(#17034,#17035,#17036));
#17034=ORIENTED_EDGE('',*,*,#17037,.T.);
#17035=ORIENTED_EDGE('',*,*,#17038,.T.);
#17036=ORIENTED_EDGE('',*,*,#17039,.T.);
#17037=EDGE_CURVE('',#735,#643,#17040,.F.);
#17038=EDGE_CURVE('',#643,#739,#17041,.T.);
#17039=EDGE_CURVE('',#739,#735,#17042,.T.);
#17040=LINE('',#734,#17043);
#17041=LINE('',#642,#17044);
#17042=LINE('',#738,#17045);
#17043=VECTOR('',#17046,1.0);
#17044=VECTOR('',#17047,1.0);
#17045=VECTOR('',#17048,1.0);
#17046=DIRECTION('',(0,0,1));
#17047=DIRECTION('',(0.16080567895182107,0.08887029600613154,-0.9829769092428501));
#17048=DIRECTION('',(-0.8752323192134909,-0.4837027882948103,0));
#17049=FACE_SURFACE('',(#17054),#17050,.T.);
#17050=PLANE('',#17051);
#17051=AXIS2_PLACEMENT_3D('',#738,#17052,#17053);
#17052=DIRECTION('',(-0.48370278829481034,0.8752323192134909,0));
#17053=DIRECTION('',(-0.16080567895182107,-0.08887029600613154,0.9829769092428501));
#17054=FACE_BOUND('',#17055,.T.);
#17055=EDGE_LOOP('',(#17056,#17057,#17058));
#17056=ORIENTED_EDGE('',*,*,#17059,.T.);
#17057=ORIENTED_EDGE('',*,*,#17060,.T.);
#17058=ORIENTED_EDGE('',*,*,#17061,.T.);
#17059=EDGE_CURVE('',#739,#643,#17062,.F.);
#17060=EDGE_CURVE('',#643,#647,#17063,.T.);
#17061=EDGE_CURVE('',#647,#739,#17064,.T.);
#17062=LINE('',#738,#17065);
#17063=LINE('',#642,#17066);
#17064=LINE('',#646,#17067);
#17065=VECTOR('',#17068,1.0);
#17066=VECTOR('',#17069,1.0);
#17067=VECTOR('',#17070,1.0);
#17068=DIRECTION('',(-0.16080567895182107,-0.08887029600613154,0.9829769092428501));
#17069=DIRECTION('',(0.8752323192134909,0.4837027882948103,0));
#17070=DIRECTION('',(0,0,-1));
#17071=FACE_SURFACE('',(#17076),#17072,.T.);
#17072=PLANE('',#17073);
#17073=AXIS2_PLACEMENT_3D('',#736,#17074,#17075);
#17074=DIRECTION('',(0.04362090510076099,0.9990481553149431,-0));
#17075=DIRECTION('',(0,0,1));
#17076=FACE_BOUND('',#17077,.T.);
#17077=EDGE_LOOP('',(#17078,#17079,#17080));
#17078=ORIENTED_EDGE('',*,*,#17081,.T.);
#17079=ORIENTED_EDGE('',*,*,#17082,.T.);
#17080=ORIENTED_EDGE('',*,*,#17083,.T.);
#17081=EDGE_CURVE('',#737,#645,#17084,.F.);
#17082=EDGE_CURVE('',#645,#733,#17085,.T.);
#17083=EDGE_CURVE('',#733,#737,#17086,.T.);
#17084=LINE('',#736,#17087);
#17085=LINE('',#644,#17088);
#17086=LINE('',#732,#17089);
#17087=VECTOR('',#17090,1.0);
#17088=VECTOR('',#17091,1.0);
#17089=VECTOR('',#17092,1.0);
#17090=DIRECTION('',(0,0,1));
#17091=DIRECTION('',(0.27897084013292633,-0.012180554539417337,-0.960222320323081));
#17092=DIRECTION('',(-0.999048155314943,0.04362090510076099,0));
#17093=FACE_SURFACE('',(#17098),#17094,.T.);
#17094=PLANE('',#17095);
#17095=AXIS2_PLACEMENT_3D('',#740,#17096,#17097);
#17096=DIRECTION('',(0,1,0));
#17097=DIRECTION('',(0.9926722254971528,0,0.12083812612966928));
#17098=FACE_BOUND('',#17099,.T.);
#17099=EDGE_LOOP('',(#17100,#17101,#17102));
#17100=ORIENTED_EDGE('',*,*,#17103,.T.);
#17101=ORIENTED_EDGE('',*,*,#17104,.T.);
#17102=ORIENTED_EDGE('',*,*,#17105,.T.);
#17103=EDGE_CURVE('',#741,#645,#17106,.F.);
#17104=EDGE_CURVE('',#645,#737,#17107,.T.);
#17105=EDGE_CURVE('',#737,#741,#17108,.T.);
#17106=LINE('',#740,#17109);
#17107=LINE('',#644,#17110);
#17108=LINE('',#736,#17111);
#17109=VECTOR('',#17112,1.0);
#17110=VECTOR('',#17113,1.0);
#17111=VECTOR('',#17114,1.0);
#17112=DIRECTION('',(0.9926722254971528,0,0.12083812612966928));
#17113=DIRECTION('',(0,0,-1));
#17114=DIRECTION('',(-1,0,0));
#17115=FACE_SURFACE('',(#17120),#17116,.T.);
#17116=PLANE('',#17117);
#17117=AXIS2_PLACEMENT_3D('',#648,#17118,#17119);
#17118=DIRECTION('',(-0,1,0));
#17119=DIRECTION('',(1,0,0));
#17120=FACE_BOUND('',#17121,.T.);
#17121=EDGE_LOOP('',(#17122,#17123,#17124));
#17122=ORIENTED_EDGE('',*,*,#17125,.T.);
#17123=ORIENTED_EDGE('',*,*,#17126,.T.);
#17124=ORIENTED_EDGE('',*,*,#17127,.T.);
#17125=EDGE_CURVE('',#649,#645,#17128,.F.);
#17126=EDGE_CURVE('',#645,#741,#17129,.T.);
#17127=EDGE_CURVE('',#741,#649,#17130,.T.);
#17128=LINE('',#648,#17131);
#17129=LINE('',#644,#17132);
#17130=LINE('',#740,#17133);
#17131=VECTOR('',#17134,1.0);
#17132=VECTOR('',#17135,1.0);
#17133=VECTOR('',#17136,1.0);
#17134=DIRECTION('',(1,0,0));
#17135=DIRECTION('',(-0.9926722254971528,0,-0.12083812612966928));
#17136=DIRECTION('',(0,0,1));
#17137=FACE_SURFACE('',(#17142),#17138,.T.);
#17138=PLANE('',#17139);
#17139=AXIS2_PLACEMENT_3D('',#738,#17140,#17141);
#17140=DIRECTION('',(-0.3826975873240424,0.9238736692082727,0));
#17141=DIRECTION('',(0,0,1));
#17142=FACE_BOUND('',#17143,.T.);
#17143=EDGE_LOOP('',(#17144,#17145,#17146));
#17144=ORIENTED_EDGE('',*,*,#17147,.T.);
#17145=ORIENTED_EDGE('',*,*,#17148,.T.);
#17146=ORIENTED_EDGE('',*,*,#17149,.T.);
#17147=EDGE_CURVE('',#739,#647,#17150,.F.);
#17148=EDGE_CURVE('',#647,#743,#17151,.T.);
#17149=EDGE_CURVE('',#743,#739,#17152,.T.);
#17150=LINE('',#738,#17153);
#17151=LINE('',#646,#17154);
#17152=LINE('',#742,#17155);
#17153=VECTOR('',#17156,1.0);
#17154=VECTOR('',#17157,1.0);
#17155=VECTOR('',#17158,1.0);
#17156=DIRECTION('',(0,0,1));
#17157=DIRECTION('',(0.16972569394111978,0.07030573090564247,-0.9829803116126125));
#17158=DIRECTION('',(-0.9238736692082726,-0.38269758732404235,0));
#17159=FACE_SURFACE('',(#17164),#17160,.T.);
#17160=PLANE('',#17161);
#17161=AXIS2_PLACEMENT_3D('',#742,#17162,#17163);
#17162=DIRECTION('',(-0.3826975873240424,0.9238736692082727,0));
#17163=DIRECTION('',(-0.16972569394111978,-0.07030573090564247,0.9829803116126125));
#17164=FACE_BOUND('',#17165,.T.);
#17165=EDGE_LOOP('',(#17166,#17167,#17168));
#17166=ORIENTED_EDGE('',*,*,#17169,.T.);
#17167=ORIENTED_EDGE('',*,*,#17170,.T.);
#17168=ORIENTED_EDGE('',*,*,#17171,.T.);
#17169=EDGE_CURVE('',#743,#647,#17172,.F.);
#17170=EDGE_CURVE('',#647,#651,#17173,.T.);
#17171=EDGE_CURVE('',#651,#743,#17174,.T.);
#17172=LINE('',#742,#17175);
#17173=LINE('',#646,#17176);
#17174=LINE('',#650,#17177);
#17175=VECTOR('',#17178,1.0);
#17176=VECTOR('',#17179,1.0);
#17177=VECTOR('',#17180,1.0);
#17178=DIRECTION('',(-0.16972569394111978,-0.07030573090564247,0.9829803116126125));
#17179=DIRECTION('',(0.9238736692082726,0.38269758732404235,0));
#17180=DIRECTION('',(0,0,-1));
#17181=FACE_SURFACE('',(#17186),#17182,.T.);
#17182=PLANE('',#17183);
#17183=AXIS2_PLACEMENT_3D('',#740,#17184,#17185);
#17184=DIRECTION('',(-0.05606084685678333,0.998427354117314,0));
#17185=DIRECTION('',(-0.18342863096886824,-0.010299361638570339,0.9829790742893384));
#17186=FACE_BOUND('',#17187,.T.);
#17187=EDGE_LOOP('',(#17188,#17189,#17190));
#17188=ORIENTED_EDGE('',*,*,#17191,.T.);
#17189=ORIENTED_EDGE('',*,*,#17192,.T.);
#17190=ORIENTED_EDGE('',*,*,#17193,.T.);
#17191=EDGE_CURVE('',#741,#653,#17194,.F.);
#17192=EDGE_CURVE('',#653,#649,#17195,.T.);
#17193=EDGE_CURVE('',#649,#741,#17196,.T.);
#17194=LINE('',#740,#17197);
#17195=LINE('',#652,#17198);
#17196=LINE('',#648,#17199);
#17197=VECTOR('',#17200,1.0);
#17198=VECTOR('',#17201,1.0);
#17199=VECTOR('',#17202,1.0);
#17200=DIRECTION('',(-0.18342863096886824,-0.010299361638570339,0.9829790742893384));
#17201=DIRECTION('',(0.998427354117314,0.05606084685678333,0));
#17202=DIRECTION('',(0,0,-1));
#17203=FACE_SURFACE('',(#17208),#17204,.T.);
#17204=PLANE('',#17205);
#17205=AXIS2_PLACEMENT_3D('',#742,#17206,#17207);
#17206=DIRECTION('',(-0.276846793908655,0.9609140714457765,0));
#17207=DIRECTION('',(0,0,1));
#17208=FACE_BOUND('',#17209,.T.);
#17209=EDGE_LOOP('',(#17210,#17211,#17212));
#17210=ORIENTED_EDGE('',*,*,#17213,.T.);
#17211=ORIENTED_EDGE('',*,*,#17214,.T.);
#17212=ORIENTED_EDGE('',*,*,#17215,.T.);
#17213=EDGE_CURVE('',#743,#651,#17216,.F.);
#17214=EDGE_CURVE('',#651,#747,#17217,.T.);
#17215=EDGE_CURVE('',#747,#743,#17218,.T.);
#17216=LINE('',#742,#17219);
#17217=LINE('',#650,#17220);
#17218=LINE('',#746,#17221);
#17219=VECTOR('',#17222,1.0);
#17220=VECTOR('',#17223,1.0);
#17221=VECTOR('',#17224,1.0);
#17222=DIRECTION('',(0,0,1));
#17223=DIRECTION('',(0.17654091355578252,0.05086280590946822,-0.982978270775049));
#17224=DIRECTION('',(-0.9609140714457763,-0.276846793908655,0));
#17225=FACE_SURFACE('',(#17230),#17226,.T.);
#17226=PLANE('',#17227);
#17227=AXIS2_PLACEMENT_3D('',#746,#17228,#17229);
#17228=DIRECTION('',(-0.276846793908655,0.9609140714457765,0));
#17229=DIRECTION('',(-0.17654091355578252,-0.05086280590946822,0.982978270775049));
#17230=FACE_BOUND('',#17231,.T.);
#17231=EDGE_LOOP('',(#17232,#17233,#17234));
#17232=ORIENTED_EDGE('',*,*,#17235,.T.);
#17233=ORIENTED_EDGE('',*,*,#17236,.T.);
#17234=ORIENTED_EDGE('',*,*,#17237,.T.);
#17235=EDGE_CURVE('',#747,#651,#17238,.F.);
#17236=EDGE_CURVE('',#651,#655,#17239,.T.);
#17237=EDGE_CURVE('',#655,#747,#17240,.T.);
#17238=LINE('',#746,#17241);
#17239=LINE('',#650,#17242);
#17240=LINE('',#654,#17243);
#17241=VECTOR('',#17244,1.0);
#17242=VECTOR('',#17245,1.0);
#17243=VECTOR('',#17246,1.0);
#17244=DIRECTION('',(-0.17654091355578252,-0.05086280590946822,0.982978270775049));
#17245=DIRECTION('',(0.9609140714457763,0.276846793908655,0));
#17246=DIRECTION('',(0,0,-1));
#17247=FACE_SURFACE('',(#17252),#17248,.T.);
#17248=PLANE('',#17249);
#17249=AXIS2_PLACEMENT_3D('',#744,#17250,#17251);
#17250=DIRECTION('',(-0.05606084685678333,0.998427354117314,0));
#17251=DIRECTION('',(0,0,1));
#17252=FACE_BOUND('',#17253,.T.);
#17253=EDGE_LOOP('',(#17254,#17255,#17256));
#17254=ORIENTED_EDGE('',*,*,#17257,.T.);
#17255=ORIENTED_EDGE('',*,*,#17258,.T.);
#17256=ORIENTED_EDGE('',*,*,#17259,.T.);
#17257=EDGE_CURVE('',#745,#653,#17260,.F.);
#17258=EDGE_CURVE('',#653,#741,#17261,.T.);
#17259=EDGE_CURVE('',#741,#745,#17262,.T.);
#17260=LINE('',#744,#17263);
#17261=LINE('',#652,#17264);
#17262=LINE('',#740,#17265);
#17263=VECTOR('',#17266,1.0);
#17264=VECTOR('',#17267,1.0);
#17265=VECTOR('',#17268,1.0);
#17266=DIRECTION('',(0,0,1));
#17267=DIRECTION('',(0.18342863096886824,0.010299361638570339,-0.9829790742893384));
#17268=DIRECTION('',(-0.998427354117314,-0.05606084685678333,0));
#17269=FACE_SURFACE('',(#17274),#17270,.T.);
#17270=PLANE('',#17271);
#17271=AXIS2_PLACEMENT_3D('',#744,#17272,#17273);
#17272=DIRECTION('',(-0.1675049312243125,0.9858712380506586,0));
#17273=DIRECTION('',(-0.18112467514684838,-0.030774075845328406,0.9829785390886286));
#17274=FACE_BOUND('',#17275,.T.);
#17275=EDGE_LOOP('',(#17276,#17277,#17278));
#17276=ORIENTED_EDGE('',*,*,#17279,.T.);
#17277=ORIENTED_EDGE('',*,*,#17280,.T.);
#17278=ORIENTED_EDGE('',*,*,#17281,.T.);
#17279=EDGE_CURVE('',#745,#655,#17282,.F.);
#17280=EDGE_CURVE('',#655,#653,#17283,.T.);
#17281=EDGE_CURVE('',#653,#745,#17284,.T.);
#17282=LINE('',#744,#17285);
#17283=LINE('',#654,#17286);
#17284=LINE('',#652,#17287);
#17285=VECTOR('',#17288,1.0);
#17286=VECTOR('',#17289,1.0);
#17287=VECTOR('',#17290,1.0);
#17288=DIRECTION('',(-0.18112467514684838,-0.030774075845328406,0.9829785390886286));
#17289=DIRECTION('',(0.9858712380506585,0.16750493122431248,0));
#17290=DIRECTION('',(0,0,-1));
#17291=FACE_SURFACE('',(#17296),#17292,.T.);
#17292=PLANE('',#17293);
#17293=AXIS2_PLACEMENT_3D('',#746,#17294,#17295);
#17294=DIRECTION('',(-0.1675049312243125,0.9858712380506586,0));
#17295=DIRECTION('',(0,0,1));
#17296=FACE_BOUND('',#17297,.T.);
#17297=EDGE_LOOP('',(#17298,#17299,#17300));
#17298=ORIENTED_EDGE('',*,*,#17301,.T.);
#17299=ORIENTED_EDGE('',*,*,#17302,.T.);
#17300=ORIENTED_EDGE('',*,*,#17303,.T.);
#17301=EDGE_CURVE('',#747,#655,#17304,.F.);
#17302=EDGE_CURVE('',#655,#745,#17305,.T.);
#17303=EDGE_CURVE('',#745,#747,#17306,.T.);
#17304=LINE('',#746,#17307);
#17305=LINE('',#654,#17308);
#17306=LINE('',#744,#17309);
#17307=VECTOR('',#17310,1.0);
#17308=VECTOR('',#17311,1.0);
#17309=VECTOR('',#17312,1.0);
#17310=DIRECTION('',(0,0,1));
#17311=DIRECTION('',(0.18112467514684838,0.030774075845328406,-0.9829785390886286));
#17312=DIRECTION('',(-0.9858712380506585,-0.16750493122431248,0));
#17313=FACE_SURFACE('',(#17318),#17314,.T.);
#17314=PLANE('',#17315);
#17315=AXIS2_PLACEMENT_3D('',#658,#17316,#17317);
#17316=DIRECTION('',(-0.5877506703164386,-0.8090421185220069,-0));
#17317=DIRECTION('',(0,0,-1));
#17318=FACE_BOUND('',#17319,.T.);
#17319=EDGE_LOOP('',(#17320,#17321,#17322));
#17320=ORIENTED_EDGE('',*,*,#17323,.T.);
#17321=ORIENTED_EDGE('',*,*,#17324,.T.);
#17322=ORIENTED_EDGE('',*,*,#17325,.T.);
#17323=EDGE_CURVE('',#659,#657,#17326,.F.);
#17324=EDGE_CURVE('',#657,#749,#17327,.T.);
#17325=EDGE_CURVE('',#749,#659,#17328,.T.);
#17326=LINE('',#658,#17329);
#17327=LINE('',#656,#17330);
#17328=LINE('',#748,#17331);
#17329=VECTOR('',#17332,1.0);
#17330=VECTOR('',#17333,1.0);
#17331=VECTOR('',#17334,1.0);
#17332=DIRECTION('',(0,0,-1));
#17333=DIRECTION('',(0.8090421185220069,-0.5877506703164386,0));
#17334=DIRECTION('',(-0.089654358017982,0.06513184890562101,0.9938410025484553));
#17335=FACE_SURFACE('',(#17340),#17336,.T.);
#17336=PLANE('',#17337);
#17337=AXIS2_PLACEMENT_3D('',#658,#17338,#17339);
#17338=DIRECTION('',(-0.5877506703164386,-0.8090421185220069,0));
#17339=DIRECTION('',(0.089654358017982,-0.06513184890562101,-0.9938410025484553));
#17340=FACE_BOUND('',#17341,.T.);
#17341=EDGE_LOOP('',(#17342,#17343,#17344));
#17342=ORIENTED_EDGE('',*,*,#17345,.T.);
#17343=ORIENTED_EDGE('',*,*,#17346,.T.);
#17344=ORIENTED_EDGE('',*,*,#17347,.T.);
#17345=EDGE_CURVE('',#659,#749,#17348,.F.);
#17346=EDGE_CURVE('',#749,#665,#17349,.T.);
#17347=EDGE_CURVE('',#665,#659,#17350,.T.);
#17348=LINE('',#658,#17351);
#17349=LINE('',#748,#17352);
#17350=LINE('',#664,#17353);
#17351=VECTOR('',#17354,1.0);
#17352=VECTOR('',#17355,1.0);
#17353=VECTOR('',#17356,1.0);
#17354=DIRECTION('',(0.089654358017982,-0.06513184890562101,-0.9938410025484553));
#17355=DIRECTION('',(0,0,1));
#17356=DIRECTION('',(-0.8090421185220069,0.5877506703164386,0));
#17357=FACE_SURFACE('',(#17362),#17358,.T.);
#17358=PLANE('',#17359);
#17359=AXIS2_PLACEMENT_3D('',#660,#17360,#17361);
#17360=DIRECTION('',(0.9762962436672724,0.21643854693925027,-0));
#17361=DIRECTION('',(0,0,1));
#17362=FACE_BOUND('',#17363,.T.);
#17363=EDGE_LOOP('',(#17364,#17365,#17366));
#17364=ORIENTED_EDGE('',*,*,#17367,.T.);
#17365=ORIENTED_EDGE('',*,*,#17368,.T.);
#17366=ORIENTED_EDGE('',*,*,#17369,.T.);
#17367=EDGE_CURVE('',#661,#663,#17370,.F.);
#17368=EDGE_CURVE('',#663,#825,#17371,.T.);
#17369=EDGE_CURVE('',#825,#661,#17372,.T.);
#17370=LINE('',#660,#17373);
#17371=LINE('',#662,#17374);
#17372=LINE('',#824,#17375);
#17373=VECTOR('',#17376,1.0);
#17374=VECTOR('',#17377,1.0);
#17375=VECTOR('',#17378,1.0);
#17376=DIRECTION('',(0,0,1));
#17377=DIRECTION('',(0.06043600048209041,-0.2726105912617282,-0.9602244296921735));
#17378=DIRECTION('',(-0.21643854693925027,0.9762962436672724,0));
#17379=FACE_SURFACE('',(#17384),#17380,.T.);
#17380=PLANE('',#17381);
#17381=AXIS2_PLACEMENT_3D('',#824,#17382,#17383);
#17382=DIRECTION('',(0,0,-1));
#17383=DIRECTION('',(-0.9831373189552562,0.1828688384538785,0));
#17384=FACE_BOUND('',#17385,.T.);
#17385=EDGE_LOOP('',(#17386,#17387,#17388));
#17386=ORIENTED_EDGE('',*,*,#17389,.T.);
#17387=ORIENTED_EDGE('',*,*,#17390,.T.);
#17388=ORIENTED_EDGE('',*,*,#17391,.T.);
#17389=EDGE_CURVE('',#825,#827,#17392,.F.);
#17390=EDGE_CURVE('',#827,#661,#17393,.T.);
#17391=EDGE_CURVE('',#661,#825,#17394,.T.);
#17392=LINE('',#824,#17395);
#17393=LINE('',#826,#17396);
#17394=LINE('',#660,#17397);
#17395=VECTOR('',#17398,1.0);
#17396=VECTOR('',#17399,1.0);
#17397=VECTOR('',#17400,1.0);
#17398=DIRECTION('',(-0.9831373189552562,0.1828688384538785,0));
#17399=DIRECTION('',(0.9995504969762229,0.029980059949667855,0));
#17400=DIRECTION('',(0.21643854693925027,-0.9762962436672724,0));
#17401=FACE_SURFACE('',(#17406),#17402,.T.);
#17402=PLANE('',#17403);
#17403=AXIS2_PLACEMENT_3D('',#660,#17404,#17405);
#17404=DIRECTION('',(-0,0,-1));
#17405=DIRECTION('',(-0.9995504969762229,-0.029980059949667855,0));
#17406=FACE_BOUND('',#17407,.T.);
#17407=EDGE_LOOP('',(#17408,#17409,#17410));
#17408=ORIENTED_EDGE('',*,*,#17411,.T.);
#17409=ORIENTED_EDGE('',*,*,#17412,.T.);
#17410=ORIENTED_EDGE('',*,*,#17413,.T.);
#17411=EDGE_CURVE('',#661,#827,#17414,.F.);
#17412=EDGE_CURVE('',#827,#829,#17415,.T.);
#17413=EDGE_CURVE('',#829,#661,#17416,.T.);
#17414=LINE('',#660,#17417);
#17415=LINE('',#826,#17418);
#17416=LINE('',#828,#17419);
#17417=VECTOR('',#17420,1.0);
#17418=VECTOR('',#17421,1.0);
#17419=VECTOR('',#17422,1.0);
#17420=DIRECTION('',(-0.9995504969762229,-0.029980059949667855,0));
#17421=DIRECTION('',(-0.30903655969634947,0.951050158914368,0));
#17422=DIRECTION('',(0.9986136557908225,-0.052638070520190226,0));
#17423=FACE_SURFACE('',(#17428),#17424,.T.);
#17424=PLANE('',#17425);
#17425=AXIS2_PLACEMENT_3D('',#660,#17426,#17427);
#17426=DIRECTION('',(0,0,-1));
#17427=DIRECTION('',(-0.9926349858198746,0.12114365409041114,0));
#17428=FACE_BOUND('',#17429,.T.);
#17429=EDGE_LOOP('',(#17430,#17431,#17432));
#17430=ORIENTED_EDGE('',*,*,#17433,.T.);
#17431=ORIENTED_EDGE('',*,*,#17434,.T.);
#17432=ORIENTED_EDGE('',*,*,#17435,.T.);
#17433=EDGE_CURVE('',#661,#831,#17436,.F.);
#17434=EDGE_CURVE('',#831,#749,#17437,.T.);
#17435=EDGE_CURVE('',#749,#661,#17438,.T.);
#17436=LINE('',#660,#17439);
#17437=LINE('',#830,#17440);
#17438=LINE('',#748,#17441);
#17439=VECTOR('',#17442,1.0);
#17440=VECTOR('',#17443,1.0);
#17441=VECTOR('',#17444,1.0);
#17442=DIRECTION('',(-0.9926349858198746,0.12114365409041114,0));
#17443=DIRECTION('',(-0.6691119110523942,0.7431616583811446,0));
#17444=DIRECTION('',(0.9852306006873822,-0.17123277568613976,0));
#17445=FACE_SURFACE('',(#17450),#17446,.T.);
#17446=PLANE('',#17447);
#17447=AXIS2_PLACEMENT_3D('',#828,#17448,#17449);
#17448=DIRECTION('',(0,0,-1));
#17449=DIRECTION('',(-0.4999699128736303,0.866042773898111,0));
#17450=FACE_BOUND('',#17451,.T.);
#17451=EDGE_LOOP('',(#17452,#17453,#17454));
#17452=ORIENTED_EDGE('',*,*,#17455,.T.);
#17453=ORIENTED_EDGE('',*,*,#17456,.T.);
#17454=ORIENTED_EDGE('',*,*,#17457,.T.);
#17455=EDGE_CURVE('',#829,#831,#17458,.F.);
#17456=EDGE_CURVE('',#831,#661,#17459,.T.);
#17457=EDGE_CURVE('',#661,#829,#17460,.T.);
#17458=LINE('',#828,#17461);
#17459=LINE('',#830,#17462);
#17460=LINE('',#660,#17463);
#17461=VECTOR('',#17464,1.0);
#17462=VECTOR('',#17465,1.0);
#17463=VECTOR('',#17466,1.0);
#17464=DIRECTION('',(-0.4999699128736303,0.866042773898111,0));
#17465=DIRECTION('',(0.9926349858198746,-0.12114365409041114,0));
#17466=DIRECTION('',(-0.9986136557908225,0.052638070520190226,0));
#17467=FACE_SURFACE('',(#17472),#17468,.T.);
#17468=PLANE('',#17469);
#17469=AXIS2_PLACEMENT_3D('',#824,#17470,#17471);
#17470=DIRECTION('',(0.9762962436672724,0.21643854693925027,-0));
#17471=DIRECTION('',(-0.06043600048209041,0.2726105912617282,0.9602244296921735));
#17472=FACE_BOUND('',#17473,.T.);
#17473=EDGE_LOOP('',(#17474,#17475,#17476));
#17474=ORIENTED_EDGE('',*,*,#17477,.T.);
#17475=ORIENTED_EDGE('',*,*,#17478,.T.);
#17476=ORIENTED_EDGE('',*,*,#17479,.T.);
#17477=EDGE_CURVE('',#825,#663,#17480,.F.);
#17478=EDGE_CURVE('',#663,#833,#17481,.T.);
#17479=EDGE_CURVE('',#833,#825,#17482,.T.);
#17480=LINE('',#824,#17483);
#17481=LINE('',#662,#17484);
#17482=LINE('',#832,#17485);
#17483=VECTOR('',#17486,1.0);
#17484=VECTOR('',#17487,1.0);
#17485=VECTOR('',#17488,1.0);
#17486=DIRECTION('',(-0.06043600048209041,0.2726105912617282,0.9602244296921735));
#17487=DIRECTION('',(0.21643854693925027,-0.9762962436672724,0));
#17488=DIRECTION('',(0,0,-1));
#17489=FACE_SURFACE('',(#17494),#17490,.T.);
#17490=PLANE('',#17491);
#17491=AXIS2_PLACEMENT_3D('',#662,#17492,#17493);
#17492=DIRECTION('',(0,0,1));
#17493=DIRECTION('',(-0.9995504969762229,-0.029980059949667855,0));
#17494=FACE_BOUND('',#17495,.T.);
#17495=EDGE_LOOP('',(#17496,#17497,#17498));
#17496=ORIENTED_EDGE('',*,*,#17499,.T.);
#17497=ORIENTED_EDGE('',*,*,#17500,.T.);
#17498=ORIENTED_EDGE('',*,*,#17501,.T.);
#17499=EDGE_CURVE('',#663,#835,#17502,.F.);
#17500=EDGE_CURVE('',#835,#833,#17503,.T.);
#17501=EDGE_CURVE('',#833,#663,#17504,.T.);
#17502=LINE('',#662,#17505);
#17503=LINE('',#834,#17506);
#17504=LINE('',#832,#17507);
#17505=VECTOR('',#17508,1.0);
#17506=VECTOR('',#17509,1.0);
#17507=VECTOR('',#17510,1.0);
#17508=DIRECTION('',(-0.9995504969762229,-0.029980059949667855,0));
#17509=DIRECTION('',(0.9831373189552562,-0.1828688384538785,0));
#17510=DIRECTION('',(-0.21643854693925027,0.9762962436672724,0));
#17511=FACE_SURFACE('',(#17516),#17512,.T.);
#17512=PLANE('',#17513);
#17513=AXIS2_PLACEMENT_3D('',#836,#17514,#17515);
#17514=DIRECTION('',(0,0,1));
#17515=DIRECTION('',(0.30903655969634947,-0.951050158914368,0));
#17516=FACE_BOUND('',#17517,.T.);
#17517=EDGE_LOOP('',(#17518,#17519,#17520));
#17518=ORIENTED_EDGE('',*,*,#17521,.T.);
#17519=ORIENTED_EDGE('',*,*,#17522,.T.);
#17520=ORIENTED_EDGE('',*,*,#17523,.T.);
#17521=EDGE_CURVE('',#837,#835,#17524,.F.);
#17522=EDGE_CURVE('',#835,#663,#17525,.T.);
#17523=EDGE_CURVE('',#663,#837,#17526,.T.);
#17524=LINE('',#836,#17527);
#17525=LINE('',#834,#17528);
#17526=LINE('',#662,#17529);
#17527=VECTOR('',#17530,1.0);
#17528=VECTOR('',#17531,1.0);
#17529=VECTOR('',#17532,1.0);
#17530=DIRECTION('',(0.30903655969634947,-0.951050158914368,0));
#17531=DIRECTION('',(0.9995504969762229,0.029980059949667855,0));
#17532=DIRECTION('',(-0.9986136557908225,0.052638070520190226,0));
#17533=FACE_SURFACE('',(#17538),#17534,.T.);
#17534=PLANE('',#17535);
#17535=AXIS2_PLACEMENT_3D('',#662,#17536,#17537);
#17536=DIRECTION('',(0,0,1));
#17537=DIRECTION('',(-0.9852306006873822,0.17123277568613976,0));
#17538=FACE_BOUND('',#17539,.T.);
#17539=EDGE_LOOP('',(#17540,#17541,#17542));
#17540=ORIENTED_EDGE('',*,*,#17543,.T.);
#17541=ORIENTED_EDGE('',*,*,#17544,.T.);
#17542=ORIENTED_EDGE('',*,*,#17545,.T.);
#17543=EDGE_CURVE('',#663,#665,#17546,.F.);
#17544=EDGE_CURVE('',#665,#839,#17547,.T.);
#17545=EDGE_CURVE('',#839,#663,#17548,.T.);
#17546=LINE('',#662,#17549);
#17547=LINE('',#664,#17550);
#17548=LINE('',#838,#17551);
#17549=VECTOR('',#17552,1.0);
#17550=VECTOR('',#17553,1.0);
#17551=VECTOR('',#17554,1.0);
#17552=DIRECTION('',(-0.9852306006873822,0.17123277568613976,0));
#17553=DIRECTION('',(0.6691119110523942,-0.7431616583811446,0));
#17554=DIRECTION('',(0.9926349858198746,-0.12114365409041114,0));
#17555=FACE_SURFACE('',(#17560),#17556,.T.);
#17556=PLANE('',#17557);
#17557=AXIS2_PLACEMENT_3D('',#662,#17558,#17559);
#17558=DIRECTION('',(0,0,1));
#17559=DIRECTION('',(-0.9926349858198746,0.12114365409041114,0));
#17560=FACE_BOUND('',#17561,.T.);
#17561=EDGE_LOOP('',(#17562,#17563,#17564));
#17562=ORIENTED_EDGE('',*,*,#17565,.T.);
#17563=ORIENTED_EDGE('',*,*,#17566,.T.);
#17564=ORIENTED_EDGE('',*,*,#17567,.T.);
#17565=EDGE_CURVE('',#663,#839,#17568,.F.);
#17566=EDGE_CURVE('',#839,#837,#17569,.T.);
#17567=EDGE_CURVE('',#837,#663,#17570,.T.);
#17568=LINE('',#662,#17571);
#17569=LINE('',#838,#17572);
#17570=LINE('',#836,#17573);
#17571=VECTOR('',#17574,1.0);
#17572=VECTOR('',#17575,1.0);
#17573=VECTOR('',#17576,1.0);
#17574=DIRECTION('',(-0.9926349858198746,0.12114365409041114,0));
#17575=DIRECTION('',(0.4999699128736303,-0.866042773898111,0));
#17576=DIRECTION('',(0.9986136557908225,-0.052638070520190226,0));
#17577=FACE_SURFACE('',(#17582),#17578,.T.);
#17578=PLANE('',#17579);
#17579=AXIS2_PLACEMENT_3D('',#664,#17580,#17581);
#17580=DIRECTION('',(-0.7431616583811446,-0.6691119110523942,-0));
#17581=DIRECTION('',(0,0,-1));
#17582=FACE_BOUND('',#17583,.T.);
#17583=EDGE_LOOP('',(#17584,#17585,#17586));
#17584=ORIENTED_EDGE('',*,*,#17587,.T.);
#17585=ORIENTED_EDGE('',*,*,#17588,.T.);
#17586=ORIENTED_EDGE('',*,*,#17589,.T.);
#17587=EDGE_CURVE('',#665,#749,#17590,.F.);
#17588=EDGE_CURVE('',#749,#831,#17591,.T.);
#17589=EDGE_CURVE('',#831,#665,#17592,.T.);
#17590=LINE('',#664,#17593);
#17591=LINE('',#748,#17594);
#17592=LINE('',#830,#17595);
#17593=VECTOR('',#17596,1.0);
#17594=VECTOR('',#17597,1.0);
#17595=VECTOR('',#17598,1.0);
#17596=DIRECTION('',(0,0,-1));
#17597=DIRECTION('',(0.6691119110523942,-0.7431616583811446,0));
#17598=DIRECTION('',(-0.07414184381622792,0.08234702550615519,0.9938420168144526));
#17599=FACE_SURFACE('',(#17604),#17600,.T.);
#17600=PLANE('',#17601);
#17601=AXIS2_PLACEMENT_3D('',#664,#17602,#17603);
#17602=DIRECTION('',(-0.7431616583811446,-0.6691119110523942,0));
#17603=DIRECTION('',(0.07414184381622792,-0.08234702550615519,-0.9938420168144526));
#17604=FACE_BOUND('',#17605,.T.);
#17605=EDGE_LOOP('',(#17606,#17607,#17608));
#17606=ORIENTED_EDGE('',*,*,#17609,.T.);
#17607=ORIENTED_EDGE('',*,*,#17610,.T.);
#17608=ORIENTED_EDGE('',*,*,#17611,.T.);
#17609=EDGE_CURVE('',#665,#831,#17612,.F.);
#17610=EDGE_CURVE('',#831,#839,#17613,.T.);
#17611=EDGE_CURVE('',#839,#665,#17614,.T.);
#17612=LINE('',#664,#17615);
#17613=LINE('',#830,#17616);
#17614=LINE('',#838,#17617);
#17615=VECTOR('',#17618,1.0);
#17616=VECTOR('',#17619,1.0);
#17617=VECTOR('',#17620,1.0);
#17618=DIRECTION('',(0.07414184381622792,-0.08234702550615519,-0.9938420168144526));
#17619=DIRECTION('',(0,0,1));
#17620=DIRECTION('',(-0.6691119110523942,0.7431616583811446,0));
#17621=FACE_SURFACE('',(#17626),#17622,.T.);
#17622=PLANE('',#17623);
#17623=AXIS2_PLACEMENT_3D('',#750,#17624,#17625);
#17624=DIRECTION('',(-0.5877745557829918,0.8090247657359488,0));
#17625=DIRECTION('',(0,0,1));
#17626=FACE_BOUND('',#17627,.T.);
#17627=EDGE_LOOP('',(#17628,#17629,#17630));
#17628=ORIENTED_EDGE('',*,*,#17631,.T.);
#17629=ORIENTED_EDGE('',*,*,#17632,.T.);
#17630=ORIENTED_EDGE('',*,*,#17633,.T.);
#17631=EDGE_CURVE('',#751,#667,#17634,.F.);
#17632=EDGE_CURVE('',#667,#671,#17635,.T.);
#17633=EDGE_CURVE('',#671,#751,#17636,.T.);
#17634=LINE('',#750,#17637);
#17635=LINE('',#666,#17638);
#17636=LINE('',#670,#17639);
#17637=VECTOR('',#17640,1.0);
#17638=VECTOR('',#17641,1.0);
#17639=VECTOR('',#17642,1.0);
#17640=DIRECTION('',(0,0,1));
#17641=DIRECTION('',(0.8090247657359487,0.5877745557829918,0));
#17642=DIRECTION('',(-0.08965433440320579,-0.06513587569835072,-0.9938407407727494));
#17643=FACE_SURFACE('',(#17648),#17644,.T.);
#17644=PLANE('',#17645);
#17645=AXIS2_PLACEMENT_3D('',#668,#17646,#17647);
#17646=DIRECTION('',(0,0,1));
#17647=DIRECTION('',(-0.9971378743821738,0.07560462600000316,0));
#17648=FACE_BOUND('',#17649,.T.);
#17649=EDGE_LOOP('',(#17650,#17651,#17652));
#17650=ORIENTED_EDGE('',*,*,#17653,.T.);
#17651=ORIENTED_EDGE('',*,*,#17654,.T.);
#17652=ORIENTED_EDGE('',*,*,#17655,.T.);
#17653=EDGE_CURVE('',#669,#841,#17656,.F.);
#17654=EDGE_CURVE('',#841,#671,#17657,.T.);
#17655=EDGE_CURVE('',#671,#669,#17658,.T.);
#17656=LINE('',#668,#17659);
#17657=LINE('',#840,#17660);
#17658=LINE('',#670,#17661);
#17659=VECTOR('',#17662,1.0);
#17660=VECTOR('',#17663,1.0);
#17661=VECTOR('',#17664,1.0);
#17662=DIRECTION('',(-0.9971378743821738,0.07560462600000316,0));
#17663=DIRECTION('',(-0.6691119110523942,-0.7431616583811446,0));
#17664=DIRECTION('',(0.9998413803260625,-0.017810507788208262,0));
#17665=FACE_SURFACE('',(#17670),#17666,.T.);
#17666=PLANE('',#17667);
#17667=AXIS2_PLACEMENT_3D('',#752,#17668,#17669);
#17668=DIRECTION('',(0.9914414315047008,0.1305522420179363,-0));
#17669=DIRECTION('',(-0.0364538474084478,0.27683825340601936,0.9602248166238083));
#17670=FACE_BOUND('',#17671,.T.);
#17671=EDGE_LOOP('',(#17672,#17673,#17674));
#17672=ORIENTED_EDGE('',*,*,#17675,.T.);
#17673=ORIENTED_EDGE('',*,*,#17676,.T.);
#17674=ORIENTED_EDGE('',*,*,#17677,.T.);
#17675=EDGE_CURVE('',#753,#833,#17678,.F.);
#17676=EDGE_CURVE('',#833,#669,#17679,.T.);
#17677=EDGE_CURVE('',#669,#753,#17680,.T.);
#17678=LINE('',#752,#17681);
#17679=LINE('',#832,#17682);
#17680=LINE('',#668,#17683);
#17681=VECTOR('',#17684,1.0);
#17682=VECTOR('',#17685,1.0);
#17683=VECTOR('',#17686,1.0);
#17684=DIRECTION('',(-0.0364538474084478,0.27683825340601936,0.9602248166238083));
#17685=DIRECTION('',(0.1305522420179363,-0.9914414315047008,0));
#17686=DIRECTION('',(0,0,-1));
#17687=FACE_SURFACE('',(#17692),#17688,.T.);
#17688=PLANE('',#17689);
#17689=AXIS2_PLACEMENT_3D('',#832,#17690,#17691);
#17690=DIRECTION('',(0,0,1));
#17691=DIRECTION('',(-0.9998309377566003,0.018387384391405272,0));
#17692=FACE_BOUND('',#17693,.T.);
#17693=EDGE_LOOP('',(#17694,#17695,#17696));
#17694=ORIENTED_EDGE('',*,*,#17697,.T.);
#17695=ORIENTED_EDGE('',*,*,#17698,.T.);
#17696=ORIENTED_EDGE('',*,*,#17699,.T.);
#17697=EDGE_CURVE('',#833,#843,#17700,.F.);
#17698=EDGE_CURVE('',#843,#669,#17701,.T.);
#17699=EDGE_CURVE('',#669,#833,#17702,.T.);
#17700=LINE('',#832,#17703);
#17701=LINE('',#842,#17704);
#17702=LINE('',#668,#17705);
#17703=VECTOR('',#17706,1.0);
#17704=VECTOR('',#17707,1.0);
#17705=VECTOR('',#17708,1.0);
#17706=DIRECTION('',(-0.9998309377566003,0.018387384391405272,0));
#17707=DIRECTION('',(0.9746191382103363,-0.22386946070007288,0));
#17708=DIRECTION('',(-0.1305522420179363,0.9914414315047008,0));
#17709=FACE_SURFACE('',(#17714),#17710,.T.);
#17710=PLANE('',#17711);
#17711=AXIS2_PLACEMENT_3D('',#668,#17712,#17713);
#17712=DIRECTION('',(0,0,1));
#17713=DIRECTION('',(-0.9746191382103363,0.22386946070007288,0));
#17714=FACE_BOUND('',#17715,.T.);
#17715=EDGE_LOOP('',(#17716,#17717,#17718));
#17716=ORIENTED_EDGE('',*,*,#17719,.T.);
#17717=ORIENTED_EDGE('',*,*,#17720,.T.);
#17718=ORIENTED_EDGE('',*,*,#17721,.T.);
#17719=EDGE_CURVE('',#669,#843,#17722,.F.);
#17720=EDGE_CURVE('',#843,#845,#17723,.T.);
#17721=EDGE_CURVE('',#845,#669,#17724,.T.);
#17722=LINE('',#668,#17725);
#17723=LINE('',#842,#17726);
#17724=LINE('',#844,#17727);
#17725=VECTOR('',#17728,1.0);
#17726=VECTOR('',#17729,1.0);
#17727=VECTOR('',#17730,1.0);
#17728=DIRECTION('',(-0.9746191382103363,0.22386946070007288,0));
#17729=DIRECTION('',(-0.30902583393779487,-0.9510536441016618,0));
#17730=DIRECTION('',(0.9892188347102153,-0.14644486011657645,0));
#17731=FACE_SURFACE('',(#17736),#17732,.T.);
#17732=PLANE('',#17733);
#17733=AXIS2_PLACEMENT_3D('',#668,#17734,#17735);
#17734=DIRECTION('',(0,0,1));
#17735=DIRECTION('',(-0.9892188347102153,0.14644486011657645,0));
#17736=FACE_BOUND('',#17737,.T.);
#17737=EDGE_LOOP('',(#17738,#17739,#17740));
#17738=ORIENTED_EDGE('',*,*,#17741,.T.);
#17739=ORIENTED_EDGE('',*,*,#17742,.T.);
#17740=ORIENTED_EDGE('',*,*,#17743,.T.);
#17741=EDGE_CURVE('',#669,#845,#17744,.F.);
#17742=EDGE_CURVE('',#845,#841,#17745,.T.);
#17743=EDGE_CURVE('',#841,#669,#17746,.T.);
#17744=LINE('',#668,#17747);
#17745=LINE('',#844,#17748);
#17746=LINE('',#840,#17749);
#17747=VECTOR('',#17750,1.0);
#17748=VECTOR('',#17751,1.0);
#17749=VECTOR('',#17752,1.0);
#17750=DIRECTION('',(-0.9892188347102153,0.14644486011657645,0));
#17751=DIRECTION('',(-0.4999857150881971,-0.8660336510250305,0));
#17752=DIRECTION('',(0.9971378743821738,-0.07560462600000316,0));
#17753=FACE_SURFACE('',(#17758),#17754,.T.);
#17754=PLANE('',#17755);
#17755=AXIS2_PLACEMENT_3D('',#750,#17756,#17757);
#17756=DIRECTION('',(-0.5877745557829918,0.8090247657359488,0));
#17757=DIRECTION('',(0.08965433440320579,0.06513587569835072,0.9938407407727494));
#17758=FACE_BOUND('',#17759,.T.);
#17759=EDGE_LOOP('',(#17760,#17761,#17762));
#17760=ORIENTED_EDGE('',*,*,#17763,.T.);
#17761=ORIENTED_EDGE('',*,*,#17764,.T.);
#17762=ORIENTED_EDGE('',*,*,#17765,.T.);
#17763=EDGE_CURVE('',#751,#671,#17766,.F.);
#17764=EDGE_CURVE('',#671,#755,#17767,.T.);
#17765=EDGE_CURVE('',#755,#751,#17768,.T.);
#17766=LINE('',#750,#17769);
#17767=LINE('',#670,#17770);
#17768=LINE('',#754,#17771);
#17769=VECTOR('',#17772,1.0);
#17770=VECTOR('',#17773,1.0);
#17771=VECTOR('',#17774,1.0);
#17772=DIRECTION('',(0.08965433440320579,0.06513587569835072,0.9938407407727494));
#17773=DIRECTION('',(0,0,-1));
#17774=DIRECTION('',(-0.8090247657359487,-0.5877745557829918,0));
#17775=FACE_SURFACE('',(#17780),#17776,.T.);
#17776=PLANE('',#17777);
#17777=AXIS2_PLACEMENT_3D('',#754,#17778,#17779);
#17778=DIRECTION('',(-0.7431616583811446,0.6691119110523942,0));
#17779=DIRECTION('',(0,0,1));
#17780=FACE_BOUND('',#17781,.T.);
#17781=EDGE_LOOP('',(#17782,#17783,#17784));
#17782=ORIENTED_EDGE('',*,*,#17785,.T.);
#17783=ORIENTED_EDGE('',*,*,#17786,.T.);
#17784=ORIENTED_EDGE('',*,*,#17787,.T.);
#17785=EDGE_CURVE('',#755,#671,#17788,.F.);
#17786=EDGE_CURVE('',#671,#841,#17789,.T.);
#17787=EDGE_CURVE('',#841,#755,#17790,.T.);
#17788=LINE('',#754,#17791);
#17789=LINE('',#670,#17792);
#17790=LINE('',#840,#17793);
#17791=VECTOR('',#17794,1.0);
#17792=VECTOR('',#17795,1.0);
#17793=VECTOR('',#17796,1.0);
#17794=DIRECTION('',(0,0,1));
#17795=DIRECTION('',(0.6691119110523942,0.7431616583811446,0));
#17796=DIRECTION('',(-0.07414184381622792,-0.08234702550615519,-0.9938420168144526));
#17797=FACE_SURFACE('',(#17802),#17798,.T.);
#17798=PLANE('',#17799);
#17799=AXIS2_PLACEMENT_3D('',#682,#17800,#17801);
#17800=DIRECTION('',(0.9990502352031263,-0.04357324340209159,0));
#17801=DIRECTION('',(0,0,1));
#17802=FACE_BOUND('',#17803,.T.);
#17803=EDGE_LOOP('',(#17804,#17805,#17806));
#17804=ORIENTED_EDGE('',*,*,#17807,.T.);
#17805=ORIENTED_EDGE('',*,*,#17808,.T.);
#17806=ORIENTED_EDGE('',*,*,#17809,.T.);
#17807=EDGE_CURVE('',#683,#673,#17810,.F.);
#17808=EDGE_CURVE('',#673,#681,#17811,.T.);
#17809=EDGE_CURVE('',#681,#683,#17812,.T.);
#17810=LINE('',#682,#17813);
#17811=LINE('',#672,#17814);
#17812=LINE('',#680,#17815);
#17813=VECTOR('',#17816,1.0);
#17814=VECTOR('',#17817,1.0);
#17815=VECTOR('',#17818,1.0);
#17816=DIRECTION('',(0,0,1));
#17817=DIRECTION('',(-0.012166908046822137,-0.2789636803876066,-0.9602245734062327));
#17818=DIRECTION('',(0.043573243402091594,0.9990502352031264,0));
#17819=FACE_SURFACE('',(#17824),#17820,.T.);
#17820=PLANE('',#17821);
#17821=AXIS2_PLACEMENT_3D('',#680,#17822,#17823);
#17822=DIRECTION('',(0.9990502352031263,-0.04357324340209159,0));
#17823=DIRECTION('',(0.012166908046822137,0.2789636803876066,0.9602245734062327));
#17824=FACE_BOUND('',#17825,.T.);
#17825=EDGE_LOOP('',(#17826,#17827,#17828));
#17826=ORIENTED_EDGE('',*,*,#17829,.T.);
#17827=ORIENTED_EDGE('',*,*,#17830,.T.);
#17828=ORIENTED_EDGE('',*,*,#17831,.T.);
#17829=EDGE_CURVE('',#681,#673,#17832,.F.);
#17830=EDGE_CURVE('',#673,#679,#17833,.T.);
#17831=EDGE_CURVE('',#679,#681,#17834,.T.);
#17832=LINE('',#680,#17835);
#17833=LINE('',#672,#17836);
#17834=LINE('',#678,#17837);
#17835=VECTOR('',#17838,1.0);
#17836=VECTOR('',#17839,1.0);
#17837=VECTOR('',#17840,1.0);
#17838=DIRECTION('',(0.012166908046822137,0.2789636803876066,0.9602245734062327));
#17839=DIRECTION('',(-0.043573243402091594,-0.9990502352031264,0));
#17840=DIRECTION('',(0,0,-1));
#17841=FACE_SURFACE('',(#17846),#17842,.T.);
#17842=PLANE('',#17843);
#17843=AXIS2_PLACEMENT_3D('',#676,#17844,#17845);
#17844=DIRECTION('',(-0.4067343892383559,-0.9135464611123518,-0));
#17845=DIRECTION('',(0,0,-1));
#17846=FACE_BOUND('',#17847,.T.);
#17847=EDGE_LOOP('',(#17848,#17849,#17850));
#17848=ORIENTED_EDGE('',*,*,#17851,.T.);
#17849=ORIENTED_EDGE('',*,*,#17852,.T.);
#17850=ORIENTED_EDGE('',*,*,#17853,.T.);
#17851=EDGE_CURVE('',#677,#675,#17854,.F.);
#17852=EDGE_CURVE('',#675,#847,#17855,.T.);
#17853=EDGE_CURVE('',#847,#677,#17856,.T.);
#17854=LINE('',#676,#17857);
#17855=LINE('',#674,#17858);
#17856=LINE('',#846,#17859);
#17857=VECTOR('',#17860,1.0);
#17858=VECTOR('',#17861,1.0);
#17859=VECTOR('',#17862,1.0);
#17860=DIRECTION('',(0,0,-1));
#17861=DIRECTION('',(0.9135464611123518,-0.4067343892383559,0));
#17862=DIRECTION('',(-0.10122023743192536,0.04506585401283964,0.9938428106779854));
#17863=FACE_SURFACE('',(#17868),#17864,.T.);
#17864=PLANE('',#17865);
#17865=AXIS2_PLACEMENT_3D('',#846,#17866,#17867);
#17866=DIRECTION('',(0,0,-1));
#17867=DIRECTION('',(-0.9135464611123518,0.4067343892383559,0));
#17868=FACE_BOUND('',#17869,.T.);
#17869=EDGE_LOOP('',(#17870,#17871,#17872));
#17870=ORIENTED_EDGE('',*,*,#17873,.T.);
#17871=ORIENTED_EDGE('',*,*,#17874,.T.);
#17872=ORIENTED_EDGE('',*,*,#17875,.T.);
#17873=EDGE_CURVE('',#847,#675,#17876,.F.);
#17874=EDGE_CURVE('',#675,#681,#17877,.T.);
#17875=EDGE_CURVE('',#681,#847,#17878,.T.);
#17876=LINE('',#846,#17879);
#17877=LINE('',#674,#17880);
#17878=LINE('',#680,#17881);
#17879=VECTOR('',#17882,1.0);
#17880=VECTOR('',#17883,1.0);
#17881=VECTOR('',#17884,1.0);
#17882=DIRECTION('',(-0.9135464611123518,0.4067343892383559,0));
#17883=DIRECTION('',(0.998815241604561,-0.04866326271863056,0));
#17884=DIRECTION('',(-0.9997184933969647,0.02372622936969003,0));
#17885=FACE_SURFACE('',(#17890),#17886,.T.);
#17886=PLANE('',#17887);
#17887=AXIS2_PLACEMENT_3D('',#676,#17888,#17889);
#17888=DIRECTION('',(-0.4067343892383559,-0.9135464611123518,0));
#17889=DIRECTION('',(0.10122023743192536,-0.04506585401283964,-0.9938428106779854));
#17890=FACE_BOUND('',#17891,.T.);
#17891=EDGE_LOOP('',(#17892,#17893,#17894));
#17892=ORIENTED_EDGE('',*,*,#17895,.T.);
#17893=ORIENTED_EDGE('',*,*,#17896,.T.);
#17894=ORIENTED_EDGE('',*,*,#17897,.T.);
#17895=EDGE_CURVE('',#677,#847,#17898,.F.);
#17896=EDGE_CURVE('',#847,#849,#17899,.T.);
#17897=EDGE_CURVE('',#849,#677,#17900,.T.);
#17898=LINE('',#676,#17901);
#17899=LINE('',#846,#17902);
#17900=LINE('',#848,#17903);
#17901=VECTOR('',#17904,1.0);
#17902=VECTOR('',#17905,1.0);
#17903=VECTOR('',#17906,1.0);
#17904=DIRECTION('',(0.10122023743192536,-0.04506585401283964,-0.9938428106779854));
#17905=DIRECTION('',(0,0,1));
#17906=DIRECTION('',(-0.9135464611123518,0.4067343892383559,0));
#17907=FACE_SURFACE('',(#17912),#17908,.T.);
#17908=PLANE('',#17909);
#17909=AXIS2_PLACEMENT_3D('',#678,#17910,#17911);
#17910=DIRECTION('',(0,0,1));
#17911=DIRECTION('',(-0.998815241604561,0.04866326271863056,0));
#17912=FACE_BOUND('',#17913,.T.);
#17913=EDGE_LOOP('',(#17914,#17915,#17916));
#17914=ORIENTED_EDGE('',*,*,#17917,.T.);
#17915=ORIENTED_EDGE('',*,*,#17918,.T.);
#17916=ORIENTED_EDGE('',*,*,#17919,.T.);
#17917=EDGE_CURVE('',#679,#677,#17920,.F.);
#17918=EDGE_CURVE('',#677,#849,#17921,.T.);
#17919=EDGE_CURVE('',#849,#679,#17922,.T.);
#17920=LINE('',#678,#17923);
#17921=LINE('',#676,#17924);
#17922=LINE('',#848,#17925);
#17923=VECTOR('',#17926,1.0);
#17924=VECTOR('',#17927,1.0);
#17925=VECTOR('',#17928,1.0);
#17926=DIRECTION('',(-0.998815241604561,0.04866326271863056,0));
#17927=DIRECTION('',(0.9135464611123518,-0.4067343892383559,0));
#17928=DIRECTION('',(0.9997184933969647,-0.02372622936969003,0));
#17929=FACE_SURFACE('',(#17934),#17930,.T.);
#17930=PLANE('',#17931);
#17931=AXIS2_PLACEMENT_3D('',#680,#17932,#17933);
#17932=DIRECTION('',(0.9914414315047008,-0.1305522420179363,0));
#17933=DIRECTION('',(0,0,1));
#17934=FACE_BOUND('',#17935,.T.);
#17935=EDGE_LOOP('',(#17936,#17937,#17938));
#17936=ORIENTED_EDGE('',*,*,#17939,.T.);
#17937=ORIENTED_EDGE('',*,*,#17940,.T.);
#17938=ORIENTED_EDGE('',*,*,#17941,.T.);
#17939=EDGE_CURVE('',#681,#679,#17942,.F.);
#17940=EDGE_CURVE('',#679,#851,#17943,.T.);
#17941=EDGE_CURVE('',#851,#681,#17944,.T.);
#17942=LINE('',#680,#17945);
#17943=LINE('',#678,#17946);
#17944=LINE('',#850,#17947);
#17945=VECTOR('',#17948,1.0);
#17946=VECTOR('',#17949,1.0);
#17947=VECTOR('',#17950,1.0);
#17948=DIRECTION('',(0,0,1));
#17949=DIRECTION('',(-0.0364538474084478,-0.27683825340601936,-0.9602248166238083));
#17950=DIRECTION('',(0.1305522420179363,0.9914414315047008,0));
#17951=FACE_SURFACE('',(#17956),#17952,.T.);
#17952=PLANE('',#17953);
#17953=AXIS2_PLACEMENT_3D('',#850,#17954,#17955);
#17954=DIRECTION('',(0.9914414315047008,-0.1305522420179363,0));
#17955=DIRECTION('',(0.0364538474084478,0.27683825340601936,0.9602248166238083));
#17956=FACE_BOUND('',#17957,.T.);
#17957=EDGE_LOOP('',(#17958,#17959,#17960));
#17958=ORIENTED_EDGE('',*,*,#17961,.T.);
#17959=ORIENTED_EDGE('',*,*,#17962,.T.);
#17960=ORIENTED_EDGE('',*,*,#17963,.T.);
#17961=EDGE_CURVE('',#851,#679,#17964,.F.);
#17962=EDGE_CURVE('',#679,#853,#17965,.T.);
#17963=EDGE_CURVE('',#853,#851,#17966,.T.);
#17964=LINE('',#850,#17967);
#17965=LINE('',#678,#17968);
#17966=LINE('',#852,#17969);
#17967=VECTOR('',#17970,1.0);
#17968=VECTOR('',#17971,1.0);
#17969=VECTOR('',#17972,1.0);
#17970=DIRECTION('',(0.0364538474084478,0.27683825340601936,0.9602248166238083));
#17971=DIRECTION('',(-0.1305522420179363,-0.9914414315047008,0));
#17972=DIRECTION('',(0,0,-1));
#17973=FACE_SURFACE('',(#17978),#17974,.T.);
#17974=PLANE('',#17975);
#17975=AXIS2_PLACEMENT_3D('',#678,#17976,#17977);
#17976=DIRECTION('',(0,0,1));
#17977=DIRECTION('',(-0.9998413328428907,-0.01781317318592894,0));
#17978=FACE_BOUND('',#17979,.T.);
#17979=EDGE_LOOP('',(#17980,#17981,#17982));
#17980=ORIENTED_EDGE('',*,*,#17983,.T.);
#17981=ORIENTED_EDGE('',*,*,#17984,.T.);
#17982=ORIENTED_EDGE('',*,*,#17985,.T.);
#17983=EDGE_CURVE('',#679,#855,#17986,.F.);
#17984=EDGE_CURVE('',#855,#853,#17987,.T.);
#17985=EDGE_CURVE('',#853,#679,#17988,.T.);
#17986=LINE('',#678,#17989);
#17987=LINE('',#854,#17990);
#17988=LINE('',#852,#17991);
#17989=VECTOR('',#17992,1.0);
#17990=VECTOR('',#17993,1.0);
#17991=VECTOR('',#17994,1.0);
#17992=DIRECTION('',(-0.9998413328428907,-0.01781317318592894,0));
#17993=DIRECTION('',(0.984947685486997,-0.17285270276685824,0));
#17994=DIRECTION('',(0.1305522420179363,0.9914414315047008,0));
#17995=FACE_SURFACE('',(#18000),#17996,.T.);
#17996=PLANE('',#17997);
#17997=AXIS2_PLACEMENT_3D('',#848,#17998,#17999);
#17998=DIRECTION('',(0,0,1));
#17999=DIRECTION('',(0.8090247657359487,-0.5877745557829918,0));
#18000=FACE_BOUND('',#18001,.T.);
#18001=EDGE_LOOP('',(#18002,#18003,#18004));
#18002=ORIENTED_EDGE('',*,*,#18005,.T.);
#18003=ORIENTED_EDGE('',*,*,#18006,.T.);
#18004=ORIENTED_EDGE('',*,*,#18007,.T.);
#18005=EDGE_CURVE('',#849,#855,#18008,.F.);
#18006=EDGE_CURVE('',#855,#679,#18009,.T.);
#18007=EDGE_CURVE('',#679,#849,#18010,.T.);
#18008=LINE('',#848,#18011);
#18009=LINE('',#854,#18012);
#18010=LINE('',#678,#18013);
#18011=VECTOR('',#18014,1.0);
#18012=VECTOR('',#18015,1.0);
#18013=VECTOR('',#18016,1.0);
#18014=DIRECTION('',(0.8090247657359487,-0.5877745557829918,0));
#18015=DIRECTION('',(0.9998413328428907,0.01781317318592894,0));
#18016=DIRECTION('',(-0.9997184933969647,0.02372622936969003,0));
#18017=FACE_SURFACE('',(#18022),#18018,.T.);
#18018=PLANE('',#18019);
#18019=AXIS2_PLACEMENT_3D('',#850,#18020,#18021);
#18020=DIRECTION('',(0,0,-1));
#18021=DIRECTION('',(-0.984947685486997,0.17285270276685824,0));
#18022=FACE_BOUND('',#18023,.T.);
#18023=EDGE_LOOP('',(#18024,#18025,#18026));
#18024=ORIENTED_EDGE('',*,*,#18027,.T.);
#18025=ORIENTED_EDGE('',*,*,#18028,.T.);
#18026=ORIENTED_EDGE('',*,*,#18029,.T.);
#18027=EDGE_CURVE('',#851,#857,#18030,.F.);
#18028=EDGE_CURVE('',#857,#681,#18031,.T.);
#18029=EDGE_CURVE('',#681,#851,#18032,.T.);
#18030=LINE('',#850,#18033);
#18031=LINE('',#856,#18034);
#18032=LINE('',#680,#18035);
#18033=VECTOR('',#18036,1.0);
#18034=VECTOR('',#18037,1.0);
#18035=VECTOR('',#18038,1.0);
#18036=DIRECTION('',(-0.984947685486997,0.17285270276685824,0));
#18037=DIRECTION('',(0.9998413328428907,0.01781317318592894,0));
#18038=DIRECTION('',(-0.1305522420179363,-0.9914414315047008,0));
#18039=FACE_SURFACE('',(#18044),#18040,.T.);
#18040=PLANE('',#18041);
#18041=AXIS2_PLACEMENT_3D('',#680,#18042,#18043);
#18042=DIRECTION('',(-0,0,-1));
#18043=DIRECTION('',(-0.9998413328428907,-0.01781317318592894,0));
#18044=FACE_BOUND('',#18045,.T.);
#18045=EDGE_LOOP('',(#18046,#18047,#18048));
#18046=ORIENTED_EDGE('',*,*,#18049,.T.);
#18047=ORIENTED_EDGE('',*,*,#18050,.T.);
#18048=ORIENTED_EDGE('',*,*,#18051,.T.);
#18049=EDGE_CURVE('',#681,#857,#18052,.F.);
#18050=EDGE_CURVE('',#857,#847,#18053,.T.);
#18051=EDGE_CURVE('',#847,#681,#18054,.T.);
#18052=LINE('',#680,#18055);
#18053=LINE('',#856,#18056);
#18054=LINE('',#846,#18057);
#18055=VECTOR('',#18058,1.0);
#18056=VECTOR('',#18059,1.0);
#18057=VECTOR('',#18060,1.0);
#18058=DIRECTION('',(-0.9998413328428907,-0.01781317318592894,0));
#18059=DIRECTION('',(-0.8090247657359487,0.5877745557829918,0));
#18060=DIRECTION('',(0.9997184933969647,-0.02372622936969003,0));
#18061=FACE_SURFACE('',(#18066),#18062,.T.);
#18062=PLANE('',#18063);
#18063=AXIS2_PLACEMENT_3D('',#686,#18064,#18065);
#18064=DIRECTION('',(0.9781428959003713,0.20793382408746142,0));
#18065=DIRECTION('',(0.023042421848029435,-0.10839401109417006,0.9938409254776612));
#18066=FACE_BOUND('',#18067,.T.);
#18067=EDGE_LOOP('',(#18068,#18069,#18070));
#18068=ORIENTED_EDGE('',*,*,#18071,.T.);
#18069=ORIENTED_EDGE('',*,*,#18072,.T.);
#18070=ORIENTED_EDGE('',*,*,#18073,.T.);
#18071=EDGE_CURVE('',#687,#757,#18074,.F.);
#18072=EDGE_CURVE('',#757,#859,#18075,.T.);
#18073=EDGE_CURVE('',#859,#687,#18076,.T.);
#18074=LINE('',#686,#18077);
#18075=LINE('',#756,#18078);
#18076=LINE('',#858,#18079);
#18077=VECTOR('',#18080,1.0);
#18078=VECTOR('',#18081,1.0);
#18079=VECTOR('',#18082,1.0);
#18080=DIRECTION('',(0.023042421848029435,-0.10839401109417006,0.9938409254776612));
#18081=DIRECTION('',(0,0,-1));
#18082=DIRECTION('',(-0.20793382408746142,0.9781428959003713,0));
#18083=FACE_SURFACE('',(#18088),#18084,.T.);
#18084=PLANE('',#18085);
#18085=AXIS2_PLACEMENT_3D('',#858,#18086,#18087);
#18086=DIRECTION('',(0,0,-1));
#18087=DIRECTION('',(-0.9998875681871208,0.014995032005496421,0));
#18088=FACE_BOUND('',#18089,.T.);
#18089=EDGE_LOOP('',(#18090,#18091,#18092));
#18090=ORIENTED_EDGE('',*,*,#18093,.T.);
#18091=ORIENTED_EDGE('',*,*,#18094,.T.);
#18092=ORIENTED_EDGE('',*,*,#18095,.T.);
#18093=EDGE_CURVE('',#859,#761,#18096,.F.);
#18094=EDGE_CURVE('',#761,#687,#18097,.T.);
#18095=EDGE_CURVE('',#687,#859,#18098,.T.);
#18096=LINE('',#858,#18099);
#18097=LINE('',#760,#18100);
#18098=LINE('',#686,#18101);
#18099=VECTOR('',#18102,1.0);
#18100=VECTOR('',#18103,1.0);
#18101=VECTOR('',#18104,1.0);
#18102=DIRECTION('',(-0.9998875681871208,0.014995032005496421,0));
#18103=DIRECTION('',(0.9999998788844077,0.0004921698590114991,0));
#18104=DIRECTION('',(0.20793382408746142,-0.9781428959003713,0));
#18105=FACE_SURFACE('',(#18110),#18106,.T.);
#18106=PLANE('',#18107);
#18107=AXIS2_PLACEMENT_3D('',#686,#18108,#18109);
#18108=DIRECTION('',(-0,0,-1));
#18109=DIRECTION('',(-0.9999998788844077,-0.0004921698590114991,0));
#18110=FACE_BOUND('',#18111,.T.);
#18111=EDGE_LOOP('',(#18112,#18113,#18114));
#18112=ORIENTED_EDGE('',*,*,#18115,.T.);
#18113=ORIENTED_EDGE('',*,*,#18116,.T.);
#18114=ORIENTED_EDGE('',*,*,#18117,.T.);
#18115=EDGE_CURVE('',#687,#761,#18118,.F.);
#18116=EDGE_CURVE('',#761,#689,#18119,.T.);
#18117=EDGE_CURVE('',#689,#687,#18120,.T.);
#18118=LINE('',#686,#18121);
#18119=LINE('',#760,#18122);
#18120=LINE('',#688,#18123);
#18121=VECTOR('',#18124,1.0);
#18122=VECTOR('',#18125,1.0);
#18123=VECTOR('',#18126,1.0);
#18124=DIRECTION('',(-0.9999998788844077,-0.0004921698590114991,0));
#18125=DIRECTION('',(-0.5320390592813571,0.846719811625433,0));
#18126=DIRECTION('',(0.9999167426286291,-0.012903790565257645,0));
#18127=FACE_SURFACE('',(#18132),#18128,.T.);
#18128=PLANE('',#18129);
#18129=AXIS2_PLACEMENT_3D('',#860,#18130,#18131);
#18130=DIRECTION('',(-0.8155681278633202,-0.5786610655759717,0));
#18131=DIRECTION('',(0,0,1));
#18132=FACE_BOUND('',#18133,.T.);
#18133=EDGE_LOOP('',(#18134,#18135,#18136));
#18134=ORIENTED_EDGE('',*,*,#18137,.T.);
#18135=ORIENTED_EDGE('',*,*,#18138,.T.);
#18136=ORIENTED_EDGE('',*,*,#18139,.T.);
#18137=EDGE_CURVE('',#861,#763,#18140,.F.);
#18138=EDGE_CURVE('',#763,#691,#18141,.T.);
#18139=EDGE_CURVE('',#691,#861,#18142,.T.);
#18140=LINE('',#860,#18143);
#18141=LINE('',#762,#18144);
#18142=LINE('',#690,#18145);
#18143=VECTOR('',#18146,1.0);
#18144=VECTOR('',#18147,1.0);
#18145=VECTOR('',#18148,1.0);
#18146=DIRECTION('',(0,0,1));
#18147=DIRECTION('',(-0.1063133020953324,0.1498385599358669,-0.982978070840816));
#18148=DIRECTION('',(0.5786610655759716,-0.8155681278633202,0));
#18149=FACE_SURFACE('',(#18154),#18150,.T.);
#18150=PLANE('',#18151);
#18151=AXIS2_PLACEMENT_3D('',#690,#18152,#18153);
#18152=DIRECTION('',(0,0,-1));
#18153=DIRECTION('',(0.9981432130435064,-0.06091080573416841,0));
#18154=FACE_BOUND('',#18155,.T.);
#18155=EDGE_LOOP('',(#18156,#18157,#18158));
#18156=ORIENTED_EDGE('',*,*,#18159,.T.);
#18157=ORIENTED_EDGE('',*,*,#18160,.T.);
#18158=ORIENTED_EDGE('',*,*,#18161,.T.);
#18159=EDGE_CURVE('',#691,#863,#18162,.F.);
#18160=EDGE_CURVE('',#863,#861,#18163,.T.);
#18161=EDGE_CURVE('',#861,#691,#18164,.T.);
#18162=LINE('',#690,#18165);
#18163=LINE('',#862,#18166);
#18164=LINE('',#860,#18167);
#18165=VECTOR('',#18168,1.0);
#18166=VECTOR('',#18169,1.0);
#18167=VECTOR('',#18170,1.0);
#18168=DIRECTION('',(0.9981432130435064,-0.06091080573416841,0));
#18169=DIRECTION('',(-0.9999738098092152,-0.007237381822410983,0));
#18170=DIRECTION('',(-0.5786610655759716,0.8155681278633202,0));
#18171=FACE_SURFACE('',(#18176),#18172,.T.);
#18172=PLANE('',#18173);
#18173=AXIS2_PLACEMENT_3D('',#864,#18174,#18175);
#18174=DIRECTION('',(0,0,-1));
#18175=DIRECTION('',(-0.9999351409382002,0.011389201767527581,0));
#18176=FACE_BOUND('',#18177,.T.);
#18177=EDGE_LOOP('',(#18178,#18179,#18180));
#18178=ORIENTED_EDGE('',*,*,#18181,.T.);
#18179=ORIENTED_EDGE('',*,*,#18182,.T.);
#18180=ORIENTED_EDGE('',*,*,#18183,.T.);
#18181=EDGE_CURVE('',#865,#691,#18184,.F.);
#18182=EDGE_CURVE('',#691,#693,#18185,.T.);
#18183=EDGE_CURVE('',#693,#865,#18186,.T.);
#18184=LINE('',#864,#18187);
#18185=LINE('',#690,#18188);
#18186=LINE('',#692,#18189);
#18187=VECTOR('',#18190,1.0);
#18188=VECTOR('',#18191,1.0);
#18189=VECTOR('',#18192,1.0);
#18190=DIRECTION('',(-0.9999351409382002,0.011389201767527581,0));
#18191=DIRECTION('',(0.9993928600807486,0.0348412287329406,0));
#18192=DIRECTION('',(-0.3302678668577629,-0.9438872475678559,0));
#18193=FACE_SURFACE('',(#18198),#18194,.T.);
#18194=PLANE('',#18195);
#18195=AXIS2_PLACEMENT_3D('',#864,#18196,#18197);
#18196=DIRECTION('',(-0,0,-1));
#18197=DIRECTION('',(-0.11200291401038326,-0.993707878228397,0));
#18198=FACE_BOUND('',#18199,.T.);
#18199=EDGE_LOOP('',(#18200,#18201,#18202));
#18200=ORIENTED_EDGE('',*,*,#18203,.T.);
#18201=ORIENTED_EDGE('',*,*,#18204,.T.);
#18202=ORIENTED_EDGE('',*,*,#18205,.T.);
#18203=EDGE_CURVE('',#865,#863,#18206,.F.);
#18204=EDGE_CURVE('',#863,#691,#18207,.T.);
#18205=EDGE_CURVE('',#691,#865,#18208,.T.);
#18206=LINE('',#864,#18209);
#18207=LINE('',#862,#18210);
#18208=LINE('',#690,#18211);
#18209=VECTOR('',#18212,1.0);
#18210=VECTOR('',#18213,1.0);
#18211=VECTOR('',#18214,1.0);
#18212=DIRECTION('',(-0.11200291401038326,-0.993707878228397,0));
#18213=DIRECTION('',(-0.9981432130435064,0.06091080573416841,0));
#18214=DIRECTION('',(0.9999351409382002,-0.011389201767527581,0));
#18215=FACE_SURFACE('',(#18220),#18216,.T.);
#18216=PLANE('',#18217);
#18217=AXIS2_PLACEMENT_3D('',#692,#18218,#18219);
#18218=DIRECTION('',(0.9438872475678559,-0.3302678668577628,0));
#18219=DIRECTION('',(-0.03674952613162288,-0.10502810763827476,0.9937900024326187));
#18220=FACE_BOUND('',#18221,.T.);
#18221=EDGE_LOOP('',(#18222,#18223,#18224));
#18222=ORIENTED_EDGE('',*,*,#18225,.T.);
#18223=ORIENTED_EDGE('',*,*,#18226,.T.);
#18224=ORIENTED_EDGE('',*,*,#18227,.T.);
#18225=EDGE_CURVE('',#693,#767,#18228,.F.);
#18226=EDGE_CURVE('',#767,#865,#18229,.T.);
#18227=EDGE_CURVE('',#865,#693,#18230,.T.);
#18228=LINE('',#692,#18231);
#18229=LINE('',#766,#18232);
#18230=LINE('',#864,#18233);
#18231=VECTOR('',#18234,1.0);
#18232=VECTOR('',#18235,1.0);
#18233=VECTOR('',#18236,1.0);
#18234=DIRECTION('',(-0.03674952613162288,-0.10502810763827476,0.9937900024326187));
#18235=DIRECTION('',(0,0,-1));
#18236=DIRECTION('',(0.3302678668577629,0.9438872475678559,0));
#18237=FACE_SURFACE('',(#18242),#18238,.T.);
#18238=PLANE('',#18239);
#18239=AXIS2_PLACEMENT_3D('',#866,#18240,#18241);
#18240=DIRECTION('',(0.9537162266127384,-0.3007080961589822,0));
#18241=DIRECTION('',(0,0,1));
#18242=FACE_BOUND('',#18243,.T.);
#18243=EDGE_LOOP('',(#18244,#18245,#18246));
#18244=ORIENTED_EDGE('',*,*,#18247,.T.);
#18245=ORIENTED_EDGE('',*,*,#18248,.T.);
#18246=ORIENTED_EDGE('',*,*,#18249,.T.);
#18247=EDGE_CURVE('',#867,#785,#18250,.F.);
#18248=EDGE_CURVE('',#785,#703,#18251,.T.);
#18249=EDGE_CURVE('',#703,#867,#18252,.T.);
#18250=LINE('',#866,#18253);
#18251=LINE('',#784,#18254);
#18252=LINE('',#702,#18255);
#18253=VECTOR('',#18256,1.0);
#18254=VECTOR('',#18257,1.0);
#18255=VECTOR('',#18258,1.0);
#18256=DIRECTION('',(0,0,1));
#18257=DIRECTION('',(-0.08396506181427167,-0.2663009175465479,-0.9602258534888509));
#18258=DIRECTION('',(0.3007080961589822,0.9537162266127385,0));
#18259=FACE_SURFACE('',(#18264),#18260,.T.);
#18260=PLANE('',#18261);
#18261=AXIS2_PLACEMENT_3D('',#702,#18262,#18263);
#18262=DIRECTION('',(0,0,-1));
#18263=DIRECTION('',(-0.9657401412069616,0.2595110395755024,0));
#18264=FACE_BOUND('',#18265,.T.);
#18265=EDGE_LOOP('',(#18266,#18267,#18268));
#18266=ORIENTED_EDGE('',*,*,#18269,.T.);
#18267=ORIENTED_EDGE('',*,*,#18270,.T.);
#18268=ORIENTED_EDGE('',*,*,#18271,.T.);
#18269=EDGE_CURVE('',#703,#869,#18272,.F.);
#18270=EDGE_CURVE('',#869,#867,#18273,.T.);
#18271=EDGE_CURVE('',#867,#703,#18274,.T.);
#18272=LINE('',#702,#18275);
#18273=LINE('',#868,#18276);
#18274=LINE('',#866,#18277);
#18275=VECTOR('',#18278,1.0);
#18276=VECTOR('',#18279,1.0);
#18277=VECTOR('',#18280,1.0);
#18278=DIRECTION('',(-0.9657401412069616,0.2595110395755024,0));
#18279=DIRECTION('',(0.9995504002544867,-0.029983284528137494,0));
#18280=DIRECTION('',(-0.3007080961589822,-0.9537162266127385,0));
#18281=FACE_SURFACE('',(#18286),#18282,.T.);
#18282=PLANE('',#18283);
#18283=AXIS2_PLACEMENT_3D('',#870,#18284,#18285);
#18284=DIRECTION('',(0,-0,-1));
#18285=DIRECTION('',(0.99605369945696,-0.08875262135905794,0));
#18286=FACE_BOUND('',#18287,.T.);
#18287=EDGE_LOOP('',(#18288,#18289,#18290));
#18288=ORIENTED_EDGE('',*,*,#18291,.T.);
#18289=ORIENTED_EDGE('',*,*,#18292,.T.);
#18290=ORIENTED_EDGE('',*,*,#18293,.T.);
#18291=EDGE_CURVE('',#871,#703,#18294,.F.);
#18292=EDGE_CURVE('',#703,#705,#18295,.T.);
#18293=EDGE_CURVE('',#705,#871,#18296,.T.);
#18294=LINE('',#870,#18297);
#18295=LINE('',#702,#18298);
#18296=LINE('',#704,#18299);
#18297=VECTOR('',#18300,1.0);
#18298=VECTOR('',#18301,1.0);
#18299=VECTOR('',#18302,1.0);
#18300=DIRECTION('',(0.99605369945696,-0.08875262135905794,0));
#18301=DIRECTION('',(-0.9997539683293776,0.022181136347398787,0));
#18302=DIRECTION('',(0.6691119110523942,0.7431616583811446,0));
#18303=FACE_SURFACE('',(#18308),#18304,.T.);
#18304=PLANE('',#18305);
#18305=AXIS2_PLACEMENT_3D('',#702,#18306,#18307);
#18306=DIRECTION('',(0,0,-1));
#18307=DIRECTION('',(-0.985328796150639,0.1706668200803325,0));
#18308=FACE_BOUND('',#18309,.T.);
#18309=EDGE_LOOP('',(#18310,#18311,#18312));
#18310=ORIENTED_EDGE('',*,*,#18313,.T.);
#18311=ORIENTED_EDGE('',*,*,#18314,.T.);
#18312=ORIENTED_EDGE('',*,*,#18315,.T.);
#18313=EDGE_CURVE('',#703,#873,#18316,.F.);
#18314=EDGE_CURVE('',#873,#869,#18317,.T.);
#18315=EDGE_CURVE('',#869,#703,#18318,.T.);
#18316=LINE('',#702,#18319);
#18317=LINE('',#872,#18320);
#18318=LINE('',#868,#18321);
#18319=VECTOR('',#18322,1.0);
#18320=VECTOR('',#18323,1.0);
#18321=VECTOR('',#18324,1.0);
#18322=DIRECTION('',(-0.985328796150639,0.1706668200803325,0));
#18323=DIRECTION('',(0.30903655969634947,0.951050158914368,0));
#18324=DIRECTION('',(0.9657401412069616,-0.2595110395755024,0));
#18325=FACE_SURFACE('',(#18330),#18326,.T.);
#18326=PLANE('',#18327);
#18327=AXIS2_PLACEMENT_3D('',#870,#18328,#18329);
#18328=DIRECTION('',(0,0,-1));
#18329=DIRECTION('',(0.4999699128736303,0.866042773898111,0));
#18330=FACE_BOUND('',#18331,.T.);
#18331=EDGE_LOOP('',(#18332,#18333,#18334));
#18332=ORIENTED_EDGE('',*,*,#18335,.T.);
#18333=ORIENTED_EDGE('',*,*,#18336,.T.);
#18334=ORIENTED_EDGE('',*,*,#18337,.T.);
#18335=EDGE_CURVE('',#871,#873,#18338,.F.);
#18336=EDGE_CURVE('',#873,#703,#18339,.T.);
#18337=EDGE_CURVE('',#703,#871,#18340,.T.);
#18338=LINE('',#870,#18341);
#18339=LINE('',#872,#18342);
#18340=LINE('',#702,#18343);
#18341=VECTOR('',#18344,1.0);
#18342=VECTOR('',#18345,1.0);
#18343=VECTOR('',#18346,1.0);
#18344=DIRECTION('',(0.4999699128736303,0.866042773898111,0));
#18345=DIRECTION('',(0.985328796150639,-0.1706668200803325,0));
#18346=DIRECTION('',(-0.99605369945696,0.08875262135905794,0));
#18347=FACE_SURFACE('',(#18352),#18348,.T.);
#18348=PLANE('',#18349);
#18349=AXIS2_PLACEMENT_3D('',#704,#18350,#18351);
#18350=DIRECTION('',(-0.7431616583811446,0.6691119110523942,0));
#18351=DIRECTION('',(0.07414184381622792,0.08234702550615519,0.9938420168144526));
#18352=FACE_BOUND('',#18353,.T.);
#18353=EDGE_LOOP('',(#18354,#18355,#18356));
#18354=ORIENTED_EDGE('',*,*,#18357,.T.);
#18355=ORIENTED_EDGE('',*,*,#18358,.T.);
#18356=ORIENTED_EDGE('',*,*,#18359,.T.);
#18357=EDGE_CURVE('',#705,#789,#18360,.F.);
#18358=EDGE_CURVE('',#789,#871,#18361,.T.);
#18359=EDGE_CURVE('',#871,#705,#18362,.T.);
#18360=LINE('',#704,#18363);
#18361=LINE('',#788,#18364);
#18362=LINE('',#870,#18365);
#18363=VECTOR('',#18366,1.0);
#18364=VECTOR('',#18367,1.0);
#18365=VECTOR('',#18368,1.0);
#18366=DIRECTION('',(0.07414184381622792,0.08234702550615519,0.9938420168144526));
#18367=DIRECTION('',(0,0,-1));
#18368=DIRECTION('',(-0.6691119110523942,-0.7431616583811446,0));
#18369=FACE_SURFACE('',(#18374),#18370,.T.);
#18370=PLANE('',#18371);
#18371=AXIS2_PLACEMENT_3D('',#706,#18372,#18373);
#18372=DIRECTION('',(-0.9439019776757325,0.33022576601446635,0));
#18373=DIRECTION('',(0.03674148077417509,0.10502014056637698,0.9937911418733513));
#18374=FACE_BOUND('',#18375,.T.);
#18375=EDGE_LOOP('',(#18376,#18377,#18378));
#18376=ORIENTED_EDGE('',*,*,#18379,.T.);
#18377=ORIENTED_EDGE('',*,*,#18380,.T.);
#18378=ORIENTED_EDGE('',*,*,#18381,.T.);
#18379=EDGE_CURVE('',#707,#797,#18382,.F.);
#18380=EDGE_CURVE('',#797,#875,#18383,.T.);
#18381=EDGE_CURVE('',#875,#707,#18384,.T.);
#18382=LINE('',#706,#18385);
#18383=LINE('',#796,#18386);
#18384=LINE('',#874,#18387);
#18385=VECTOR('',#18388,1.0);
#18386=VECTOR('',#18389,1.0);
#18387=VECTOR('',#18390,1.0);
#18388=DIRECTION('',(0.03674148077417509,0.10502014056637698,0.9937911418733513));
#18389=DIRECTION('',(0,0,-1));
#18390=DIRECTION('',(-0.33022576601446635,-0.9439019776757325,0));
#18391=FACE_SURFACE('',(#18396),#18392,.T.);
#18392=PLANE('',#18393);
#18393=AXIS2_PLACEMENT_3D('',#876,#18394,#18395);
#18394=DIRECTION('',(-0,0,-1));
#18395=DIRECTION('',(-0.9999637610679768,-0.00851331608634703,0));
#18396=FACE_BOUND('',#18397,.T.);
#18397=EDGE_LOOP('',(#18398,#18399,#18400));
#18398=ORIENTED_EDGE('',*,*,#18401,.T.);
#18399=ORIENTED_EDGE('',*,*,#18402,.T.);
#18400=ORIENTED_EDGE('',*,*,#18403,.T.);
#18401=EDGE_CURVE('',#877,#707,#18404,.F.);
#18402=EDGE_CURVE('',#707,#875,#18405,.T.);
#18403=EDGE_CURVE('',#875,#877,#18406,.T.);
#18404=LINE('',#876,#18407);
#18405=LINE('',#706,#18408);
#18406=LINE('',#874,#18409);
#18407=VECTOR('',#18410,1.0);
#18408=VECTOR('',#18411,1.0);
#18409=VECTOR('',#18412,1.0);
#18410=DIRECTION('',(-0.9999637610679768,-0.00851331608634703,0));
#18411=DIRECTION('',(0.33022576601446635,0.9439019776757325,0));
#18412=DIRECTION('',(0.9999812620787231,-0.006121722914683508,0));
#18413=FACE_SURFACE('',(#18418),#18414,.T.);
#18414=PLANE('',#18415);
#18415=AXIS2_PLACEMENT_3D('',#792,#18416,#18417);
#18416=DIRECTION('',(-0,0,-1));
#18417=DIRECTION('',(-0.9999996807299245,-0.0007990870096440351,0));
#18418=FACE_BOUND('',#18419,.T.);
#18419=EDGE_LOOP('',(#18420,#18421,#18422));
#18420=ORIENTED_EDGE('',*,*,#18423,.T.);
#18421=ORIENTED_EDGE('',*,*,#18424,.T.);
#18422=ORIENTED_EDGE('',*,*,#18425,.T.);
#18423=EDGE_CURVE('',#793,#707,#18426,.F.);
#18424=EDGE_CURVE('',#707,#877,#18427,.T.);
#18425=EDGE_CURVE('',#877,#793,#18428,.T.);
#18426=LINE('',#792,#18429);
#18427=LINE('',#706,#18430);
#18428=LINE('',#876,#18431);
#18429=VECTOR('',#18432,1.0);
#18430=VECTOR('',#18433,1.0);
#18431=VECTOR('',#18434,1.0);
#18432=DIRECTION('',(-0.9999996807299245,-0.0007990870096440351,0));
#18433=DIRECTION('',(0.9999637610679768,0.00851331608634703,0));
#18434=DIRECTION('',(0.8660336510250305,-0.4999857150881971,0));
#18435=FACE_SURFACE('',(#18440),#18436,.T.);
#18436=PLANE('',#18437);
#18437=AXIS2_PLACEMENT_3D('',#708,#18438,#18439);
#18438=DIRECTION('',(0,-0,-1));
#18439=DIRECTION('',(0.991005757444387,-0.13381923894596356,0));
#18440=FACE_BOUND('',#18441,.T.);
#18441=EDGE_LOOP('',(#18442,#18443,#18444));
#18442=ORIENTED_EDGE('',*,*,#18445,.T.);
#18443=ORIENTED_EDGE('',*,*,#18446,.T.);
#18444=ORIENTED_EDGE('',*,*,#18447,.T.);
#18445=EDGE_CURVE('',#709,#711,#18448,.F.);
#18446=EDGE_CURVE('',#711,#801,#18449,.T.);
#18447=EDGE_CURVE('',#801,#709,#18450,.T.);
#18448=LINE('',#708,#18451);
#18449=LINE('',#710,#18452);
#18450=LINE('',#800,#18453);
#18451=VECTOR('',#18454,1.0);
#18452=VECTOR('',#18455,1.0);
#18453=VECTOR('',#18456,1.0);
#18454=DIRECTION('',(0.991005757444387,-0.13381923894596356,0));
#18455=DIRECTION('',(-0.9925043742286533,0.12220911233205646,0));
#18456=DIRECTION('',(0.7071067811865475,0.7071067811865475,0));
#18457=FACE_SURFACE('',(#18462),#18458,.T.);
#18458=PLANE('',#18459);
#18459=AXIS2_PLACEMENT_3D('',#800,#18460,#18461);
#18460=DIRECTION('',(0,0,-1));
#18461=DIRECTION('',(0.9925043742286533,-0.12220911233205646,0));
#18462=FACE_BOUND('',#18463,.T.);
#18463=EDGE_LOOP('',(#18464,#18465,#18466));
#18464=ORIENTED_EDGE('',*,*,#18467,.T.);
#18465=ORIENTED_EDGE('',*,*,#18468,.T.);
#18466=ORIENTED_EDGE('',*,*,#18469,.T.);
#18467=EDGE_CURVE('',#801,#711,#18470,.F.);
#18468=EDGE_CURVE('',#711,#805,#18471,.T.);
#18469=EDGE_CURVE('',#805,#801,#18472,.T.);
#18470=LINE('',#800,#18473);
#18471=LINE('',#710,#18474);
#18472=LINE('',#804,#18475);
#18473=VECTOR('',#18476,1.0);
#18474=VECTOR('',#18477,1.0);
#18475=VECTOR('',#18478,1.0);
#18476=DIRECTION('',(0.9925043742286533,-0.12220911233205646,0));
#18477=DIRECTION('',(-0.9990478504033501,-0.04362788792097543,0));
#18478=DIRECTION('',(-0.9916800798737859,0.12872691708233208,0));
#18479=FACE_SURFACE('',(#18484),#18480,.T.);
#18480=PLANE('',#18481);
#18481=AXIS2_PLACEMENT_3D('',#818,#18482,#18483);
#18482=DIRECTION('',(0.6691139193381038,-0.7431598501991353,0));
#18483=DIRECTION('',(0,0,-1));
#18484=FACE_BOUND('',#18485,.T.);
#18485=EDGE_LOOP('',(#18486,#18487,#18488));
#18486=ORIENTED_EDGE('',*,*,#18489,.T.);
#18487=ORIENTED_EDGE('',*,*,#18490,.T.);
#18488=ORIENTED_EDGE('',*,*,#18491,.T.);
#18489=EDGE_CURVE('',#819,#813,#18492,.F.);
#18490=EDGE_CURVE('',#813,#725,#18493,.T.);
#18491=EDGE_CURVE('',#725,#819,#18494,.T.);
#18492=LINE('',#818,#18495);
#18493=LINE('',#812,#18496);
#18494=LINE('',#724,#18497);
#18495=VECTOR('',#18498,1.0);
#18496=VECTOR('',#18499,1.0);
#18497=VECTOR('',#18500,1.0);
#18498=DIRECTION('',(0,0,-1));
#18499=DIRECTION('',(0.7431598501991354,0.6691139193381039,0));
#18500=DIRECTION('',(-0.08235101734384374,-0.07414584084656134,0.9938413878620624));
#18501=FACE_SURFACE('',(#18506),#18502,.T.);
#18502=PLANE('',#18503);
#18503=AXIS2_PLACEMENT_3D('',#726,#18504,#18505);
#18504=DIRECTION('',(0.330295384871032,-0.9438776185146551,0));
#18505=DIRECTION('',(-0.10502410069617553,-0.03675156088007051,0.9937903506503966));
#18506=FACE_BOUND('',#18507,.T.);
#18507=EDGE_LOOP('',(#18508,#18509,#18510));
#18508=ORIENTED_EDGE('',*,*,#18511,.T.);
#18509=ORIENTED_EDGE('',*,*,#18512,.T.);
#18510=ORIENTED_EDGE('',*,*,#18513,.T.);
#18511=EDGE_CURVE('',#727,#821,#18514,.F.);
#18512=EDGE_CURVE('',#821,#879,#18515,.T.);
#18513=EDGE_CURVE('',#879,#727,#18516,.T.);
#18514=LINE('',#726,#18517);
#18515=LINE('',#820,#18518);
#18516=LINE('',#878,#18519);
#18517=VECTOR('',#18520,1.0);
#18518=VECTOR('',#18521,1.0);
#18519=VECTOR('',#18522,1.0);
#18520=DIRECTION('',(-0.10502410069617553,-0.03675156088007051,0.9937903506503966));
#18521=DIRECTION('',(0,0,-1));
#18522=DIRECTION('',(0.9438776185146551,0.330295384871032,0));
#18523=FACE_SURFACE('',(#18528),#18524,.T.);
#18524=PLANE('',#18525);
#18525=AXIS2_PLACEMENT_3D('',#880,#18526,#18527);
#18526=DIRECTION('',(0,0,-1));
#18527=DIRECTION('',(0.9905355771302569,0.13725622185980776,0));
#18528=FACE_BOUND('',#18529,.T.);
#18529=EDGE_LOOP('',(#18530,#18531,#18532));
#18530=ORIENTED_EDGE('',*,*,#18533,.T.);
#18531=ORIENTED_EDGE('',*,*,#18534,.T.);
#18532=ORIENTED_EDGE('',*,*,#18535,.T.);
#18533=EDGE_CURVE('',#881,#727,#18536,.F.);
#18534=EDGE_CURVE('',#727,#879,#18537,.T.);
#18535=EDGE_CURVE('',#879,#881,#18538,.T.);
#18536=LINE('',#880,#18539);
#18537=LINE('',#726,#18540);
#18538=LINE('',#878,#18541);
#18539=VECTOR('',#18542,1.0);
#18540=VECTOR('',#18543,1.0);
#18541=VECTOR('',#18544,1.0);
#18542=DIRECTION('',(0.9905355771302569,0.13725622185980776,0));
#18543=DIRECTION('',(-0.9438776185146551,-0.330295384871032,0));
#18544=DIRECTION('',(-0.9918027732015526,-0.12777816350891003,0));
#18545=FACE_SURFACE('',(#18550),#18546,.T.);
#18546=PLANE('',#18547);
#18547=AXIS2_PLACEMENT_3D('',#880,#18548,#18549);
#18548=DIRECTION('',(0,0,-1));
#18549=DIRECTION('',(0.7071119908169492,0.7071015715177635,0));
#18550=FACE_BOUND('',#18551,.T.);
#18551=EDGE_LOOP('',(#18552,#18553,#18554));
#18552=ORIENTED_EDGE('',*,*,#18555,.T.);
#18553=ORIENTED_EDGE('',*,*,#18556,.T.);
#18554=ORIENTED_EDGE('',*,*,#18557,.T.);
#18555=EDGE_CURVE('',#881,#729,#18558,.F.);
#18556=EDGE_CURVE('',#729,#727,#18559,.T.);
#18557=EDGE_CURVE('',#727,#881,#18560,.T.);
#18558=LINE('',#880,#18561);
#18559=LINE('',#728,#18562);
#18560=LINE('',#726,#18563);
#18561=VECTOR('',#18564,1.0);
#18562=VECTOR('',#18565,1.0);
#18563=VECTOR('',#18566,1.0);
#18564=DIRECTION('',(0.7071119908169492,0.7071015715177635,0));
#18565=DIRECTION('',(0.9788184500143224,-0.2047301685427907,0));
#18566=DIRECTION('',(-0.9905355771302569,-0.13725622185980776,0));
#18567=FACE_SURFACE('',(#18572),#18568,.T.);
#18568=PLANE('',#18569);
#18569=AXIS2_PLACEMENT_3D('',#880,#18570,#18571);
#18570=DIRECTION('',(-0.7071015715177635,0.7071119908169492,0));
#18571=DIRECTION('',(0,0,1));
#18572=FACE_BOUND('',#18573,.T.);
#18573=EDGE_LOOP('',(#18574,#18575,#18576));
#18574=ORIENTED_EDGE('',*,*,#18577,.T.);
#18575=ORIENTED_EDGE('',*,*,#18578,.T.);
#18576=ORIENTED_EDGE('',*,*,#18579,.T.);
#18577=EDGE_CURVE('',#881,#823,#18580,.F.);
#18578=EDGE_CURVE('',#823,#729,#18581,.T.);
#18579=EDGE_CURVE('',#729,#881,#18582,.T.);
#18580=LINE('',#880,#18583);
#18581=LINE('',#822,#18584);
#18582=LINE('',#728,#18585);
#18583=VECTOR('',#18586,1.0);
#18584=VECTOR('',#18587,1.0);
#18585=VECTOR('',#18588,1.0);
#18586=DIRECTION('',(0,0,1));
#18587=DIRECTION('',(0.49397615193293865,0.49396887319154487,-0.7155293939730232));
#18588=DIRECTION('',(-0.7071119908169492,-0.7071015715177635,0));
#18589=FACE_SURFACE('',(#18594),#18590,.T.);
#18590=PLANE('',#18591);
#18591=AXIS2_PLACEMENT_3D('',#824,#18592,#18593);
#18592=DIRECTION('',(0.9914414315047008,0.1305522420179363,-0));
#18593=DIRECTION('',(0,0,1));
#18594=FACE_BOUND('',#18595,.T.);
#18595=EDGE_LOOP('',(#18596,#18597,#18598));
#18596=ORIENTED_EDGE('',*,*,#18599,.T.);
#18597=ORIENTED_EDGE('',*,*,#18600,.T.);
#18598=ORIENTED_EDGE('',*,*,#18601,.T.);
#18599=EDGE_CURVE('',#825,#833,#18602,.F.);
#18600=EDGE_CURVE('',#833,#753,#18603,.T.);
#18601=EDGE_CURVE('',#753,#825,#18604,.T.);
#18602=LINE('',#824,#18605);
#18603=LINE('',#832,#18606);
#18604=LINE('',#752,#18607);
#18605=VECTOR('',#18608,1.0);
#18606=VECTOR('',#18609,1.0);
#18607=VECTOR('',#18610,1.0);
#18608=DIRECTION('',(0,0,1));
#18609=DIRECTION('',(0.0364538474084478,-0.27683825340601936,-0.9602248166238083));
#18610=DIRECTION('',(-0.1305522420179363,0.9914414315047008,0));
#18611=FACE_SURFACE('',(#18616),#18612,.T.);
#18612=PLANE('',#18613);
#18613=AXIS2_PLACEMENT_3D('',#752,#18614,#18615);
#18614=DIRECTION('',(0,0,-1));
#18615=DIRECTION('',(-0.9746191382103363,0.22386946070007288,0));
#18616=FACE_BOUND('',#18617,.T.);
#18617=EDGE_LOOP('',(#18618,#18619,#18620));
#18618=ORIENTED_EDGE('',*,*,#18621,.T.);
#18619=ORIENTED_EDGE('',*,*,#18622,.T.);
#18620=ORIENTED_EDGE('',*,*,#18623,.T.);
#18621=EDGE_CURVE('',#753,#883,#18624,.F.);
#18622=EDGE_CURVE('',#883,#825,#18625,.T.);
#18623=EDGE_CURVE('',#825,#753,#18626,.T.);
#18624=LINE('',#752,#18627);
#18625=LINE('',#882,#18628);
#18626=LINE('',#824,#18629);
#18627=VECTOR('',#18630,1.0);
#18628=VECTOR('',#18631,1.0);
#18629=VECTOR('',#18632,1.0);
#18630=DIRECTION('',(-0.9746191382103363,0.22386946070007288,0));
#18631=DIRECTION('',(0.9998309377566003,-0.018387384391405272,0));
#18632=DIRECTION('',(0.1305522420179363,-0.9914414315047008,0));
#18633=FACE_SURFACE('',(#18638),#18634,.T.);
#18634=PLANE('',#18635);
#18635=AXIS2_PLACEMENT_3D('',#754,#18636,#18637);
#18636=DIRECTION('',(0,0,-1));
#18637=DIRECTION('',(0.6691119110523942,0.7431616583811446,0));
#18638=FACE_BOUND('',#18639,.T.);
#18639=EDGE_LOOP('',(#18640,#18641,#18642));
#18640=ORIENTED_EDGE('',*,*,#18643,.T.);
#18641=ORIENTED_EDGE('',*,*,#18644,.T.);
#18642=ORIENTED_EDGE('',*,*,#18645,.T.);
#18643=EDGE_CURVE('',#755,#885,#18646,.F.);
#18644=EDGE_CURVE('',#885,#753,#18647,.T.);
#18645=EDGE_CURVE('',#753,#755,#18648,.T.);
#18646=LINE('',#754,#18649);
#18647=LINE('',#884,#18650);
#18648=LINE('',#752,#18651);
#18649=VECTOR('',#18652,1.0);
#18650=VECTOR('',#18653,1.0);
#18651=VECTOR('',#18654,1.0);
#18652=DIRECTION('',(0.6691119110523942,0.7431616583811446,0));
#18653=DIRECTION('',(0.9971378743821738,-0.07560462600000316,0));
#18654=DIRECTION('',(-0.9998413803260625,0.017810507788208262,0));
#18655=FACE_SURFACE('',(#18660),#18656,.T.);
#18656=PLANE('',#18657);
#18657=AXIS2_PLACEMENT_3D('',#752,#18658,#18659);
#18658=DIRECTION('',(0,0,-1));
#18659=DIRECTION('',(-0.9892188347102153,0.14644486011657645,0));
#18660=FACE_BOUND('',#18661,.T.);
#18661=EDGE_LOOP('',(#18662,#18663,#18664));
#18662=ORIENTED_EDGE('',*,*,#18665,.T.);
#18663=ORIENTED_EDGE('',*,*,#18666,.T.);
#18664=ORIENTED_EDGE('',*,*,#18667,.T.);
#18665=EDGE_CURVE('',#753,#887,#18668,.F.);
#18666=EDGE_CURVE('',#887,#883,#18669,.T.);
#18667=EDGE_CURVE('',#883,#753,#18670,.T.);
#18668=LINE('',#752,#18671);
#18669=LINE('',#886,#18672);
#18670=LINE('',#882,#18673);
#18671=VECTOR('',#18674,1.0);
#18672=VECTOR('',#18675,1.0);
#18673=VECTOR('',#18676,1.0);
#18674=DIRECTION('',(-0.9892188347102153,0.14644486011657645,0));
#18675=DIRECTION('',(0.30902583393779487,0.9510536441016618,0));
#18676=DIRECTION('',(0.9746191382103363,-0.22386946070007288,0));
#18677=FACE_SURFACE('',(#18682),#18678,.T.);
#18678=PLANE('',#18679);
#18679=AXIS2_PLACEMENT_3D('',#884,#18680,#18681);
#18680=DIRECTION('',(0,0,-1));
#18681=DIRECTION('',(0.4999857150881971,0.8660336510250305,0));
#18682=FACE_BOUND('',#18683,.T.);
#18683=EDGE_LOOP('',(#18684,#18685,#18686));
#18684=ORIENTED_EDGE('',*,*,#18687,.T.);
#18685=ORIENTED_EDGE('',*,*,#18688,.T.);
#18686=ORIENTED_EDGE('',*,*,#18689,.T.);
#18687=EDGE_CURVE('',#885,#887,#18690,.F.);
#18688=EDGE_CURVE('',#887,#753,#18691,.T.);
#18689=EDGE_CURVE('',#753,#885,#18692,.T.);
#18690=LINE('',#884,#18693);
#18691=LINE('',#886,#18694);
#18692=LINE('',#752,#18695);
#18693=VECTOR('',#18696,1.0);
#18694=VECTOR('',#18697,1.0);
#18695=VECTOR('',#18698,1.0);
#18696=DIRECTION('',(0.4999857150881971,0.8660336510250305,0));
#18697=DIRECTION('',(0.9892188347102153,-0.14644486011657645,0));
#18698=DIRECTION('',(-0.9971378743821738,0.07560462600000316,0));
#18699=FACE_SURFACE('',(#18704),#18700,.T.);
#18700=PLANE('',#18701);
#18701=AXIS2_PLACEMENT_3D('',#754,#18702,#18703);
#18702=DIRECTION('',(-0.7431616583811446,0.6691119110523942,0));
#18703=DIRECTION('',(0.07414184381622792,0.08234702550615519,0.9938420168144526));
#18704=FACE_BOUND('',#18705,.T.);
#18705=EDGE_LOOP('',(#18706,#18707,#18708));
#18706=ORIENTED_EDGE('',*,*,#18709,.T.);
#18707=ORIENTED_EDGE('',*,*,#18710,.T.);
#18708=ORIENTED_EDGE('',*,*,#18711,.T.);
#18709=EDGE_CURVE('',#755,#841,#18712,.F.);
#18710=EDGE_CURVE('',#841,#885,#18713,.T.);
#18711=EDGE_CURVE('',#885,#755,#18714,.T.);
#18712=LINE('',#754,#18715);
#18713=LINE('',#840,#18716);
#18714=LINE('',#884,#18717);
#18715=VECTOR('',#18718,1.0);
#18716=VECTOR('',#18719,1.0);
#18717=VECTOR('',#18720,1.0);
#18718=DIRECTION('',(0.07414184381622792,0.08234702550615519,0.9938420168144526));
#18719=DIRECTION('',(0,0,-1));
#18720=DIRECTION('',(-0.6691119110523942,-0.7431616583811446,0));
#18721=FACE_SURFACE('',(#18726),#18722,.T.);
#18722=PLANE('',#18723);
#18723=AXIS2_PLACEMENT_3D('',#858,#18724,#18725);
#18724=DIRECTION('',(0.9135645723309492,0.4066937080675947,-0));
#18725=DIRECTION('',(0,0,1));
#18726=FACE_BOUND('',#18727,.T.);
#18727=EDGE_LOOP('',(#18728,#18729,#18730));
#18728=ORIENTED_EDGE('',*,*,#18731,.T.);
#18729=ORIENTED_EDGE('',*,*,#18732,.T.);
#18730=ORIENTED_EDGE('',*,*,#18733,.T.);
#18731=EDGE_CURVE('',#859,#757,#18734,.F.);
#18732=EDGE_CURVE('',#757,#889,#18735,.T.);
#18733=EDGE_CURVE('',#889,#859,#18736,.T.);
#18734=LINE('',#858,#18737);
#18735=LINE('',#756,#18738);
#18736=LINE('',#888,#18739);
#18737=VECTOR('',#18740,1.0);
#18738=VECTOR('',#18741,1.0);
#18739=VECTOR('',#18742,1.0);
#18740=DIRECTION('',(0,0,1));
#18741=DIRECTION('',(0.40669370806759464,-0.9135645723309491,0));
#18742=DIRECTION('',(-0.045065798669171604,0.10123224498253525,-0.9938415901772805));
#18743=FACE_SURFACE('',(#18748),#18744,.T.);
#18744=PLANE('',#18745);
#18745=AXIS2_PLACEMENT_3D('',#756,#18746,#18747);
#18746=DIRECTION('',(0,0,1));
#18747=DIRECTION('',(-0.999999999945344,-1.0455232436671026E-05,0));
#18748=FACE_BOUND('',#18749,.T.);
#18749=EDGE_LOOP('',(#18750,#18751,#18752));
#18750=ORIENTED_EDGE('',*,*,#18753,.T.);
#18751=ORIENTED_EDGE('',*,*,#18754,.T.);
#18752=ORIENTED_EDGE('',*,*,#18755,.T.);
#18753=EDGE_CURVE('',#757,#891,#18756,.F.);
#18754=EDGE_CURVE('',#891,#889,#18757,.T.);
#18755=EDGE_CURVE('',#889,#757,#18758,.T.);
#18756=LINE('',#756,#18759);
#18757=LINE('',#890,#18760);
#18758=LINE('',#888,#18761);
#18759=VECTOR('',#18762,1.0);
#18760=VECTOR('',#18763,1.0);
#18761=VECTOR('',#18764,1.0);
#18762=DIRECTION('',(-0.999999999945344,-1.0455232436671026E-05,0));
#18763=DIRECTION('',(0.9998958111364034,-0.014434918492112127,0));
#18764=DIRECTION('',(-0.40669370806759464,0.9135645723309491,0));
#18765=FACE_SURFACE('',(#18770),#18766,.T.);
#18766=PLANE('',#18767);
#18767=AXIS2_PLACEMENT_3D('',#756,#18768,#18769);
#18768=DIRECTION('',(0,0,1));
#18769=DIRECTION('',(-0.9998875681871208,0.014995032005496421,0));
#18770=FACE_BOUND('',#18771,.T.);
#18771=EDGE_LOOP('',(#18772,#18773,#18774));
#18772=ORIENTED_EDGE('',*,*,#18775,.T.);
#18773=ORIENTED_EDGE('',*,*,#18776,.T.);
#18774=ORIENTED_EDGE('',*,*,#18777,.T.);
#18775=EDGE_CURVE('',#757,#759,#18778,.F.);
#18776=EDGE_CURVE('',#759,#891,#18779,.T.);
#18777=EDGE_CURVE('',#891,#757,#18780,.T.);
#18778=LINE('',#756,#18781);
#18779=LINE('',#758,#18782);
#18780=LINE('',#890,#18783);
#18781=VECTOR('',#18784,1.0);
#18782=VECTOR('',#18785,1.0);
#18783=VECTOR('',#18786,1.0);
#18784=DIRECTION('',(-0.9998875681871208,0.014995032005496421,0));
#18785=DIRECTION('',(0.3302031102824696,-0.9439099035182241,0));
#18786=DIRECTION('',(0.999999999945344,1.0455232436671026E-05,0));
#18787=FACE_SURFACE('',(#18792),#18788,.T.);
#18788=PLANE('',#18789);
#18789=AXIS2_PLACEMENT_3D('',#758,#18790,#18791);
#18790=DIRECTION('',(-0.9439099035182241,-0.3302031102824696,-0));
#18791=DIRECTION('',(0,0,-1));
#18792=FACE_BOUND('',#18793,.T.);
#18793=EDGE_LOOP('',(#18794,#18795,#18796));
#18794=ORIENTED_EDGE('',*,*,#18797,.T.);
#18795=ORIENTED_EDGE('',*,*,#18798,.T.);
#18796=ORIENTED_EDGE('',*,*,#18799,.T.);
#18797=EDGE_CURVE('',#759,#761,#18800,.F.);
#18798=EDGE_CURVE('',#761,#893,#18801,.T.);
#18799=EDGE_CURVE('',#893,#759,#18802,.T.);
#18800=LINE('',#758,#18803);
#18801=LINE('',#760,#18804);
#18802=LINE('',#892,#18805);
#18803=VECTOR('',#18806,1.0);
#18804=VECTOR('',#18807,1.0);
#18805=VECTOR('',#18808,1.0);
#18806=DIRECTION('',(0,0,-1));
#18807=DIRECTION('',(0.3302031102824696,-0.9439099035182241,0));
#18808=DIRECTION('',(-0.0367414495666493,0.10502813885038326,0.993790297765764));
#18809=FACE_SURFACE('',(#18814),#18810,.T.);
#18810=PLANE('',#18811);
#18811=AXIS2_PLACEMENT_3D('',#758,#18812,#18813);
#18812=DIRECTION('',(-0.9439099035182241,-0.3302031102824696,0));
#18813=DIRECTION('',(0.0367414495666493,-0.10502813885038326,-0.993790297765764));
#18814=FACE_BOUND('',#18815,.T.);
#18815=EDGE_LOOP('',(#18816,#18817,#18818));
#18816=ORIENTED_EDGE('',*,*,#18819,.T.);
#18817=ORIENTED_EDGE('',*,*,#18820,.T.);
#18818=ORIENTED_EDGE('',*,*,#18821,.T.);
#18819=EDGE_CURVE('',#759,#893,#18822,.F.);
#18820=EDGE_CURVE('',#893,#891,#18823,.T.);
#18821=EDGE_CURVE('',#891,#759,#18824,.T.);
#18822=LINE('',#758,#18825);
#18823=LINE('',#892,#18826);
#18824=LINE('',#890,#18827);
#18825=VECTOR('',#18828,1.0);
#18826=VECTOR('',#18829,1.0);
#18827=VECTOR('',#18830,1.0);
#18828=DIRECTION('',(0.0367414495666493,-0.10502813885038326,-0.993790297765764));
#18829=DIRECTION('',(0,0,1));
#18830=DIRECTION('',(-0.3302031102824696,0.9439099035182241,0));
#18831=FACE_SURFACE('',(#18836),#18832,.T.);
#18832=PLANE('',#18833);
#18833=AXIS2_PLACEMENT_3D('',#858,#18834,#18835);
#18834=DIRECTION('',(-0,0,-1));
#18835=DIRECTION('',(-0.999999999945344,-1.0455232436671026E-05,0));
#18836=FACE_BOUND('',#18837,.T.);
#18837=EDGE_LOOP('',(#18838,#18839,#18840));
#18838=ORIENTED_EDGE('',*,*,#18841,.T.);
#18839=ORIENTED_EDGE('',*,*,#18842,.T.);
#18840=ORIENTED_EDGE('',*,*,#18843,.T.);
#18841=EDGE_CURVE('',#859,#893,#18844,.F.);
#18842=EDGE_CURVE('',#893,#761,#18845,.T.);
#18843=EDGE_CURVE('',#761,#859,#18846,.T.);
#18844=LINE('',#858,#18847);
#18845=LINE('',#892,#18848);
#18846=LINE('',#760,#18849);
#18847=VECTOR('',#18850,1.0);
#18848=VECTOR('',#18851,1.0);
#18849=VECTOR('',#18852,1.0);
#18850=DIRECTION('',(-0.999999999945344,-1.0455232436671026E-05,0));
#18851=DIRECTION('',(-0.3302031102824696,0.9439099035182241,0));
#18852=DIRECTION('',(0.9998875681871208,-0.014995032005496421,0));
#18853=FACE_SURFACE('',(#18858),#18854,.T.);
#18854=PLANE('',#18855);
#18855=AXIS2_PLACEMENT_3D('',#860,#18856,#18857);
#18856=DIRECTION('',(-0.7456192753379437,-0.6663721904795544,0));
#18857=DIRECTION('',(0.12242440721124005,-0.13698350425282768,0.9829790354232343));
#18858=FACE_BOUND('',#18859,.T.);
#18859=EDGE_LOOP('',(#18860,#18861,#18862));
#18860=ORIENTED_EDGE('',*,*,#18863,.T.);
#18861=ORIENTED_EDGE('',*,*,#18864,.T.);
#18862=ORIENTED_EDGE('',*,*,#18865,.T.);
#18863=EDGE_CURVE('',#861,#895,#18866,.F.);
#18864=EDGE_CURVE('',#895,#763,#18867,.T.);
#18865=EDGE_CURVE('',#763,#861,#18868,.T.);
#18866=LINE('',#860,#18869);
#18867=LINE('',#894,#18870);
#18868=LINE('',#762,#18871);
#18869=VECTOR('',#18872,1.0);
#18870=VECTOR('',#18873,1.0);
#18871=VECTOR('',#18874,1.0);
#18872=DIRECTION('',(0.12242440721124005,-0.13698350425282768,0.9829790354232343));
#18873=DIRECTION('',(-0.6663721904795545,0.7456192753379438,0));
#18874=DIRECTION('',(0,0,-1));
#18875=FACE_SURFACE('',(#18880),#18876,.T.);
#18876=PLANE('',#18877);
#18877=AXIS2_PLACEMENT_3D('',#896,#18878,#18879);
#18878=DIRECTION('',(0,0,1));
#18879=DIRECTION('',(-0.9990078400967286,0.044534654206235855,0));
#18880=FACE_BOUND('',#18881,.T.);
#18881=EDGE_LOOP('',(#18882,#18883,#18884));
#18882=ORIENTED_EDGE('',*,*,#18885,.T.);
#18883=ORIENTED_EDGE('',*,*,#18886,.T.);
#18884=ORIENTED_EDGE('',*,*,#18887,.T.);
#18885=EDGE_CURVE('',#897,#763,#18888,.F.);
#18886=EDGE_CURVE('',#763,#895,#18889,.T.);
#18887=EDGE_CURVE('',#895,#897,#18890,.T.);
#18888=LINE('',#896,#18891);
#18889=LINE('',#762,#18892);
#18890=LINE('',#894,#18893);
#18891=VECTOR('',#18894,1.0);
#18892=VECTOR('',#18895,1.0);
#18893=VECTOR('',#18896,1.0);
#18894=DIRECTION('',(-0.9990078400967286,0.044534654206235855,0));
#18895=DIRECTION('',(0.6663721904795545,-0.7456192753379438,0));
#18896=DIRECTION('',(0.9997685882241298,0.021512089631886888,0));
#18897=FACE_SURFACE('',(#18902),#18898,.T.);
#18898=PLANE('',#18899);
#18899=AXIS2_PLACEMENT_3D('',#764,#18900,#18901);
#18900=DIRECTION('',(0,0,1));
#18901=DIRECTION('',(-0.9999738098092152,-0.007237381822410983,0));
#18902=FACE_BOUND('',#18903,.T.);
#18903=EDGE_LOOP('',(#18904,#18905,#18906));
#18904=ORIENTED_EDGE('',*,*,#18907,.T.);
#18905=ORIENTED_EDGE('',*,*,#18908,.T.);
#18906=ORIENTED_EDGE('',*,*,#18909,.T.);
#18907=EDGE_CURVE('',#765,#763,#18910,.F.);
#18908=EDGE_CURVE('',#763,#897,#18911,.T.);
#18909=EDGE_CURVE('',#897,#765,#18912,.T.);
#18910=LINE('',#764,#18913);
#18911=LINE('',#762,#18914);
#18912=LINE('',#896,#18915);
#18913=VECTOR('',#18916,1.0);
#18914=VECTOR('',#18917,1.0);
#18915=VECTOR('',#18918,1.0);
#18916=DIRECTION('',(-0.9999738098092152,-0.007237381822410983,0));
#18917=DIRECTION('',(0.9990078400967286,-0.044534654206235855,0));
#18918=DIRECTION('',(-0.11200695884087862,0.993707422318671,0));
#18919=FACE_SURFACE('',(#18924),#18920,.T.);
#18920=PLANE('',#18921);
#18921=AXIS2_PLACEMENT_3D('',#864,#18922,#18923);
#18922=DIRECTION('',(0.993707878228397,-0.11200291401038324,0));
#18923=DIRECTION('',(-0.012462811981734127,-0.1105720735978384,0.9937899651625499));
#18924=FACE_BOUND('',#18925,.T.);
#18925=EDGE_LOOP('',(#18926,#18927,#18928));
#18926=ORIENTED_EDGE('',*,*,#18929,.T.);
#18927=ORIENTED_EDGE('',*,*,#18930,.T.);
#18928=ORIENTED_EDGE('',*,*,#18931,.T.);
#18929=EDGE_CURVE('',#865,#765,#18932,.F.);
#18930=EDGE_CURVE('',#765,#863,#18933,.T.);
#18931=EDGE_CURVE('',#863,#865,#18934,.T.);
#18932=LINE('',#864,#18935);
#18933=LINE('',#764,#18936);
#18934=LINE('',#862,#18937);
#18935=VECTOR('',#18938,1.0);
#18936=VECTOR('',#18939,1.0);
#18937=VECTOR('',#18940,1.0);
#18938=DIRECTION('',(-0.012462811981734127,-0.1105720735978384,0.9937899651625499));
#18939=DIRECTION('',(0,0,-1));
#18940=DIRECTION('',(0.11200291401038326,0.993707878228397,0));
#18941=FACE_SURFACE('',(#18946),#18942,.T.);
#18942=PLANE('',#18943);
#18943=AXIS2_PLACEMENT_3D('',#896,#18944,#18945);
#18944=DIRECTION('',(0.993707422318671,0.11200695884087862,0));
#18945=DIRECTION('',(-0.012462817554069618,0.11056807929296741,-0.9937904095029686));
#18946=FACE_BOUND('',#18947,.T.);
#18947=EDGE_LOOP('',(#18948,#18949,#18950));
#18948=ORIENTED_EDGE('',*,*,#18951,.T.);
#18949=ORIENTED_EDGE('',*,*,#18952,.T.);
#18950=ORIENTED_EDGE('',*,*,#18953,.T.);
#18951=EDGE_CURVE('',#897,#863,#18954,.F.);
#18952=EDGE_CURVE('',#863,#765,#18955,.T.);
#18953=EDGE_CURVE('',#765,#897,#18956,.T.);
#18954=LINE('',#896,#18957);
#18955=LINE('',#862,#18958);
#18956=LINE('',#764,#18959);
#18957=VECTOR('',#18960,1.0);
#18958=VECTOR('',#18961,1.0);
#18959=VECTOR('',#18962,1.0);
#18960=DIRECTION('',(-0.012462817554069618,0.11056807929296741,-0.9937904095029686));
#18961=DIRECTION('',(0,0,1));
#18962=DIRECTION('',(0.11200695884087862,-0.993707422318671,0));
#18963=FACE_SURFACE('',(#18968),#18964,.T.);
#18964=PLANE('',#18965);
#18965=AXIS2_PLACEMENT_3D('',#864,#18966,#18967);
#18966=DIRECTION('',(0.993707878228397,-0.11200291401038324,0));
#18967=DIRECTION('',(0,0,1));
#18968=FACE_BOUND('',#18969,.T.);
#18969=EDGE_LOOP('',(#18970,#18971,#18972));
#18970=ORIENTED_EDGE('',*,*,#18973,.T.);
#18971=ORIENTED_EDGE('',*,*,#18974,.T.);
#18972=ORIENTED_EDGE('',*,*,#18975,.T.);
#18973=EDGE_CURVE('',#865,#767,#18976,.F.);
#18974=EDGE_CURVE('',#767,#765,#18977,.T.);
#18975=EDGE_CURVE('',#765,#865,#18978,.T.);
#18976=LINE('',#864,#18979);
#18977=LINE('',#766,#18980);
#18978=LINE('',#764,#18981);
#18979=VECTOR('',#18982,1.0);
#18980=VECTOR('',#18983,1.0);
#18981=VECTOR('',#18984,1.0);
#18982=DIRECTION('',(0,0,1));
#18983=DIRECTION('',(-0.11200291401038326,-0.993707878228397,0));
#18984=DIRECTION('',(0.012462811981734127,0.1105720735978384,-0.9937899651625499));
#18985=FACE_SURFACE('',(#18990),#18986,.T.);
#18986=PLANE('',#18987);
#18987=AXIS2_PLACEMENT_3D('',#768,#18988,#18989);
#18988=DIRECTION('',(-0.8155608378322824,0.5786713400491729,0));
#18989=DIRECTION('',(0,0,1));
#18990=FACE_BOUND('',#18991,.T.);
#18991=EDGE_LOOP('',(#18992,#18993,#18994));
#18992=ORIENTED_EDGE('',*,*,#18995,.T.);
#18993=ORIENTED_EDGE('',*,*,#18996,.T.);
#18994=ORIENTED_EDGE('',*,*,#18997,.T.);
#18995=EDGE_CURVE('',#769,#773,#18998,.F.);
#18996=EDGE_CURVE('',#773,#899,#18999,.T.);
#18997=EDGE_CURVE('',#899,#769,#19000,.T.);
#18998=LINE('',#768,#19001);
#18999=LINE('',#772,#19002);
#19000=LINE('',#898,#19003);
#19001=VECTOR('',#19004,1.0);
#19002=VECTOR('',#19005,1.0);
#19003=VECTOR('',#19006,1.0);
#19004=DIRECTION('',(0,0,1));
#19005=DIRECTION('',(0.10631336580985346,0.14983464998506096,-0.9829786599484419));
#19006=DIRECTION('',(-0.578671340049173,-0.8155608378322824,0));
#19007=FACE_SURFACE('',(#19012),#19008,.T.);
#19008=PLANE('',#19009);
#19009=AXIS2_PLACEMENT_3D('',#900,#19010,#19011);
#19010=DIRECTION('',(-0,0,-1));
#19011=DIRECTION('',(-0.9999351614660956,-0.011387399341952995,0));
#19012=FACE_BOUND('',#19013,.T.);
#19013=EDGE_LOOP('',(#19014,#19015,#19016));
#19014=ORIENTED_EDGE('',*,*,#19017,.T.);
#19015=ORIENTED_EDGE('',*,*,#19018,.T.);
#19016=ORIENTED_EDGE('',*,*,#19019,.T.);
#19017=EDGE_CURVE('',#901,#769,#19020,.F.);
#19018=EDGE_CURVE('',#769,#899,#19021,.T.);
#19019=EDGE_CURVE('',#899,#901,#19022,.T.);
#19020=LINE('',#900,#19023);
#19021=LINE('',#768,#19024);
#19022=LINE('',#898,#19025);
#19023=VECTOR('',#19026,1.0);
#19024=VECTOR('',#19027,1.0);
#19025=VECTOR('',#19028,1.0);
#19026=DIRECTION('',(-0.9999351614660956,-0.011387399341952995,0));
#19027=DIRECTION('',(0.578671340049173,0.8155608378322824,0));
#19028=DIRECTION('',(0.9982657064020214,-0.05886917208245201,0));
#19029=FACE_SURFACE('',(#19034),#19030,.T.);
#19030=PLANE('',#19031);
#19031=AXIS2_PLACEMENT_3D('',#770,#19032,#19033);
#19032=DIRECTION('',(0,0,-1));
#19033=DIRECTION('',(-0.9993928909420773,0.034840343489079335,0));
#19034=FACE_BOUND('',#19035,.T.);
#19035=EDGE_LOOP('',(#19036,#19037,#19038));
#19036=ORIENTED_EDGE('',*,*,#19039,.T.);
#19037=ORIENTED_EDGE('',*,*,#19040,.T.);
#19038=ORIENTED_EDGE('',*,*,#19041,.T.);
#19039=EDGE_CURVE('',#771,#769,#19042,.F.);
#19040=EDGE_CURVE('',#769,#901,#19043,.T.);
#19041=EDGE_CURVE('',#901,#771,#19044,.T.);
#19042=LINE('',#770,#19045);
#19043=LINE('',#768,#19046);
#19044=LINE('',#900,#19047);
#19045=VECTOR('',#19048,1.0);
#19046=VECTOR('',#19049,1.0);
#19047=VECTOR('',#19050,1.0);
#19048=DIRECTION('',(-0.9993928909420773,0.034840343489079335,0));
#19049=DIRECTION('',(0.9999351614660956,0.011387399341952995,0));
#19050=DIRECTION('',(0.3302848608994912,-0.9438813011499929,0));
#19051=FACE_SURFACE('',(#19056),#19052,.T.);
#19052=PLANE('',#19053);
#19053=AXIS2_PLACEMENT_3D('',#774,#19054,#19055);
#19054=DIRECTION('',(0.9438813011499929,0.3302848608994912,0));
#19055=DIRECTION('',(0,0,-1));
#19056=FACE_BOUND('',#19057,.T.);
#19057=EDGE_LOOP('',(#19058,#19059,#19060));
#19058=ORIENTED_EDGE('',*,*,#19061,.T.);
#19059=ORIENTED_EDGE('',*,*,#19062,.T.);
#19060=ORIENTED_EDGE('',*,*,#19063,.T.);
#19061=EDGE_CURVE('',#775,#771,#19064,.F.);
#19062=EDGE_CURVE('',#771,#901,#19065,.T.);
#19063=EDGE_CURVE('',#901,#775,#19066,.T.);
#19064=LINE('',#774,#19067);
#19065=LINE('',#770,#19068);
#19066=LINE('',#900,#19069);
#19067=VECTOR('',#19070,1.0);
#19068=VECTOR('',#19071,1.0);
#19069=VECTOR('',#19072,1.0);
#19070=DIRECTION('',(0,0,-1));
#19071=DIRECTION('',(-0.3302848608994912,0.9438813011499929,0));
#19072=DIRECTION('',(0.03674954954261626,-0.10502210892892365,0.9937906355186369));
#19073=FACE_SURFACE('',(#19078),#19074,.T.);
#19074=PLANE('',#19075);
#19075=AXIS2_PLACEMENT_3D('',#898,#19076,#19077);
#19076=DIRECTION('',(-0.8155608378322824,0.5786713400491729,0));
#19077=DIRECTION('',(-0.10631336580985346,-0.14983464998506096,0.9829786599484419));
#19078=FACE_BOUND('',#19079,.T.);
#19079=EDGE_LOOP('',(#19080,#19081,#19082));
#19080=ORIENTED_EDGE('',*,*,#19083,.T.);
#19081=ORIENTED_EDGE('',*,*,#19084,.T.);
#19082=ORIENTED_EDGE('',*,*,#19085,.T.);
#19083=EDGE_CURVE('',#899,#773,#19086,.F.);
#19084=EDGE_CURVE('',#773,#903,#19087,.T.);
#19085=EDGE_CURVE('',#903,#899,#19088,.T.);
#19086=LINE('',#898,#19089);
#19087=LINE('',#772,#19090);
#19088=LINE('',#902,#19091);
#19089=VECTOR('',#19092,1.0);
#19090=VECTOR('',#19093,1.0);
#19091=VECTOR('',#19094,1.0);
#19092=DIRECTION('',(-0.10631336580985346,-0.14983464998506096,0.9829786599484419));
#19093=DIRECTION('',(0.578671340049173,0.8155608378322824,0));
#19094=DIRECTION('',(0,0,-1));
#19095=FACE_SURFACE('',(#19100),#19096,.T.);
#19096=PLANE('',#19097);
#19097=AXIS2_PLACEMENT_3D('',#904,#19098,#19099);
#19098=DIRECTION('',(0,0,1));
#19099=DIRECTION('',(-0.9982657064020214,0.05886917208245201,0));
#19100=FACE_BOUND('',#19101,.T.);
#19101=EDGE_LOOP('',(#19102,#19103,#19104));
#19102=ORIENTED_EDGE('',*,*,#19105,.T.);
#19103=ORIENTED_EDGE('',*,*,#19106,.T.);
#19104=ORIENTED_EDGE('',*,*,#19107,.T.);
#19105=EDGE_CURVE('',#905,#903,#19108,.F.);
#19106=EDGE_CURVE('',#903,#773,#19109,.T.);
#19107=EDGE_CURVE('',#773,#905,#19110,.T.);
#19108=LINE('',#904,#19111);
#19109=LINE('',#902,#19112);
#19110=LINE('',#772,#19113);
#19111=VECTOR('',#19114,1.0);
#19112=VECTOR('',#19115,1.0);
#19113=VECTOR('',#19116,1.0);
#19114=DIRECTION('',(-0.9982657064020214,0.05886917208245201,0));
#19115=DIRECTION('',(-0.578671340049173,-0.8155608378322824,0));
#19116=DIRECTION('',(0.9999351614660956,0.011387399341952995,0));
#19117=FACE_SURFACE('',(#19122),#19118,.T.);
#19118=PLANE('',#19119);
#19119=AXIS2_PLACEMENT_3D('',#904,#19120,#19121);
#19120=DIRECTION('',(0,0,1));
#19121=DIRECTION('',(-0.9999351614660956,-0.011387399341952995,0));
#19122=FACE_BOUND('',#19123,.T.);
#19123=EDGE_LOOP('',(#19124,#19125,#19126));
#19124=ORIENTED_EDGE('',*,*,#19127,.T.);
#19125=ORIENTED_EDGE('',*,*,#19128,.T.);
#19126=ORIENTED_EDGE('',*,*,#19129,.T.);
#19127=EDGE_CURVE('',#905,#773,#19130,.F.);
#19128=EDGE_CURVE('',#773,#775,#19131,.T.);
#19129=EDGE_CURVE('',#775,#905,#19132,.T.);
#19130=LINE('',#904,#19133);
#19131=LINE('',#772,#19134);
#19132=LINE('',#774,#19135);
#19133=VECTOR('',#19136,1.0);
#19134=VECTOR('',#19137,1.0);
#19135=VECTOR('',#19138,1.0);
#19136=DIRECTION('',(-0.9999351614660956,-0.011387399341952995,0));
#19137=DIRECTION('',(0.9993928909420773,-0.034840343489079335,0));
#19138=DIRECTION('',(-0.3302848608994912,0.9438813011499929,0));
#19139=FACE_SURFACE('',(#19144),#19140,.T.);
#19140=PLANE('',#19141);
#19141=AXIS2_PLACEMENT_3D('',#774,#19142,#19143);
#19142=DIRECTION('',(0.9438813011499929,0.3302848608994912,0));
#19143=DIRECTION('',(-0.03674954954261626,0.10502210892892365,-0.9937906355186369));
#19144=FACE_BOUND('',#19145,.T.);
#19145=EDGE_LOOP('',(#19146,#19147,#19148));
#19146=ORIENTED_EDGE('',*,*,#19149,.T.);
#19147=ORIENTED_EDGE('',*,*,#19150,.T.);
#19148=ORIENTED_EDGE('',*,*,#19151,.T.);
#19149=EDGE_CURVE('',#775,#901,#19152,.F.);
#19150=EDGE_CURVE('',#901,#905,#19153,.T.);
#19151=EDGE_CURVE('',#905,#775,#19154,.T.);
#19152=LINE('',#774,#19155);
#19153=LINE('',#900,#19156);
#19154=LINE('',#904,#19157);
#19155=VECTOR('',#19158,1.0);
#19156=VECTOR('',#19159,1.0);
#19157=VECTOR('',#19160,1.0);
#19158=DIRECTION('',(-0.03674954954261626,0.10502210892892365,-0.9937906355186369));
#19159=DIRECTION('',(0,0,1));
#19160=DIRECTION('',(0.3302848608994912,-0.9438813011499929,0));
#19161=FACE_SURFACE('',(#19166),#19162,.T.);
#19162=PLANE('',#19163);
#19163=AXIS2_PLACEMENT_3D('',#782,#19164,#19165);
#19164=DIRECTION('',(0.9781428959003713,-0.20793382408746142,0));
#19165=DIRECTION('',(0,0,-1));
#19166=FACE_BOUND('',#19167,.T.);
#19167=EDGE_LOOP('',(#19168,#19169,#19170));
#19168=ORIENTED_EDGE('',*,*,#19171,.T.);
#19169=ORIENTED_EDGE('',*,*,#19172,.T.);
#19170=ORIENTED_EDGE('',*,*,#19173,.T.);
#19171=EDGE_CURVE('',#783,#777,#19174,.F.);
#19172=EDGE_CURVE('',#777,#907,#19175,.T.);
#19173=EDGE_CURVE('',#907,#783,#19176,.T.);
#19174=LINE('',#782,#19177);
#19175=LINE('',#776,#19178);
#19176=LINE('',#906,#19179);
#19177=VECTOR('',#19180,1.0);
#19178=VECTOR('',#19181,1.0);
#19179=VECTOR('',#19182,1.0);
#19180=DIRECTION('',(0,0,-1));
#19181=DIRECTION('',(0.20793382408746142,0.9781428959003713,0));
#19182=DIRECTION('',(-0.023042421848029435,-0.10839401109417006,0.9938409254776612));
#19183=FACE_SURFACE('',(#19188),#19184,.T.);
#19184=PLANE('',#19185);
#19185=AXIS2_PLACEMENT_3D('',#776,#19186,#19187);
#19186=DIRECTION('',(0,0,-1));
#19187=DIRECTION('',(-0.999877868960019,0.015628408875222148,0));
#19188=FACE_BOUND('',#19189,.T.);
#19189=EDGE_LOOP('',(#19190,#19191,#19192));
#19190=ORIENTED_EDGE('',*,*,#19193,.T.);
#19191=ORIENTED_EDGE('',*,*,#19194,.T.);
#19192=ORIENTED_EDGE('',*,*,#19195,.T.);
#19193=EDGE_CURVE('',#777,#909,#19196,.F.);
#19194=EDGE_CURVE('',#909,#907,#19197,.T.);
#19195=EDGE_CURVE('',#907,#777,#19198,.T.);
#19196=LINE('',#776,#19199);
#19197=LINE('',#908,#19200);
#19198=LINE('',#906,#19201);
#19199=VECTOR('',#19202,1.0);
#19200=VECTOR('',#19203,1.0);
#19201=VECTOR('',#19204,1.0);
#19202=DIRECTION('',(-0.999877868960019,0.015628408875222148,0));
#19203=DIRECTION('',(0.9999999999540738,-9.583963067032108E-06,0));
#19204=DIRECTION('',(-0.20793382408746142,-0.9781428959003713,0));
#19205=FACE_SURFACE('',(#19210),#19206,.T.);
#19206=PLANE('',#19207);
#19207=AXIS2_PLACEMENT_3D('',#776,#19208,#19209);
#19208=DIRECTION('',(0,0,-1));
#19209=DIRECTION('',(-0.9999998788844077,0.0004921698590114991,0));
#19210=FACE_BOUND('',#19211,.T.);
#19211=EDGE_LOOP('',(#19212,#19213,#19214));
#19212=ORIENTED_EDGE('',*,*,#19215,.T.);
#19213=ORIENTED_EDGE('',*,*,#19216,.T.);
#19214=ORIENTED_EDGE('',*,*,#19217,.T.);
#19215=EDGE_CURVE('',#777,#779,#19218,.F.);
#19216=EDGE_CURVE('',#779,#909,#19219,.T.);
#19217=EDGE_CURVE('',#909,#777,#19220,.T.);
#19218=LINE('',#776,#19221);
#19219=LINE('',#778,#19222);
#19220=LINE('',#908,#19223);
#19221=VECTOR('',#19224,1.0);
#19222=VECTOR('',#19225,1.0);
#19223=VECTOR('',#19226,1.0);
#19224=DIRECTION('',(-0.9999998788844077,0.0004921698590114991,0));
#19225=DIRECTION('',(0.33022010180784955,0.9439039592892984,0));
#19226=DIRECTION('',(0.999877868960019,-0.015628408875222148,0));
#19227=FACE_SURFACE('',(#19232),#19228,.T.);
#19228=PLANE('',#19229);
#19229=AXIS2_PLACEMENT_3D('',#778,#19230,#19231);
#19230=DIRECTION('',(-0.9439039592892984,0.33022010180784955,0));
#19231=DIRECTION('',(0,0,1));
#19232=FACE_BOUND('',#19233,.T.);
#19233=EDGE_LOOP('',(#19234,#19235,#19236));
#19234=ORIENTED_EDGE('',*,*,#19237,.T.);
#19235=ORIENTED_EDGE('',*,*,#19238,.T.);
#19236=ORIENTED_EDGE('',*,*,#19239,.T.);
#19237=EDGE_CURVE('',#779,#781,#19240,.F.);
#19238=EDGE_CURVE('',#781,#911,#19241,.T.);
#19239=EDGE_CURVE('',#911,#779,#19242,.T.);
#19240=LINE('',#778,#19243);
#19241=LINE('',#780,#19244);
#19242=LINE('',#910,#19245);
#19243=VECTOR('',#19246,1.0);
#19244=VECTOR('',#19247,1.0);
#19245=VECTOR('',#19248,1.0);
#19246=DIRECTION('',(0,0,1));
#19247=DIRECTION('',(0.33022010180784955,0.9439039592892984,0));
#19248=DIRECTION('',(-0.036741472972511485,-0.10502214013928923,-0.9937909308523467));
#19249=FACE_SURFACE('',(#19254),#19250,.T.);
#19250=PLANE('',#19251);
#19251=AXIS2_PLACEMENT_3D('',#778,#19252,#19253);
#19252=DIRECTION('',(-0.9439039592892984,0.33022010180784955,0));
#19253=DIRECTION('',(0.036741472972511485,0.10502214013928923,0.9937909308523467));
#19254=FACE_BOUND('',#19255,.T.);
#19255=EDGE_LOOP('',(#19256,#19257,#19258));
#19256=ORIENTED_EDGE('',*,*,#19259,.T.);
#19257=ORIENTED_EDGE('',*,*,#19260,.T.);
#19258=ORIENTED_EDGE('',*,*,#19261,.T.);
#19259=EDGE_CURVE('',#779,#911,#19262,.F.);
#19260=EDGE_CURVE('',#911,#909,#19263,.T.);
#19261=EDGE_CURVE('',#909,#779,#19264,.T.);
#19262=LINE('',#778,#19265);
#19263=LINE('',#910,#19266);
#19264=LINE('',#908,#19267);
#19265=VECTOR('',#19268,1.0);
#19266=VECTOR('',#19269,1.0);
#19267=VECTOR('',#19270,1.0);
#19268=DIRECTION('',(0.036741472972511485,0.10502214013928923,0.9937909308523467));
#19269=DIRECTION('',(0,0,-1));
#19270=DIRECTION('',(-0.33022010180784955,-0.9439039592892984,0));
#19271=FACE_SURFACE('',(#19276),#19272,.T.);
#19272=PLANE('',#19273);
#19273=AXIS2_PLACEMENT_3D('',#782,#19274,#19275);
#19274=DIRECTION('',(0,0,1));
#19275=DIRECTION('',(-0.999877868960019,0.015628408875222148,0));
#19276=FACE_BOUND('',#19277,.T.);
#19277=EDGE_LOOP('',(#19278,#19279,#19280));
#19278=ORIENTED_EDGE('',*,*,#19281,.T.);
#19279=ORIENTED_EDGE('',*,*,#19282,.T.);
#19280=ORIENTED_EDGE('',*,*,#19283,.T.);
#19281=EDGE_CURVE('',#783,#911,#19284,.F.);
#19282=EDGE_CURVE('',#911,#781,#19285,.T.);
#19283=EDGE_CURVE('',#781,#783,#19286,.T.);
#19284=LINE('',#782,#19287);
#19285=LINE('',#910,#19288);
#19286=LINE('',#780,#19289);
#19287=VECTOR('',#19290,1.0);
#19288=VECTOR('',#19291,1.0);
#19289=VECTOR('',#19292,1.0);
#19290=DIRECTION('',(-0.999877868960019,0.015628408875222148,0));
#19291=DIRECTION('',(-0.33022010180784955,-0.9439039592892984,0));
#19292=DIRECTION('',(0.9999998788844077,-0.0004921698590114991,0));
#19293=FACE_SURFACE('',(#19298),#19294,.T.);
#19294=PLANE('',#19295);
#19295=AXIS2_PLACEMENT_3D('',#782,#19296,#19297);
#19296=DIRECTION('',(0.9781428959003713,-0.20793382408746142,0));
#19297=DIRECTION('',(0.023042421848029435,0.10839401109417006,-0.9938409254776612));
#19298=FACE_BOUND('',#19299,.T.);
#19299=EDGE_LOOP('',(#19300,#19301,#19302));
#19300=ORIENTED_EDGE('',*,*,#19303,.T.);
#19301=ORIENTED_EDGE('',*,*,#19304,.T.);
#19302=ORIENTED_EDGE('',*,*,#19305,.T.);
#19303=EDGE_CURVE('',#783,#907,#19306,.F.);
#19304=EDGE_CURVE('',#907,#913,#19307,.T.);
#19305=EDGE_CURVE('',#913,#783,#19308,.T.);
#19306=LINE('',#782,#19309);
#19307=LINE('',#906,#19310);
#19308=LINE('',#912,#19311);
#19309=VECTOR('',#19312,1.0);
#19310=VECTOR('',#19313,1.0);
#19311=VECTOR('',#19314,1.0);
#19312=DIRECTION('',(0.023042421848029435,0.10839401109417006,-0.9938409254776612));
#19313=DIRECTION('',(0,0,1));
#19314=DIRECTION('',(-0.20793382408746142,-0.9781428959003713,0));
#19315=FACE_SURFACE('',(#19320),#19316,.T.);
#19316=PLANE('',#19317);
#19317=AXIS2_PLACEMENT_3D('',#912,#19318,#19319);
#19318=DIRECTION('',(0,0,1));
#19319=DIRECTION('',(-0.9999999999540738,9.583963067032108E-06,0));
#19320=FACE_BOUND('',#19321,.T.);
#19321=EDGE_LOOP('',(#19322,#19323,#19324));
#19322=ORIENTED_EDGE('',*,*,#19325,.T.);
#19323=ORIENTED_EDGE('',*,*,#19326,.T.);
#19324=ORIENTED_EDGE('',*,*,#19327,.T.);
#19325=EDGE_CURVE('',#913,#911,#19328,.F.);
#19326=EDGE_CURVE('',#911,#783,#19329,.T.);
#19327=EDGE_CURVE('',#783,#913,#19330,.T.);
#19328=LINE('',#912,#19331);
#19329=LINE('',#910,#19332);
#19330=LINE('',#782,#19333);
#19331=VECTOR('',#19334,1.0);
#19332=VECTOR('',#19335,1.0);
#19333=VECTOR('',#19336,1.0);
#19334=DIRECTION('',(-0.9999999999540738,9.583963067032108E-06,0));
#19335=DIRECTION('',(0.999877868960019,-0.015628408875222148,0));
#19336=DIRECTION('',(0.20793382408746142,0.9781428959003713,0));
#19337=FACE_SURFACE('',(#19342),#19338,.T.);
#19338=PLANE('',#19339);
#19339=AXIS2_PLACEMENT_3D('',#866,#19340,#19341);
#19340=DIRECTION('',(0.9762968991492663,-0.2164355902145651,0));
#19341=DIRECTION('',(0.06043593610928867,0.2726142080523273,0.9602234069187214));
#19342=FACE_BOUND('',#19343,.T.);
#19343=EDGE_LOOP('',(#19344,#19345,#19346));
#19344=ORIENTED_EDGE('',*,*,#19347,.T.);
#19345=ORIENTED_EDGE('',*,*,#19348,.T.);
#19346=ORIENTED_EDGE('',*,*,#19349,.T.);
#19347=EDGE_CURVE('',#867,#853,#19350,.F.);
#19348=EDGE_CURVE('',#853,#785,#19351,.T.);
#19349=EDGE_CURVE('',#785,#867,#19352,.T.);
#19350=LINE('',#866,#19353);
#19351=LINE('',#852,#19354);
#19352=LINE('',#784,#19355);
#19353=VECTOR('',#19356,1.0);
#19354=VECTOR('',#19357,1.0);
#19355=VECTOR('',#19358,1.0);
#19356=DIRECTION('',(0.06043593610928867,0.2726142080523273,0.9602234069187214));
#19357=DIRECTION('',(-0.21643559021456513,-0.9762968991492664,0));
#19358=DIRECTION('',(0,0,-1));
#19359=FACE_SURFACE('',(#19364),#19360,.T.);
#19360=PLANE('',#19361);
#19361=AXIS2_PLACEMENT_3D('',#852,#19362,#19363);
#19362=DIRECTION('',(0,0,1));
#19363=DIRECTION('',(-0.9998309377566003,-0.018387384391405272,0));
#19364=FACE_BOUND('',#19365,.T.);
#19365=EDGE_LOOP('',(#19366,#19367,#19368));
#19366=ORIENTED_EDGE('',*,*,#19369,.T.);
#19367=ORIENTED_EDGE('',*,*,#19370,.T.);
#19368=ORIENTED_EDGE('',*,*,#19371,.T.);
#19369=EDGE_CURVE('',#853,#915,#19372,.F.);
#19370=EDGE_CURVE('',#915,#785,#19373,.T.);
#19371=EDGE_CURVE('',#785,#853,#19374,.T.);
#19372=LINE('',#852,#19375);
#19373=LINE('',#914,#19376);
#19374=LINE('',#784,#19377);
#19375=VECTOR('',#19378,1.0);
#19376=VECTOR('',#19379,1.0);
#19377=VECTOR('',#19380,1.0);
#19378=DIRECTION('',(-0.9998309377566003,-0.018387384391405272,0));
#19379=DIRECTION('',(0.9794375280533364,-0.2017476855896238,0));
#19380=DIRECTION('',(0.21643559021456513,0.9762968991492664,0));
#19381=FACE_SURFACE('',(#19386),#19382,.T.);
#19382=PLANE('',#19383);
#19383=AXIS2_PLACEMENT_3D('',#784,#19384,#19385);
#19384=DIRECTION('',(0,0,1));
#19385=DIRECTION('',(-0.992983280589472,0.1182548285262386,0));
#19386=FACE_BOUND('',#19387,.T.);
#19387=EDGE_LOOP('',(#19388,#19389,#19390));
#19388=ORIENTED_EDGE('',*,*,#19391,.T.);
#19389=ORIENTED_EDGE('',*,*,#19392,.T.);
#19390=ORIENTED_EDGE('',*,*,#19393,.T.);
#19391=EDGE_CURVE('',#785,#917,#19394,.F.);
#19392=EDGE_CURVE('',#917,#787,#19395,.T.);
#19393=EDGE_CURVE('',#787,#785,#19396,.T.);
#19394=LINE('',#784,#19397);
#19395=LINE('',#916,#19398);
#19396=LINE('',#786,#19399);
#19397=VECTOR('',#19400,1.0);
#19398=VECTOR('',#19401,1.0);
#19399=VECTOR('',#19402,1.0);
#19400=DIRECTION('',(-0.992983280589472,0.1182548285262386,0));
#19401=DIRECTION('',(-0.1045935975061638,-0.9945150473274493,0));
#19402=DIRECTION('',(0.9995504002544867,-0.029983284528137494,0));
#19403=FACE_SURFACE('',(#19408),#19404,.T.);
#19404=PLANE('',#19405);
#19405=AXIS2_PLACEMENT_3D('',#784,#19406,#19407);
#19406=DIRECTION('',(0,0,1));
#19407=DIRECTION('',(-0.9794375280533364,0.2017476855896238,0));
#19408=FACE_BOUND('',#19409,.T.);
#19409=EDGE_LOOP('',(#19410,#19411,#19412));
#19410=ORIENTED_EDGE('',*,*,#19413,.T.);
#19411=ORIENTED_EDGE('',*,*,#19414,.T.);
#19412=ORIENTED_EDGE('',*,*,#19415,.T.);
#19413=EDGE_CURVE('',#785,#915,#19416,.F.);
#19414=EDGE_CURVE('',#915,#917,#19417,.T.);
#19415=EDGE_CURVE('',#917,#785,#19418,.T.);
#19416=LINE('',#784,#19419);
#19417=LINE('',#914,#19420);
#19418=LINE('',#916,#19421);
#19419=VECTOR('',#19422,1.0);
#19420=VECTOR('',#19423,1.0);
#19421=VECTOR('',#19424,1.0);
#19422=DIRECTION('',(-0.9794375280533364,0.2017476855896238,0));
#19423=DIRECTION('',(0.10458980147561188,-0.9945154465503752,0));
#19424=DIRECTION('',(0.992983280589472,-0.1182548285262386,0));
#19425=FACE_SURFACE('',(#19430),#19426,.T.);
#19426=PLANE('',#19427);
#19427=AXIS2_PLACEMENT_3D('',#872,#19428,#19429);
#19428=DIRECTION('',(-0.951050158914368,0.3090365596963495,0));
#19429=DIRECTION('',(0.03424418627434691,0.10538539139223908,0.9938416649484526));
#19430=FACE_BOUND('',#19431,.T.);
#19431=EDGE_LOOP('',(#19432,#19433,#19434));
#19432=ORIENTED_EDGE('',*,*,#19435,.T.);
#19433=ORIENTED_EDGE('',*,*,#19436,.T.);
#19434=ORIENTED_EDGE('',*,*,#19437,.T.);
#19435=EDGE_CURVE('',#873,#787,#19438,.F.);
#19436=EDGE_CURVE('',#787,#869,#19439,.T.);
#19437=EDGE_CURVE('',#869,#873,#19440,.T.);
#19438=LINE('',#872,#19441);
#19439=LINE('',#786,#19442);
#19440=LINE('',#868,#19443);
#19441=VECTOR('',#19444,1.0);
#19442=VECTOR('',#19445,1.0);
#19443=VECTOR('',#19446,1.0);
#19444=DIRECTION('',(0.03424418627434691,0.10538539139223908,0.9938416649484526));
#19445=DIRECTION('',(0,0,-1));
#19446=DIRECTION('',(-0.30903655969634947,-0.951050158914368,0));
#19447=FACE_SURFACE('',(#19452),#19448,.T.);
#19448=PLANE('',#19449);
#19449=AXIS2_PLACEMENT_3D('',#868,#19450,#19451);
#19450=DIRECTION('',(-0.9945150473274492,0.10459359750616379,0));
#19451=DIRECTION('',(0,0,1));
#19452=FACE_BOUND('',#19453,.T.);
#19453=EDGE_LOOP('',(#19454,#19455,#19456));
#19454=ORIENTED_EDGE('',*,*,#19457,.T.);
#19455=ORIENTED_EDGE('',*,*,#19458,.T.);
#19456=ORIENTED_EDGE('',*,*,#19459,.T.);
#19457=EDGE_CURVE('',#869,#787,#19460,.F.);
#19458=EDGE_CURVE('',#787,#917,#19461,.T.);
#19459=EDGE_CURVE('',#917,#869,#19462,.T.);
#19460=LINE('',#868,#19463);
#19461=LINE('',#786,#19464);
#19462=LINE('',#916,#19465);
#19463=VECTOR('',#19466,1.0);
#19464=VECTOR('',#19467,1.0);
#19465=VECTOR('',#19468,1.0);
#19466=DIRECTION('',(0,0,1));
#19467=DIRECTION('',(0.1045935975061638,0.9945150473274493,0));
#19468=DIRECTION('',(-0.01158996665033606,-0.11020173802802091,-0.9938416622423552));
#19469=FACE_SURFACE('',(#19474),#19470,.T.);
#19470=PLANE('',#19471);
#19471=AXIS2_PLACEMENT_3D('',#872,#19472,#19473);
#19472=DIRECTION('',(-0.951050158914368,0.3090365596963495,0));
#19473=DIRECTION('',(0,0,1));
#19474=FACE_BOUND('',#19475,.T.);
#19475=EDGE_LOOP('',(#19476,#19477,#19478));
#19476=ORIENTED_EDGE('',*,*,#19479,.T.);
#19477=ORIENTED_EDGE('',*,*,#19480,.T.);
#19478=ORIENTED_EDGE('',*,*,#19481,.T.);
#19479=EDGE_CURVE('',#873,#791,#19482,.F.);
#19480=EDGE_CURVE('',#791,#787,#19483,.T.);
#19481=EDGE_CURVE('',#787,#873,#19484,.T.);
#19482=LINE('',#872,#19485);
#19483=LINE('',#790,#19486);
#19484=LINE('',#786,#19487);
#19485=VECTOR('',#19488,1.0);
#19486=VECTOR('',#19489,1.0);
#19487=VECTOR('',#19490,1.0);
#19488=DIRECTION('',(0,0,1));
#19489=DIRECTION('',(0.30903655969634947,0.951050158914368,0));
#19490=DIRECTION('',(-0.03424418627434691,-0.10538539139223908,-0.9938416649484526));
#19491=FACE_SURFACE('',(#19496),#19492,.T.);
#19492=PLANE('',#19493);
#19493=AXIS2_PLACEMENT_3D('',#870,#19494,#19495);
#19494=DIRECTION('',(-0.8660427738981109,0.49996991287363024,0));
#19495=DIRECTION('',(0,0,1));
#19496=FACE_BOUND('',#19497,.T.);
#19497=EDGE_LOOP('',(#19498,#19499,#19500));
#19498=ORIENTED_EDGE('',*,*,#19501,.T.);
#19499=ORIENTED_EDGE('',*,*,#19502,.T.);
#19500=ORIENTED_EDGE('',*,*,#19503,.T.);
#19501=EDGE_CURVE('',#871,#789,#19504,.F.);
#19502=EDGE_CURVE('',#789,#791,#19505,.T.);
#19503=EDGE_CURVE('',#791,#871,#19506,.T.);
#19504=LINE('',#870,#19507);
#19505=LINE('',#788,#19508);
#19506=LINE('',#790,#19509);
#19507=VECTOR('',#19510,1.0);
#19508=VECTOR('',#19511,1.0);
#19509=VECTOR('',#19512,1.0);
#19510=DIRECTION('',(0,0,1));
#19511=DIRECTION('',(0.4999699128736303,0.866042773898111,0));
#19512=DIRECTION('',(-0.055402134653466176,-0.09596701149353327,-0.9938415045573611));
#19513=FACE_SURFACE('',(#19518),#19514,.T.);
#19514=PLANE('',#19515);
#19515=AXIS2_PLACEMENT_3D('',#870,#19516,#19517);
#19516=DIRECTION('',(-0.8660427738981109,0.49996991287363024,0));
#19517=DIRECTION('',(0.055402134653466176,0.09596701149353327,0.9938415045573611));
#19518=FACE_BOUND('',#19519,.T.);
#19519=EDGE_LOOP('',(#19520,#19521,#19522));
#19520=ORIENTED_EDGE('',*,*,#19523,.T.);
#19521=ORIENTED_EDGE('',*,*,#19524,.T.);
#19522=ORIENTED_EDGE('',*,*,#19525,.T.);
#19523=EDGE_CURVE('',#871,#791,#19526,.F.);
#19524=EDGE_CURVE('',#791,#873,#19527,.T.);
#19525=EDGE_CURVE('',#873,#871,#19528,.T.);
#19526=LINE('',#870,#19529);
#19527=LINE('',#790,#19530);
#19528=LINE('',#872,#19531);
#19529=VECTOR('',#19532,1.0);
#19530=VECTOR('',#19533,1.0);
#19531=VECTOR('',#19534,1.0);
#19532=DIRECTION('',(0.055402134653466176,0.09596701149353327,0.9938415045573611));
#19533=DIRECTION('',(0,0,-1));
#19534=DIRECTION('',(-0.4999699128736303,-0.866042773898111,0));
#19535=FACE_SURFACE('',(#19540),#19536,.T.);
#19536=PLANE('',#19537);
#19537=AXIS2_PLACEMENT_3D('',#876,#19538,#19539);
#19538=DIRECTION('',(0.4999857150881971,0.8660336510250305,0));
#19539=DIRECTION('',(0.09596300478321358,-0.055402156153814844,0.9938418902453675));
#19540=FACE_BOUND('',#19541,.T.);
#19541=EDGE_LOOP('',(#19542,#19543,#19544));
#19542=ORIENTED_EDGE('',*,*,#19545,.T.);
#19543=ORIENTED_EDGE('',*,*,#19546,.T.);
#19544=ORIENTED_EDGE('',*,*,#19547,.T.);
#19545=EDGE_CURVE('',#877,#795,#19548,.F.);
#19546=EDGE_CURVE('',#795,#793,#19549,.T.);
#19547=EDGE_CURVE('',#793,#877,#19550,.T.);
#19548=LINE('',#876,#19551);
#19549=LINE('',#794,#19552);
#19550=LINE('',#792,#19553);
#19551=VECTOR('',#19554,1.0);
#19552=VECTOR('',#19555,1.0);
#19553=VECTOR('',#19556,1.0);
#19554=DIRECTION('',(0.09596300478321358,-0.055402156153814844,0.9938418902453675));
#19555=DIRECTION('',(0,0,-1));
#19556=DIRECTION('',(-0.8660336510250305,0.4999857150881971,0));
#19557=FACE_SURFACE('',(#19562),#19558,.T.);
#19558=PLANE('',#19559);
#19559=AXIS2_PLACEMENT_3D('',#876,#19560,#19561);
#19560=DIRECTION('',(0.4999857150881971,0.8660336510250305,-0));
#19561=DIRECTION('',(0,0,1));
#19562=FACE_BOUND('',#19563,.T.);
#19563=EDGE_LOOP('',(#19564,#19565,#19566));
#19564=ORIENTED_EDGE('',*,*,#19567,.T.);
#19565=ORIENTED_EDGE('',*,*,#19568,.T.);
#19566=ORIENTED_EDGE('',*,*,#19569,.T.);
#19567=EDGE_CURVE('',#877,#799,#19570,.F.);
#19568=EDGE_CURVE('',#799,#795,#19571,.T.);
#19569=EDGE_CURVE('',#795,#877,#19572,.T.);
#19570=LINE('',#876,#19573);
#19571=LINE('',#798,#19574);
#19572=LINE('',#794,#19575);
#19573=VECTOR('',#19576,1.0);
#19574=VECTOR('',#19577,1.0);
#19575=VECTOR('',#19578,1.0);
#19576=DIRECTION('',(0,0,1));
#19577=DIRECTION('',(0.8660336510250305,-0.4999857150881971,0));
#19578=DIRECTION('',(-0.09596300478321358,0.055402156153814844,-0.9938418902453675));
#19579=FACE_SURFACE('',(#19584),#19580,.T.);
#19580=PLANE('',#19581);
#19581=AXIS2_PLACEMENT_3D('',#874,#19582,#19583);
#19582=DIRECTION('',(-0.9937155097437798,0.11193518523976308,0));
#19583=DIRECTION('',(0,0,1));
#19584=FACE_BOUND('',#19585,.T.);
#19585=EDGE_LOOP('',(#19586,#19587,#19588));
#19586=ORIENTED_EDGE('',*,*,#19589,.T.);
#19587=ORIENTED_EDGE('',*,*,#19590,.T.);
#19588=ORIENTED_EDGE('',*,*,#19591,.T.);
#19589=EDGE_CURVE('',#875,#797,#19592,.F.);
#19590=EDGE_CURVE('',#797,#919,#19593,.T.);
#19591=EDGE_CURVE('',#919,#875,#19594,.T.);
#19592=LINE('',#874,#19595);
#19593=LINE('',#796,#19596);
#19594=LINE('',#918,#19597);
#19595=VECTOR('',#19598,1.0);
#19596=VECTOR('',#19599,1.0);
#19597=VECTOR('',#19600,1.0);
#19598=DIRECTION('',(0,0,1));
#19599=DIRECTION('',(0.11193518523976306,0.9937155097437796,0));
#19600=DIRECTION('',(-0.012454731321954049,-0.11056809043382777,-0.9937905096374763));
#19601=FACE_SURFACE('',(#19606),#19602,.T.);
#19602=PLANE('',#19603);
#19603=AXIS2_PLACEMENT_3D('',#920,#19604,#19605);
#19604=DIRECTION('',(0,0,1));
#19605=DIRECTION('',(-0.9999354309662758,0.011363709706272046,0));
#19606=FACE_BOUND('',#19607,.T.);
#19607=EDGE_LOOP('',(#19608,#19609,#19610));
#19608=ORIENTED_EDGE('',*,*,#19611,.T.);
#19609=ORIENTED_EDGE('',*,*,#19612,.T.);
#19610=ORIENTED_EDGE('',*,*,#19613,.T.);
#19611=EDGE_CURVE('',#921,#919,#19614,.F.);
#19612=EDGE_CURVE('',#919,#797,#19615,.T.);
#19613=EDGE_CURVE('',#797,#921,#19616,.T.);
#19614=LINE('',#920,#19617);
#19615=LINE('',#918,#19618);
#19616=LINE('',#796,#19619);
#19617=VECTOR('',#19620,1.0);
#19618=VECTOR('',#19621,1.0);
#19619=VECTOR('',#19622,1.0);
#19620=DIRECTION('',(-0.9999354309662758,0.011363709706272046,0));
#19621=DIRECTION('',(-0.11193518523976306,-0.9937155097437796,0));
#19622=DIRECTION('',(0.9999907972872504,0.00429014461405282,0));
#19623=FACE_SURFACE('',(#19628),#19624,.T.);
#19624=PLANE('',#19625);
#19625=AXIS2_PLACEMENT_3D('',#920,#19626,#19627);
#19626=DIRECTION('',(0,0,1));
#19627=DIRECTION('',(-0.9999907972872504,-0.00429014461405282,0));
#19628=FACE_BOUND('',#19629,.T.);
#19629=EDGE_LOOP('',(#19630,#19631,#19632));
#19630=ORIENTED_EDGE('',*,*,#19633,.T.);
#19631=ORIENTED_EDGE('',*,*,#19634,.T.);
#19632=ORIENTED_EDGE('',*,*,#19635,.T.);
#19633=EDGE_CURVE('',#921,#797,#19636,.F.);
#19634=EDGE_CURVE('',#797,#799,#19637,.T.);
#19635=EDGE_CURVE('',#799,#921,#19638,.T.);
#19636=LINE('',#920,#19639);
#19637=LINE('',#796,#19640);
#19638=LINE('',#798,#19641);
#19639=VECTOR('',#19642,1.0);
#19640=VECTOR('',#19643,1.0);
#19641=VECTOR('',#19644,1.0);
#19642=DIRECTION('',(-0.9999907972872504,-0.00429014461405282,0));
#19643=DIRECTION('',(0.9999812620787231,-0.006121722914683508,0));
#19644=DIRECTION('',(-0.7431779972274476,0.6690937635615805,0));
#19645=FACE_SURFACE('',(#19650),#19646,.T.);
#19646=PLANE('',#19647);
#19647=AXIS2_PLACEMENT_3D('',#922,#19648,#19649);
#19648=DIRECTION('',(0.6690937635615803,0.7431779972274475,0));
#19649=DIRECTION('',(0.0823510420354871,-0.07414181912584072,0.9938416858496028));
#19650=FACE_BOUND('',#19651,.T.);
#19651=EDGE_LOOP('',(#19652,#19653,#19654));
#19652=ORIENTED_EDGE('',*,*,#19655,.T.);
#19653=ORIENTED_EDGE('',*,*,#19656,.T.);
#19654=ORIENTED_EDGE('',*,*,#19657,.T.);
#19655=EDGE_CURVE('',#923,#799,#19658,.F.);
#19656=EDGE_CURVE('',#799,#877,#19659,.T.);
#19657=EDGE_CURVE('',#877,#923,#19660,.T.);
#19658=LINE('',#922,#19661);
#19659=LINE('',#798,#19662);
#19660=LINE('',#876,#19663);
#19661=VECTOR('',#19664,1.0);
#19662=VECTOR('',#19665,1.0);
#19663=VECTOR('',#19666,1.0);
#19664=DIRECTION('',(0.0823510420354871,-0.07414181912584072,0.9938416858496028));
#19665=DIRECTION('',(0,0,-1));
#19666=DIRECTION('',(-0.7431779972274476,0.6690937635615805,0));
#19667=FACE_SURFACE('',(#19672),#19668,.T.);
#19668=PLANE('',#19669);
#19669=AXIS2_PLACEMENT_3D('',#922,#19670,#19671);
#19670=DIRECTION('',(0.6690937635615803,0.7431779972274475,-0));
#19671=DIRECTION('',(0,0,1));
#19672=FACE_BOUND('',#19673,.T.);
#19673=EDGE_LOOP('',(#19674,#19675,#19676));
#19674=ORIENTED_EDGE('',*,*,#19677,.T.);
#19675=ORIENTED_EDGE('',*,*,#19678,.T.);
#19676=ORIENTED_EDGE('',*,*,#19679,.T.);
#19677=EDGE_CURVE('',#923,#921,#19680,.F.);
#19678=EDGE_CURVE('',#921,#799,#19681,.T.);
#19679=EDGE_CURVE('',#799,#923,#19682,.T.);
#19680=LINE('',#922,#19683);
#19681=LINE('',#920,#19684);
#19682=LINE('',#798,#19685);
#19683=VECTOR('',#19686,1.0);
#19684=VECTOR('',#19687,1.0);
#19685=VECTOR('',#19688,1.0);
#19686=DIRECTION('',(0,0,1));
#19687=DIRECTION('',(0.7431779972274476,-0.6690937635615805,0));
#19688=DIRECTION('',(-0.0823510420354871,0.07414181912584072,-0.9938416858496028));
#19689=FACE_SURFACE('',(#19694),#19690,.T.);
#19690=PLANE('',#19691);
#19691=AXIS2_PLACEMENT_3D('',#924,#19692,#19693);
#19692=DIRECTION('',(-0.5320554310803605,0.8467095241332129,0));
#19693=DIRECTION('',(0.09421114594048013,0.05920041104681213,0.993790506753043));
#19694=FACE_BOUND('',#19695,.T.);
#19695=EDGE_LOOP('',(#19696,#19697,#19698));
#19696=ORIENTED_EDGE('',*,*,#19699,.T.);
#19697=ORIENTED_EDGE('',*,*,#19700,.T.);
#19698=ORIENTED_EDGE('',*,*,#19701,.T.);
#19699=EDGE_CURVE('',#925,#803,#19702,.F.);
#19700=EDGE_CURVE('',#803,#801,#19703,.T.);
#19701=EDGE_CURVE('',#801,#925,#19704,.T.);
#19702=LINE('',#924,#19705);
#19703=LINE('',#802,#19706);
#19704=LINE('',#800,#19707);
#19705=VECTOR('',#19708,1.0);
#19706=VECTOR('',#19709,1.0);
#19707=VECTOR('',#19710,1.0);
#19708=DIRECTION('',(0.09421114594048013,0.05920041104681213,0.993790506753043));
#19709=DIRECTION('',(0,0,-1));
#19710=DIRECTION('',(-0.8467095241332129,-0.5320554310803604,0));
#19711=FACE_SURFACE('',(#19716),#19712,.T.);
#19712=PLANE('',#19713);
#19713=AXIS2_PLACEMENT_3D('',#926,#19714,#19715);
#19714=DIRECTION('',(0,0,-1));
#19715=DIRECTION('',(0.6977466816579202,0.7163445876359791,0));
#19716=FACE_BOUND('',#19717,.T.);
#19717=EDGE_LOOP('',(#19718,#19719,#19720));
#19718=ORIENTED_EDGE('',*,*,#19721,.T.);
#19719=ORIENTED_EDGE('',*,*,#19722,.T.);
#19720=ORIENTED_EDGE('',*,*,#19723,.T.);
#19721=EDGE_CURVE('',#927,#925,#19724,.F.);
#19722=EDGE_CURVE('',#925,#801,#19725,.T.);
#19723=EDGE_CURVE('',#801,#927,#19726,.T.);
#19724=LINE('',#926,#19727);
#19725=LINE('',#924,#19728);
#19726=LINE('',#800,#19729);
#19727=VECTOR('',#19730,1.0);
#19728=VECTOR('',#19731,1.0);
#19729=VECTOR('',#19732,1.0);
#19730=DIRECTION('',(0.6977466816579202,0.7163445876359791,0));
#19731=DIRECTION('',(0.8467095241332129,0.5320554310803604,0));
#19732=DIRECTION('',(-0.7116795345974323,-0.7025042633572998,0));
#19733=FACE_SURFACE('',(#19738),#19734,.T.);
#19734=PLANE('',#19735);
#19735=AXIS2_PLACEMENT_3D('',#926,#19736,#19737);
#19736=DIRECTION('',(0,0,-1));
#19737=DIRECTION('',(0.7116795345974323,0.7025042633572998,0));
#19738=FACE_BOUND('',#19739,.T.);
#19739=EDGE_LOOP('',(#19740,#19741,#19742));
#19740=ORIENTED_EDGE('',*,*,#19743,.T.);
#19741=ORIENTED_EDGE('',*,*,#19744,.T.);
#19742=ORIENTED_EDGE('',*,*,#19745,.T.);
#19743=EDGE_CURVE('',#927,#801,#19746,.F.);
#19744=EDGE_CURVE('',#801,#805,#19747,.T.);
#19745=EDGE_CURVE('',#805,#927,#19748,.T.);
#19746=LINE('',#926,#19749);
#19747=LINE('',#800,#19750);
#19748=LINE('',#804,#19751);
#19749=VECTOR('',#19752,1.0);
#19750=VECTOR('',#19753,1.0);
#19751=VECTOR('',#19754,1.0);
#19752=DIRECTION('',(0.7116795345974323,0.7025042633572998,0));
#19753=DIRECTION('',(0.9916800798737859,-0.12872691708233208,0));
#19754=DIRECTION('',(-1,0,0));
#19755=FACE_SURFACE('',(#19760),#19756,.T.);
#19756=PLANE('',#19757);
#19757=AXIS2_PLACEMENT_3D('',#924,#19758,#19759);
#19758=DIRECTION('',(-0.5320554310803605,0.8467095241332129,0));
#19759=DIRECTION('',(0,0,1));
#19760=FACE_BOUND('',#19761,.T.);
#19761=EDGE_LOOP('',(#19762,#19763,#19764));
#19762=ORIENTED_EDGE('',*,*,#19765,.T.);
#19763=ORIENTED_EDGE('',*,*,#19766,.T.);
#19764=ORIENTED_EDGE('',*,*,#19767,.T.);
#19765=EDGE_CURVE('',#925,#929,#19768,.F.);
#19766=EDGE_CURVE('',#929,#803,#19769,.T.);
#19767=EDGE_CURVE('',#803,#925,#19770,.T.);
#19768=LINE('',#924,#19771);
#19769=LINE('',#928,#19772);
#19770=LINE('',#802,#19773);
#19771=VECTOR('',#19774,1.0);
#19772=VECTOR('',#19775,1.0);
#19773=VECTOR('',#19776,1.0);
#19774=DIRECTION('',(0,0,1));
#19775=DIRECTION('',(0.8467095241332129,0.5320554310803604,0));
#19776=DIRECTION('',(-0.09421114594048013,-0.05920041104681213,-0.993790506753043));
#19777=FACE_SURFACE('',(#19782),#19778,.T.);
#19778=PLANE('',#19779);
#19779=AXIS2_PLACEMENT_3D('',#930,#19780,#19781);
#19780=DIRECTION('',(0,0,1));
#19781=DIRECTION('',(0.7116795345974323,0.7025042633572998,0));
#19782=FACE_BOUND('',#19783,.T.);
#19783=EDGE_LOOP('',(#19784,#19785,#19786));
#19784=ORIENTED_EDGE('',*,*,#19787,.T.);
#19785=ORIENTED_EDGE('',*,*,#19788,.T.);
#19786=ORIENTED_EDGE('',*,*,#19789,.T.);
#19787=EDGE_CURVE('',#931,#803,#19790,.F.);
#19788=EDGE_CURVE('',#803,#929,#19791,.T.);
#19789=EDGE_CURVE('',#929,#931,#19792,.T.);
#19790=LINE('',#930,#19793);
#19791=LINE('',#802,#19794);
#19792=LINE('',#928,#19795);
#19793=VECTOR('',#19796,1.0);
#19794=VECTOR('',#19797,1.0);
#19795=VECTOR('',#19798,1.0);
#19796=DIRECTION('',(0.7116795345974323,0.7025042633572998,0));
#19797=DIRECTION('',(-0.8467095241332129,-0.5320554310803604,0));
#19798=DIRECTION('',(-0.6977466816579202,-0.7163445876359791,0));
#19799=FACE_SURFACE('',(#19804),#19800,.T.);
#19800=PLANE('',#19801);
#19801=AXIS2_PLACEMENT_3D('',#930,#19802,#19803);
#19802=DIRECTION('',(0,0,1));
#19803=DIRECTION('',(1,0,0));
#19804=FACE_BOUND('',#19805,.T.);
#19805=EDGE_LOOP('',(#19806,#19807,#19808));
#19806=ORIENTED_EDGE('',*,*,#19809,.T.);
#19807=ORIENTED_EDGE('',*,*,#19810,.T.);
#19808=ORIENTED_EDGE('',*,*,#19811,.T.);
#19809=EDGE_CURVE('',#931,#807,#19812,.F.);
#19810=EDGE_CURVE('',#807,#803,#19813,.T.);
#19811=EDGE_CURVE('',#803,#931,#19814,.T.);
#19812=LINE('',#930,#19815);
#19813=LINE('',#806,#19816);
#19814=LINE('',#802,#19817);
#19815=VECTOR('',#19818,1.0);
#19816=VECTOR('',#19819,1.0);
#19817=VECTOR('',#19820,1.0);
#19818=DIRECTION('',(1,0,0));
#19819=DIRECTION('',(-0.9916800798737859,0.12872691708233208,0));
#19820=DIRECTION('',(-0.7116795345974323,-0.7025042633572998,0));
#19821=FACE_SURFACE('',(#19826),#19822,.T.);
#19822=PLANE('',#19823);
#19823=AXIS2_PLACEMENT_3D('',#806,#19824,#19825);
#19824=DIRECTION('',(-0,-1,-0));
#19825=DIRECTION('',(-1,0,0));
#19826=FACE_BOUND('',#19827,.T.);
#19827=EDGE_LOOP('',(#19828,#19829,#19830));
#19828=ORIENTED_EDGE('',*,*,#19831,.T.);
#19829=ORIENTED_EDGE('',*,*,#19832,.T.);
#19830=ORIENTED_EDGE('',*,*,#19833,.T.);
#19831=EDGE_CURVE('',#807,#931,#19834,.F.);
#19832=EDGE_CURVE('',#931,#805,#19835,.T.);
#19833=EDGE_CURVE('',#805,#807,#19836,.T.);
#19834=LINE('',#806,#19837);
#19835=LINE('',#930,#19838);
#19836=LINE('',#804,#19839);
#19837=VECTOR('',#19840,1.0);
#19838=VECTOR('',#19841,1.0);
#19839=VECTOR('',#19842,1.0);
#19840=DIRECTION('',(-1,0,0));
#19841=DIRECTION('',(0.9926722254971528,0,-0.12083812612966928));
#19842=DIRECTION('',(0,0,1));
#19843=FACE_SURFACE('',(#19848),#19844,.T.);
#19844=PLANE('',#19845);
#19845=AXIS2_PLACEMENT_3D('',#804,#19846,#19847);
#19846=DIRECTION('',(0,-1,0));
#19847=DIRECTION('',(-0.9926722254971528,0,0.12083812612966928));
#19848=FACE_BOUND('',#19849,.T.);
#19849=EDGE_LOOP('',(#19850,#19851,#19852));
#19850=ORIENTED_EDGE('',*,*,#19853,.T.);
#19851=ORIENTED_EDGE('',*,*,#19854,.T.);
#19852=ORIENTED_EDGE('',*,*,#19855,.T.);
#19853=EDGE_CURVE('',#805,#931,#19856,.F.);
#19854=EDGE_CURVE('',#931,#927,#19857,.T.);
#19855=EDGE_CURVE('',#927,#805,#19858,.T.);
#19856=LINE('',#804,#19859);
#19857=LINE('',#930,#19860);
#19858=LINE('',#926,#19861);
#19859=VECTOR('',#19862,1.0);
#19860=VECTOR('',#19863,1.0);
#19861=VECTOR('',#19864,1.0);
#19862=DIRECTION('',(-0.9926722254971528,0,0.12083812612966928));
#19863=DIRECTION('',(0,0,-1));
#19864=DIRECTION('',(1,0,0));
#19865=FACE_SURFACE('',(#19870),#19866,.T.);
#19866=PLANE('',#19867);
#19867=AXIS2_PLACEMENT_3D('',#908,#19868,#19869);
#19868=DIRECTION('',(-0.993715965073108,0.11193114293538518,0));
#19869=DIRECTION('',(0.012454725753232926,0.11057208473909126,0.9937900652969233));
#19870=FACE_BOUND('',#19871,.T.);
#19871=EDGE_LOOP('',(#19872,#19873,#19874));
#19872=ORIENTED_EDGE('',*,*,#19875,.T.);
#19873=ORIENTED_EDGE('',*,*,#19876,.T.);
#19874=ORIENTED_EDGE('',*,*,#19877,.T.);
#19875=EDGE_CURVE('',#909,#815,#19878,.F.);
#19876=EDGE_CURVE('',#815,#809,#19879,.T.);
#19877=EDGE_CURVE('',#809,#909,#19880,.T.);
#19878=LINE('',#908,#19881);
#19879=LINE('',#814,#19882);
#19880=LINE('',#808,#19883);
#19881=VECTOR('',#19884,1.0);
#19882=VECTOR('',#19885,1.0);
#19883=VECTOR('',#19886,1.0);
#19884=DIRECTION('',(0.012454725753232926,0.11057208473909126,0.9937900652969233));
#19885=DIRECTION('',(0,0,-1));
#19886=DIRECTION('',(-0.1119311429353852,-0.993715965073108,0));
#19887=FACE_SURFACE('',(#19892),#19888,.T.);
#19888=PLANE('',#19889);
#19889=AXIS2_PLACEMENT_3D('',#906,#19890,#19891);
#19890=DIRECTION('',(0,0,-1));
#19891=DIRECTION('',(-0.9999999999540738,9.583963067032108E-06,0));
#19892=FACE_BOUND('',#19893,.T.);
#19893=EDGE_LOOP('',(#19894,#19895,#19896));
#19894=ORIENTED_EDGE('',*,*,#19897,.T.);
#19895=ORIENTED_EDGE('',*,*,#19898,.T.);
#19896=ORIENTED_EDGE('',*,*,#19899,.T.);
#19897=EDGE_CURVE('',#907,#909,#19900,.F.);
#19898=EDGE_CURVE('',#909,#809,#19901,.T.);
#19899=EDGE_CURVE('',#809,#907,#19902,.T.);
#19900=LINE('',#906,#19903);
#19901=LINE('',#908,#19904);
#19902=LINE('',#808,#19905);
#19903=VECTOR('',#19906,1.0);
#19904=VECTOR('',#19907,1.0);
#19905=VECTOR('',#19908,1.0);
#19906=DIRECTION('',(-0.9999999999540738,9.583963067032108E-06,0));
#19907=DIRECTION('',(0.1119311429353852,0.993715965073108,0));
#19908=DIRECTION('',(0.9998732893291324,-0.01591870868320646,0));
#19909=FACE_SURFACE('',(#19914),#19910,.T.);
#19910=PLANE('',#19911);
#19911=AXIS2_PLACEMENT_3D('',#906,#19912,#19913);
#19912=DIRECTION('',(0,0,-1));
#19913=DIRECTION('',(-0.9998732893291324,0.01591870868320646,0));
#19914=FACE_BOUND('',#19915,.T.);
#19915=EDGE_LOOP('',(#19916,#19917,#19918));
#19916=ORIENTED_EDGE('',*,*,#19919,.T.);
#19917=ORIENTED_EDGE('',*,*,#19920,.T.);
#19918=ORIENTED_EDGE('',*,*,#19921,.T.);
#19919=EDGE_CURVE('',#907,#809,#19922,.F.);
#19920=EDGE_CURVE('',#809,#811,#19923,.T.);
#19921=EDGE_CURVE('',#811,#907,#19924,.T.);
#19922=LINE('',#906,#19925);
#19923=LINE('',#808,#19926);
#19924=LINE('',#810,#19927);
#19925=VECTOR('',#19928,1.0);
#19926=VECTOR('',#19929,1.0);
#19927=VECTOR('',#19930,1.0);
#19928=DIRECTION('',(-0.9998732893291324,0.01591870868320646,0));
#19929=DIRECTION('',(0.9999990934915814,-0.001346482831456442,0));
#19930=DIRECTION('',(-0.40671404773651476,-0.9135555174009843,0));
#19931=FACE_SURFACE('',(#19936),#19932,.T.);
#19932=PLANE('',#19933);
#19933=AXIS2_PLACEMENT_3D('',#912,#19934,#19935);
#19934=DIRECTION('',(0.9135555174009842,-0.4067140477365147,0));
#19935=DIRECTION('',(0.045065826341809244,0.10122624121276005,-0.9938422004453553));
#19936=FACE_BOUND('',#19937,.T.);
#19937=EDGE_LOOP('',(#19938,#19939,#19940));
#19938=ORIENTED_EDGE('',*,*,#19941,.T.);
#19939=ORIENTED_EDGE('',*,*,#19942,.T.);
#19940=ORIENTED_EDGE('',*,*,#19943,.T.);
#19941=EDGE_CURVE('',#913,#811,#19944,.F.);
#19942=EDGE_CURVE('',#811,#817,#19945,.T.);
#19943=EDGE_CURVE('',#817,#913,#19946,.T.);
#19944=LINE('',#912,#19947);
#19945=LINE('',#810,#19948);
#19946=LINE('',#816,#19949);
#19947=VECTOR('',#19950,1.0);
#19948=VECTOR('',#19951,1.0);
#19949=VECTOR('',#19952,1.0);
#19950=DIRECTION('',(0.045065826341809244,0.10122624121276005,-0.9938422004453553));
#19951=DIRECTION('',(0,0,1));
#19952=DIRECTION('',(-0.40671404773651476,-0.9135555174009843,0));
#19953=FACE_SURFACE('',(#19958),#19954,.T.);
#19954=PLANE('',#19955);
#19955=AXIS2_PLACEMENT_3D('',#816,#19956,#19957);
#19956=DIRECTION('',(0.8090295115456604,-0.587768023499229,0));
#19957=DIRECTION('',(0,0,-1));
#19958=FACE_BOUND('',#19959,.T.);
#19959=EDGE_LOOP('',(#19960,#19961,#19962));
#19960=ORIENTED_EDGE('',*,*,#19963,.T.);
#19961=ORIENTED_EDGE('',*,*,#19964,.T.);
#19962=ORIENTED_EDGE('',*,*,#19965,.T.);
#19963=EDGE_CURVE('',#817,#811,#19966,.F.);
#19964=EDGE_CURVE('',#811,#813,#19967,.T.);
#19965=EDGE_CURVE('',#813,#817,#19968,.T.);
#19966=LINE('',#816,#19969);
#19967=LINE('',#810,#19970);
#19968=LINE('',#812,#19971);
#19969=VECTOR('',#19972,1.0);
#19970=VECTOR('',#19973,1.0);
#19971=VECTOR('',#19974,1.0);
#19972=DIRECTION('',(0,0,-1));
#19973=DIRECTION('',(0.587768023499229,0.8090295115456604,0));
#19974=DIRECTION('',(-0.06513187251915376,-0.0896503465712852,0.9938413628652196));
#19975=FACE_SURFACE('',(#19980),#19976,.T.);
#19976=PLANE('',#19977);
#19977=AXIS2_PLACEMENT_3D('',#912,#19978,#19979);
#19978=DIRECTION('',(0.9135555174009842,-0.4067140477365147,0));
#19979=DIRECTION('',(0,0,-1));
#19980=FACE_BOUND('',#19981,.T.);
#19981=EDGE_LOOP('',(#19982,#19983,#19984));
#19982=ORIENTED_EDGE('',*,*,#19985,.T.);
#19983=ORIENTED_EDGE('',*,*,#19986,.T.);
#19984=ORIENTED_EDGE('',*,*,#19987,.T.);
#19985=EDGE_CURVE('',#913,#907,#19988,.F.);
#19986=EDGE_CURVE('',#907,#811,#19989,.T.);
#19987=EDGE_CURVE('',#811,#913,#19990,.T.);
#19988=LINE('',#912,#19991);
#19989=LINE('',#906,#19992);
#19990=LINE('',#810,#19993);
#19991=VECTOR('',#19994,1.0);
#19992=VECTOR('',#19995,1.0);
#19993=VECTOR('',#19996,1.0);
#19994=DIRECTION('',(0,0,-1));
#19995=DIRECTION('',(0.40671404773651476,0.9135555174009843,0));
#19996=DIRECTION('',(-0.045065826341809244,-0.10122624121276005,0.9938422004453553));
#19997=FACE_SURFACE('',(#20002),#19998,.T.);
#19998=PLANE('',#19999);
#19999=AXIS2_PLACEMENT_3D('',#816,#20000,#20001);
#20000=DIRECTION('',(0.8090295115456604,-0.587768023499229,0));
#20001=DIRECTION('',(0.06513187251915376,0.0896503465712852,-0.9938413628652196));
#20002=FACE_BOUND('',#20003,.T.);
#20003=EDGE_LOOP('',(#20004,#20005,#20006));
#20004=ORIENTED_EDGE('',*,*,#20007,.T.);
#20005=ORIENTED_EDGE('',*,*,#20008,.T.);
#20006=ORIENTED_EDGE('',*,*,#20009,.T.);
#20007=EDGE_CURVE('',#817,#813,#20010,.F.);
#20008=EDGE_CURVE('',#813,#819,#20011,.T.);
#20009=EDGE_CURVE('',#819,#817,#20012,.T.);
#20010=LINE('',#816,#20013);
#20011=LINE('',#812,#20014);
#20012=LINE('',#818,#20015);
#20013=VECTOR('',#20016,1.0);
#20014=VECTOR('',#20017,1.0);
#20015=VECTOR('',#20018,1.0);
#20016=DIRECTION('',(0.06513187251915376,0.0896503465712852,-0.9938413628652196));
#20017=DIRECTION('',(0,0,1));
#20018=DIRECTION('',(-0.587768023499229,-0.8090295115456604,0));
#20019=FACE_SURFACE('',(#20024),#20020,.T.);
#20020=PLANE('',#20021);
#20021=AXIS2_PLACEMENT_3D('',#908,#20022,#20023);
#20022=DIRECTION('',(-0.993715965073108,0.11193114293538518,0));
#20023=DIRECTION('',(0,0,1));
#20024=FACE_BOUND('',#20025,.T.);
#20025=EDGE_LOOP('',(#20026,#20027,#20028));
#20026=ORIENTED_EDGE('',*,*,#20029,.T.);
#20027=ORIENTED_EDGE('',*,*,#20030,.T.);
#20028=ORIENTED_EDGE('',*,*,#20031,.T.);
#20029=EDGE_CURVE('',#909,#911,#20032,.F.);
#20030=EDGE_CURVE('',#911,#815,#20033,.T.);
#20031=EDGE_CURVE('',#815,#909,#20034,.T.);
#20032=LINE('',#908,#20035);
#20033=LINE('',#910,#20036);
#20034=LINE('',#814,#20037);
#20035=VECTOR('',#20038,1.0);
#20036=VECTOR('',#20039,1.0);
#20037=VECTOR('',#20040,1.0);
#20038=DIRECTION('',(0,0,1));
#20039=DIRECTION('',(0.1119311429353852,0.993715965073108,0));
#20040=DIRECTION('',(-0.012454725753232926,-0.11057208473909126,-0.9937900652969233));
#20041=FACE_SURFACE('',(#20046),#20042,.T.);
#20042=PLANE('',#20043);
#20043=AXIS2_PLACEMENT_3D('',#912,#20044,#20045);
#20044=DIRECTION('',(0,0,1));
#20045=DIRECTION('',(-0.9998732893291324,0.01591870868320646,0));
#20046=FACE_BOUND('',#20047,.T.);
#20047=EDGE_LOOP('',(#20048,#20049,#20050));
#20048=ORIENTED_EDGE('',*,*,#20051,.T.);
#20049=ORIENTED_EDGE('',*,*,#20052,.T.);
#20050=ORIENTED_EDGE('',*,*,#20053,.T.);
#20051=EDGE_CURVE('',#913,#815,#20054,.F.);
#20052=EDGE_CURVE('',#815,#911,#20055,.T.);
#20053=EDGE_CURVE('',#911,#913,#20056,.T.);
#20054=LINE('',#912,#20057);
#20055=LINE('',#814,#20058);
#20056=LINE('',#910,#20059);
#20057=VECTOR('',#20060,1.0);
#20058=VECTOR('',#20061,1.0);
#20059=VECTOR('',#20062,1.0);
#20060=DIRECTION('',(-0.9998732893291324,0.01591870868320646,0));
#20061=DIRECTION('',(-0.1119311429353852,-0.993715965073108,0));
#20062=DIRECTION('',(0.9999999999540738,-9.583963067032108E-06,0));
#20063=FACE_SURFACE('',(#20068),#20064,.T.);
#20064=PLANE('',#20065);
#20065=AXIS2_PLACEMENT_3D('',#816,#20066,#20067);
#20066=DIRECTION('',(0,0,1));
#20067=DIRECTION('',(-0.9999990934915814,0.001346482831456442,0));
#20068=FACE_BOUND('',#20069,.T.);
#20069=EDGE_LOOP('',(#20070,#20071,#20072));
#20070=ORIENTED_EDGE('',*,*,#20073,.T.);
#20071=ORIENTED_EDGE('',*,*,#20074,.T.);
#20072=ORIENTED_EDGE('',*,*,#20075,.T.);
#20073=EDGE_CURVE('',#817,#815,#20076,.F.);
#20074=EDGE_CURVE('',#815,#913,#20077,.T.);
#20075=EDGE_CURVE('',#913,#817,#20078,.T.);
#20076=LINE('',#816,#20079);
#20077=LINE('',#814,#20080);
#20078=LINE('',#912,#20081);
#20079=VECTOR('',#20082,1.0);
#20080=VECTOR('',#20083,1.0);
#20081=VECTOR('',#20084,1.0);
#20082=DIRECTION('',(-0.9999990934915814,0.001346482831456442,0));
#20083=DIRECTION('',(0.9998732893291324,-0.01591870868320646,0));
#20084=DIRECTION('',(0.40671404773651476,0.9135555174009843,0));
#20085=FACE_SURFACE('',(#20090),#20086,.T.);
#20086=PLANE('',#20087);
#20087=AXIS2_PLACEMENT_3D('',#878,#20088,#20089);
#20088=DIRECTION('',(0.5320554310803605,-0.8467095241332129,0));
#20089=DIRECTION('',(0,0,1));
#20090=FACE_BOUND('',#20091,.T.);
#20091=EDGE_LOOP('',(#20092,#20093,#20094));
#20092=ORIENTED_EDGE('',*,*,#20095,.T.);
#20093=ORIENTED_EDGE('',*,*,#20096,.T.);
#20094=ORIENTED_EDGE('',*,*,#20097,.T.);
#20095=EDGE_CURVE('',#879,#821,#20098,.F.);
#20096=EDGE_CURVE('',#821,#933,#20099,.T.);
#20097=EDGE_CURVE('',#933,#879,#20100,.T.);
#20098=LINE('',#878,#20101);
#20099=LINE('',#820,#20102);
#20100=LINE('',#932,#20103);
#20101=VECTOR('',#20104,1.0);
#20102=VECTOR('',#20105,1.0);
#20103=VECTOR('',#20106,1.0);
#20104=DIRECTION('',(0,0,1));
#20105=DIRECTION('',(-0.8467095241332129,-0.5320554310803604,0));
#20106=DIRECTION('',(0.09421114594048013,0.05920041104681213,-0.993790506753043));
#20107=FACE_SURFACE('',(#20112),#20108,.T.);
#20108=PLANE('',#20109);
#20109=AXIS2_PLACEMENT_3D('',#822,#20110,#20111);
#20110=DIRECTION('',(0,0,1));
#20111=DIRECTION('',(0.9942915954847611,0.10669687506374502,0));
#20112=FACE_BOUND('',#20113,.T.);
#20113=EDGE_LOOP('',(#20114,#20115,#20116));
#20114=ORIENTED_EDGE('',*,*,#20117,.T.);
#20115=ORIENTED_EDGE('',*,*,#20118,.T.);
#20116=ORIENTED_EDGE('',*,*,#20119,.T.);
#20117=EDGE_CURVE('',#823,#933,#20120,.F.);
#20118=EDGE_CURVE('',#933,#821,#20121,.T.);
#20119=EDGE_CURVE('',#821,#823,#20122,.T.);
#20120=LINE('',#822,#20123);
#20121=LINE('',#932,#20124);
#20122=LINE('',#820,#20125);
#20123=VECTOR('',#20126,1.0);
#20124=VECTOR('',#20127,1.0);
#20125=VECTOR('',#20128,1.0);
#20126=DIRECTION('',(0.9942915954847611,0.10669687506374502,0));
#20127=DIRECTION('',(0.8467095241332129,0.5320554310803604,0));
#20128=DIRECTION('',(-0.9918027732015526,-0.12777816350891003,0));
#20129=FACE_SURFACE('',(#20134),#20130,.T.);
#20130=PLANE('',#20131);
#20131=AXIS2_PLACEMENT_3D('',#822,#20132,#20133);
#20132=DIRECTION('',(0,0,1));
#20133=DIRECTION('',(-0.6663613733590348,-0.745628942635049,0));
#20134=FACE_BOUND('',#20135,.T.);
#20135=EDGE_LOOP('',(#20136,#20137,#20138));
#20136=ORIENTED_EDGE('',*,*,#20139,.T.);
#20137=ORIENTED_EDGE('',*,*,#20140,.T.);
#20138=ORIENTED_EDGE('',*,*,#20141,.T.);
#20139=EDGE_CURVE('',#823,#903,#20142,.F.);
#20140=EDGE_CURVE('',#903,#935,#20143,.T.);
#20141=EDGE_CURVE('',#935,#823,#20144,.T.);
#20142=LINE('',#822,#20145);
#20143=LINE('',#902,#20146);
#20144=LINE('',#934,#20147);
#20145=VECTOR('',#20148,1.0);
#20146=VECTOR('',#20149,1.0);
#20147=VECTOR('',#20150,1.0);
#20148=DIRECTION('',(-0.6663613733590348,-0.745628942635049,0));
#20149=DIRECTION('',(0.9999738098092152,-0.007237381822410983,0));
#20150=DIRECTION('',(-0.9970520295217327,0.07672841994068404,0));
#20151=FACE_SURFACE('',(#20156),#20152,.T.);
#20152=PLANE('',#20153);
#20153=AXIS2_PLACEMENT_3D('',#880,#20154,#20155);
#20154=DIRECTION('',(-0.745628942635049,0.6663613733590347,0));
#20155=DIRECTION('',(-0.12242434013397877,-0.1369874289482697,0.982978496841565));
#20156=FACE_BOUND('',#20157,.T.);
#20157=EDGE_LOOP('',(#20158,#20159,#20160));
#20158=ORIENTED_EDGE('',*,*,#20161,.T.);
#20159=ORIENTED_EDGE('',*,*,#20162,.T.);
#20160=ORIENTED_EDGE('',*,*,#20163,.T.);
#20161=EDGE_CURVE('',#881,#903,#20164,.F.);
#20162=EDGE_CURVE('',#903,#823,#20165,.T.);
#20163=EDGE_CURVE('',#823,#881,#20166,.T.);
#20164=LINE('',#880,#20167);
#20165=LINE('',#902,#20168);
#20166=LINE('',#822,#20169);
#20167=VECTOR('',#20170,1.0);
#20168=VECTOR('',#20171,1.0);
#20169=VECTOR('',#20172,1.0);
#20170=DIRECTION('',(-0.12242434013397877,-0.1369874289482697,0.982978496841565));
#20171=DIRECTION('',(0.6663613733590348,0.745628942635049,0));
#20172=DIRECTION('',(0,0,-1));
#20173=FACE_SURFACE('',(#20178),#20174,.T.);
#20174=PLANE('',#20175);
#20175=AXIS2_PLACEMENT_3D('',#822,#20176,#20177);
#20176=DIRECTION('',(0,0,1));
#20177=DIRECTION('',(0.9970520295217327,-0.07672841994068404,0));
#20178=FACE_BOUND('',#20179,.T.);
#20179=EDGE_LOOP('',(#20180,#20181,#20182));
#20180=ORIENTED_EDGE('',*,*,#20183,.T.);
#20181=ORIENTED_EDGE('',*,*,#20184,.T.);
#20182=ORIENTED_EDGE('',*,*,#20185,.T.);
#20183=EDGE_CURVE('',#823,#935,#20186,.F.);
#20184=EDGE_CURVE('',#935,#937,#20187,.T.);
#20185=EDGE_CURVE('',#937,#823,#20188,.T.);
#20186=LINE('',#822,#20189);
#20187=LINE('',#934,#20190);
#20188=LINE('',#936,#20191);
#20189=VECTOR('',#20192,1.0);
#20190=VECTOR('',#20193,1.0);
#20191=VECTOR('',#20194,1.0);
#20192=DIRECTION('',(0.9970520295217327,-0.07672841994068404,0));
#20193=DIRECTION('',(0.11200291401038326,0.993707878228397,0));
#20194=DIRECTION('',(-0.9997685882241298,0.021512089631886888,0));
#20195=FACE_SURFACE('',(#20200),#20196,.T.);
#20196=PLANE('',#20197);
#20197=AXIS2_PLACEMENT_3D('',#822,#20198,#20199);
#20198=DIRECTION('',(-0,0,1));
#20199=DIRECTION('',(0.9997685882241298,-0.021512089631886888,0));
#20200=FACE_BOUND('',#20201,.T.);
#20201=EDGE_LOOP('',(#20202,#20203,#20204));
#20202=ORIENTED_EDGE('',*,*,#20205,.T.);
#20203=ORIENTED_EDGE('',*,*,#20206,.T.);
#20204=ORIENTED_EDGE('',*,*,#20207,.T.);
#20205=EDGE_CURVE('',#823,#937,#20208,.F.);
#20206=EDGE_CURVE('',#937,#939,#20209,.T.);
#20207=EDGE_CURVE('',#939,#823,#20210,.T.);
#20208=LINE('',#822,#20211);
#20209=LINE('',#936,#20212);
#20210=LINE('',#938,#20213);
#20211=VECTOR('',#20214,1.0);
#20212=VECTOR('',#20215,1.0);
#20213=VECTOR('',#20216,1.0);
#20214=DIRECTION('',(0.9997685882241298,-0.021512089631886888,0));
#20215=DIRECTION('',(0.3302848608994912,0.9438813011499929,0));
#20216=DIRECTION('',(-0.999546243433125,-0.03012154110811647,0));
#20217=FACE_SURFACE('',(#20222),#20218,.T.);
#20218=PLANE('',#20219);
#20219=AXIS2_PLACEMENT_3D('',#822,#20220,#20221);
#20220=DIRECTION('',(0,0,1));
#20221=DIRECTION('',(0.999546243433125,0.03012154110811647,0));
#20222=FACE_BOUND('',#20223,.T.);
#20223=EDGE_LOOP('',(#20224,#20225,#20226));
#20224=ORIENTED_EDGE('',*,*,#20227,.T.);
#20225=ORIENTED_EDGE('',*,*,#20228,.T.);
#20226=ORIENTED_EDGE('',*,*,#20229,.T.);
#20227=EDGE_CURVE('',#823,#939,#20230,.F.);
#20228=EDGE_CURVE('',#939,#941,#20231,.T.);
#20229=EDGE_CURVE('',#941,#823,#20232,.T.);
#20230=LINE('',#822,#20233);
#20231=LINE('',#938,#20234);
#20232=LINE('',#940,#20235);
#20233=VECTOR('',#20236,1.0);
#20234=VECTOR('',#20237,1.0);
#20235=VECTOR('',#20238,1.0);
#20236=DIRECTION('',(0.999546243433125,0.03012154110811647,0));
#20237=DIRECTION('',(0.5320390592813571,0.846719811625433,0));
#20238=DIRECTION('',(-0.9972740753023093,-0.07378630448751287,0));
#20239=FACE_SURFACE('',(#20244),#20240,.T.);
#20240=PLANE('',#20241);
#20241=AXIS2_PLACEMENT_3D('',#822,#20242,#20243);
#20242=DIRECTION('',(0,0,1));
#20243=DIRECTION('',(0.9972740753023093,0.07378630448751287,0));
#20244=FACE_BOUND('',#20245,.T.);
#20245=EDGE_LOOP('',(#20246,#20247,#20248));
#20246=ORIENTED_EDGE('',*,*,#20249,.T.);
#20247=ORIENTED_EDGE('',*,*,#20250,.T.);
#20248=ORIENTED_EDGE('',*,*,#20251,.T.);
#20249=EDGE_CURVE('',#823,#941,#20252,.F.);
#20250=EDGE_CURVE('',#941,#933,#20253,.T.);
#20251=EDGE_CURVE('',#933,#823,#20254,.T.);
#20252=LINE('',#822,#20255);
#20253=LINE('',#940,#20256);
#20254=LINE('',#932,#20257);
#20255=VECTOR('',#20258,1.0);
#20256=VECTOR('',#20259,1.0);
#20257=VECTOR('',#20260,1.0);
#20258=DIRECTION('',(0.9972740753023093,0.07378630448751287,0));
#20259=DIRECTION('',(0.7071340368297876,0.70707952449269,0));
#20260=DIRECTION('',(-0.9942915954847611,-0.10669687506374502,0));
#20261=FACE_SURFACE('',(#20266),#20262,.T.);
#20262=PLANE('',#20263);
#20263=AXIS2_PLACEMENT_3D('',#882,#20264,#20265);
#20264=DIRECTION('',(0,0,-1));
#20265=DIRECTION('',(0.1045935975061638,0.9945150473274493,0));
#20266=FACE_BOUND('',#20267,.T.);
#20267=EDGE_LOOP('',(#20268,#20269,#20270));
#20268=ORIENTED_EDGE('',*,*,#20271,.T.);
#20269=ORIENTED_EDGE('',*,*,#20272,.T.);
#20270=ORIENTED_EDGE('',*,*,#20273,.T.);
#20271=EDGE_CURVE('',#883,#943,#20274,.F.);
#20272=EDGE_CURVE('',#943,#825,#20275,.T.);
#20273=EDGE_CURVE('',#825,#883,#20276,.T.);
#20274=LINE('',#882,#20277);
#20275=LINE('',#942,#20278);
#20276=LINE('',#824,#20279);
#20277=VECTOR('',#20280,1.0);
#20278=VECTOR('',#20281,1.0);
#20279=VECTOR('',#20282,1.0);
#20280=DIRECTION('',(0.1045935975061638,0.9945150473274493,0));
#20281=DIRECTION('',(0.9947266700008811,-0.10256145469404249,0));
#20282=DIRECTION('',(-0.9998309377566003,0.018387384391405272,0));
#20283=FACE_SURFACE('',(#20288),#20284,.T.);
#20284=PLANE('',#20285);
#20285=AXIS2_PLACEMENT_3D('',#824,#20286,#20287);
#20286=DIRECTION('',(0,0,-1));
#20287=DIRECTION('',(-0.9947266700008811,0.10256145469404249,0));
#20288=FACE_BOUND('',#20289,.T.);
#20289=EDGE_LOOP('',(#20290,#20291,#20292));
#20290=ORIENTED_EDGE('',*,*,#20293,.T.);
#20291=ORIENTED_EDGE('',*,*,#20294,.T.);
#20292=ORIENTED_EDGE('',*,*,#20295,.T.);
#20293=EDGE_CURVE('',#825,#943,#20296,.F.);
#20294=EDGE_CURVE('',#943,#827,#20297,.T.);
#20295=EDGE_CURVE('',#827,#825,#20298,.T.);
#20296=LINE('',#824,#20299);
#20297=LINE('',#942,#20300);
#20298=LINE('',#826,#20301);
#20299=VECTOR('',#20302,1.0);
#20300=VECTOR('',#20303,1.0);
#20301=VECTOR('',#20304,1.0);
#20302=DIRECTION('',(-0.9947266700008811,0.10256145469404249,0));
#20303=DIRECTION('',(-0.10458980147561188,0.9945154465503752,0));
#20304=DIRECTION('',(0.9831373189552562,-0.1828688384538785,0));
#20305=FACE_SURFACE('',(#20310),#20306,.T.);
#20306=PLANE('',#20307);
#20307=AXIS2_PLACEMENT_3D('',#836,#20308,#20309);
#20308=DIRECTION('',(-0.951050158914368,-0.3090365596963495,0));
#20309=DIRECTION('',(0.03424418627434691,-0.10538539139223908,-0.9938416649484526));
#20310=FACE_BOUND('',#20311,.T.);
#20311=EDGE_LOOP('',(#20312,#20313,#20314));
#20312=ORIENTED_EDGE('',*,*,#20315,.T.);
#20313=ORIENTED_EDGE('',*,*,#20316,.T.);
#20314=ORIENTED_EDGE('',*,*,#20317,.T.);
#20315=EDGE_CURVE('',#837,#827,#20318,.F.);
#20316=EDGE_CURVE('',#827,#835,#20319,.T.);
#20317=EDGE_CURVE('',#835,#837,#20320,.T.);
#20318=LINE('',#836,#20321);
#20319=LINE('',#826,#20322);
#20320=LINE('',#834,#20323);
#20321=VECTOR('',#20324,1.0);
#20322=VECTOR('',#20325,1.0);
#20323=VECTOR('',#20326,1.0);
#20324=DIRECTION('',(0.03424418627434691,-0.10538539139223908,-0.9938416649484526));
#20325=DIRECTION('',(0,0,1));
#20326=DIRECTION('',(-0.30903655969634947,0.951050158914368,0));
#20327=FACE_SURFACE('',(#20332),#20328,.T.);
#20328=PLANE('',#20329);
#20329=AXIS2_PLACEMENT_3D('',#834,#20330,#20331);
#20330=DIRECTION('',(-0.9945154465503752,-0.1045898014756119,-0));
#20331=DIRECTION('',(0,0,-1));
#20332=FACE_BOUND('',#20333,.T.);
#20333=EDGE_LOOP('',(#20334,#20335,#20336));
#20334=ORIENTED_EDGE('',*,*,#20337,.T.);
#20335=ORIENTED_EDGE('',*,*,#20338,.T.);
#20336=ORIENTED_EDGE('',*,*,#20339,.T.);
#20337=EDGE_CURVE('',#835,#827,#20340,.F.);
#20338=EDGE_CURVE('',#827,#943,#20341,.T.);
#20339=EDGE_CURVE('',#943,#835,#20342,.T.);
#20340=LINE('',#834,#20343);
#20341=LINE('',#826,#20344);
#20342=LINE('',#942,#20345);
#20343=VECTOR('',#20346,1.0);
#20344=VECTOR('',#20347,1.0);
#20345=VECTOR('',#20348,1.0);
#20346=DIRECTION('',(0,0,-1));
#20347=DIRECTION('',(0.10458980147561188,-0.9945154465503752,0));
#20348=DIRECTION('',(-0.011589961485169763,0.11020573286596175,0.9938412193284442));
#20349=FACE_SURFACE('',(#20354),#20350,.T.);
#20350=PLANE('',#20351);
#20351=AXIS2_PLACEMENT_3D('',#836,#20352,#20353);
#20352=DIRECTION('',(-0.951050158914368,-0.3090365596963495,-0));
#20353=DIRECTION('',(0,0,-1));
#20354=FACE_BOUND('',#20355,.T.);
#20355=EDGE_LOOP('',(#20356,#20357,#20358));
#20356=ORIENTED_EDGE('',*,*,#20359,.T.);
#20357=ORIENTED_EDGE('',*,*,#20360,.T.);
#20358=ORIENTED_EDGE('',*,*,#20361,.T.);
#20359=EDGE_CURVE('',#837,#829,#20362,.F.);
#20360=EDGE_CURVE('',#829,#827,#20363,.T.);
#20361=EDGE_CURVE('',#827,#837,#20364,.T.);
#20362=LINE('',#836,#20365);
#20363=LINE('',#828,#20366);
#20364=LINE('',#826,#20367);
#20365=VECTOR('',#20368,1.0);
#20366=VECTOR('',#20369,1.0);
#20367=VECTOR('',#20370,1.0);
#20368=DIRECTION('',(0,0,-1));
#20369=DIRECTION('',(0.30903655969634947,-0.951050158914368,0));
#20370=DIRECTION('',(-0.03424418627434691,0.10538539139223908,0.9938416649484526));
#20371=FACE_SURFACE('',(#20376),#20372,.T.);
#20372=PLANE('',#20373);
#20373=AXIS2_PLACEMENT_3D('',#838,#20374,#20375);
#20374=DIRECTION('',(-0.8660427738981109,-0.49996991287363024,0));
#20375=DIRECTION('',(0.055402134653466176,-0.09596701149353327,-0.9938415045573611));
#20376=FACE_BOUND('',#20377,.T.);
#20377=EDGE_LOOP('',(#20378,#20379,#20380));
#20378=ORIENTED_EDGE('',*,*,#20381,.T.);
#20379=ORIENTED_EDGE('',*,*,#20382,.T.);
#20380=ORIENTED_EDGE('',*,*,#20383,.T.);
#20381=EDGE_CURVE('',#839,#829,#20384,.F.);
#20382=EDGE_CURVE('',#829,#837,#20385,.T.);
#20383=EDGE_CURVE('',#837,#839,#20386,.T.);
#20384=LINE('',#838,#20387);
#20385=LINE('',#828,#20388);
#20386=LINE('',#836,#20389);
#20387=VECTOR('',#20390,1.0);
#20388=VECTOR('',#20391,1.0);
#20389=VECTOR('',#20392,1.0);
#20390=DIRECTION('',(0.055402134653466176,-0.09596701149353327,-0.9938415045573611));
#20391=DIRECTION('',(0,0,1));
#20392=DIRECTION('',(-0.4999699128736303,0.866042773898111,0));
#20393=FACE_SURFACE('',(#20398),#20394,.T.);
#20394=PLANE('',#20395);
#20395=AXIS2_PLACEMENT_3D('',#838,#20396,#20397);
#20396=DIRECTION('',(-0.8660427738981109,-0.49996991287363024,-0));
#20397=DIRECTION('',(0,0,-1));
#20398=FACE_BOUND('',#20399,.T.);
#20399=EDGE_LOOP('',(#20400,#20401,#20402));
#20400=ORIENTED_EDGE('',*,*,#20403,.T.);
#20401=ORIENTED_EDGE('',*,*,#20404,.T.);
#20402=ORIENTED_EDGE('',*,*,#20405,.T.);
#20403=EDGE_CURVE('',#839,#831,#20406,.F.);
#20404=EDGE_CURVE('',#831,#829,#20407,.T.);
#20405=EDGE_CURVE('',#829,#839,#20408,.T.);
#20406=LINE('',#838,#20409);
#20407=LINE('',#830,#20410);
#20408=LINE('',#828,#20411);
#20409=VECTOR('',#20412,1.0);
#20410=VECTOR('',#20413,1.0);
#20411=VECTOR('',#20414,1.0);
#20412=DIRECTION('',(0,0,-1));
#20413=DIRECTION('',(0.4999699128736303,-0.866042773898111,0));
#20414=DIRECTION('',(-0.055402134653466176,0.09596701149353327,0.9938415045573611));
#20415=FACE_SURFACE('',(#20420),#20416,.T.);
#20416=PLANE('',#20417);
#20417=AXIS2_PLACEMENT_3D('',#832,#20418,#20419);
#20418=DIRECTION('',(0,0,1));
#20419=DIRECTION('',(-0.9947266700008811,0.10256145469404249,0));
#20420=FACE_BOUND('',#20421,.T.);
#20421=EDGE_LOOP('',(#20422,#20423,#20424));
#20422=ORIENTED_EDGE('',*,*,#20425,.T.);
#20423=ORIENTED_EDGE('',*,*,#20426,.T.);
#20424=ORIENTED_EDGE('',*,*,#20427,.T.);
#20425=EDGE_CURVE('',#833,#945,#20428,.F.);
#20426=EDGE_CURVE('',#945,#843,#20429,.T.);
#20427=EDGE_CURVE('',#843,#833,#20430,.T.);
#20428=LINE('',#832,#20431);
#20429=LINE('',#944,#20432);
#20430=LINE('',#842,#20433);
#20431=VECTOR('',#20434,1.0);
#20432=VECTOR('',#20435,1.0);
#20433=VECTOR('',#20436,1.0);
#20434=DIRECTION('',(-0.9947266700008811,0.10256145469404249,0));
#20435=DIRECTION('',(-0.1045935975061638,-0.9945150473274493,0));
#20436=DIRECTION('',(0.9998309377566003,-0.018387384391405272,0));
#20437=FACE_SURFACE('',(#20442),#20438,.T.);
#20438=PLANE('',#20439);
#20439=AXIS2_PLACEMENT_3D('',#832,#20440,#20441);
#20440=DIRECTION('',(0,0,1));
#20441=DIRECTION('',(-0.9831373189552562,0.1828688384538785,0));
#20442=FACE_BOUND('',#20443,.T.);
#20443=EDGE_LOOP('',(#20444,#20445,#20446));
#20444=ORIENTED_EDGE('',*,*,#20447,.T.);
#20445=ORIENTED_EDGE('',*,*,#20448,.T.);
#20446=ORIENTED_EDGE('',*,*,#20449,.T.);
#20447=EDGE_CURVE('',#833,#835,#20450,.F.);
#20448=EDGE_CURVE('',#835,#945,#20451,.T.);
#20449=EDGE_CURVE('',#945,#833,#20452,.T.);
#20450=LINE('',#832,#20453);
#20451=LINE('',#834,#20454);
#20452=LINE('',#944,#20455);
#20453=VECTOR('',#20456,1.0);
#20454=VECTOR('',#20457,1.0);
#20455=VECTOR('',#20458,1.0);
#20456=DIRECTION('',(-0.9831373189552562,0.1828688384538785,0));
#20457=DIRECTION('',(0.10458980147561188,-0.9945154465503752,0));
#20458=DIRECTION('',(0.9947266700008811,-0.10256145469404249,0));
#20459=FACE_SURFACE('',(#20464),#20460,.T.);
#20460=PLANE('',#20461);
#20461=AXIS2_PLACEMENT_3D('',#834,#20462,#20463);
#20462=DIRECTION('',(-0.9945154465503752,-0.1045898014756119,0));
#20463=DIRECTION('',(0.011589961485169763,-0.11020573286596175,-0.9938412193284442));
#20464=FACE_BOUND('',#20465,.T.);
#20465=EDGE_LOOP('',(#20466,#20467,#20468));
#20466=ORIENTED_EDGE('',*,*,#20469,.T.);
#20467=ORIENTED_EDGE('',*,*,#20470,.T.);
#20468=ORIENTED_EDGE('',*,*,#20471,.T.);
#20469=EDGE_CURVE('',#835,#943,#20472,.F.);
#20470=EDGE_CURVE('',#943,#945,#20473,.T.);
#20471=EDGE_CURVE('',#945,#835,#20474,.T.);
#20472=LINE('',#834,#20475);
#20473=LINE('',#942,#20476);
#20474=LINE('',#944,#20477);
#20475=VECTOR('',#20478,1.0);
#20476=VECTOR('',#20479,1.0);
#20477=VECTOR('',#20480,1.0);
#20478=DIRECTION('',(0.011589961485169763,-0.11020573286596175,-0.9938412193284442));
#20479=DIRECTION('',(0,0,1));
#20480=DIRECTION('',(-0.10458980147561188,0.9945154465503752,0));
#20481=FACE_SURFACE('',(#20486),#20482,.T.);
#20482=PLANE('',#20483);
#20483=AXIS2_PLACEMENT_3D('',#884,#20484,#20485);
#20484=DIRECTION('',(-0.8660336510250305,0.4999857150881971,0));
#20485=DIRECTION('',(0,0,1));
#20486=FACE_BOUND('',#20487,.T.);
#20487=EDGE_LOOP('',(#20488,#20489,#20490));
#20488=ORIENTED_EDGE('',*,*,#20491,.T.);
#20489=ORIENTED_EDGE('',*,*,#20492,.T.);
#20490=ORIENTED_EDGE('',*,*,#20493,.T.);
#20491=EDGE_CURVE('',#885,#841,#20494,.F.);
#20492=EDGE_CURVE('',#841,#845,#20495,.T.);
#20493=EDGE_CURVE('',#845,#885,#20496,.T.);
#20494=LINE('',#884,#20497);
#20495=LINE('',#840,#20498);
#20496=LINE('',#844,#20499);
#20497=VECTOR('',#20500,1.0);
#20498=VECTOR('',#20501,1.0);
#20499=VECTOR('',#20502,1.0);
#20500=DIRECTION('',(0,0,1));
#20501=DIRECTION('',(0.4999857150881971,0.8660336510250305,0));
#20502=DIRECTION('',(-0.055402156153814844,-0.09596300478321358,-0.9938418902453675));
#20503=FACE_SURFACE('',(#20508),#20504,.T.);
#20504=PLANE('',#20505);
#20505=AXIS2_PLACEMENT_3D('',#886,#20506,#20507);
#20506=DIRECTION('',(-0.9510536441016618,0.30902583393779487,0));
#20507=DIRECTION('',(0.03424417168011242,0.1053893904293115,0.9938412413916425));
#20508=FACE_BOUND('',#20509,.T.);
#20509=EDGE_LOOP('',(#20510,#20511,#20512));
#20510=ORIENTED_EDGE('',*,*,#20513,.T.);
#20511=ORIENTED_EDGE('',*,*,#20514,.T.);
#20512=ORIENTED_EDGE('',*,*,#20515,.T.);
#20513=EDGE_CURVE('',#887,#843,#20516,.F.);
#20514=EDGE_CURVE('',#843,#883,#20517,.T.);
#20515=EDGE_CURVE('',#883,#887,#20518,.T.);
#20516=LINE('',#886,#20519);
#20517=LINE('',#842,#20520);
#20518=LINE('',#882,#20521);
#20519=VECTOR('',#20522,1.0);
#20520=VECTOR('',#20523,1.0);
#20521=VECTOR('',#20524,1.0);
#20522=DIRECTION('',(0.03424417168011242,0.1053893904293115,0.9938412413916425));
#20523=DIRECTION('',(0,0,-1));
#20524=DIRECTION('',(-0.30902583393779487,-0.9510536441016618,0));
#20525=FACE_SURFACE('',(#20530),#20526,.T.);
#20526=PLANE('',#20527);
#20527=AXIS2_PLACEMENT_3D('',#882,#20528,#20529);
#20528=DIRECTION('',(-0.9945150473274492,0.10459359750616379,0));
#20529=DIRECTION('',(0,0,1));
#20530=FACE_BOUND('',#20531,.T.);
#20531=EDGE_LOOP('',(#20532,#20533,#20534));
#20532=ORIENTED_EDGE('',*,*,#20535,.T.);
#20533=ORIENTED_EDGE('',*,*,#20536,.T.);
#20534=ORIENTED_EDGE('',*,*,#20537,.T.);
#20535=EDGE_CURVE('',#883,#843,#20538,.F.);
#20536=EDGE_CURVE('',#843,#945,#20539,.T.);
#20537=EDGE_CURVE('',#945,#883,#20540,.T.);
#20538=LINE('',#882,#20541);
#20539=LINE('',#842,#20542);
#20540=LINE('',#944,#20543);
#20541=VECTOR('',#20544,1.0);
#20542=VECTOR('',#20545,1.0);
#20543=VECTOR('',#20546,1.0);
#20544=DIRECTION('',(0,0,1));
#20545=DIRECTION('',(0.1045935975061638,0.9945150473274493,0));
#20546=DIRECTION('',(-0.01158996665033606,-0.11020173802802091,-0.9938416622423552));
#20547=FACE_SURFACE('',(#20552),#20548,.T.);
#20548=PLANE('',#20549);
#20549=AXIS2_PLACEMENT_3D('',#886,#20550,#20551);
#20550=DIRECTION('',(-0.9510536441016618,0.30902583393779487,0));
#20551=DIRECTION('',(0,0,1));
#20552=FACE_BOUND('',#20553,.T.);
#20553=EDGE_LOOP('',(#20554,#20555,#20556));
#20554=ORIENTED_EDGE('',*,*,#20557,.T.);
#20555=ORIENTED_EDGE('',*,*,#20558,.T.);
#20556=ORIENTED_EDGE('',*,*,#20559,.T.);
#20557=EDGE_CURVE('',#887,#845,#20560,.F.);
#20558=EDGE_CURVE('',#845,#843,#20561,.T.);
#20559=EDGE_CURVE('',#843,#887,#20562,.T.);
#20560=LINE('',#886,#20563);
#20561=LINE('',#844,#20564);
#20562=LINE('',#842,#20565);
#20563=VECTOR('',#20566,1.0);
#20564=VECTOR('',#20567,1.0);
#20565=VECTOR('',#20568,1.0);
#20566=DIRECTION('',(0,0,1));
#20567=DIRECTION('',(0.30902583393779487,0.9510536441016618,0));
#20568=DIRECTION('',(-0.03424417168011242,-0.1053893904293115,-0.9938412413916425));
#20569=FACE_SURFACE('',(#20574),#20570,.T.);
#20570=PLANE('',#20571);
#20571=AXIS2_PLACEMENT_3D('',#884,#20572,#20573);
#20572=DIRECTION('',(-0.8660336510250305,0.4999857150881971,0));
#20573=DIRECTION('',(0.055402156153814844,0.09596300478321358,0.9938418902453675));
#20574=FACE_BOUND('',#20575,.T.);
#20575=EDGE_LOOP('',(#20576,#20577,#20578));
#20576=ORIENTED_EDGE('',*,*,#20579,.T.);
#20577=ORIENTED_EDGE('',*,*,#20580,.T.);
#20578=ORIENTED_EDGE('',*,*,#20581,.T.);
#20579=EDGE_CURVE('',#885,#845,#20582,.F.);
#20580=EDGE_CURVE('',#845,#887,#20583,.T.);
#20581=EDGE_CURVE('',#887,#885,#20584,.T.);
#20582=LINE('',#884,#20585);
#20583=LINE('',#844,#20586);
#20584=LINE('',#886,#20587);
#20585=VECTOR('',#20588,1.0);
#20586=VECTOR('',#20589,1.0);
#20587=VECTOR('',#20590,1.0);
#20588=DIRECTION('',(0.055402156153814844,0.09596300478321358,0.9938418902453675));
#20589=DIRECTION('',(0,0,-1));
#20590=DIRECTION('',(-0.4999857150881971,-0.8660336510250305,0));
#20591=FACE_SURFACE('',(#20596),#20592,.T.);
#20592=PLANE('',#20593);
#20593=AXIS2_PLACEMENT_3D('',#848,#20594,#20595);
#20594=DIRECTION('',(-0.5877745557829918,-0.8090247657359488,-0));
#20595=DIRECTION('',(0,0,-1));
#20596=FACE_BOUND('',#20597,.T.);
#20597=EDGE_LOOP('',(#20598,#20599,#20600));
#20598=ORIENTED_EDGE('',*,*,#20601,.T.);
#20599=ORIENTED_EDGE('',*,*,#20602,.T.);
#20600=ORIENTED_EDGE('',*,*,#20603,.T.);
#20601=EDGE_CURVE('',#849,#847,#20604,.F.);
#20602=EDGE_CURVE('',#847,#857,#20605,.T.);
#20603=EDGE_CURVE('',#857,#849,#20606,.T.);
#20604=LINE('',#848,#20607);
#20605=LINE('',#846,#20608);
#20606=LINE('',#856,#20609);
#20607=VECTOR('',#20610,1.0);
#20608=VECTOR('',#20611,1.0);
#20609=VECTOR('',#20612,1.0);
#20610=DIRECTION('',(0,0,-1));
#20611=DIRECTION('',(0.8090247657359487,-0.5877745557829918,0));
#20612=DIRECTION('',(-0.08965433440320579,0.06513587569835072,0.9938407407727494));
#20613=FACE_SURFACE('',(#20618),#20614,.T.);
#20614=PLANE('',#20615);
#20615=AXIS2_PLACEMENT_3D('',#848,#20616,#20617);
#20616=DIRECTION('',(-0.5877745557829918,-0.8090247657359488,0));
#20617=DIRECTION('',(0.08965433440320579,-0.06513587569835072,-0.9938407407727494));
#20618=FACE_BOUND('',#20619,.T.);
#20619=EDGE_LOOP('',(#20620,#20621,#20622));
#20620=ORIENTED_EDGE('',*,*,#20623,.T.);
#20621=ORIENTED_EDGE('',*,*,#20624,.T.);
#20622=ORIENTED_EDGE('',*,*,#20625,.T.);
#20623=EDGE_CURVE('',#849,#857,#20626,.F.);
#20624=EDGE_CURVE('',#857,#855,#20627,.T.);
#20625=EDGE_CURVE('',#855,#849,#20628,.T.);
#20626=LINE('',#848,#20629);
#20627=LINE('',#856,#20630);
#20628=LINE('',#854,#20631);
#20629=VECTOR('',#20632,1.0);
#20630=VECTOR('',#20633,1.0);
#20631=VECTOR('',#20634,1.0);
#20632=DIRECTION('',(0.08965433440320579,-0.06513587569835072,-0.9938407407727494));
#20633=DIRECTION('',(0,0,1));
#20634=DIRECTION('',(-0.8090247657359487,0.5877745557829918,0));
#20635=FACE_SURFACE('',(#20640),#20636,.T.);
#20636=PLANE('',#20637);
#20637=AXIS2_PLACEMENT_3D('',#850,#20638,#20639);
#20638=DIRECTION('',(0.9762968991492663,-0.2164355902145651,0));
#20639=DIRECTION('',(0,0,1));
#20640=FACE_BOUND('',#20641,.T.);
#20641=EDGE_LOOP('',(#20642,#20643,#20644));
#20642=ORIENTED_EDGE('',*,*,#20645,.T.);
#20643=ORIENTED_EDGE('',*,*,#20646,.T.);
#20644=ORIENTED_EDGE('',*,*,#20647,.T.);
#20645=EDGE_CURVE('',#851,#853,#20648,.F.);
#20646=EDGE_CURVE('',#853,#867,#20649,.T.);
#20647=EDGE_CURVE('',#867,#851,#20650,.T.);
#20648=LINE('',#850,#20651);
#20649=LINE('',#852,#20652);
#20650=LINE('',#866,#20653);
#20651=VECTOR('',#20654,1.0);
#20652=VECTOR('',#20655,1.0);
#20653=VECTOR('',#20656,1.0);
#20654=DIRECTION('',(0,0,1));
#20655=DIRECTION('',(-0.06043593610928867,-0.2726142080523273,-0.9602234069187214));
#20656=DIRECTION('',(0.21643559021456513,0.9762968991492664,0));
#20657=FACE_SURFACE('',(#20662),#20658,.T.);
#20658=PLANE('',#20659);
#20659=AXIS2_PLACEMENT_3D('',#866,#20660,#20661);
#20660=DIRECTION('',(0,0,-1));
#20661=DIRECTION('',(-0.9794375280533364,0.2017476855896238,0));
#20662=FACE_BOUND('',#20663,.T.);
#20663=EDGE_LOOP('',(#20664,#20665,#20666));
#20664=ORIENTED_EDGE('',*,*,#20667,.T.);
#20665=ORIENTED_EDGE('',*,*,#20668,.T.);
#20666=ORIENTED_EDGE('',*,*,#20669,.T.);
#20667=EDGE_CURVE('',#867,#947,#20670,.F.);
#20668=EDGE_CURVE('',#947,#851,#20671,.T.);
#20669=EDGE_CURVE('',#851,#867,#20672,.T.);
#20670=LINE('',#866,#20673);
#20671=LINE('',#946,#20674);
#20672=LINE('',#850,#20675);
#20673=VECTOR('',#20676,1.0);
#20674=VECTOR('',#20677,1.0);
#20675=VECTOR('',#20678,1.0);
#20676=DIRECTION('',(-0.9794375280533364,0.2017476855896238,0));
#20677=DIRECTION('',(0.9998309377566003,0.018387384391405272,0));
#20678=DIRECTION('',(-0.21643559021456513,-0.9762968991492664,0));
#20679=FACE_SURFACE('',(#20684),#20680,.T.);
#20680=PLANE('',#20681);
#20681=AXIS2_PLACEMENT_3D('',#850,#20682,#20683);
#20682=DIRECTION('',(-0,0,-1));
#20683=DIRECTION('',(-0.9998309377566003,-0.018387384391405272,0));
#20684=FACE_BOUND('',#20685,.T.);
#20685=EDGE_LOOP('',(#20686,#20687,#20688));
#20686=ORIENTED_EDGE('',*,*,#20689,.T.);
#20687=ORIENTED_EDGE('',*,*,#20690,.T.);
#20688=ORIENTED_EDGE('',*,*,#20691,.T.);
#20689=EDGE_CURVE('',#851,#947,#20692,.F.);
#20690=EDGE_CURVE('',#947,#949,#20693,.T.);
#20691=EDGE_CURVE('',#949,#851,#20694,.T.);
#20692=LINE('',#850,#20695);
#20693=LINE('',#946,#20696);
#20694=LINE('',#948,#20697);
#20695=VECTOR('',#20698,1.0);
#20696=VECTOR('',#20699,1.0);
#20697=VECTOR('',#20700,1.0);
#20698=DIRECTION('',(-0.9998309377566003,-0.018387384391405272,0));
#20699=DIRECTION('',(-0.30903655969634947,0.951050158914368,0));
#20700=DIRECTION('',(0.9981937672477191,-0.06007664294720654,0));
#20701=FACE_SURFACE('',(#20706),#20702,.T.);
#20702=PLANE('',#20703);
#20703=AXIS2_PLACEMENT_3D('',#850,#20704,#20705);
#20704=DIRECTION('',(0,0,-1));
#20705=DIRECTION('',(-0.9921387434027912,0.12514277381906766,0));
#20706=FACE_BOUND('',#20707,.T.);
#20707=EDGE_LOOP('',(#20708,#20709,#20710));
#20708=ORIENTED_EDGE('',*,*,#20711,.T.);
#20709=ORIENTED_EDGE('',*,*,#20712,.T.);
#20710=ORIENTED_EDGE('',*,*,#20713,.T.);
#20711=EDGE_CURVE('',#851,#951,#20714,.F.);
#20712=EDGE_CURVE('',#951,#857,#20715,.T.);
#20713=EDGE_CURVE('',#857,#851,#20716,.T.);
#20714=LINE('',#850,#20717);
#20715=LINE('',#950,#20718);
#20716=LINE('',#856,#20719);
#20717=VECTOR('',#20720,1.0);
#20718=VECTOR('',#20721,1.0);
#20719=VECTOR('',#20722,1.0);
#20720=DIRECTION('',(-0.9921387434027912,0.12514277381906766,0));
#20721=DIRECTION('',(-0.6691300591286174,0.7431453182053512,0));
#20722=DIRECTION('',(0.984947685486997,-0.17285270276685824,0));
#20723=FACE_SURFACE('',(#20728),#20724,.T.);
#20724=PLANE('',#20725);
#20725=AXIS2_PLACEMENT_3D('',#948,#20726,#20727);
#20726=DIRECTION('',(0,0,-1));
#20727=DIRECTION('',(-0.4999699128736303,0.866042773898111,0));
#20728=FACE_BOUND('',#20729,.T.);
#20729=EDGE_LOOP('',(#20730,#20731,#20732));
#20730=ORIENTED_EDGE('',*,*,#20733,.T.);
#20731=ORIENTED_EDGE('',*,*,#20734,.T.);
#20732=ORIENTED_EDGE('',*,*,#20735,.T.);
#20733=EDGE_CURVE('',#949,#951,#20736,.F.);
#20734=EDGE_CURVE('',#951,#851,#20737,.T.);
#20735=EDGE_CURVE('',#851,#949,#20738,.T.);
#20736=LINE('',#948,#20739);
#20737=LINE('',#950,#20740);
#20738=LINE('',#850,#20741);
#20739=VECTOR('',#20742,1.0);
#20740=VECTOR('',#20743,1.0);
#20741=VECTOR('',#20744,1.0);
#20742=DIRECTION('',(-0.4999699128736303,0.866042773898111,0));
#20743=DIRECTION('',(0.9921387434027912,-0.12514277381906766,0));
#20744=DIRECTION('',(-0.9981937672477191,0.06007664294720654,0));
#20745=FACE_SURFACE('',(#20750),#20746,.T.);
#20746=PLANE('',#20747);
#20747=AXIS2_PLACEMENT_3D('',#952,#20748,#20749);
#20748=DIRECTION('',(0,0,1));
#20749=DIRECTION('',(0.30903655969634947,-0.951050158914368,0));
#20750=FACE_BOUND('',#20751,.T.);
#20751=EDGE_LOOP('',(#20752,#20753,#20754));
#20752=ORIENTED_EDGE('',*,*,#20755,.T.);
#20753=ORIENTED_EDGE('',*,*,#20756,.T.);
#20754=ORIENTED_EDGE('',*,*,#20757,.T.);
#20755=EDGE_CURVE('',#953,#915,#20758,.F.);
#20756=EDGE_CURVE('',#915,#853,#20759,.T.);
#20757=EDGE_CURVE('',#853,#953,#20760,.T.);
#20758=LINE('',#952,#20761);
#20759=LINE('',#914,#20762);
#20760=LINE('',#852,#20763);
#20761=VECTOR('',#20764,1.0);
#20762=VECTOR('',#20765,1.0);
#20763=VECTOR('',#20766,1.0);
#20764=DIRECTION('',(0.30903655969634947,-0.951050158914368,0));
#20765=DIRECTION('',(0.9998309377566003,0.018387384391405272,0));
#20766=DIRECTION('',(-0.9981937672477191,0.06007664294720654,0));
#20767=FACE_SURFACE('',(#20772),#20768,.T.);
#20768=PLANE('',#20769);
#20769=AXIS2_PLACEMENT_3D('',#852,#20770,#20771);
#20770=DIRECTION('',(0,0,1));
#20771=DIRECTION('',(-0.984947685486997,0.17285270276685824,0));
#20772=FACE_BOUND('',#20773,.T.);
#20773=EDGE_LOOP('',(#20774,#20775,#20776));
#20774=ORIENTED_EDGE('',*,*,#20777,.T.);
#20775=ORIENTED_EDGE('',*,*,#20778,.T.);
#20776=ORIENTED_EDGE('',*,*,#20779,.T.);
#20777=EDGE_CURVE('',#853,#855,#20780,.F.);
#20778=EDGE_CURVE('',#855,#955,#20781,.T.);
#20779=EDGE_CURVE('',#955,#853,#20782,.T.);
#20780=LINE('',#852,#20783);
#20781=LINE('',#854,#20784);
#20782=LINE('',#954,#20785);
#20783=VECTOR('',#20786,1.0);
#20784=VECTOR('',#20787,1.0);
#20785=VECTOR('',#20788,1.0);
#20786=DIRECTION('',(-0.984947685486997,0.17285270276685824,0));
#20787=DIRECTION('',(0.6691300591286174,-0.7431453182053512,0));
#20788=DIRECTION('',(0.9921387434027912,-0.12514277381906766,0));
#20789=FACE_SURFACE('',(#20794),#20790,.T.);
#20790=PLANE('',#20791);
#20791=AXIS2_PLACEMENT_3D('',#852,#20792,#20793);
#20792=DIRECTION('',(0,0,1));
#20793=DIRECTION('',(-0.9921387434027912,0.12514277381906766,0));
#20794=FACE_BOUND('',#20795,.T.);
#20795=EDGE_LOOP('',(#20796,#20797,#20798));
#20796=ORIENTED_EDGE('',*,*,#20799,.T.);
#20797=ORIENTED_EDGE('',*,*,#20800,.T.);
#20798=ORIENTED_EDGE('',*,*,#20801,.T.);
#20799=EDGE_CURVE('',#853,#955,#20802,.F.);
#20800=EDGE_CURVE('',#955,#953,#20803,.T.);
#20801=EDGE_CURVE('',#953,#853,#20804,.T.);
#20802=LINE('',#852,#20805);
#20803=LINE('',#954,#20806);
#20804=LINE('',#952,#20807);
#20805=VECTOR('',#20808,1.0);
#20806=VECTOR('',#20809,1.0);
#20807=VECTOR('',#20810,1.0);
#20808=DIRECTION('',(-0.9921387434027912,0.12514277381906766,0));
#20809=DIRECTION('',(0.4999699128736303,-0.866042773898111,0));
#20810=DIRECTION('',(0.9981937672477191,-0.06007664294720654,0));
#20811=FACE_SURFACE('',(#20816),#20812,.T.);
#20812=PLANE('',#20813);
#20813=AXIS2_PLACEMENT_3D('',#854,#20814,#20815);
#20814=DIRECTION('',(-0.7431453182053512,-0.6691300591286176,-0));
#20815=DIRECTION('',(0,0,-1));
#20816=FACE_BOUND('',#20817,.T.);
#20817=EDGE_LOOP('',(#20818,#20819,#20820));
#20818=ORIENTED_EDGE('',*,*,#20821,.T.);
#20819=ORIENTED_EDGE('',*,*,#20822,.T.);
#20820=ORIENTED_EDGE('',*,*,#20823,.T.);
#20821=EDGE_CURVE('',#855,#857,#20824,.F.);
#20822=EDGE_CURVE('',#857,#951,#20825,.T.);
#20823=EDGE_CURVE('',#951,#855,#20826,.T.);
#20824=LINE('',#854,#20827);
#20825=LINE('',#856,#20828);
#20826=LINE('',#950,#20829);
#20827=VECTOR('',#20830,1.0);
#20828=VECTOR('',#20831,1.0);
#20829=VECTOR('',#20832,1.0);
#20830=DIRECTION('',(0,0,-1));
#20831=DIRECTION('',(0.6691300591286174,-0.7431453182053512,0));
#20832=DIRECTION('',(-0.0741418685054273,0.08234300897281066,0.9938423477633802));
#20833=FACE_SURFACE('',(#20838),#20834,.T.);
#20834=PLANE('',#20835);
#20835=AXIS2_PLACEMENT_3D('',#854,#20836,#20837);
#20836=DIRECTION('',(-0.7431453182053512,-0.6691300591286176,0));
#20837=DIRECTION('',(0.0741418685054273,-0.08234300897281066,-0.9938423477633802));
#20838=FACE_BOUND('',#20839,.T.);
#20839=EDGE_LOOP('',(#20840,#20841,#20842));
#20840=ORIENTED_EDGE('',*,*,#20843,.T.);
#20841=ORIENTED_EDGE('',*,*,#20844,.T.);
#20842=ORIENTED_EDGE('',*,*,#20845,.T.);
#20843=EDGE_CURVE('',#855,#951,#20846,.F.);
#20844=EDGE_CURVE('',#951,#955,#20847,.T.);
#20845=EDGE_CURVE('',#955,#855,#20848,.T.);
#20846=LINE('',#854,#20849);
#20847=LINE('',#950,#20850);
#20848=LINE('',#954,#20851);
#20849=VECTOR('',#20852,1.0);
#20850=VECTOR('',#20853,1.0);
#20851=VECTOR('',#20854,1.0);
#20852=DIRECTION('',(0.0741418685054273,-0.08234300897281066,-0.9938423477633802));
#20853=DIRECTION('',(0,0,1));
#20854=DIRECTION('',(-0.6691300591286174,0.7431453182053512,0));
#20855=FACE_SURFACE('',(#20860),#20856,.T.);
#20856=PLANE('',#20857);
#20857=AXIS2_PLACEMENT_3D('',#858,#20858,#20859);
#20858=DIRECTION('',(0.9135645723309492,0.4066937080675947,0));
#20859=DIRECTION('',(0.045065798669171604,-0.10123224498253525,0.9938415901772805));
#20860=FACE_BOUND('',#20861,.T.);
#20861=EDGE_LOOP('',(#20862,#20863,#20864));
#20862=ORIENTED_EDGE('',*,*,#20865,.T.);
#20863=ORIENTED_EDGE('',*,*,#20866,.T.);
#20864=ORIENTED_EDGE('',*,*,#20867,.T.);
#20865=EDGE_CURVE('',#859,#889,#20868,.F.);
#20866=EDGE_CURVE('',#889,#957,#20869,.T.);
#20867=EDGE_CURVE('',#957,#859,#20870,.T.);
#20868=LINE('',#858,#20871);
#20869=LINE('',#888,#20872);
#20870=LINE('',#956,#20873);
#20871=VECTOR('',#20874,1.0);
#20872=VECTOR('',#20875,1.0);
#20873=VECTOR('',#20876,1.0);
#20874=DIRECTION('',(0.045065798669171604,-0.10123224498253525,0.9938415901772805));
#20875=DIRECTION('',(0,0,-1));
#20876=DIRECTION('',(-0.40669370806759464,0.9135645723309491,0));
#20877=FACE_SURFACE('',(#20882),#20878,.T.);
#20878=PLANE('',#20879);
#20879=AXIS2_PLACEMENT_3D('',#956,#20880,#20881);
#20880=DIRECTION('',(0,0,-1));
#20881=DIRECTION('',(-0.9998958111364034,0.014434918492112127,0));
#20882=FACE_BOUND('',#20883,.T.);
#20883=EDGE_LOOP('',(#20884,#20885,#20886));
#20884=ORIENTED_EDGE('',*,*,#20887,.T.);
#20885=ORIENTED_EDGE('',*,*,#20888,.T.);
#20886=ORIENTED_EDGE('',*,*,#20889,.T.);
#20887=EDGE_CURVE('',#957,#893,#20890,.F.);
#20888=EDGE_CURVE('',#893,#859,#20891,.T.);
#20889=EDGE_CURVE('',#859,#957,#20892,.T.);
#20890=LINE('',#956,#20893);
#20891=LINE('',#892,#20894);
#20892=LINE('',#858,#20895);
#20893=VECTOR('',#20896,1.0);
#20894=VECTOR('',#20897,1.0);
#20895=VECTOR('',#20898,1.0);
#20896=DIRECTION('',(-0.9998958111364034,0.014434918492112127,0));
#20897=DIRECTION('',(0.999999999945344,1.0455232436671026E-05,0));
#20898=DIRECTION('',(0.40669370806759464,-0.9135645723309491,0));
#20899=FACE_SURFACE('',(#20904),#20900,.T.);
#20900=PLANE('',#20901);
#20901=AXIS2_PLACEMENT_3D('',#958,#20902,#20903);
#20902=DIRECTION('',(-0.7456192753379437,-0.6663721904795544,0));
#20903=DIRECTION('',(0,0,1));
#20904=FACE_BOUND('',#20905,.T.);
#20905=EDGE_LOOP('',(#20906,#20907,#20908));
#20906=ORIENTED_EDGE('',*,*,#20909,.T.);
#20907=ORIENTED_EDGE('',*,*,#20910,.T.);
#20908=ORIENTED_EDGE('',*,*,#20911,.T.);
#20909=EDGE_CURVE('',#959,#895,#20912,.F.);
#20910=EDGE_CURVE('',#895,#861,#20913,.T.);
#20911=EDGE_CURVE('',#861,#959,#20914,.T.);
#20912=LINE('',#958,#20915);
#20913=LINE('',#894,#20916);
#20914=LINE('',#860,#20917);
#20915=VECTOR('',#20918,1.0);
#20916=VECTOR('',#20919,1.0);
#20917=VECTOR('',#20920,1.0);
#20918=DIRECTION('',(0,0,1));
#20919=DIRECTION('',(-0.12242440721124005,0.13698350425282768,-0.9829790354232343));
#20920=DIRECTION('',(0.6663721904795545,-0.7456192753379438,0));
#20921=FACE_SURFACE('',(#20926),#20922,.T.);
#20922=PLANE('',#20923);
#20923=AXIS2_PLACEMENT_3D('',#860,#20924,#20925);
#20924=DIRECTION('',(0,0,-1));
#20925=DIRECTION('',(0.9990078400967286,-0.044534654206235855,0));
#20926=FACE_BOUND('',#20927,.T.);
#20927=EDGE_LOOP('',(#20928,#20929,#20930));
#20928=ORIENTED_EDGE('',*,*,#20931,.T.);
#20929=ORIENTED_EDGE('',*,*,#20932,.T.);
#20930=ORIENTED_EDGE('',*,*,#20933,.T.);
#20931=EDGE_CURVE('',#861,#961,#20934,.F.);
#20932=EDGE_CURVE('',#961,#959,#20935,.T.);
#20933=EDGE_CURVE('',#959,#861,#20936,.T.);
#20934=LINE('',#860,#20937);
#20935=LINE('',#960,#20938);
#20936=LINE('',#958,#20939);
#20937=VECTOR('',#20940,1.0);
#20938=VECTOR('',#20941,1.0);
#20939=VECTOR('',#20942,1.0);
#20940=DIRECTION('',(0.9990078400967286,-0.044534654206235855,0));
#20941=DIRECTION('',(-0.9997685882241298,-0.021512089631886888,0));
#20942=DIRECTION('',(-0.6663721904795545,0.7456192753379438,0));
#20943=FACE_SURFACE('',(#20948),#20944,.T.);
#20944=PLANE('',#20945);
#20945=AXIS2_PLACEMENT_3D('',#862,#20946,#20947);
#20946=DIRECTION('',(0,-0,-1));
#20947=DIRECTION('',(0.11200695884087862,-0.993707422318671,0));
#20948=FACE_BOUND('',#20949,.T.);
#20949=EDGE_LOOP('',(#20950,#20951,#20952));
#20950=ORIENTED_EDGE('',*,*,#20953,.T.);
#20951=ORIENTED_EDGE('',*,*,#20954,.T.);
#20952=ORIENTED_EDGE('',*,*,#20955,.T.);
#20953=EDGE_CURVE('',#863,#961,#20956,.F.);
#20954=EDGE_CURVE('',#961,#861,#20957,.T.);
#20955=EDGE_CURVE('',#861,#863,#20958,.T.);
#20956=LINE('',#862,#20959);
#20957=LINE('',#960,#20960);
#20958=LINE('',#860,#20961);
#20959=VECTOR('',#20962,1.0);
#20960=VECTOR('',#20963,1.0);
#20961=VECTOR('',#20964,1.0);
#20962=DIRECTION('',(0.11200695884087862,-0.993707422318671,0));
#20963=DIRECTION('',(-0.9990078400967286,0.044534654206235855,0));
#20964=DIRECTION('',(0.9999738098092152,0.007237381822410983,0));
#20965=FACE_SURFACE('',(#20970),#20966,.T.);
#20966=PLANE('',#20967);
#20967=AXIS2_PLACEMENT_3D('',#896,#20968,#20969);
#20968=DIRECTION('',(0.993707422318671,0.11200695884087862,0));
#20969=DIRECTION('',(0,0,-1));
#20970=FACE_BOUND('',#20971,.T.);
#20971=EDGE_LOOP('',(#20972,#20973,#20974));
#20972=ORIENTED_EDGE('',*,*,#20975,.T.);
#20973=ORIENTED_EDGE('',*,*,#20976,.T.);
#20974=ORIENTED_EDGE('',*,*,#20977,.T.);
#20975=EDGE_CURVE('',#897,#961,#20978,.F.);
#20976=EDGE_CURVE('',#961,#863,#20979,.T.);
#20977=EDGE_CURVE('',#863,#897,#20980,.T.);
#20978=LINE('',#896,#20981);
#20979=LINE('',#960,#20982);
#20980=LINE('',#862,#20983);
#20981=VECTOR('',#20984,1.0);
#20982=VECTOR('',#20985,1.0);
#20983=VECTOR('',#20986,1.0);
#20984=DIRECTION('',(0,0,-1));
#20985=DIRECTION('',(-0.11200695884087862,0.993707422318671,0));
#20986=DIRECTION('',(0.012462817554069618,-0.11056807929296741,0.9937904095029686));
#20987=FACE_SURFACE('',(#20992),#20988,.T.);
#20988=PLANE('',#20989);
#20989=AXIS2_PLACEMENT_3D('',#868,#20990,#20991);
#20990=DIRECTION('',(0,0,-1));
#20991=DIRECTION('',(0.1045935975061638,0.9945150473274493,0));
#20992=FACE_BOUND('',#20993,.T.);
#20993=EDGE_LOOP('',(#20994,#20995,#20996));
#20994=ORIENTED_EDGE('',*,*,#20997,.T.);
#20995=ORIENTED_EDGE('',*,*,#20998,.T.);
#20996=ORIENTED_EDGE('',*,*,#20999,.T.);
#20997=EDGE_CURVE('',#869,#963,#21000,.F.);
#20998=EDGE_CURVE('',#963,#867,#21001,.T.);
#20999=EDGE_CURVE('',#867,#869,#21002,.T.);
#21000=LINE('',#868,#21003);
#21001=LINE('',#962,#21004);
#21002=LINE('',#866,#21005);
#21003=VECTOR('',#21006,1.0);
#21004=VECTOR('',#21007,1.0);
#21005=VECTOR('',#21008,1.0);
#21006=DIRECTION('',(0.1045935975061638,0.9945150473274493,0));
#21007=DIRECTION('',(0.992983280589472,-0.1182548285262386,0));
#21008=DIRECTION('',(-0.9995504002544867,0.029983284528137494,0));
#21009=FACE_SURFACE('',(#21014),#21010,.T.);
#21010=PLANE('',#21011);
#21011=AXIS2_PLACEMENT_3D('',#866,#21012,#21013);
#21012=DIRECTION('',(0,0,-1));
#21013=DIRECTION('',(-0.992983280589472,0.1182548285262386,0));
#21014=FACE_BOUND('',#21015,.T.);
#21015=EDGE_LOOP('',(#21016,#21017,#21018));
#21016=ORIENTED_EDGE('',*,*,#21019,.T.);
#21017=ORIENTED_EDGE('',*,*,#21020,.T.);
#21018=ORIENTED_EDGE('',*,*,#21021,.T.);
#21019=EDGE_CURVE('',#867,#963,#21022,.F.);
#21020=EDGE_CURVE('',#963,#947,#21023,.T.);
#21021=EDGE_CURVE('',#947,#867,#21024,.T.);
#21022=LINE('',#866,#21025);
#21023=LINE('',#962,#21026);
#21024=LINE('',#946,#21027);
#21025=VECTOR('',#21028,1.0);
#21026=VECTOR('',#21029,1.0);
#21027=VECTOR('',#21030,1.0);
#21028=DIRECTION('',(-0.992983280589472,0.1182548285262386,0));
#21029=DIRECTION('',(-0.10458980147561188,0.9945154465503752,0));
#21030=DIRECTION('',(0.9794375280533364,-0.2017476855896238,0));
#21031=FACE_SURFACE('',(#21036),#21032,.T.);
#21032=PLANE('',#21033);
#21033=AXIS2_PLACEMENT_3D('',#868,#21034,#21035);
#21034=DIRECTION('',(-0.9945150473274492,0.10459359750616379,0));
#21035=DIRECTION('',(0.01158996665033606,0.11020173802802091,0.9938416622423552));
#21036=FACE_BOUND('',#21037,.T.);
#21037=EDGE_LOOP('',(#21038,#21039,#21040));
#21038=ORIENTED_EDGE('',*,*,#21041,.T.);
#21039=ORIENTED_EDGE('',*,*,#21042,.T.);
#21040=ORIENTED_EDGE('',*,*,#21043,.T.);
#21041=EDGE_CURVE('',#869,#917,#21044,.F.);
#21042=EDGE_CURVE('',#917,#963,#21045,.T.);
#21043=EDGE_CURVE('',#963,#869,#21046,.T.);
#21044=LINE('',#868,#21047);
#21045=LINE('',#916,#21048);
#21046=LINE('',#962,#21049);
#21047=VECTOR('',#21050,1.0);
#21048=VECTOR('',#21051,1.0);
#21049=VECTOR('',#21052,1.0);
#21050=DIRECTION('',(0.01158996665033606,0.11020173802802091,0.9938416622423552));
#21051=DIRECTION('',(0,0,-1));
#21052=DIRECTION('',(-0.1045935975061638,-0.9945150473274493,0));
#21053=FACE_SURFACE('',(#21058),#21054,.T.);
#21054=PLANE('',#21055);
#21055=AXIS2_PLACEMENT_3D('',#874,#21056,#21057);
#21056=DIRECTION('',(-0.9937155097437798,0.11193518523976308,0));
#21057=DIRECTION('',(0.012454731321954049,0.11056809043382777,0.9937905096374763));
#21058=FACE_BOUND('',#21059,.T.);
#21059=EDGE_LOOP('',(#21060,#21061,#21062));
#21060=ORIENTED_EDGE('',*,*,#21063,.T.);
#21061=ORIENTED_EDGE('',*,*,#21064,.T.);
#21062=ORIENTED_EDGE('',*,*,#21065,.T.);
#21063=EDGE_CURVE('',#875,#919,#21066,.F.);
#21064=EDGE_CURVE('',#919,#965,#21067,.T.);
#21065=EDGE_CURVE('',#965,#875,#21068,.T.);
#21066=LINE('',#874,#21069);
#21067=LINE('',#918,#21070);
#21068=LINE('',#964,#21071);
#21069=VECTOR('',#21072,1.0);
#21070=VECTOR('',#21073,1.0);
#21071=VECTOR('',#21074,1.0);
#21072=DIRECTION('',(0.012454731321954049,0.11056809043382777,0.9937905096374763));
#21073=DIRECTION('',(0,0,-1));
#21074=DIRECTION('',(-0.11193518523976306,-0.9937155097437796,0));
#21075=FACE_SURFACE('',(#21080),#21076,.T.);
#21076=PLANE('',#21077);
#21077=AXIS2_PLACEMENT_3D('',#922,#21078,#21079);
#21078=DIRECTION('',(-0,0,-1));
#21079=DIRECTION('',(-0.9999907972872504,-0.00429014461405282,0));
#21080=FACE_BOUND('',#21081,.T.);
#21081=EDGE_LOOP('',(#21082,#21083,#21084));
#21082=ORIENTED_EDGE('',*,*,#21085,.T.);
#21083=ORIENTED_EDGE('',*,*,#21086,.T.);
#21084=ORIENTED_EDGE('',*,*,#21087,.T.);
#21085=EDGE_CURVE('',#923,#875,#21088,.F.);
#21086=EDGE_CURVE('',#875,#965,#21089,.T.);
#21087=EDGE_CURVE('',#965,#923,#21090,.T.);
#21088=LINE('',#922,#21091);
#21089=LINE('',#874,#21092);
#21090=LINE('',#964,#21093);
#21091=VECTOR('',#21094,1.0);
#21092=VECTOR('',#21095,1.0);
#21093=VECTOR('',#21096,1.0);
#21094=DIRECTION('',(-0.9999907972872504,-0.00429014461405282,0));
#21095=DIRECTION('',(0.11193518523976306,0.9937155097437796,0));
#21096=DIRECTION('',(0.9999354309662758,-0.011363709706272046,0));
#21097=FACE_SURFACE('',(#21102),#21098,.T.);
#21098=PLANE('',#21099);
#21099=AXIS2_PLACEMENT_3D('',#876,#21100,#21101);
#21100=DIRECTION('',(0,0,-1));
#21101=DIRECTION('',(-0.9999812620787231,0.006121722914683508,0));
#21102=FACE_BOUND('',#21103,.T.);
#21103=EDGE_LOOP('',(#21104,#21105,#21106));
#21104=ORIENTED_EDGE('',*,*,#21107,.T.);
#21105=ORIENTED_EDGE('',*,*,#21108,.T.);
#21106=ORIENTED_EDGE('',*,*,#21109,.T.);
#21107=EDGE_CURVE('',#877,#875,#21110,.F.);
#21108=EDGE_CURVE('',#875,#923,#21111,.T.);
#21109=EDGE_CURVE('',#923,#877,#21112,.T.);
#21110=LINE('',#876,#21113);
#21111=LINE('',#874,#21114);
#21112=LINE('',#922,#21115);
#21113=VECTOR('',#21116,1.0);
#21114=VECTOR('',#21117,1.0);
#21115=VECTOR('',#21118,1.0);
#21116=DIRECTION('',(-0.9999812620787231,0.006121722914683508,0));
#21117=DIRECTION('',(0.9999907972872504,0.00429014461405282,0));
#21118=DIRECTION('',(0.7431779972274476,-0.6690937635615805,0));
#21119=FACE_SURFACE('',(#21124),#21120,.T.);
#21120=PLANE('',#21121);
#21121=AXIS2_PLACEMENT_3D('',#878,#21122,#21123);
#21122=DIRECTION('',(0.5320554310803605,-0.8467095241332129,0));
#21123=DIRECTION('',(-0.09421114594048013,-0.05920041104681213,0.993790506753043));
#21124=FACE_BOUND('',#21125,.T.);
#21125=EDGE_LOOP('',(#21126,#21127,#21128));
#21126=ORIENTED_EDGE('',*,*,#21129,.T.);
#21127=ORIENTED_EDGE('',*,*,#21130,.T.);
#21128=ORIENTED_EDGE('',*,*,#21131,.T.);
#21129=EDGE_CURVE('',#879,#933,#21132,.F.);
#21130=EDGE_CURVE('',#933,#967,#21133,.T.);
#21131=EDGE_CURVE('',#967,#879,#21134,.T.);
#21132=LINE('',#878,#21135);
#21133=LINE('',#932,#21136);
#21134=LINE('',#966,#21137);
#21135=VECTOR('',#21138,1.0);
#21136=VECTOR('',#21139,1.0);
#21137=VECTOR('',#21140,1.0);
#21138=DIRECTION('',(-0.09421114594048013,-0.05920041104681213,0.993790506753043));
#21139=DIRECTION('',(0,0,-1));
#21140=DIRECTION('',(0.8467095241332129,0.5320554310803604,0));
#21141=FACE_SURFACE('',(#21146),#21142,.T.);
#21142=PLANE('',#21143);
#21143=AXIS2_PLACEMENT_3D('',#880,#21144,#21145);
#21144=DIRECTION('',(0,0,-1));
#21145=DIRECTION('',(0.9918027732015526,0.12777816350891003,0));
#21146=FACE_BOUND('',#21147,.T.);
#21147=EDGE_LOOP('',(#21148,#21149,#21150));
#21148=ORIENTED_EDGE('',*,*,#21151,.T.);
#21149=ORIENTED_EDGE('',*,*,#21152,.T.);
#21150=ORIENTED_EDGE('',*,*,#21153,.T.);
#21151=EDGE_CURVE('',#881,#879,#21154,.F.);
#21152=EDGE_CURVE('',#879,#967,#21155,.T.);
#21153=EDGE_CURVE('',#967,#881,#21156,.T.);
#21154=LINE('',#880,#21157);
#21155=LINE('',#878,#21158);
#21156=LINE('',#966,#21159);
#21157=VECTOR('',#21160,1.0);
#21158=VECTOR('',#21161,1.0);
#21159=VECTOR('',#21162,1.0);
#21160=DIRECTION('',(0.9918027732015526,0.12777816350891003,0));
#21161=DIRECTION('',(-0.8467095241332129,-0.5320554310803604,0));
#21162=DIRECTION('',(-0.9942915954847611,-0.10669687506374502,0));
#21163=FACE_SURFACE('',(#21168),#21164,.T.);
#21164=PLANE('',#21165);
#21165=AXIS2_PLACEMENT_3D('',#898,#21166,#21167);
#21166=DIRECTION('',(-0.745628942635049,0.6663613733590347,0));
#21167=DIRECTION('',(0,0,1));
#21168=FACE_BOUND('',#21169,.T.);
#21169=EDGE_LOOP('',(#21170,#21171,#21172));
#21170=ORIENTED_EDGE('',*,*,#21173,.T.);
#21171=ORIENTED_EDGE('',*,*,#21174,.T.);
#21172=ORIENTED_EDGE('',*,*,#21175,.T.);
#21173=EDGE_CURVE('',#899,#903,#21176,.F.);
#21174=EDGE_CURVE('',#903,#881,#21177,.T.);
#21175=EDGE_CURVE('',#881,#899,#21178,.T.);
#21176=LINE('',#898,#21179);
#21177=LINE('',#902,#21180);
#21178=LINE('',#880,#21181);
#21179=VECTOR('',#21182,1.0);
#21180=VECTOR('',#21183,1.0);
#21181=VECTOR('',#21184,1.0);
#21182=DIRECTION('',(0,0,1));
#21183=DIRECTION('',(0.12242434013397877,0.1369874289482697,-0.982978496841565));
#21184=DIRECTION('',(-0.6663613733590348,-0.745628942635049,0));
#21185=FACE_SURFACE('',(#21190),#21186,.T.);
#21186=PLANE('',#21187);
#21187=AXIS2_PLACEMENT_3D('',#880,#21188,#21189);
#21188=DIRECTION('',(0,-0,-1));
#21189=DIRECTION('',(0.9970520295217327,-0.07672841994068404,0));
#21190=FACE_BOUND('',#21191,.T.);
#21191=EDGE_LOOP('',(#21192,#21193,#21194));
#21192=ORIENTED_EDGE('',*,*,#21195,.T.);
#21193=ORIENTED_EDGE('',*,*,#21196,.T.);
#21194=ORIENTED_EDGE('',*,*,#21197,.T.);
#21195=EDGE_CURVE('',#881,#969,#21198,.F.);
#21196=EDGE_CURVE('',#969,#899,#21199,.T.);
#21197=EDGE_CURVE('',#899,#881,#21200,.T.);
#21198=LINE('',#880,#21201);
#21199=LINE('',#968,#21202);
#21200=LINE('',#898,#21203);
#21201=VECTOR('',#21204,1.0);
#21202=VECTOR('',#21205,1.0);
#21203=VECTOR('',#21206,1.0);
#21204=DIRECTION('',(0.9970520295217327,-0.07672841994068404,0));
#21205=DIRECTION('',(-0.9999738098092152,0.007237381822410983,0));
#21206=DIRECTION('',(0.6663613733590348,0.745628942635049,0));
#21207=FACE_SURFACE('',(#21212),#21208,.T.);
#21208=PLANE('',#21209);
#21209=AXIS2_PLACEMENT_3D('',#880,#21210,#21211);
#21210=DIRECTION('',(0,0,-1));
#21211=DIRECTION('',(0.9997685882241298,-0.021512089631886888,0));
#21212=FACE_BOUND('',#21213,.T.);
#21213=EDGE_LOOP('',(#21214,#21215,#21216));
#21214=ORIENTED_EDGE('',*,*,#21217,.T.);
#21215=ORIENTED_EDGE('',*,*,#21218,.T.);
#21216=ORIENTED_EDGE('',*,*,#21219,.T.);
#21217=EDGE_CURVE('',#881,#971,#21220,.F.);
#21218=EDGE_CURVE('',#971,#969,#21221,.T.);
#21219=EDGE_CURVE('',#969,#881,#21222,.T.);
#21220=LINE('',#880,#21223);
#21221=LINE('',#970,#21224);
#21222=LINE('',#968,#21225);
#21223=VECTOR('',#21226,1.0);
#21224=VECTOR('',#21227,1.0);
#21225=VECTOR('',#21228,1.0);
#21226=DIRECTION('',(0.9997685882241298,-0.021512089631886888,0));
#21227=DIRECTION('',(-0.11200291401038326,-0.993707878228397,0));
#21228=DIRECTION('',(-0.9970520295217327,0.07672841994068404,0));
#21229=FACE_SURFACE('',(#21234),#21230,.T.);
#21230=PLANE('',#21231);
#21231=AXIS2_PLACEMENT_3D('',#880,#21232,#21233);
#21232=DIRECTION('',(0,0,-1));
#21233=DIRECTION('',(0.999546243433125,0.03012154110811647,0));
#21234=FACE_BOUND('',#21235,.T.);
#21235=EDGE_LOOP('',(#21236,#21237,#21238));
#21236=ORIENTED_EDGE('',*,*,#21239,.T.);
#21237=ORIENTED_EDGE('',*,*,#21240,.T.);
#21238=ORIENTED_EDGE('',*,*,#21241,.T.);
#21239=EDGE_CURVE('',#881,#973,#21242,.F.);
#21240=EDGE_CURVE('',#973,#971,#21243,.T.);
#21241=EDGE_CURVE('',#971,#881,#21244,.T.);
#21242=LINE('',#880,#21245);
#21243=LINE('',#972,#21246);
#21244=LINE('',#970,#21247);
#21245=VECTOR('',#21248,1.0);
#21246=VECTOR('',#21249,1.0);
#21247=VECTOR('',#21250,1.0);
#21248=DIRECTION('',(0.999546243433125,0.03012154110811647,0));
#21249=DIRECTION('',(-0.3302848608994912,-0.9438813011499929,0));
#21250=DIRECTION('',(-0.9997685882241298,0.021512089631886888,0));
#21251=FACE_SURFACE('',(#21256),#21252,.T.);
#21252=PLANE('',#21253);
#21253=AXIS2_PLACEMENT_3D('',#880,#21254,#21255);
#21254=DIRECTION('',(0,0,-1));
#21255=DIRECTION('',(0.9972740753023093,0.07378630448751287,0));
#21256=FACE_BOUND('',#21257,.T.);
#21257=EDGE_LOOP('',(#21258,#21259,#21260));
#21258=ORIENTED_EDGE('',*,*,#21261,.T.);
#21259=ORIENTED_EDGE('',*,*,#21262,.T.);
#21260=ORIENTED_EDGE('',*,*,#21263,.T.);
#21261=EDGE_CURVE('',#881,#975,#21264,.F.);
#21262=EDGE_CURVE('',#975,#973,#21265,.T.);
#21263=EDGE_CURVE('',#973,#881,#21266,.T.);
#21264=LINE('',#880,#21267);
#21265=LINE('',#974,#21268);
#21266=LINE('',#972,#21269);
#21267=VECTOR('',#21270,1.0);
#21268=VECTOR('',#21271,1.0);
#21269=VECTOR('',#21272,1.0);
#21270=DIRECTION('',(0.9972740753023093,0.07378630448751287,0));
#21271=DIRECTION('',(-0.5320390592813571,-0.846719811625433,0));
#21272=DIRECTION('',(-0.999546243433125,-0.03012154110811647,0));
#21273=FACE_SURFACE('',(#21278),#21274,.T.);
#21274=PLANE('',#21275);
#21275=AXIS2_PLACEMENT_3D('',#880,#21276,#21277);
#21276=DIRECTION('',(0,0,-1));
#21277=DIRECTION('',(0.9942915954847611,0.10669687506374502,0));
#21278=FACE_BOUND('',#21279,.T.);
#21279=EDGE_LOOP('',(#21280,#21281,#21282));
#21280=ORIENTED_EDGE('',*,*,#21283,.T.);
#21281=ORIENTED_EDGE('',*,*,#21284,.T.);
#21282=ORIENTED_EDGE('',*,*,#21285,.T.);
#21283=EDGE_CURVE('',#881,#967,#21286,.F.);
#21284=EDGE_CURVE('',#967,#975,#21287,.T.);
#21285=EDGE_CURVE('',#975,#881,#21288,.T.);
#21286=LINE('',#880,#21289);
#21287=LINE('',#966,#21290);
#21288=LINE('',#974,#21291);
#21289=VECTOR('',#21292,1.0);
#21290=VECTOR('',#21293,1.0);
#21291=VECTOR('',#21294,1.0);
#21292=DIRECTION('',(0.9942915954847611,0.10669687506374502,0));
#21293=DIRECTION('',(-0.7071340368297876,-0.70707952449269,0));
#21294=DIRECTION('',(-0.9972740753023093,-0.07378630448751287,0));
#21295=FACE_SURFACE('',(#21300),#21296,.T.);
#21296=PLANE('',#21297);
#21297=AXIS2_PLACEMENT_3D('',#882,#21298,#21299);
#21298=DIRECTION('',(-0.9945150473274492,0.10459359750616379,0));
#21299=DIRECTION('',(0.01158996665033606,0.11020173802802091,0.9938416622423552));
#21300=FACE_BOUND('',#21301,.T.);
#21301=EDGE_LOOP('',(#21302,#21303,#21304));
#21302=ORIENTED_EDGE('',*,*,#21305,.T.);
#21303=ORIENTED_EDGE('',*,*,#21306,.T.);
#21304=ORIENTED_EDGE('',*,*,#21307,.T.);
#21305=EDGE_CURVE('',#883,#945,#21308,.F.);
#21306=EDGE_CURVE('',#945,#943,#21309,.T.);
#21307=EDGE_CURVE('',#943,#883,#21310,.T.);
#21308=LINE('',#882,#21311);
#21309=LINE('',#944,#21312);
#21310=LINE('',#942,#21313);
#21311=VECTOR('',#21314,1.0);
#21312=VECTOR('',#21315,1.0);
#21313=VECTOR('',#21316,1.0);
#21314=DIRECTION('',(0.01158996665033606,0.11020173802802091,0.9938416622423552));
#21315=DIRECTION('',(0,0,-1));
#21316=DIRECTION('',(-0.1045935975061638,-0.9945150473274493,0));
#21317=FACE_SURFACE('',(#21322),#21318,.T.);
#21318=PLANE('',#21319);
#21319=AXIS2_PLACEMENT_3D('',#956,#21320,#21321);
#21320=DIRECTION('',(0.8090295115456604,0.587768023499229,-0));
#21321=DIRECTION('',(0,0,1));
#21322=FACE_BOUND('',#21323,.T.);
#21323=EDGE_LOOP('',(#21324,#21325,#21326));
#21324=ORIENTED_EDGE('',*,*,#21327,.T.);
#21325=ORIENTED_EDGE('',*,*,#21328,.T.);
#21326=ORIENTED_EDGE('',*,*,#21329,.T.);
#21327=EDGE_CURVE('',#957,#889,#21330,.F.);
#21328=EDGE_CURVE('',#889,#921,#21331,.T.);
#21329=EDGE_CURVE('',#921,#957,#21332,.T.);
#21330=LINE('',#956,#21333);
#21331=LINE('',#888,#21334);
#21332=LINE('',#920,#21335);
#21333=VECTOR('',#21336,1.0);
#21334=VECTOR('',#21337,1.0);
#21335=VECTOR('',#21338,1.0);
#21336=DIRECTION('',(0,0,1));
#21337=DIRECTION('',(0.587768023499229,-0.8090295115456604,0));
#21338=DIRECTION('',(-0.06513187251915376,0.0896503465712852,-0.9938413628652196));
#21339=FACE_SURFACE('',(#21344),#21340,.T.);
#21340=PLANE('',#21341);
#21341=AXIS2_PLACEMENT_3D('',#888,#21342,#21343);
#21342=DIRECTION('',(0,0,1));
#21343=DIRECTION('',(-0.9999990934915814,-0.001346482831456442,0));
#21344=FACE_BOUND('',#21345,.T.);
#21345=EDGE_LOOP('',(#21346,#21347,#21348));
#21346=ORIENTED_EDGE('',*,*,#21349,.T.);
#21347=ORIENTED_EDGE('',*,*,#21350,.T.);
#21348=ORIENTED_EDGE('',*,*,#21351,.T.);
#21349=EDGE_CURVE('',#889,#919,#21352,.F.);
#21350=EDGE_CURVE('',#919,#921,#21353,.T.);
#21351=EDGE_CURVE('',#921,#889,#21354,.T.);
#21352=LINE('',#888,#21355);
#21353=LINE('',#918,#21356);
#21354=LINE('',#920,#21357);
#21355=VECTOR('',#21358,1.0);
#21356=VECTOR('',#21359,1.0);
#21357=VECTOR('',#21360,1.0);
#21358=DIRECTION('',(-0.9999990934915814,-0.001346482831456442,0));
#21359=DIRECTION('',(0.9999354309662758,-0.011363709706272046,0));
#21360=DIRECTION('',(-0.587768023499229,0.8090295115456604,0));
#21361=FACE_SURFACE('',(#21366),#21362,.T.);
#21362=PLANE('',#21363);
#21363=AXIS2_PLACEMENT_3D('',#888,#21364,#21365);
#21364=DIRECTION('',(0,0,1));
#21365=DIRECTION('',(-0.9998958111364034,0.014434918492112127,0));
#21366=FACE_BOUND('',#21367,.T.);
#21367=EDGE_LOOP('',(#21368,#21369,#21370));
#21368=ORIENTED_EDGE('',*,*,#21371,.T.);
#21369=ORIENTED_EDGE('',*,*,#21372,.T.);
#21370=ORIENTED_EDGE('',*,*,#21373,.T.);
#21371=EDGE_CURVE('',#889,#891,#21374,.F.);
#21372=EDGE_CURVE('',#891,#919,#21375,.T.);
#21373=EDGE_CURVE('',#919,#889,#21376,.T.);
#21374=LINE('',#888,#21377);
#21375=LINE('',#890,#21378);
#21376=LINE('',#918,#21379);
#21377=VECTOR('',#21380,1.0);
#21378=VECTOR('',#21381,1.0);
#21379=VECTOR('',#21382,1.0);
#21380=DIRECTION('',(-0.9998958111364034,0.014434918492112127,0));
#21381=DIRECTION('',(0.1119311429353852,-0.993715965073108,0));
#21382=DIRECTION('',(0.9999990934915814,0.001346482831456442,0));
#21383=FACE_SURFACE('',(#21388),#21384,.T.);
#21384=PLANE('',#21385);
#21385=AXIS2_PLACEMENT_3D('',#890,#21386,#21387);
#21386=DIRECTION('',(-0.993715965073108,-0.11193114293538518,-0));
#21387=DIRECTION('',(0,0,-1));
#21388=FACE_BOUND('',#21389,.T.);
#21389=EDGE_LOOP('',(#21390,#21391,#21392));
#21390=ORIENTED_EDGE('',*,*,#21393,.T.);
#21391=ORIENTED_EDGE('',*,*,#21394,.T.);
#21392=ORIENTED_EDGE('',*,*,#21395,.T.);
#21393=EDGE_CURVE('',#891,#893,#21396,.F.);
#21394=EDGE_CURVE('',#893,#965,#21397,.T.);
#21395=EDGE_CURVE('',#965,#891,#21398,.T.);
#21396=LINE('',#890,#21399);
#21397=LINE('',#892,#21400);
#21398=LINE('',#964,#21401);
#21399=VECTOR('',#21402,1.0);
#21400=VECTOR('',#21403,1.0);
#21401=VECTOR('',#21404,1.0);
#21402=DIRECTION('',(0,0,-1));
#21403=DIRECTION('',(0.1119311429353852,-0.993715965073108,0));
#21404=DIRECTION('',(-0.012454725753232926,0.11057208473909126,0.9937900652969233));
#21405=FACE_SURFACE('',(#21410),#21406,.T.);
#21406=PLANE('',#21407);
#21407=AXIS2_PLACEMENT_3D('',#890,#21408,#21409);
#21408=DIRECTION('',(-0.993715965073108,-0.11193114293538518,0));
#21409=DIRECTION('',(0.012454725753232926,-0.11057208473909126,-0.9937900652969233));
#21410=FACE_BOUND('',#21411,.T.);
#21411=EDGE_LOOP('',(#21412,#21413,#21414));
#21412=ORIENTED_EDGE('',*,*,#21415,.T.);
#21413=ORIENTED_EDGE('',*,*,#21416,.T.);
#21414=ORIENTED_EDGE('',*,*,#21417,.T.);
#21415=EDGE_CURVE('',#891,#965,#21418,.F.);
#21416=EDGE_CURVE('',#965,#919,#21419,.T.);
#21417=EDGE_CURVE('',#919,#891,#21420,.T.);
#21418=LINE('',#890,#21421);
#21419=LINE('',#964,#21422);
#21420=LINE('',#918,#21423);
#21421=VECTOR('',#21424,1.0);
#21422=VECTOR('',#21425,1.0);
#21423=VECTOR('',#21426,1.0);
#21424=DIRECTION('',(0.012454725753232926,-0.11057208473909126,-0.9937900652969233));
#21425=DIRECTION('',(0,0,1));
#21426=DIRECTION('',(-0.1119311429353852,0.993715965073108,0));
#21427=FACE_SURFACE('',(#21432),#21428,.T.);
#21428=PLANE('',#21429);
#21429=AXIS2_PLACEMENT_3D('',#956,#21430,#21431);
#21430=DIRECTION('',(-0,0,-1));
#21431=DIRECTION('',(-0.9999990934915814,-0.001346482831456442,0));
#21432=FACE_BOUND('',#21433,.T.);
#21433=EDGE_LOOP('',(#21434,#21435,#21436));
#21434=ORIENTED_EDGE('',*,*,#21437,.T.);
#21435=ORIENTED_EDGE('',*,*,#21438,.T.);
#21436=ORIENTED_EDGE('',*,*,#21439,.T.);
#21437=EDGE_CURVE('',#957,#965,#21440,.F.);
#21438=EDGE_CURVE('',#965,#893,#21441,.T.);
#21439=EDGE_CURVE('',#893,#957,#21442,.T.);
#21440=LINE('',#956,#21443);
#21441=LINE('',#964,#21444);
#21442=LINE('',#892,#21445);
#21443=VECTOR('',#21446,1.0);
#21444=VECTOR('',#21447,1.0);
#21445=VECTOR('',#21448,1.0);
#21446=DIRECTION('',(-0.9999990934915814,-0.001346482831456442,0));
#21447=DIRECTION('',(-0.1119311429353852,0.993715965073108,0));
#21448=DIRECTION('',(0.9998958111364034,-0.014434918492112127,0));
#21449=FACE_SURFACE('',(#21454),#21450,.T.);
#21450=PLANE('',#21451);
#21451=AXIS2_PLACEMENT_3D('',#958,#21452,#21453);
#21452=DIRECTION('',(-0.7071046973328515,-0.7071088650341024,0));
#21453=DIRECTION('',(0.7071088650341024,-0.7071046973328515,0));
#21454=FACE_BOUND('',#21455,.T.);
#21455=EDGE_LOOP('',(#21456,#21457,#21458));
#21456=ORIENTED_EDGE('',*,*,#21459,.T.);
#21457=ORIENTED_EDGE('',*,*,#21460,.T.);
#21458=ORIENTED_EDGE('',*,*,#21461,.T.);
#21459=EDGE_CURVE('',#959,#977,#21462,.F.);
#21460=EDGE_CURVE('',#977,#895,#21463,.T.);
#21461=EDGE_CURVE('',#895,#959,#21464,.T.);
#21462=LINE('',#958,#21465);
#21463=LINE('',#976,#21466);
#21464=LINE('',#894,#21467);
#21465=VECTOR('',#21468,1.0);
#21466=VECTOR('',#21469,1.0);
#21467=VECTOR('',#21470,1.0);
#21468=DIRECTION('',(0.7071088650341024,-0.7071046973328515,0));
#21469=DIRECTION('',(-0.493975086285316,0.4939721747950394,0.7155278503717893));
#21470=DIRECTION('',(0,0,-1));
#21471=FACE_SURFACE('',(#21476),#21472,.T.);
#21472=PLANE('',#21473);
#21473=AXIS2_PLACEMENT_3D('',#894,#21474,#21475);
#21474=DIRECTION('',(-0.7071046973328515,-0.7071088650341024,0));
#21475=DIRECTION('',(0.493975086285316,-0.4939721747950394,-0.7155278503717893));
#21476=FACE_BOUND('',#21477,.T.);
#21477=EDGE_LOOP('',(#21478,#21479,#21480));
#21478=ORIENTED_EDGE('',*,*,#21481,.T.);
#21479=ORIENTED_EDGE('',*,*,#21482,.T.);
#21480=ORIENTED_EDGE('',*,*,#21483,.T.);
#21481=EDGE_CURVE('',#895,#977,#21484,.F.);
#21482=EDGE_CURVE('',#977,#979,#21485,.T.);
#21483=EDGE_CURVE('',#979,#895,#21486,.T.);
#21484=LINE('',#894,#21487);
#21485=LINE('',#976,#21488);
#21486=LINE('',#978,#21489);
#21487=VECTOR('',#21490,1.0);
#21488=VECTOR('',#21491,1.0);
#21489=VECTOR('',#21492,1.0);
#21490=DIRECTION('',(0.493975086285316,-0.4939721747950394,-0.7155278503717893));
#21491=DIRECTION('',(0,0,1));
#21492=DIRECTION('',(-0.7071088650341024,0.7071046973328515,0));
#21493=FACE_SURFACE('',(#21498),#21494,.T.);
#21494=PLANE('',#21495);
#21495=AXIS2_PLACEMENT_3D('',#978,#21496,#21497);
#21496=DIRECTION('',(0,-0,1));
#21497=DIRECTION('',(0.8761576726023851,0.48202461839616834,0));
#21498=FACE_BOUND('',#21499,.T.);
#21499=EDGE_LOOP('',(#21500,#21501,#21502));
#21500=ORIENTED_EDGE('',*,*,#21503,.T.);
#21501=ORIENTED_EDGE('',*,*,#21504,.T.);
#21502=ORIENTED_EDGE('',*,*,#21505,.T.);
#21503=EDGE_CURVE('',#979,#897,#21506,.F.);
#21504=EDGE_CURVE('',#897,#895,#21507,.T.);
#21505=EDGE_CURVE('',#895,#979,#21508,.T.);
#21506=LINE('',#978,#21509);
#21507=LINE('',#896,#21510);
#21508=LINE('',#894,#21511);
#21509=VECTOR('',#21512,1.0);
#21510=VECTOR('',#21513,1.0);
#21511=VECTOR('',#21514,1.0);
#21512=DIRECTION('',(0.8761576726023851,0.48202461839616834,0));
#21513=DIRECTION('',(-0.9997685882241298,-0.021512089631886888,0));
#21514=DIRECTION('',(0.7071088650341024,-0.7071046973328515,0));
#21515=FACE_SURFACE('',(#21520),#21516,.T.);
#21516=PLANE('',#21517);
#21517=AXIS2_PLACEMENT_3D('',#980,#21518,#21519);
#21518=DIRECTION('',(0.9438793188067159,0.3302905259449168,0));
#21519=DIRECTION('',(-0.0367495573459902,0.10502010935659237,-0.9937908465394533));
#21520=FACE_BOUND('',#21521,.T.);
#21521=EDGE_LOOP('',(#21522,#21523,#21524));
#21522=ORIENTED_EDGE('',*,*,#21525,.T.);
#21523=ORIENTED_EDGE('',*,*,#21526,.T.);
#21524=ORIENTED_EDGE('',*,*,#21527,.T.);
#21525=EDGE_CURVE('',#981,#961,#21528,.F.);
#21526=EDGE_CURVE('',#961,#897,#21529,.T.);
#21527=EDGE_CURVE('',#897,#981,#21530,.T.);
#21528=LINE('',#980,#21531);
#21529=LINE('',#960,#21532);
#21530=LINE('',#896,#21533);
#21531=VECTOR('',#21534,1.0);
#21532=VECTOR('',#21535,1.0);
#21533=VECTOR('',#21536,1.0);
#21534=DIRECTION('',(-0.0367495573459902,0.10502010935659237,-0.9937908465394533));
#21535=DIRECTION('',(0,0,1));
#21536=DIRECTION('',(0.3302905259449168,-0.943879318806716,0));
#21537=FACE_SURFACE('',(#21542),#21538,.T.);
#21538=PLANE('',#21539);
#21539=AXIS2_PLACEMENT_3D('',#978,#21540,#21541);
#21540=DIRECTION('',(0,0,1));
#21541=DIRECTION('',(0.9090975228374637,0.4165833577698313,0));
#21542=FACE_BOUND('',#21543,.T.);
#21543=EDGE_LOOP('',(#21544,#21545,#21546));
#21544=ORIENTED_EDGE('',*,*,#21547,.T.);
#21545=ORIENTED_EDGE('',*,*,#21548,.T.);
#21546=ORIENTED_EDGE('',*,*,#21549,.T.);
#21547=EDGE_CURVE('',#979,#981,#21550,.F.);
#21548=EDGE_CURVE('',#981,#897,#21551,.T.);
#21549=EDGE_CURVE('',#897,#979,#21552,.T.);
#21550=LINE('',#978,#21553);
#21551=LINE('',#980,#21554);
#21552=LINE('',#896,#21555);
#21553=VECTOR('',#21556,1.0);
#21554=VECTOR('',#21557,1.0);
#21555=VECTOR('',#21558,1.0);
#21556=DIRECTION('',(0.9090975228374637,0.4165833577698313,0));
#21557=DIRECTION('',(-0.3302905259449168,0.943879318806716,0));
#21558=DIRECTION('',(-0.8761576726023851,-0.48202461839616834,0));
#21559=FACE_SURFACE('',(#21564),#21560,.T.);
#21560=PLANE('',#21561);
#21561=AXIS2_PLACEMENT_3D('',#900,#21562,#21563);
#21562=DIRECTION('',(0,0,-1));
#21563=DIRECTION('',(-0.9982657064020214,0.05886917208245201,0));
#21564=FACE_BOUND('',#21565,.T.);
#21565=EDGE_LOOP('',(#21566,#21567,#21568));
#21566=ORIENTED_EDGE('',*,*,#21569,.T.);
#21567=ORIENTED_EDGE('',*,*,#21570,.T.);
#21568=ORIENTED_EDGE('',*,*,#21571,.T.);
#21569=EDGE_CURVE('',#901,#899,#21572,.F.);
#21570=EDGE_CURVE('',#899,#969,#21573,.T.);
#21571=EDGE_CURVE('',#969,#901,#21574,.T.);
#21572=LINE('',#900,#21575);
#21573=LINE('',#898,#21576);
#21574=LINE('',#968,#21577);
#21575=VECTOR('',#21578,1.0);
#21576=VECTOR('',#21579,1.0);
#21577=VECTOR('',#21580,1.0);
#21578=DIRECTION('',(-0.9982657064020214,0.05886917208245201,0));
#21579=DIRECTION('',(0.9999738098092152,-0.007237381822410983,0));
#21580=DIRECTION('',(0.11200291401038326,-0.993707878228397,0));
#21581=FACE_SURFACE('',(#21586),#21582,.T.);
#21582=PLANE('',#21583);
#21583=AXIS2_PLACEMENT_3D('',#904,#21584,#21585);
#21584=DIRECTION('',(0.993707878228397,0.11200291401038324,0));
#21585=DIRECTION('',(0,0,-1));
#21586=FACE_BOUND('',#21587,.T.);
#21587=EDGE_LOOP('',(#21588,#21589,#21590));
#21588=ORIENTED_EDGE('',*,*,#21591,.T.);
#21589=ORIENTED_EDGE('',*,*,#21592,.T.);
#21590=ORIENTED_EDGE('',*,*,#21593,.T.);
#21591=EDGE_CURVE('',#905,#901,#21594,.F.);
#21592=EDGE_CURVE('',#901,#969,#21595,.T.);
#21593=EDGE_CURVE('',#969,#905,#21596,.T.);
#21594=LINE('',#904,#21597);
#21595=LINE('',#900,#21598);
#21596=LINE('',#968,#21599);
#21597=VECTOR('',#21600,1.0);
#21598=VECTOR('',#21601,1.0);
#21599=VECTOR('',#21602,1.0);
#21600=DIRECTION('',(0,0,-1));
#21601=DIRECTION('',(-0.11200291401038326,0.993707878228397,0));
#21602=DIRECTION('',(0.012462811981734127,-0.1105720735978384,0.9937899651625499));
#21603=FACE_SURFACE('',(#21608),#21604,.T.);
#21604=PLANE('',#21605);
#21605=AXIS2_PLACEMENT_3D('',#934,#21606,#21607);
#21606=DIRECTION('',(0,0,1));
#21607=DIRECTION('',(-0.9999738098092152,0.007237381822410983,0));
#21608=FACE_BOUND('',#21609,.T.);
#21609=EDGE_LOOP('',(#21610,#21611,#21612));
#21610=ORIENTED_EDGE('',*,*,#21613,.T.);
#21611=ORIENTED_EDGE('',*,*,#21614,.T.);
#21612=ORIENTED_EDGE('',*,*,#21615,.T.);
#21613=EDGE_CURVE('',#935,#903,#21616,.F.);
#21614=EDGE_CURVE('',#903,#905,#21617,.T.);
#21615=EDGE_CURVE('',#905,#935,#21618,.T.);
#21616=LINE('',#934,#21619);
#21617=LINE('',#902,#21620);
#21618=LINE('',#904,#21621);
#21619=VECTOR('',#21622,1.0);
#21620=VECTOR('',#21623,1.0);
#21621=VECTOR('',#21624,1.0);
#21622=DIRECTION('',(-0.9999738098092152,0.007237381822410983,0));
#21623=DIRECTION('',(0.9982657064020214,-0.05886917208245201,0));
#21624=DIRECTION('',(-0.11200291401038326,0.993707878228397,0));
#21625=FACE_SURFACE('',(#21630),#21626,.T.);
#21626=PLANE('',#21627);
#21627=AXIS2_PLACEMENT_3D('',#904,#21628,#21629);
#21628=DIRECTION('',(0.993707878228397,0.11200291401038324,0));
#21629=DIRECTION('',(-0.012462811981734127,0.1105720735978384,-0.9937899651625499));
#21630=FACE_BOUND('',#21631,.T.);
#21631=EDGE_LOOP('',(#21632,#21633,#21634));
#21632=ORIENTED_EDGE('',*,*,#21635,.T.);
#21633=ORIENTED_EDGE('',*,*,#21636,.T.);
#21634=ORIENTED_EDGE('',*,*,#21637,.T.);
#21635=EDGE_CURVE('',#905,#969,#21638,.F.);
#21636=EDGE_CURVE('',#969,#935,#21639,.T.);
#21637=EDGE_CURVE('',#935,#905,#21640,.T.);
#21638=LINE('',#904,#21641);
#21639=LINE('',#968,#21642);
#21640=LINE('',#934,#21643);
#21641=VECTOR('',#21644,1.0);
#21642=VECTOR('',#21645,1.0);
#21643=VECTOR('',#21646,1.0);
#21644=DIRECTION('',(-0.012462811981734127,0.1105720735978384,-0.9937899651625499));
#21645=DIRECTION('',(0,0,1));
#21646=DIRECTION('',(0.11200291401038326,-0.993707878228397,0));
#21647=FACE_SURFACE('',(#21652),#21648,.T.);
#21648=PLANE('',#21649);
#21649=AXIS2_PLACEMENT_3D('',#914,#21650,#21651);
#21650=DIRECTION('',(-0.9945154465503752,-0.1045898014756119,-0));
#21651=DIRECTION('',(0,0,-1));
#21652=FACE_BOUND('',#21653,.T.);
#21653=EDGE_LOOP('',(#21654,#21655,#21656));
#21654=ORIENTED_EDGE('',*,*,#21657,.T.);
#21655=ORIENTED_EDGE('',*,*,#21658,.T.);
#21656=ORIENTED_EDGE('',*,*,#21659,.T.);
#21657=EDGE_CURVE('',#915,#947,#21660,.F.);
#21658=EDGE_CURVE('',#947,#963,#21661,.T.);
#21659=EDGE_CURVE('',#963,#915,#21662,.T.);
#21660=LINE('',#914,#21663);
#21661=LINE('',#946,#21664);
#21662=LINE('',#962,#21665);
#21663=VECTOR('',#21666,1.0);
#21664=VECTOR('',#21667,1.0);
#21665=VECTOR('',#21668,1.0);
#21666=DIRECTION('',(0,0,-1));
#21667=DIRECTION('',(0.10458980147561188,-0.9945154465503752,0));
#21668=DIRECTION('',(-0.011589961485169763,0.11020573286596175,0.9938412193284442));
#21669=FACE_SURFACE('',(#21674),#21670,.T.);
#21670=PLANE('',#21671);
#21671=AXIS2_PLACEMENT_3D('',#914,#21672,#21673);
#21672=DIRECTION('',(-0.9945154465503752,-0.1045898014756119,0));
#21673=DIRECTION('',(0.011589961485169763,-0.11020573286596175,-0.9938412193284442));
#21674=FACE_BOUND('',#21675,.T.);
#21675=EDGE_LOOP('',(#21676,#21677,#21678));
#21676=ORIENTED_EDGE('',*,*,#21679,.T.);
#21677=ORIENTED_EDGE('',*,*,#21680,.T.);
#21678=ORIENTED_EDGE('',*,*,#21681,.T.);
#21679=EDGE_CURVE('',#915,#963,#21682,.F.);
#21680=EDGE_CURVE('',#963,#917,#21683,.T.);
#21681=EDGE_CURVE('',#917,#915,#21684,.T.);
#21682=LINE('',#914,#21685);
#21683=LINE('',#962,#21686);
#21684=LINE('',#916,#21687);
#21685=VECTOR('',#21688,1.0);
#21686=VECTOR('',#21689,1.0);
#21687=VECTOR('',#21690,1.0);
#21688=DIRECTION('',(0.011589961485169763,-0.11020573286596175,-0.9938412193284442));
#21689=DIRECTION('',(0,0,1));
#21690=DIRECTION('',(-0.10458980147561188,0.9945154465503752,0));
#21691=FACE_SURFACE('',(#21696),#21692,.T.);
#21692=PLANE('',#21693);
#21693=AXIS2_PLACEMENT_3D('',#952,#21694,#21695);
#21694=DIRECTION('',(-0.951050158914368,-0.3090365596963495,0));
#21695=DIRECTION('',(0.03424418627434691,-0.10538539139223908,-0.9938416649484526));
#21696=FACE_BOUND('',#21697,.T.);
#21697=EDGE_LOOP('',(#21698,#21699,#21700));
#21698=ORIENTED_EDGE('',*,*,#21701,.T.);
#21699=ORIENTED_EDGE('',*,*,#21702,.T.);
#21700=ORIENTED_EDGE('',*,*,#21703,.T.);
#21701=EDGE_CURVE('',#953,#947,#21704,.F.);
#21702=EDGE_CURVE('',#947,#915,#21705,.T.);
#21703=EDGE_CURVE('',#915,#953,#21706,.T.);
#21704=LINE('',#952,#21707);
#21705=LINE('',#946,#21708);
#21706=LINE('',#914,#21709);
#21707=VECTOR('',#21710,1.0);
#21708=VECTOR('',#21711,1.0);
#21709=VECTOR('',#21712,1.0);
#21710=DIRECTION('',(0.03424418627434691,-0.10538539139223908,-0.9938416649484526));
#21711=DIRECTION('',(0,0,1));
#21712=DIRECTION('',(-0.30903655969634947,0.951050158914368,0));
#21713=FACE_SURFACE('',(#21718),#21714,.T.);
#21714=PLANE('',#21715);
#21715=AXIS2_PLACEMENT_3D('',#956,#21716,#21717);
#21716=DIRECTION('',(0.8090295115456604,0.587768023499229,0));
#21717=DIRECTION('',(0.06513187251915376,-0.0896503465712852,0.9938413628652196));
#21718=FACE_BOUND('',#21719,.T.);
#21719=EDGE_LOOP('',(#21720,#21721,#21722));
#21720=ORIENTED_EDGE('',*,*,#21723,.T.);
#21721=ORIENTED_EDGE('',*,*,#21724,.T.);
#21722=ORIENTED_EDGE('',*,*,#21725,.T.);
#21723=EDGE_CURVE('',#957,#921,#21726,.F.);
#21724=EDGE_CURVE('',#921,#923,#21727,.T.);
#21725=EDGE_CURVE('',#923,#957,#21728,.T.);
#21726=LINE('',#956,#21729);
#21727=LINE('',#920,#21730);
#21728=LINE('',#922,#21731);
#21729=VECTOR('',#21732,1.0);
#21730=VECTOR('',#21733,1.0);
#21731=VECTOR('',#21734,1.0);
#21732=DIRECTION('',(0.06513187251915376,-0.0896503465712852,0.9938413628652196));
#21733=DIRECTION('',(0,0,-1));
#21734=DIRECTION('',(-0.587768023499229,0.8090295115456604,0));
#21735=FACE_SURFACE('',(#21740),#21736,.T.);
#21736=PLANE('',#21737);
#21737=AXIS2_PLACEMENT_3D('',#922,#21738,#21739);
#21738=DIRECTION('',(0,0,-1));
#21739=DIRECTION('',(-0.9999354309662758,0.011363709706272046,0));
#21740=FACE_BOUND('',#21741,.T.);
#21741=EDGE_LOOP('',(#21742,#21743,#21744));
#21742=ORIENTED_EDGE('',*,*,#21745,.T.);
#21743=ORIENTED_EDGE('',*,*,#21746,.T.);
#21744=ORIENTED_EDGE('',*,*,#21747,.T.);
#21745=EDGE_CURVE('',#923,#965,#21748,.F.);
#21746=EDGE_CURVE('',#965,#957,#21749,.T.);
#21747=EDGE_CURVE('',#957,#923,#21750,.T.);
#21748=LINE('',#922,#21751);
#21749=LINE('',#964,#21752);
#21750=LINE('',#956,#21753);
#21751=VECTOR('',#21754,1.0);
#21752=VECTOR('',#21755,1.0);
#21753=VECTOR('',#21756,1.0);
#21754=DIRECTION('',(-0.9999354309662758,0.011363709706272046,0));
#21755=DIRECTION('',(0.9999990934915814,0.001346482831456442,0));
#21756=DIRECTION('',(0.587768023499229,-0.8090295115456604,0));
#21757=FACE_SURFACE('',(#21762),#21758,.T.);
#21758=PLANE('',#21759);
#21759=AXIS2_PLACEMENT_3D('',#982,#21760,#21761);
#21760=DIRECTION('',(-0.3302468174929985,0.943894612515479,0));
#21761=DIRECTION('',(0.10502412410630964,0.036745503455799924,0.9937905721687453));
#21762=FACE_BOUND('',#21763,.T.);
#21763=EDGE_LOOP('',(#21764,#21765,#21766));
#21764=ORIENTED_EDGE('',*,*,#21767,.T.);
#21765=ORIENTED_EDGE('',*,*,#21768,.T.);
#21766=ORIENTED_EDGE('',*,*,#21769,.T.);
#21767=EDGE_CURVE('',#983,#929,#21770,.F.);
#21768=EDGE_CURVE('',#929,#925,#21771,.T.);
#21769=EDGE_CURVE('',#925,#983,#21772,.T.);
#21770=LINE('',#982,#21773);
#21771=LINE('',#928,#21774);
#21772=LINE('',#924,#21775);
#21773=VECTOR('',#21776,1.0);
#21774=VECTOR('',#21777,1.0);
#21775=VECTOR('',#21778,1.0);
#21776=DIRECTION('',(0.10502412410630964,0.036745503455799924,0.9937905721687453));
#21777=DIRECTION('',(0,0,-1));
#21778=DIRECTION('',(-0.9438946125154789,-0.3302468174929985,0));
#21779=FACE_SURFACE('',(#21784),#21780,.T.);
#21780=PLANE('',#21781);
#21781=AXIS2_PLACEMENT_3D('',#926,#21782,#21783);
#21782=DIRECTION('',(0,0,-1));
#21783=DIRECTION('',(0.6655263157165898,0.7463743853380167,0));
#21784=FACE_BOUND('',#21785,.T.);
#21785=EDGE_LOOP('',(#21786,#21787,#21788));
#21786=ORIENTED_EDGE('',*,*,#21789,.T.);
#21787=ORIENTED_EDGE('',*,*,#21790,.T.);
#21788=ORIENTED_EDGE('',*,*,#21791,.T.);
#21789=EDGE_CURVE('',#927,#983,#21792,.F.);
#21790=EDGE_CURVE('',#983,#925,#21793,.T.);
#21791=EDGE_CURVE('',#925,#927,#21794,.T.);
#21792=LINE('',#926,#21795);
#21793=LINE('',#982,#21796);
#21794=LINE('',#924,#21797);
#21795=VECTOR('',#21798,1.0);
#21796=VECTOR('',#21799,1.0);
#21797=VECTOR('',#21800,1.0);
#21798=DIRECTION('',(0.6655263157165898,0.7463743853380167,0));
#21799=DIRECTION('',(0.9438946125154789,0.3302468174929985,0));
#21800=DIRECTION('',(-0.6977466816579202,-0.7163445876359791,0));
#21801=FACE_SURFACE('',(#21806),#21802,.T.);
#21802=PLANE('',#21803);
#21803=AXIS2_PLACEMENT_3D('',#926,#21804,#21805);
#21804=DIRECTION('',(-0.05608254959676875,-0.9984261352903008,0));
#21805=DIRECTION('',(0,0,1));
#21806=FACE_BOUND('',#21807,.T.);
#21807=EDGE_LOOP('',(#21808,#21809,#21810));
#21808=ORIENTED_EDGE('',*,*,#21811,.T.);
#21809=ORIENTED_EDGE('',*,*,#21812,.T.);
#21810=ORIENTED_EDGE('',*,*,#21813,.T.);
#21811=EDGE_CURVE('',#927,#931,#21814,.F.);
#21812=EDGE_CURVE('',#931,#985,#21815,.T.);
#21813=EDGE_CURVE('',#985,#927,#21816,.T.);
#21814=LINE('',#926,#21817);
#21815=LINE('',#930,#21818);
#21816=LINE('',#984,#21819);
#21817=VECTOR('',#21820,1.0);
#21818=VECTOR('',#21821,1.0);
#21819=VECTOR('',#21822,1.0);
#21820=DIRECTION('',(0,0,1));
#21821=DIRECTION('',(-0.1834286234110786,0.010303360966134724,-0.9829790337877601));
#21822=DIRECTION('',(0.9984261352903009,-0.056082549596768755,0));
#21823=FACE_SURFACE('',(#21828),#21824,.T.);
#21824=PLANE('',#21825);
#21825=AXIS2_PLACEMENT_3D('',#976,#21826,#21827);
#21826=DIRECTION('',(0,0,-1));
#21827=DIRECTION('',(0.9238782306307887,-0.38268657536752343,0));
#21828=FACE_BOUND('',#21829,.T.);
#21829=EDGE_LOOP('',(#21830,#21831,#21832));
#21830=ORIENTED_EDGE('',*,*,#21833,.T.);
#21831=ORIENTED_EDGE('',*,*,#21834,.T.);
#21832=ORIENTED_EDGE('',*,*,#21835,.T.);
#21833=EDGE_CURVE('',#977,#927,#21836,.F.);
#21834=EDGE_CURVE('',#927,#985,#21837,.T.);
#21835=EDGE_CURVE('',#985,#977,#21838,.T.);
#21836=LINE('',#976,#21839);
#21837=LINE('',#926,#21840);
#21838=LINE('',#984,#21841);
#21839=VECTOR('',#21842,1.0);
#21840=VECTOR('',#21843,1.0);
#21841=VECTOR('',#21844,1.0);
#21842=DIRECTION('',(0.9238782306307887,-0.38268657536752343,0));
#21843=DIRECTION('',(-0.9984261352903009,0.056082549596768755,0));
#21844=DIRECTION('',(-0.9009681190146285,0.4338852941956462,0));
#21845=FACE_SURFACE('',(#21850),#21846,.T.);
#21846=PLANE('',#21847);
#21847=AXIS2_PLACEMENT_3D('',#976,#21848,#21849);
#21848=DIRECTION('',(0,0,-1));
#21849=DIRECTION('',(0.9825135876799909,0.18619089672750636,0));
#21850=FACE_BOUND('',#21851,.T.);
#21851=EDGE_LOOP('',(#21852,#21853,#21854));
#21852=ORIENTED_EDGE('',*,*,#21855,.T.);
#21853=ORIENTED_EDGE('',*,*,#21856,.T.);
#21854=ORIENTED_EDGE('',*,*,#21857,.T.);
#21855=EDGE_CURVE('',#977,#987,#21858,.F.);
#21856=EDGE_CURVE('',#987,#927,#21859,.T.);
#21857=EDGE_CURVE('',#927,#977,#21860,.T.);
#21858=LINE('',#976,#21861);
#21859=LINE('',#986,#21862);
#21860=LINE('',#926,#21863);
#21861=VECTOR('',#21864,1.0);
#21862=VECTOR('',#21865,1.0);
#21863=VECTOR('',#21866,1.0);
#21864=DIRECTION('',(0.9825135876799909,0.18619089672750636,0));
#21865=DIRECTION('',(-0.6108747742780912,-0.7917272321643932,0));
#21866=DIRECTION('',(-0.9238782306307887,0.38268657536752343,0));
#21867=FACE_SURFACE('',(#21872),#21868,.T.);
#21868=PLANE('',#21869);
#21869=AXIS2_PLACEMENT_3D('',#926,#21870,#21871);
#21870=DIRECTION('',(0,0,-1));
#21871=DIRECTION('',(0.6108747742780912,0.7917272321643932,0));
#21872=FACE_BOUND('',#21873,.T.);
#21873=EDGE_LOOP('',(#21874,#21875,#21876));
#21874=ORIENTED_EDGE('',*,*,#21877,.T.);
#21875=ORIENTED_EDGE('',*,*,#21878,.T.);
#21876=ORIENTED_EDGE('',*,*,#21879,.T.);
#21877=EDGE_CURVE('',#927,#987,#21880,.F.);
#21878=EDGE_CURVE('',#987,#983,#21881,.T.);
#21879=EDGE_CURVE('',#983,#927,#21882,.T.);
#21880=LINE('',#926,#21883);
#21881=LINE('',#986,#21884);
#21882=LINE('',#982,#21885);
#21883=VECTOR('',#21886,1.0);
#21884=VECTOR('',#21887,1.0);
#21885=VECTOR('',#21888,1.0);
#21886=DIRECTION('',(0.6108747742780912,0.7917272321643932,0));
#21887=DIRECTION('',(0.9937087898996884,0.11199482522017258,0));
#21888=DIRECTION('',(-0.6655263157165898,-0.7463743853380167,0));
#21889=FACE_SURFACE('',(#21894),#21890,.T.);
#21890=PLANE('',#21891);
#21891=AXIS2_PLACEMENT_3D('',#982,#21892,#21893);
#21892=DIRECTION('',(-0.3302468174929985,0.943894612515479,0));
#21893=DIRECTION('',(0,0,1));
#21894=FACE_BOUND('',#21895,.T.);
#21895=EDGE_LOOP('',(#21896,#21897,#21898));
#21896=ORIENTED_EDGE('',*,*,#21899,.T.);
#21897=ORIENTED_EDGE('',*,*,#21900,.T.);
#21898=ORIENTED_EDGE('',*,*,#21901,.T.);
#21899=EDGE_CURVE('',#983,#989,#21902,.F.);
#21900=EDGE_CURVE('',#989,#929,#21903,.T.);
#21901=EDGE_CURVE('',#929,#983,#21904,.T.);
#21902=LINE('',#982,#21905);
#21903=LINE('',#988,#21906);
#21904=LINE('',#928,#21907);
#21905=VECTOR('',#21908,1.0);
#21906=VECTOR('',#21909,1.0);
#21907=VECTOR('',#21910,1.0);
#21908=DIRECTION('',(0,0,1));
#21909=DIRECTION('',(0.9438946125154789,0.3302468174929985,0));
#21910=DIRECTION('',(-0.10502412410630964,-0.036745503455799924,-0.9937905721687453));
#21911=FACE_SURFACE('',(#21916),#21912,.T.);
#21912=PLANE('',#21913);
#21913=AXIS2_PLACEMENT_3D('',#930,#21914,#21915);
#21914=DIRECTION('',(0,0,1));
#21915=DIRECTION('',(0.6977466816579202,0.7163445876359791,0));
#21916=FACE_BOUND('',#21917,.T.);
#21917=EDGE_LOOP('',(#21918,#21919,#21920));
#21918=ORIENTED_EDGE('',*,*,#21921,.T.);
#21919=ORIENTED_EDGE('',*,*,#21922,.T.);
#21920=ORIENTED_EDGE('',*,*,#21923,.T.);
#21921=EDGE_CURVE('',#931,#929,#21924,.F.);
#21922=EDGE_CURVE('',#929,#989,#21925,.T.);
#21923=EDGE_CURVE('',#989,#931,#21926,.T.);
#21924=LINE('',#930,#21927);
#21925=LINE('',#928,#21928);
#21926=LINE('',#988,#21929);
#21927=VECTOR('',#21930,1.0);
#21928=VECTOR('',#21931,1.0);
#21929=VECTOR('',#21932,1.0);
#21930=DIRECTION('',(0.6977466816579202,0.7163445876359791,0));
#21931=DIRECTION('',(-0.9438946125154789,-0.3302468174929985,0));
#21932=DIRECTION('',(-0.6655263157165898,-0.7463743853380167,0));
#21933=FACE_SURFACE('',(#21938),#21934,.T.);
#21934=PLANE('',#21935);
#21935=AXIS2_PLACEMENT_3D('',#984,#21936,#21937);
#21936=DIRECTION('',(-0.05608254959676875,-0.9984261352903008,0));
#21937=DIRECTION('',(0.1834286234110786,-0.010303360966134724,0.9829790337877601));
#21938=FACE_BOUND('',#21939,.T.);
#21939=EDGE_LOOP('',(#21940,#21941,#21942));
#21940=ORIENTED_EDGE('',*,*,#21943,.T.);
#21941=ORIENTED_EDGE('',*,*,#21944,.T.);
#21942=ORIENTED_EDGE('',*,*,#21945,.T.);
#21943=EDGE_CURVE('',#985,#931,#21946,.F.);
#21944=EDGE_CURVE('',#931,#991,#21947,.T.);
#21945=EDGE_CURVE('',#991,#985,#21948,.T.);
#21946=LINE('',#984,#21949);
#21947=LINE('',#930,#21950);
#21948=LINE('',#990,#21951);
#21949=VECTOR('',#21952,1.0);
#21950=VECTOR('',#21953,1.0);
#21951=VECTOR('',#21954,1.0);
#21952=DIRECTION('',(0.1834286234110786,-0.010303360966134724,0.9829790337877601));
#21953=DIRECTION('',(-0.9984261352903009,0.056082549596768755,0));
#21954=DIRECTION('',(0,0,-1));
#21955=FACE_SURFACE('',(#21960),#21956,.T.);
#21956=PLANE('',#21957);
#21957=AXIS2_PLACEMENT_3D('',#978,#21958,#21959);
#21958=DIRECTION('',(0,0,1));
#21959=DIRECTION('',(0.9009681190146285,-0.4338852941956462,0));
#21960=FACE_BOUND('',#21961,.T.);
#21961=EDGE_LOOP('',(#21962,#21963,#21964));
#21962=ORIENTED_EDGE('',*,*,#21965,.T.);
#21963=ORIENTED_EDGE('',*,*,#21966,.T.);
#21964=ORIENTED_EDGE('',*,*,#21967,.T.);
#21965=EDGE_CURVE('',#979,#991,#21968,.F.);
#21966=EDGE_CURVE('',#991,#931,#21969,.T.);
#21967=EDGE_CURVE('',#931,#979,#21970,.T.);
#21968=LINE('',#978,#21971);
#21969=LINE('',#990,#21972);
#21970=LINE('',#930,#21973);
#21971=VECTOR('',#21974,1.0);
#21972=VECTOR('',#21975,1.0);
#21973=VECTOR('',#21976,1.0);
#21974=DIRECTION('',(0.9009681190146285,-0.4338852941956462,0));
#21975=DIRECTION('',(0.9984261352903009,-0.056082549596768755,0));
#21976=DIRECTION('',(-0.9238782306307887,0.38268657536752343,0));
#21977=FACE_SURFACE('',(#21982),#21978,.T.);
#21978=PLANE('',#21979);
#21979=AXIS2_PLACEMENT_3D('',#978,#21980,#21981);
#21980=DIRECTION('',(-0,0,1));
#21981=DIRECTION('',(0.9238782306307887,-0.38268657536752343,0));
#21982=FACE_BOUND('',#21983,.T.);
#21983=EDGE_LOOP('',(#21984,#21985,#21986));
#21984=ORIENTED_EDGE('',*,*,#21987,.T.);
#21985=ORIENTED_EDGE('',*,*,#21988,.T.);
#21986=ORIENTED_EDGE('',*,*,#21989,.T.);
#21987=EDGE_CURVE('',#979,#931,#21990,.F.);
#21988=EDGE_CURVE('',#931,#993,#21991,.T.);
#21989=EDGE_CURVE('',#993,#979,#21992,.T.);
#21990=LINE('',#978,#21993);
#21991=LINE('',#930,#21994);
#21992=LINE('',#992,#21995);
#21993=VECTOR('',#21996,1.0);
#21994=VECTOR('',#21997,1.0);
#21995=VECTOR('',#21998,1.0);
#21996=DIRECTION('',(0.9238782306307887,-0.38268657536752343,0));
#21997=DIRECTION('',(0.6108747742780912,0.7917272321643932,0));
#21998=DIRECTION('',(-0.9825135876799909,-0.18619089672750636,0));
#21999=FACE_SURFACE('',(#22004),#22000,.T.);
#22000=PLANE('',#22001);
#22001=AXIS2_PLACEMENT_3D('',#930,#22002,#22003);
#22002=DIRECTION('',(0,0,1));
#22003=DIRECTION('',(0.6655263157165898,0.7463743853380167,0));
#22004=FACE_BOUND('',#22005,.T.);
#22005=EDGE_LOOP('',(#22006,#22007,#22008));
#22006=ORIENTED_EDGE('',*,*,#22009,.T.);
#22007=ORIENTED_EDGE('',*,*,#22010,.T.);
#22008=ORIENTED_EDGE('',*,*,#22011,.T.);
#22009=EDGE_CURVE('',#931,#989,#22012,.F.);
#22010=EDGE_CURVE('',#989,#993,#22013,.T.);
#22011=EDGE_CURVE('',#993,#931,#22014,.T.);
#22012=LINE('',#930,#22015);
#22013=LINE('',#988,#22016);
#22014=LINE('',#992,#22017);
#22015=VECTOR('',#22018,1.0);
#22016=VECTOR('',#22019,1.0);
#22017=VECTOR('',#22020,1.0);
#22018=DIRECTION('',(0.6655263157165898,0.7463743853380167,0));
#22019=DIRECTION('',(-0.9937087898996884,-0.11199482522017258,0));
#22020=DIRECTION('',(-0.6108747742780912,-0.7917272321643932,0));
#22021=FACE_SURFACE('',(#22026),#22022,.T.);
#22022=PLANE('',#22023);
#22023=AXIS2_PLACEMENT_3D('',#966,#22024,#22025);
#22024=DIRECTION('',(0.70707952449269,-0.7071340368297876,0));
#22025=DIRECTION('',(0,0,1));
#22026=FACE_BOUND('',#22027,.T.);
#22027=EDGE_LOOP('',(#22028,#22029,#22030));
#22028=ORIENTED_EDGE('',*,*,#22031,.T.);
#22029=ORIENTED_EDGE('',*,*,#22032,.T.);
#22030=ORIENTED_EDGE('',*,*,#22033,.T.);
#22031=EDGE_CURVE('',#967,#933,#22034,.F.);
#22032=EDGE_CURVE('',#933,#941,#22035,.T.);
#22033=EDGE_CURVE('',#941,#967,#22036,.T.);
#22034=LINE('',#966,#22037);
#22035=LINE('',#932,#22038);
#22036=LINE('',#940,#22039);
#22037=VECTOR('',#22040,1.0);
#22038=VECTOR('',#22041,1.0);
#22039=VECTOR('',#22042,1.0);
#22040=DIRECTION('',(0,0,1));
#22041=DIRECTION('',(-0.7071340368297876,-0.70707952449269,0));
#22042=DIRECTION('',(0.07868314176960194,0.07867707615583616,-0.9937901593841798));
#22043=FACE_SURFACE('',(#22048),#22044,.T.);
#22044=PLANE('',#22045);
#22045=AXIS2_PLACEMENT_3D('',#970,#22046,#22047);
#22046=DIRECTION('',(0.993707878228397,-0.11200291401038324,0));
#22047=DIRECTION('',(-0.012462811981734127,-0.1105720735978384,0.9937899651625499));
#22048=FACE_BOUND('',#22049,.T.);
#22049=EDGE_LOOP('',(#22050,#22051,#22052));
#22050=ORIENTED_EDGE('',*,*,#22053,.T.);
#22051=ORIENTED_EDGE('',*,*,#22054,.T.);
#22052=ORIENTED_EDGE('',*,*,#22055,.T.);
#22053=EDGE_CURVE('',#971,#935,#22056,.F.);
#22054=EDGE_CURVE('',#935,#969,#22057,.T.);
#22055=EDGE_CURVE('',#969,#971,#22058,.T.);
#22056=LINE('',#970,#22059);
#22057=LINE('',#934,#22060);
#22058=LINE('',#968,#22061);
#22059=VECTOR('',#22062,1.0);
#22060=VECTOR('',#22063,1.0);
#22061=VECTOR('',#22064,1.0);
#22062=DIRECTION('',(-0.012462811981734127,-0.1105720735978384,0.9937899651625499));
#22063=DIRECTION('',(0,0,-1));
#22064=DIRECTION('',(0.11200291401038326,0.993707878228397,0));
#22065=FACE_SURFACE('',(#22070),#22066,.T.);
#22066=PLANE('',#22067);
#22067=AXIS2_PLACEMENT_3D('',#970,#22068,#22069);
#22068=DIRECTION('',(0.993707878228397,-0.11200291401038324,0));
#22069=DIRECTION('',(0,0,1));
#22070=FACE_BOUND('',#22071,.T.);
#22071=EDGE_LOOP('',(#22072,#22073,#22074));
#22072=ORIENTED_EDGE('',*,*,#22075,.T.);
#22073=ORIENTED_EDGE('',*,*,#22076,.T.);
#22074=ORIENTED_EDGE('',*,*,#22077,.T.);
#22075=EDGE_CURVE('',#971,#937,#22078,.F.);
#22076=EDGE_CURVE('',#937,#935,#22079,.T.);
#22077=EDGE_CURVE('',#935,#971,#22080,.T.);
#22078=LINE('',#970,#22081);
#22079=LINE('',#936,#22082);
#22080=LINE('',#934,#22083);
#22081=VECTOR('',#22084,1.0);
#22082=VECTOR('',#22085,1.0);
#22083=VECTOR('',#22086,1.0);
#22084=DIRECTION('',(0,0,1));
#22085=DIRECTION('',(-0.11200291401038326,-0.993707878228397,0));
#22086=DIRECTION('',(0.012462811981734127,0.1105720735978384,-0.9937899651625499));
#22087=FACE_SURFACE('',(#22092),#22088,.T.);
#22088=PLANE('',#22089);
#22089=AXIS2_PLACEMENT_3D('',#972,#22090,#22091);
#22090=DIRECTION('',(0.9438813011499929,-0.3302848608994912,0));
#22091=DIRECTION('',(-0.03674954954261626,-0.10502210892892365,0.9937906355186369));
#22092=FACE_BOUND('',#22093,.T.);
#22093=EDGE_LOOP('',(#22094,#22095,#22096));
#22094=ORIENTED_EDGE('',*,*,#22097,.T.);
#22095=ORIENTED_EDGE('',*,*,#22098,.T.);
#22096=ORIENTED_EDGE('',*,*,#22099,.T.);
#22097=EDGE_CURVE('',#973,#937,#22100,.F.);
#22098=EDGE_CURVE('',#937,#971,#22101,.T.);
#22099=EDGE_CURVE('',#971,#973,#22102,.T.);
#22100=LINE('',#972,#22103);
#22101=LINE('',#936,#22104);
#22102=LINE('',#970,#22105);
#22103=VECTOR('',#22106,1.0);
#22104=VECTOR('',#22107,1.0);
#22105=VECTOR('',#22108,1.0);
#22106=DIRECTION('',(-0.03674954954261626,-0.10502210892892365,0.9937906355186369));
#22107=DIRECTION('',(0,0,-1));
#22108=DIRECTION('',(0.3302848608994912,0.9438813011499929,0));
#22109=FACE_SURFACE('',(#22114),#22110,.T.);
#22110=PLANE('',#22111);
#22111=AXIS2_PLACEMENT_3D('',#972,#22112,#22113);
#22112=DIRECTION('',(0.9438813011499929,-0.3302848608994912,0));
#22113=DIRECTION('',(0,0,1));
#22114=FACE_BOUND('',#22115,.T.);
#22115=EDGE_LOOP('',(#22116,#22117,#22118));
#22116=ORIENTED_EDGE('',*,*,#22119,.T.);
#22117=ORIENTED_EDGE('',*,*,#22120,.T.);
#22118=ORIENTED_EDGE('',*,*,#22121,.T.);
#22119=EDGE_CURVE('',#973,#939,#22122,.F.);
#22120=EDGE_CURVE('',#939,#937,#22123,.T.);
#22121=EDGE_CURVE('',#937,#973,#22124,.T.);
#22122=LINE('',#972,#22125);
#22123=LINE('',#938,#22126);
#22124=LINE('',#936,#22127);
#22125=VECTOR('',#22128,1.0);
#22126=VECTOR('',#22129,1.0);
#22127=VECTOR('',#22130,1.0);
#22128=DIRECTION('',(0,0,1));
#22129=DIRECTION('',(-0.3302848608994912,-0.9438813011499929,0));
#22130=DIRECTION('',(0.03674954954261626,0.10502210892892365,-0.9937906355186369));
#22131=FACE_SURFACE('',(#22136),#22132,.T.);
#22132=PLANE('',#22133);
#22133=AXIS2_PLACEMENT_3D('',#974,#22134,#22135);
#22134=DIRECTION('',(0.8467198116254329,-0.532039059281357,0));
#22135=DIRECTION('',(-0.059200388493012075,-0.09421515379089401,0.9937901281449896));
#22136=FACE_BOUND('',#22137,.T.);
#22137=EDGE_LOOP('',(#22138,#22139,#22140));
#22138=ORIENTED_EDGE('',*,*,#22141,.T.);
#22139=ORIENTED_EDGE('',*,*,#22142,.T.);
#22140=ORIENTED_EDGE('',*,*,#22143,.T.);
#22141=EDGE_CURVE('',#975,#939,#22144,.F.);
#22142=EDGE_CURVE('',#939,#973,#22145,.T.);
#22143=EDGE_CURVE('',#973,#975,#22146,.T.);
#22144=LINE('',#974,#22147);
#22145=LINE('',#938,#22148);
#22146=LINE('',#972,#22149);
#22147=VECTOR('',#22150,1.0);
#22148=VECTOR('',#22151,1.0);
#22149=VECTOR('',#22152,1.0);
#22150=DIRECTION('',(-0.059200388493012075,-0.09421515379089401,0.9937901281449896));
#22151=DIRECTION('',(0,0,-1));
#22152=DIRECTION('',(0.5320390592813571,0.846719811625433,0));
#22153=FACE_SURFACE('',(#22158),#22154,.T.);
#22154=PLANE('',#22155);
#22155=AXIS2_PLACEMENT_3D('',#974,#22156,#22157);
#22156=DIRECTION('',(0.8467198116254329,-0.532039059281357,0));
#22157=DIRECTION('',(0,0,1));
#22158=FACE_BOUND('',#22159,.T.);
#22159=EDGE_LOOP('',(#22160,#22161,#22162));
#22160=ORIENTED_EDGE('',*,*,#22163,.T.);
#22161=ORIENTED_EDGE('',*,*,#22164,.T.);
#22162=ORIENTED_EDGE('',*,*,#22165,.T.);
#22163=EDGE_CURVE('',#975,#941,#22166,.F.);
#22164=EDGE_CURVE('',#941,#939,#22167,.T.);
#22165=EDGE_CURVE('',#939,#975,#22168,.T.);
#22166=LINE('',#974,#22169);
#22167=LINE('',#940,#22170);
#22168=LINE('',#938,#22171);
#22169=VECTOR('',#22172,1.0);
#22170=VECTOR('',#22173,1.0);
#22171=VECTOR('',#22174,1.0);
#22172=DIRECTION('',(0,0,1));
#22173=DIRECTION('',(-0.5320390592813571,-0.846719811625433,0));
#22174=DIRECTION('',(0.059200388493012075,0.09421515379089401,-0.9937901281449896));
#22175=FACE_SURFACE('',(#22180),#22176,.T.);
#22176=PLANE('',#22177);
#22177=AXIS2_PLACEMENT_3D('',#966,#22178,#22179);
#22178=DIRECTION('',(0.70707952449269,-0.7071340368297876,0));
#22179=DIRECTION('',(-0.07868314176960194,-0.07867707615583616,0.9937901593841798));
#22180=FACE_BOUND('',#22181,.T.);
#22181=EDGE_LOOP('',(#22182,#22183,#22184));
#22182=ORIENTED_EDGE('',*,*,#22185,.T.);
#22183=ORIENTED_EDGE('',*,*,#22186,.T.);
#22184=ORIENTED_EDGE('',*,*,#22187,.T.);
#22185=EDGE_CURVE('',#967,#941,#22188,.F.);
#22186=EDGE_CURVE('',#941,#975,#22189,.T.);
#22187=EDGE_CURVE('',#975,#967,#22190,.T.);
#22188=LINE('',#966,#22191);
#22189=LINE('',#940,#22192);
#22190=LINE('',#974,#22193);
#22191=VECTOR('',#22194,1.0);
#22192=VECTOR('',#22195,1.0);
#22193=VECTOR('',#22196,1.0);
#22194=DIRECTION('',(-0.07868314176960194,-0.07867707615583616,0.9937901593841798));
#22195=DIRECTION('',(0,0,-1));
#22196=DIRECTION('',(0.7071340368297876,0.70707952449269,0));
#22197=FACE_SURFACE('',(#22202),#22198,.T.);
#22198=PLANE('',#22199);
#22199=AXIS2_PLACEMENT_3D('',#952,#22200,#22201);
#22200=DIRECTION('',(-0.951050158914368,-0.3090365596963495,-0));
#22201=DIRECTION('',(0,0,-1));
#22202=FACE_BOUND('',#22203,.T.);
#22203=EDGE_LOOP('',(#22204,#22205,#22206));
#22204=ORIENTED_EDGE('',*,*,#22207,.T.);
#22205=ORIENTED_EDGE('',*,*,#22208,.T.);
#22206=ORIENTED_EDGE('',*,*,#22209,.T.);
#22207=EDGE_CURVE('',#953,#949,#22210,.F.);
#22208=EDGE_CURVE('',#949,#947,#22211,.T.);
#22209=EDGE_CURVE('',#947,#953,#22212,.T.);
#22210=LINE('',#952,#22213);
#22211=LINE('',#948,#22214);
#22212=LINE('',#946,#22215);
#22213=VECTOR('',#22216,1.0);
#22214=VECTOR('',#22217,1.0);
#22215=VECTOR('',#22218,1.0);
#22216=DIRECTION('',(0,0,-1));
#22217=DIRECTION('',(0.30903655969634947,-0.951050158914368,0));
#22218=DIRECTION('',(-0.03424418627434691,0.10538539139223908,0.9938416649484526));
#22219=FACE_SURFACE('',(#22224),#22220,.T.);
#22220=PLANE('',#22221);
#22221=AXIS2_PLACEMENT_3D('',#954,#22222,#22223);
#22222=DIRECTION('',(-0.8660427738981109,-0.49996991287363024,0));
#22223=DIRECTION('',(0.055402134653466176,-0.09596701149353327,-0.9938415045573611));
#22224=FACE_BOUND('',#22225,.T.);
#22225=EDGE_LOOP('',(#22226,#22227,#22228));
#22226=ORIENTED_EDGE('',*,*,#22229,.T.);
#22227=ORIENTED_EDGE('',*,*,#22230,.T.);
#22228=ORIENTED_EDGE('',*,*,#22231,.T.);
#22229=EDGE_CURVE('',#955,#949,#22232,.F.);
#22230=EDGE_CURVE('',#949,#953,#22233,.T.);
#22231=EDGE_CURVE('',#953,#955,#22234,.T.);
#22232=LINE('',#954,#22235);
#22233=LINE('',#948,#22236);
#22234=LINE('',#952,#22237);
#22235=VECTOR('',#22238,1.0);
#22236=VECTOR('',#22239,1.0);
#22237=VECTOR('',#22240,1.0);
#22238=DIRECTION('',(0.055402134653466176,-0.09596701149353327,-0.9938415045573611));
#22239=DIRECTION('',(0,0,1));
#22240=DIRECTION('',(-0.4999699128736303,0.866042773898111,0));
#22241=FACE_SURFACE('',(#22246),#22242,.T.);
#22242=PLANE('',#22243);
#22243=AXIS2_PLACEMENT_3D('',#954,#22244,#22245);
#22244=DIRECTION('',(-0.8660427738981109,-0.49996991287363024,-0));
#22245=DIRECTION('',(0,0,-1));
#22246=FACE_BOUND('',#22247,.T.);
#22247=EDGE_LOOP('',(#22248,#22249,#22250));
#22248=ORIENTED_EDGE('',*,*,#22251,.T.);
#22249=ORIENTED_EDGE('',*,*,#22252,.T.);
#22250=ORIENTED_EDGE('',*,*,#22253,.T.);
#22251=EDGE_CURVE('',#955,#951,#22254,.F.);
#22252=EDGE_CURVE('',#951,#949,#22255,.T.);
#22253=EDGE_CURVE('',#949,#955,#22256,.T.);
#22254=LINE('',#954,#22257);
#22255=LINE('',#950,#22258);
#22256=LINE('',#948,#22259);
#22257=VECTOR('',#22260,1.0);
#22258=VECTOR('',#22261,1.0);
#22259=VECTOR('',#22262,1.0);
#22260=DIRECTION('',(0,0,-1));
#22261=DIRECTION('',(0.4999699128736303,-0.866042773898111,0));
#22262=DIRECTION('',(-0.055402134653466176,0.09596701149353327,0.9938415045573611));
#22263=FACE_SURFACE('',(#22268),#22264,.T.);
#22264=PLANE('',#22265);
#22265=AXIS2_PLACEMENT_3D('',#976,#22266,#22267);
#22266=DIRECTION('',(0,0,-1));
#22267=DIRECTION('',(-0.7071088650341024,0.7071046973328515,0));
#22268=FACE_BOUND('',#22269,.T.);
#22269=EDGE_LOOP('',(#22270,#22271,#22272));
#22270=ORIENTED_EDGE('',*,*,#22273,.T.);
#22271=ORIENTED_EDGE('',*,*,#22274,.T.);
#22272=ORIENTED_EDGE('',*,*,#22275,.T.);
#22273=EDGE_CURVE('',#977,#959,#22276,.F.);
#22274=EDGE_CURVE('',#959,#961,#22277,.T.);
#22275=EDGE_CURVE('',#961,#977,#22278,.T.);
#22276=LINE('',#976,#22279);
#22277=LINE('',#958,#22280);
#22278=LINE('',#960,#22281);
#22279=VECTOR('',#22282,1.0);
#22280=VECTOR('',#22283,1.0);
#22281=VECTOR('',#22284,1.0);
#22282=DIRECTION('',(-0.7071088650341024,0.7071046973328515,0));
#22283=DIRECTION('',(0.9997685882241298,0.021512089631886888,0));
#22284=DIRECTION('',(-0.8761576726023851,-0.48202461839616834,0));
#22285=FACE_SURFACE('',(#22290),#22286,.T.);
#22286=PLANE('',#22287);
#22287=AXIS2_PLACEMENT_3D('',#980,#22288,#22289);
#22288=DIRECTION('',(0.9438793188067159,0.3302905259449168,0));
#22289=DIRECTION('',(0,0,-1));
#22290=FACE_BOUND('',#22291,.T.);
#22291=EDGE_LOOP('',(#22292,#22293,#22294));
#22292=ORIENTED_EDGE('',*,*,#22295,.T.);
#22293=ORIENTED_EDGE('',*,*,#22296,.T.);
#22294=ORIENTED_EDGE('',*,*,#22297,.T.);
#22295=EDGE_CURVE('',#981,#995,#22298,.F.);
#22296=EDGE_CURVE('',#995,#961,#22299,.T.);
#22297=EDGE_CURVE('',#961,#981,#22300,.T.);
#22298=LINE('',#980,#22301);
#22299=LINE('',#994,#22302);
#22300=LINE('',#960,#22303);
#22301=VECTOR('',#22304,1.0);
#22302=VECTOR('',#22305,1.0);
#22303=VECTOR('',#22306,1.0);
#22304=DIRECTION('',(0,0,-1));
#22305=DIRECTION('',(-0.3302905259449168,0.943879318806716,0));
#22306=DIRECTION('',(0.0367495573459902,-0.10502010935659237,0.9937908465394533));
#22307=FACE_SURFACE('',(#22312),#22308,.T.);
#22308=PLANE('',#22309);
#22309=AXIS2_PLACEMENT_3D('',#976,#22310,#22311);
#22310=DIRECTION('',(0,0,-1));
#22311=DIRECTION('',(0.8761576726023851,0.48202461839616834,0));
#22312=FACE_BOUND('',#22313,.T.);
#22313=EDGE_LOOP('',(#22314,#22315,#22316));
#22314=ORIENTED_EDGE('',*,*,#22317,.T.);
#22315=ORIENTED_EDGE('',*,*,#22318,.T.);
#22316=ORIENTED_EDGE('',*,*,#22319,.T.);
#22317=EDGE_CURVE('',#977,#961,#22320,.F.);
#22318=EDGE_CURVE('',#961,#995,#22321,.T.);
#22319=EDGE_CURVE('',#995,#977,#22322,.T.);
#22320=LINE('',#976,#22323);
#22321=LINE('',#960,#22324);
#22322=LINE('',#994,#22325);
#22323=VECTOR('',#22326,1.0);
#22324=VECTOR('',#22327,1.0);
#22325=VECTOR('',#22328,1.0);
#22326=DIRECTION('',(0.8761576726023851,0.48202461839616834,0));
#22327=DIRECTION('',(0.3302905259449168,-0.943879318806716,0));
#22328=DIRECTION('',(-0.9090975228374637,-0.4165833577698313,0));
#22329=FACE_SURFACE('',(#22334),#22330,.T.);
#22330=PLANE('',#22331);
#22331=AXIS2_PLACEMENT_3D('',#996,#22332,#22333);
#22332=DIRECTION('',(-0.6663479821366337,-0.7456409100246825,0));
#22333=DIRECTION('',(0,0,1));
#22334=FACE_BOUND('',#22335,.T.);
#22335=EDGE_LOOP('',(#22336,#22337,#22338));
#22336=ORIENTED_EDGE('',*,*,#22339,.T.);
#22337=ORIENTED_EDGE('',*,*,#22340,.T.);
#22338=ORIENTED_EDGE('',*,*,#22341,.T.);
#22339=EDGE_CURVE('',#997,#999,#22342,.F.);
#22340=EDGE_CURVE('',#999,#977,#22343,.T.);
#22341=EDGE_CURVE('',#977,#997,#22344,.T.);
#22342=LINE('',#996,#22345);
#22343=LINE('',#998,#22346);
#22344=LINE('',#976,#22347);
#22345=VECTOR('',#22348,1.0);
#22346=VECTOR('',#22349,1.0);
#22347=VECTOR('',#22350,1.0);
#22348=DIRECTION('',(0,0,1));
#22349=DIRECTION('',(-0.13698363840131605,0.12241652759024409,-0.9829799980584979));
#22350=DIRECTION('',(0.7456409100246824,-0.6663479821366336,0));
#22351=FACE_SURFACE('',(#22356),#22352,.T.);
#22352=PLANE('',#22353);
#22353=AXIS2_PLACEMENT_3D('',#976,#22354,#22355);
#22354=DIRECTION('',(-0.6663479821366337,-0.7456409100246825,0));
#22355=DIRECTION('',(0.13698363840131605,-0.12241652759024409,0.9829799980584979));
#22356=FACE_BOUND('',#22357,.T.);
#22357=EDGE_LOOP('',(#22358,#22359,#22360));
#22358=ORIENTED_EDGE('',*,*,#22361,.T.);
#22359=ORIENTED_EDGE('',*,*,#22362,.T.);
#22360=ORIENTED_EDGE('',*,*,#22363,.T.);
#22361=EDGE_CURVE('',#977,#999,#22364,.F.);
#22362=EDGE_CURVE('',#999,#979,#22365,.T.);
#22363=EDGE_CURVE('',#979,#977,#22366,.T.);
#22364=LINE('',#976,#22367);
#22365=LINE('',#998,#22368);
#22366=LINE('',#978,#22369);
#22367=VECTOR('',#22370,1.0);
#22368=VECTOR('',#22371,1.0);
#22369=VECTOR('',#22372,1.0);
#22370=DIRECTION('',(0.13698363840131605,-0.12241652759024409,0.9829799980584979));
#22371=DIRECTION('',(-0.7456409100246824,0.6663479821366336,0));
#22372=DIRECTION('',(0,0,-1));
#22373=FACE_SURFACE('',(#22378),#22374,.T.);
#22374=PLANE('',#22375);
#22375=AXIS2_PLACEMENT_3D('',#976,#22376,#22377);
#22376=DIRECTION('',(0,0,-1));
#22377=DIRECTION('',(0.7818220315310166,-0.6235016527746451,0));
#22378=FACE_BOUND('',#22379,.T.);
#22379=EDGE_LOOP('',(#22380,#22381,#22382));
#22380=ORIENTED_EDGE('',*,*,#22383,.T.);
#22381=ORIENTED_EDGE('',*,*,#22384,.T.);
#22382=ORIENTED_EDGE('',*,*,#22385,.T.);
#22383=EDGE_CURVE('',#977,#1001,#22386,.F.);
#22384=EDGE_CURVE('',#1001,#997,#22387,.T.);
#22385=EDGE_CURVE('',#997,#977,#22388,.T.);
#22386=LINE('',#976,#22389);
#22387=LINE('',#1000,#22390);
#22388=LINE('',#996,#22391);
#22389=VECTOR('',#22392,1.0);
#22390=VECTOR('',#22393,1.0);
#22391=VECTOR('',#22394,1.0);
#22392=DIRECTION('',(0.7818220315310166,-0.6235016527746451,0));
#22393=DIRECTION('',(-0.8155432725310849,0.5786960952255411,0));
#22394=DIRECTION('',(-0.7456409100246824,0.6663479821366336,0));
#22395=FACE_SURFACE('',(#22400),#22396,.T.);
#22396=PLANE('',#22397);
#22397=AXIS2_PLACEMENT_3D('',#976,#22398,#22399);
#22398=DIRECTION('',(0,0,-1));
#22399=DIRECTION('',(0.8155636155355136,-0.578667425223367,0));
#22400=FACE_BOUND('',#22401,.T.);
#22401=EDGE_LOOP('',(#22402,#22403,#22404));
#22402=ORIENTED_EDGE('',*,*,#22405,.T.);
#22403=ORIENTED_EDGE('',*,*,#22406,.T.);
#22404=ORIENTED_EDGE('',*,*,#22407,.T.);
#22405=EDGE_CURVE('',#977,#1003,#22408,.F.);
#22406=EDGE_CURVE('',#1003,#1001,#22409,.T.);
#22407=EDGE_CURVE('',#1001,#977,#22410,.T.);
#22408=LINE('',#976,#22411);
#22409=LINE('',#1002,#22412);
#22410=LINE('',#1000,#22413);
#22411=VECTOR('',#22414,1.0);
#22412=VECTOR('',#22415,1.0);
#22413=VECTOR('',#22416,1.0);
#22414=DIRECTION('',(0.8155636155355136,-0.578667425223367,0));
#22415=DIRECTION('',(-0.8752415354392695,0.48368611169012266,0));
#22416=DIRECTION('',(-0.7818220315310166,0.6235016527746451,0));
#22417=FACE_SURFACE('',(#22422),#22418,.T.);
#22418=PLANE('',#22419);
#22419=AXIS2_PLACEMENT_3D('',#976,#22420,#22421);
#22420=DIRECTION('',(0,0,-1));
#22421=DIRECTION('',(0.8467217763485632,-0.5320359324868328,0));
#22422=FACE_BOUND('',#22423,.T.);
#22423=EDGE_LOOP('',(#22424,#22425,#22426));
#22424=ORIENTED_EDGE('',*,*,#22427,.T.);
#22425=ORIENTED_EDGE('',*,*,#22428,.T.);
#22426=ORIENTED_EDGE('',*,*,#22429,.T.);
#22427=EDGE_CURVE('',#977,#1005,#22430,.F.);
#22428=EDGE_CURVE('',#1005,#1003,#22431,.T.);
#22429=EDGE_CURVE('',#1003,#977,#22432,.T.);
#22430=LINE('',#976,#22433);
#22431=LINE('',#1004,#22434);
#22432=LINE('',#1002,#22435);
#22433=VECTOR('',#22436,1.0);
#22434=VECTOR('',#22437,1.0);
#22435=VECTOR('',#22438,1.0);
#22436=DIRECTION('',(0.8467217763485632,-0.5320359324868328,0));
#22437=DIRECTION('',(-0.9238698202748508,0.3827068789364973,0));
#22438=DIRECTION('',(-0.8155636155355136,0.578667425223367,0));
#22439=FACE_SURFACE('',(#22444),#22440,.T.);
#22440=PLANE('',#22441);
#22441=AXIS2_PLACEMENT_3D('',#976,#22442,#22443);
#22442=DIRECTION('',(0,0,-1));
#22443=DIRECTION('',(0.8752201162210129,-0.4837248682485496,0));
#22444=FACE_BOUND('',#22445,.T.);
#22445=EDGE_LOOP('',(#22446,#22447,#22448));
#22446=ORIENTED_EDGE('',*,*,#22449,.T.);
#22447=ORIENTED_EDGE('',*,*,#22450,.T.);
#22448=ORIENTED_EDGE('',*,*,#22451,.T.);
#22449=EDGE_CURVE('',#977,#1007,#22452,.F.);
#22450=EDGE_CURVE('',#1007,#1005,#22453,.T.);
#22451=EDGE_CURVE('',#1005,#977,#22454,.T.);
#22452=LINE('',#976,#22455);
#22453=LINE('',#1006,#22456);
#22454=LINE('',#1004,#22457);
#22455=VECTOR('',#22458,1.0);
#22456=VECTOR('',#22459,1.0);
#22457=VECTOR('',#22460,1.0);
#22458=DIRECTION('',(0.8752201162210129,-0.4837248682485496,0));
#22459=DIRECTION('',(-0.9609111756193071,0.27685684490350104,0));
#22460=DIRECTION('',(-0.8467217763485632,0.5320359324868328,0));
#22461=FACE_SURFACE('',(#22466),#22462,.T.);
#22462=PLANE('',#22463);
#22463=AXIS2_PLACEMENT_3D('',#976,#22464,#22465);
#22464=DIRECTION('',(0,0,-1));
#22465=DIRECTION('',(0.9009681190146285,-0.4338852941956462,0));
#22466=FACE_BOUND('',#22467,.T.);
#22467=EDGE_LOOP('',(#22468,#22469,#22470));
#22468=ORIENTED_EDGE('',*,*,#22471,.T.);
#22469=ORIENTED_EDGE('',*,*,#22472,.T.);
#22470=ORIENTED_EDGE('',*,*,#22473,.T.);
#22471=EDGE_CURVE('',#977,#985,#22474,.F.);
#22472=EDGE_CURVE('',#985,#1007,#22475,.T.);
#22473=EDGE_CURVE('',#1007,#977,#22476,.T.);
#22474=LINE('',#976,#22477);
#22475=LINE('',#984,#22478);
#22476=LINE('',#1006,#22479);
#22477=VECTOR('',#22480,1.0);
#22478=VECTOR('',#22481,1.0);
#22479=VECTOR('',#22482,1.0);
#22480=DIRECTION('',(0.9009681190146285,-0.4338852941956462,0));
#22481=DIRECTION('',(-0.9858748330379549,0.16748377110151458,0));
#22482=DIRECTION('',(-0.8752201162210129,0.4837248682485496,0));
#22483=FACE_SURFACE('',(#22488),#22484,.T.);
#22484=PLANE('',#22485);
#22485=AXIS2_PLACEMENT_3D('',#976,#22486,#22487);
#22486=DIRECTION('',(0,0,-1));
#22487=DIRECTION('',(0.9090975228374637,0.4165833577698313,0));
#22488=FACE_BOUND('',#22489,.T.);
#22489=EDGE_LOOP('',(#22490,#22491,#22492));
#22490=ORIENTED_EDGE('',*,*,#22493,.T.);
#22491=ORIENTED_EDGE('',*,*,#22494,.T.);
#22492=ORIENTED_EDGE('',*,*,#22495,.T.);
#22493=EDGE_CURVE('',#977,#995,#22496,.F.);
#22494=EDGE_CURVE('',#995,#1009,#22497,.T.);
#22495=EDGE_CURVE('',#1009,#977,#22498,.T.);
#22496=LINE('',#976,#22499);
#22497=LINE('',#994,#22500);
#22498=LINE('',#1008,#22501);
#22499=VECTOR('',#22502,1.0);
#22500=VECTOR('',#22503,1.0);
#22501=VECTOR('',#22504,1.0);
#22502=DIRECTION('',(0.9090975228374637,0.4165833577698313,0));
#22503=DIRECTION('',(0.5320390592813571,-0.846719811625433,0));
#22504=DIRECTION('',(-0.9369785781692448,-0.34938681150258166,0));
#22505=FACE_SURFACE('',(#22510),#22506,.T.);
#22506=PLANE('',#22507);
#22507=AXIS2_PLACEMENT_3D('',#976,#22508,#22509);
#22508=DIRECTION('',(0,0,-1));
#22509=DIRECTION('',(0.9369785781692448,0.34938681150258166,0));
#22510=FACE_BOUND('',#22511,.T.);
#22511=EDGE_LOOP('',(#22512,#22513,#22514));
#22512=ORIENTED_EDGE('',*,*,#22515,.T.);
#22513=ORIENTED_EDGE('',*,*,#22516,.T.);
#22514=ORIENTED_EDGE('',*,*,#22517,.T.);
#22515=EDGE_CURVE('',#977,#1009,#22518,.F.);
#22516=EDGE_CURVE('',#1009,#1011,#22519,.T.);
#22517=EDGE_CURVE('',#1011,#977,#22520,.T.);
#22518=LINE('',#976,#22521);
#22519=LINE('',#1008,#22522);
#22520=LINE('',#1010,#22523);
#22521=VECTOR('',#22524,1.0);
#22522=VECTOR('',#22525,1.0);
#22523=VECTOR('',#22526,1.0);
#22524=DIRECTION('',(0.9369785781692448,0.34938681150258166,0));
#22525=DIRECTION('',(0.7071067811865475,-0.7071067811865475,0));
#22526=DIRECTION('',(-0.9575916993844231,-0.28812868179001655,0));
#22527=FACE_SURFACE('',(#22532),#22528,.T.);
#22528=PLANE('',#22529);
#22529=AXIS2_PLACEMENT_3D('',#976,#22530,#22531);
#22530=DIRECTION('',(0,0,-1));
#22531=DIRECTION('',(0.9575916993844231,0.28812868179001655,0));
#22532=FACE_BOUND('',#22533,.T.);
#22533=EDGE_LOOP('',(#22534,#22535,#22536));
#22534=ORIENTED_EDGE('',*,*,#22537,.T.);
#22535=ORIENTED_EDGE('',*,*,#22538,.T.);
#22536=ORIENTED_EDGE('',*,*,#22539,.T.);
#22537=EDGE_CURVE('',#977,#1011,#22540,.F.);
#22538=EDGE_CURVE('',#1011,#1013,#22541,.T.);
#22539=EDGE_CURVE('',#1013,#977,#22542,.T.);
#22540=LINE('',#976,#22543);
#22541=LINE('',#1010,#22544);
#22542=LINE('',#1012,#22545);
#22543=VECTOR('',#22546,1.0);
#22544=VECTOR('',#22547,1.0);
#22545=VECTOR('',#22548,1.0);
#22546=DIRECTION('',(0.9575916993844231,0.28812868179001655,0));
#22547=DIRECTION('',(0.8467095241332129,-0.5320554310803604,0));
#22548=DIRECTION('',(-0.9710527811549722,-0.2388650167169601,0));
#22549=FACE_SURFACE('',(#22554),#22550,.T.);
#22550=PLANE('',#22551);
#22551=AXIS2_PLACEMENT_3D('',#976,#22552,#22553);
#22552=DIRECTION('',(0,0,-1));
#22553=DIRECTION('',(0.9788175166376786,0.20473463098178518,0));
#22554=FACE_BOUND('',#22555,.T.);
#22555=EDGE_LOOP('',(#22556,#22557,#22558));
#22556=ORIENTED_EDGE('',*,*,#22559,.T.);
#22557=ORIENTED_EDGE('',*,*,#22560,.T.);
#22558=ORIENTED_EDGE('',*,*,#22561,.T.);
#22559=EDGE_CURVE('',#977,#1015,#22562,.F.);
#22560=EDGE_CURVE('',#1015,#987,#22563,.T.);
#22561=EDGE_CURVE('',#987,#977,#22564,.T.);
#22562=LINE('',#976,#22565);
#22563=LINE('',#1014,#22566);
#22564=LINE('',#986,#22567);
#22565=VECTOR('',#22568,1.0);
#22566=VECTOR('',#22569,1.0);
#22567=VECTOR('',#22570,1.0);
#22568=DIRECTION('',(0.9788175166376786,0.20473463098178518,0));
#22569=DIRECTION('',(0.9937069663595489,-0.11201100396167543,0));
#22570=DIRECTION('',(-0.9825135876799909,-0.18619089672750636,0));
#22571=FACE_SURFACE('',(#22576),#22572,.T.);
#22572=PLANE('',#22573);
#22573=AXIS2_PLACEMENT_3D('',#976,#22574,#22575);
#22574=DIRECTION('',(0,0,-1));
#22575=DIRECTION('',(0.9710527811549722,0.2388650167169601,0));
#22576=FACE_BOUND('',#22577,.T.);
#22577=EDGE_LOOP('',(#22578,#22579,#22580));
#22578=ORIENTED_EDGE('',*,*,#22581,.T.);
#22579=ORIENTED_EDGE('',*,*,#22582,.T.);
#22580=ORIENTED_EDGE('',*,*,#22583,.T.);
#22581=EDGE_CURVE('',#977,#1013,#22584,.F.);
#22582=EDGE_CURVE('',#1013,#1015,#22585,.T.);
#22583=EDGE_CURVE('',#1015,#977,#22586,.T.);
#22584=LINE('',#976,#22587);
#22585=LINE('',#1012,#22588);
#22586=LINE('',#1014,#22589);
#22587=VECTOR('',#22590,1.0);
#22588=VECTOR('',#22591,1.0);
#22589=VECTOR('',#22592,1.0);
#22590=DIRECTION('',(0.9710527811549722,0.2388650167169601,0));
#22591=DIRECTION('',(0.9438946125154789,-0.3302468174929985,0));
#22592=DIRECTION('',(-0.9788175166376786,-0.20473463098178518,0));
#22593=FACE_SURFACE('',(#22598),#22594,.T.);
#22594=PLANE('',#22595);
#22595=AXIS2_PLACEMENT_3D('',#978,#22596,#22597);
#22596=DIRECTION('',(0,0,1));
#22597=DIRECTION('',(0.7456409100246824,-0.6663479821366336,0));
#22598=FACE_BOUND('',#22599,.T.);
#22599=EDGE_LOOP('',(#22600,#22601,#22602));
#22600=ORIENTED_EDGE('',*,*,#22603,.T.);
#22601=ORIENTED_EDGE('',*,*,#22604,.T.);
#22602=ORIENTED_EDGE('',*,*,#22605,.T.);
#22603=EDGE_CURVE('',#979,#999,#22606,.F.);
#22604=EDGE_CURVE('',#999,#1017,#22607,.T.);
#22605=EDGE_CURVE('',#1017,#979,#22608,.T.);
#22606=LINE('',#978,#22609);
#22607=LINE('',#998,#22610);
#22608=LINE('',#1016,#22611);
#22609=VECTOR('',#22612,1.0);
#22610=VECTOR('',#22613,1.0);
#22611=VECTOR('',#22614,1.0);
#22612=DIRECTION('',(0.7456409100246824,-0.6663479821366336,0));
#22613=DIRECTION('',(0.8155432725310849,-0.5786960952255411,0));
#22614=DIRECTION('',(-0.7818220315310166,0.6235016527746451,0));
#22615=FACE_SURFACE('',(#22620),#22616,.T.);
#22616=PLANE('',#22617);
#22617=AXIS2_PLACEMENT_3D('',#978,#22618,#22619);
#22618=DIRECTION('',(0,0,1));
#22619=DIRECTION('',(0.7818220315310166,-0.6235016527746451,0));
#22620=FACE_BOUND('',#22621,.T.);
#22621=EDGE_LOOP('',(#22622,#22623,#22624));
#22622=ORIENTED_EDGE('',*,*,#22625,.T.);
#22623=ORIENTED_EDGE('',*,*,#22626,.T.);
#22624=ORIENTED_EDGE('',*,*,#22627,.T.);
#22625=EDGE_CURVE('',#979,#1017,#22628,.F.);
#22626=EDGE_CURVE('',#1017,#1019,#22629,.T.);
#22627=EDGE_CURVE('',#1019,#979,#22630,.T.);
#22628=LINE('',#978,#22631);
#22629=LINE('',#1016,#22632);
#22630=LINE('',#1018,#22633);
#22631=VECTOR('',#22634,1.0);
#22632=VECTOR('',#22635,1.0);
#22633=VECTOR('',#22636,1.0);
#22634=DIRECTION('',(0.7818220315310166,-0.6235016527746451,0));
#22635=DIRECTION('',(0.8752415354392695,-0.48368611169012266,0));
#22636=DIRECTION('',(-0.8155636155355136,0.578667425223367,0));
#22637=FACE_SURFACE('',(#22642),#22638,.T.);
#22638=PLANE('',#22639);
#22639=AXIS2_PLACEMENT_3D('',#978,#22640,#22641);
#22640=DIRECTION('',(0,0,1));
#22641=DIRECTION('',(0.8155636155355136,-0.578667425223367,0));
#22642=FACE_BOUND('',#22643,.T.);
#22643=EDGE_LOOP('',(#22644,#22645,#22646));
#22644=ORIENTED_EDGE('',*,*,#22647,.T.);
#22645=ORIENTED_EDGE('',*,*,#22648,.T.);
#22646=ORIENTED_EDGE('',*,*,#22649,.T.);
#22647=EDGE_CURVE('',#979,#1019,#22650,.F.);
#22648=EDGE_CURVE('',#1019,#1021,#22651,.T.);
#22649=EDGE_CURVE('',#1021,#979,#22652,.T.);
#22650=LINE('',#978,#22653);
#22651=LINE('',#1018,#22654);
#22652=LINE('',#1020,#22655);
#22653=VECTOR('',#22656,1.0);
#22654=VECTOR('',#22657,1.0);
#22655=VECTOR('',#22658,1.0);
#22656=DIRECTION('',(0.8155636155355136,-0.578667425223367,0));
#22657=DIRECTION('',(0.9238698202748508,-0.3827068789364973,0));
#22658=DIRECTION('',(-0.8467217763485632,0.5320359324868328,0));
#22659=FACE_SURFACE('',(#22664),#22660,.T.);
#22660=PLANE('',#22661);
#22661=AXIS2_PLACEMENT_3D('',#978,#22662,#22663);
#22662=DIRECTION('',(0,0,1));
#22663=DIRECTION('',(0.8467217763485632,-0.5320359324868328,0));
#22664=FACE_BOUND('',#22665,.T.);
#22665=EDGE_LOOP('',(#22666,#22667,#22668));
#22666=ORIENTED_EDGE('',*,*,#22669,.T.);
#22667=ORIENTED_EDGE('',*,*,#22670,.T.);
#22668=ORIENTED_EDGE('',*,*,#22671,.T.);
#22669=EDGE_CURVE('',#979,#1021,#22672,.F.);
#22670=EDGE_CURVE('',#1021,#1023,#22673,.T.);
#22671=EDGE_CURVE('',#1023,#979,#22674,.T.);
#22672=LINE('',#978,#22675);
#22673=LINE('',#1020,#22676);
#22674=LINE('',#1022,#22677);
#22675=VECTOR('',#22678,1.0);
#22676=VECTOR('',#22679,1.0);
#22677=VECTOR('',#22680,1.0);
#22678=DIRECTION('',(0.8467217763485632,-0.5320359324868328,0));
#22679=DIRECTION('',(0.9609111756193071,-0.27685684490350104,0));
#22680=DIRECTION('',(-0.8752201162210129,0.4837248682485496,0));
#22681=FACE_SURFACE('',(#22686),#22682,.T.);
#22682=PLANE('',#22683);
#22683=AXIS2_PLACEMENT_3D('',#978,#22684,#22685);
#22684=DIRECTION('',(0,0,1));
#22685=DIRECTION('',(0.8752201162210129,-0.4837248682485496,0));
#22686=FACE_BOUND('',#22687,.T.);
#22687=EDGE_LOOP('',(#22688,#22689,#22690));
#22688=ORIENTED_EDGE('',*,*,#22691,.T.);
#22689=ORIENTED_EDGE('',*,*,#22692,.T.);
#22690=ORIENTED_EDGE('',*,*,#22693,.T.);
#22691=EDGE_CURVE('',#979,#1023,#22694,.F.);
#22692=EDGE_CURVE('',#1023,#991,#22695,.T.);
#22693=EDGE_CURVE('',#991,#979,#22696,.T.);
#22694=LINE('',#978,#22697);
#22695=LINE('',#1022,#22698);
#22696=LINE('',#990,#22699);
#22697=VECTOR('',#22700,1.0);
#22698=VECTOR('',#22701,1.0);
#22699=VECTOR('',#22702,1.0);
#22700=DIRECTION('',(0.8752201162210129,-0.4837248682485496,0));
#22701=DIRECTION('',(0.9858748330379549,-0.16748377110151458,0));
#22702=DIRECTION('',(-0.9009681190146285,0.4338852941956462,0));
#22703=FACE_SURFACE('',(#22708),#22704,.T.);
#22704=PLANE('',#22705);
#22705=AXIS2_PLACEMENT_3D('',#978,#22706,#22707);
#22706=DIRECTION('',(0,0,1));
#22707=DIRECTION('',(0.9369785781692448,0.34938681150258166,0));
#22708=FACE_BOUND('',#22709,.T.);
#22709=EDGE_LOOP('',(#22710,#22711,#22712));
#22710=ORIENTED_EDGE('',*,*,#22713,.T.);
#22711=ORIENTED_EDGE('',*,*,#22714,.T.);
#22712=ORIENTED_EDGE('',*,*,#22715,.T.);
#22713=EDGE_CURVE('',#979,#1025,#22716,.F.);
#22714=EDGE_CURVE('',#1025,#981,#22717,.T.);
#22715=EDGE_CURVE('',#981,#979,#22718,.T.);
#22716=LINE('',#978,#22719);
#22717=LINE('',#1024,#22720);
#22718=LINE('',#980,#22721);
#22719=VECTOR('',#22722,1.0);
#22720=VECTOR('',#22723,1.0);
#22721=VECTOR('',#22724,1.0);
#22722=DIRECTION('',(0.9369785781692448,0.34938681150258166,0));
#22723=DIRECTION('',(-0.5320390592813571,0.846719811625433,0));
#22724=DIRECTION('',(-0.9090975228374637,-0.4165833577698313,0));
#22725=FACE_SURFACE('',(#22730),#22726,.T.);
#22726=PLANE('',#22727);
#22727=AXIS2_PLACEMENT_3D('',#978,#22728,#22729);
#22728=DIRECTION('',(0,0,1));
#22729=DIRECTION('',(0.9575916993844231,0.28812868179001655,0));
#22730=FACE_BOUND('',#22731,.T.);
#22731=EDGE_LOOP('',(#22732,#22733,#22734));
#22732=ORIENTED_EDGE('',*,*,#22735,.T.);
#22733=ORIENTED_EDGE('',*,*,#22736,.T.);
#22734=ORIENTED_EDGE('',*,*,#22737,.T.);
#22735=EDGE_CURVE('',#979,#1027,#22738,.F.);
#22736=EDGE_CURVE('',#1027,#1025,#22739,.T.);
#22737=EDGE_CURVE('',#1025,#979,#22740,.T.);
#22738=LINE('',#978,#22741);
#22739=LINE('',#1026,#22742);
#22740=LINE('',#1024,#22743);
#22741=VECTOR('',#22744,1.0);
#22742=VECTOR('',#22745,1.0);
#22743=VECTOR('',#22746,1.0);
#22744=DIRECTION('',(0.9575916993844231,0.28812868179001655,0));
#22745=DIRECTION('',(-0.7071067811865475,0.7071067811865475,0));
#22746=DIRECTION('',(-0.9369785781692448,-0.34938681150258166,0));
#22747=FACE_SURFACE('',(#22752),#22748,.T.);
#22748=PLANE('',#22749);
#22749=AXIS2_PLACEMENT_3D('',#978,#22750,#22751);
#22750=DIRECTION('',(0,0,1));
#22751=DIRECTION('',(0.9710527811549722,0.2388650167169601,0));
#22752=FACE_BOUND('',#22753,.T.);
#22753=EDGE_LOOP('',(#22754,#22755,#22756));
#22754=ORIENTED_EDGE('',*,*,#22757,.T.);
#22755=ORIENTED_EDGE('',*,*,#22758,.T.);
#22756=ORIENTED_EDGE('',*,*,#22759,.T.);
#22757=EDGE_CURVE('',#979,#1029,#22760,.F.);
#22758=EDGE_CURVE('',#1029,#1027,#22761,.T.);
#22759=EDGE_CURVE('',#1027,#979,#22762,.T.);
#22760=LINE('',#978,#22763);
#22761=LINE('',#1028,#22764);
#22762=LINE('',#1026,#22765);
#22763=VECTOR('',#22766,1.0);
#22764=VECTOR('',#22767,1.0);
#22765=VECTOR('',#22768,1.0);
#22766=DIRECTION('',(0.9710527811549722,0.2388650167169601,0));
#22767=DIRECTION('',(-0.8467095241332129,0.5320554310803604,0));
#22768=DIRECTION('',(-0.9575916993844231,-0.28812868179001655,0));
#22769=FACE_SURFACE('',(#22774),#22770,.T.);
#22770=PLANE('',#22771);
#22771=AXIS2_PLACEMENT_3D('',#978,#22772,#22773);
#22772=DIRECTION('',(0,0,1));
#22773=DIRECTION('',(0.9825135876799909,0.18619089672750636,0));
#22774=FACE_BOUND('',#22775,.T.);
#22775=EDGE_LOOP('',(#22776,#22777,#22778));
#22776=ORIENTED_EDGE('',*,*,#22779,.T.);
#22777=ORIENTED_EDGE('',*,*,#22780,.T.);
#22778=ORIENTED_EDGE('',*,*,#22781,.T.);
#22779=EDGE_CURVE('',#979,#993,#22782,.F.);
#22780=EDGE_CURVE('',#993,#1031,#22783,.T.);
#22781=EDGE_CURVE('',#1031,#979,#22784,.T.);
#22782=LINE('',#978,#22785);
#22783=LINE('',#992,#22786);
#22784=LINE('',#1030,#22787);
#22785=VECTOR('',#22788,1.0);
#22786=VECTOR('',#22789,1.0);
#22787=VECTOR('',#22790,1.0);
#22788=DIRECTION('',(0.9825135876799909,0.18619089672750636,0));
#22789=DIRECTION('',(-0.9937069663595489,0.11201100396167543,0));
#22790=DIRECTION('',(-0.9788175166376786,-0.20473463098178518,0));
#22791=FACE_SURFACE('',(#22796),#22792,.T.);
#22792=PLANE('',#22793);
#22793=AXIS2_PLACEMENT_3D('',#978,#22794,#22795);
#22794=DIRECTION('',(0,0,1));
#22795=DIRECTION('',(0.9788175166376786,0.20473463098178518,0));
#22796=FACE_BOUND('',#22797,.T.);
#22797=EDGE_LOOP('',(#22798,#22799,#22800));
#22798=ORIENTED_EDGE('',*,*,#22801,.T.);
#22799=ORIENTED_EDGE('',*,*,#22802,.T.);
#22800=ORIENTED_EDGE('',*,*,#22803,.T.);
#22801=EDGE_CURVE('',#979,#1031,#22804,.F.);
#22802=EDGE_CURVE('',#1031,#1029,#22805,.T.);
#22803=EDGE_CURVE('',#1029,#979,#22806,.T.);
#22804=LINE('',#978,#22807);
#22805=LINE('',#1030,#22808);
#22806=LINE('',#1028,#22809);
#22807=VECTOR('',#22810,1.0);
#22808=VECTOR('',#22811,1.0);
#22809=VECTOR('',#22812,1.0);
#22810=DIRECTION('',(0.9788175166376786,0.20473463098178518,0));
#22811=DIRECTION('',(-0.9438946125154789,0.3302468174929985,0));
#22812=DIRECTION('',(-0.9710527811549722,-0.2388650167169601,0));
#22813=FACE_SURFACE('',(#22818),#22814,.T.);
#22814=PLANE('',#22815);
#22815=AXIS2_PLACEMENT_3D('',#1024,#22816,#22817);
#22816=DIRECTION('',(0.8467198116254329,0.532039059281357,0));
#22817=DIRECTION('',(-0.059200388493012075,0.09421515379089401,-0.9937901281449896));
#22818=FACE_BOUND('',#22819,.T.);
#22819=EDGE_LOOP('',(#22820,#22821,#22822));
#22820=ORIENTED_EDGE('',*,*,#22823,.T.);
#22821=ORIENTED_EDGE('',*,*,#22824,.T.);
#22822=ORIENTED_EDGE('',*,*,#22825,.T.);
#22823=EDGE_CURVE('',#1025,#995,#22826,.F.);
#22824=EDGE_CURVE('',#995,#981,#22827,.T.);
#22825=EDGE_CURVE('',#981,#1025,#22828,.T.);
#22826=LINE('',#1024,#22829);
#22827=LINE('',#994,#22830);
#22828=LINE('',#980,#22831);
#22829=VECTOR('',#22832,1.0);
#22830=VECTOR('',#22833,1.0);
#22831=VECTOR('',#22834,1.0);
#22832=DIRECTION('',(-0.059200388493012075,0.09421515379089401,-0.9937901281449896));
#22833=DIRECTION('',(0,0,1));
#22834=DIRECTION('',(0.5320390592813571,-0.846719811625433,0));
#22835=FACE_SURFACE('',(#22840),#22836,.T.);
#22836=PLANE('',#22837);
#22837=AXIS2_PLACEMENT_3D('',#986,#22838,#22839);
#22838=DIRECTION('',(-0.1119948252201726,0.9937087898996884,0));
#22839=DIRECTION('',(0.11058006219150662,0.012462800836474197,0.9937890764347497));
#22840=FACE_BOUND('',#22841,.T.);
#22841=EDGE_LOOP('',(#22842,#22843,#22844));
#22842=ORIENTED_EDGE('',*,*,#22845,.T.);
#22843=ORIENTED_EDGE('',*,*,#22846,.T.);
#22844=ORIENTED_EDGE('',*,*,#22847,.T.);
#22845=EDGE_CURVE('',#987,#989,#22848,.F.);
#22846=EDGE_CURVE('',#989,#983,#22849,.T.);
#22847=EDGE_CURVE('',#983,#987,#22850,.T.);
#22848=LINE('',#986,#22851);
#22849=LINE('',#988,#22852);
#22850=LINE('',#982,#22853);
#22851=VECTOR('',#22854,1.0);
#22852=VECTOR('',#22855,1.0);
#22853=VECTOR('',#22856,1.0);
#22854=DIRECTION('',(0.11058006219150662,0.012462800836474197,0.9937890764347497));
#22855=DIRECTION('',(0,0,-1));
#22856=DIRECTION('',(-0.9937087898996884,-0.11199482522017258,0));
#22857=FACE_SURFACE('',(#22862),#22858,.T.);
#22858=PLANE('',#22859);
#22859=AXIS2_PLACEMENT_3D('',#984,#22860,#22861);
#22860=DIRECTION('',(-0.1674837711015146,-0.985874833037955,0));
#22861=DIRECTION('',(0,0,1));
#22862=FACE_BOUND('',#22863,.T.);
#22863=EDGE_LOOP('',(#22864,#22865,#22866));
#22864=ORIENTED_EDGE('',*,*,#22867,.T.);
#22865=ORIENTED_EDGE('',*,*,#22868,.T.);
#22866=ORIENTED_EDGE('',*,*,#22869,.T.);
#22867=EDGE_CURVE('',#985,#991,#22870,.F.);
#22868=EDGE_CURVE('',#991,#1007,#22871,.T.);
#22869=EDGE_CURVE('',#1007,#985,#22872,.T.);
#22870=LINE('',#984,#22873);
#22871=LINE('',#990,#22874);
#22872=LINE('',#1006,#22875);
#22873=VECTOR('',#22876,1.0);
#22874=VECTOR('',#22877,1.0);
#22875=VECTOR('',#22878,1.0);
#22876=DIRECTION('',(0,0,1));
#22877=DIRECTION('',(-0.18112469743978768,0.030770079882613873,-0.9829786600742474));
#22878=DIRECTION('',(0.9858748330379549,-0.16748377110151458,0));
#22879=FACE_SURFACE('',(#22884),#22880,.T.);
#22880=PLANE('',#22881);
#22881=AXIS2_PLACEMENT_3D('',#988,#22882,#22883);
#22882=DIRECTION('',(-0.1119948252201726,0.9937087898996884,0));
#22883=DIRECTION('',(-0.11058006219150662,-0.012462800836474197,-0.9937890764347497));
#22884=FACE_BOUND('',#22885,.T.);
#22885=EDGE_LOOP('',(#22886,#22887,#22888));
#22886=ORIENTED_EDGE('',*,*,#22889,.T.);
#22887=ORIENTED_EDGE('',*,*,#22890,.T.);
#22888=ORIENTED_EDGE('',*,*,#22891,.T.);
#22889=EDGE_CURVE('',#989,#987,#22892,.F.);
#22890=EDGE_CURVE('',#987,#993,#22893,.T.);
#22891=EDGE_CURVE('',#993,#989,#22894,.T.);
#22892=LINE('',#988,#22895);
#22893=LINE('',#986,#22896);
#22894=LINE('',#992,#22897);
#22895=VECTOR('',#22898,1.0);
#22896=VECTOR('',#22899,1.0);
#22897=VECTOR('',#22900,1.0);
#22898=DIRECTION('',(-0.11058006219150662,-0.012462800836474197,-0.9937890764347497));
#22899=DIRECTION('',(0,0,1));
#22900=DIRECTION('',(0.9937087898996884,0.11199482522017258,0));
#22901=FACE_SURFACE('',(#22906),#22902,.T.);
#22902=PLANE('',#22903);
#22903=AXIS2_PLACEMENT_3D('',#992,#22904,#22905);
#22904=DIRECTION('',(0.11201100396167542,0.9937069663595488,0));
#22905=DIRECTION('',(0,0,-1));
#22906=FACE_BOUND('',#22907,.T.);
#22907=EDGE_LOOP('',(#22908,#22909,#22910));
#22908=ORIENTED_EDGE('',*,*,#22911,.T.);
#22909=ORIENTED_EDGE('',*,*,#22912,.T.);
#22910=ORIENTED_EDGE('',*,*,#22913,.T.);
#22911=EDGE_CURVE('',#993,#987,#22914,.F.);
#22912=EDGE_CURVE('',#987,#1015,#22915,.T.);
#22913=EDGE_CURVE('',#1015,#993,#22916,.T.);
#22914=LINE('',#992,#22917);
#22915=LINE('',#986,#22918);
#22916=LINE('',#1014,#22919);
#22917=VECTOR('',#22920,1.0);
#22918=VECTOR('',#22921,1.0);
#22919=VECTOR('',#22922,1.0);
#22920=DIRECTION('',(0,0,-1));
#22921=DIRECTION('',(-0.9937069663595489,0.11201100396167543,0));
#22922=DIRECTION('',(0.11056408498273874,-0.012462823126208793,0.9937908538277329));
#22923=FACE_SURFACE('',(#22928),#22924,.T.);
#22924=PLANE('',#22925);
#22925=AXIS2_PLACEMENT_3D('',#1006,#22926,#22927);
#22926=DIRECTION('',(-0.1674837711015146,-0.985874833037955,0));
#22927=DIRECTION('',(0.18112469743978768,-0.030770079882613873,0.9829786600742474));
#22928=FACE_BOUND('',#22929,.T.);
#22929=EDGE_LOOP('',(#22930,#22931,#22932));
#22930=ORIENTED_EDGE('',*,*,#22933,.T.);
#22931=ORIENTED_EDGE('',*,*,#22934,.T.);
#22932=ORIENTED_EDGE('',*,*,#22935,.T.);
#22933=EDGE_CURVE('',#1007,#991,#22936,.F.);
#22934=EDGE_CURVE('',#991,#1023,#22937,.T.);
#22935=EDGE_CURVE('',#1023,#1007,#22938,.T.);
#22936=LINE('',#1006,#22939);
#22937=LINE('',#990,#22940);
#22938=LINE('',#1022,#22941);
#22939=VECTOR('',#22942,1.0);
#22940=VECTOR('',#22943,1.0);
#22941=VECTOR('',#22944,1.0);
#22942=DIRECTION('',(0.18112469743978768,-0.030770079882613873,0.9829786600742474));
#22943=DIRECTION('',(-0.9858748330379549,0.16748377110151458,0));
#22944=DIRECTION('',(0,0,-1));
#22945=FACE_SURFACE('',(#22950),#22946,.T.);
#22946=PLANE('',#22947);
#22947=AXIS2_PLACEMENT_3D('',#992,#22948,#22949);
#22948=DIRECTION('',(0.11201100396167542,0.9937069663595488,0));
#22949=DIRECTION('',(-0.11056408498273874,0.012462823126208793,-0.9937908538277329));
#22950=FACE_BOUND('',#22951,.T.);
#22951=EDGE_LOOP('',(#22952,#22953,#22954));
#22952=ORIENTED_EDGE('',*,*,#22955,.T.);
#22953=ORIENTED_EDGE('',*,*,#22956,.T.);
#22954=ORIENTED_EDGE('',*,*,#22957,.T.);
#22955=EDGE_CURVE('',#993,#1015,#22958,.F.);
#22956=EDGE_CURVE('',#1015,#1031,#22959,.T.);
#22957=EDGE_CURVE('',#1031,#993,#22960,.T.);
#22958=LINE('',#992,#22961);
#22959=LINE('',#1014,#22962);
#22960=LINE('',#1030,#22963);
#22961=VECTOR('',#22964,1.0);
#22962=VECTOR('',#22965,1.0);
#22963=VECTOR('',#22966,1.0);
#22964=DIRECTION('',(-0.11056408498273874,0.012462823126208793,-0.9937908538277329));
#22965=DIRECTION('',(0,0,1));
#22966=DIRECTION('',(0.9937069663595489,-0.11201100396167543,0));
#22967=FACE_SURFACE('',(#22972),#22968,.T.);
#22968=PLANE('',#22969);
#22969=AXIS2_PLACEMENT_3D('',#1024,#22970,#22971);
#22970=DIRECTION('',(0.8467198116254329,0.532039059281357,0));
#22971=DIRECTION('',(0,0,-1));
#22972=FACE_BOUND('',#22973,.T.);
#22973=EDGE_LOOP('',(#22974,#22975,#22976));
#22974=ORIENTED_EDGE('',*,*,#22977,.T.);
#22975=ORIENTED_EDGE('',*,*,#22978,.T.);
#22976=ORIENTED_EDGE('',*,*,#22979,.T.);
#22977=EDGE_CURVE('',#1025,#1009,#22980,.F.);
#22978=EDGE_CURVE('',#1009,#995,#22981,.T.);
#22979=EDGE_CURVE('',#995,#1025,#22982,.T.);
#22980=LINE('',#1024,#22983);
#22981=LINE('',#1008,#22984);
#22982=LINE('',#994,#22985);
#22983=VECTOR('',#22986,1.0);
#22984=VECTOR('',#22987,1.0);
#22985=VECTOR('',#22988,1.0);
#22986=DIRECTION('',(0,0,-1));
#22987=DIRECTION('',(-0.5320390592813571,0.846719811625433,0));
#22988=DIRECTION('',(0.059200388493012075,-0.09421515379089401,0.9937901281449896));
#22989=FACE_SURFACE('',(#22994),#22990,.T.);
#22990=PLANE('',#22991);
#22991=AXIS2_PLACEMENT_3D('',#996,#22992,#22993);
#22992=DIRECTION('',(-0.5786960952255411,-0.815543272531085,0));
#22993=DIRECTION('',(0.14983067631392577,-0.10631738406568235,0.9829788310440576));
#22994=FACE_BOUND('',#22995,.T.);
#22995=EDGE_LOOP('',(#22996,#22997,#22998));
#22996=ORIENTED_EDGE('',*,*,#22999,.T.);
#22997=ORIENTED_EDGE('',*,*,#23000,.T.);
#22998=ORIENTED_EDGE('',*,*,#23001,.T.);
#22999=EDGE_CURVE('',#997,#1017,#23002,.F.);
#23000=EDGE_CURVE('',#1017,#999,#23003,.T.);
#23001=EDGE_CURVE('',#999,#997,#23004,.T.);
#23002=LINE('',#996,#23005);
#23003=LINE('',#1016,#23006);
#23004=LINE('',#998,#23007);
#23005=VECTOR('',#23008,1.0);
#23006=VECTOR('',#23009,1.0);
#23007=VECTOR('',#23010,1.0);
#23008=DIRECTION('',(0.14983067631392577,-0.10631738406568235,0.9829788310440576));
#23009=DIRECTION('',(-0.8155432725310849,0.5786960952255411,0));
#23010=DIRECTION('',(0,0,-1));
#23011=FACE_SURFACE('',(#23016),#23012,.T.);
#23012=PLANE('',#23013);
#23013=AXIS2_PLACEMENT_3D('',#1000,#23014,#23015);
#23014=DIRECTION('',(-0.5786960952255411,-0.815543272531085,0));
#23015=DIRECTION('',(0,0,1));
#23016=FACE_BOUND('',#23017,.T.);
#23017=EDGE_LOOP('',(#23018,#23019,#23020));
#23018=ORIENTED_EDGE('',*,*,#23021,.T.);
#23019=ORIENTED_EDGE('',*,*,#23022,.T.);
#23020=ORIENTED_EDGE('',*,*,#23023,.T.);
#23021=EDGE_CURVE('',#1001,#1017,#23024,.F.);
#23022=EDGE_CURVE('',#1017,#997,#23025,.T.);
#23023=EDGE_CURVE('',#997,#1001,#23026,.T.);
#23024=LINE('',#1000,#23027);
#23025=LINE('',#1016,#23028);
#23026=LINE('',#996,#23029);
#23027=VECTOR('',#23030,1.0);
#23028=VECTOR('',#23031,1.0);
#23029=VECTOR('',#23032,1.0);
#23030=DIRECTION('',(0,0,1));
#23031=DIRECTION('',(-0.14983067631392577,0.10631738406568235,-0.9829788310440576));
#23032=DIRECTION('',(0.8155432725310849,-0.5786960952255411,0));
#23033=FACE_SURFACE('',(#23038),#23034,.T.);
#23034=PLANE('',#23035);
#23035=AXIS2_PLACEMENT_3D('',#1000,#23036,#23037);
#23036=DIRECTION('',(-0.4836861116901227,-0.8752415354392696,0));
#23037=DIRECTION('',(0.1608057361102897,-0.08886632785042325,0.982977258642543));
#23038=FACE_BOUND('',#23039,.T.);
#23039=EDGE_LOOP('',(#23040,#23041,#23042));
#23040=ORIENTED_EDGE('',*,*,#23043,.T.);
#23041=ORIENTED_EDGE('',*,*,#23044,.T.);
#23042=ORIENTED_EDGE('',*,*,#23045,.T.);
#23043=EDGE_CURVE('',#1001,#1019,#23046,.F.);
#23044=EDGE_CURVE('',#1019,#1017,#23047,.T.);
#23045=EDGE_CURVE('',#1017,#1001,#23048,.T.);
#23046=LINE('',#1000,#23049);
#23047=LINE('',#1018,#23050);
#23048=LINE('',#1016,#23051);
#23049=VECTOR('',#23052,1.0);
#23050=VECTOR('',#23053,1.0);
#23051=VECTOR('',#23054,1.0);
#23052=DIRECTION('',(0.1608057361102897,-0.08886632785042325,0.982977258642543));
#23053=DIRECTION('',(-0.8752415354392695,0.48368611169012266,0));
#23054=DIRECTION('',(0,0,-1));
#23055=FACE_SURFACE('',(#23060),#23056,.T.);
#23056=PLANE('',#23057);
#23057=AXIS2_PLACEMENT_3D('',#1002,#23058,#23059);
#23058=DIRECTION('',(-0.4836861116901227,-0.8752415354392696,0));
#23059=DIRECTION('',(0,0,1));
#23060=FACE_BOUND('',#23061,.T.);
#23061=EDGE_LOOP('',(#23062,#23063,#23064));
#23062=ORIENTED_EDGE('',*,*,#23065,.T.);
#23063=ORIENTED_EDGE('',*,*,#23066,.T.);
#23064=ORIENTED_EDGE('',*,*,#23067,.T.);
#23065=EDGE_CURVE('',#1003,#1019,#23068,.F.);
#23066=EDGE_CURVE('',#1019,#1001,#23069,.T.);
#23067=EDGE_CURVE('',#1001,#1003,#23070,.T.);
#23068=LINE('',#1002,#23071);
#23069=LINE('',#1018,#23072);
#23070=LINE('',#1000,#23073);
#23071=VECTOR('',#23074,1.0);
#23072=VECTOR('',#23075,1.0);
#23073=VECTOR('',#23076,1.0);
#23074=DIRECTION('',(0,0,1));
#23075=DIRECTION('',(-0.1608057361102897,0.08886632785042325,-0.982977258642543));
#23076=DIRECTION('',(0.8752415354392695,-0.48368611169012266,0));
#23077=FACE_SURFACE('',(#23082),#23078,.T.);
#23078=PLANE('',#23079);
#23079=AXIS2_PLACEMENT_3D('',#1002,#23080,#23081);
#23080=DIRECTION('',(-0.38270687893649735,-0.9238698202748508,0));
#23081=DIRECTION('',(0.16972567007685654,-0.07030772089859509,0.9829801734007697));
#23082=FACE_BOUND('',#23083,.T.);
#23083=EDGE_LOOP('',(#23084,#23085,#23086));
#23084=ORIENTED_EDGE('',*,*,#23087,.T.);
#23085=ORIENTED_EDGE('',*,*,#23088,.T.);
#23086=ORIENTED_EDGE('',*,*,#23089,.T.);
#23087=EDGE_CURVE('',#1003,#1021,#23090,.F.);
#23088=EDGE_CURVE('',#1021,#1019,#23091,.T.);
#23089=EDGE_CURVE('',#1019,#1003,#23092,.T.);
#23090=LINE('',#1002,#23093);
#23091=LINE('',#1020,#23094);
#23092=LINE('',#1018,#23095);
#23093=VECTOR('',#23096,1.0);
#23094=VECTOR('',#23097,1.0);
#23095=VECTOR('',#23098,1.0);
#23096=DIRECTION('',(0.16972567007685654,-0.07030772089859509,0.9829801734007697));
#23097=DIRECTION('',(-0.9238698202748508,0.3827068789364973,0));
#23098=DIRECTION('',(0,0,-1));
#23099=FACE_SURFACE('',(#23104),#23100,.T.);
#23100=PLANE('',#23101);
#23101=AXIS2_PLACEMENT_3D('',#1004,#23102,#23103);
#23102=DIRECTION('',(-0.38270687893649735,-0.9238698202748508,0));
#23103=DIRECTION('',(0,0,1));
#23104=FACE_BOUND('',#23105,.T.);
#23105=EDGE_LOOP('',(#23106,#23107,#23108));
#23106=ORIENTED_EDGE('',*,*,#23109,.T.);
#23107=ORIENTED_EDGE('',*,*,#23110,.T.);
#23108=ORIENTED_EDGE('',*,*,#23111,.T.);
#23109=EDGE_CURVE('',#1005,#1021,#23112,.F.);
#23110=EDGE_CURVE('',#1021,#1003,#23113,.T.);
#23111=EDGE_CURVE('',#1003,#1005,#23114,.T.);
#23112=LINE('',#1004,#23115);
#23113=LINE('',#1020,#23116);
#23114=LINE('',#1002,#23117);
#23115=VECTOR('',#23118,1.0);
#23116=VECTOR('',#23119,1.0);
#23117=VECTOR('',#23120,1.0);
#23118=DIRECTION('',(0,0,1));
#23119=DIRECTION('',(-0.16972567007685654,0.07030772089859509,-0.9829801734007697));
#23120=DIRECTION('',(0.9238698202748508,-0.3827068789364973,0));
#23121=FACE_SURFACE('',(#23126),#23122,.T.);
#23122=PLANE('',#23123);
#23123=AXIS2_PLACEMENT_3D('',#1004,#23124,#23125);
#23124=DIRECTION('',(-0.27685684490350104,-0.9609111756193072,0));
#23125=DIRECTION('',(0.17654089559782749,-0.05086480060985029,0.9829781707853116));
#23126=FACE_BOUND('',#23127,.T.);
#23127=EDGE_LOOP('',(#23128,#23129,#23130));
#23128=ORIENTED_EDGE('',*,*,#23131,.T.);
#23129=ORIENTED_EDGE('',*,*,#23132,.T.);
#23130=ORIENTED_EDGE('',*,*,#23133,.T.);
#23131=EDGE_CURVE('',#1005,#1023,#23134,.F.);
#23132=EDGE_CURVE('',#1023,#1021,#23135,.T.);
#23133=EDGE_CURVE('',#1021,#1005,#23136,.T.);
#23134=LINE('',#1004,#23137);
#23135=LINE('',#1022,#23138);
#23136=LINE('',#1020,#23139);
#23137=VECTOR('',#23140,1.0);
#23138=VECTOR('',#23141,1.0);
#23139=VECTOR('',#23142,1.0);
#23140=DIRECTION('',(0.17654089559782749,-0.05086480060985029,0.9829781707853116));
#23141=DIRECTION('',(-0.9609111756193071,0.27685684490350104,0));
#23142=DIRECTION('',(0,0,-1));
#23143=FACE_SURFACE('',(#23148),#23144,.T.);
#23144=PLANE('',#23145);
#23145=AXIS2_PLACEMENT_3D('',#1006,#23146,#23147);
#23146=DIRECTION('',(-0.27685684490350104,-0.9609111756193072,0));
#23147=DIRECTION('',(0,0,1));
#23148=FACE_BOUND('',#23149,.T.);
#23149=EDGE_LOOP('',(#23150,#23151,#23152));
#23150=ORIENTED_EDGE('',*,*,#23153,.T.);
#23151=ORIENTED_EDGE('',*,*,#23154,.T.);
#23152=ORIENTED_EDGE('',*,*,#23155,.T.);
#23153=EDGE_CURVE('',#1007,#1023,#23156,.F.);
#23154=EDGE_CURVE('',#1023,#1005,#23157,.T.);
#23155=EDGE_CURVE('',#1005,#1007,#23158,.T.);
#23156=LINE('',#1006,#23159);
#23157=LINE('',#1022,#23160);
#23158=LINE('',#1004,#23161);
#23159=VECTOR('',#23162,1.0);
#23160=VECTOR('',#23163,1.0);
#23161=VECTOR('',#23164,1.0);
#23162=DIRECTION('',(0,0,1));
#23163=DIRECTION('',(-0.17654089559782749,0.05086480060985029,-0.9829781707853116));
#23164=DIRECTION('',(0.9609111756193071,-0.27685684490350104,0));
#23165=FACE_SURFACE('',(#23170),#23166,.T.);
#23166=PLANE('',#23167);
#23167=AXIS2_PLACEMENT_3D('',#1026,#23168,#23169);
#23168=DIRECTION('',(0.7071067811865476,0.7071067811865476,0));
#23169=DIRECTION('',(-0.07868310421863822,0.07868310421863822,-0.9937896851049712));
#23170=FACE_BOUND('',#23171,.T.);
#23171=EDGE_LOOP('',(#23172,#23173,#23174));
#23172=ORIENTED_EDGE('',*,*,#23175,.T.);
#23173=ORIENTED_EDGE('',*,*,#23176,.T.);
#23174=ORIENTED_EDGE('',*,*,#23177,.T.);
#23175=EDGE_CURVE('',#1027,#1009,#23178,.F.);
#23176=EDGE_CURVE('',#1009,#1025,#23179,.T.);
#23177=EDGE_CURVE('',#1025,#1027,#23180,.T.);
#23178=LINE('',#1026,#23181);
#23179=LINE('',#1008,#23182);
#23180=LINE('',#1024,#23183);
#23181=VECTOR('',#23184,1.0);
#23182=VECTOR('',#23185,1.0);
#23183=VECTOR('',#23186,1.0);
#23184=DIRECTION('',(-0.07868310421863822,0.07868310421863822,-0.9937896851049712));
#23185=DIRECTION('',(0,0,1));
#23186=DIRECTION('',(0.7071067811865475,-0.7071067811865475,0));
#23187=FACE_SURFACE('',(#23192),#23188,.T.);
#23188=PLANE('',#23189);
#23189=AXIS2_PLACEMENT_3D('',#1026,#23190,#23191);
#23190=DIRECTION('',(0.7071067811865476,0.7071067811865476,0));
#23191=DIRECTION('',(0,0,-1));
#23192=FACE_BOUND('',#23193,.T.);
#23193=EDGE_LOOP('',(#23194,#23195,#23196));
#23194=ORIENTED_EDGE('',*,*,#23197,.T.);
#23195=ORIENTED_EDGE('',*,*,#23198,.T.);
#23196=ORIENTED_EDGE('',*,*,#23199,.T.);
#23197=EDGE_CURVE('',#1027,#1011,#23200,.F.);
#23198=EDGE_CURVE('',#1011,#1009,#23201,.T.);
#23199=EDGE_CURVE('',#1009,#1027,#23202,.T.);
#23200=LINE('',#1026,#23203);
#23201=LINE('',#1010,#23204);
#23202=LINE('',#1008,#23205);
#23203=VECTOR('',#23206,1.0);
#23204=VECTOR('',#23207,1.0);
#23205=VECTOR('',#23208,1.0);
#23206=DIRECTION('',(0,0,-1));
#23207=DIRECTION('',(-0.7071067811865475,0.7071067811865475,0));
#23208=DIRECTION('',(0.07868310421863822,-0.07868310421863822,0.9937896851049712));
#23209=FACE_SURFACE('',(#23214),#23210,.T.);
#23210=PLANE('',#23211);
#23211=AXIS2_PLACEMENT_3D('',#1028,#23212,#23213);
#23212=DIRECTION('',(0.5320554310803605,0.8467095241332129,0));
#23213=DIRECTION('',(-0.09421114594048013,0.05920041104681213,-0.993790506753043));
#23214=FACE_BOUND('',#23215,.T.);
#23215=EDGE_LOOP('',(#23216,#23217,#23218));
#23216=ORIENTED_EDGE('',*,*,#23219,.T.);
#23217=ORIENTED_EDGE('',*,*,#23220,.T.);
#23218=ORIENTED_EDGE('',*,*,#23221,.T.);
#23219=EDGE_CURVE('',#1029,#1011,#23222,.F.);
#23220=EDGE_CURVE('',#1011,#1027,#23223,.T.);
#23221=EDGE_CURVE('',#1027,#1029,#23224,.T.);
#23222=LINE('',#1028,#23225);
#23223=LINE('',#1010,#23226);
#23224=LINE('',#1026,#23227);
#23225=VECTOR('',#23228,1.0);
#23226=VECTOR('',#23229,1.0);
#23227=VECTOR('',#23230,1.0);
#23228=DIRECTION('',(-0.09421114594048013,0.05920041104681213,-0.993790506753043));
#23229=DIRECTION('',(0,0,1));
#23230=DIRECTION('',(0.8467095241332129,-0.5320554310803604,0));
#23231=FACE_SURFACE('',(#23236),#23232,.T.);
#23232=PLANE('',#23233);
#23233=AXIS2_PLACEMENT_3D('',#1028,#23234,#23235);
#23234=DIRECTION('',(0.5320554310803605,0.8467095241332129,0));
#23235=DIRECTION('',(0,0,-1));
#23236=FACE_BOUND('',#23237,.T.);
#23237=EDGE_LOOP('',(#23238,#23239,#23240));
#23238=ORIENTED_EDGE('',*,*,#23241,.T.);
#23239=ORIENTED_EDGE('',*,*,#23242,.T.);
#23240=ORIENTED_EDGE('',*,*,#23243,.T.);
#23241=EDGE_CURVE('',#1029,#1013,#23244,.F.);
#23242=EDGE_CURVE('',#1013,#1011,#23245,.T.);
#23243=EDGE_CURVE('',#1011,#1029,#23246,.T.);
#23244=LINE('',#1028,#23247);
#23245=LINE('',#1012,#23248);
#23246=LINE('',#1010,#23249);
#23247=VECTOR('',#23250,1.0);
#23248=VECTOR('',#23251,1.0);
#23249=VECTOR('',#23252,1.0);
#23250=DIRECTION('',(0,0,-1));
#23251=DIRECTION('',(-0.8467095241332129,0.5320554310803604,0));
#23252=DIRECTION('',(0.09421114594048013,-0.05920041104681213,0.993790506753043));
#23253=FACE_SURFACE('',(#23258),#23254,.T.);
#23254=PLANE('',#23255);
#23255=AXIS2_PLACEMENT_3D('',#1030,#23256,#23257);
#23256=DIRECTION('',(0.3302468174929985,0.943894612515479,0));
#23257=DIRECTION('',(-0.10502412410630964,0.036745503455799924,-0.9937905721687453));
#23258=FACE_BOUND('',#23259,.T.);
#23259=EDGE_LOOP('',(#23260,#23261,#23262));
#23260=ORIENTED_EDGE('',*,*,#23263,.T.);
#23261=ORIENTED_EDGE('',*,*,#23264,.T.);
#23262=ORIENTED_EDGE('',*,*,#23265,.T.);
#23263=EDGE_CURVE('',#1031,#1013,#23266,.F.);
#23264=EDGE_CURVE('',#1013,#1029,#23267,.T.);
#23265=EDGE_CURVE('',#1029,#1031,#23268,.T.);
#23266=LINE('',#1030,#23269);
#23267=LINE('',#1012,#23270);
#23268=LINE('',#1028,#23271);
#23269=VECTOR('',#23272,1.0);
#23270=VECTOR('',#23273,1.0);
#23271=VECTOR('',#23274,1.0);
#23272=DIRECTION('',(-0.10502412410630964,0.036745503455799924,-0.9937905721687453));
#23273=DIRECTION('',(0,0,1));
#23274=DIRECTION('',(0.9438946125154789,-0.3302468174929985,0));
#23275=FACE_SURFACE('',(#23280),#23276,.T.);
#23276=PLANE('',#23277);
#23277=AXIS2_PLACEMENT_3D('',#1030,#23278,#23279);
#23278=DIRECTION('',(0.3302468174929985,0.943894612515479,0));
#23279=DIRECTION('',(0,0,-1));
#23280=FACE_BOUND('',#23281,.T.);
#23281=EDGE_LOOP('',(#23282,#23283,#23284));
#23282=ORIENTED_EDGE('',*,*,#23285,.T.);
#23283=ORIENTED_EDGE('',*,*,#23286,.T.);
#23284=ORIENTED_EDGE('',*,*,#23287,.T.);
#23285=EDGE_CURVE('',#1031,#1015,#23288,.F.);
#23286=EDGE_CURVE('',#1015,#1013,#23289,.T.);
#23287=EDGE_CURVE('',#1013,#1031,#23290,.T.);
#23288=LINE('',#1030,#23291);
#23289=LINE('',#1014,#23292);
#23290=LINE('',#1012,#23293);
#23291=VECTOR('',#23294,1.0);
#23292=VECTOR('',#23295,1.0);
#23293=VECTOR('',#23296,1.0);
#23294=DIRECTION('',(0,0,-1));
#23295=DIRECTION('',(-0.9438946125154789,0.3302468174929985,0));
#23296=DIRECTION('',(0.10502412410630964,-0.036745503455799924,0.9937905721687453));
ENDSEC;
END-ISO-10303-21;
