ISO-10303-21;
HEADER;
FILE_DESCRIPTION((''),'2;1');
FILE_NAME('MeshBody1 (9)', '2026-08-24T02:49:05', (''), (''), 'ImageToStl.com STEP Converter','', '');
FILE_SCHEMA(('AUTOMOTIVE_DESIGN_CC2'));
ENDSEC;
DATA;
#1=PRODUCT_DEFINITION_CONTEXT('',#4,'design');
#2=APPLICATION_PROTOCOL_DEFINITION('INTERNATIONAL STANDARD','automotive_design',1994,#4);
#3=(GEOMETRIC_REPRESENTATION_CONTEXT(3)GLOBAL_UNCERTAINTY_ASSIGNED_CONTEXT((#5))GLOBAL_UNIT_ASSIGNED_CONTEXT((#6,#7,#8))REPRESENTATION_CONTEXT('NONE','WORKSPACE'));
#4=APPLICATION_CONTEXT(' ');
#5=UNCERTAINTY_MEASURE_WITH_UNIT(LENGTH_MEASURE(1.0E-006),#6,'','');
#6=(CONVERSION_BASED_UNIT('METRE',#10)LENGTH_UNIT()NAMED_UNIT(#11));
#7=(NAMED_UNIT(#12)PLANE_ANGLE_UNIT()SI_UNIT($,.RADIAN.));
#8=(NAMED_UNIT(#12)SOLID_ANGLE_UNIT()SI_UNIT($,.STERADIAN.));
#9=AXIS2_PLACEMENT_3D('',#14,#15,#16);
#10=LENGTH_MEASURE_WITH_UNIT(LENGTH_MEASURE(1.0),#17);
#11=DIMENSIONAL_EXPONENTS(1.0,0.0,0.0,0.0,0.0,0.0,0.0);
#12=DIMENSIONAL_EXPONENTS(0.0,0.0,0.0,0.0,0.0,0.0,0.0);
#13=PRODUCT_CONTEXT('',#4,'mechanical');
#14=CARTESIAN_POINT('',(0.0,0.0,0.0));
#15=DIRECTION('',(0.0,0.0,1.0));
#16=DIRECTION('',(1.0,0.0,0.0));
#17=(NAMED_UNIT(#11)LENGTH_UNIT()SI_UNIT(.MILLI.,.METRE.));
#18=PRESENTATION_STYLE_ASSIGNMENT((#19));
#19=SURFACE_STYLE_USAGE(.BOTH.,#20);
#20=SURFACE_SIDE_STYLE('',(#21));
#21=SURFACE_STYLE_FILL_AREA(#22);
#22=FILL_AREA_STYLE('',(#23));
#23=FILL_AREA_STYLE_COLOUR('',#24);
#24=COLOUR_RGB('',0.62745,0.62745,0.62745);
#25=PRESENTATION_STYLE_ASSIGNMENT((#26));
#26=SURFACE_STYLE_USAGE(.BOTH.,#27);
#27=SURFACE_SIDE_STYLE('',(#28));
#28=SURFACE_STYLE_FILL_AREA(#29);
#29=FILL_AREA_STYLE('',(#30));
#30=FILL_AREA_STYLE_COLOUR('',#31);
#31=COLOUR_RGB('',0.59608,0.59608,0.59608);
#32=SHAPE_DEFINITION_REPRESENTATION(#33,#34);
#33=PRODUCT_DEFINITION_SHAPE('productshape0','',#37);
#34=MANIFOLD_SURFACE_SHAPE_REPRESENTATION('',(#35,#9),#3);
#35=SHELL_BASED_SURFACE_MODEL('shell0',(#39));
#36=PRODUCT('product0','','',(#13));
#37=PRODUCT_DEFINITION('mesh0','',#38,#2);
#38=PRODUCT_DEFINITION_FORMATION_WITH_SPECIFIED_SOURCE('prodsource0','',#36,.NOT_KNOWN.);
#39=CLOSED_SHELL('',(#599,#621,#643,#665,#687,#709,#731,#753,#775,#797,#819,#841,#863,#885,#907,#929,#951,#973,#995,#1017,#1039,#1061,#1083,#1105,#1127,#1149,#1171,#1193,#1215,#1237,#1259,#1281,#1303,#1325,#1347,#1369,#1391,#1413,#1435,#1457,#1479,#1501,#1523,#1545,#1567,#1589,#1611,#1633,#1655,#1677,#1699,#1721,#1743,#1765,#1787,#1809,#1831,#1853,#1875,#1897,#1919,#1941,#1963,#1985,#2007,#2029,#2051,#2073,#2095,#2117,#2139,#2161,#2183,#2205,#2227,#2249,#2271,#2293,#2315,#2337,#2359,#2381,#2403,#2425,#2447,#2469,#2491,#2513,#2535,#2557,#2579,#2601,#2623,#2645,#2667,#2689,#2711,#2733,#2755,#2777,#2799,#2821,#2843,#2865,#2887,#2909,#2931,#2953,#2975,#2997,#3019,#3041,#3063,#3085,#3107,#3129,#3151,#3173,#3195,#3217,#3239,#3261,#3283,#3305,#3327,#3349,#3371,#3393,#3415,#3437,#3459,#3481,#3503,#3525,#3547,#3569,#3591,#3613,#3635,#3657,#3679,#3701,#3723,#3745,#3767,#3789,#3811,#3833,#3855,#3877,#3899,#3921,#3943,#3965,#3987,#4009,#4031,#4053,#4075,#4097,#4119,#4141,#4163,#4185,#4207,#4229,#4251,#4273,#4295,#4317,#4339,#4361,#4383,#4405,#4427,#4449,#4471,#4493,#4515,#4537,#4559,#4581,#4603,#4625,#4647,#4669,#4691,#4713,#4735,#4757,#4779,#4801,#4823,#4845,#4867,#4889,#4911,#4933,#4955,#4977,#4999,#5021,#5043,#5065,#5087,#5109,#5131,#5153,#5175,#5197,#5219,#5241,#5263,#5285,#5307,#5329,#5351,#5373,#5395,#5417,#5439,#5461,#5483,#5505,#5527,#5549,#5571,#5593,#5615,#5637,#5659,#5681,#5703,#5725,#5747,#5769,#5791,#5813,#5835,#5857,#5879,#5901,#5923,#5945,#5967,#5989,#6011,#6033,#6055,#6077,#6099,#6121,#6143,#6165,#6187,#6209,#6231,#6253,#6275,#6297,#6319,#6341,#6363,#6385,#6407,#6429,#6451,#6473,#6495,#6517,#6539,#6561,#6583,#6605,#6627,#6649,#6671,#6693,#6715,#6737,#6759,#6781,#6803,#6825,#6847,#6869,#6891,#6913,#6935,#6957,#6979,#7001,#7023,#7045,#7067,#7089,#7111,#7133,#7155,#7177,#7199,#7221,#7243,#7265,#7287,#7309,#7331,#7353,#7375,#7397,#7419,#7441,#7463,#7485,#7507,#7529,#7551,#7573,#7595,#7617,#7639,#7661,#7683,#7705,#7727,#7749,#7771,#7793,#7815,#7837,#7859,#7881,#7903,#7925,#7947,#7969,#7991,#8013,#8035,#8057,#8079,#8101,#8123,#8145,#8167,#8189,#8211,#8233,#8255,#8277,#8299,#8321,#8343,#8365,#8387,#8409,#8431,#8453,#8475,#8497,#8519,#8541,#8563,#8585,#8607,#8629,#8651,#8673,#8695,#8717,#8739,#8761,#8783,#8805,#8827,#8849,#8871,#8893,#8915,#8937,#8959,#8981,#9003,#9025,#9047,#9069,#9091,#9113,#9135,#9157,#9179,#9201,#9223,#9245,#9267,#9289,#9311,#9333,#9355,#9377,#9399,#9421,#9443,#9465,#9487,#9509,#9531,#9553,#9575,#9597,#9619,#9641,#9663,#9685,#9707,#9729,#9751,#9773,#9795,#9817,#9839,#9861,#9883,#9905,#9927,#9949,#9971,#9993,#10015,#10037,#10059,#10081,#10103,#10125,#10147,#10169,#10191,#10213,#10235,#10257,#10279,#10301,#10323,#10345,#10367,#10389,#10411,#10433,#10455,#10477,#10499,#10521,#10543,#10565,#10587,#10609,#10631,#10653,#10675,#10697,#10719,#10741,#10763,#10785,#10807,#10829,#10851,#10873,#10895,#10917,#10939,#10961,#10983,#11005,#11027,#11049,#11071,#11093,#11115,#11137,#11159,#11181,#11203,#11225,#11247,#11269,#11291,#11313,#11335,#11357,#11379,#11401,#11423,#11445,#11467,#11489,#11511,#11533,#11555,#11577,#11599,#11621,#11643,#11665,#11687,#11709,#11731,#11753,#11775,#11797,#11819,#11841,#11863,#11885,#11907,#11929,#11951,#11973,#11995,#12017,#12039,#12061,#12083,#12105,#12127,#12149,#12171,#12193,#12215,#12237,#12259,#12281,#12303,#12325,#12347,#12369,#12391,#12413,#12435,#12457,#12479,#12501,#12523,#12545,#12567,#12589,#12611,#12633,#12655,#12677,#12699,#12721,#12743,#12765));
#40=CARTESIAN_POINT('',(4546.998046875,-1914.322509765625,0));
#41=VERTEX_POINT('',#40);
#42=CARTESIAN_POINT('',(4563.13916015625,-1915.0914306640625,0));
#43=VERTEX_POINT('',#42);
#44=CARTESIAN_POINT('',(4555.05029296875,-1915.0914306640625,0));
#45=VERTEX_POINT('',#44);
#46=CARTESIAN_POINT('',(4571.19140625,-1914.322509765625,0));
#47=VERTEX_POINT('',#46);
#48=CARTESIAN_POINT('',(4557.2587890625,-1915.1678466796875,710));
#49=VERTEX_POINT('',#48);
#50=CARTESIAN_POINT('',(4549.31787109375,-1914.62353515625,710));
#51=VERTEX_POINT('',#50);
#52=CARTESIAN_POINT('',(4539.05517578125,-1912.7916259765625,0));
#53=VERTEX_POINT('',#52);
#54=CARTESIAN_POINT('',(4541.46337890625,-1913.3388671875,710));
#55=VERTEX_POINT('',#54);
#56=CARTESIAN_POINT('',(4565.21533203125,-1914.967041015625,710));
#57=VERTEX_POINT('',#56);
#58=CARTESIAN_POINT('',(4579.13427734375,-1912.7916259765625,0));
#59=VERTEX_POINT('',#58);
#60=CARTESIAN_POINT('',(4573.1181640625,-1914.02294921875,710));
#61=VERTEX_POINT('',#60);
#62=CARTESIAN_POINT('',(4556.88427734375,-1907.1558837890625,718));
#63=VERTEX_POINT('',#62);
#64=CARTESIAN_POINT('',(4564.5771484375,-1906.9923095703125,718));
#65=VERTEX_POINT('',#64);
#66=CARTESIAN_POINT('',(4549.2138671875,-1906.551025390625,718));
#67=VERTEX_POINT('',#66);
#68=CARTESIAN_POINT('',(4531.2939453125,-1910.5126953125,0));
#69=VERTEX_POINT('',#68);
#70=CARTESIAN_POINT('',(4533.76318359375,-1911.3251953125,710));
#71=VERTEX_POINT('',#70);
#72=CARTESIAN_POINT('',(4541.6416015625,-1905.1837158203125,718));
#73=VERTEX_POINT('',#72);
#74=CARTESIAN_POINT('',(4586.8955078125,-1910.5126953125,0));
#75=VERTEX_POINT('',#74);
#76=CARTESIAN_POINT('',(4580.89794921875,-1912.34375,710));
#77=VERTEX_POINT('',#76);
#78=CARTESIAN_POINT('',(4572.21484375,-1906.061767578125,718));
#79=VERTEX_POINT('',#78);
#80=CARTESIAN_POINT('',(4561.40673828125,-1858.092041015625,718));
#81=VERTEX_POINT('',#80);
#82=CARTESIAN_POINT('',(4556.78271484375,-1858.092041015625,718));
#83=VERTEX_POINT('',#82);
#84=CARTESIAN_POINT('',(4527.0947265625,-1900.223388671875,718));
#85=VERTEX_POINT('',#84);
#86=CARTESIAN_POINT('',(4523.78466796875,-1907.50634765625,0));
#87=VERTEX_POINT('',#86);
#88=CARTESIAN_POINT('',(4526.28515625,-1908.600341796875,710));
#89=VERTEX_POINT('',#88);
#90=CARTESIAN_POINT('',(4534.244140625,-1903.0675048828125,718));
#91=VERTEX_POINT('',#90);
#92=CARTESIAN_POINT('',(4594.40478515625,-1907.50634765625,0));
#93=VERTEX_POINT('',#92);
#94=CARTESIAN_POINT('',(4588.48681640625,-1909.9443359375,710));
#95=VERTEX_POINT('',#94);
#96=CARTESIAN_POINT('',(4579.72216796875,-1904.373291015625,718));
#97=VERTEX_POINT('',#96);
#98=CARTESIAN_POINT('',(4559.0947265625,-1850.187744140625,710));
#99=VERTEX_POINT('',#98);
#100=CARTESIAN_POINT('',(4562.99658203125,-1849.803466796875,710));
#101=VERTEX_POINT('',#100);
#102=CARTESIAN_POINT('',(4565.96826171875,-1857.3309326171875,718));
#103=VERTEX_POINT('',#102);
#104=CARTESIAN_POINT('',(4630.02001953125,-1860.1641845703125,718));
#105=VERTEX_POINT('',#104);
#106=CARTESIAN_POINT('',(4626.67431640625,-1867.093017578125,718));
#107=VERTEX_POINT('',#106);
#108=CARTESIAN_POINT('',(4622.6533203125,-1873.6534423828125,718));
#109=VERTEX_POINT('',#108);
#110=CARTESIAN_POINT('',(4587.02294921875,-1901.9443359375,718));
#111=VERTEX_POINT('',#110);
#112=CARTESIAN_POINT('',(4617.99853515625,-1879.7796630859375,718));
#113=VERTEX_POINT('',#112);
#114=CARTESIAN_POINT('',(4594.044921875,-1898.798828125,718));
#115=VERTEX_POINT('',#114);
#116=CARTESIAN_POINT('',(4612.7548828125,-1885.4107666015625,718));
#117=VERTEX_POINT('',#116);
#118=CARTESIAN_POINT('',(4600.71826171875,-1894.9681396484375,718));
#119=VERTEX_POINT('',#118);
#120=CARTESIAN_POINT('',(4606.9755859375,-1890.4906005859375,718));
#121=VERTEX_POINT('',#120);
#122=CARTESIAN_POINT('',(4552.22119140625,-1857.3309326171875,718));
#123=VERTEX_POINT('',#122);
#124=CARTESIAN_POINT('',(4555.19287109375,-1849.803466796875,710));
#125=VERTEX_POINT('',#124);
#126=CARTESIAN_POINT('',(4519.0947265625,-1905.187744140625,710));
#127=VERTEX_POINT('',#126);
#128=CARTESIAN_POINT('',(4527.0947265625,-1760.1519775390625,718));
#129=VERTEX_POINT('',#128);
#130=CARTESIAN_POINT('',(4531.0947265625,-1830.187744140625,718));
#131=VERTEX_POINT('',#130);
#132=CARTESIAN_POINT('',(4531.4765625,-1834.7962646484375,718));
#133=VERTEX_POINT('',#132);
#134=CARTESIAN_POINT('',(4532.61181640625,-1839.279296875,718));
#135=VERTEX_POINT('',#134);
#136=CARTESIAN_POINT('',(4534.46923828125,-1843.5142822265625,718));
#137=VERTEX_POINT('',#136);
#138=CARTESIAN_POINT('',(4536.9990234375,-1847.3857421875,718));
#139=VERTEX_POINT('',#138);
#140=CARTESIAN_POINT('',(4547.84716796875,-1855.829345703125,718));
#141=VERTEX_POINT('',#140);
#142=CARTESIAN_POINT('',(4540.130859375,-1850.7879638671875,718));
#143=VERTEX_POINT('',#142);
#144=CARTESIAN_POINT('',(4543.7802734375,-1853.62841796875,718));
#145=VERTEX_POINT('',#144);
#146=CARTESIAN_POINT('',(4516.5947265625,-1903.7999267578125,0));
#147=VERTEX_POINT('',#146);
#148=CARTESIAN_POINT('',(4519.0947265625,-1905.187744140625,468));
#149=VERTEX_POINT('',#148);
#150=CARTESIAN_POINT('',(4601.5947265625,-1903.7999267578125,0));
#151=VERTEX_POINT('',#150);
#152=CARTESIAN_POINT('',(4595.81787109375,-1906.8455810546875,710));
#153=VERTEX_POINT('',#152);
#154=CARTESIAN_POINT('',(4559.0947265625,-1850.187744140625,518));
#155=VERTEX_POINT('',#154);
#156=CARTESIAN_POINT('',(4555.19287109375,-1849.803466796875,518));
#157=VERTEX_POINT('',#156);
#158=CARTESIAN_POINT('',(4566.74853515625,-1848.665283203125,710));
#159=VERTEX_POINT('',#158);
#160=CARTESIAN_POINT('',(4562.99658203125,-1849.803466796875,518));
#161=VERTEX_POINT('',#160);
#162=CARTESIAN_POINT('',(4570.34228515625,-1855.829345703125,718));
#163=VERTEX_POINT('',#162);
#164=CARTESIAN_POINT('',(4634.94140625,-1868.5582275390625,710));
#165=VERTEX_POINT('',#164);
#166=CARTESIAN_POINT('',(4638.19775390625,-1861.2957763671875,710));
#167=VERTEX_POINT('',#166);
#168=CARTESIAN_POINT('',(4632.65771484375,-1852.9359130859375,718));
#169=VERTEX_POINT('',#168);
#170=CARTESIAN_POINT('',(4574.4091796875,-1853.62841796875,718));
#171=VERTEX_POINT('',#170);
#172=CARTESIAN_POINT('',(4631.02001953125,-1875.484130859375,710));
#173=VERTEX_POINT('',#172);
#174=CARTESIAN_POINT('',(4626.4677734375,-1882.0130615234375,710));
#175=VERTEX_POINT('',#174);
#176=CARTESIAN_POINT('',(4621.3251953125,-1888.08740234375,710));
#177=VERTEX_POINT('',#176);
#178=CARTESIAN_POINT('',(4602.82666015625,-1903.07470703125,710));
#179=VERTEX_POINT('',#178);
#180=CARTESIAN_POINT('',(4615.63671875,-1893.654296875,710));
#181=VERTEX_POINT('',#180);
#182=CARTESIAN_POINT('',(4609.45263671875,-1898.6646728515625,710));
#183=VERTEX_POINT('',#182);
#184=CARTESIAN_POINT('',(4551.44091796875,-1848.665283203125,710));
#185=VERTEX_POINT('',#184);
#186=CARTESIAN_POINT('',(4551.44091796875,-1848.665283203125,518));
#187=VERTEX_POINT('',#186);
#188=CARTESIAN_POINT('',(4519.0947265625,-1755.187744140625,710));
#189=VERTEX_POINT('',#188);
#190=CARTESIAN_POINT('',(4519.0947265625,-1755.187744140625,468));
#191=VERTEX_POINT('',#190);
#192=CARTESIAN_POINT('',(4526.28515625,-1751.7750244140625,710));
#193=VERTEX_POINT('',#192);
#194=CARTESIAN_POINT('',(4534.244140625,-1757.30810546875,718));
#195=VERTEX_POINT('',#194);
#196=CARTESIAN_POINT('',(4531.4765625,-1825.5791015625,718));
#197=VERTEX_POINT('',#196);
#198=CARTESIAN_POINT('',(4549.2138671875,-1753.8243408203125,718));
#199=VERTEX_POINT('',#198);
#200=CARTESIAN_POINT('',(4532.61181640625,-1821.0960693359375,718));
#201=VERTEX_POINT('',#200);
#202=CARTESIAN_POINT('',(4556.88427734375,-1753.219482421875,718));
#203=VERTEX_POINT('',#202);
#204=CARTESIAN_POINT('',(4534.46923828125,-1816.861083984375,718));
#205=VERTEX_POINT('',#204);
#206=CARTESIAN_POINT('',(4556.78271484375,-1802.2833251953125,718));
#207=VERTEX_POINT('',#206);
#208=CARTESIAN_POINT('',(4536.9990234375,-1812.9896240234375,718));
#209=VERTEX_POINT('',#208);
#210=CARTESIAN_POINT('',(4552.22119140625,-1803.04443359375,718));
#211=VERTEX_POINT('',#210);
#212=CARTESIAN_POINT('',(4540.130859375,-1809.58740234375,718));
#213=VERTEX_POINT('',#212);
#214=CARTESIAN_POINT('',(4547.84716796875,-1804.5460205078125,718));
#215=VERTEX_POINT('',#214);
#216=CARTESIAN_POINT('',(4543.7802734375,-1806.7469482421875,718));
#217=VERTEX_POINT('',#216);
#218=CARTESIAN_POINT('',(4539.0947265625,-1830.187744140625,710));
#219=VERTEX_POINT('',#218);
#220=CARTESIAN_POINT('',(4539.47900390625,-1834.0894775390625,710));
#221=VERTEX_POINT('',#220);
#222=CARTESIAN_POINT('',(4540.6171875,-1837.84130859375,710));
#223=VERTEX_POINT('',#222);
#224=CARTESIAN_POINT('',(4542.46533203125,-1841.299072265625,710));
#225=VERTEX_POINT('',#224);
#226=CARTESIAN_POINT('',(4544.95263671875,-1844.329833984375,710));
#227=VERTEX_POINT('',#226);
#228=CARTESIAN_POINT('',(4547.9833984375,-1846.8170166015625,710));
#229=VERTEX_POINT('',#228);
#230=CARTESIAN_POINT('',(4509.78955078125,-1899.426513671875,0));
#231=VERTEX_POINT('',#230);
#232=CARTESIAN_POINT('',(4512.5107421875,-1901.28564453125,468));
#233=VERTEX_POINT('',#232);
#234=CARTESIAN_POINT('',(4500.5263671875,-1891.7889404296875,468));
#235=VERTEX_POINT('',#234);
#236=CARTESIAN_POINT('',(4506.30419921875,-1896.807373046875,468));
#237=VERTEX_POINT('',#236);
#238=CARTESIAN_POINT('',(4495.22265625,-1886.27099609375,468));
#239=VERTEX_POINT('',#238);
#240=CARTESIAN_POINT('',(4490.43701171875,-1880.298583984375,468));
#241=VERTEX_POINT('',#240);
#242=CARTESIAN_POINT('',(4486.2080078125,-1873.9197998046875,468));
#243=VERTEX_POINT('',#242);
#244=CARTESIAN_POINT('',(4482.5693359375,-1867.1865234375,468));
#245=VERTEX_POINT('',#244);
#246=CARTESIAN_POINT('',(4479.5517578125,-1860.1531982421875,468));
#247=VERTEX_POINT('',#246);
#248=CARTESIAN_POINT('',(4477.1787109375,-1852.8770751953125,468));
#249=VERTEX_POINT('',#248);
#250=CARTESIAN_POINT('',(4512.5107421875,-1759.089599609375,468));
#251=VERTEX_POINT('',#250);
#252=CARTESIAN_POINT('',(4475.47021484375,-1845.4168701171875,468));
#253=VERTEX_POINT('',#252);
#254=CARTESIAN_POINT('',(4506.30419921875,-1763.5679931640625,468));
#255=VERTEX_POINT('',#254);
#256=CARTESIAN_POINT('',(4474.439453125,-1837.833251953125,468));
#257=VERTEX_POINT('',#256);
#258=CARTESIAN_POINT('',(4500.5263671875,-1768.58642578125,468));
#259=VERTEX_POINT('',#258);
#260=CARTESIAN_POINT('',(4474.0947265625,-1830.187744140625,468));
#261=VERTEX_POINT('',#260);
#262=CARTESIAN_POINT('',(4495.22265625,-1774.104248046875,468));
#263=VERTEX_POINT('',#262);
#264=CARTESIAN_POINT('',(4474.439453125,-1822.5421142578125,468));
#265=VERTEX_POINT('',#264);
#266=CARTESIAN_POINT('',(4490.43701171875,-1780.0767822265625,468));
#267=VERTEX_POINT('',#266);
#268=CARTESIAN_POINT('',(4475.47021484375,-1814.95849609375,468));
#269=VERTEX_POINT('',#268);
#270=CARTESIAN_POINT('',(4486.2080078125,-1786.45556640625,468));
#271=VERTEX_POINT('',#270);
#272=CARTESIAN_POINT('',(4477.1787109375,-1807.498291015625,468));
#273=VERTEX_POINT('',#272);
#274=CARTESIAN_POINT('',(4482.5693359375,-1793.18896484375,468));
#275=VERTEX_POINT('',#274);
#276=CARTESIAN_POINT('',(4479.5517578125,-1800.22216796875,468));
#277=VERTEX_POINT('',#276);
#278=CARTESIAN_POINT('',(4608.3994140625,-1899.426513671875,0));
#279=VERTEX_POINT('',#278);
#280=CARTESIAN_POINT('',(4570.2060546875,-1846.8170166015625,710));
#281=VERTEX_POINT('',#280);
#282=CARTESIAN_POINT('',(4566.74853515625,-1848.665283203125,518));
#283=VERTEX_POINT('',#282);
#284=CARTESIAN_POINT('',(4638.005859375,-1861.779052734375,0));
#285=VERTEX_POINT('',#284);
#286=CARTESIAN_POINT('',(4634.6455078125,-1869.136962890625,0));
#287=VERTEX_POINT('',#286);
#288=CARTESIAN_POINT('',(4640.7607421875,-1853.760498046875,710));
#289=VERTEX_POINT('',#288);
#290=CARTESIAN_POINT('',(4640.6513671875,-1854.135009765625,0));
#291=VERTEX_POINT('',#290);
#292=CARTESIAN_POINT('',(4634.56103515625,-1845.48046875,718));
#293=VERTEX_POINT('',#292);
#294=CARTESIAN_POINT('',(4581.19091796875,-1847.3857421875,718));
#295=VERTEX_POINT('',#294);
#296=CARTESIAN_POINT('',(4578.05859375,-1850.7879638671875,718));
#297=VERTEX_POINT('',#296);
#298=CARTESIAN_POINT('',(4630.60107421875,-1876.14208984375,0));
#299=VERTEX_POINT('',#298);
#300=CARTESIAN_POINT('',(4625.9091796875,-1882.731201171875,0));
#301=VERTEX_POINT('',#300);
#302=CARTESIAN_POINT('',(4620.6123046875,-1888.844482421875,0));
#303=VERTEX_POINT('',#302);
#304=CARTESIAN_POINT('',(4614.7578125,-1894.4263916015625,0));
#305=VERTEX_POINT('',#304);
#306=CARTESIAN_POINT('',(4547.9833984375,-1846.8170166015625,518));
#307=VERTEX_POINT('',#306);
#308=CARTESIAN_POINT('',(4516.5947265625,-1756.575439453125,0));
#309=VERTEX_POINT('',#308);
#310=CARTESIAN_POINT('',(4523.78466796875,-1752.868896484375,0));
#311=VERTEX_POINT('',#310);
#312=CARTESIAN_POINT('',(4533.76318359375,-1749.0501708984375,710));
#313=VERTEX_POINT('',#312);
#314=CARTESIAN_POINT('',(4531.2939453125,-1749.8626708984375,0));
#315=VERTEX_POINT('',#314);
#316=CARTESIAN_POINT('',(4541.6416015625,-1755.191650390625,718));
#317=VERTEX_POINT('',#316);
#318=CARTESIAN_POINT('',(4539.47900390625,-1826.285888671875,710));
#319=VERTEX_POINT('',#318);
#320=CARTESIAN_POINT('',(4549.31787109375,-1745.7518310546875,710));
#321=VERTEX_POINT('',#320);
#322=CARTESIAN_POINT('',(4541.46337890625,-1747.036376953125,710));
#323=VERTEX_POINT('',#322);
#324=CARTESIAN_POINT('',(4540.6171875,-1822.5340576171875,710));
#325=VERTEX_POINT('',#324);
#326=CARTESIAN_POINT('',(4557.2587890625,-1745.20751953125,710));
#327=VERTEX_POINT('',#326);
#328=CARTESIAN_POINT('',(4564.5771484375,-1753.3831787109375,718));
#329=VERTEX_POINT('',#328);
#330=CARTESIAN_POINT('',(4542.46533203125,-1819.076171875,710));
#331=VERTEX_POINT('',#330);
#332=CARTESIAN_POINT('',(4561.40673828125,-1802.2833251953125,718));
#333=VERTEX_POINT('',#332);
#334=CARTESIAN_POINT('',(4559.0947265625,-1810.187744140625,710));
#335=VERTEX_POINT('',#334);
#336=CARTESIAN_POINT('',(4555.19287109375,-1810.572021484375,710));
#337=VERTEX_POINT('',#336);
#338=CARTESIAN_POINT('',(4544.95263671875,-1816.0455322265625,710));
#339=VERTEX_POINT('',#338);
#340=CARTESIAN_POINT('',(4551.44091796875,-1811.7100830078125,710));
#341=VERTEX_POINT('',#340);
#342=CARTESIAN_POINT('',(4547.9833984375,-1813.558349609375,710));
#343=VERTEX_POINT('',#342);
#344=CARTESIAN_POINT('',(4539.0947265625,-1830.187744140625,518));
#345=VERTEX_POINT('',#344);
#346=CARTESIAN_POINT('',(4539.47900390625,-1826.285888671875,518));
#347=VERTEX_POINT('',#346);
#348=CARTESIAN_POINT('',(4539.47900390625,-1834.0894775390625,518));
#349=VERTEX_POINT('',#348);
#350=CARTESIAN_POINT('',(4540.6171875,-1837.84130859375,518));
#351=VERTEX_POINT('',#350);
#352=CARTESIAN_POINT('',(4542.46533203125,-1841.299072265625,518));
#353=VERTEX_POINT('',#352);
#354=CARTESIAN_POINT('',(4544.95263671875,-1844.329833984375,518));
#355=VERTEX_POINT('',#354);
#356=CARTESIAN_POINT('',(4503.431640625,-1894.4263916015625,0));
#357=VERTEX_POINT('',#356);
#358=CARTESIAN_POINT('',(4497.5771484375,-1888.844482421875,0));
#359=VERTEX_POINT('',#358);
#360=CARTESIAN_POINT('',(4492.2802734375,-1882.731201171875,0));
#361=VERTEX_POINT('',#360);
#362=CARTESIAN_POINT('',(4487.58837890625,-1876.14208984375,0));
#363=VERTEX_POINT('',#362);
#364=CARTESIAN_POINT('',(4483.5439453125,-1869.136962890625,0));
#365=VERTEX_POINT('',#364);
#366=CARTESIAN_POINT('',(4480.18359375,-1861.779052734375,0));
#367=VERTEX_POINT('',#366);
#368=CARTESIAN_POINT('',(4477.5380859375,-1854.135009765625,0));
#369=VERTEX_POINT('',#368);
#370=CARTESIAN_POINT('',(4475.630859375,-1846.274169921875,0));
#371=VERTEX_POINT('',#370);
#372=CARTESIAN_POINT('',(4509.78955078125,-1760.94873046875,0));
#373=VERTEX_POINT('',#372);
#374=CARTESIAN_POINT('',(4474.4794921875,-1838.267578125,0));
#375=VERTEX_POINT('',#374);
#376=CARTESIAN_POINT('',(4503.431640625,-1765.948974609375,0));
#377=VERTEX_POINT('',#376);
#378=CARTESIAN_POINT('',(4474.0947265625,-1830.187744140625,0));
#379=VERTEX_POINT('',#378);
#380=CARTESIAN_POINT('',(4497.5771484375,-1771.5308837890625,0));
#381=VERTEX_POINT('',#380);
#382=CARTESIAN_POINT('',(4474.4794921875,-1822.1080322265625,0));
#383=VERTEX_POINT('',#382);
#384=CARTESIAN_POINT('',(4492.2802734375,-1777.6441650390625,0));
#385=VERTEX_POINT('',#384);
#386=CARTESIAN_POINT('',(4487.58837890625,-1784.2332763671875,0));
#387=VERTEX_POINT('',#386);
#388=CARTESIAN_POINT('',(4475.630859375,-1814.101318359375,0));
#389=VERTEX_POINT('',#388);
#390=CARTESIAN_POINT('',(4483.5439453125,-1791.2384033203125,0));
#391=VERTEX_POINT('',#390);
#392=CARTESIAN_POINT('',(4477.5380859375,-1806.2403564453125,0));
#393=VERTEX_POINT('',#392);
#394=CARTESIAN_POINT('',(4480.18359375,-1798.5963134765625,0));
#395=VERTEX_POINT('',#394);
#396=CARTESIAN_POINT('',(4573.23681640625,-1844.329833984375,710));
#397=VERTEX_POINT('',#396);
#398=CARTESIAN_POINT('',(4570.2060546875,-1846.8170166015625,518));
#399=VERTEX_POINT('',#398);
#400=CARTESIAN_POINT('',(4642.607421875,-1846.0186767578125,710));
#401=VERTEX_POINT('',#400);
#402=CARTESIAN_POINT('',(4642.55859375,-1846.274169921875,0));
#403=VERTEX_POINT('',#402);
#404=CARTESIAN_POINT('',(4635.7099609375,-1837.8724365234375,718));
#405=VERTEX_POINT('',#404);
#406=CARTESIAN_POINT('',(4585.57763671875,-1839.279296875,718));
#407=VERTEX_POINT('',#406);
#408=CARTESIAN_POINT('',(4583.72021484375,-1843.5142822265625,718));
#409=VERTEX_POINT('',#408);
#410=CARTESIAN_POINT('',(4575.72412109375,-1841.299072265625,710));
#411=VERTEX_POINT('',#410);
#412=CARTESIAN_POINT('',(4608.3994140625,-1760.94873046875,0));
#413=VERTEX_POINT('',#412);
#414=CARTESIAN_POINT('',(4601.5947265625,-1756.575439453125,0));
#415=VERTEX_POINT('',#414);
#416=CARTESIAN_POINT('',(4594.40478515625,-1752.868896484375,0));
#417=VERTEX_POINT('',#416);
#418=CARTESIAN_POINT('',(4539.05517578125,-1747.583740234375,0));
#419=VERTEX_POINT('',#418);
#420=CARTESIAN_POINT('',(4586.8955078125,-1749.8626708984375,0));
#421=VERTEX_POINT('',#420);
#422=CARTESIAN_POINT('',(4540.6171875,-1822.5340576171875,518));
#423=VERTEX_POINT('',#422);
#424=CARTESIAN_POINT('',(4546.998046875,-1746.0528564453125,0));
#425=VERTEX_POINT('',#424);
#426=CARTESIAN_POINT('',(4555.05029296875,-1745.283935546875,0));
#427=VERTEX_POINT('',#426);
#428=CARTESIAN_POINT('',(4542.46533203125,-1819.076171875,518));
#429=VERTEX_POINT('',#428);
#430=CARTESIAN_POINT('',(4565.21533203125,-1745.4083251953125,710));
#431=VERTEX_POINT('',#430);
#432=CARTESIAN_POINT('',(4563.13916015625,-1745.283935546875,0));
#433=VERTEX_POINT('',#432);
#434=CARTESIAN_POINT('',(4572.21484375,-1754.313720703125,718));
#435=VERTEX_POINT('',#434);
#436=CARTESIAN_POINT('',(4544.95263671875,-1816.0455322265625,518));
#437=VERTEX_POINT('',#436);
#438=CARTESIAN_POINT('',(4562.99658203125,-1810.572021484375,710));
#439=VERTEX_POINT('',#438);
#440=CARTESIAN_POINT('',(4565.96826171875,-1803.04443359375,718));
#441=VERTEX_POINT('',#440);
#442=CARTESIAN_POINT('',(4632.65771484375,-1807.439453125,718));
#443=VERTEX_POINT('',#442);
#444=CARTESIAN_POINT('',(4630.02001953125,-1800.211181640625,718));
#445=VERTEX_POINT('',#444);
#446=CARTESIAN_POINT('',(4626.67431640625,-1793.2823486328125,718));
#447=VERTEX_POINT('',#446);
#448=CARTESIAN_POINT('',(4622.6533203125,-1786.721923828125,718));
#449=VERTEX_POINT('',#448);
#450=CARTESIAN_POINT('',(4579.72216796875,-1756.0020751953125,718));
#451=VERTEX_POINT('',#450);
#452=CARTESIAN_POINT('',(4617.99853515625,-1780.595703125,718));
#453=VERTEX_POINT('',#452);
#454=CARTESIAN_POINT('',(4587.02294921875,-1758.43115234375,718));
#455=VERTEX_POINT('',#454);
#456=CARTESIAN_POINT('',(4612.7548828125,-1774.964599609375,718));
#457=VERTEX_POINT('',#456);
#458=CARTESIAN_POINT('',(4594.044921875,-1761.5765380859375,718));
#459=VERTEX_POINT('',#458);
#460=CARTESIAN_POINT('',(4606.9755859375,-1769.884765625,718));
#461=VERTEX_POINT('',#460);
#462=CARTESIAN_POINT('',(4600.71826171875,-1765.4072265625,718));
#463=VERTEX_POINT('',#462);
#464=CARTESIAN_POINT('',(4559.0947265625,-1810.187744140625,518));
#465=VERTEX_POINT('',#464);
#466=CARTESIAN_POINT('',(4562.99658203125,-1810.572021484375,518));
#467=VERTEX_POINT('',#466);
#468=CARTESIAN_POINT('',(4555.19287109375,-1810.572021484375,518));
#469=VERTEX_POINT('',#468);
#470=CARTESIAN_POINT('',(4547.9833984375,-1813.558349609375,518));
#471=VERTEX_POINT('',#470);
#472=CARTESIAN_POINT('',(4551.44091796875,-1811.7100830078125,518));
#473=VERTEX_POINT('',#472);
#474=CARTESIAN_POINT('',(4579.0947265625,-1830.187744140625,518));
#475=VERTEX_POINT('',#474);
#476=CARTESIAN_POINT('',(4578.71044921875,-1834.0894775390625,518));
#477=VERTEX_POINT('',#476);
#478=CARTESIAN_POINT('',(4578.71044921875,-1826.285888671875,518));
#479=VERTEX_POINT('',#478);
#480=CARTESIAN_POINT('',(4577.572265625,-1837.84130859375,518));
#481=VERTEX_POINT('',#480);
#482=CARTESIAN_POINT('',(4575.72412109375,-1841.299072265625,518));
#483=VERTEX_POINT('',#482);
#484=CARTESIAN_POINT('',(4573.23681640625,-1844.329833984375,518));
#485=VERTEX_POINT('',#484);
#486=CARTESIAN_POINT('',(4614.7578125,-1765.948974609375,0));
#487=VERTEX_POINT('',#486);
#488=CARTESIAN_POINT('',(4643.7099609375,-1838.267578125,0));
#489=VERTEX_POINT('',#488);
#490=CARTESIAN_POINT('',(4620.6123046875,-1771.5308837890625,0));
#491=VERTEX_POINT('',#490);
#492=CARTESIAN_POINT('',(4644.0947265625,-1830.187744140625,0));
#493=VERTEX_POINT('',#492);
#494=CARTESIAN_POINT('',(4625.9091796875,-1777.6441650390625,0));
#495=VERTEX_POINT('',#494);
#496=CARTESIAN_POINT('',(4643.7099609375,-1822.1080322265625,0));
#497=VERTEX_POINT('',#496);
#498=CARTESIAN_POINT('',(4630.60107421875,-1784.2332763671875,0));
#499=VERTEX_POINT('',#498);
#500=CARTESIAN_POINT('',(4634.6455078125,-1791.2384033203125,0));
#501=VERTEX_POINT('',#500);
#502=CARTESIAN_POINT('',(4642.55859375,-1814.101318359375,0));
#503=VERTEX_POINT('',#502);
#504=CARTESIAN_POINT('',(4638.005859375,-1798.5963134765625,0));
#505=VERTEX_POINT('',#504);
#506=CARTESIAN_POINT('',(4640.6513671875,-1806.2403564453125,0));
#507=VERTEX_POINT('',#506);
#508=CARTESIAN_POINT('',(4643.72216796875,-1838.13818359375,710));
#509=VERTEX_POINT('',#508);
#510=CARTESIAN_POINT('',(4636.0947265625,-1830.187744140625,718));
#511=VERTEX_POINT('',#510);
#512=CARTESIAN_POINT('',(4587.0947265625,-1830.187744140625,718));
#513=VERTEX_POINT('',#512);
#514=CARTESIAN_POINT('',(4586.712890625,-1834.7962646484375,718));
#515=VERTEX_POINT('',#514);
#516=CARTESIAN_POINT('',(4577.572265625,-1837.84130859375,710));
#517=VERTEX_POINT('',#516);
#518=CARTESIAN_POINT('',(4578.71044921875,-1834.0894775390625,710));
#519=VERTEX_POINT('',#518);
#520=CARTESIAN_POINT('',(4602.82666015625,-1757.30078125,710));
#521=VERTEX_POINT('',#520);
#522=CARTESIAN_POINT('',(4609.45263671875,-1761.7108154296875,710));
#523=VERTEX_POINT('',#522);
#524=CARTESIAN_POINT('',(4595.81787109375,-1753.52978515625,710));
#525=VERTEX_POINT('',#524);
#526=CARTESIAN_POINT('',(4588.48681640625,-1750.4310302734375,710));
#527=VERTEX_POINT('',#526);
#528=CARTESIAN_POINT('',(4579.13427734375,-1747.583740234375,0));
#529=VERTEX_POINT('',#528);
#530=CARTESIAN_POINT('',(4580.89794921875,-1748.0316162109375,710));
#531=VERTEX_POINT('',#530);
#532=CARTESIAN_POINT('',(4577.572265625,-1822.5340576171875,518));
#533=VERTEX_POINT('',#532);
#534=CARTESIAN_POINT('',(4571.19140625,-1746.0528564453125,0));
#535=VERTEX_POINT('',#534);
#536=CARTESIAN_POINT('',(4575.72412109375,-1819.076171875,518));
#537=VERTEX_POINT('',#536);
#538=CARTESIAN_POINT('',(4573.1181640625,-1746.3524169921875,710));
#539=VERTEX_POINT('',#538);
#540=CARTESIAN_POINT('',(4573.23681640625,-1816.0455322265625,518));
#541=VERTEX_POINT('',#540);
#542=CARTESIAN_POINT('',(4566.74853515625,-1811.7100830078125,710));
#543=VERTEX_POINT('',#542);
#544=CARTESIAN_POINT('',(4566.74853515625,-1811.7100830078125,518));
#545=VERTEX_POINT('',#544);
#546=CARTESIAN_POINT('',(4570.34228515625,-1804.5460205078125,718));
#547=VERTEX_POINT('',#546);
#548=CARTESIAN_POINT('',(4640.7607421875,-1806.6148681640625,710));
#549=VERTEX_POINT('',#548);
#550=CARTESIAN_POINT('',(4638.19775390625,-1799.07958984375,710));
#551=VERTEX_POINT('',#550);
#552=CARTESIAN_POINT('',(4634.56103515625,-1814.8948974609375,718));
#553=VERTEX_POINT('',#552);
#554=CARTESIAN_POINT('',(4578.05859375,-1809.58740234375,718));
#555=VERTEX_POINT('',#554);
#556=CARTESIAN_POINT('',(4574.4091796875,-1806.7469482421875,718));
#557=VERTEX_POINT('',#556);
#558=CARTESIAN_POINT('',(4634.94140625,-1791.817138671875,710));
#559=VERTEX_POINT('',#558);
#560=CARTESIAN_POINT('',(4631.02001953125,-1784.8912353515625,710));
#561=VERTEX_POINT('',#560);
#562=CARTESIAN_POINT('',(4626.4677734375,-1778.3624267578125,710));
#563=VERTEX_POINT('',#562);
#564=CARTESIAN_POINT('',(4621.3251953125,-1772.287841796875,710));
#565=VERTEX_POINT('',#564);
#566=CARTESIAN_POINT('',(4615.63671875,-1766.7210693359375,710));
#567=VERTEX_POINT('',#566);
#568=CARTESIAN_POINT('',(4570.2060546875,-1813.558349609375,518));
#569=VERTEX_POINT('',#568);
#570=CARTESIAN_POINT('',(4579.0947265625,-1830.187744140625,710));
#571=VERTEX_POINT('',#570);
#572=CARTESIAN_POINT('',(4578.71044921875,-1826.285888671875,710));
#573=VERTEX_POINT('',#572);
#574=CARTESIAN_POINT('',(4577.572265625,-1822.5340576171875,710));
#575=VERTEX_POINT('',#574);
#576=CARTESIAN_POINT('',(4644.0947265625,-1830.187744140625,710));
#577=VERTEX_POINT('',#576);
#578=CARTESIAN_POINT('',(4643.72216796875,-1822.2374267578125,710));
#579=VERTEX_POINT('',#578);
#580=CARTESIAN_POINT('',(4642.607421875,-1814.356689453125,710));
#581=VERTEX_POINT('',#580);
#582=CARTESIAN_POINT('',(4585.57763671875,-1821.0960693359375,718));
#583=VERTEX_POINT('',#582);
#584=CARTESIAN_POINT('',(4635.7099609375,-1822.5029296875,718));
#585=VERTEX_POINT('',#584);
#586=CARTESIAN_POINT('',(4586.712890625,-1825.5791015625,718));
#587=VERTEX_POINT('',#586);
#588=CARTESIAN_POINT('',(4575.72412109375,-1819.076171875,710));
#589=VERTEX_POINT('',#588);
#590=CARTESIAN_POINT('',(4573.23681640625,-1816.0455322265625,710));
#591=VERTEX_POINT('',#590);
#592=CARTESIAN_POINT('',(4570.2060546875,-1813.558349609375,710));
#593=VERTEX_POINT('',#592);
#594=CARTESIAN_POINT('',(4581.19091796875,-1812.9896240234375,718));
#595=VERTEX_POINT('',#594);
#596=CARTESIAN_POINT('',(4583.72021484375,-1816.861083984375,718));
#597=VERTEX_POINT('',#596);
#598=STYLED_ITEM('',(#25),#599);
#599=FACE_SURFACE('',(#604),#600,.T.);
#600=PLANE('',#601);
#601=AXIS2_PLACEMENT_3D('',#40,#602,#603);
#602=DIRECTION('',(0,0,-1));
#603=DIRECTION('',(0.9988672659265462,-0.04758345364122058,0));
#604=FACE_BOUND('',#605,.T.);
#605=EDGE_LOOP('',(#606,#607,#608));
#606=ORIENTED_EDGE('',*,*,#609,.T.);
#607=ORIENTED_EDGE('',*,*,#610,.T.);
#608=ORIENTED_EDGE('',*,*,#611,.T.);
#609=EDGE_CURVE('',#41,#43,#612,.F.);
#610=EDGE_CURVE('',#43,#45,#613,.T.);
#611=EDGE_CURVE('',#45,#41,#614,.T.);
#612=LINE('',#40,#615);
#613=LINE('',#42,#616);
#614=LINE('',#44,#617);
#615=VECTOR('',#618,1.0);
#616=VECTOR('',#619,1.0);
#617=VECTOR('',#620,1.0);
#618=DIRECTION('',(0.9988672659265462,-0.04758345364122058,0));
#619=DIRECTION('',(-1,0,0));
#620=DIRECTION('',(-0.9954716345205221,0.09505905987879401,0));
#621=FACE_SURFACE('',(#626),#622,.T.);
#622=PLANE('',#623);
#623=AXIS2_PLACEMENT_3D('',#40,#624,#625);
#624=DIRECTION('',(0,0,-1));
#625=DIRECTION('',(1,0,0));
#626=FACE_BOUND('',#627,.T.);
#627=EDGE_LOOP('',(#628,#629,#630));
#628=ORIENTED_EDGE('',*,*,#631,.T.);
#629=ORIENTED_EDGE('',*,*,#632,.T.);
#630=ORIENTED_EDGE('',*,*,#633,.T.);
#631=EDGE_CURVE('',#41,#47,#634,.F.);
#632=EDGE_CURVE('',#47,#43,#635,.T.);
#633=EDGE_CURVE('',#43,#41,#636,.T.);
#634=LINE('',#40,#637);
#635=LINE('',#46,#638);
#636=LINE('',#42,#639);
#637=VECTOR('',#640,1.0);
#638=VECTOR('',#641,1.0);
#639=VECTOR('',#642,1.0);
#640=DIRECTION('',(1,0,0));
#641=DIRECTION('',(-0.9954716345205221,-0.09505905987879401,0));
#642=DIRECTION('',(-0.9988672659265462,0.04758345364122058,0));
#643=FACE_SURFACE('',(#648),#644,.T.);
#644=PLANE('',#645);
#645=AXIS2_PLACEMENT_3D('',#42,#646,#647);
#646=DIRECTION('',(-0,-0.9999999942080864,-0.00010762819039775357));
#647=DIRECTION('',(-0.008281928715349936,-0.0001076244992071963,0.9999656984485622));
#648=FACE_BOUND('',#649,.T.);
#649=EDGE_LOOP('',(#650,#651,#652));
#650=ORIENTED_EDGE('',*,*,#653,.T.);
#651=ORIENTED_EDGE('',*,*,#654,.T.);
#652=ORIENTED_EDGE('',*,*,#655,.T.);
#653=EDGE_CURVE('',#43,#49,#656,.F.);
#654=EDGE_CURVE('',#49,#45,#657,.T.);
#655=EDGE_CURVE('',#45,#43,#658,.T.);
#656=LINE('',#42,#659);
#657=LINE('',#48,#660);
#658=LINE('',#44,#661);
#659=VECTOR('',#662,1.0);
#660=VECTOR('',#663,1.0);
#661=VECTOR('',#664,1.0);
#662=DIRECTION('',(-0.008281928715349936,-0.0001076244992071963,0.9999656984485622));
#663=DIRECTION('',(-0.0031105428124037675,0.00010762766971947593,-0.9999951564581185));
#664=DIRECTION('',(1,0,0));
#665=FACE_SURFACE('',(#670),#666,.T.);
#666=PLANE('',#667);
#667=AXIS2_PLACEMENT_3D('',#44,#668,#669);
#668=DIRECTION('',(-0.09505905928823939,-0.9954716283361523,-0.000111467503982458));
#669=DIRECTION('',(-0.008073568732953638,0.0006589861361458965,0.9999671910743806));
#670=FACE_BOUND('',#671,.T.);
#671=EDGE_LOOP('',(#672,#673,#674));
#672=ORIENTED_EDGE('',*,*,#675,.T.);
#673=ORIENTED_EDGE('',*,*,#676,.T.);
#674=ORIENTED_EDGE('',*,*,#677,.T.);
#675=EDGE_CURVE('',#45,#51,#678,.F.);
#676=EDGE_CURVE('',#51,#41,#679,.T.);
#677=EDGE_CURVE('',#41,#45,#680,.T.);
#678=LINE('',#44,#681);
#679=LINE('',#50,#682);
#680=LINE('',#40,#683);
#681=VECTOR('',#684,1.0);
#682=VECTOR('',#685,1.0);
#683=VECTOR('',#686,1.0);
#684=DIRECTION('',(-0.008073568732953638,0.0006589861361458965,0.9999671910743806));
#685=DIRECTION('',(-0.003267340320503432,0.0004239771222038236,-0.9999945723505852));
#686=DIRECTION('',(0.9954716345205221,-0.09505905987879401,0));
#687=FACE_SURFACE('',(#692),#688,.T.);
#688=PLANE('',#689);
#689=AXIS2_PLACEMENT_3D('',#52,#690,#691);
#690=DIRECTION('',(0,0,-1));
#691=DIRECTION('',(0.9988672705526846,-0.04758335652967111,0));
#692=FACE_BOUND('',#693,.T.);
#693=EDGE_LOOP('',(#694,#695,#696));
#694=ORIENTED_EDGE('',*,*,#697,.T.);
#695=ORIENTED_EDGE('',*,*,#698,.T.);
#696=ORIENTED_EDGE('',*,*,#699,.T.);
#697=EDGE_CURVE('',#53,#47,#700,.F.);
#698=EDGE_CURVE('',#47,#41,#701,.T.);
#699=EDGE_CURVE('',#41,#53,#702,.T.);
#700=LINE('',#52,#703);
#701=LINE('',#46,#704);
#702=LINE('',#40,#705);
#703=VECTOR('',#706,1.0);
#704=VECTOR('',#707,1.0);
#705=VECTOR('',#708,1.0);
#706=DIRECTION('',(0.9988672705526846,-0.04758335652967111,0));
#707=DIRECTION('',(-1,0,0));
#708=DIRECTION('',(-0.9819282179611961,0.18925373119584682,0));
#709=FACE_SURFACE('',(#714),#710,.T.);
#710=PLANE('',#711);
#711=AXIS2_PLACEMENT_3D('',#40,#712,#713);
#712=DIRECTION('',(-0.18925372994624015,-0.9819282114777095,-0.00011491571778635731));
#713=DIRECTION('',(-0.007795062680725496,0.0013853686608135433,0.9999686583845901));
#714=FACE_BOUND('',#715,.T.);
#715=EDGE_LOOP('',(#716,#717,#718));
#716=ORIENTED_EDGE('',*,*,#719,.T.);
#717=ORIENTED_EDGE('',*,*,#720,.T.);
#718=ORIENTED_EDGE('',*,*,#721,.T.);
#719=EDGE_CURVE('',#41,#55,#722,.F.);
#720=EDGE_CURVE('',#55,#53,#723,.T.);
#721=EDGE_CURVE('',#53,#41,#724,.T.);
#722=LINE('',#40,#725);
#723=LINE('',#54,#726);
#724=LINE('',#52,#727);
#725=VECTOR('',#728,1.0);
#726=VECTOR('',#729,1.0);
#727=VECTOR('',#730,1.0);
#728=DIRECTION('',(-0.007795062680725496,0.0013853686608135433,0.9999686583845901));
#729=DIRECTION('',(-0.0033918148692433955,0.0007707576063877809,-0.9999939507440058));
#730=DIRECTION('',(0.9819282179611961,-0.18925373119584682,0));
#731=FACE_SURFACE('',(#736),#732,.T.);
#732=PLANE('',#733);
#733=AXIS2_PLACEMENT_3D('',#40,#734,#735);
#734=DIRECTION('',(-0.1614136066781006,-0.9868868403739741,0.0001089763343399956));
#735=DIRECTION('',(0.003267340320503432,-0.0004239771222038236,0.9999945723505852));
#736=FACE_BOUND('',#737,.T.);
#737=EDGE_LOOP('',(#738,#739,#740));
#738=ORIENTED_EDGE('',*,*,#741,.T.);
#739=ORIENTED_EDGE('',*,*,#742,.T.);
#740=ORIENTED_EDGE('',*,*,#743,.T.);
#741=EDGE_CURVE('',#41,#51,#744,.F.);
#742=EDGE_CURVE('',#51,#55,#745,.T.);
#743=EDGE_CURVE('',#55,#41,#746,.T.);
#744=LINE('',#40,#747);
#745=LINE('',#50,#748);
#746=LINE('',#54,#749);
#747=VECTOR('',#750,1.0);
#748=VECTOR('',#751,1.0);
#749=VECTOR('',#752,1.0);
#750=DIRECTION('',(0.003267340320503432,-0.0004239771222038236,0.9999945723505852));
#751=DIRECTION('',(-0.9868868462340301,0.1614136076365618,0));
#752=DIRECTION('',(0.007795062680725496,-0.0013853686608135433,-0.9999686583845901));
#753=FACE_SURFACE('',(#758),#754,.T.);
#754=PLANE('',#755);
#755=AXIS2_PLACEMENT_3D('',#46,#756,#757);
#756=DIRECTION('',(0.09505905936898627,-0.9954716291817448,-0.00010356701344003091));
#757=DIRECTION('',(-0.0084167043344,-0.0009077579640009804,0.9999641668898073));
#758=FACE_BOUND('',#759,.T.);
#759=EDGE_LOOP('',(#760,#761,#762));
#760=ORIENTED_EDGE('',*,*,#763,.T.);
#761=ORIENTED_EDGE('',*,*,#764,.T.);
#762=ORIENTED_EDGE('',*,*,#765,.T.);
#763=EDGE_CURVE('',#47,#57,#766,.F.);
#764=EDGE_CURVE('',#57,#43,#767,.T.);
#765=EDGE_CURVE('',#43,#47,#768,.T.);
#766=LINE('',#46,#769);
#767=LINE('',#56,#770);
#768=LINE('',#42,#771);
#769=VECTOR('',#772,1.0);
#770=VECTOR('',#773,1.0);
#771=VECTOR('',#774,1.0);
#772=DIRECTION('',(-0.0084167043344,-0.0009077579640009804,0.9999641668898073));
#773=DIRECTION('',(-0.0029241731924853622,-0.00017519593621487443,-0.9999957092495568));
#774=DIRECTION('',(0.9954716345205221,0.09505905987879401,0));
#775=FACE_SURFACE('',(#780),#776,.T.);
#776=PLANE('',#777);
#777=AXIS2_PLACEMENT_3D('',#42,#778,#779);
#778=DIRECTION('',(0.025229769147354336,-0.9996816735711584,0.00010136438705415244));
#779=DIRECTION('',(0.0029241731924853622,0.00017519593621487443,0.9999957092495568));
#780=FACE_BOUND('',#781,.T.);
#781=EDGE_LOOP('',(#782,#783,#784));
#782=ORIENTED_EDGE('',*,*,#785,.T.);
#783=ORIENTED_EDGE('',*,*,#786,.T.);
#784=ORIENTED_EDGE('',*,*,#787,.T.);
#785=EDGE_CURVE('',#43,#57,#788,.F.);
#786=EDGE_CURVE('',#57,#49,#789,.T.);
#787=EDGE_CURVE('',#49,#43,#790,.T.);
#788=LINE('',#42,#791);
#789=LINE('',#56,#792);
#790=LINE('',#48,#793);
#791=VECTOR('',#794,1.0);
#792=VECTOR('',#795,1.0);
#793=VECTOR('',#796,1.0);
#794=DIRECTION('',(0.0029241731924853622,0.00017519593621487443,0.9999957092495568));
#795=DIRECTION('',(-0.9996816787068926,-0.025229769276968985,0));
#796=DIRECTION('',(0.008281928715349936,0.0001076244992071963,-0.9999656984485622));
#797=FACE_SURFACE('',(#802),#798,.T.);
#798=PLANE('',#799);
#799=AXIS2_PLACEMENT_3D('',#44,#800,#801);
#800=DIRECTION('',(-0.06838470105851616,-0.9976590206904223,0.00010533833499506045));
#801=DIRECTION('',(0.0031105428124037675,-0.00010762766971947593,0.9999951564581185));
#802=FACE_BOUND('',#803,.T.);
#803=EDGE_LOOP('',(#804,#805,#806));
#804=ORIENTED_EDGE('',*,*,#807,.T.);
#805=ORIENTED_EDGE('',*,*,#808,.T.);
#806=ORIENTED_EDGE('',*,*,#809,.T.);
#807=EDGE_CURVE('',#45,#49,#810,.F.);
#808=EDGE_CURVE('',#49,#51,#811,.T.);
#809=EDGE_CURVE('',#51,#45,#812,.T.);
#810=LINE('',#44,#813);
#811=LINE('',#48,#814);
#812=LINE('',#50,#815);
#813=VECTOR('',#816,1.0);
#814=VECTOR('',#817,1.0);
#815=VECTOR('',#818,1.0);
#816=DIRECTION('',(0.0031105428124037675,-0.00010762766971947593,0.9999951564581185));
#817=DIRECTION('',(-0.9976590262255168,0.06838470143792012,0));
#818=DIRECTION('',(0.008073568732953638,-0.0006589861361458965,-0.9999671910743806));
#819=FACE_SURFACE('',(#824),#820,.T.);
#820=PLANE('',#821);
#821=AXIS2_PLACEMENT_3D('',#52,#822,#823);
#822=DIRECTION('',(0,0,-1));
#823=DIRECTION('',(1,0,0));
#824=FACE_BOUND('',#825,.T.);
#825=EDGE_LOOP('',(#826,#827,#828));
#826=ORIENTED_EDGE('',*,*,#829,.T.);
#827=ORIENTED_EDGE('',*,*,#830,.T.);
#828=ORIENTED_EDGE('',*,*,#831,.T.);
#829=EDGE_CURVE('',#53,#59,#832,.F.);
#830=EDGE_CURVE('',#59,#47,#833,.T.);
#831=EDGE_CURVE('',#47,#53,#834,.T.);
#832=LINE('',#52,#835);
#833=LINE('',#58,#836);
#834=LINE('',#46,#837);
#835=VECTOR('',#838,1.0);
#836=VECTOR('',#839,1.0);
#837=VECTOR('',#840,1.0);
#838=DIRECTION('',(1,0,0));
#839=DIRECTION('',(-0.9819282179611961,-0.18925373119584682,0));
#840=DIRECTION('',(-0.9988672705526846,0.04758335652967111,0));
#841=FACE_SURFACE('',(#846),#842,.T.);
#842=PLANE('',#843);
#843=AXIS2_PLACEMENT_3D('',#58,#844,#845);
#844=DIRECTION('',(0.18925373026288145,-0.9819282131205781,-9.929457861180645E-05));
#845=DIRECTION('',(-0.008473082074314336,-0.0017341932246491502,0.9999625990275944));
#846=FACE_BOUND('',#847,.T.);
#847=EDGE_LOOP('',(#848,#849,#850));
#848=ORIENTED_EDGE('',*,*,#851,.T.);
#849=ORIENTED_EDGE('',*,*,#852,.T.);
#850=ORIENTED_EDGE('',*,*,#853,.T.);
#851=EDGE_CURVE('',#59,#61,#854,.F.);
#852=EDGE_CURVE('',#61,#47,#855,.T.);
#853=EDGE_CURVE('',#47,#59,#856,.T.);
#854=LINE('',#58,#857);
#855=LINE('',#60,#858);
#856=LINE('',#46,#859);
#857=VECTOR('',#860,1.0);
#858=VECTOR('',#861,1.0);
#859=VECTOR('',#862,1.0);
#860=DIRECTION('',(-0.008473082074314336,-0.0017341932246491502,0.9999625990275944));
#861=DIRECTION('',(-0.00271373316385364,-0.00042191467207912023,-0.9999962288130515));
#862=DIRECTION('',(0.9819282179611961,0.18925373119584682,0));
#863=FACE_SURFACE('',(#868),#864,.T.);
#864=PLANE('',#865);
#865=AXIS2_PLACEMENT_3D('',#46,#866,#867);
#866=DIRECTION('',(0.11861904040380494,-0.992939833946513,9.703582656578142E-05));
#867=DIRECTION('',(0.00271373316385364,0.00042191467207912023,0.9999962288130515));
#868=FACE_BOUND('',#869,.T.);
#869=EDGE_LOOP('',(#870,#871,#872));
#870=ORIENTED_EDGE('',*,*,#873,.T.);
#871=ORIENTED_EDGE('',*,*,#874,.T.);
#872=ORIENTED_EDGE('',*,*,#875,.T.);
#873=EDGE_CURVE('',#47,#61,#876,.F.);
#874=EDGE_CURVE('',#61,#57,#877,.T.);
#875=EDGE_CURVE('',#57,#47,#878,.T.);
#876=LINE('',#46,#879);
#877=LINE('',#60,#880);
#878=LINE('',#56,#881);
#879=VECTOR('',#882,1.0);
#880=VECTOR('',#883,1.0);
#881=VECTOR('',#884,1.0);
#882=DIRECTION('',(0.00271373316385364,0.00042191467207912023,0.9999962288130515));
#883=DIRECTION('',(-0.9929398386212498,-0.11861904096226052,0));
#884=DIRECTION('',(0.0084167043344,0.0009077579640009804,-0.9999641668898073));
#885=FACE_SURFACE('',(#890),#886,.T.);
#886=PLANE('',#887);
#887=AXIS2_PLACEMENT_3D('',#50,#888,#889);
#888=DIRECTION('',(-0.04845331594818067,-0.7068816122585891,0.7056703638557621));
#889=DIRECTION('',(0.9976590262255168,-0.06838470143792012,0));
#890=FACE_BOUND('',#891,.T.);
#891=EDGE_LOOP('',(#892,#893,#894));
#892=ORIENTED_EDGE('',*,*,#895,.T.);
#893=ORIENTED_EDGE('',*,*,#896,.T.);
#894=ORIENTED_EDGE('',*,*,#897,.T.);
#895=EDGE_CURVE('',#51,#49,#898,.F.);
#896=EDGE_CURVE('',#49,#63,#899,.T.);
#897=EDGE_CURVE('',#63,#51,#900,.T.);
#898=LINE('',#50,#901);
#899=LINE('',#48,#902);
#900=LINE('',#62,#903);
#901=VECTOR('',#904,1.0);
#902=VECTOR('',#905,1.0);
#903=VECTOR('',#906,1.0);
#904=DIRECTION('',(0.9976590262255168,-0.06838470143792012,0));
#905=DIRECTION('',(-0.03305965023918734,0.70724807164238,0.7061920593466041));
#906=DIRECTION('',(-0.5686997022168485,-0.5612771728690583,-0.6012891017759968));
#907=FACE_SURFACE('',(#912),#908,.T.);
#908=PLANE('',#909);
#909=AXIS2_PLACEMENT_3D('',#62,#910,#911);
#910=DIRECTION('',(0.015014870043529948,-0.7061470971218338,0.7079059477811888));
#911=DIRECTION('',(0.03305965023918734,-0.70724807164238,-0.7061920593466041));
#912=FACE_BOUND('',#913,.T.);
#913=EDGE_LOOP('',(#914,#915,#916));
#914=ORIENTED_EDGE('',*,*,#917,.T.);
#915=ORIENTED_EDGE('',*,*,#918,.T.);
#916=ORIENTED_EDGE('',*,*,#919,.T.);
#917=EDGE_CURVE('',#63,#49,#920,.F.);
#918=EDGE_CURVE('',#49,#65,#921,.T.);
#919=EDGE_CURVE('',#65,#63,#922,.T.);
#920=LINE('',#62,#923);
#921=LINE('',#48,#924);
#922=LINE('',#64,#925);
#923=VECTOR('',#926,1.0);
#924=VECTOR('',#927,1.0);
#925=VECTOR('',#928,1.0);
#926=DIRECTION('',(0.03305965023918734,-0.70724807164238,-0.7061920593466041));
#927=DIRECTION('',(0.5389343624660996,0.6020581463805137,0.5891313447187467));
#928=DIRECTION('',(-0.9997740171043065,-0.021258285987301978,0));
#929=FACE_SURFACE('',(#934),#930,.T.);
#930=PLANE('',#931);
#931=AXIS2_PLACEMENT_3D('',#48,#932,#933);
#932=DIRECTION('',(0.01785319784791259,-0.7073990490741292,0.7065888823747661));
#933=DIRECTION('',(0.9996816787068926,0.025229769276968985,0));
#934=FACE_BOUND('',#935,.T.);
#935=EDGE_LOOP('',(#936,#937,#938));
#936=ORIENTED_EDGE('',*,*,#939,.T.);
#937=ORIENTED_EDGE('',*,*,#940,.T.);
#938=ORIENTED_EDGE('',*,*,#941,.T.);
#939=EDGE_CURVE('',#49,#57,#942,.F.);
#940=EDGE_CURVE('',#57,#65,#943,.T.);
#941=EDGE_CURVE('',#65,#49,#944,.T.);
#942=LINE('',#48,#945);
#943=LINE('',#56,#946);
#944=LINE('',#64,#947);
#945=VECTOR('',#948,1.0);
#946=VECTOR('',#949,1.0);
#947=VECTOR('',#950,1.0);
#948=DIRECTION('',(0.9996816787068926,0.025229769276968985,0));
#949=DIRECTION('',(-0.056407195737169735,0.7048633684608955,0.7070967826761966));
#950=DIRECTION('',(-0.5389343624660996,-0.6020581463805137,-0.5891313447187467));
#951=FACE_SURFACE('',(#956),#952,.T.);
#952=PLANE('',#953);
#953=AXIS2_PLACEMENT_3D('',#54,#954,#955);
#954=DIRECTION('',(-0.11449484759168528,-0.7000243703382172,0.7048807067919645));
#955=DIRECTION('',(0.9868868462340301,-0.1614136076365618,0));
#956=FACE_BOUND('',#957,.T.);
#957=EDGE_LOOP('',(#958,#959,#960));
#958=ORIENTED_EDGE('',*,*,#961,.T.);
#959=ORIENTED_EDGE('',*,*,#962,.T.);
#960=ORIENTED_EDGE('',*,*,#963,.T.);
#961=EDGE_CURVE('',#55,#51,#964,.F.);
#962=EDGE_CURVE('',#51,#67,#965,.T.);
#963=EDGE_CURVE('',#67,#55,#966,.T.);
#964=LINE('',#54,#967);
#965=LINE('',#50,#968);
#966=LINE('',#66,#969);
#967=VECTOR('',#970,1.0);
#968=VECTOR('',#971,1.0);
#969=VECTOR('',#972,1.0);
#970=DIRECTION('',(0.9868868462340301,-0.1614136076365618,0));
#971=DIRECTION('',(-0.0091507849058161,0.7102598659878153,0.7038800934126337));
#972=DIRECTION('',(-0.5941822046700076,-0.5203820272298941,-0.6133107315134759));
#973=FACE_SURFACE('',(#978),#974,.T.);
#974=PLANE('',#975);
#975=AXIS2_PLACEMENT_3D('',#66,#976,#977);
#976=DIRECTION('',(-0.05545055455990371,-0.7031868912868031,0.7088394965867806));
#977=DIRECTION('',(0.0091507849058161,-0.7102598659878153,-0.7038800934126337));
#978=FACE_BOUND('',#979,.T.);
#979=EDGE_LOOP('',(#980,#981,#982));
#980=ORIENTED_EDGE('',*,*,#983,.T.);
#981=ORIENTED_EDGE('',*,*,#984,.T.);
#982=ORIENTED_EDGE('',*,*,#985,.T.);
#983=EDGE_CURVE('',#67,#51,#986,.F.);
#984=EDGE_CURVE('',#51,#63,#987,.T.);
#985=EDGE_CURVE('',#63,#67,#988,.T.);
#986=LINE('',#66,#989);
#987=LINE('',#50,#990);
#988=LINE('',#62,#991);
#989=VECTOR('',#992,1.0);
#990=VECTOR('',#993,1.0);
#991=VECTOR('',#994,1.0);
#992=DIRECTION('',(0.0091507849058161,-0.7102598659878153,-0.7038800934126337));
#993=DIRECTION('',(0.5686997022168485,0.5612771728690583,0.6012891017759968));
#994=DIRECTION('',(-0.9969052855247448,0.07861203274834665,0));
#995=FACE_SURFACE('',(#1000),#996,.T.);
#996=PLANE('',#997);
#997=AXIS2_PLACEMENT_3D('',#68,#998,#999);
#998=DIRECTION('',(0,0,-1));
#999=DIRECTION('',(0.9988673245223926,-0.04758222358693506,0));
#1000=FACE_BOUND('',#1001,.T.);
#1001=EDGE_LOOP('',(#1002,#1003,#1004));
#1002=ORIENTED_EDGE('',*,*,#1005,.T.);
#1003=ORIENTED_EDGE('',*,*,#1006,.T.);
#1004=ORIENTED_EDGE('',*,*,#1007,.T.);
#1005=EDGE_CURVE('',#69,#59,#1008,.F.);
#1006=EDGE_CURVE('',#59,#53,#1009,.T.);
#1007=EDGE_CURVE('',#53,#69,#1010,.T.);
#1008=LINE('',#68,#1011);
#1009=LINE('',#58,#1012);
#1010=LINE('',#52,#1013);
#1011=VECTOR('',#1014,1.0);
#1012=VECTOR('',#1015,1.0);
#1013=VECTOR('',#1016,1.0);
#1014=DIRECTION('',(0.9988673245223926,-0.04758222358693506,0));
#1015=DIRECTION('',(-1,0,0));
#1016=DIRECTION('',(-0.9594920452163368,0.2817357186559263,0));
#1017=FACE_SURFACE('',(#1022),#1018,.T.);
#1018=PLANE('',#1019);
#1019=AXIS2_PLACEMENT_3D('',#52,#1020,#1021);
#1020=DIRECTION('',(-0.2817357166881716,-0.9594920385148616,-0.00011818966824153131));
#1021=DIRECTION('',(-0.00745328719625302,0.0020653335276016684,0.999970091006421));
#1022=FACE_BOUND('',#1023,.T.);
#1023=EDGE_LOOP('',(#1024,#1025,#1026));
#1024=ORIENTED_EDGE('',*,*,#1027,.T.);
#1025=ORIENTED_EDGE('',*,*,#1028,.T.);
#1026=ORIENTED_EDGE('',*,*,#1029,.T.);
#1027=EDGE_CURVE('',#53,#71,#1030,.F.);
#1028=EDGE_CURVE('',#71,#69,#1031,.T.);
#1029=EDGE_CURVE('',#69,#53,#1032,.T.);
#1030=LINE('',#52,#1033);
#1031=LINE('',#70,#1034);
#1032=LINE('',#68,#1035);
#1033=VECTOR('',#1036,1.0);
#1034=VECTOR('',#1037,1.0);
#1035=VECTOR('',#1038,1.0);
#1036=DIRECTION('',(-0.00745328719625302,0.0020653335276016684,0.999970091006421));
#1037=DIRECTION('',(-0.003477777086978496,0.0011443585273348265,-0.9999932977325868));
#1038=DIRECTION('',(0.9594920452163368,-0.2817357186559263,0));
#1039=FACE_SURFACE('',(#1044),#1040,.T.);
#1040=PLANE('',#1041);
#1041=AXIS2_PLACEMENT_3D('',#52,#1042,#1043);
#1042=DIRECTION('',(-0.25300124079630426,-0.9674659474679239,0.00011245231279069714));
#1043=DIRECTION('',(0.0033918148692433955,-0.0007707576063877809,0.9999939507440058));
#1044=FACE_BOUND('',#1045,.T.);
#1045=EDGE_LOOP('',(#1046,#1047,#1048));
#1046=ORIENTED_EDGE('',*,*,#1049,.T.);
#1047=ORIENTED_EDGE('',*,*,#1050,.T.);
#1048=ORIENTED_EDGE('',*,*,#1051,.T.);
#1049=EDGE_CURVE('',#53,#55,#1052,.F.);
#1050=EDGE_CURVE('',#55,#71,#1053,.T.);
#1051=EDGE_CURVE('',#71,#53,#1054,.T.);
#1052=LINE('',#52,#1055);
#1053=LINE('',#54,#1056);
#1054=LINE('',#70,#1057);
#1055=VECTOR('',#1058,1.0);
#1056=VECTOR('',#1059,1.0);
#1057=VECTOR('',#1060,1.0);
#1058=DIRECTION('',(0.0033918148692433955,-0.0007707576063877809,0.9999939507440058));
#1059=DIRECTION('',(-0.9674659535849803,0.25300124239597077,0));
#1060=DIRECTION('',(0.00745328719625302,-0.0020653335276016684,-0.999970091006421));
#1061=FACE_SURFACE('',(#1066),#1062,.T.);
#1062=PLANE('',#1063);
#1063=AXIS2_PLACEMENT_3D('',#70,#1064,#1065);
#1064=DIRECTION('',(-0.17962801845948181,-0.6868898766018497,0.7042130873579501));
#1065=DIRECTION('',(0.9674659535849803,-0.25300124239597077,0));
#1066=FACE_BOUND('',#1067,.T.);
#1067=EDGE_LOOP('',(#1068,#1069,#1070));
#1068=ORIENTED_EDGE('',*,*,#1071,.T.);
#1069=ORIENTED_EDGE('',*,*,#1072,.T.);
#1070=ORIENTED_EDGE('',*,*,#1073,.T.);
#1071=EDGE_CURVE('',#71,#55,#1074,.F.);
#1072=EDGE_CURVE('',#55,#73,#1075,.T.);
#1073=EDGE_CURVE('',#73,#71,#1076,.T.);
#1074=LINE('',#70,#1077);
#1075=LINE('',#54,#1078);
#1076=LINE('',#72,#1079);
#1077=VECTOR('',#1080,1.0);
#1078=VECTOR('',#1081,1.0);
#1079=VECTOR('',#1082,1.0);
#1080=DIRECTION('',(0.9674659535849803,-0.25300124239597077,0));
#1081=DIRECTION('',(0.015598901193121054,0.713777939732081,0.7001983483509462));
#1082=DIRECTION('',(-0.6156005300063351,-0.47988035737757556,-0.6251006559419767));
#1083=FACE_SURFACE('',(#1088),#1084,.T.);
#1084=PLANE('',#1085);
#1085=AXIS2_PLACEMENT_3D('',#72,#1086,#1087);
#1086=DIRECTION('',(-0.12520185732302866,-0.6933775210661649,0.7096140558099198));
#1087=DIRECTION('',(-0.015598901193121054,-0.713777939732081,-0.7001983483509462));
#1088=FACE_BOUND('',#1089,.T.);
#1089=EDGE_LOOP('',(#1090,#1091,#1092));
#1090=ORIENTED_EDGE('',*,*,#1093,.T.);
#1091=ORIENTED_EDGE('',*,*,#1094,.T.);
#1092=ORIENTED_EDGE('',*,*,#1095,.T.);
#1093=EDGE_CURVE('',#73,#55,#1096,.F.);
#1094=EDGE_CURVE('',#55,#67,#1097,.T.);
#1095=EDGE_CURVE('',#67,#73,#1098,.T.);
#1096=LINE('',#72,#1099);
#1097=LINE('',#54,#1100);
#1098=LINE('',#66,#1101);
#1099=VECTOR('',#1102,1.0);
#1100=VECTOR('',#1103,1.0);
#1101=VECTOR('',#1104,1.0);
#1102=DIRECTION('',(-0.015598901193121054,-0.713777939732081,-0.7001983483509462));
#1103=DIRECTION('',(0.5941822046700076,0.5203820272298941,0.6133107315134759));
#1104=DIRECTION('',(-0.9840857035246904,0.17769447970692637,0));
#1105=FACE_SURFACE('',(#1110),#1106,.T.);
#1106=PLANE('',#1107);
#1107=AXIS2_PLACEMENT_3D('',#56,#1108,#1109);
#1108=DIRECTION('',(0.08390710978761641,-0.7023721602857883,0.706847186726073));
#1109=DIRECTION('',(0.9929398386212498,0.11861904096226052,0));
#1110=FACE_BOUND('',#1111,.T.);
#1111=EDGE_LOOP('',(#1112,#1113,#1114));
#1112=ORIENTED_EDGE('',*,*,#1115,.T.);
#1113=ORIENTED_EDGE('',*,*,#1116,.T.);
#1114=ORIENTED_EDGE('',*,*,#1117,.T.);
#1115=EDGE_CURVE('',#57,#61,#1118,.F.);
#1116=EDGE_CURVE('',#61,#65,#1119,.T.);
#1117=EDGE_CURVE('',#65,#57,#1120,.T.);
#1118=LINE('',#56,#1121);
#1119=LINE('',#60,#1122);
#1120=LINE('',#64,#1123);
#1121=VECTOR('',#1124,1.0);
#1122=VECTOR('',#1125,1.0);
#1123=VECTOR('',#1126,1.0);
#1124=DIRECTION('',(0.9929398386212498,0.11861904096226052,0));
#1125=DIRECTION('',(-0.6256208472922741,0.5149873184855723,0.5859919941708562));
#1126=DIRECTION('',(0.056407195737169735,-0.7048633684608955,-0.7070967826761966));
#1127=FACE_SURFACE('',(#1132),#1128,.T.);
#1128=PLANE('',#1129);
#1129=AXIS2_PLACEMENT_3D('',#68,#1130,#1131);
#1130=DIRECTION('',(0,0,-1));
#1131=DIRECTION('',(1,0,0));
#1132=FACE_BOUND('',#1133,.T.);
#1133=EDGE_LOOP('',(#1134,#1135,#1136));
#1134=ORIENTED_EDGE('',*,*,#1137,.T.);
#1135=ORIENTED_EDGE('',*,*,#1138,.T.);
#1136=ORIENTED_EDGE('',*,*,#1139,.T.);
#1137=EDGE_CURVE('',#69,#75,#1140,.F.);
#1138=EDGE_CURVE('',#75,#59,#1141,.T.);
#1139=EDGE_CURVE('',#59,#69,#1142,.T.);
#1140=LINE('',#68,#1143);
#1141=LINE('',#74,#1144);
#1142=LINE('',#58,#1145);
#1143=VECTOR('',#1146,1.0);
#1144=VECTOR('',#1147,1.0);
#1145=VECTOR('',#1148,1.0);
#1146=DIRECTION('',(1,0,0));
#1147=DIRECTION('',(-0.9594920452163368,-0.2817357186559263,0));
#1148=DIRECTION('',(-0.9988673245223926,0.04758222358693506,0));
#1149=FACE_SURFACE('',(#1154),#1150,.T.);
#1150=PLANE('',#1151);
#1151=AXIS2_PLACEMENT_3D('',#74,#1152,#1153);
#1152=DIRECTION('',(0.28173571739565534,-0.9594920409243006,-9.458581143767361E-05));
#1153=DIRECTION('',(-0.00844693617016312,-0.0025788496815201253,0.9999609986412756));
#1154=FACE_BOUND('',#1155,.T.);
#1155=EDGE_LOOP('',(#1156,#1157,#1158));
#1156=ORIENTED_EDGE('',*,*,#1159,.T.);
#1157=ORIENTED_EDGE('',*,*,#1160,.T.);
#1158=ORIENTED_EDGE('',*,*,#1161,.T.);
#1159=EDGE_CURVE('',#75,#77,#1162,.F.);
#1160=EDGE_CURVE('',#77,#59,#1163,.T.);
#1161=EDGE_CURVE('',#59,#75,#1164,.T.);
#1162=LINE('',#74,#1165);
#1163=LINE('',#76,#1166);
#1164=LINE('',#58,#1167);
#1165=VECTOR('',#1168,1.0);
#1166=VECTOR('',#1169,1.0);
#1167=VECTOR('',#1170,1.0);
#1168=DIRECTION('',(-0.00844693617016312,-0.0025788496815201253,0.9999609986412756));
#1169=DIRECTION('',(-0.0024840367363038454,-0.0006308091628944358,-0.9999967158152534));
#1170=DIRECTION('',(0.9594920452163368,0.2817357186559263,0));
#1171=FACE_SURFACE('',(#1176),#1172,.T.);
#1172=PLANE('',#1173);
#1173=AXIS2_PLACEMENT_3D('',#58,#1174,#1175);
#1174=DIRECTION('',(0.21098270195234858,-0.9774897906969381,9.252103808929588E-05));
#1175=DIRECTION('',(0.0024840367363038454,0.0006308091628944358,0.9999967158152534));
#1176=FACE_BOUND('',#1177,.T.);
#1177=EDGE_LOOP('',(#1178,#1179,#1180));
#1178=ORIENTED_EDGE('',*,*,#1181,.T.);
#1179=ORIENTED_EDGE('',*,*,#1182,.T.);
#1180=ORIENTED_EDGE('',*,*,#1183,.T.);
#1181=EDGE_CURVE('',#59,#77,#1184,.F.);
#1182=EDGE_CURVE('',#77,#61,#1185,.T.);
#1183=EDGE_CURVE('',#61,#59,#1186,.T.);
#1184=LINE('',#58,#1187);
#1185=LINE('',#76,#1188);
#1186=LINE('',#60,#1189);
#1187=VECTOR('',#1190,1.0);
#1188=VECTOR('',#1191,1.0);
#1189=VECTOR('',#1192,1.0);
#1190=DIRECTION('',(0.0024840367363038454,0.0006308091628944358,0.9999967158152534));
#1191=DIRECTION('',(-0.9774897948806641,-0.2109827028553696,0));
#1192=DIRECTION('',(0.008473082074314336,0.0017341932246491502,-0.9999625990275944));
#1193=FACE_SURFACE('',(#1198),#1194,.T.);
#1194=PLANE('',#1195);
#1195=AXIS2_PLACEMENT_3D('',#64,#1196,#1197);
#1196=DIRECTION('',(0.08545421940645236,-0.7013904761672453,0.7076361892438224));
#1197=DIRECTION('',(0.6256208472922741,-0.5149873184855723,-0.5859919941708562));
#1198=FACE_BOUND('',#1199,.T.);
#1199=EDGE_LOOP('',(#1200,#1201,#1202));
#1200=ORIENTED_EDGE('',*,*,#1203,.T.);
#1201=ORIENTED_EDGE('',*,*,#1204,.T.);
#1202=ORIENTED_EDGE('',*,*,#1205,.T.);
#1203=EDGE_CURVE('',#65,#61,#1206,.F.);
#1204=EDGE_CURVE('',#61,#79,#1207,.T.);
#1205=EDGE_CURVE('',#79,#65,#1208,.T.);
#1206=LINE('',#64,#1209);
#1207=LINE('',#60,#1210);
#1208=LINE('',#78,#1211);
#1209=VECTOR('',#1212,1.0);
#1210=VECTOR('',#1213,1.0);
#1211=VECTOR('',#1214,1.0);
#1212=DIRECTION('',(0.6256208472922741,-0.5149873184855723,-0.5859919941708562));
#1213=DIRECTION('',(-0.07978180545741326,0.7031364578812943,0.7065649192509507));
#1214=DIRECTION('',(-0.9926596811501702,-0.12094113203886568,0));
#1215=FACE_SURFACE('',(#1220),#1216,.T.);
#1216=PLANE('',#1217);
#1217=AXIS2_PLACEMENT_3D('',#60,#1218,#1219);
#1218=DIRECTION('',(0.149443386628372,-0.6923761207181887,0.7058909134223752));
#1219=DIRECTION('',(0.9774897948806641,0.2109827028553696,0));
#1220=FACE_BOUND('',#1221,.T.);
#1221=EDGE_LOOP('',(#1222,#1223,#1224));
#1222=ORIENTED_EDGE('',*,*,#1225,.T.);
#1223=ORIENTED_EDGE('',*,*,#1226,.T.);
#1224=ORIENTED_EDGE('',*,*,#1227,.T.);
#1225=EDGE_CURVE('',#61,#77,#1228,.F.);
#1226=EDGE_CURVE('',#77,#79,#1229,.T.);
#1227=EDGE_CURVE('',#79,#61,#1230,.T.);
#1228=LINE('',#60,#1231);
#1229=LINE('',#76,#1232);
#1230=LINE('',#78,#1233);
#1231=VECTOR('',#1234,1.0);
#1232=VECTOR('',#1235,1.0);
#1233=VECTOR('',#1236,1.0);
#1234=DIRECTION('',(0.9774897948806641,0.2109827028553696,0));
#1235=DIRECTION('',(-0.6492604071852024,0.46972163125688704,0.5981826751010716));
#1236=DIRECTION('',(0.07978180545741326,-0.7031364578812943,-0.7065649192509507));
#1237=FACE_SURFACE('',(#1242),#1238,.T.);
#1238=PLANE('',#1239);
#1239=AXIS2_PLACEMENT_3D('',#64,#1240,#1241);
#1240=DIRECTION('',(0,0,1));
#1241=DIRECTION('',(-0.06469837107985964,0.9979048655957204,0));
#1242=FACE_BOUND('',#1243,.T.);
#1243=EDGE_LOOP('',(#1244,#1245,#1246));
#1244=ORIENTED_EDGE('',*,*,#1247,.T.);
#1245=ORIENTED_EDGE('',*,*,#1248,.T.);
#1246=ORIENTED_EDGE('',*,*,#1249,.T.);
#1247=EDGE_CURVE('',#65,#81,#1250,.F.);
#1248=EDGE_CURVE('',#81,#63,#1251,.T.);
#1249=EDGE_CURVE('',#63,#65,#1252,.T.);
#1250=LINE('',#64,#1253);
#1251=LINE('',#80,#1254);
#1252=LINE('',#62,#1255);
#1253=VECTOR('',#1256,1.0);
#1254=VECTOR('',#1257,1.0);
#1255=VECTOR('',#1258,1.0);
#1256=DIRECTION('',(-0.06469837107985964,0.9979048655957204,0));
#1257=DIRECTION('',(-0.09178593233760071,-0.9957787618868547,0));
#1258=DIRECTION('',(0.9997740171043065,0.021258285987301978,0));
#1259=FACE_SURFACE('',(#1264),#1260,.T.);
#1260=PLANE('',#1261);
#1261=AXIS2_PLACEMENT_3D('',#62,#1262,#1263);
#1262=DIRECTION('',(0,0,1));
#1263=DIRECTION('',(-0.0020700026061070236,0.9999978575423103,0));
#1264=FACE_BOUND('',#1265,.T.);
#1265=EDGE_LOOP('',(#1266,#1267,#1268));
#1266=ORIENTED_EDGE('',*,*,#1269,.T.);
#1267=ORIENTED_EDGE('',*,*,#1270,.T.);
#1268=ORIENTED_EDGE('',*,*,#1271,.T.);
#1269=EDGE_CURVE('',#63,#83,#1272,.F.);
#1270=EDGE_CURVE('',#83,#67,#1273,.T.);
#1271=EDGE_CURVE('',#67,#63,#1274,.T.);
#1272=LINE('',#62,#1275);
#1273=LINE('',#82,#1276);
#1274=LINE('',#66,#1277);
#1275=VECTOR('',#1278,1.0);
#1276=VECTOR('',#1279,1.0);
#1277=VECTOR('',#1280,1.0);
#1278=DIRECTION('',(-0.0020700026061070236,0.9999978575423103,0));
#1279=DIRECTION('',(-0.15431978552108797,-0.9880209531162412,0));
#1280=DIRECTION('',(0.9969052855247448,-0.07861203274834665,0));
#1281=FACE_SURFACE('',(#1286),#1282,.T.);
#1282=PLANE('',#1283);
#1283=AXIS2_PLACEMENT_3D('',#62,#1284,#1285);
#1284=DIRECTION('',(0,-0,1));
#1285=DIRECTION('',(0.09178593233760071,0.9957787618868547,0));
#1286=FACE_BOUND('',#1287,.T.);
#1287=EDGE_LOOP('',(#1288,#1289,#1290));
#1288=ORIENTED_EDGE('',*,*,#1291,.T.);
#1289=ORIENTED_EDGE('',*,*,#1292,.T.);
#1290=ORIENTED_EDGE('',*,*,#1293,.T.);
#1291=EDGE_CURVE('',#63,#81,#1294,.F.);
#1292=EDGE_CURVE('',#81,#83,#1295,.T.);
#1293=EDGE_CURVE('',#83,#63,#1296,.T.);
#1294=LINE('',#62,#1297);
#1295=LINE('',#80,#1298);
#1296=LINE('',#82,#1299);
#1297=VECTOR('',#1300,1.0);
#1298=VECTOR('',#1301,1.0);
#1299=VECTOR('',#1302,1.0);
#1300=DIRECTION('',(0.09178593233760071,0.9957787618868547,0));
#1301=DIRECTION('',(-1,0,0));
#1302=DIRECTION('',(0.0020700026061070236,-0.9999978575423103,0));
#1303=FACE_SURFACE('',(#1308),#1304,.T.);
#1304=PLANE('',#1305);
#1305=AXIS2_PLACEMENT_3D('',#80,#1306,#1307);
#1306=DIRECTION('',(0,0,1));
#1307=DIRECTION('',(0.06469837107985964,-0.9979048655957204,0));
#1308=FACE_BOUND('',#1309,.T.);
#1309=EDGE_LOOP('',(#1310,#1311,#1312));
#1310=ORIENTED_EDGE('',*,*,#1313,.T.);
#1311=ORIENTED_EDGE('',*,*,#1314,.T.);
#1312=ORIENTED_EDGE('',*,*,#1315,.T.);
#1313=EDGE_CURVE('',#81,#65,#1316,.F.);
#1314=EDGE_CURVE('',#65,#79,#1317,.T.);
#1315=EDGE_CURVE('',#79,#81,#1318,.T.);
#1316=LINE('',#80,#1319);
#1317=LINE('',#64,#1320);
#1318=LINE('',#78,#1321);
#1319=VECTOR('',#1322,1.0);
#1320=VECTOR('',#1323,1.0);
#1321=VECTOR('',#1324,1.0);
#1322=DIRECTION('',(0.06469837107985964,-0.9979048655957204,0));
#1323=DIRECTION('',(0.9926596811501702,0.12094113203886568,0));
#1324=DIRECTION('',(-0.2198009298499133,0.9755447458918086,0));
#1325=FACE_SURFACE('',(#1330),#1326,.T.);
#1326=PLANE('',#1327);
#1327=AXIS2_PLACEMENT_3D('',#66,#1328,#1329);
#1328=DIRECTION('',(0,0,1));
#1329=DIRECTION('',(-0.9614333944268574,0.2750378666308531,0));
#1330=FACE_BOUND('',#1331,.T.);
#1331=EDGE_LOOP('',(#1332,#1333,#1334));
#1332=ORIENTED_EDGE('',*,*,#1335,.T.);
#1333=ORIENTED_EDGE('',*,*,#1336,.T.);
#1334=ORIENTED_EDGE('',*,*,#1337,.T.);
#1335=EDGE_CURVE('',#67,#85,#1338,.F.);
#1336=EDGE_CURVE('',#85,#73,#1339,.T.);
#1337=EDGE_CURVE('',#73,#67,#1340,.T.);
#1338=LINE('',#66,#1341);
#1339=LINE('',#84,#1342);
#1340=LINE('',#72,#1343);
#1341=VECTOR('',#1344,1.0);
#1342=VECTOR('',#1345,1.0);
#1343=VECTOR('',#1346,1.0);
#1344=DIRECTION('',(-0.9614333944268574,0.2750378666308531,0));
#1345=DIRECTION('',(0.9464870309540874,-0.3227418476673213,0));
#1346=DIRECTION('',(0.9840857035246904,-0.17769447970692637,0));
#1347=FACE_SURFACE('',(#1352),#1348,.T.);
#1348=PLANE('',#1349);
#1349=AXIS2_PLACEMENT_3D('',#66,#1350,#1351);
#1350=DIRECTION('',(0,-0,1));
#1351=DIRECTION('',(0.15431978552108797,0.9880209531162412,0));
#1352=FACE_BOUND('',#1353,.T.);
#1353=EDGE_LOOP('',(#1354,#1355,#1356));
#1354=ORIENTED_EDGE('',*,*,#1357,.T.);
#1355=ORIENTED_EDGE('',*,*,#1358,.T.);
#1356=ORIENTED_EDGE('',*,*,#1359,.T.);
#1357=EDGE_CURVE('',#67,#83,#1360,.F.);
#1358=EDGE_CURVE('',#83,#85,#1361,.T.);
#1359=EDGE_CURVE('',#85,#67,#1362,.T.);
#1360=LINE('',#66,#1363);
#1361=LINE('',#82,#1364);
#1362=LINE('',#84,#1365);
#1363=VECTOR('',#1366,1.0);
#1364=VECTOR('',#1367,1.0);
#1365=VECTOR('',#1368,1.0);
#1366=DIRECTION('',(0.15431978552108797,0.9880209531162412,0));
#1367=DIRECTION('',(-0.5760123812278094,-0.8174409683104149,0));
#1368=DIRECTION('',(0.9614333944268574,-0.2750378666308531,0));
#1369=FACE_SURFACE('',(#1374),#1370,.T.);
#1370=PLANE('',#1371);
#1371=AXIS2_PLACEMENT_3D('',#86,#1372,#1373);
#1372=DIRECTION('',(0,0,-1));
#1373=DIRECTION('',(0.9988673332975819,-0.04758203937387882,0));
#1374=FACE_BOUND('',#1375,.T.);
#1375=EDGE_LOOP('',(#1376,#1377,#1378));
#1376=ORIENTED_EDGE('',*,*,#1379,.T.);
#1377=ORIENTED_EDGE('',*,*,#1380,.T.);
#1378=ORIENTED_EDGE('',*,*,#1381,.T.);
#1379=EDGE_CURVE('',#87,#75,#1382,.F.);
#1380=EDGE_CURVE('',#75,#69,#1383,.T.);
#1381=EDGE_CURVE('',#69,#87,#1384,.T.);
#1382=LINE('',#86,#1385);
#1383=LINE('',#74,#1386);
#1384=LINE('',#68,#1387);
#1385=VECTOR('',#1388,1.0);
#1386=VECTOR('',#1389,1.0);
#1387=VECTOR('',#1390,1.0);
#1388=DIRECTION('',(0.9988673332975819,-0.04758203937387882,0));
#1389=DIRECTION('',(-1,0,0));
#1390=DIRECTION('',(-0.9283642432457297,0.3716716721284842,0));
#1391=FACE_SURFACE('',(#1396),#1392,.T.);
#1392=PLANE('',#1393);
#1393=AXIS2_PLACEMENT_3D('',#68,#1394,#1395);
#1394=DIRECTION('',(-0.37167166938516843,-0.9283642363934556,-0.00012149912846479522));
#1395=DIRECTION('',(-0.007054431354454501,0.0026933788652486893,0.9999714899478652));
#1396=FACE_BOUND('',#1397,.T.);
#1397=EDGE_LOOP('',(#1398,#1399,#1400));
#1398=ORIENTED_EDGE('',*,*,#1401,.T.);
#1399=ORIENTED_EDGE('',*,*,#1402,.T.);
#1400=ORIENTED_EDGE('',*,*,#1403,.T.);
#1401=EDGE_CURVE('',#69,#89,#1404,.F.);
#1402=EDGE_CURVE('',#89,#87,#1405,.T.);
#1403=EDGE_CURVE('',#87,#69,#1406,.T.);
#1404=LINE('',#68,#1407);
#1405=LINE('',#88,#1408);
#1406=LINE('',#86,#1409);
#1407=VECTOR('',#1410,1.0);
#1408=VECTOR('',#1411,1.0);
#1409=VECTOR('',#1412,1.0);
#1410=DIRECTION('',(-0.007054431354454501,0.0026933788652486893,0.9999714899478652));
#1411=DIRECTION('',(-0.0035217884593701943,0.001540825433161281,-0.9999926114042202));
#1412=DIRECTION('',(0.9283642432457297,-0.3716716721284842,0));
#1413=FACE_SURFACE('',(#1418),#1414,.T.);
#1414=PLANE('',#1415);
#1415=AXIS2_PLACEMENT_3D('',#68,#1416,#1417);
#1416=DIRECTION('',(-0.34236118438249263,-0.9395684148047441,0.00011545352882040258));
#1417=DIRECTION('',(0.003477777086978496,-0.0011443585273348265,0.9999932977325868));
#1418=FACE_BOUND('',#1419,.T.);
#1419=EDGE_LOOP('',(#1420,#1421,#1422));
#1420=ORIENTED_EDGE('',*,*,#1423,.T.);
#1421=ORIENTED_EDGE('',*,*,#1424,.T.);
#1422=ORIENTED_EDGE('',*,*,#1425,.T.);
#1423=EDGE_CURVE('',#69,#71,#1426,.F.);
#1424=EDGE_CURVE('',#71,#89,#1427,.T.);
#1425=EDGE_CURVE('',#89,#69,#1428,.T.);
#1426=LINE('',#68,#1429);
#1427=LINE('',#70,#1430);
#1428=LINE('',#88,#1431);
#1429=VECTOR('',#1432,1.0);
#1430=VECTOR('',#1433,1.0);
#1431=VECTOR('',#1434,1.0);
#1432=DIRECTION('',(0.003477777086978496,-0.0011443585273348265,0.9999932977325868));
#1433=DIRECTION('',(-0.9395684210667409,0.3423611866642473,0));
#1434=DIRECTION('',(0.007054431354454501,-0.0026933788652486893,-0.9999714899478652));
#1435=FACE_SURFACE('',(#1440),#1436,.T.);
#1436=PLANE('',#1437);
#1437=AXIS2_PLACEMENT_3D('',#88,#1438,#1439);
#1438=DIRECTION('',(-0.2432487861203693,-0.6675665548666707,0.7036937706661976));
#1439=DIRECTION('',(0.9395684210667409,-0.3423611866642473,0));
#1440=FACE_BOUND('',#1441,.T.);
#1441=EDGE_LOOP('',(#1442,#1443,#1444));
#1442=ORIENTED_EDGE('',*,*,#1445,.T.);
#1443=ORIENTED_EDGE('',*,*,#1446,.T.);
#1444=ORIENTED_EDGE('',*,*,#1447,.T.);
#1445=EDGE_CURVE('',#89,#71,#1448,.F.);
#1446=EDGE_CURVE('',#71,#91,#1449,.T.);
#1447=EDGE_CURVE('',#91,#89,#1450,.T.);
#1448=LINE('',#88,#1451);
#1449=LINE('',#70,#1452);
#1450=LINE('',#90,#1453);
#1451=VECTOR('',#1454,1.0);
#1452=VECTOR('',#1455,1.0);
#1453=VECTOR('',#1456,1.0);
#1454=DIRECTION('',(0.9395684210667409,-0.3423611866642473,0));
#1455=DIRECTION('',(0.04179537462261703,0.7175968799736483,0.6952034698649314));
#1456=DIRECTION('',(-0.6332675414964516,-0.4402277809559305,-0.6365310061274763));
#1457=FACE_SURFACE('',(#1462),#1458,.T.);
#1458=PLANE('',#1459);
#1459=AXIS2_PLACEMENT_3D('',#90,#1460,#1461);
#1460=DIRECTION('',(-0.19361526491609013,-0.676804629321358,0.7102454666667374));
#1461=DIRECTION('',(-0.04179537462261703,-0.7175968799736483,-0.6952034698649314));
#1462=FACE_BOUND('',#1463,.T.);
#1463=EDGE_LOOP('',(#1464,#1465,#1466));
#1464=ORIENTED_EDGE('',*,*,#1467,.T.);
#1465=ORIENTED_EDGE('',*,*,#1468,.T.);
#1466=ORIENTED_EDGE('',*,*,#1469,.T.);
#1467=EDGE_CURVE('',#91,#71,#1470,.F.);
#1468=EDGE_CURVE('',#71,#73,#1471,.T.);
#1469=EDGE_CURVE('',#73,#91,#1472,.T.);
#1470=LINE('',#90,#1473);
#1471=LINE('',#70,#1474);
#1472=LINE('',#72,#1475);
#1473=VECTOR('',#1476,1.0);
#1474=VECTOR('',#1477,1.0);
#1475=VECTOR('',#1478,1.0);
#1476=DIRECTION('',(-0.04179537462261703,-0.7175968799736483,-0.6952034698649314));
#1477=DIRECTION('',(0.6156005300063351,0.47988035737757556,0.6251006559419767));
#1478=DIRECTION('',(-0.9614328943290109,0.2750396147869263,0));
#1479=FACE_SURFACE('',(#1484),#1480,.T.);
#1480=PLANE('',#1481);
#1481=AXIS2_PLACEMENT_3D('',#72,#1482,#1483);
#1482=DIRECTION('',(0,0,1));
#1483=DIRECTION('',(-0.9464870309540874,0.3227418476673213,0));
#1484=FACE_BOUND('',#1485,.T.);
#1485=EDGE_LOOP('',(#1486,#1487,#1488));
#1486=ORIENTED_EDGE('',*,*,#1489,.T.);
#1487=ORIENTED_EDGE('',*,*,#1490,.T.);
#1488=ORIENTED_EDGE('',*,*,#1491,.T.);
#1489=EDGE_CURVE('',#73,#85,#1492,.F.);
#1490=EDGE_CURVE('',#85,#91,#1493,.T.);
#1491=EDGE_CURVE('',#91,#73,#1494,.T.);
#1492=LINE('',#72,#1495);
#1493=LINE('',#84,#1496);
#1494=LINE('',#90,#1497);
#1495=VECTOR('',#1498,1.0);
#1496=VECTOR('',#1499,1.0);
#1497=VECTOR('',#1500,1.0);
#1498=DIRECTION('',(-0.9464870309540874,0.3227418476673213,0));
#1499=DIRECTION('',(0.9291763740437455,-0.3696366674437445,0));
#1500=DIRECTION('',(0.9614328943290109,-0.2750396147869263,0));
#1501=FACE_SURFACE('',(#1506),#1502,.T.);
#1502=PLANE('',#1503);
#1503=AXIS2_PLACEMENT_3D('',#86,#1504,#1505);
#1504=DIRECTION('',(0,0,-1));
#1505=DIRECTION('',(1,0,0));
#1506=FACE_BOUND('',#1507,.T.);
#1507=EDGE_LOOP('',(#1508,#1509,#1510));
#1508=ORIENTED_EDGE('',*,*,#1511,.T.);
#1509=ORIENTED_EDGE('',*,*,#1512,.T.);
#1510=ORIENTED_EDGE('',*,*,#1513,.T.);
#1511=EDGE_CURVE('',#87,#93,#1514,.F.);
#1512=EDGE_CURVE('',#93,#75,#1515,.T.);
#1513=EDGE_CURVE('',#75,#87,#1516,.T.);
#1514=LINE('',#86,#1517);
#1515=LINE('',#92,#1518);
#1516=LINE('',#74,#1519);
#1517=VECTOR('',#1520,1.0);
#1518=VECTOR('',#1521,1.0);
#1519=VECTOR('',#1522,1.0);
#1520=DIRECTION('',(1,0,0));
#1521=DIRECTION('',(-0.9283642432457297,-0.3716716721284842,0));
#1522=DIRECTION('',(-0.9988673332975819,0.04758203937387882,0));
#1523=FACE_SURFACE('',(#1528),#1524,.T.);
#1524=PLANE('',#1525);
#1525=AXIS2_PLACEMENT_3D('',#92,#1526,#1527);
#1526=DIRECTION('',(0.3716716706279307,-0.9283642394976364,-8.985887970481514E-05));
#1527=DIRECTION('',(-0.008334828591721398,-0.003433646795252883,0.9999593695255983));
#1528=FACE_BOUND('',#1529,.T.);
#1529=EDGE_LOOP('',(#1530,#1531,#1532));
#1530=ORIENTED_EDGE('',*,*,#1533,.T.);
#1531=ORIENTED_EDGE('',*,*,#1534,.T.);
#1532=ORIENTED_EDGE('',*,*,#1535,.T.);
#1533=EDGE_CURVE('',#93,#95,#1536,.F.);
#1534=EDGE_CURVE('',#95,#75,#1537,.T.);
#1535=EDGE_CURVE('',#75,#93,#1538,.T.);
#1536=LINE('',#92,#1539);
#1537=LINE('',#94,#1540);
#1538=LINE('',#74,#1541);
#1539=VECTOR('',#1542,1.0);
#1540=VECTOR('',#1543,1.0);
#1541=VECTOR('',#1544,1.0);
#1542=DIRECTION('',(-0.008334828591721398,-0.003433646795252883,0.9999593695255983));
#1543=DIRECTION('',(-0.002241273362067543,-0.0008005038948900338,-0.999997167939605));
#1544=DIRECTION('',(0.9283642432457297,0.3716716721284842,0));
#1545=FACE_SURFACE('',(#1550),#1546,.T.);
#1546=PLANE('',#1547);
#1547=AXIS2_PLACEMENT_3D('',#74,#1548,#1549);
#1548=DIRECTION('',(0.30146606018201894,-0.9534769042224133,8.759437333687914E-05));
#1549=DIRECTION('',(0.002241273362067543,0.0008005038948900338,0.999997167939605));
#1550=FACE_BOUND('',#1551,.T.);
#1551=EDGE_LOOP('',(#1552,#1553,#1554));
#1552=ORIENTED_EDGE('',*,*,#1555,.T.);
#1553=ORIENTED_EDGE('',*,*,#1556,.T.);
#1554=ORIENTED_EDGE('',*,*,#1557,.T.);
#1555=EDGE_CURVE('',#75,#95,#1558,.F.);
#1556=EDGE_CURVE('',#95,#77,#1559,.T.);
#1557=EDGE_CURVE('',#77,#75,#1560,.T.);
#1558=LINE('',#74,#1561);
#1559=LINE('',#94,#1562);
#1560=LINE('',#76,#1563);
#1561=VECTOR('',#1564,1.0);
#1562=VECTOR('',#1565,1.0);
#1563=VECTOR('',#1566,1.0);
#1564=DIRECTION('',(0.002241273362067543,0.0008005038948900338,0.999997167939605));
#1565=DIRECTION('',(-0.9534769078803198,-0.30146606133855947,0));
#1566=DIRECTION('',(0.00844693617016312,0.0025788496815201253,-0.9999609986412756));
#1567=FACE_SURFACE('',(#1572),#1568,.T.);
#1568=PLANE('',#1569);
#1569=AXIS2_PLACEMENT_3D('',#78,#1570,#1571);
#1570=DIRECTION('',(0.15482847010291748,-0.6884001526409359,0.7086136991969081));
#1571=DIRECTION('',(0.6492604071852024,-0.46972163125688704,-0.5981826751010716));
#1572=FACE_BOUND('',#1573,.T.);
#1573=EDGE_LOOP('',(#1574,#1575,#1576));
#1574=ORIENTED_EDGE('',*,*,#1577,.T.);
#1575=ORIENTED_EDGE('',*,*,#1578,.T.);
#1576=ORIENTED_EDGE('',*,*,#1579,.T.);
#1577=EDGE_CURVE('',#79,#77,#1580,.F.);
#1578=EDGE_CURVE('',#77,#97,#1581,.T.);
#1579=EDGE_CURVE('',#97,#79,#1582,.T.);
#1580=LINE('',#78,#1583);
#1581=LINE('',#76,#1584);
#1582=LINE('',#96,#1585);
#1583=VECTOR('',#1586,1.0);
#1584=VECTOR('',#1587,1.0);
#1585=VECTOR('',#1588,1.0);
#1586=DIRECTION('',(0.6492604071852024,-0.46972163125688704,-0.5981826751010716));
#1587=DIRECTION('',(-0.10355762555427914,0.702002865753852,0.7046047080902448));
#1588=DIRECTION('',(-0.9756284381527977,-0.21942914726064222,0));
#1589=FACE_SURFACE('',(#1594),#1590,.T.);
#1590=PLANE('',#1591);
#1591=AXIS2_PLACEMENT_3D('',#76,#1592,#1593);
#1592=DIRECTION('',(0.21378100867761898,-0.6761466090491564,0.7050698145574713));
#1593=DIRECTION('',(0.9534769078803198,0.30146606133855947,0));
#1594=FACE_BOUND('',#1595,.T.);
#1595=EDGE_LOOP('',(#1596,#1597,#1598));
#1596=ORIENTED_EDGE('',*,*,#1599,.T.);
#1597=ORIENTED_EDGE('',*,*,#1600,.T.);
#1598=ORIENTED_EDGE('',*,*,#1601,.T.);
#1599=EDGE_CURVE('',#77,#95,#1602,.F.);
#1600=EDGE_CURVE('',#95,#97,#1603,.T.);
#1601=EDGE_CURVE('',#97,#77,#1604,.T.);
#1602=LINE('',#76,#1605);
#1603=LINE('',#94,#1606);
#1604=LINE('',#96,#1607);
#1605=VECTOR('',#1608,1.0);
#1606=VECTOR('',#1609,1.0);
#1607=VECTOR('',#1610,1.0);
#1608=DIRECTION('',(0.9534769078803198,0.30146606133855947,0));
#1609=DIRECTION('',(-0.6685788773663306,0.424966612886415,0.6102504917420591));
#1610=DIRECTION('',(0.10355762555427914,-0.702002865753852,-0.7046047080902448));
#1611=FACE_SURFACE('',(#1616),#1612,.T.);
#1612=PLANE('',#1613);
#1613=AXIS2_PLACEMENT_3D('',#80,#1614,#1615);
#1614=DIRECTION('',(0,0,1));
#1615=DIRECTION('',(0.2198009298499133,-0.9755447458918086,0));
#1616=FACE_BOUND('',#1617,.T.);
#1617=EDGE_LOOP('',(#1618,#1619,#1620));
#1618=ORIENTED_EDGE('',*,*,#1621,.T.);
#1619=ORIENTED_EDGE('',*,*,#1622,.T.);
#1620=ORIENTED_EDGE('',*,*,#1623,.T.);
#1621=EDGE_CURVE('',#81,#79,#1624,.F.);
#1622=EDGE_CURVE('',#79,#97,#1625,.T.);
#1623=EDGE_CURVE('',#97,#81,#1626,.T.);
#1624=LINE('',#80,#1627);
#1625=LINE('',#78,#1628);
#1626=LINE('',#96,#1629);
#1627=VECTOR('',#1630,1.0);
#1628=VECTOR('',#1631,1.0);
#1629=VECTOR('',#1632,1.0);
#1630=DIRECTION('',(0.2198009298499133,-0.9755447458918086,0));
#1631=DIRECTION('',(0.9756284381527977,0.21942914726064222,0));
#1632=DIRECTION('',(-0.36797494626904714,0.92983570533632,0));
#1633=FACE_SURFACE('',(#1638),#1634,.T.);
#1634=PLANE('',#1635);
#1635=AXIS2_PLACEMENT_3D('',#82,#1636,#1637);
#1636=DIRECTION('',(-0,0.7113488739076146,0.7028390851328409));
#1637=DIRECTION('',(1,0,0));
#1638=FACE_BOUND('',#1639,.T.);
#1639=EDGE_LOOP('',(#1640,#1641,#1642));
#1640=ORIENTED_EDGE('',*,*,#1643,.T.);
#1641=ORIENTED_EDGE('',*,*,#1644,.T.);
#1642=ORIENTED_EDGE('',*,*,#1645,.T.);
#1643=EDGE_CURVE('',#83,#81,#1646,.F.);
#1644=EDGE_CURVE('',#81,#99,#1647,.T.);
#1645=EDGE_CURVE('',#99,#83,#1648,.T.);
#1646=LINE('',#82,#1649);
#1647=LINE('',#80,#1650);
#1648=LINE('',#98,#1651);
#1649=VECTOR('',#1652,1.0);
#1650=VECTOR('',#1653,1.0);
#1651=VECTOR('',#1654,1.0);
#1652=DIRECTION('',(1,0,0));
#1653=DIRECTION('',(-0.20136961019468988,0.6884416578313918,-0.6967771263843293));
#1654=DIRECTION('',(-0.20136961019468988,-0.6884416578313918,0.6967771263843293));
#1655=FACE_SURFACE('',(#1660),#1656,.T.);
#1656=PLANE('',#1657);
#1657=AXIS2_PLACEMENT_3D('',#98,#1658,#1659);
#1658=DIRECTION('',(-0.06890369344434594,0.6996307678700997,0.7111744298547455));
#1659=DIRECTION('',(0.20136961019468988,-0.6884416578313918,0.6967771263843293));
#1660=FACE_BOUND('',#1661,.T.);
#1661=EDGE_LOOP('',(#1662,#1663,#1664));
#1662=ORIENTED_EDGE('',*,*,#1665,.T.);
#1663=ORIENTED_EDGE('',*,*,#1666,.T.);
#1664=ORIENTED_EDGE('',*,*,#1667,.T.);
#1665=EDGE_CURVE('',#99,#81,#1668,.F.);
#1666=EDGE_CURVE('',#81,#101,#1669,.T.);
#1667=EDGE_CURVE('',#101,#99,#1670,.T.);
#1668=LINE('',#98,#1671);
#1669=LINE('',#80,#1672);
#1670=LINE('',#100,#1673);
#1671=VECTOR('',#1674,1.0);
#1672=VECTOR('',#1675,1.0);
#1673=VECTOR('',#1676,1.0);
#1674=DIRECTION('',(0.20136961019468988,-0.6884416578313918,0.6967771263843293));
#1675=DIRECTION('',(0.13671652964309347,0.7127650769937074,-0.6879495152556644));
#1676=DIRECTION('',(-0.995185270943311,-0.098011614094905,0));
#1677=FACE_SURFACE('',(#1682),#1678,.T.);
#1678=PLANE('',#1679);
#1679=AXIS2_PLACEMENT_3D('',#80,#1680,#1681);
#1680=DIRECTION('',(-0.11700270383388424,0.7012280732741918,0.7032706140226));
#1681=DIRECTION('',(0.9863639444763521,0.16457876241195823,0));
#1682=FACE_BOUND('',#1683,.T.);
#1683=EDGE_LOOP('',(#1684,#1685,#1686));
#1684=ORIENTED_EDGE('',*,*,#1687,.T.);
#1685=ORIENTED_EDGE('',*,*,#1688,.T.);
#1686=ORIENTED_EDGE('',*,*,#1689,.T.);
#1687=EDGE_CURVE('',#81,#103,#1690,.F.);
#1688=EDGE_CURVE('',#103,#101,#1691,.T.);
#1689=EDGE_CURVE('',#101,#81,#1692,.T.);
#1690=LINE('',#80,#1693);
#1691=LINE('',#102,#1694);
#1692=LINE('',#100,#1695);
#1693=VECTOR('',#1696,1.0);
#1694=VECTOR('',#1697,1.0);
#1695=VECTOR('',#1698,1.0);
#1696=DIRECTION('',(0.9863639444763521,0.16457876241195823,0));
#1697=DIRECTION('',(-0.26114264991401337,0.6614920106370208,-0.7030169530383166));
#1698=DIRECTION('',(-0.13671652964309347,-0.7127650769937074,0.6879495152556644));
#1699=FACE_SURFACE('',(#1704),#1700,.T.);
#1700=PLANE('',#1701);
#1701=AXIS2_PLACEMENT_3D('',#104,#1702,#1703);
#1702=DIRECTION('',(0,0,1));
#1703=DIRECTION('',(-0.9990231192571211,0.04419057806560128,0));
#1704=FACE_BOUND('',#1705,.T.);
#1705=EDGE_LOOP('',(#1706,#1707,#1708));
#1706=ORIENTED_EDGE('',*,*,#1709,.T.);
#1707=ORIENTED_EDGE('',*,*,#1710,.T.);
#1708=ORIENTED_EDGE('',*,*,#1711,.T.);
#1709=EDGE_CURVE('',#105,#103,#1712,.F.);
#1710=EDGE_CURVE('',#103,#81,#1713,.T.);
#1711=EDGE_CURVE('',#81,#105,#1714,.T.);
#1712=LINE('',#104,#1715);
#1713=LINE('',#102,#1716);
#1714=LINE('',#80,#1717);
#1715=VECTOR('',#1718,1.0);
#1716=VECTOR('',#1719,1.0);
#1717=VECTOR('',#1720,1.0);
#1718=DIRECTION('',(-0.9990231192571211,0.04419057806560128,0));
#1719=DIRECTION('',(-0.9863639444763521,-0.16457876241195823,0));
#1720=DIRECTION('',(0.9995442818217903,-0.03018656451737278,0));
#1721=FACE_SURFACE('',(#1726),#1722,.T.);
#1722=PLANE('',#1723);
#1723=AXIS2_PLACEMENT_3D('',#80,#1724,#1725);
#1724=DIRECTION('',(0,0,1));
#1725=DIRECTION('',(0.9906241038175255,-0.13661582974064299,0));
#1726=FACE_BOUND('',#1727,.T.);
#1727=EDGE_LOOP('',(#1728,#1729,#1730));
#1728=ORIENTED_EDGE('',*,*,#1731,.T.);
#1729=ORIENTED_EDGE('',*,*,#1732,.T.);
#1730=ORIENTED_EDGE('',*,*,#1733,.T.);
#1731=EDGE_CURVE('',#81,#107,#1734,.F.);
#1732=EDGE_CURVE('',#107,#105,#1735,.T.);
#1733=EDGE_CURVE('',#105,#81,#1736,.T.);
#1734=LINE('',#80,#1737);
#1735=LINE('',#106,#1738);
#1736=LINE('',#104,#1739);
#1737=VECTOR('',#1740,1.0);
#1738=VECTOR('',#1741,1.0);
#1739=VECTOR('',#1742,1.0);
#1740=DIRECTION('',(0.9906241038175255,-0.13661582974064299,0));
#1741=DIRECTION('',(0.43482803730520897,0.9005135079349448,0));
#1742=DIRECTION('',(-0.9995442818217903,0.03018656451737278,0));
#1743=FACE_SURFACE('',(#1748),#1744,.T.);
#1744=PLANE('',#1745);
#1745=AXIS2_PLACEMENT_3D('',#80,#1746,#1747);
#1746=DIRECTION('',(0,0,1));
#1747=DIRECTION('',(0.9692054162762767,-0.2462536518728793,0));
#1748=FACE_BOUND('',#1749,.T.);
#1749=EDGE_LOOP('',(#1750,#1751,#1752));
#1750=ORIENTED_EDGE('',*,*,#1753,.T.);
#1751=ORIENTED_EDGE('',*,*,#1754,.T.);
#1752=ORIENTED_EDGE('',*,*,#1755,.T.);
#1753=EDGE_CURVE('',#81,#109,#1756,.F.);
#1754=EDGE_CURVE('',#109,#107,#1757,.T.);
#1755=EDGE_CURVE('',#107,#81,#1758,.T.);
#1756=LINE('',#80,#1759);
#1757=LINE('',#108,#1760);
#1758=LINE('',#106,#1761);
#1759=VECTOR('',#1762,1.0);
#1760=VECTOR('',#1763,1.0);
#1761=VECTOR('',#1764,1.0);
#1762=DIRECTION('',(0.9692054162762767,-0.2462536518728793,0));
#1763=DIRECTION('',(0.5225706140741412,0.8525960082631018,0));
#1764=DIRECTION('',(-0.9906241038175255,0.13661582974064299,0));
#1765=FACE_SURFACE('',(#1770),#1766,.T.);
#1766=PLANE('',#1767);
#1767=AXIS2_PLACEMENT_3D('',#80,#1768,#1769);
#1768=DIRECTION('',(0,0,1));
#1769=DIRECTION('',(0.36797494626904714,-0.92983570533632,0));
#1770=FACE_BOUND('',#1771,.T.);
#1771=EDGE_LOOP('',(#1772,#1773,#1774));
#1772=ORIENTED_EDGE('',*,*,#1775,.T.);
#1773=ORIENTED_EDGE('',*,*,#1776,.T.);
#1774=ORIENTED_EDGE('',*,*,#1777,.T.);
#1775=EDGE_CURVE('',#81,#97,#1778,.F.);
#1776=EDGE_CURVE('',#97,#111,#1779,.T.);
#1777=EDGE_CURVE('',#111,#81,#1780,.T.);
#1778=LINE('',#80,#1781);
#1779=LINE('',#96,#1782);
#1780=LINE('',#110,#1783);
#1781=VECTOR('',#1784,1.0);
#1782=VECTOR('',#1785,1.0);
#1783=VECTOR('',#1786,1.0);
#1784=DIRECTION('',(0.36797494626904714,-0.92983570533632,0));
#1785=DIRECTION('',(0.9488640058091781,0.3156851255282074,0));
#1786=DIRECTION('',(-0.5043954953254302,0.8634727467010258,0));
#1787=FACE_SURFACE('',(#1792),#1788,.T.);
#1788=PLANE('',#1789);
#1789=AXIS2_PLACEMENT_3D('',#80,#1790,#1791);
#1790=DIRECTION('',(0,0,1));
#1791=DIRECTION('',(0.933778650740587,-0.3578511302498412,0));
#1792=FACE_BOUND('',#1793,.T.);
#1793=EDGE_LOOP('',(#1794,#1795,#1796));
#1794=ORIENTED_EDGE('',*,*,#1797,.T.);
#1795=ORIENTED_EDGE('',*,*,#1798,.T.);
#1796=ORIENTED_EDGE('',*,*,#1799,.T.);
#1797=EDGE_CURVE('',#81,#113,#1800,.F.);
#1798=EDGE_CURVE('',#113,#109,#1801,.T.);
#1799=EDGE_CURVE('',#109,#81,#1802,.T.);
#1800=LINE('',#80,#1803);
#1801=LINE('',#112,#1804);
#1802=LINE('',#108,#1805);
#1803=VECTOR('',#1806,1.0);
#1804=VECTOR('',#1807,1.0);
#1805=VECTOR('',#1808,1.0);
#1806=DIRECTION('',(0.933778650740587,-0.3578511302498412,0));
#1807=DIRECTION('',(0.60498913137953,0.7962337288212812,0));
#1808=DIRECTION('',(-0.9692054162762767,0.2462536518728793,0));
#1809=FACE_SURFACE('',(#1814),#1810,.T.);
#1810=PLANE('',#1811);
#1811=AXIS2_PLACEMENT_3D('',#80,#1812,#1813);
#1812=DIRECTION('',(0,0,1));
#1813=DIRECTION('',(0.5043954953254302,-0.8634727467010258,0));
#1814=FACE_BOUND('',#1815,.T.);
#1815=EDGE_LOOP('',(#1816,#1817,#1818));
#1816=ORIENTED_EDGE('',*,*,#1819,.T.);
#1817=ORIENTED_EDGE('',*,*,#1820,.T.);
#1818=ORIENTED_EDGE('',*,*,#1821,.T.);
#1819=EDGE_CURVE('',#81,#111,#1822,.F.);
#1820=EDGE_CURVE('',#111,#115,#1823,.T.);
#1821=EDGE_CURVE('',#115,#81,#1824,.T.);
#1822=LINE('',#80,#1825);
#1823=LINE('',#110,#1826);
#1824=LINE('',#114,#1827);
#1825=VECTOR('',#1828,1.0);
#1826=VECTOR('',#1829,1.0);
#1827=VECTOR('',#1830,1.0);
#1828=DIRECTION('',(0.5043954953254302,-0.8634727467010258,0));
#1829=DIRECTION('',(0.9126195611206782,0.40880990283981705,0));
#1830=DIRECTION('',(-0.6255449240099776,0.7801881491315741,0));
#1831=FACE_SURFACE('',(#1836),#1832,.T.);
#1832=PLANE('',#1833);
#1833=AXIS2_PLACEMENT_3D('',#80,#1834,#1835);
#1834=DIRECTION('',(0,0,1));
#1835=DIRECTION('',(0.8828304512270714,-0.46969180787640485,0));
#1836=FACE_BOUND('',#1837,.T.);
#1837=EDGE_LOOP('',(#1838,#1839,#1840));
#1838=ORIENTED_EDGE('',*,*,#1841,.T.);
#1839=ORIENTED_EDGE('',*,*,#1842,.T.);
#1840=ORIENTED_EDGE('',*,*,#1843,.T.);
#1841=EDGE_CURVE('',#81,#117,#1844,.F.);
#1842=EDGE_CURVE('',#117,#113,#1845,.T.);
#1843=EDGE_CURVE('',#113,#81,#1846,.T.);
#1844=LINE('',#80,#1847);
#1845=LINE('',#116,#1848);
#1846=LINE('',#112,#1849);
#1847=VECTOR('',#1850,1.0);
#1848=VECTOR('',#1851,1.0);
#1849=VECTOR('',#1852,1.0);
#1850=DIRECTION('',(0.8828304512270714,-0.46969180787640485,0));
#1851=DIRECTION('',(0.6814812361953528,0.731835585848115,0));
#1852=DIRECTION('',(-0.933778650740587,0.3578511302498412,0));
#1853=FACE_SURFACE('',(#1858),#1854,.T.);
#1854=PLANE('',#1855);
#1855=AXIS2_PLACEMENT_3D('',#80,#1856,#1857);
#1856=DIRECTION('',(0,0,1));
#1857=DIRECTION('',(0.6255449240099776,-0.7801881491315741,0));
#1858=FACE_BOUND('',#1859,.T.);
#1859=EDGE_LOOP('',(#1860,#1861,#1862));
#1860=ORIENTED_EDGE('',*,*,#1863,.T.);
#1861=ORIENTED_EDGE('',*,*,#1864,.T.);
#1862=ORIENTED_EDGE('',*,*,#1865,.T.);
#1863=EDGE_CURVE('',#81,#115,#1866,.F.);
#1864=EDGE_CURVE('',#115,#119,#1867,.T.);
#1865=EDGE_CURVE('',#119,#81,#1868,.T.);
#1866=LINE('',#80,#1869);
#1867=LINE('',#114,#1870);
#1868=LINE('',#118,#1871);
#1869=VECTOR('',#1872,1.0);
#1870=VECTOR('',#1873,1.0);
#1871=VECTOR('',#1874,1.0);
#1872=DIRECTION('',(0.6255449240099776,-0.7801881491315741,0));
#1873=DIRECTION('',(0.8672700940965459,0.4978379092493544,0));
#1874=DIRECTION('',(-0.7293377250975283,0.684153844357804,0));
#1875=FACE_SURFACE('',(#1880),#1876,.T.);
#1876=PLANE('',#1877);
#1877=AXIS2_PLACEMENT_3D('',#80,#1878,#1879);
#1878=DIRECTION('',(0,0,1));
#1879=DIRECTION('',(0.8150056170645106,-0.5794530560393106,0));
#1880=FACE_BOUND('',#1881,.T.);
#1881=EDGE_LOOP('',(#1882,#1883,#1884));
#1882=ORIENTED_EDGE('',*,*,#1885,.T.);
#1883=ORIENTED_EDGE('',*,*,#1886,.T.);
#1884=ORIENTED_EDGE('',*,*,#1887,.T.);
#1885=EDGE_CURVE('',#81,#121,#1888,.F.);
#1886=EDGE_CURVE('',#121,#117,#1889,.T.);
#1887=EDGE_CURVE('',#117,#81,#1890,.T.);
#1888=LINE('',#80,#1891);
#1889=LINE('',#120,#1892);
#1890=LINE('',#116,#1893);
#1891=VECTOR('',#1894,1.0);
#1892=VECTOR('',#1895,1.0);
#1893=VECTOR('',#1896,1.0);
#1894=DIRECTION('',(0.8150056170645106,-0.5794530560393106,0));
#1895=DIRECTION('',(0.7510967174826503,0.6601921848876945,0));
#1896=DIRECTION('',(-0.8828304512270714,0.46969180787640485,0));
#1897=FACE_SURFACE('',(#1902),#1898,.T.);
#1898=PLANE('',#1899);
#1899=AXIS2_PLACEMENT_3D('',#80,#1900,#1901);
#1900=DIRECTION('',(0,0,1));
#1901=DIRECTION('',(0.7293377250975283,-0.684153844357804,0));
#1902=FACE_BOUND('',#1903,.T.);
#1903=EDGE_LOOP('',(#1904,#1905,#1906));
#1904=ORIENTED_EDGE('',*,*,#1907,.T.);
#1905=ORIENTED_EDGE('',*,*,#1908,.T.);
#1906=ORIENTED_EDGE('',*,*,#1909,.T.);
#1907=EDGE_CURVE('',#81,#119,#1910,.F.);
#1908=EDGE_CURVE('',#119,#121,#1911,.T.);
#1909=EDGE_CURVE('',#121,#81,#1912,.T.);
#1910=LINE('',#80,#1913);
#1911=LINE('',#118,#1914);
#1912=LINE('',#120,#1915);
#1913=VECTOR('',#1916,1.0);
#1914=VECTOR('',#1917,1.0);
#1915=VECTOR('',#1918,1.0);
#1916=DIRECTION('',(0.7293377250975283,-0.684153844357804,0));
#1917=DIRECTION('',(0.81324007691745,0.5819283265964117,0));
#1918=DIRECTION('',(-0.8150056170645106,0.5794530560393106,0));
#1919=FACE_SURFACE('',(#1924),#1920,.T.);
#1920=PLANE('',#1921);
#1921=AXIS2_PLACEMENT_3D('',#122,#1922,#1923);
#1922=DIRECTION('',(0.11700270383388424,0.7012280732741918,0.7032706140226));
#1923=DIRECTION('',(0.9863639444763521,-0.16457876241195823,0));
#1924=FACE_BOUND('',#1925,.T.);
#1925=EDGE_LOOP('',(#1926,#1927,#1928));
#1926=ORIENTED_EDGE('',*,*,#1929,.T.);
#1927=ORIENTED_EDGE('',*,*,#1930,.T.);
#1928=ORIENTED_EDGE('',*,*,#1931,.T.);
#1929=EDGE_CURVE('',#123,#83,#1932,.F.);
#1930=EDGE_CURVE('',#83,#125,#1933,.T.);
#1931=EDGE_CURVE('',#125,#123,#1934,.T.);
#1932=LINE('',#122,#1935);
#1933=LINE('',#82,#1936);
#1934=LINE('',#124,#1937);
#1935=VECTOR('',#1938,1.0);
#1936=VECTOR('',#1939,1.0);
#1937=VECTOR('',#1940,1.0);
#1938=DIRECTION('',(0.9863639444763521,-0.16457876241195823,0));
#1939=DIRECTION('',(-0.13671652964309347,0.7127650769937074,-0.6879495152556644));
#1940=DIRECTION('',(-0.26114264991401337,-0.6614920106370208,0.7030169530383166));
#1941=FACE_SURFACE('',(#1946),#1942,.T.);
#1942=PLANE('',#1943);
#1943=AXIS2_PLACEMENT_3D('',#124,#1944,#1945);
#1944=DIRECTION('',(0.06890369344434594,0.6996307678700997,0.7111744298547455));
#1945=DIRECTION('',(0.13671652964309347,-0.7127650769937074,0.6879495152556644));
#1946=FACE_BOUND('',#1947,.T.);
#1947=EDGE_LOOP('',(#1948,#1949,#1950));
#1948=ORIENTED_EDGE('',*,*,#1951,.T.);
#1949=ORIENTED_EDGE('',*,*,#1952,.T.);
#1950=ORIENTED_EDGE('',*,*,#1953,.T.);
#1951=EDGE_CURVE('',#125,#83,#1954,.F.);
#1952=EDGE_CURVE('',#83,#99,#1955,.T.);
#1953=EDGE_CURVE('',#99,#125,#1956,.T.);
#1954=LINE('',#124,#1957);
#1955=LINE('',#82,#1958);
#1956=LINE('',#98,#1959);
#1957=VECTOR('',#1960,1.0);
#1958=VECTOR('',#1961,1.0);
#1959=VECTOR('',#1962,1.0);
#1960=DIRECTION('',(0.13671652964309347,-0.7127650769937074,0.6879495152556644));
#1961=DIRECTION('',(0.20136961019468988,0.6884416578313918,-0.6967771263843293));
#1962=DIRECTION('',(-0.995185270943311,0.098011614094905,0));
#1963=FACE_SURFACE('',(#1968),#1964,.T.);
#1964=PLANE('',#1965);
#1965=AXIS2_PLACEMENT_3D('',#84,#1966,#1967);
#1966=DIRECTION('',(0,0,1));
#1967=DIRECTION('',(0.5760123812278094,0.8174409683104149,0));
#1968=FACE_BOUND('',#1969,.T.);
#1969=EDGE_LOOP('',(#1970,#1971,#1972));
#1970=ORIENTED_EDGE('',*,*,#1973,.T.);
#1971=ORIENTED_EDGE('',*,*,#1974,.T.);
#1972=ORIENTED_EDGE('',*,*,#1975,.T.);
#1973=EDGE_CURVE('',#85,#83,#1976,.F.);
#1974=EDGE_CURVE('',#83,#123,#1977,.T.);
#1975=EDGE_CURVE('',#123,#85,#1978,.T.);
#1976=LINE('',#84,#1979);
#1977=LINE('',#82,#1980);
#1978=LINE('',#122,#1981);
#1979=VECTOR('',#1982,1.0);
#1980=VECTOR('',#1983,1.0);
#1981=VECTOR('',#1984,1.0);
#1982=DIRECTION('',(0.5760123812278094,0.8174409683104149,0));
#1983=DIRECTION('',(-0.9863639444763521,0.16457876241195823,0));
#1984=DIRECTION('',(-0.5054591375441091,-0.8628505434159299,0));
#1985=FACE_SURFACE('',(#1990),#1986,.T.);
#1986=PLANE('',#1987);
#1987=AXIS2_PLACEMENT_3D('',#126,#1988,#1989);
#1988=DIRECTION('',(-0.30479696095030806,-0.6422149158612442,0.7033198521588817));
#1989=DIRECTION('',(0.9034165466361178,-0.42876397150888407,0));
#1990=FACE_BOUND('',#1991,.T.);
#1991=EDGE_LOOP('',(#1992,#1993,#1994));
#1992=ORIENTED_EDGE('',*,*,#1995,.T.);
#1993=ORIENTED_EDGE('',*,*,#1996,.T.);
#1994=ORIENTED_EDGE('',*,*,#1997,.T.);
#1995=EDGE_CURVE('',#127,#89,#1998,.F.);
#1996=EDGE_CURVE('',#89,#85,#1999,.T.);
#1997=EDGE_CURVE('',#85,#127,#2000,.T.);
#1998=LINE('',#126,#2001);
#1999=LINE('',#88,#2002);
#2000=LINE('',#84,#2003);
#2001=VECTOR('',#2004,1.0);
#2002=VECTOR('',#2005,1.0);
#2003=VECTOR('',#2006,1.0);
#2004=DIRECTION('',(0.9034165466361178,-0.42876397150888407,0));
#2005=DIRECTION('',(0.06972095439510273,0.721431057661268,0.6889675010912926));
#2006=DIRECTION('',(-0.6475136737933797,-0.401811005948321,-0.6475136737933797));
#2007=FACE_SURFACE('',(#2012),#2008,.T.);
#2008=PLANE('',#2009);
#2009=AXIS2_PLACEMENT_3D('',#128,#2010,#2011);
#2010=DIRECTION('',(-0.7071067811865475,0,0.7071067811865475));
#2011=DIRECTION('',(-0.05499174965636724,-0.9969713210215542,-0.05499174965636724));
#2012=FACE_BOUND('',#2013,.T.);
#2013=EDGE_LOOP('',(#2014,#2015,#2016));
#2014=ORIENTED_EDGE('',*,*,#2017,.T.);
#2015=ORIENTED_EDGE('',*,*,#2018,.T.);
#2016=ORIENTED_EDGE('',*,*,#2019,.T.);
#2017=EDGE_CURVE('',#129,#127,#2020,.F.);
#2018=EDGE_CURVE('',#127,#85,#2021,.T.);
#2019=EDGE_CURVE('',#85,#129,#2022,.T.);
#2020=LINE('',#128,#2023);
#2021=LINE('',#126,#2024);
#2022=LINE('',#84,#2025);
#2023=VECTOR('',#2026,1.0);
#2024=VECTOR('',#2027,1.0);
#2025=VECTOR('',#2028,1.0);
#2026=DIRECTION('',(-0.05499174965636724,-0.9969713210215542,-0.05499174965636724));
#2027=DIRECTION('',(0.6475136737933797,0.401811005948321,0.6475136737933797));
#2028=DIRECTION('',(0,1,0));
#2029=FACE_SURFACE('',(#2034),#2030,.T.);
#2030=PLANE('',#2031);
#2031=AXIS2_PLACEMENT_3D('',#88,#2032,#2033);
#2032=DIRECTION('',(-0.26002165926536397,-0.6536309944570082,0.7107427521952153));
#2033=DIRECTION('',(0.6332675414964516,0.4402277809559305,0.6365310061274763));
#2034=FACE_BOUND('',#2035,.T.);
#2035=EDGE_LOOP('',(#2036,#2037,#2038));
#2036=ORIENTED_EDGE('',*,*,#2039,.T.);
#2037=ORIENTED_EDGE('',*,*,#2040,.T.);
#2038=ORIENTED_EDGE('',*,*,#2041,.T.);
#2039=EDGE_CURVE('',#89,#91,#2042,.F.);
#2040=EDGE_CURVE('',#91,#85,#2043,.T.);
#2041=EDGE_CURVE('',#85,#89,#2044,.T.);
#2042=LINE('',#88,#2045);
#2043=LINE('',#90,#2046);
#2044=LINE('',#84,#2047);
#2045=VECTOR('',#2048,1.0);
#2046=VECTOR('',#2049,1.0);
#2047=VECTOR('',#2050,1.0);
#2048=DIRECTION('',(0.6332675414964516,0.4402277809559305,0.6365310061274763));
#2049=DIRECTION('',(-0.9291763740437455,0.3696366674437445,0));
#2050=DIRECTION('',(-0.06972095439510273,-0.721431057661268,-0.6889675010912926));
#2051=FACE_SURFACE('',(#2056),#2052,.T.);
#2052=PLANE('',#2053);
#2053=AXIS2_PLACEMENT_3D('',#128,#2054,#2055);
#2054=DIRECTION('',(0,0,1));
#2055=DIRECTION('',(0,-1,0));
#2056=FACE_BOUND('',#2057,.T.);
#2057=EDGE_LOOP('',(#2058,#2059,#2060));
#2058=ORIENTED_EDGE('',*,*,#2061,.T.);
#2059=ORIENTED_EDGE('',*,*,#2062,.T.);
#2060=ORIENTED_EDGE('',*,*,#2063,.T.);
#2061=EDGE_CURVE('',#129,#85,#2064,.F.);
#2062=EDGE_CURVE('',#85,#131,#2065,.T.);
#2063=EDGE_CURVE('',#131,#129,#2066,.T.);
#2064=LINE('',#128,#2067);
#2065=LINE('',#84,#2068);
#2066=LINE('',#130,#2069);
#2067=VECTOR('',#2070,1.0);
#2068=VECTOR('',#2071,1.0);
#2069=VECTOR('',#2072,1.0);
#2070=DIRECTION('',(0,-1,0));
#2071=DIRECTION('',(0.05702084956625209,0.998372987772978,0));
#2072=DIRECTION('',(-0.05702075050370251,0.9983729934308092,0));
#2073=FACE_SURFACE('',(#2078),#2074,.T.);
#2074=PLANE('',#2075);
#2075=AXIS2_PLACEMENT_3D('',#84,#2076,#2077);
#2076=DIRECTION('',(0,0,1));
#2077=DIRECTION('',(0.06682307833208555,0.9977648401312926,0));
#2078=FACE_BOUND('',#2079,.T.);
#2079=EDGE_LOOP('',(#2080,#2081,#2082));
#2080=ORIENTED_EDGE('',*,*,#2083,.T.);
#2081=ORIENTED_EDGE('',*,*,#2084,.T.);
#2082=ORIENTED_EDGE('',*,*,#2085,.T.);
#2083=EDGE_CURVE('',#85,#133,#2086,.F.);
#2084=EDGE_CURVE('',#133,#131,#2087,.T.);
#2085=EDGE_CURVE('',#131,#85,#2088,.T.);
#2086=LINE('',#84,#2089);
#2087=LINE('',#132,#2090);
#2088=LINE('',#130,#2091);
#2089=VECTOR('',#2092,1.0);
#2090=VECTOR('',#2093,1.0);
#2091=VECTOR('',#2094,1.0);
#2092=DIRECTION('',(0.06682307833208555,0.9977648401312926,0));
#2093=DIRECTION('',(-0.08257140760913317,0.9965851507249376,0));
#2094=DIRECTION('',(-0.05702084956625209,-0.998372987772978,0));
#2095=FACE_SURFACE('',(#2100),#2096,.T.);
#2096=PLANE('',#2097);
#2097=AXIS2_PLACEMENT_3D('',#84,#2098,#2099);
#2098=DIRECTION('',(0,0,1));
#2099=DIRECTION('',(0.09015838943131632,0.9959274395331976,0));
#2100=FACE_BOUND('',#2101,.T.);
#2101=EDGE_LOOP('',(#2102,#2103,#2104));
#2102=ORIENTED_EDGE('',*,*,#2105,.T.);
#2103=ORIENTED_EDGE('',*,*,#2106,.T.);
#2104=ORIENTED_EDGE('',*,*,#2107,.T.);
#2105=EDGE_CURVE('',#85,#135,#2108,.F.);
#2106=EDGE_CURVE('',#135,#133,#2109,.T.);
#2107=EDGE_CURVE('',#133,#85,#2110,.T.);
#2108=LINE('',#84,#2111);
#2109=LINE('',#134,#2112);
#2110=LINE('',#132,#2113);
#2111=VECTOR('',#2114,1.0);
#2112=VECTOR('',#2115,1.0);
#2113=VECTOR('',#2116,1.0);
#2114=DIRECTION('',(0.09015838943131632,0.9959274395331976,0));
#2115=DIRECTION('',(-0.24548466723424744,0.9694004735674987,0));
#2116=DIRECTION('',(-0.06682307833208555,-0.9977648401312926,0));
#2117=FACE_SURFACE('',(#2122),#2118,.T.);
#2118=PLANE('',#2119);
#2119=AXIS2_PLACEMENT_3D('',#84,#2120,#2121);
#2120=DIRECTION('',(0,0,1));
#2121=DIRECTION('',(0.12895526039888197,0.9916504126028771,0));
#2122=FACE_BOUND('',#2123,.T.);
#2123=EDGE_LOOP('',(#2124,#2125,#2126));
#2124=ORIENTED_EDGE('',*,*,#2127,.T.);
#2125=ORIENTED_EDGE('',*,*,#2128,.T.);
#2126=ORIENTED_EDGE('',*,*,#2129,.T.);
#2127=EDGE_CURVE('',#85,#137,#2130,.F.);
#2128=EDGE_CURVE('',#137,#135,#2131,.T.);
#2129=EDGE_CURVE('',#135,#85,#2132,.T.);
#2130=LINE('',#84,#2133);
#2131=LINE('',#136,#2134);
#2132=LINE('',#134,#2135);
#2133=VECTOR('',#2136,1.0);
#2134=VECTOR('',#2137,1.0);
#2135=VECTOR('',#2138,1.0);
#2136=DIRECTION('',(0.12895526039888197,0.9916504126028771,0));
#2137=DIRECTION('',(-0.4016564459922034,0.9157904232917662,0));
#2138=DIRECTION('',(-0.09015838943131632,-0.9959274395331976,0));
#2139=FACE_SURFACE('',(#2144),#2140,.T.);
#2140=PLANE('',#2141);
#2141=AXIS2_PLACEMENT_3D('',#84,#2142,#2143);
#2142=DIRECTION('',(0,0,1));
#2143=DIRECTION('',(0.18423890411213387,0.9828814914380878,0));
#2144=FACE_BOUND('',#2145,.T.);
#2145=EDGE_LOOP('',(#2146,#2147,#2148));
#2146=ORIENTED_EDGE('',*,*,#2149,.T.);
#2147=ORIENTED_EDGE('',*,*,#2150,.T.);
#2148=ORIENTED_EDGE('',*,*,#2151,.T.);
#2149=EDGE_CURVE('',#85,#139,#2152,.F.);
#2150=EDGE_CURVE('',#139,#137,#2153,.T.);
#2151=EDGE_CURVE('',#137,#85,#2154,.T.);
#2152=LINE('',#84,#2155);
#2153=LINE('',#138,#2156);
#2154=LINE('',#136,#2157);
#2155=VECTOR('',#2158,1.0);
#2156=VECTOR('',#2159,1.0);
#2157=VECTOR('',#2160,1.0);
#2158=DIRECTION('',(0.18423890411213387,0.9828814914380878,0));
#2159=DIRECTION('',(-0.5470139454666417,0.8371234935569649,0));
#2160=DIRECTION('',(-0.12895526039888197,-0.9916504126028771,0));
#2161=FACE_SURFACE('',(#2166),#2162,.T.);
#2162=PLANE('',#2163);
#2163=AXIS2_PLACEMENT_3D('',#84,#2164,#2165);
#2164=DIRECTION('',(0,0,1));
#2165=DIRECTION('',(0.5054591375441091,0.8628505434159299,0));
#2166=FACE_BOUND('',#2167,.T.);
#2167=EDGE_LOOP('',(#2168,#2169,#2170));
#2168=ORIENTED_EDGE('',*,*,#2171,.T.);
#2169=ORIENTED_EDGE('',*,*,#2172,.T.);
#2170=ORIENTED_EDGE('',*,*,#2173,.T.);
#2171=EDGE_CURVE('',#85,#123,#2174,.F.);
#2172=EDGE_CURVE('',#123,#141,#2175,.T.);
#2173=EDGE_CURVE('',#141,#85,#2176,.T.);
#2174=LINE('',#84,#2177);
#2175=LINE('',#122,#2178);
#2176=LINE('',#140,#2179);
#2177=VECTOR('',#2180,1.0);
#2178=VECTOR('',#2181,1.0);
#2179=VECTOR('',#2182,1.0);
#2180=DIRECTION('',(0.5054591375441091,0.8628505434159299,0));
#2181=DIRECTION('',(-0.9458183858060222,0.3246961365204253,0));
#2182=DIRECTION('',(-0.42347557287657844,-0.9059075224198404,0));
#2183=FACE_SURFACE('',(#2188),#2184,.T.);
#2184=PLANE('',#2185);
#2185=AXIS2_PLACEMENT_3D('',#84,#2186,#2187);
#2186=DIRECTION('',(0,0,1));
#2187=DIRECTION('',(0.25498370938955056,0.9669453489964907,0));
#2188=FACE_BOUND('',#2189,.T.);
#2189=EDGE_LOOP('',(#2190,#2191,#2192));
#2190=ORIENTED_EDGE('',*,*,#2193,.T.);
#2191=ORIENTED_EDGE('',*,*,#2194,.T.);
#2192=ORIENTED_EDGE('',*,*,#2195,.T.);
#2193=EDGE_CURVE('',#85,#143,#2196,.F.);
#2194=EDGE_CURVE('',#143,#139,#2197,.T.);
#2195=EDGE_CURVE('',#139,#85,#2198,.T.);
#2196=LINE('',#84,#2199);
#2197=LINE('',#142,#2200);
#2198=LINE('',#138,#2201);
#2199=VECTOR('',#2202,1.0);
#2200=VECTOR('',#2203,1.0);
#2201=VECTOR('',#2204,1.0);
#2202=DIRECTION('',(0.25498370938955056,0.9669453489964907,0));
#2203=DIRECTION('',(-0.6772663831815543,0.7357378923313493,0));
#2204=DIRECTION('',(-0.18423890411213387,-0.9828814914380878,0));
#2205=FACE_SURFACE('',(#2210),#2206,.T.);
#2206=PLANE('',#2207);
#2207=AXIS2_PLACEMENT_3D('',#84,#2208,#2209);
#2208=DIRECTION('',(0,0,1));
#2209=DIRECTION('',(0.42347557287657844,0.9059075224198404,0));
#2210=FACE_BOUND('',#2211,.T.);
#2211=EDGE_LOOP('',(#2212,#2213,#2214));
#2212=ORIENTED_EDGE('',*,*,#2215,.T.);
#2213=ORIENTED_EDGE('',*,*,#2216,.T.);
#2214=ORIENTED_EDGE('',*,*,#2217,.T.);
#2215=EDGE_CURVE('',#85,#141,#2218,.F.);
#2216=EDGE_CURVE('',#141,#145,#2219,.T.);
#2217=EDGE_CURVE('',#145,#85,#2220,.T.);
#2218=LINE('',#84,#2221);
#2219=LINE('',#140,#2222);
#2220=LINE('',#144,#2223);
#2221=VECTOR('',#2224,1.0);
#2222=VECTOR('',#2225,1.0);
#2223=VECTOR('',#2226,1.0);
#2224=DIRECTION('',(0.42347557287657844,0.9059075224198404,0));
#2225=DIRECTION('',(-0.8794706304463946,0.4759531596514736,0));
#2226=DIRECTION('',(-0.33713344046859245,-0.9414568727869642,0));
#2227=FACE_SURFACE('',(#2232),#2228,.T.);
#2228=PLANE('',#2229);
#2229=AXIS2_PLACEMENT_3D('',#84,#2230,#2231);
#2230=DIRECTION('',(0,0,1));
#2231=DIRECTION('',(0.33713344046859245,0.9414568727869642,0));
#2232=FACE_BOUND('',#2233,.T.);
#2233=EDGE_LOOP('',(#2234,#2235,#2236));
#2234=ORIENTED_EDGE('',*,*,#2237,.T.);
#2235=ORIENTED_EDGE('',*,*,#2238,.T.);
#2236=ORIENTED_EDGE('',*,*,#2239,.T.);
#2237=EDGE_CURVE('',#85,#145,#2240,.F.);
#2238=EDGE_CURVE('',#145,#143,#2241,.T.);
#2239=EDGE_CURVE('',#143,#85,#2242,.T.);
#2240=LINE('',#84,#2243);
#2241=LINE('',#144,#2244);
#2242=LINE('',#142,#2245);
#2243=VECTOR('',#2246,1.0);
#2244=VECTOR('',#2247,1.0);
#2245=VECTOR('',#2248,1.0);
#2246=DIRECTION('',(0.33713344046859245,0.9414568727869642,0));
#2247=DIRECTION('',(-0.7891403917788838,0.6142128638046176,0));
#2248=DIRECTION('',(-0.25498370938955056,-0.9669453489964907,0));
#2249=FACE_SURFACE('',(#2254),#2250,.T.);
#2250=PLANE('',#2251);
#2251=AXIS2_PLACEMENT_3D('',#146,#2252,#2253);
#2252=DIRECTION('',(0,0,-1));
#2253=DIRECTION('',(0.9988674179027577,-0.04758026326406675,0));
#2254=FACE_BOUND('',#2255,.T.);
#2255=EDGE_LOOP('',(#2256,#2257,#2258));
#2256=ORIENTED_EDGE('',*,*,#2259,.T.);
#2257=ORIENTED_EDGE('',*,*,#2260,.T.);
#2258=ORIENTED_EDGE('',*,*,#2261,.T.);
#2259=EDGE_CURVE('',#147,#93,#2262,.F.);
#2260=EDGE_CURVE('',#93,#87,#2263,.T.);
#2261=EDGE_CURVE('',#87,#147,#2264,.T.);
#2262=LINE('',#146,#2265);
#2263=LINE('',#92,#2266);
#2264=LINE('',#86,#2267);
#2265=VECTOR('',#2268,1.0);
#2266=VECTOR('',#2269,1.0);
#2267=VECTOR('',#2270,1.0);
#2268=DIRECTION('',(0.9988674179027577,-0.04758026326406675,0));
#2269=DIRECTION('',(-1,0,0));
#2270=DIRECTION('',(-0.8888481124705955,0.4582019565185856,0));
#2271=FACE_SURFACE('',(#2276),#2272,.T.);
#2272=PLANE('',#2273);
#2273=AXIS2_PLACEMENT_3D('',#148,#2274,#2275);
#2274=DIRECTION('',(-0.4582019484083567,-0.8888480967378787,-0.00018814950493962142));
#2275=DIRECTION('',(-0.005341780640046182,0.002965366410970949,-0.9999813358166453));
#2276=FACE_BOUND('',#2277,.T.);
#2277=EDGE_LOOP('',(#2278,#2279,#2280));
#2278=ORIENTED_EDGE('',*,*,#2281,.T.);
#2279=ORIENTED_EDGE('',*,*,#2282,.T.);
#2280=ORIENTED_EDGE('',*,*,#2283,.T.);
#2281=EDGE_CURVE('',#149,#147,#2284,.F.);
#2282=EDGE_CURVE('',#147,#87,#2285,.T.);
#2283=EDGE_CURVE('',#87,#149,#2286,.T.);
#2284=LINE('',#148,#2287);
#2285=LINE('',#146,#2288);
#2286=LINE('',#86,#2289);
#2287=VECTOR('',#2290,1.0);
#2288=VECTOR('',#2291,1.0);
#2289=VECTOR('',#2292,1.0);
#2290=DIRECTION('',(-0.005341780640046182,0.002965366410970949,-0.9999813358166453));
#2291=DIRECTION('',(0.8888481124705955,-0.4582019565185856,0));
#2292=DIRECTION('',(-0.010020616201412357,0.004953971476564974,0.9999375207569488));
#2293=FACE_SURFACE('',(#2298),#2294,.T.);
#2294=PLANE('',#2295);
#2295=AXIS2_PLACEMENT_3D('',#148,#2296,#2297);
#2296=DIRECTION('',(-0.43243075608986836,-0.9016671355514257,0.0001336189788273317));
#2297=DIRECTION('',(0.010020616201412357,-0.004953971476564974,-0.9999375207569488));
#2298=FACE_BOUND('',#2299,.T.);
#2299=EDGE_LOOP('',(#2300,#2301,#2302));
#2300=ORIENTED_EDGE('',*,*,#2303,.T.);
#2301=ORIENTED_EDGE('',*,*,#2304,.T.);
#2302=ORIENTED_EDGE('',*,*,#2305,.T.);
#2303=EDGE_CURVE('',#149,#87,#2306,.F.);
#2304=EDGE_CURVE('',#87,#89,#2307,.T.);
#2305=EDGE_CURVE('',#89,#149,#2308,.T.);
#2306=LINE('',#148,#2309);
#2307=LINE('',#86,#2310);
#2308=LINE('',#88,#2311);
#2309=VECTOR('',#2312,1.0);
#2310=VECTOR('',#2313,1.0);
#2311=VECTOR('',#2314,1.0);
#2312=DIRECTION('',(0.010020616201412357,-0.004953971476564974,-0.9999375207569488));
#2313=DIRECTION('',(0.0035217884593701943,-0.001540825433161281,0.9999926114042202));
#2314=DIRECTION('',(-0.029696462525314916,0.014094022585184433,-0.9994595933007251));
#2315=FACE_SURFACE('',(#2320),#2316,.T.);
#2316=PLANE('',#2317);
#2317=AXIS2_PLACEMENT_3D('',#148,#2318,#2319);
#2318=DIRECTION('',(-0.4287639715088841,-0.9034165466361178,0));
#2319=DIRECTION('',(0.029696462525314916,-0.014094022585184433,0.9994595933007251));
#2320=FACE_BOUND('',#2321,.T.);
#2321=EDGE_LOOP('',(#2322,#2323,#2324));
#2322=ORIENTED_EDGE('',*,*,#2325,.T.);
#2323=ORIENTED_EDGE('',*,*,#2326,.T.);
#2324=ORIENTED_EDGE('',*,*,#2327,.T.);
#2325=EDGE_CURVE('',#149,#89,#2328,.F.);
#2326=EDGE_CURVE('',#89,#127,#2329,.T.);
#2327=EDGE_CURVE('',#127,#149,#2330,.T.);
#2328=LINE('',#148,#2331);
#2329=LINE('',#88,#2332);
#2330=LINE('',#126,#2333);
#2331=VECTOR('',#2334,1.0);
#2332=VECTOR('',#2335,1.0);
#2333=VECTOR('',#2336,1.0);
#2334=DIRECTION('',(0.029696462525314916,-0.014094022585184433,0.9994595933007251));
#2335=DIRECTION('',(-0.9034165466361178,0.42876397150888407,0));
#2336=DIRECTION('',(0,0,-1));
#2337=FACE_SURFACE('',(#2342),#2338,.T.);
#2338=PLANE('',#2339);
#2339=AXIS2_PLACEMENT_3D('',#146,#2340,#2341);
#2340=DIRECTION('',(0,0,-1));
#2341=DIRECTION('',(1,0,0));
#2342=FACE_BOUND('',#2343,.T.);
#2343=EDGE_LOOP('',(#2344,#2345,#2346));
#2344=ORIENTED_EDGE('',*,*,#2347,.T.);
#2345=ORIENTED_EDGE('',*,*,#2348,.T.);
#2346=ORIENTED_EDGE('',*,*,#2349,.T.);
#2347=EDGE_CURVE('',#147,#151,#2350,.F.);
#2348=EDGE_CURVE('',#151,#93,#2351,.T.);
#2349=EDGE_CURVE('',#93,#147,#2352,.T.);
#2350=LINE('',#146,#2353);
#2351=LINE('',#150,#2354);
#2352=LINE('',#92,#2355);
#2353=VECTOR('',#2356,1.0);
#2354=VECTOR('',#2357,1.0);
#2355=VECTOR('',#2358,1.0);
#2356=DIRECTION('',(1,0,0));
#2357=DIRECTION('',(-0.8888481124705955,-0.4582019565185856,0));
#2358=DIRECTION('',(-0.9988674179027577,0.04758026326406675,0));
#2359=FACE_SURFACE('',(#2364),#2360,.T.);
#2360=PLANE('',#2361);
#2361=AXIS2_PLACEMENT_3D('',#150,#2362,#2363);
#2362=DIRECTION('',(0.45820195487386856,-0.8888481092800731,-8.472900632820529E-05));
#2363=DIRECTION('',(-0.008136071994844488,-0.004289472493267052,0.9999577014845299));
#2364=FACE_BOUND('',#2365,.T.);
#2365=EDGE_LOOP('',(#2366,#2367,#2368));
#2366=ORIENTED_EDGE('',*,*,#2369,.T.);
#2367=ORIENTED_EDGE('',*,*,#2370,.T.);
#2368=ORIENTED_EDGE('',*,*,#2371,.T.);
#2369=EDGE_CURVE('',#151,#153,#2372,.F.);
#2370=EDGE_CURVE('',#153,#93,#2373,.T.);
#2371=EDGE_CURVE('',#93,#151,#2374,.T.);
#2372=LINE('',#150,#2375);
#2373=LINE('',#152,#2376);
#2374=LINE('',#92,#2377);
#2375=VECTOR('',#2378,1.0);
#2376=VECTOR('',#2379,1.0);
#2377=VECTOR('',#2380,1.0);
#2378=DIRECTION('',(-0.008136071994844488,-0.004289472493267052,0.9999577014845299));
#2379=DIRECTION('',(-0.0019902570800592804,-0.0009306549390429237,-0.999997586376157));
#2380=DIRECTION('',(0.8888481124705955,0.4582019565185856,0));
#2381=FACE_SURFACE('',(#2386),#2382,.T.);
#2382=PLANE('',#2383);
#2383=AXIS2_PLACEMENT_3D('',#92,#2384,#2385);
#2384=DIRECTION('',(0.38933676372148934,-0.9210954769374735,8.234200316051786E-05));
#2385=DIRECTION('',(0.0019902570800592804,0.0009306549390429237,0.999997586376157));
#2386=FACE_BOUND('',#2387,.T.);
#2387=EDGE_LOOP('',(#2388,#2389,#2390));
#2388=ORIENTED_EDGE('',*,*,#2391,.T.);
#2389=ORIENTED_EDGE('',*,*,#2392,.T.);
#2390=ORIENTED_EDGE('',*,*,#2393,.T.);
#2391=EDGE_CURVE('',#93,#153,#2394,.F.);
#2392=EDGE_CURVE('',#153,#95,#2395,.T.);
#2393=EDGE_CURVE('',#95,#93,#2396,.T.);
#2394=LINE('',#92,#2397);
#2395=LINE('',#152,#2398);
#2396=LINE('',#94,#2399);
#2397=VECTOR('',#2400,1.0);
#2398=VECTOR('',#2401,1.0);
#2399=VECTOR('',#2402,1.0);
#2400=DIRECTION('',(0.0019902570800592804,0.0009306549390429237,0.999997586376157));
#2401=DIRECTION('',(-0.9210954800600818,-0.389336765041381,0));
#2402=DIRECTION('',(0.008334828591721398,0.003433646795252883,-0.9999593695255983));
#2403=FACE_SURFACE('',(#2408),#2404,.T.);
#2404=PLANE('',#2405);
#2405=AXIS2_PLACEMENT_3D('',#96,#2406,#2407);
#2406=DIRECTION('',(0.2224844343161901,-0.6687279650006381,0.7094389228912594));
#2407=DIRECTION('',(0.6685788773663306,-0.424966612886415,-0.6102504917420591));
#2408=FACE_BOUND('',#2409,.T.);
#2409=EDGE_LOOP('',(#2410,#2411,#2412));
#2410=ORIENTED_EDGE('',*,*,#2413,.T.);
#2411=ORIENTED_EDGE('',*,*,#2414,.T.);
#2412=ORIENTED_EDGE('',*,*,#2415,.T.);
#2413=EDGE_CURVE('',#97,#95,#2416,.F.);
#2414=EDGE_CURVE('',#95,#111,#2417,.T.);
#2415=EDGE_CURVE('',#111,#97,#2418,.T.);
#2416=LINE('',#96,#2419);
#2417=LINE('',#94,#2420);
#2418=LINE('',#110,#2421);
#2419=VECTOR('',#2422,1.0);
#2420=VECTOR('',#2423,1.0);
#2421=VECTOR('',#2424,1.0);
#2422=DIRECTION('',(0.6685788773663306,-0.424966612886415,-0.6102504917420591));
#2423=DIRECTION('',(-0.12831913527612382,0.7012610781734531,0.7012610781734531));
#2424=DIRECTION('',(-0.9488640058091781,-0.3156851255282074,0));
#2425=FACE_SURFACE('',(#2430),#2426,.T.);
#2426=PLANE('',#2427);
#2427=AXIS2_PLACEMENT_3D('',#94,#2428,#2429);
#2428=DIRECTION('',(0.2763594127803944,-0.6538129168382653,0.7043821013790137));
#2429=DIRECTION('',(0.9210954800600818,0.389336765041381,0));
#2430=FACE_BOUND('',#2431,.T.);
#2431=EDGE_LOOP('',(#2432,#2433,#2434));
#2432=ORIENTED_EDGE('',*,*,#2435,.T.);
#2433=ORIENTED_EDGE('',*,*,#2436,.T.);
#2434=ORIENTED_EDGE('',*,*,#2437,.T.);
#2435=EDGE_CURVE('',#95,#153,#2438,.F.);
#2436=EDGE_CURVE('',#153,#111,#2439,.T.);
#2437=EDGE_CURVE('',#111,#95,#2440,.T.);
#2438=LINE('',#94,#2441);
#2439=LINE('',#152,#2442);
#2440=LINE('',#110,#2443);
#2441=VECTOR('',#2444,1.0);
#2442=VECTOR('',#2445,1.0);
#2443=VECTOR('',#2446,1.0);
#2444=DIRECTION('',(0.9210954800600818,0.389336765041381,0));
#2445=DIRECTION('',(-0.6839114497986113,0.3811310323793033,0.6220966685265626));
#2446=DIRECTION('',(0.12831913527612382,-0.7012610781734531,-0.7012610781734531));
#2447=FACE_SURFACE('',(#2452),#2448,.T.);
#2448=PLANE('',#2449);
#2449=AXIS2_PLACEMENT_3D('',#100,#2450,#2451);
#2450=DIRECTION('',(-0.098011614094905,0.995185270943311,0));
#2451=DIRECTION('',(-0.020317928092624424,-0.002001027331860271,-0.9997915671216877));
#2452=FACE_BOUND('',#2453,.T.);
#2453=EDGE_LOOP('',(#2454,#2455,#2456));
#2454=ORIENTED_EDGE('',*,*,#2457,.T.);
#2455=ORIENTED_EDGE('',*,*,#2458,.T.);
#2456=ORIENTED_EDGE('',*,*,#2459,.T.);
#2457=EDGE_CURVE('',#101,#155,#2460,.F.);
#2458=EDGE_CURVE('',#155,#99,#2461,.T.);
#2459=EDGE_CURVE('',#99,#101,#2462,.T.);
#2460=LINE('',#100,#2463);
#2461=LINE('',#154,#2464);
#2462=LINE('',#98,#2465);
#2463=VECTOR('',#2466,1.0);
#2464=VECTOR('',#2467,1.0);
#2465=VECTOR('',#2468,1.0);
#2466=DIRECTION('',(-0.020317928092624424,-0.002001027331860271,-0.9997915671216877));
#2467=DIRECTION('',(0,0,1));
#2468=DIRECTION('',(0.995185270943311,0.098011614094905,0));
#2469=FACE_SURFACE('',(#2474),#2470,.T.);
#2470=PLANE('',#2471);
#2471=AXIS2_PLACEMENT_3D('',#98,#2472,#2473);
#2472=DIRECTION('',(0.098011614094905,0.995185270943311,0));
#2473=DIRECTION('',(-0.020317928092624424,0.002001027331860271,-0.9997915671216877));
#2474=FACE_BOUND('',#2475,.T.);
#2475=EDGE_LOOP('',(#2476,#2477,#2478));
#2476=ORIENTED_EDGE('',*,*,#2479,.T.);
#2477=ORIENTED_EDGE('',*,*,#2480,.T.);
#2478=ORIENTED_EDGE('',*,*,#2481,.T.);
#2479=EDGE_CURVE('',#99,#157,#2482,.F.);
#2480=EDGE_CURVE('',#157,#125,#2483,.T.);
#2481=EDGE_CURVE('',#125,#99,#2484,.T.);
#2482=LINE('',#98,#2485);
#2483=LINE('',#156,#2486);
#2484=LINE('',#124,#2487);
#2485=VECTOR('',#2488,1.0);
#2486=VECTOR('',#2489,1.0);
#2487=VECTOR('',#2490,1.0);
#2488=DIRECTION('',(-0.020317928092624424,0.002001027331860271,-0.9997915671216877));
#2489=DIRECTION('',(0,0,1));
#2490=DIRECTION('',(0.995185270943311,-0.098011614094905,0));
#2491=FACE_SURFACE('',(#2496),#2492,.T.);
#2492=PLANE('',#2493);
#2493=AXIS2_PLACEMENT_3D('',#98,#2494,#2495);
#2494=DIRECTION('',(0.098011614094905,0.995185270943311,0));
#2495=DIRECTION('',(0,0,-1));
#2496=FACE_BOUND('',#2497,.T.);
#2497=EDGE_LOOP('',(#2498,#2499,#2500));
#2498=ORIENTED_EDGE('',*,*,#2501,.T.);
#2499=ORIENTED_EDGE('',*,*,#2502,.T.);
#2500=ORIENTED_EDGE('',*,*,#2503,.T.);
#2501=EDGE_CURVE('',#99,#155,#2504,.F.);
#2502=EDGE_CURVE('',#155,#157,#2505,.T.);
#2503=EDGE_CURVE('',#157,#99,#2506,.T.);
#2504=LINE('',#98,#2507);
#2505=LINE('',#154,#2508);
#2506=LINE('',#156,#2509);
#2507=VECTOR('',#2510,1.0);
#2508=VECTOR('',#2511,1.0);
#2509=VECTOR('',#2512,1.0);
#2510=DIRECTION('',(0,0,-1));
#2511=DIRECTION('',(-0.995185270943311,0.098011614094905,0));
#2512=DIRECTION('',(0.020317928092624424,-0.002001027331860271,0.9997915671216877));
#2513=FACE_SURFACE('',(#2518),#2514,.T.);
#2514=PLANE('',#2515);
#2515=AXIS2_PLACEMENT_3D('',#100,#2516,#2517);
#2516=DIRECTION('',(-0.2044243778761029,0.6738725523809416,0.7100045470823152));
#2517=DIRECTION('',(0.26114264991401337,-0.6614920106370208,0.7030169530383166));
#2518=FACE_BOUND('',#2519,.T.);
#2519=EDGE_LOOP('',(#2520,#2521,#2522));
#2520=ORIENTED_EDGE('',*,*,#2523,.T.);
#2521=ORIENTED_EDGE('',*,*,#2524,.T.);
#2522=ORIENTED_EDGE('',*,*,#2525,.T.);
#2523=EDGE_CURVE('',#101,#103,#2526,.F.);
#2524=EDGE_CURVE('',#103,#159,#2527,.T.);
#2525=EDGE_CURVE('',#159,#101,#2528,.T.);
#2526=LINE('',#100,#2529);
#2527=LINE('',#102,#2530);
#2528=LINE('',#158,#2531);
#2529=VECTOR('',#2532,1.0);
#2530=VECTOR('',#2533,1.0);
#2531=VECTOR('',#2534,1.0);
#2532=DIRECTION('',(0.26114264991401337,-0.6614920106370208,0.7030169530383166));
#2533=DIRECTION('',(0.06601536587633385,0.7331609524710674,-0.6768434008246894));
#2534=DIRECTION('',(-0.9569374268819764,-0.290294266275623,0));
#2535=FACE_SURFACE('',(#2540),#2536,.T.);
#2536=PLANE('',#2537);
#2537=AXIS2_PLACEMENT_3D('',#160,#2538,#2539);
#2538=DIRECTION('',(-0.29029426627562294,0.9569374268819764,0));
#2539=DIRECTION('',(0,0,1));
#2540=FACE_BOUND('',#2541,.T.);
#2541=EDGE_LOOP('',(#2542,#2543,#2544));
#2542=ORIENTED_EDGE('',*,*,#2545,.T.);
#2543=ORIENTED_EDGE('',*,*,#2546,.T.);
#2544=ORIENTED_EDGE('',*,*,#2547,.T.);
#2545=EDGE_CURVE('',#161,#101,#2548,.F.);
#2546=EDGE_CURVE('',#101,#159,#2549,.T.);
#2547=EDGE_CURVE('',#159,#161,#2550,.T.);
#2548=LINE('',#160,#2551);
#2549=LINE('',#100,#2552);
#2550=LINE('',#158,#2553);
#2551=VECTOR('',#2554,1.0);
#2552=VECTOR('',#2555,1.0);
#2553=VECTOR('',#2556,1.0);
#2554=DIRECTION('',(0,0,1));
#2555=DIRECTION('',(0.9569374268819764,0.290294266275623,0));
#2556=DIRECTION('',(-0.019537349326876802,-0.005926803914751409,-0.9997915607648605));
#2557=FACE_SURFACE('',(#2562),#2558,.T.);
#2558=PLANE('',#2559);
#2559=AXIS2_PLACEMENT_3D('',#154,#2560,#2561);
#2560=DIRECTION('',(-0.098011614094905,0.995185270943311,0));
#2561=DIRECTION('',(0.020317928092624424,0.002001027331860271,0.9997915671216877));
#2562=FACE_BOUND('',#2563,.T.);
#2563=EDGE_LOOP('',(#2564,#2565,#2566));
#2564=ORIENTED_EDGE('',*,*,#2567,.T.);
#2565=ORIENTED_EDGE('',*,*,#2568,.T.);
#2566=ORIENTED_EDGE('',*,*,#2569,.T.);
#2567=EDGE_CURVE('',#155,#101,#2570,.F.);
#2568=EDGE_CURVE('',#101,#161,#2571,.T.);
#2569=EDGE_CURVE('',#161,#155,#2572,.T.);
#2570=LINE('',#154,#2573);
#2571=LINE('',#100,#2574);
#2572=LINE('',#160,#2575);
#2573=VECTOR('',#2576,1.0);
#2574=VECTOR('',#2577,1.0);
#2575=VECTOR('',#2578,1.0);
#2576=DIRECTION('',(0.020317928092624424,0.002001027331860271,0.9997915671216877));
#2577=DIRECTION('',(0,0,-1));
#2578=DIRECTION('',(-0.995185270943311,-0.098011614094905,0));
#2579=FACE_SURFACE('',(#2584),#2580,.T.);
#2580=PLANE('',#2581);
#2581=AXIS2_PLACEMENT_3D('',#102,#2582,#2583);
#2582=DIRECTION('',(-0.23041740911226438,0.6711906839533905,0.7045643216571296));
#2583=DIRECTION('',(0.9458183858060222,0.3246961365204253,0));
#2584=FACE_BOUND('',#2585,.T.);
#2585=EDGE_LOOP('',(#2586,#2587,#2588));
#2586=ORIENTED_EDGE('',*,*,#2589,.T.);
#2587=ORIENTED_EDGE('',*,*,#2590,.T.);
#2588=ORIENTED_EDGE('',*,*,#2591,.T.);
#2589=EDGE_CURVE('',#103,#163,#2592,.F.);
#2590=EDGE_CURVE('',#163,#159,#2593,.T.);
#2591=EDGE_CURVE('',#159,#103,#2594,.T.);
#2592=LINE('',#102,#2595);
#2593=LINE('',#162,#2596);
#2594=LINE('',#158,#2597);
#2595=VECTOR('',#2598,1.0);
#2596=VECTOR('',#2599,1.0);
#2597=VECTOR('',#2600,1.0);
#2598=DIRECTION('',(0.9458183858060222,0.3246961365204253,0));
#2599=DIRECTION('',(-0.3173496966815023,0.6326297214281252,-0.7064480204388226));
#2600=DIRECTION('',(-0.06601536587633385,-0.7331609524710674,0.6768434008246894));
#2601=FACE_SURFACE('',(#2606),#2602,.T.);
#2602=PLANE('',#2603);
#2603=AXIS2_PLACEMENT_3D('',#104,#2604,#2605);
#2604=DIRECTION('',(0,0,1));
#2605=DIRECTION('',(-0.9973722935858986,0.07244658713289324,0));
#2606=FACE_BOUND('',#2607,.T.);
#2607=EDGE_LOOP('',(#2608,#2609,#2610));
#2608=ORIENTED_EDGE('',*,*,#2611,.T.);
#2609=ORIENTED_EDGE('',*,*,#2612,.T.);
#2610=ORIENTED_EDGE('',*,*,#2613,.T.);
#2611=EDGE_CURVE('',#105,#163,#2614,.F.);
#2612=EDGE_CURVE('',#163,#103,#2615,.T.);
#2613=EDGE_CURVE('',#103,#105,#2616,.T.);
#2614=LINE('',#104,#2617);
#2615=LINE('',#162,#2618);
#2616=LINE('',#102,#2619);
#2617=VECTOR('',#2620,1.0);
#2618=VECTOR('',#2621,1.0);
#2619=VECTOR('',#2622,1.0);
#2620=DIRECTION('',(-0.9973722935858986,0.07244658713289324,0));
#2621=DIRECTION('',(-0.9458183858060222,-0.3246961365204253,0));
#2622=DIRECTION('',(0.9990231192571211,-0.04419057806560128,0));
#2623=FACE_SURFACE('',(#2628),#2624,.T.);
#2624=PLANE('',#2625);
#2625=AXIS2_PLACEMENT_3D('',#164,#2626,#2627);
#2626=DIRECTION('',(0.648250058567736,-0.290663235996116,0.7037661151314356));
#2627=DIRECTION('',(0.40913605095110217,0.9124733923858477,0));
#2628=FACE_BOUND('',#2629,.T.);
#2629=EDGE_LOOP('',(#2630,#2631,#2632));
#2630=ORIENTED_EDGE('',*,*,#2633,.T.);
#2631=ORIENTED_EDGE('',*,*,#2634,.T.);
#2632=ORIENTED_EDGE('',*,*,#2635,.T.);
#2633=EDGE_CURVE('',#165,#167,#2636,.F.);
#2634=EDGE_CURVE('',#167,#105,#2637,.T.);
#2635=EDGE_CURVE('',#105,#165,#2638,.T.);
#2636=LINE('',#164,#2639);
#2637=LINE('',#166,#2640);
#2638=LINE('',#104,#2641);
#2639=VECTOR('',#2642,1.0);
#2640=VECTOR('',#2643,1.0);
#2641=VECTOR('',#2644,1.0);
#2642=DIRECTION('',(0.40913605095110217,0.9124733923858477,0));
#2643=DIRECTION('',(-0.7113606223884646,0.09843433498837276,0.6958999544550158));
#2644=DIRECTION('',(0.3906846883018424,-0.6663617895224698,-0.6350806561303092));
#2645=FACE_SURFACE('',(#2650),#2646,.T.);
#2646=PLANE('',#2647);
#2647=AXIS2_PLACEMENT_3D('',#104,#2648,#2649);
#2648=DIRECTION('',(0.6613559432878344,-0.24133784616076479,0.7101861448158094));
#2649=DIRECTION('',(0.7113606223884646,-0.09843433498837276,-0.6958999544550158));
#2650=FACE_BOUND('',#2651,.T.);
#2651=EDGE_LOOP('',(#2652,#2653,#2654));
#2652=ORIENTED_EDGE('',*,*,#2655,.T.);
#2653=ORIENTED_EDGE('',*,*,#2656,.T.);
#2654=ORIENTED_EDGE('',*,*,#2657,.T.);
#2655=EDGE_CURVE('',#105,#167,#2658,.F.);
#2656=EDGE_CURVE('',#167,#169,#2659,.T.);
#2657=EDGE_CURVE('',#169,#105,#2660,.T.);
#2658=LINE('',#104,#2661);
#2659=LINE('',#166,#2662);
#2660=LINE('',#168,#2663);
#2661=VECTOR('',#2664,1.0);
#2662=VECTOR('',#2665,1.0);
#2663=VECTOR('',#2666,1.0);
#2664=DIRECTION('',(0.7113606223884646,-0.09843433498837276,-0.6958999544550158));
#2665=DIRECTION('',(-0.43184227947807213,0.6516456607565726,0.623594562574364));
#2666=DIRECTION('',(-0.3428026485382634,-0.939407443101848,0));
#2667=FACE_SURFACE('',(#2672),#2668,.T.);
#2668=PLANE('',#2669);
#2669=AXIS2_PLACEMENT_3D('',#106,#2670,#2671);
#2670=DIRECTION('',(0.6335144979468428,-0.30590309120218223,0.7106916910194668));
#2671=DIRECTION('',(0.7128613250436148,-0.12634331233386256,-0.6898304854713003));
#2672=FACE_BOUND('',#2673,.T.);
#2673=EDGE_LOOP('',(#2674,#2675,#2676));
#2674=ORIENTED_EDGE('',*,*,#2677,.T.);
#2675=ORIENTED_EDGE('',*,*,#2678,.T.);
#2676=ORIENTED_EDGE('',*,*,#2679,.T.);
#2677=EDGE_CURVE('',#107,#165,#2680,.F.);
#2678=EDGE_CURVE('',#165,#105,#2681,.T.);
#2679=EDGE_CURVE('',#105,#107,#2682,.T.);
#2680=LINE('',#106,#2683);
#2681=LINE('',#164,#2684);
#2682=LINE('',#104,#2685);
#2683=VECTOR('',#2686,1.0);
#2684=VECTOR('',#2687,1.0);
#2685=VECTOR('',#2688,1.0);
#2686=DIRECTION('',(0.7128613250436148,-0.12634331233386256,-0.6898304854713003));
#2687=DIRECTION('',(-0.3906846883018424,0.6663617895224698,0.6350806561303092));
#2688=DIRECTION('',(-0.43482803730520897,-0.9005135079349448,0));
#2689=FACE_SURFACE('',(#2694),#2690,.T.);
#2690=PLANE('',#2691);
#2691=AXIS2_PLACEMENT_3D('',#104,#2692,#2693);
#2692=DIRECTION('',(0,-0,1));
#2693=DIRECTION('',(0.3428026485382634,0.939407443101848,0));
#2694=FACE_BOUND('',#2695,.T.);
#2695=EDGE_LOOP('',(#2696,#2697,#2698));
#2696=ORIENTED_EDGE('',*,*,#2699,.T.);
#2697=ORIENTED_EDGE('',*,*,#2700,.T.);
#2698=ORIENTED_EDGE('',*,*,#2701,.T.);
#2699=EDGE_CURVE('',#105,#169,#2702,.F.);
#2700=EDGE_CURVE('',#169,#171,#2703,.T.);
#2701=EDGE_CURVE('',#171,#105,#2704,.T.);
#2702=LINE('',#104,#2705);
#2703=LINE('',#168,#2706);
#2704=LINE('',#170,#2707);
#2705=VECTOR('',#2708,1.0);
#2706=VECTOR('',#2709,1.0);
#2707=VECTOR('',#2710,1.0);
#2708=DIRECTION('',(0.3428026485382634,0.939407443101848,0));
#2709=DIRECTION('',(-0.999929335769766,-0.011887954703590912,0));
#2710=DIRECTION('',(0.9931644516168678,-0.11672348540275071,0));
#2711=FACE_SURFACE('',(#2716),#2712,.T.);
#2712=PLANE('',#2713);
#2713=AXIS2_PLACEMENT_3D('',#104,#2714,#2715);
#2714=DIRECTION('',(0,0,1));
#2715=DIRECTION('',(-0.9931644516168678,0.11672348540275071,0));
#2716=FACE_BOUND('',#2717,.T.);
#2717=EDGE_LOOP('',(#2718,#2719,#2720));
#2718=ORIENTED_EDGE('',*,*,#2721,.T.);
#2719=ORIENTED_EDGE('',*,*,#2722,.T.);
#2720=ORIENTED_EDGE('',*,*,#2723,.T.);
#2721=EDGE_CURVE('',#105,#171,#2724,.F.);
#2722=EDGE_CURVE('',#171,#163,#2725,.T.);
#2723=EDGE_CURVE('',#163,#105,#2726,.T.);
#2724=LINE('',#104,#2727);
#2725=LINE('',#170,#2728);
#2726=LINE('',#162,#2729);
#2727=VECTOR('',#2730,1.0);
#2728=VECTOR('',#2731,1.0);
#2729=VECTOR('',#2732,1.0);
#2730=DIRECTION('',(-0.9931644516168678,0.11672348540275071,0));
#2731=DIRECTION('',(-0.8794706304463946,-0.4759531596514736,0));
#2732=DIRECTION('',(0.9973722935858986,-0.07244658713289324,0));
#2733=FACE_SURFACE('',(#2738),#2734,.T.);
#2734=PLANE('',#2735);
#2735=AXIS2_PLACEMENT_3D('',#172,#2736,#2737);
#2736=DIRECTION('',(0.6185657421288867,-0.35022658759096104,0.7033617561461034));
#2737=DIRECTION('',(0.4926994708209981,0.8701995354243235,0));
#2738=FACE_BOUND('',#2739,.T.);
#2739=EDGE_LOOP('',(#2740,#2741,#2742));
#2740=ORIENTED_EDGE('',*,*,#2743,.T.);
#2741=ORIENTED_EDGE('',*,*,#2744,.T.);
#2742=ORIENTED_EDGE('',*,*,#2745,.T.);
#2743=EDGE_CURVE('',#173,#165,#2746,.F.);
#2744=EDGE_CURVE('',#165,#107,#2747,.T.);
#2745=EDGE_CURVE('',#107,#173,#2748,.T.);
#2746=LINE('',#172,#2749);
#2747=LINE('',#164,#2750);
#2748=LINE('',#106,#2751);
#2749=VECTOR('',#2752,1.0);
#2750=VECTOR('',#2753,1.0);
#2751=VECTOR('',#2754,1.0);
#2752=DIRECTION('',(0.4926994708209981,0.8701995354243235,0));
#2753=DIRECTION('',(-0.7128613250436148,0.12634331233386256,0.6898304854713003));
#2754=DIRECTION('',(0.35099001310282085,-0.6777262219294355,-0.6461371207501817));
#2755=FACE_SURFACE('',(#2760),#2756,.T.);
#2756=PLANE('',#2757);
#2757=AXIS2_PLACEMENT_3D('',#108,#2758,#2759);
#2758=DIRECTION('',(0.5994918938218252,-0.36743879170293664,0.7110542901873298));
#2759=DIRECTION('',(0.713896021009518,-0.15620511565625533,-0.6826070853936353));
#2760=FACE_BOUND('',#2761,.T.);
#2761=EDGE_LOOP('',(#2762,#2763,#2764));
#2762=ORIENTED_EDGE('',*,*,#2765,.T.);
#2763=ORIENTED_EDGE('',*,*,#2766,.T.);
#2764=ORIENTED_EDGE('',*,*,#2767,.T.);
#2765=EDGE_CURVE('',#109,#173,#2768,.F.);
#2766=EDGE_CURVE('',#173,#107,#2769,.T.);
#2767=EDGE_CURVE('',#107,#109,#2770,.T.);
#2768=LINE('',#108,#2771);
#2769=LINE('',#172,#2772);
#2770=LINE('',#106,#2773);
#2771=VECTOR('',#2774,1.0);
#2772=VECTOR('',#2775,1.0);
#2773=VECTOR('',#2776,1.0);
#2774=DIRECTION('',(0.713896021009518,-0.15620511565625533,-0.6826070853936353));
#2775=DIRECTION('',(-0.35099001310282085,0.6777262219294355,0.6461371207501817));
#2776=DIRECTION('',(-0.5225706140741412,-0.8525960082631018,0));
#2777=FACE_SURFACE('',(#2782),#2778,.T.);
#2778=PLANE('',#2779);
#2779=AXIS2_PLACEMENT_3D('',#174,#2780,#2781);
#2780=DIRECTION('',(0.5832995898626964,-0.40670109947012567,0.7031044048758344));
#2781=DIRECTION('',(0.5719431108939745,0.8202932877336756,0));
#2782=FACE_BOUND('',#2783,.T.);
#2783=EDGE_LOOP('',(#2784,#2785,#2786));
#2784=ORIENTED_EDGE('',*,*,#2787,.T.);
#2785=ORIENTED_EDGE('',*,*,#2788,.T.);
#2786=ORIENTED_EDGE('',*,*,#2789,.T.);
#2787=EDGE_CURVE('',#175,#173,#2790,.F.);
#2788=EDGE_CURVE('',#173,#109,#2791,.T.);
#2789=EDGE_CURVE('',#109,#175,#2792,.T.);
#2790=LINE('',#174,#2793);
#2791=LINE('',#172,#2794);
#2792=LINE('',#108,#2795);
#2793=VECTOR('',#2796,1.0);
#2794=VECTOR('',#2797,1.0);
#2795=VECTOR('',#2798,1.0);
#2796=DIRECTION('',(0.5719431108939745,0.8202932877336756,0));
#2797=DIRECTION('',(-0.713896021009518,0.15620511565625533,0.6826070853936353));
#2798=DIRECTION('',(0.3130881519184208,-0.68615280400913,-0.6566354686420132));
#2799=FACE_SURFACE('',(#2804),#2800,.T.);
#2800=PLANE('',#2801);
#2801=AXIS2_PLACEMENT_3D('',#112,#2802,#2803);
#2802=DIRECTION('',(0.5597006759964824,-0.42526812611281767,0.711253944946229));
#2803=DIRECTION('',(0.7139577461883494,-0.1882757411972044,-0.6744009059411886));
#2804=FACE_BOUND('',#2805,.T.);
#2805=EDGE_LOOP('',(#2806,#2807,#2808));
#2806=ORIENTED_EDGE('',*,*,#2809,.T.);
#2807=ORIENTED_EDGE('',*,*,#2810,.T.);
#2808=ORIENTED_EDGE('',*,*,#2811,.T.);
#2809=EDGE_CURVE('',#113,#175,#2812,.F.);
#2810=EDGE_CURVE('',#175,#109,#2813,.T.);
#2811=EDGE_CURVE('',#109,#113,#2814,.T.);
#2812=LINE('',#112,#2815);
#2813=LINE('',#174,#2816);
#2814=LINE('',#108,#2817);
#2815=VECTOR('',#2818,1.0);
#2816=VECTOR('',#2819,1.0);
#2817=VECTOR('',#2820,1.0);
#2818=DIRECTION('',(0.7139577461883494,-0.1882757411972044,-0.6744009059411886));
#2819=DIRECTION('',(-0.3130881519184208,0.68615280400913,0.6566354686420132));
#2820=DIRECTION('',(-0.60498913137953,-0.7962337288212812,0));
#2821=FACE_SURFACE('',(#2826),#2822,.T.);
#2822=PLANE('',#2823);
#2823=AXIS2_PLACEMENT_3D('',#110,#2824,#2825);
#2824=DIRECTION('',(0.28783870365073877,-0.6425657244956962,0.7101113788582629));
#2825=DIRECTION('',(0.6839114497986113,-0.3811310323793033,-0.6220966685265626));
#2826=FACE_BOUND('',#2827,.T.);
#2827=EDGE_LOOP('',(#2828,#2829,#2830));
#2828=ORIENTED_EDGE('',*,*,#2831,.T.);
#2829=ORIENTED_EDGE('',*,*,#2832,.T.);
#2830=ORIENTED_EDGE('',*,*,#2833,.T.);
#2831=EDGE_CURVE('',#111,#153,#2834,.F.);
#2832=EDGE_CURVE('',#153,#115,#2835,.T.);
#2833=EDGE_CURVE('',#115,#111,#2836,.T.);
#2834=LINE('',#110,#2837);
#2835=LINE('',#152,#2838);
#2836=LINE('',#114,#2839);
#2837=VECTOR('',#2840,1.0);
#2838=VECTOR('',#2841,1.0);
#2839=VECTOR('',#2842,1.0);
#2840=DIRECTION('',(0.6839114497986113,-0.3811310323793033,-0.6220966685265626));
#2841=DIRECTION('',(-0.15437766422256777,0.7006624378881469,0.6965914763488158));
#2842=DIRECTION('',(-0.9126195611206782,-0.40880990283981705,0));
#2843=FACE_SURFACE('',(#2848),#2844,.T.);
#2844=PLANE('',#2845);
#2845=AXIS2_PLACEMENT_3D('',#176,#2846,#2847);
#2846=DIRECTION('',(0.542822594750763,-0.45955728927594186,0.7029585539001552));
#2847=DIRECTION('',(0.6461436708096996,0.7632157995433313,0));
#2848=FACE_BOUND('',#2849,.T.);
#2849=EDGE_LOOP('',(#2850,#2851,#2852));
#2850=ORIENTED_EDGE('',*,*,#2853,.T.);
#2851=ORIENTED_EDGE('',*,*,#2854,.T.);
#2852=ORIENTED_EDGE('',*,*,#2855,.T.);
#2853=EDGE_CURVE('',#177,#175,#2856,.F.);
#2854=EDGE_CURVE('',#175,#113,#2857,.T.);
#2855=EDGE_CURVE('',#113,#177,#2858,.T.);
#2856=LINE('',#176,#2859);
#2857=LINE('',#174,#2860);
#2858=LINE('',#112,#2861);
#2859=VECTOR('',#2862,1.0);
#2860=VECTOR('',#2863,1.0);
#2861=VECTOR('',#2864,1.0);
#2862=DIRECTION('',(0.6461436708096996,0.7632157995433313,0));
#2863=DIRECTION('',(-0.7139577461883494,0.1882757411972044,0.6744009059411886));
#2864=DIRECTION('',(0.2771397052534981,-0.6921068883178234,-0.6664695333734498));
#2865=FACE_SURFACE('',(#2870),#2866,.T.);
#2866=PLANE('',#2867);
#2867=AXIS2_PLACEMENT_3D('',#116,#2868,#2869);
#2868=DIRECTION('',(0.5143859649755578,-0.4789933559828758,0.7113174002935864));
#2869=DIRECTION('',(0.7126733758548588,-0.22257846844190815,-0.6652484383549456));
#2870=FACE_BOUND('',#2871,.T.);
#2871=EDGE_LOOP('',(#2872,#2873,#2874));
#2872=ORIENTED_EDGE('',*,*,#2875,.T.);
#2873=ORIENTED_EDGE('',*,*,#2876,.T.);
#2874=ORIENTED_EDGE('',*,*,#2877,.T.);
#2875=EDGE_CURVE('',#117,#177,#2878,.F.);
#2876=EDGE_CURVE('',#177,#113,#2879,.T.);
#2877=EDGE_CURVE('',#113,#117,#2880,.T.);
#2878=LINE('',#116,#2881);
#2879=LINE('',#176,#2882);
#2880=LINE('',#112,#2883);
#2881=VECTOR('',#2884,1.0);
#2882=VECTOR('',#2885,1.0);
#2883=VECTOR('',#2886,1.0);
#2884=DIRECTION('',(0.7126733758548588,-0.22257846844190815,-0.6652484383549456));
#2885=DIRECTION('',(-0.2771397052534981,0.6921068883178234,0.6664695333734498));
#2886=DIRECTION('',(-0.6814812361953528,-0.731835585848115,0));
#2887=FACE_SURFACE('',(#2892),#2888,.T.);
#2888=PLANE('',#2889);
#2889=AXIS2_PLACEMENT_3D('',#152,#2890,#2891);
#2890=DIRECTION('',(0.33657403357667703,-0.6255781525958528,0.7038251877538099));
#2891=DIRECTION('',(0.8806330800208005,0.4737988796663395,0));
#2892=FACE_BOUND('',#2893,.T.);
#2893=EDGE_LOOP('',(#2894,#2895,#2896));
#2894=ORIENTED_EDGE('',*,*,#2897,.T.);
#2895=ORIENTED_EDGE('',*,*,#2898,.T.);
#2896=ORIENTED_EDGE('',*,*,#2899,.T.);
#2897=EDGE_CURVE('',#153,#179,#2900,.F.);
#2898=EDGE_CURVE('',#179,#115,#2901,.T.);
#2899=EDGE_CURVE('',#115,#153,#2902,.T.);
#2900=LINE('',#152,#2903);
#2901=LINE('',#178,#2904);
#2902=LINE('',#114,#2905);
#2903=VECTOR('',#2906,1.0);
#2904=VECTOR('',#2907,1.0);
#2905=VECTOR('',#2908,1.0);
#2906=DIRECTION('',(0.8806330800208005,0.4737988796663395,0));
#2907=DIRECTION('',(-0.6955582635640838,0.33867132132503097,0.6336406221981623));
#2908=DIRECTION('',(0.15437766422256777,-0.7006624378881469,-0.6965914763488158));
#2909=FACE_SURFACE('',(#2914),#2910,.T.);
#2910=PLANE('',#2911);
#2911=AXIS2_PLACEMENT_3D('',#114,#2912,#2913);
#2912=DIRECTION('',(0.3502639544437156,-0.6101854581284549,0.710625688324042));
#2913=DIRECTION('',(0.6955582635640838,-0.33867132132503097,-0.6336406221981623));
#2914=FACE_BOUND('',#2915,.T.);
#2915=EDGE_LOOP('',(#2916,#2917,#2918));
#2916=ORIENTED_EDGE('',*,*,#2919,.T.);
#2917=ORIENTED_EDGE('',*,*,#2920,.T.);
#2918=ORIENTED_EDGE('',*,*,#2921,.T.);
#2919=EDGE_CURVE('',#115,#179,#2922,.F.);
#2920=EDGE_CURVE('',#179,#119,#2923,.T.);
#2921=EDGE_CURVE('',#119,#115,#2924,.T.);
#2922=LINE('',#114,#2925);
#2923=LINE('',#178,#2926);
#2924=LINE('',#118,#2927);
#2925=VECTOR('',#2928,1.0);
#2926=VECTOR('',#2929,1.0);
#2927=VECTOR('',#2930,1.0);
#2928=DIRECTION('',(0.6955582635640838,-0.33867132132503097,-0.6336406221981623));
#2929=DIRECTION('',(-0.18202803544976717,0.6998784047118798,0.6906779371952259));
#2930=DIRECTION('',(-0.8672700940965459,-0.4978379092493544,0));
#2931=FACE_SURFACE('',(#2936),#2932,.T.);
#2932=PLANE('',#2933);
#2933=AXIS2_PLACEMENT_3D('',#180,#2934,#2935);
#2934=DIRECTION('',(0.497443292285601,-0.5083075480332648,0.7029748271257458));
#2935=DIRECTION('',(0.7147033469109298,0.6994277131443357,0));
#2936=FACE_BOUND('',#2937,.T.);
#2937=EDGE_LOOP('',(#2938,#2939,#2940));
#2938=ORIENTED_EDGE('',*,*,#2941,.T.);
#2939=ORIENTED_EDGE('',*,*,#2942,.T.);
#2940=ORIENTED_EDGE('',*,*,#2943,.T.);
#2941=EDGE_CURVE('',#181,#177,#2944,.F.);
#2942=EDGE_CURVE('',#177,#117,#2945,.T.);
#2943=EDGE_CURVE('',#117,#181,#2946,.T.);
#2944=LINE('',#180,#2947);
#2945=LINE('',#176,#2948);
#2946=LINE('',#116,#2949);
#2947=VECTOR('',#2950,1.0);
#2948=VECTOR('',#2951,1.0);
#2949=VECTOR('',#2952,1.0);
#2950=DIRECTION('',(0.7147033469109298,0.6994277131443357,0));
#2951=DIRECTION('',(-0.7126733758548588,0.22257846844190815,0.6652484383549456));
#2952=DIRECTION('',(0.243333074750406,-0.696057517408068,-0.6754945944951969));
#2953=FACE_SURFACE('',(#2958),#2954,.T.);
#2954=PLANE('',#2955);
#2955=AXIS2_PLACEMENT_3D('',#120,#2956,#2957);
#2956=DIRECTION('',(0.4640844991376532,-0.5279861711725153,0.71123567170857));
#2957=DIRECTION('',(0.7094900428056118,-0.2591590573823576,-0.6553323295369908));
#2958=FACE_BOUND('',#2959,.T.);
#2959=EDGE_LOOP('',(#2960,#2961,#2962));
#2960=ORIENTED_EDGE('',*,*,#2963,.T.);
#2961=ORIENTED_EDGE('',*,*,#2964,.T.);
#2962=ORIENTED_EDGE('',*,*,#2965,.T.);
#2963=EDGE_CURVE('',#121,#181,#2966,.F.);
#2964=EDGE_CURVE('',#181,#117,#2967,.T.);
#2965=EDGE_CURVE('',#117,#121,#2968,.T.);
#2966=LINE('',#120,#2969);
#2967=LINE('',#180,#2970);
#2968=LINE('',#116,#2971);
#2969=VECTOR('',#2972,1.0);
#2970=VECTOR('',#2973,1.0);
#2971=VECTOR('',#2974,1.0);
#2972=DIRECTION('',(0.7094900428056118,-0.2591590573823576,-0.6553323295369908));
#2973=DIRECTION('',(-0.243333074750406,0.696057517408068,0.6754945944951969));
#2974=DIRECTION('',(-0.7510967174826503,-0.6601921848876945,0));
#2975=FACE_SURFACE('',(#2980),#2976,.T.);
#2976=PLANE('',#2977);
#2977=AXIS2_PLACEMENT_3D('',#178,#2978,#2979);
#2978=DIRECTION('',(0.3938295279139221,-0.5917199539172279,0.703395904934974));
#2979=DIRECTION('',(0.8324724004155497,0.5540665145507104,0));
#2980=FACE_BOUND('',#2981,.T.);
#2981=EDGE_LOOP('',(#2982,#2983,#2984));
#2982=ORIENTED_EDGE('',*,*,#2985,.T.);
#2983=ORIENTED_EDGE('',*,*,#2986,.T.);
#2984=ORIENTED_EDGE('',*,*,#2987,.T.);
#2985=EDGE_CURVE('',#179,#183,#2988,.F.);
#2986=EDGE_CURVE('',#183,#119,#2989,.T.);
#2987=EDGE_CURVE('',#119,#179,#2990,.T.);
#2988=LINE('',#178,#2991);
#2989=LINE('',#182,#2992);
#2990=LINE('',#118,#2993);
#2991=VECTOR('',#2994,1.0);
#2992=VECTOR('',#2995,1.0);
#2993=VECTOR('',#2996,1.0);
#2994=DIRECTION('',(0.8324724004155497,0.5540665145507104,0));
#2995=DIRECTION('',(-0.7039419043968372,0.29791995679988015,0.6447553757623984));
#2996=DIRECTION('',(0.18202803544976717,-0.6998784047118798,-0.6906779371952259));
#2997=FACE_SURFACE('',(#3002),#2998,.T.);
#2998=PLANE('',#2999);
#2999=AXIS2_PLACEMENT_3D('',#118,#3000,#3001);
#3000=DIRECTION('',(0.409204278547081,-0.5718596324515641,0.7110052174148408));
#3001=DIRECTION('',(0.7039419043968372,-0.29791995679988015,-0.6447553757623984));
#3002=FACE_BOUND('',#3003,.T.);
#3003=EDGE_LOOP('',(#3004,#3005,#3006));
#3004=ORIENTED_EDGE('',*,*,#3007,.T.);
#3005=ORIENTED_EDGE('',*,*,#3008,.T.);
#3006=ORIENTED_EDGE('',*,*,#3009,.T.);
#3007=EDGE_CURVE('',#119,#183,#3010,.F.);
#3008=EDGE_CURVE('',#183,#121,#3011,.T.);
#3009=EDGE_CURVE('',#121,#119,#3012,.T.);
#3010=LINE('',#118,#3013);
#3011=LINE('',#182,#3014);
#3012=LINE('',#120,#3015);
#3013=VECTOR('',#3016,1.0);
#3014=VECTOR('',#3017,1.0);
#3015=VECTOR('',#3018,1.0);
#3016=DIRECTION('',(0.7039419043968372,-0.29791995679988015,-0.6447553757623984));
#3017=DIRECTION('',(-0.21166640261659536,0.6984824389913493,0.6836077942973189));
#3018=DIRECTION('',(-0.81324007691745,-0.5819283265964117,0));
#3019=FACE_SURFACE('',(#3024),#3020,.T.);
#3020=PLANE('',#3021);
#3021=AXIS2_PLACEMENT_3D('',#182,#3022,#3023);
#3022=DIRECTION('',(0.4476337613592479,-0.5524942465698501,0.7031174320115992));
#3023=DIRECTION('',(0.7769858572214213,0.6295180519078807,0));
#3024=FACE_BOUND('',#3025,.T.);
#3025=EDGE_LOOP('',(#3026,#3027,#3028));
#3026=ORIENTED_EDGE('',*,*,#3029,.T.);
#3027=ORIENTED_EDGE('',*,*,#3030,.T.);
#3028=ORIENTED_EDGE('',*,*,#3031,.T.);
#3029=EDGE_CURVE('',#183,#181,#3032,.F.);
#3030=EDGE_CURVE('',#181,#121,#3033,.T.);
#3031=EDGE_CURVE('',#121,#183,#3034,.T.);
#3032=LINE('',#182,#3035);
#3033=LINE('',#180,#3036);
#3034=LINE('',#120,#3037);
#3035=VECTOR('',#3038,1.0);
#3036=VECTOR('',#3039,1.0);
#3037=VECTOR('',#3040,1.0);
#3038=DIRECTION('',(0.7769858572214213,0.6295180519078807,0));
#3039=DIRECTION('',(-0.7094900428056118,0.2591590573823576,0.6553323295369908));
#3040=DIRECTION('',(0.21166640261659536,-0.6984824389913493,-0.6836077942973189));
#3041=FACE_SURFACE('',(#3046),#3042,.T.);
#3042=PLANE('',#3043);
#3043=AXIS2_PLACEMENT_3D('',#184,#3044,#3045);
#3044=DIRECTION('',(0.2044243778761029,0.6738725523809416,0.7100045470823152));
#3045=DIRECTION('',(0.06601536587633385,-0.7331609524710674,0.6768434008246894));
#3046=FACE_BOUND('',#3047,.T.);
#3047=EDGE_LOOP('',(#3048,#3049,#3050));
#3048=ORIENTED_EDGE('',*,*,#3051,.T.);
#3049=ORIENTED_EDGE('',*,*,#3052,.T.);
#3050=ORIENTED_EDGE('',*,*,#3053,.T.);
#3051=EDGE_CURVE('',#185,#123,#3054,.F.);
#3052=EDGE_CURVE('',#123,#125,#3055,.T.);
#3053=EDGE_CURVE('',#125,#185,#3056,.T.);
#3054=LINE('',#184,#3057);
#3055=LINE('',#122,#3058);
#3056=LINE('',#124,#3059);
#3057=VECTOR('',#3060,1.0);
#3058=VECTOR('',#3061,1.0);
#3059=VECTOR('',#3062,1.0);
#3060=DIRECTION('',(0.06601536587633385,-0.7331609524710674,0.6768434008246894));
#3061=DIRECTION('',(0.26114264991401337,0.6614920106370208,-0.7030169530383166));
#3062=DIRECTION('',(-0.9569374268819764,0.290294266275623,0));
#3063=FACE_SURFACE('',(#3068),#3064,.T.);
#3064=PLANE('',#3065);
#3065=AXIS2_PLACEMENT_3D('',#140,#3066,#3067);
#3066=DIRECTION('',(0.23041740911226438,0.6711906839533905,0.7045643216571296));
#3067=DIRECTION('',(0.9458183858060222,-0.3246961365204253,0));
#3068=FACE_BOUND('',#3069,.T.);
#3069=EDGE_LOOP('',(#3070,#3071,#3072));
#3070=ORIENTED_EDGE('',*,*,#3073,.T.);
#3071=ORIENTED_EDGE('',*,*,#3074,.T.);
#3072=ORIENTED_EDGE('',*,*,#3075,.T.);
#3073=EDGE_CURVE('',#141,#123,#3076,.F.);
#3074=EDGE_CURVE('',#123,#185,#3077,.T.);
#3075=EDGE_CURVE('',#185,#141,#3078,.T.);
#3076=LINE('',#140,#3079);
#3077=LINE('',#122,#3080);
#3078=LINE('',#184,#3081);
#3079=VECTOR('',#3082,1.0);
#3080=VECTOR('',#3083,1.0);
#3081=VECTOR('',#3084,1.0);
#3082=DIRECTION('',(0.9458183858060222,-0.3246961365204253,0));
#3083=DIRECTION('',(-0.06601536587633385,0.7331609524710674,-0.6768434008246894));
#3084=DIRECTION('',(-0.3173496966815023,-0.6326297214281252,0.7064480204388226));
#3085=FACE_SURFACE('',(#3090),#3086,.T.);
#3086=PLANE('',#3087);
#3087=AXIS2_PLACEMENT_3D('',#124,#3088,#3089);
#3088=DIRECTION('',(0.29029426627562294,0.9569374268819764,0));
#3089=DIRECTION('',(-0.019537349326876802,0.005926803914751409,-0.9997915607648605));
#3090=FACE_BOUND('',#3091,.T.);
#3091=EDGE_LOOP('',(#3092,#3093,#3094));
#3092=ORIENTED_EDGE('',*,*,#3095,.T.);
#3093=ORIENTED_EDGE('',*,*,#3096,.T.);
#3094=ORIENTED_EDGE('',*,*,#3097,.T.);
#3095=EDGE_CURVE('',#125,#187,#3098,.F.);
#3096=EDGE_CURVE('',#187,#185,#3099,.T.);
#3097=EDGE_CURVE('',#185,#125,#3100,.T.);
#3098=LINE('',#124,#3101);
#3099=LINE('',#186,#3102);
#3100=LINE('',#184,#3103);
#3101=VECTOR('',#3104,1.0);
#3102=VECTOR('',#3105,1.0);
#3103=VECTOR('',#3106,1.0);
#3104=DIRECTION('',(-0.019537349326876802,0.005926803914751409,-0.9997915607648605));
#3105=DIRECTION('',(0,0,1));
#3106=DIRECTION('',(0.9569374268819764,-0.290294266275623,0));
#3107=FACE_SURFACE('',(#3112),#3108,.T.);
#3108=PLANE('',#3109);
#3109=AXIS2_PLACEMENT_3D('',#124,#3110,#3111);
#3110=DIRECTION('',(0.29029426627562294,0.9569374268819764,0));
#3111=DIRECTION('',(0,0,-1));
#3112=FACE_BOUND('',#3113,.T.);
#3113=EDGE_LOOP('',(#3114,#3115,#3116));
#3114=ORIENTED_EDGE('',*,*,#3117,.T.);
#3115=ORIENTED_EDGE('',*,*,#3118,.T.);
#3116=ORIENTED_EDGE('',*,*,#3119,.T.);
#3117=EDGE_CURVE('',#125,#157,#3120,.F.);
#3118=EDGE_CURVE('',#157,#187,#3121,.T.);
#3119=EDGE_CURVE('',#187,#125,#3122,.T.);
#3120=LINE('',#124,#3123);
#3121=LINE('',#156,#3124);
#3122=LINE('',#186,#3125);
#3123=VECTOR('',#3126,1.0);
#3124=VECTOR('',#3127,1.0);
#3125=VECTOR('',#3128,1.0);
#3126=DIRECTION('',(0,0,-1));
#3127=DIRECTION('',(-0.9569374268819764,0.290294266275623,0));
#3128=DIRECTION('',(0.019537349326876802,-0.005926803914751409,0.9997915607648605));
#3129=FACE_SURFACE('',(#3134),#3130,.T.);
#3130=PLANE('',#3131);
#3131=AXIS2_PLACEMENT_3D('',#188,#3132,#3133);
#3132=DIRECTION('',(-0.7071067811865475,0,0.7071067811865475));
#3133=DIRECTION('',(0,-1,0));
#3134=FACE_BOUND('',#3135,.T.);
#3135=EDGE_LOOP('',(#3136,#3137,#3138));
#3136=ORIENTED_EDGE('',*,*,#3139,.T.);
#3137=ORIENTED_EDGE('',*,*,#3140,.T.);
#3138=ORIENTED_EDGE('',*,*,#3141,.T.);
#3139=EDGE_CURVE('',#189,#127,#3142,.F.);
#3140=EDGE_CURVE('',#127,#129,#3143,.T.);
#3141=EDGE_CURVE('',#129,#189,#3144,.T.);
#3142=LINE('',#188,#3145);
#3143=LINE('',#126,#3146);
#3144=LINE('',#128,#3147);
#3145=VECTOR('',#3148,1.0);
#3146=VECTOR('',#3149,1.0);
#3147=VECTOR('',#3150,1.0);
#3148=DIRECTION('',(0,-1,0));
#3149=DIRECTION('',(0.05499174965636724,0.9969713210215542,0.05499174965636724));
#3150=DIRECTION('',(-0.6475162444083497,0.4018027208153436,-0.6475162444083497));
#3151=FACE_SURFACE('',(#3156),#3152,.T.);
#3152=PLANE('',#3153);
#3153=AXIS2_PLACEMENT_3D('',#188,#3154,#3155);
#3154=DIRECTION('',(-1,-0,-0));
#3155=DIRECTION('',(0,0,-1));
#3156=FACE_BOUND('',#3157,.T.);
#3157=EDGE_LOOP('',(#3158,#3159,#3160));
#3158=ORIENTED_EDGE('',*,*,#3161,.T.);
#3159=ORIENTED_EDGE('',*,*,#3162,.T.);
#3160=ORIENTED_EDGE('',*,*,#3163,.T.);
#3161=EDGE_CURVE('',#189,#191,#3164,.F.);
#3162=EDGE_CURVE('',#191,#127,#3165,.T.);
#3163=EDGE_CURVE('',#127,#189,#3166,.T.);
#3164=LINE('',#188,#3167);
#3165=LINE('',#190,#3168);
#3166=LINE('',#126,#3169);
#3167=VECTOR('',#3170,1.0);
#3168=VECTOR('',#3171,1.0);
#3169=VECTOR('',#3172,1.0);
#3170=DIRECTION('',(0,0,-1));
#3171=DIRECTION('',(0,-0.5268381841876767,0.8499656038227851));
#3172=DIRECTION('',(0,1,0));
#3173=FACE_SURFACE('',(#3178),#3174,.T.);
#3174=PLANE('',#3175);
#3175=AXIS2_PLACEMENT_3D('',#126,#3176,#3177);
#3176=DIRECTION('',(-1,0,0));
#3177=DIRECTION('',(0,0.5268381841876767,-0.8499656038227851));
#3178=FACE_BOUND('',#3179,.T.);
#3179=EDGE_LOOP('',(#3180,#3181,#3182));
#3180=ORIENTED_EDGE('',*,*,#3183,.T.);
#3181=ORIENTED_EDGE('',*,*,#3184,.T.);
#3182=ORIENTED_EDGE('',*,*,#3185,.T.);
#3183=EDGE_CURVE('',#127,#191,#3186,.F.);
#3184=EDGE_CURVE('',#191,#149,#3187,.T.);
#3185=EDGE_CURVE('',#149,#127,#3188,.T.);
#3186=LINE('',#126,#3189);
#3187=LINE('',#190,#3190);
#3188=LINE('',#148,#3191);
#3189=VECTOR('',#3192,1.0);
#3190=VECTOR('',#3193,1.0);
#3191=VECTOR('',#3194,1.0);
#3192=DIRECTION('',(0,0.5268381841876767,-0.8499656038227851));
#3193=DIRECTION('',(0,-1,0));
#3194=DIRECTION('',(0,0,1));
#3195=FACE_SURFACE('',(#3200),#3196,.T.);
#3196=PLANE('',#3197);
#3197=AXIS2_PLACEMENT_3D('',#192,#3198,#3199);
#3198=DIRECTION('',(-0.30480661423852984,0.6422122833317724,0.7033180724638287));
#3199=DIRECTION('',(-0.9034106057248985,-0.42877648893540316,0));
#3200=FACE_BOUND('',#3201,.T.);
#3201=EDGE_LOOP('',(#3202,#3203,#3204));
#3202=ORIENTED_EDGE('',*,*,#3205,.T.);
#3203=ORIENTED_EDGE('',*,*,#3206,.T.);
#3204=ORIENTED_EDGE('',*,*,#3207,.T.);
#3205=EDGE_CURVE('',#193,#189,#3208,.F.);
#3206=EDGE_CURVE('',#189,#129,#3209,.T.);
#3207=EDGE_CURVE('',#129,#193,#3210,.T.);
#3208=LINE('',#192,#3211);
#3209=LINE('',#188,#3212);
#3210=LINE('',#128,#3213);
#3211=VECTOR('',#3214,1.0);
#3212=VECTOR('',#3215,1.0);
#3213=VECTOR('',#3216,1.0);
#3214=DIRECTION('',(-0.9034106057248985,-0.42877648893540316,0));
#3215=DIRECTION('',(0.6475162444083497,-0.4018027208153436,0.6475162444083497));
#3216=DIRECTION('',(-0.06972095439510273,0.721431057661268,-0.6889675010912926));
#3217=FACE_SURFACE('',(#3222),#3218,.T.);
#3218=PLANE('',#3219);
#3219=AXIS2_PLACEMENT_3D('',#194,#3220,#3221);
#3220=DIRECTION('',(-0.26000126518857936,0.6536358372135774,0.7107457593334229));
#3221=DIRECTION('',(-0.6332621259995282,0.44024344149050026,-0.6365255627224706));
#3222=FACE_BOUND('',#3223,.T.);
#3223=EDGE_LOOP('',(#3224,#3225,#3226));
#3224=ORIENTED_EDGE('',*,*,#3227,.T.);
#3225=ORIENTED_EDGE('',*,*,#3228,.T.);
#3226=ORIENTED_EDGE('',*,*,#3229,.T.);
#3227=EDGE_CURVE('',#195,#193,#3230,.F.);
#3228=EDGE_CURVE('',#193,#129,#3231,.T.);
#3229=EDGE_CURVE('',#129,#195,#3232,.T.);
#3230=LINE('',#194,#3233);
#3231=LINE('',#192,#3234);
#3232=LINE('',#128,#3235);
#3233=VECTOR('',#3236,1.0);
#3234=VECTOR('',#3237,1.0);
#3235=VECTOR('',#3238,1.0);
#3236=DIRECTION('',(-0.6332621259995282,0.44024344149050026,-0.6365255627224706));
#3237=DIRECTION('',(0.06972095439510273,-0.721431057661268,0.6889675010912926));
#3238=DIRECTION('',(0.9291872716212085,0.3696092724176904,0));
#3239=FACE_SURFACE('',(#3244),#3240,.T.);
#3240=PLANE('',#3241);
#3241=AXIS2_PLACEMENT_3D('',#128,#3242,#3243);
#3242=DIRECTION('',(0,0,1));
#3243=DIRECTION('',(0.05702075050370251,-0.9983729934308092,0));
#3244=FACE_BOUND('',#3245,.T.);
#3245=EDGE_LOOP('',(#3246,#3247,#3248));
#3246=ORIENTED_EDGE('',*,*,#3249,.T.);
#3247=ORIENTED_EDGE('',*,*,#3250,.T.);
#3248=ORIENTED_EDGE('',*,*,#3251,.T.);
#3249=EDGE_CURVE('',#129,#131,#3252,.F.);
#3250=EDGE_CURVE('',#131,#197,#3253,.T.);
#3251=EDGE_CURVE('',#197,#129,#3254,.T.);
#3252=LINE('',#128,#3255);
#3253=LINE('',#130,#3256);
#3254=LINE('',#196,#3257);
#3255=VECTOR('',#3258,1.0);
#3256=VECTOR('',#3259,1.0);
#3257=VECTOR('',#3260,1.0);
#3258=DIRECTION('',(0.05702075050370251,-0.9983729934308092,0));
#3259=DIRECTION('',(0.082569235429897,0.9965853306970369,0));
#3260=DIRECTION('',(-0.06682307833208555,0.9977648401312926,0));
#3261=FACE_SURFACE('',(#3266),#3262,.T.);
#3262=PLANE('',#3263);
#3263=AXIS2_PLACEMENT_3D('',#128,#3264,#3265);
#3264=DIRECTION('',(0,0,1));
#3265=DIRECTION('',(0.9614333944268574,0.2750378666308531,0));
#3266=FACE_BOUND('',#3267,.T.);
#3267=EDGE_LOOP('',(#3268,#3269,#3270));
#3268=ORIENTED_EDGE('',*,*,#3271,.T.);
#3269=ORIENTED_EDGE('',*,*,#3272,.T.);
#3270=ORIENTED_EDGE('',*,*,#3273,.T.);
#3271=EDGE_CURVE('',#129,#199,#3274,.F.);
#3272=EDGE_CURVE('',#199,#195,#3275,.T.);
#3273=EDGE_CURVE('',#195,#129,#3276,.T.);
#3274=LINE('',#128,#3277);
#3275=LINE('',#198,#3278);
#3276=LINE('',#194,#3279);
#3277=VECTOR('',#3280,1.0);
#3278=VECTOR('',#3281,1.0);
#3279=VECTOR('',#3282,1.0);
#3280=DIRECTION('',(0.9614333944268574,0.2750378666308531,0));
#3281=DIRECTION('',(-0.9739730924157564,-0.22666366107095431,0));
#3282=DIRECTION('',(-0.9291872716212085,-0.3696092724176904,0));
#3283=FACE_SURFACE('',(#3288),#3284,.T.);
#3284=PLANE('',#3285);
#3285=AXIS2_PLACEMENT_3D('',#128,#3286,#3287);
#3286=DIRECTION('',(0,0,1));
#3287=DIRECTION('',(0.06682307833208555,-0.9977648401312926,0));
#3288=FACE_BOUND('',#3289,.T.);
#3289=EDGE_LOOP('',(#3290,#3291,#3292));
#3290=ORIENTED_EDGE('',*,*,#3293,.T.);
#3291=ORIENTED_EDGE('',*,*,#3294,.T.);
#3292=ORIENTED_EDGE('',*,*,#3295,.T.);
#3293=EDGE_CURVE('',#129,#197,#3296,.F.);
#3294=EDGE_CURVE('',#197,#201,#3297,.T.);
#3295=EDGE_CURVE('',#201,#129,#3298,.T.);
#3296=LINE('',#128,#3299);
#3297=LINE('',#196,#3300);
#3298=LINE('',#200,#3301);
#3299=VECTOR('',#3302,1.0);
#3300=VECTOR('',#3303,1.0);
#3301=VECTOR('',#3304,1.0);
#3302=DIRECTION('',(0.06682307833208555,-0.9977648401312926,0));
#3303=DIRECTION('',(0.24548466723424744,0.9694004735674987,0));
#3304=DIRECTION('',(-0.09015838943131632,0.9959274395331976,0));
#3305=FACE_SURFACE('',(#3310),#3306,.T.);
#3306=PLANE('',#3307);
#3307=AXIS2_PLACEMENT_3D('',#128,#3308,#3309);
#3308=DIRECTION('',(0,0,1));
#3309=DIRECTION('',(0.973974166484597,0.22665904575073656,0));
#3310=FACE_BOUND('',#3311,.T.);
#3311=EDGE_LOOP('',(#3312,#3313,#3314));
#3312=ORIENTED_EDGE('',*,*,#3315,.T.);
#3313=ORIENTED_EDGE('',*,*,#3316,.T.);
#3314=ORIENTED_EDGE('',*,*,#3317,.T.);
#3315=EDGE_CURVE('',#129,#203,#3318,.F.);
#3316=EDGE_CURVE('',#203,#199,#3319,.T.);
#3317=EDGE_CURVE('',#199,#129,#3320,.T.);
#3318=LINE('',#128,#3321);
#3319=LINE('',#202,#3322);
#3320=LINE('',#198,#3323);
#3321=VECTOR('',#3324,1.0);
#3322=VECTOR('',#3325,1.0);
#3323=VECTOR('',#3326,1.0);
#3324=DIRECTION('',(0.973974166484597,0.22665904575073656,0));
#3325=DIRECTION('',(-0.9969052855247448,-0.07861203274834665,0));
#3326=DIRECTION('',(-0.9614333944268574,-0.2750378666308531,0));
#3327=FACE_SURFACE('',(#3332),#3328,.T.);
#3328=PLANE('',#3329);
#3329=AXIS2_PLACEMENT_3D('',#128,#3330,#3331);
#3330=DIRECTION('',(0,0,1));
#3331=DIRECTION('',(0.09015838943131632,-0.9959274395331976,0));
#3332=FACE_BOUND('',#3333,.T.);
#3333=EDGE_LOOP('',(#3334,#3335,#3336));
#3334=ORIENTED_EDGE('',*,*,#3337,.T.);
#3335=ORIENTED_EDGE('',*,*,#3338,.T.);
#3336=ORIENTED_EDGE('',*,*,#3339,.T.);
#3337=EDGE_CURVE('',#129,#201,#3340,.F.);
#3338=EDGE_CURVE('',#201,#205,#3341,.T.);
#3339=EDGE_CURVE('',#205,#129,#3342,.T.);
#3340=LINE('',#128,#3343);
#3341=LINE('',#200,#3344);
#3342=LINE('',#204,#3345);
#3343=VECTOR('',#3346,1.0);
#3344=VECTOR('',#3347,1.0);
#3345=VECTOR('',#3348,1.0);
#3346=DIRECTION('',(0.09015838943131632,-0.9959274395331976,0));
#3347=DIRECTION('',(0.4016564459922034,0.9157904232917662,0));
#3348=DIRECTION('',(-0.12895526039888197,0.9916504126028771,0));
#3349=FACE_SURFACE('',(#3354),#3350,.T.);
#3350=PLANE('',#3351);
#3351=AXIS2_PLACEMENT_3D('',#206,#3352,#3353);
#3352=DIRECTION('',(0,-0,1));
#3353=DIRECTION('',(0.0020700026061070236,0.9999978575423103,0));
#3354=FACE_BOUND('',#3355,.T.);
#3355=EDGE_LOOP('',(#3356,#3357,#3358));
#3356=ORIENTED_EDGE('',*,*,#3359,.T.);
#3357=ORIENTED_EDGE('',*,*,#3360,.T.);
#3358=ORIENTED_EDGE('',*,*,#3361,.T.);
#3359=EDGE_CURVE('',#207,#203,#3362,.F.);
#3360=EDGE_CURVE('',#203,#129,#3363,.T.);
#3361=EDGE_CURVE('',#129,#207,#3364,.T.);
#3362=LINE('',#206,#3365);
#3363=LINE('',#202,#3366);
#3364=LINE('',#128,#3367);
#3365=VECTOR('',#3368,1.0);
#3366=VECTOR('',#3369,1.0);
#3367=VECTOR('',#3370,1.0);
#3368=DIRECTION('',(0.0020700026061070236,0.9999978575423103,0));
#3369=DIRECTION('',(-0.973974166484597,-0.22665904575073656,0));
#3370=DIRECTION('',(0.5760123812278094,-0.8174409683104149,0));
#3371=FACE_SURFACE('',(#3376),#3372,.T.);
#3372=PLANE('',#3373);
#3373=AXIS2_PLACEMENT_3D('',#128,#3374,#3375);
#3374=DIRECTION('',(0,0,1));
#3375=DIRECTION('',(0.12895526039888197,-0.9916504126028771,0));
#3376=FACE_BOUND('',#3377,.T.);
#3377=EDGE_LOOP('',(#3378,#3379,#3380));
#3378=ORIENTED_EDGE('',*,*,#3381,.T.);
#3379=ORIENTED_EDGE('',*,*,#3382,.T.);
#3380=ORIENTED_EDGE('',*,*,#3383,.T.);
#3381=EDGE_CURVE('',#129,#205,#3384,.F.);
#3382=EDGE_CURVE('',#205,#209,#3385,.T.);
#3383=EDGE_CURVE('',#209,#129,#3386,.T.);
#3384=LINE('',#128,#3387);
#3385=LINE('',#204,#3388);
#3386=LINE('',#208,#3389);
#3387=VECTOR('',#3390,1.0);
#3388=VECTOR('',#3391,1.0);
#3389=VECTOR('',#3392,1.0);
#3390=DIRECTION('',(0.12895526039888197,-0.9916504126028771,0));
#3391=DIRECTION('',(0.5470139454666417,0.8371234935569649,0));
#3392=DIRECTION('',(-0.18423890411213387,0.9828814914380878,0));
#3393=FACE_SURFACE('',(#3398),#3394,.T.);
#3394=PLANE('',#3395);
#3395=AXIS2_PLACEMENT_3D('',#128,#3396,#3397);
#3396=DIRECTION('',(0,0,1));
#3397=DIRECTION('',(0.5054591375441091,-0.8628505434159299,0));
#3398=FACE_BOUND('',#3399,.T.);
#3399=EDGE_LOOP('',(#3400,#3401,#3402));
#3400=ORIENTED_EDGE('',*,*,#3403,.T.);
#3401=ORIENTED_EDGE('',*,*,#3404,.T.);
#3402=ORIENTED_EDGE('',*,*,#3405,.T.);
#3403=EDGE_CURVE('',#129,#211,#3406,.F.);
#3404=EDGE_CURVE('',#211,#207,#3407,.T.);
#3405=EDGE_CURVE('',#207,#129,#3408,.T.);
#3406=LINE('',#128,#3409);
#3407=LINE('',#210,#3410);
#3408=LINE('',#206,#3411);
#3409=VECTOR('',#3412,1.0);
#3410=VECTOR('',#3413,1.0);
#3411=VECTOR('',#3414,1.0);
#3412=DIRECTION('',(0.5054591375441091,-0.8628505434159299,0));
#3413=DIRECTION('',(0.9863639444763521,0.16457876241195823,0));
#3414=DIRECTION('',(-0.5760123812278094,0.8174409683104149,0));
#3415=FACE_SURFACE('',(#3420),#3416,.T.);
#3416=PLANE('',#3417);
#3417=AXIS2_PLACEMENT_3D('',#128,#3418,#3419);
#3418=DIRECTION('',(0,0,1));
#3419=DIRECTION('',(0.18423890411213387,-0.9828814914380878,0));
#3420=FACE_BOUND('',#3421,.T.);
#3421=EDGE_LOOP('',(#3422,#3423,#3424));
#3422=ORIENTED_EDGE('',*,*,#3425,.T.);
#3423=ORIENTED_EDGE('',*,*,#3426,.T.);
#3424=ORIENTED_EDGE('',*,*,#3427,.T.);
#3425=EDGE_CURVE('',#129,#209,#3428,.F.);
#3426=EDGE_CURVE('',#209,#213,#3429,.T.);
#3427=EDGE_CURVE('',#213,#129,#3430,.T.);
#3428=LINE('',#128,#3431);
#3429=LINE('',#208,#3432);
#3430=LINE('',#212,#3433);
#3431=VECTOR('',#3434,1.0);
#3432=VECTOR('',#3435,1.0);
#3433=VECTOR('',#3436,1.0);
#3434=DIRECTION('',(0.18423890411213387,-0.9828814914380878,0));
#3435=DIRECTION('',(0.6772663831815543,0.7357378923313493,0));
#3436=DIRECTION('',(-0.25498370938955056,0.9669453489964907,0));
#3437=FACE_SURFACE('',(#3442),#3438,.T.);
#3438=PLANE('',#3439);
#3439=AXIS2_PLACEMENT_3D('',#128,#3440,#3441);
#3440=DIRECTION('',(0,0,1));
#3441=DIRECTION('',(0.42347557287657844,-0.9059075224198404,0));
#3442=FACE_BOUND('',#3443,.T.);
#3443=EDGE_LOOP('',(#3444,#3445,#3446));
#3444=ORIENTED_EDGE('',*,*,#3447,.T.);
#3445=ORIENTED_EDGE('',*,*,#3448,.T.);
#3446=ORIENTED_EDGE('',*,*,#3449,.T.);
#3447=EDGE_CURVE('',#129,#215,#3450,.F.);
#3448=EDGE_CURVE('',#215,#211,#3451,.T.);
#3449=EDGE_CURVE('',#211,#129,#3452,.T.);
#3450=LINE('',#128,#3453);
#3451=LINE('',#214,#3454);
#3452=LINE('',#210,#3455);
#3453=VECTOR('',#3456,1.0);
#3454=VECTOR('',#3457,1.0);
#3455=VECTOR('',#3458,1.0);
#3456=DIRECTION('',(0.42347557287657844,-0.9059075224198404,0));
#3457=DIRECTION('',(0.9458183858060222,0.3246961365204253,0));
#3458=DIRECTION('',(-0.5054591375441091,0.8628505434159299,0));
#3459=FACE_SURFACE('',(#3464),#3460,.T.);
#3460=PLANE('',#3461);
#3461=AXIS2_PLACEMENT_3D('',#128,#3462,#3463);
#3462=DIRECTION('',(0,0,1));
#3463=DIRECTION('',(0.25498370938955056,-0.9669453489964907,0));
#3464=FACE_BOUND('',#3465,.T.);
#3465=EDGE_LOOP('',(#3466,#3467,#3468));
#3466=ORIENTED_EDGE('',*,*,#3469,.T.);
#3467=ORIENTED_EDGE('',*,*,#3470,.T.);
#3468=ORIENTED_EDGE('',*,*,#3471,.T.);
#3469=EDGE_CURVE('',#129,#213,#3472,.F.);
#3470=EDGE_CURVE('',#213,#217,#3473,.T.);
#3471=EDGE_CURVE('',#217,#129,#3474,.T.);
#3472=LINE('',#128,#3475);
#3473=LINE('',#212,#3476);
#3474=LINE('',#216,#3477);
#3475=VECTOR('',#3478,1.0);
#3476=VECTOR('',#3479,1.0);
#3477=VECTOR('',#3480,1.0);
#3478=DIRECTION('',(0.25498370938955056,-0.9669453489964907,0));
#3479=DIRECTION('',(0.7891403917788838,0.6142128638046176,0));
#3480=DIRECTION('',(-0.33713344046859245,0.9414568727869642,0));
#3481=FACE_SURFACE('',(#3486),#3482,.T.);
#3482=PLANE('',#3483);
#3483=AXIS2_PLACEMENT_3D('',#128,#3484,#3485);
#3484=DIRECTION('',(0,0,1));
#3485=DIRECTION('',(0.33713344046859245,-0.9414568727869642,0));
#3486=FACE_BOUND('',#3487,.T.);
#3487=EDGE_LOOP('',(#3488,#3489,#3490));
#3488=ORIENTED_EDGE('',*,*,#3491,.T.);
#3489=ORIENTED_EDGE('',*,*,#3492,.T.);
#3490=ORIENTED_EDGE('',*,*,#3493,.T.);
#3491=EDGE_CURVE('',#129,#217,#3494,.F.);
#3492=EDGE_CURVE('',#217,#215,#3495,.T.);
#3493=EDGE_CURVE('',#215,#129,#3496,.T.);
#3494=LINE('',#128,#3497);
#3495=LINE('',#216,#3498);
#3496=LINE('',#214,#3499);
#3497=VECTOR('',#3500,1.0);
#3498=VECTOR('',#3501,1.0);
#3499=VECTOR('',#3502,1.0);
#3500=DIRECTION('',(0.33713344046859245,-0.9414568727869642,0));
#3501=DIRECTION('',(0.8794706304463946,0.4759531596514736,0));
#3502=DIRECTION('',(-0.42347557287657844,0.9059075224198404,0));
#3503=FACE_SURFACE('',(#3508),#3504,.T.);
#3504=PLANE('',#3505);
#3505=AXIS2_PLACEMENT_3D('',#130,#3506,#3507);
#3506=DIRECTION('',(0.7058963522222168,0.05848657827857639,0.7058963522222168));
#3507=DIRECTION('',(0.08257140760913317,-0.9965851507249376,0));
#3508=FACE_BOUND('',#3509,.T.);
#3509=EDGE_LOOP('',(#3510,#3511,#3512));
#3510=ORIENTED_EDGE('',*,*,#3513,.T.);
#3511=ORIENTED_EDGE('',*,*,#3514,.T.);
#3512=ORIENTED_EDGE('',*,*,#3515,.T.);
#3513=EDGE_CURVE('',#131,#133,#3516,.F.);
#3514=EDGE_CURVE('',#133,#219,#3517,.T.);
#3515=EDGE_CURVE('',#219,#131,#3518,.T.);
#3516=LINE('',#130,#3519);
#3517=LINE('',#132,#3520);
#3518=LINE('',#218,#3521);
#3519=VECTOR('',#3522,1.0);
#3520=VECTOR('',#3523,1.0);
#3521=VECTOR('',#3524,1.0);
#3522=DIRECTION('',(0.08257140760913317,-0.9965851507249376,0));
#3523=DIRECTION('',(0.6364514599684171,0.3850139720578716,-0.6683515395540665));
#3524=DIRECTION('',(-0.7071067811865475,0,0.7071067811865475));
#3525=FACE_SURFACE('',(#3530),#3526,.T.);
#3526=PLANE('',#3527);
#3527=AXIS2_PLACEMENT_3D('',#196,#3528,#3529);
#3528=DIRECTION('',(0.7058964161787187,-0.05848503442832632,0.7058964161787187));
#3529=DIRECTION('',(-0.082569235429897,-0.9965853306970369,0));
#3530=FACE_BOUND('',#3531,.T.);
#3531=EDGE_LOOP('',(#3532,#3533,#3534));
#3532=ORIENTED_EDGE('',*,*,#3535,.T.);
#3533=ORIENTED_EDGE('',*,*,#3536,.T.);
#3534=ORIENTED_EDGE('',*,*,#3537,.T.);
#3535=EDGE_CURVE('',#197,#131,#3538,.F.);
#3536=EDGE_CURVE('',#131,#219,#3539,.T.);
#3537=EDGE_CURVE('',#219,#197,#3540,.T.);
#3538=LINE('',#196,#3541);
#3539=LINE('',#130,#3542);
#3540=LINE('',#218,#3543);
#3541=VECTOR('',#3544,1.0);
#3542=VECTOR('',#3545,1.0);
#3543=VECTOR('',#3546,1.0);
#3544=DIRECTION('',(-0.082569235429897,-0.9965853306970369,0));
#3545=DIRECTION('',(0.7071067811865475,0,-0.7071067811865475));
#3546=DIRECTION('',(-0.6364489609469125,0.38502265849874595,0.6683489152771577));
#3547=FACE_SURFACE('',(#3552),#3548,.T.);
#3548=PLANE('',#3549);
#3549=AXIS2_PLACEMENT_3D('',#132,#3550,#3551);
#3550=DIRECTION('',(0.688428817521586,0.17433323357251873,0.7040409696018979));
#3551=DIRECTION('',(0.24548466723424744,-0.9694004735674987,0));
#3552=FACE_BOUND('',#3553,.T.);
#3553=EDGE_LOOP('',(#3554,#3555,#3556));
#3554=ORIENTED_EDGE('',*,*,#3557,.T.);
#3555=ORIENTED_EDGE('',*,*,#3558,.T.);
#3556=ORIENTED_EDGE('',*,*,#3559,.T.);
#3557=EDGE_CURVE('',#133,#135,#3560,.F.);
#3558=EDGE_CURVE('',#135,#221,#3561,.T.);
#3559=EDGE_CURVE('',#221,#133,#3562,.T.);
#3560=LINE('',#132,#3563);
#3561=LINE('',#134,#3564);
#3562=LINE('',#220,#3565);
#3563=VECTOR('',#3566,1.0);
#3564=VECTOR('',#3567,1.0);
#3565=VECTOR('',#3568,1.0);
#3566=DIRECTION('',(0.24548466723424744,-0.9694004735674987,0));
#3567=DIRECTION('',(0.5843780257038552,0.44163878986773686,-0.68077713119539));
#3568=DIRECTION('',(-0.7058390673793347,-0.06234071938688064,0.705623728106841));
#3569=FACE_SURFACE('',(#3574),#3570,.T.);
#3570=PLANE('',#3571);
#3571=AXIS2_PLACEMENT_3D('',#132,#3572,#3573);
#3572=DIRECTION('',(0.7022440404195862,0.06916322745802514,0.7085688079945123));
#3573=DIRECTION('',(0.7058390673793347,0.06234071938688064,-0.705623728106841));
#3574=FACE_BOUND('',#3575,.T.);
#3575=EDGE_LOOP('',(#3576,#3577,#3578));
#3576=ORIENTED_EDGE('',*,*,#3579,.T.);
#3577=ORIENTED_EDGE('',*,*,#3580,.T.);
#3578=ORIENTED_EDGE('',*,*,#3581,.T.);
#3579=EDGE_CURVE('',#133,#221,#3582,.F.);
#3580=EDGE_CURVE('',#221,#219,#3583,.T.);
#3581=EDGE_CURVE('',#219,#133,#3584,.T.);
#3582=LINE('',#132,#3585);
#3583=LINE('',#220,#3586);
#3584=LINE('',#218,#3587);
#3585=VECTOR('',#3588,1.0);
#3586=VECTOR('',#3589,1.0);
#3587=VECTOR('',#3590,1.0);
#3588=DIRECTION('',(0.7058390673793347,0.06234071938688064,-0.705623728106841));
#3589=DIRECTION('',(-0.09801465104524347,0.9951849718421591,0));
#3590=DIRECTION('',(-0.6364514599684171,-0.3850139720578716,0.6683515395540665));
#3591=FACE_SURFACE('',(#3596),#3592,.T.);
#3592=PLANE('',#3593);
#3593=AXIS2_PLACEMENT_3D('',#220,#3594,#3595);
#3594=DIRECTION('',(0.6733615112778767,0.20427599580787123,0.7105319082675152));
#3595=DIRECTION('',(-0.5843780257038552,-0.44163878986773686,0.68077713119539));
#3596=FACE_BOUND('',#3597,.T.);
#3597=EDGE_LOOP('',(#3598,#3599,#3600));
#3598=ORIENTED_EDGE('',*,*,#3601,.T.);
#3599=ORIENTED_EDGE('',*,*,#3602,.T.);
#3600=ORIENTED_EDGE('',*,*,#3603,.T.);
#3601=EDGE_CURVE('',#221,#135,#3604,.F.);
#3602=EDGE_CURVE('',#135,#223,#3605,.T.);
#3603=EDGE_CURVE('',#223,#221,#3606,.T.);
#3604=LINE('',#220,#3607);
#3605=LINE('',#134,#3608);
#3606=LINE('',#222,#3609);
#3607=VECTOR('',#3610,1.0);
#3608=VECTOR('',#3611,1.0);
#3609=VECTOR('',#3612,1.0);
#3610=DIRECTION('',(-0.5843780257038552,-0.44163878986773686,0.68077713119539));
#3611=DIRECTION('',(0.7017025931470859,0.12604538803404503,-0.7012317954328671));
#3612=DIRECTION('',(-0.2903029153680005,0.9569348030711599,0));
#3613=FACE_SURFACE('',(#3618),#3614,.T.);
#3614=PLANE('',#3615);
#3615=AXIS2_PLACEMENT_3D('',#134,#3616,#3617);
#3616=DIRECTION('',(0.6512623868030459,0.28563711635186195,0.7030424889704694));
#3617=DIRECTION('',(0.4016564459922034,-0.9157904232917662,0));
#3618=FACE_BOUND('',#3619,.T.);
#3619=EDGE_LOOP('',(#3620,#3621,#3622));
#3620=ORIENTED_EDGE('',*,*,#3623,.T.);
#3621=ORIENTED_EDGE('',*,*,#3624,.T.);
#3622=ORIENTED_EDGE('',*,*,#3625,.T.);
#3623=EDGE_CURVE('',#135,#137,#3626,.F.);
#3624=EDGE_CURVE('',#137,#223,#3627,.T.);
#3625=EDGE_CURVE('',#223,#135,#3628,.T.);
#3626=LINE('',#134,#3629);
#3627=LINE('',#136,#3630);
#3628=LINE('',#222,#3631);
#3629=VECTOR('',#3632,1.0);
#3630=VECTOR('',#3633,1.0);
#3631=VECTOR('',#3634,1.0);
#3632=DIRECTION('',(0.4016564459922034,-0.9157904232917662,0));
#3633=DIRECTION('',(0.5311417396397958,0.49010702220395985,-0.691146554067065));
#3634=DIRECTION('',(-0.7017025931470859,-0.12604538803404503,0.7012317954328671));
#3635=FACE_SURFACE('',(#3640),#3636,.T.);
#3636=PLANE('',#3637);
#3637=AXIS2_PLACEMENT_3D('',#222,#3638,#3639);
#3638=DIRECTION('',(0.6198796504431855,0.3313202678708546,0.7113199695386172));
#3639=DIRECTION('',(-0.5311417396397958,-0.49010702220395985,0.691146554067065));
#3640=FACE_BOUND('',#3641,.T.);
#3641=EDGE_LOOP('',(#3642,#3643,#3644));
#3642=ORIENTED_EDGE('',*,*,#3645,.T.);
#3643=ORIENTED_EDGE('',*,*,#3646,.T.);
#3644=ORIENTED_EDGE('',*,*,#3647,.T.);
#3645=EDGE_CURVE('',#223,#137,#3648,.F.);
#3646=EDGE_CURVE('',#137,#225,#3649,.T.);
#3647=EDGE_CURVE('',#225,#223,#3650,.T.);
#3648=LINE('',#222,#3651);
#3649=LINE('',#136,#3652);
#3650=LINE('',#224,#3653);
#3651=VECTOR('',#3654,1.0);
#3652=VECTOR('',#3655,1.0);
#3653=VECTOR('',#3656,1.0);
#3654=DIRECTION('',(-0.5311417396397958,-0.49010702220395985,0.691146554067065));
#3655=DIRECTION('',(0.6937544941293092,0.19219532860534583,-0.6940934069256596));
#3656=DIRECTION('',(-0.47138311662842086,0.8819285443604128,0));
#3657=FACE_SURFACE('',(#3662),#3658,.T.);
#3658=PLANE('',#3659);
#3659=AXIS2_PLACEMENT_3D('',#136,#3660,#3661);
#3660=DIRECTION('',(0.5954432471895615,0.3890892591756731,0.7028918037439876));
#3661=DIRECTION('',(0.5470139454666417,-0.8371234935569649,0));
#3662=FACE_BOUND('',#3663,.T.);
#3663=EDGE_LOOP('',(#3664,#3665,#3666));
#3664=ORIENTED_EDGE('',*,*,#3667,.T.);
#3665=ORIENTED_EDGE('',*,*,#3668,.T.);
#3666=ORIENTED_EDGE('',*,*,#3669,.T.);
#3667=EDGE_CURVE('',#137,#139,#3670,.F.);
#3668=EDGE_CURVE('',#139,#225,#3671,.T.);
#3669=EDGE_CURVE('',#225,#137,#3672,.T.);
#3670=LINE('',#136,#3673);
#3671=LINE('',#138,#3674);
#3672=LINE('',#224,#3675);
#3673=VECTOR('',#3676,1.0);
#3674=VECTOR('',#3677,1.0);
#3675=VECTOR('',#3678,1.0);
#3676=DIRECTION('',(0.5470139454666417,-0.8371234935569649,0));
#3677=DIRECTION('',(0.47772475391114927,0.5319408593014231,-0.6991551914319134));
#3678=DIRECTION('',(-0.6937544941293092,-0.19219532860534583,0.6940934069256596));
#3679=FACE_SURFACE('',(#3684),#3680,.T.);
#3680=PLANE('',#3681);
#3681=AXIS2_PLACEMENT_3D('',#224,#3682,#3683);
#3682=DIRECTION('',(0.5436396031528552,0.4461575863477758,0.7109144744820809));
#3683=DIRECTION('',(-0.47772475391114927,-0.5319408593014231,0.6991551914319134));
#3684=FACE_BOUND('',#3685,.T.);
#3685=EDGE_LOOP('',(#3686,#3687,#3688));
#3686=ORIENTED_EDGE('',*,*,#3689,.T.);
#3687=ORIENTED_EDGE('',*,*,#3690,.T.);
#3688=ORIENTED_EDGE('',*,*,#3691,.T.);
#3689=EDGE_CURVE('',#225,#139,#3692,.F.);
#3690=EDGE_CURVE('',#139,#227,#3693,.T.);
#3691=EDGE_CURVE('',#227,#225,#3694,.T.);
#3692=LINE('',#224,#3695);
#3693=LINE('',#138,#3696);
#3694=LINE('',#226,#3697);
#3695=VECTOR('',#3698,1.0);
#3696=VECTOR('',#3699,1.0);
#3697=VECTOR('',#3700,1.0);
#3698=DIRECTION('',(-0.47772475391114927,-0.5319408593014231,0.6991551914319134));
#3699=DIRECTION('',(0.6805208621661768,0.26146723653183235,-0.6844897664516324));
#3700=DIRECTION('',(-0.6343967628089359,0.7730075984992274,0));
#3701=FACE_SURFACE('',(#3706),#3702,.T.);
#3702=PLANE('',#3703);
#3703=AXIS2_PLACEMENT_3D('',#138,#3704,#3705);
#3704=DIRECTION('',(0.5228059435995656,0.4812568364604949,0.7036091263599444));
#3705=DIRECTION('',(0.6772663831815543,-0.7357378923313493,0));
#3706=FACE_BOUND('',#3707,.T.);
#3707=EDGE_LOOP('',(#3708,#3709,#3710));
#3708=ORIENTED_EDGE('',*,*,#3711,.T.);
#3709=ORIENTED_EDGE('',*,*,#3712,.T.);
#3710=ORIENTED_EDGE('',*,*,#3713,.T.);
#3711=EDGE_CURVE('',#139,#143,#3714,.F.);
#3712=EDGE_CURVE('',#143,#227,#3715,.T.);
#3713=EDGE_CURVE('',#227,#139,#3716,.T.);
#3714=LINE('',#138,#3717);
#3715=LINE('',#142,#3718);
#3716=LINE('',#226,#3719);
#3717=VECTOR('',#3720,1.0);
#3718=VECTOR('',#3721,1.0);
#3719=VECTOR('',#3722,1.0);
#3720=DIRECTION('',(0.6772663831815543,-0.7357378923313493,0));
#3721=DIRECTION('',(0.42460463223708733,0.5687014700886862,-0.7044782070453103));
#3722=DIRECTION('',(-0.6805208621661768,-0.26146723653183235,0.6844897664516324));
#3723=FACE_SURFACE('',(#3728),#3724,.T.);
#3724=PLANE('',#3725);
#3725=AXIS2_PLACEMENT_3D('',#144,#3726,#3727);
#3726=DIRECTION('',(0.3367407932728992,0.6222327381408713,0.7067050712508384));
#3727=DIRECTION('',(0.8794706304463946,-0.4759531596514736,0));
#3728=FACE_BOUND('',#3729,.T.);
#3729=EDGE_LOOP('',(#3730,#3731,#3732));
#3730=ORIENTED_EDGE('',*,*,#3733,.T.);
#3731=ORIENTED_EDGE('',*,*,#3734,.T.);
#3732=ORIENTED_EDGE('',*,*,#3735,.T.);
#3733=EDGE_CURVE('',#145,#141,#3736,.F.);
#3734=EDGE_CURVE('',#141,#229,#3737,.T.);
#3735=EDGE_CURVE('',#229,#145,#3738,.T.);
#3736=LINE('',#144,#3739);
#3737=LINE('',#140,#3740);
#3738=LINE('',#228,#3741);
#3739=VECTOR('',#3742,1.0);
#3740=VECTOR('',#3743,1.0);
#3741=VECTOR('',#3744,1.0);
#3742=DIRECTION('',(0.8794706304463946,-0.4759531596514736,0));
#3743=DIRECTION('',(0.011303948809026115,0.7478129360408504,-0.6638132519250318));
#3744=DIRECTION('',(-0.37141813193944456,-0.6019040527442224,0.7069371135799093));
#3745=FACE_SURFACE('',(#3750),#3746,.T.);
#3746=PLANE('',#3747);
#3747=AXIS2_PLACEMENT_3D('',#228,#3748,#3749);
#3748=DIRECTION('',(0.33309928302326197,0.623122917399833,0.7076458842249487));
#3749=DIRECTION('',(-0.011303948809026115,-0.7478129360408504,0.6638132519250318));
#3750=FACE_BOUND('',#3751,.T.);
#3751=EDGE_LOOP('',(#3752,#3753,#3754));
#3752=ORIENTED_EDGE('',*,*,#3755,.T.);
#3753=ORIENTED_EDGE('',*,*,#3756,.T.);
#3754=ORIENTED_EDGE('',*,*,#3757,.T.);
#3755=EDGE_CURVE('',#229,#141,#3758,.F.);
#3756=EDGE_CURVE('',#141,#185,#3759,.T.);
#3757=EDGE_CURVE('',#185,#229,#3760,.T.);
#3758=LINE('',#228,#3761);
#3759=LINE('',#140,#3762);
#3760=LINE('',#184,#3763);
#3761=VECTOR('',#3764,1.0);
#3762=VECTOR('',#3765,1.0);
#3763=VECTOR('',#3766,1.0);
#3764=DIRECTION('',(-0.011303948809026115,-0.7478129360408504,0.6638132519250318));
#3765=DIRECTION('',(0.3173496966815023,0.6326297214281252,-0.7064480204388226));
#3766=DIRECTION('',(-0.8819017617466565,0.4714332218121073,0));
#3767=FACE_SURFACE('',(#3772),#3768,.T.);
#3768=PLANE('',#3769);
#3769=AXIS2_PLACEMENT_3D('',#226,#3770,#3771);
#3770=DIRECTION('',(0.447142418174805,0.5448663537886654,0.7093548578658164));
#3771=DIRECTION('',(-0.42460463223708733,-0.5687014700886862,0.7044782070453103));
#3772=FACE_BOUND('',#3773,.T.);
#3773=EDGE_LOOP('',(#3774,#3775,#3776));
#3774=ORIENTED_EDGE('',*,*,#3777,.T.);
#3775=ORIENTED_EDGE('',*,*,#3778,.T.);
#3776=ORIENTED_EDGE('',*,*,#3779,.T.);
#3777=EDGE_CURVE('',#227,#143,#3780,.F.);
#3778=EDGE_CURVE('',#143,#229,#3781,.T.);
#3779=EDGE_CURVE('',#229,#227,#3782,.T.);
#3780=LINE('',#226,#3783);
#3781=LINE('',#142,#3784);
#3782=LINE('',#228,#3785);
#3783=VECTOR('',#3786,1.0);
#3784=VECTOR('',#3787,1.0);
#3785=VECTOR('',#3788,1.0);
#3786=DIRECTION('',(-0.42460463223708733,-0.5687014700886862,0.7044782070453103));
#3787=DIRECTION('',(0.6602951676468803,0.3339043931655425,-0.6726946913770978));
#3788=DIRECTION('',(-0.7730228667384983,0.63437815811974,0));
#3789=FACE_SURFACE('',(#3794),#3790,.T.);
#3790=PLANE('',#3791);
#3791=AXIS2_PLACEMENT_3D('',#142,#3792,#3793);
#3792=DIRECTION('',(0.43548924996425437,0.5595163787413017,0.7051882976097885));
#3793=DIRECTION('',(0.7891403917788838,-0.6142128638046176,0));
#3794=FACE_BOUND('',#3795,.T.);
#3795=EDGE_LOOP('',(#3796,#3797,#3798));
#3796=ORIENTED_EDGE('',*,*,#3799,.T.);
#3797=ORIENTED_EDGE('',*,*,#3800,.T.);
#3798=ORIENTED_EDGE('',*,*,#3801,.T.);
#3799=EDGE_CURVE('',#143,#145,#3802,.F.);
#3800=EDGE_CURVE('',#145,#229,#3803,.T.);
#3801=EDGE_CURVE('',#229,#143,#3804,.T.);
#3802=LINE('',#142,#3805);
#3803=LINE('',#144,#3806);
#3804=LINE('',#228,#3807);
#3805=VECTOR('',#3808,1.0);
#3806=VECTOR('',#3809,1.0);
#3807=VECTOR('',#3810,1.0);
#3808=DIRECTION('',(0.7891403917788838,-0.6142128638046176,0));
#3809=DIRECTION('',(0.37141813193944456,0.6019040527442224,-0.7069371135799093));
#3810=DIRECTION('',(-0.6602951676468803,-0.3339043931655425,0.6726946913770978));
#3811=FACE_SURFACE('',(#3816),#3812,.T.);
#3812=PLANE('',#3813);
#3813=AXIS2_PLACEMENT_3D('',#230,#3814,#3815);
#3814=DIRECTION('',(0,0,-1));
#3815=DIRECTION('',(0.998867239084521,-0.04758401710308261,0));
#3816=FACE_BOUND('',#3817,.T.);
#3817=EDGE_LOOP('',(#3818,#3819,#3820));
#3818=ORIENTED_EDGE('',*,*,#3821,.T.);
#3819=ORIENTED_EDGE('',*,*,#3822,.T.);
#3820=ORIENTED_EDGE('',*,*,#3823,.T.);
#3821=EDGE_CURVE('',#231,#151,#3824,.F.);
#3822=EDGE_CURVE('',#151,#147,#3825,.T.);
#3823=EDGE_CURVE('',#147,#231,#3826,.T.);
#3824=LINE('',#230,#3827);
#3825=LINE('',#150,#3828);
#3826=LINE('',#146,#3829);
#3827=VECTOR('',#3830,1.0);
#3828=VECTOR('',#3831,1.0);
#3829=VECTOR('',#3832,1.0);
#3830=DIRECTION('',(0.998867239084521,-0.04758401710308261,0));
#3831=DIRECTION('',(-1,0,0));
#3832=DIRECTION('',(-0.8412539731477446,0.540640132309038,0));
#3833=FACE_SURFACE('',(#3838),#3834,.T.);
#3834=PLANE('',#3835);
#3835=AXIS2_PLACEMENT_3D('',#146,#3836,#3837);
#3836=DIRECTION('',(-0.5406401216766281,-0.8412539566033624,-0.00019832465451331902));
#3837=DIRECTION('',(-0.008726004176323859,0.005372115854248641,0.9999474972329114));
#3838=FACE_BOUND('',#3839,.T.);
#3839=EDGE_LOOP('',(#3840,#3841,#3842));
#3840=ORIENTED_EDGE('',*,*,#3843,.T.);
#3841=ORIENTED_EDGE('',*,*,#3844,.T.);
#3842=ORIENTED_EDGE('',*,*,#3845,.T.);
#3843=EDGE_CURVE('',#147,#233,#3846,.F.);
#3844=EDGE_CURVE('',#233,#231,#3847,.T.);
#3845=EDGE_CURVE('',#231,#147,#3848,.T.);
#3846=LINE('',#146,#3849);
#3847=LINE('',#232,#3850);
#3848=LINE('',#230,#3851);
#3849=VECTOR('',#3852,1.0);
#3850=VECTOR('',#3853,1.0);
#3851=VECTOR('',#3854,1.0);
#3852=DIRECTION('',(-0.008726004176323859,0.005372115854248641,0.9999474972329114));
#3853=DIRECTION('',(-0.005814367388354249,0.003972403343111216,-0.9999752062644118));
#3854=DIRECTION('',(0.8412539731477446,-0.540640132309038,0));
#3855=FACE_SURFACE('',(#3860),#3856,.T.);
#3856=PLANE('',#3857);
#3857=AXIS2_PLACEMENT_3D('',#148,#3858,#3859);
#3858=DIRECTION('',(-0.5098487252218232,-0.8602640569218626,0.0001725051304478532));
#3859=DIRECTION('',(-0.8602640697217404,0.5098487328078677,0));
#3860=FACE_BOUND('',#3861,.T.);
#3861=EDGE_LOOP('',(#3862,#3863,#3864));
#3862=ORIENTED_EDGE('',*,*,#3865,.T.);
#3863=ORIENTED_EDGE('',*,*,#3866,.T.);
#3864=ORIENTED_EDGE('',*,*,#3867,.T.);
#3865=EDGE_CURVE('',#149,#233,#3868,.F.);
#3866=EDGE_CURVE('',#233,#147,#3869,.T.);
#3867=EDGE_CURVE('',#147,#149,#3870,.T.);
#3868=LINE('',#148,#3871);
#3869=LINE('',#232,#3872);
#3870=LINE('',#146,#3873);
#3871=VECTOR('',#3874,1.0);
#3872=VECTOR('',#3875,1.0);
#3873=VECTOR('',#3876,1.0);
#3874=DIRECTION('',(-0.8602640697217404,0.5098487328078677,0));
#3875=DIRECTION('',(0.008726004176323859,-0.005372115854248641,-0.9999474972329114));
#3876=DIRECTION('',(0.005341780640046182,-0.002965366410970949,0.9999813358166453));
#3877=FACE_SURFACE('',(#3882),#3878,.T.);
#3878=PLANE('',#3879);
#3879=AXIS2_PLACEMENT_3D('',#148,#3880,#3881);
#3880=DIRECTION('',(0,0,1));
#3881=DIRECTION('',(-0.8109212312307413,0.5851553270194321,0));
#3882=FACE_BOUND('',#3883,.T.);
#3883=EDGE_LOOP('',(#3884,#3885,#3886));
#3884=ORIENTED_EDGE('',*,*,#3887,.T.);
#3885=ORIENTED_EDGE('',*,*,#3888,.T.);
#3886=ORIENTED_EDGE('',*,*,#3889,.T.);
#3887=EDGE_CURVE('',#149,#235,#3890,.F.);
#3888=EDGE_CURVE('',#235,#237,#3891,.T.);
#3889=EDGE_CURVE('',#237,#149,#3892,.T.);
#3890=LINE('',#148,#3893);
#3891=LINE('',#234,#3894);
#3892=LINE('',#236,#3895);
#3893=VECTOR('',#3896,1.0);
#3894=VECTOR('',#3897,1.0);
#3895=VECTOR('',#3898,1.0);
#3896=DIRECTION('',(-0.8109212312307413,0.5851553270194321,0));
#3897=DIRECTION('',(0.7549786705558228,-0.6557493476975499,0));
#3898=DIRECTION('',(0.8364500250511919,-0.5480432059535639,0));
#3899=FACE_SURFACE('',(#3904),#3900,.T.);
#3900=PLANE('',#3901);
#3901=AXIS2_PLACEMENT_3D('',#148,#3902,#3903);
#3902=DIRECTION('',(0,0,1));
#3903=DIRECTION('',(-0.8364500250511919,0.5480432059535639,0));
#3904=FACE_BOUND('',#3905,.T.);
#3905=EDGE_LOOP('',(#3906,#3907,#3908));
#3906=ORIENTED_EDGE('',*,*,#3909,.T.);
#3907=ORIENTED_EDGE('',*,*,#3910,.T.);
#3908=ORIENTED_EDGE('',*,*,#3911,.T.);
#3909=EDGE_CURVE('',#149,#237,#3912,.F.);
#3910=EDGE_CURVE('',#237,#233,#3913,.T.);
#3911=EDGE_CURVE('',#233,#149,#3914,.T.);
#3912=LINE('',#148,#3915);
#3913=LINE('',#236,#3916);
#3914=LINE('',#232,#3917);
#3915=VECTOR('',#3918,1.0);
#3916=VECTOR('',#3919,1.0);
#3917=VECTOR('',#3920,1.0);
#3918=DIRECTION('',(-0.8364500250511919,0.5480432059535639,0));
#3919=DIRECTION('',(0.8109415874768205,-0.5851271158479789,0));
#3920=DIRECTION('',(0.8602640697217404,-0.5098487328078677,0));
#3921=FACE_SURFACE('',(#3926),#3922,.T.);
#3922=PLANE('',#3923);
#3923=AXIS2_PLACEMENT_3D('',#148,#3924,#3925);
#3924=DIRECTION('',(0,0,1));
#3925=DIRECTION('',(-0.7837577287553005,0.6210666812962461,0));
#3926=FACE_BOUND('',#3927,.T.);
#3927=EDGE_LOOP('',(#3928,#3929,#3930));
#3928=ORIENTED_EDGE('',*,*,#3931,.T.);
#3929=ORIENTED_EDGE('',*,*,#3932,.T.);
#3930=ORIENTED_EDGE('',*,*,#3933,.T.);
#3931=EDGE_CURVE('',#149,#239,#3934,.F.);
#3932=EDGE_CURVE('',#239,#235,#3935,.T.);
#3933=EDGE_CURVE('',#235,#149,#3936,.T.);
#3934=LINE('',#148,#3937);
#3935=LINE('',#238,#3938);
#3936=LINE('',#234,#3939);
#3937=VECTOR('',#3940,1.0);
#3938=VECTOR('',#3941,1.0);
#3939=VECTOR('',#3942,1.0);
#3940=DIRECTION('',(-0.7837577287553005,0.6210666812962461,0));
#3941=DIRECTION('',(0.6929726001127982,-0.7209639210757415,0));
#3942=DIRECTION('',(0.8109212312307413,-0.5851553270194321,0));
#3943=FACE_SURFACE('',(#3948),#3944,.T.);
#3944=PLANE('',#3945);
#3945=AXIS2_PLACEMENT_3D('',#148,#3946,#3947);
#3946=DIRECTION('',(0,0,1));
#3947=DIRECTION('',(-0.7550044592102279,0.6557196554722691,0));
#3948=FACE_BOUND('',#3949,.T.);
#3949=EDGE_LOOP('',(#3950,#3951,#3952));
#3950=ORIENTED_EDGE('',*,*,#3953,.T.);
#3951=ORIENTED_EDGE('',*,*,#3954,.T.);
#3952=ORIENTED_EDGE('',*,*,#3955,.T.);
#3953=EDGE_CURVE('',#149,#241,#3956,.F.);
#3954=EDGE_CURVE('',#241,#239,#3957,.T.);
#3955=EDGE_CURVE('',#239,#149,#3958,.T.);
#3956=LINE('',#148,#3959);
#3957=LINE('',#240,#3960);
#3958=LINE('',#238,#3961);
#3959=VECTOR('',#3962,1.0);
#3960=VECTOR('',#3963,1.0);
#3961=VECTOR('',#3964,1.0);
#3962=DIRECTION('',(-0.7550044592102279,0.6557196554722691,0));
#3963=DIRECTION('',(0.6253095181776227,-0.7803768361993257,0));
#3964=DIRECTION('',(0.7837577287553005,-0.6210666812962461,0));
#3965=FACE_SURFACE('',(#3970),#3966,.T.);
#3966=PLANE('',#3967);
#3967=AXIS2_PLACEMENT_3D('',#148,#3968,#3969);
#3968=DIRECTION('',(0,0,1));
#3969=DIRECTION('',(-0.7247180961275644,0.6890454855415846,0));
#3970=FACE_BOUND('',#3971,.T.);
#3971=EDGE_LOOP('',(#3972,#3973,#3974));
#3972=ORIENTED_EDGE('',*,*,#3975,.T.);
#3973=ORIENTED_EDGE('',*,*,#3976,.T.);
#3974=ORIENTED_EDGE('',*,*,#3977,.T.);
#3975=EDGE_CURVE('',#149,#243,#3978,.F.);
#3976=EDGE_CURVE('',#243,#241,#3979,.T.);
#3977=EDGE_CURVE('',#241,#149,#3980,.T.);
#3978=LINE('',#148,#3981);
#3979=LINE('',#242,#3982);
#3980=LINE('',#240,#3983);
#3981=VECTOR('',#3984,1.0);
#3982=VECTOR('',#3985,1.0);
#3983=VECTOR('',#3986,1.0);
#3984=DIRECTION('',(-0.7247180961275644,0.6890454855415846,0));
#3985=DIRECTION('',(0.552570901802862,-0.8334658952115388,0));
#3986=DIRECTION('',(0.7550044592102279,-0.6557196554722691,0));
#3987=FACE_SURFACE('',(#3992),#3988,.T.);
#3988=PLANE('',#3989);
#3989=AXIS2_PLACEMENT_3D('',#148,#3990,#3991);
#3990=DIRECTION('',(0,0,1));
#3991=DIRECTION('',(-0.6929682794782276,0.7209680739373867,0));
#3992=FACE_BOUND('',#3993,.T.);
#3993=EDGE_LOOP('',(#3994,#3995,#3996));
#3994=ORIENTED_EDGE('',*,*,#3997,.T.);
#3995=ORIENTED_EDGE('',*,*,#3998,.T.);
#3996=ORIENTED_EDGE('',*,*,#3999,.T.);
#3997=EDGE_CURVE('',#149,#245,#4000,.F.);
#3998=EDGE_CURVE('',#245,#243,#4001,.T.);
#3999=EDGE_CURVE('',#243,#149,#4002,.T.);
#4000=LINE('',#148,#4003);
#4001=LINE('',#244,#4004);
#4002=LINE('',#242,#4005);
#4003=VECTOR('',#4006,1.0);
#4004=VECTOR('',#4007,1.0);
#4005=VECTOR('',#4008,1.0);
#4006=DIRECTION('',(-0.6929682794782276,0.7209680739373867,0));
#4007=DIRECTION('',(0.4754222903964016,-0.8797577199401206,0));
#4008=DIRECTION('',(0.7247180961275644,-0.6890454855415846,0));
#4009=FACE_SURFACE('',(#4014),#4010,.T.);
#4010=PLANE('',#4011);
#4011=AXIS2_PLACEMENT_3D('',#148,#4012,#4013);
#4012=DIRECTION('',(0,0,1));
#4013=DIRECTION('',(-0.6598053248799252,0.7514365796659731,0));
#4014=FACE_BOUND('',#4015,.T.);
#4015=EDGE_LOOP('',(#4016,#4017,#4018));
#4016=ORIENTED_EDGE('',*,*,#4019,.T.);
#4017=ORIENTED_EDGE('',*,*,#4020,.T.);
#4018=ORIENTED_EDGE('',*,*,#4021,.T.);
#4019=EDGE_CURVE('',#149,#247,#4022,.F.);
#4020=EDGE_CURVE('',#247,#245,#4023,.T.);
#4021=EDGE_CURVE('',#245,#149,#4024,.T.);
#4022=LINE('',#148,#4025);
#4023=LINE('',#246,#4026);
#4024=LINE('',#244,#4027);
#4025=VECTOR('',#4028,1.0);
#4026=VECTOR('',#4029,1.0);
#4027=VECTOR('',#4030,1.0);
#4028=DIRECTION('',(-0.6598053248799252,0.7514365796659731,0));
#4029=DIRECTION('',(0.3942830918814622,-0.9189890333711249,0));
#4030=DIRECTION('',(0.6929682794782276,-0.7209680739373867,0));
#4031=FACE_SURFACE('',(#4036),#4032,.T.);
#4032=PLANE('',#4033);
#4033=AXIS2_PLACEMENT_3D('',#148,#4034,#4035);
#4034=DIRECTION('',(0,0,1));
#4035=DIRECTION('',(-0.6253086853926305,0.7803775035023373,0));
#4036=FACE_BOUND('',#4037,.T.);
#4037=EDGE_LOOP('',(#4038,#4039,#4040));
#4038=ORIENTED_EDGE('',*,*,#4041,.T.);
#4039=ORIENTED_EDGE('',*,*,#4042,.T.);
#4040=ORIENTED_EDGE('',*,*,#4043,.T.);
#4041=EDGE_CURVE('',#149,#249,#4044,.F.);
#4042=EDGE_CURVE('',#249,#247,#4045,.T.);
#4043=EDGE_CURVE('',#247,#149,#4046,.T.);
#4044=LINE('',#148,#4047);
#4045=LINE('',#248,#4048);
#4046=LINE('',#246,#4049);
#4047=VECTOR('',#4050,1.0);
#4048=VECTOR('',#4051,1.0);
#4049=VECTOR('',#4052,1.0);
#4050=DIRECTION('',(-0.6253086853926305,0.7803775035023373,0));
#4051=DIRECTION('',(0.31006761135367183,-0.9507145083511812,0));
#4052=DIRECTION('',(0.6598053248799252,-0.7514365796659731,0));
#4053=FACE_SURFACE('',(#4058),#4054,.T.);
#4054=PLANE('',#4055);
#4055=AXIS2_PLACEMENT_3D('',#148,#4056,#4057);
#4056=DIRECTION('',(0,-0,1));
#4057=DIRECTION('',(0,1,0));
#4058=FACE_BOUND('',#4059,.T.);
#4059=EDGE_LOOP('',(#4060,#4061,#4062));
#4060=ORIENTED_EDGE('',*,*,#4063,.T.);
#4061=ORIENTED_EDGE('',*,*,#4064,.T.);
#4062=ORIENTED_EDGE('',*,*,#4065,.T.);
#4063=EDGE_CURVE('',#149,#191,#4066,.F.);
#4064=EDGE_CURVE('',#191,#251,#4067,.T.);
#4065=EDGE_CURVE('',#251,#149,#4068,.T.);
#4066=LINE('',#148,#4069);
#4067=LINE('',#190,#4070);
#4068=LINE('',#250,#4071);
#4069=VECTOR('',#4072,1.0);
#4070=VECTOR('',#4073,1.0);
#4071=VECTOR('',#4074,1.0);
#4072=DIRECTION('',(0,1,0));
#4073=DIRECTION('',(-0.8602780608642997,-0.5098251249159462,0));
#4074=DIRECTION('',(0.04501979721200146,-0.9989860949277474,0));
#4075=FACE_SURFACE('',(#4080),#4076,.T.);
#4076=PLANE('',#4077);
#4077=AXIS2_PLACEMENT_3D('',#148,#4078,#4079);
#4078=DIRECTION('',(0,0,1));
#4079=DIRECTION('',(-0.5895389782881882,0.8077399291101803,0));
#4080=FACE_BOUND('',#4081,.T.);
#4081=EDGE_LOOP('',(#4082,#4083,#4084));
#4082=ORIENTED_EDGE('',*,*,#4085,.T.);
#4083=ORIENTED_EDGE('',*,*,#4086,.T.);
#4084=ORIENTED_EDGE('',*,*,#4087,.T.);
#4085=EDGE_CURVE('',#149,#253,#4088,.F.);
#4086=EDGE_CURVE('',#253,#249,#4089,.T.);
#4087=EDGE_CURVE('',#249,#149,#4090,.T.);
#4088=LINE('',#148,#4091);
#4089=LINE('',#252,#4092);
#4090=LINE('',#248,#4093);
#4091=VECTOR('',#4094,1.0);
#4092=VECTOR('',#4095,1.0);
#4093=VECTOR('',#4096,1.0);
#4094=DIRECTION('',(-0.5895389782881882,0.8077399291101803,0));
#4095=DIRECTION('',(0.22323534727884092,-0.9747645765646674,0));
#4096=DIRECTION('',(0.6253086853926305,-0.7803775035023373,0));
#4097=FACE_SURFACE('',(#4102),#4098,.T.);
#4098=PLANE('',#4099);
#4099=AXIS2_PLACEMENT_3D('',#148,#4100,#4101);
#4100=DIRECTION('',(0,0,1));
#4101=DIRECTION('',(-0.04501979721200146,0.9989860949277474,0));
#4102=FACE_BOUND('',#4103,.T.);
#4103=EDGE_LOOP('',(#4104,#4105,#4106));
#4104=ORIENTED_EDGE('',*,*,#4107,.T.);
#4105=ORIENTED_EDGE('',*,*,#4108,.T.);
#4106=ORIENTED_EDGE('',*,*,#4109,.T.);
#4107=EDGE_CURVE('',#149,#251,#4110,.F.);
#4108=EDGE_CURVE('',#251,#255,#4111,.T.);
#4109=EDGE_CURVE('',#255,#149,#4112,.T.);
#4110=LINE('',#148,#4113);
#4111=LINE('',#250,#4114);
#4112=LINE('',#254,#4115);
#4113=VECTOR('',#4116,1.0);
#4114=VECTOR('',#4117,1.0);
#4115=VECTOR('',#4118,1.0);
#4116=DIRECTION('',(-0.04501979721200146,0.9989860949277474,0));
#4117=DIRECTION('',(-0.810934019330854,-0.5851376045785351,0));
#4118=DIRECTION('',(0.08994987083219512,-0.9959462941028855,0));
#4119=FACE_SURFACE('',(#4124),#4120,.T.);
#4120=PLANE('',#4121);
#4121=AXIS2_PLACEMENT_3D('',#148,#4122,#4123);
#4122=DIRECTION('',(0,0,1));
#4123=DIRECTION('',(-0.5525762128769426,0.8334623740533078,0));
#4124=FACE_BOUND('',#4125,.T.);
#4125=EDGE_LOOP('',(#4126,#4127,#4128));
#4126=ORIENTED_EDGE('',*,*,#4129,.T.);
#4127=ORIENTED_EDGE('',*,*,#4130,.T.);
#4128=ORIENTED_EDGE('',*,*,#4131,.T.);
#4129=EDGE_CURVE('',#149,#257,#4132,.F.);
#4130=EDGE_CURVE('',#257,#253,#4133,.T.);
#4131=EDGE_CURVE('',#253,#149,#4134,.T.);
#4132=LINE('',#148,#4135);
#4133=LINE('',#256,#4136);
#4134=LINE('',#252,#4137);
#4135=VECTOR('',#4138,1.0);
#4136=VECTOR('',#4139,1.0);
#4137=VECTOR('',#4140,1.0);
#4138=DIRECTION('',(-0.5525762128769426,0.8334623740533078,0));
#4139=DIRECTION('',(0.13468115278856138,-0.9908889882744404,0));
#4140=DIRECTION('',(0.5895389782881882,-0.8077399291101803,0));
#4141=FACE_SURFACE('',(#4146),#4142,.T.);
#4142=PLANE('',#4143);
#4143=AXIS2_PLACEMENT_3D('',#148,#4144,#4145);
#4144=DIRECTION('',(0,0,1));
#4145=DIRECTION('',(-0.08994987083219512,0.9959462941028855,0));
#4146=FACE_BOUND('',#4147,.T.);
#4147=EDGE_LOOP('',(#4148,#4149,#4150));
#4148=ORIENTED_EDGE('',*,*,#4151,.T.);
#4149=ORIENTED_EDGE('',*,*,#4152,.T.);
#4150=ORIENTED_EDGE('',*,*,#4153,.T.);
#4151=EDGE_CURVE('',#149,#255,#4154,.F.);
#4152=EDGE_CURVE('',#255,#259,#4155,.T.);
#4153=EDGE_CURVE('',#259,#149,#4156,.T.);
#4154=LINE('',#148,#4157);
#4155=LINE('',#254,#4158);
#4156=LINE('',#258,#4159);
#4157=VECTOR('',#4160,1.0);
#4158=VECTOR('',#4161,1.0);
#4159=VECTOR('',#4162,1.0);
#4160=DIRECTION('',(-0.08994987083219512,0.9959462941028855,0));
#4161=DIRECTION('',(-0.7549786705558228,-0.6557493476975499,0));
#4162=DIRECTION('',(0.13469236431329262,-0.9908874643448141,0));
#4163=FACE_SURFACE('',(#4168),#4164,.T.);
#4164=PLANE('',#4165);
#4165=AXIS2_PLACEMENT_3D('',#148,#4166,#4167);
#4166=DIRECTION('',(0,0,1));
#4167=DIRECTION('',(-0.5144957554275265,0.8574929257125441,0));
#4168=FACE_BOUND('',#4169,.T.);
#4169=EDGE_LOOP('',(#4170,#4171,#4172));
#4170=ORIENTED_EDGE('',*,*,#4173,.T.);
#4171=ORIENTED_EDGE('',*,*,#4174,.T.);
#4172=ORIENTED_EDGE('',*,*,#4175,.T.);
#4173=EDGE_CURVE('',#149,#261,#4176,.F.);
#4174=EDGE_CURVE('',#261,#257,#4177,.T.);
#4175=EDGE_CURVE('',#257,#149,#4178,.T.);
#4176=LINE('',#148,#4179);
#4177=LINE('',#260,#4180);
#4178=LINE('',#256,#4181);
#4179=VECTOR('',#4182,1.0);
#4180=VECTOR('',#4183,1.0);
#4181=VECTOR('',#4184,1.0);
#4182=DIRECTION('',(-0.5144957554275265,0.8574929257125441,0));
#4183=DIRECTION('',(0.04504300959876389,-0.9989850485799503,0));
#4184=DIRECTION('',(0.5525762128769426,-0.8334623740533078,0));
#4185=FACE_SURFACE('',(#4190),#4186,.T.);
#4186=PLANE('',#4187);
#4187=AXIS2_PLACEMENT_3D('',#148,#4188,#4189);
#4188=DIRECTION('',(0,0,1));
#4189=DIRECTION('',(-0.13469236431329262,0.9908874643448141,0));
#4190=FACE_BOUND('',#4191,.T.);
#4191=EDGE_LOOP('',(#4192,#4193,#4194));
#4192=ORIENTED_EDGE('',*,*,#4195,.T.);
#4193=ORIENTED_EDGE('',*,*,#4196,.T.);
#4194=ORIENTED_EDGE('',*,*,#4197,.T.);
#4195=EDGE_CURVE('',#149,#259,#4198,.F.);
#4196=EDGE_CURVE('',#259,#263,#4199,.T.);
#4197=EDGE_CURVE('',#263,#149,#4200,.T.);
#4198=LINE('',#148,#4201);
#4199=LINE('',#258,#4202);
#4200=LINE('',#262,#4203);
#4201=VECTOR('',#4204,1.0);
#4202=VECTOR('',#4205,1.0);
#4203=VECTOR('',#4206,1.0);
#4204=DIRECTION('',(-0.13469236431329262,0.9908874643448141,0));
#4205=DIRECTION('',(-0.692980568649101,-0.7209562618319982,0));
#4206=DIRECTION('',(0.17916664446686867,-0.9838187401704049,0));
#4207=FACE_SURFACE('',(#4212),#4208,.T.);
#4208=PLANE('',#4209);
#4209=AXIS2_PLACEMENT_3D('',#148,#4210,#4211);
#4210=DIRECTION('',(0,0,1));
#4211=DIRECTION('',(-0.4753684100568033,0.8797868348185638,0));
#4212=FACE_BOUND('',#4213,.T.);
#4213=EDGE_LOOP('',(#4214,#4215,#4216));
#4214=ORIENTED_EDGE('',*,*,#4217,.T.);
#4215=ORIENTED_EDGE('',*,*,#4218,.T.);
#4216=ORIENTED_EDGE('',*,*,#4219,.T.);
#4217=EDGE_CURVE('',#149,#265,#4220,.F.);
#4218=EDGE_CURVE('',#265,#261,#4221,.T.);
#4219=EDGE_CURVE('',#261,#149,#4222,.T.);
#4220=LINE('',#148,#4223);
#4221=LINE('',#264,#4224);
#4222=LINE('',#260,#4225);
#4223=VECTOR('',#4226,1.0);
#4224=VECTOR('',#4227,1.0);
#4225=VECTOR('',#4228,1.0);
#4226=DIRECTION('',(-0.4753684100568033,0.8797868348185638,0));
#4227=DIRECTION('',(-0.04504229190002281,-0.9989850809398472,0));
#4228=DIRECTION('',(0.5144957554275265,-0.8574929257125441,0));
#4229=FACE_SURFACE('',(#4234),#4230,.T.);
#4230=PLANE('',#4231);
#4231=AXIS2_PLACEMENT_3D('',#148,#4232,#4233);
#4232=DIRECTION('',(0,0,1));
#4233=DIRECTION('',(-0.17916664446686867,0.9838187401704049,0));
#4234=FACE_BOUND('',#4235,.T.);
#4235=EDGE_LOOP('',(#4236,#4237,#4238));
#4236=ORIENTED_EDGE('',*,*,#4239,.T.);
#4237=ORIENTED_EDGE('',*,*,#4240,.T.);
#4238=ORIENTED_EDGE('',*,*,#4241,.T.);
#4239=EDGE_CURVE('',#149,#263,#4242,.F.);
#4240=EDGE_CURVE('',#263,#267,#4243,.T.);
#4241=EDGE_CURVE('',#267,#149,#4244,.T.);
#4242=LINE('',#148,#4245);
#4243=LINE('',#262,#4246);
#4244=LINE('',#266,#4247);
#4245=VECTOR('',#4248,1.0);
#4246=VECTOR('',#4249,1.0);
#4247=VECTOR('',#4250,1.0);
#4248=DIRECTION('',(-0.17916664446686867,0.9838187401704049,0));
#4249=DIRECTION('',(-0.625301734938064,-0.7803830727812126,0));
#4250=DIRECTION('',(0.22327587326257767,-0.9747552946349322,0));
#4251=FACE_SURFACE('',(#4256),#4252,.T.);
#4252=PLANE('',#4253);
#4253=AXIS2_PLACEMENT_3D('',#148,#4254,#4255);
#4254=DIRECTION('',(0,0,1));
#4255=DIRECTION('',(-0.43527953621760335,0.9002953545088346,0));
#4256=FACE_BOUND('',#4257,.T.);
#4257=EDGE_LOOP('',(#4258,#4259,#4260));
#4258=ORIENTED_EDGE('',*,*,#4261,.T.);
#4259=ORIENTED_EDGE('',*,*,#4262,.T.);
#4260=ORIENTED_EDGE('',*,*,#4263,.T.);
#4261=EDGE_CURVE('',#149,#269,#4264,.F.);
#4262=EDGE_CURVE('',#269,#265,#4265,.T.);
#4263=EDGE_CURVE('',#265,#149,#4266,.T.);
#4264=LINE('',#148,#4267);
#4265=LINE('',#268,#4268);
#4266=LINE('',#264,#4269);
#4267=VECTOR('',#4270,1.0);
#4268=VECTOR('',#4271,1.0);
#4269=VECTOR('',#4272,1.0);
#4270=DIRECTION('',(-0.43527953621760335,0.9002953545088346,0));
#4271=DIRECTION('',(-0.13468115278856138,-0.9908889882744404,0));
#4272=DIRECTION('',(0.4753684100568033,-0.8797868348185638,0));
#4273=FACE_SURFACE('',(#4278),#4274,.T.);
#4274=PLANE('',#4275);
#4275=AXIS2_PLACEMENT_3D('',#148,#4276,#4277);
#4276=DIRECTION('',(0,0,1));
#4277=DIRECTION('',(-0.22327587326257767,0.9747552946349322,0));
#4278=FACE_BOUND('',#4279,.T.);
#4279=EDGE_LOOP('',(#4280,#4281,#4282));
#4280=ORIENTED_EDGE('',*,*,#4283,.T.);
#4281=ORIENTED_EDGE('',*,*,#4284,.T.);
#4282=ORIENTED_EDGE('',*,*,#4285,.T.);
#4283=EDGE_CURVE('',#149,#267,#4286,.F.);
#4284=EDGE_CURVE('',#267,#271,#4287,.T.);
#4285=EDGE_CURVE('',#271,#149,#4288,.T.);
#4286=LINE('',#148,#4289);
#4287=LINE('',#266,#4290);
#4288=LINE('',#270,#4291);
#4289=VECTOR('',#4292,1.0);
#4290=VECTOR('',#4293,1.0);
#4291=VECTOR('',#4294,1.0);
#4292=DIRECTION('',(-0.22327587326257767,0.9747552946349322,0));
#4293=DIRECTION('',(-0.552570901802862,-0.8334658952115388,0));
#4294=DIRECTION('',(0.2669321450380668,-0.9637153261961628,0));
#4295=FACE_SURFACE('',(#4300),#4296,.T.);
#4296=PLANE('',#4297);
#4297=AXIS2_PLACEMENT_3D('',#148,#4298,#4299);
#4298=DIRECTION('',(0,0,1));
#4299=DIRECTION('',(-0.39430953744841724,0.9189776867134563,0));
#4300=FACE_BOUND('',#4301,.T.);
#4301=EDGE_LOOP('',(#4302,#4303,#4304));
#4302=ORIENTED_EDGE('',*,*,#4305,.T.);
#4303=ORIENTED_EDGE('',*,*,#4306,.T.);
#4304=ORIENTED_EDGE('',*,*,#4307,.T.);
#4305=EDGE_CURVE('',#149,#273,#4308,.F.);
#4306=EDGE_CURVE('',#273,#269,#4309,.T.);
#4307=EDGE_CURVE('',#269,#149,#4310,.T.);
#4308=LINE('',#148,#4311);
#4309=LINE('',#272,#4312);
#4310=LINE('',#268,#4313);
#4311=VECTOR('',#4314,1.0);
#4312=VECTOR('',#4315,1.0);
#4313=VECTOR('',#4316,1.0);
#4314=DIRECTION('',(-0.39430953744841724,0.9189776867134563,0));
#4315=DIRECTION('',(-0.22323534727884092,-0.9747645765646674,0));
#4316=DIRECTION('',(0.43527953621760335,-0.9002953545088346,0));
#4317=FACE_SURFACE('',(#4322),#4318,.T.);
#4318=PLANE('',#4319);
#4319=AXIS2_PLACEMENT_3D('',#148,#4320,#4321);
#4320=DIRECTION('',(0,0,1));
#4321=DIRECTION('',(-0.2669321450380668,0.9637153261961628,0));
#4322=FACE_BOUND('',#4323,.T.);
#4323=EDGE_LOOP('',(#4324,#4325,#4326));
#4324=ORIENTED_EDGE('',*,*,#4327,.T.);
#4325=ORIENTED_EDGE('',*,*,#4328,.T.);
#4326=ORIENTED_EDGE('',*,*,#4329,.T.);
#4327=EDGE_CURVE('',#149,#271,#4330,.F.);
#4328=EDGE_CURVE('',#271,#275,#4331,.T.);
#4329=EDGE_CURVE('',#275,#149,#4332,.T.);
#4330=LINE('',#148,#4333);
#4331=LINE('',#270,#4334);
#4332=LINE('',#274,#4335);
#4333=VECTOR('',#4336,1.0);
#4334=VECTOR('',#4337,1.0);
#4335=VECTOR('',#4338,1.0);
#4336=DIRECTION('',(-0.2669321450380668,0.9637153261961628,0));
#4337=DIRECTION('',(-0.4754156195010957,-0.8797613248685063,0));
#4338=DIRECTION('',(0.3100516710219338,-0.9507197070096457,0));
#4339=FACE_SURFACE('',(#4344),#4340,.T.);
#4340=PLANE('',#4341);
#4341=AXIS2_PLACEMENT_3D('',#148,#4342,#4343);
#4342=DIRECTION('',(0,0,1));
#4343=DIRECTION('',(-0.352536806585969,0.9357979482784556,0));
#4344=FACE_BOUND('',#4345,.T.);
#4345=EDGE_LOOP('',(#4346,#4347,#4348));
#4346=ORIENTED_EDGE('',*,*,#4349,.T.);
#4347=ORIENTED_EDGE('',*,*,#4350,.T.);
#4348=ORIENTED_EDGE('',*,*,#4351,.T.);
#4349=EDGE_CURVE('',#149,#277,#4352,.F.);
#4350=EDGE_CURVE('',#277,#273,#4353,.T.);
#4351=EDGE_CURVE('',#273,#149,#4354,.T.);
#4352=LINE('',#148,#4355);
#4353=LINE('',#276,#4356);
#4354=LINE('',#272,#4357);
#4355=VECTOR('',#4358,1.0);
#4356=VECTOR('',#4359,1.0);
#4357=VECTOR('',#4360,1.0);
#4358=DIRECTION('',(-0.352536806585969,0.9357979482784556,0));
#4359=DIRECTION('',(-0.31006761135367183,-0.9507145083511812,0));
#4360=DIRECTION('',(0.39430953744841724,-0.9189776867134563,0));
#4361=FACE_SURFACE('',(#4366),#4362,.T.);
#4362=PLANE('',#4363);
#4363=AXIS2_PLACEMENT_3D('',#148,#4364,#4365);
#4364=DIRECTION('',(0,0,1));
#4365=DIRECTION('',(-0.3100516710219338,0.9507197070096457,0));
#4366=FACE_BOUND('',#4367,.T.);
#4367=EDGE_LOOP('',(#4368,#4369,#4370));
#4368=ORIENTED_EDGE('',*,*,#4371,.T.);
#4369=ORIENTED_EDGE('',*,*,#4372,.T.);
#4370=ORIENTED_EDGE('',*,*,#4373,.T.);
#4371=EDGE_CURVE('',#149,#275,#4374,.F.);
#4372=EDGE_CURVE('',#275,#277,#4375,.T.);
#4373=EDGE_CURVE('',#277,#149,#4376,.T.);
#4374=LINE('',#148,#4377);
#4375=LINE('',#274,#4378);
#4376=LINE('',#276,#4379);
#4377=VECTOR('',#4380,1.0);
#4378=VECTOR('',#4381,1.0);
#4379=VECTOR('',#4382,1.0);
#4380=DIRECTION('',(-0.3100516710219338,0.9507197070096457,0));
#4381=DIRECTION('',(-0.3942888712973757,-0.9189865537487703,0));
#4382=DIRECTION('',(0.352536806585969,-0.9357979482784556,0));
#4383=FACE_SURFACE('',(#4388),#4384,.T.);
#4384=PLANE('',#4385);
#4385=AXIS2_PLACEMENT_3D('',#230,#4386,#4387);
#4386=DIRECTION('',(0,0,-1));
#4387=DIRECTION('',(1,0,0));
#4388=FACE_BOUND('',#4389,.T.);
#4389=EDGE_LOOP('',(#4390,#4391,#4392));
#4390=ORIENTED_EDGE('',*,*,#4393,.T.);
#4391=ORIENTED_EDGE('',*,*,#4394,.T.);
#4392=ORIENTED_EDGE('',*,*,#4395,.T.);
#4393=EDGE_CURVE('',#231,#279,#4396,.F.);
#4394=EDGE_CURVE('',#279,#151,#4397,.T.);
#4395=EDGE_CURVE('',#151,#231,#4398,.T.);
#4396=LINE('',#230,#4399);
#4397=LINE('',#278,#4400);
#4398=LINE('',#150,#4401);
#4399=VECTOR('',#4402,1.0);
#4400=VECTOR('',#4403,1.0);
#4401=VECTOR('',#4404,1.0);
#4402=DIRECTION('',(1,0,0));
#4403=DIRECTION('',(-0.8412363287243669,-0.5406675866318867,0));
#4404=DIRECTION('',(-0.998867239084521,0.04758401710308261,0));
#4405=FACE_SURFACE('',(#4410),#4406,.T.);
#4406=PLANE('',#4407);
#4407=AXIS2_PLACEMENT_3D('',#278,#4408,#4409);
#4408=DIRECTION('',(0.5406675849510214,-0.8412363261090723,-7.88526514895516E-05));
#4409=DIRECTION('',(-0.007848603800839219,-0.0051380744149627814,0.9999559988367906));
#4410=FACE_BOUND('',#4411,.T.);
#4411=EDGE_LOOP('',(#4412,#4413,#4414));
#4412=ORIENTED_EDGE('',*,*,#4415,.T.);
#4413=ORIENTED_EDGE('',*,*,#4416,.T.);
#4414=ORIENTED_EDGE('',*,*,#4417,.T.);
#4415=EDGE_CURVE('',#279,#179,#4418,.F.);
#4416=EDGE_CURVE('',#179,#151,#4419,.T.);
#4417=EDGE_CURVE('',#151,#279,#4420,.T.);
#4418=LINE('',#278,#4421);
#4419=LINE('',#178,#4422);
#4420=LINE('',#150,#4423);
#4421=VECTOR('',#4424,1.0);
#4422=VECTOR('',#4425,1.0);
#4423=VECTOR('',#4426,1.0);
#4424=DIRECTION('',(-0.007848603800839219,-0.0051380744149627814,0.9999559988367906));
#4425=DIRECTION('',(-0.0017351142206329874,-0.001021434164167715,-0.9999979730233906));
#4426=DIRECTION('',(0.8412363287243669,0.5406675866318867,0));
#4427=FACE_SURFACE('',(#4432),#4428,.T.);
#4428=PLANE('',#4429);
#4429=AXIS2_PLACEMENT_3D('',#150,#4430,#4431);
#4430=DIRECTION('',(0.4737988782466294,-0.880633077382036,7.741369688423126E-05));
#4431=DIRECTION('',(0.0017351142206329874,0.001021434164167715,0.9999979730233906));
#4432=FACE_BOUND('',#4433,.T.);
#4433=EDGE_LOOP('',(#4434,#4435,#4436));
#4434=ORIENTED_EDGE('',*,*,#4437,.T.);
#4435=ORIENTED_EDGE('',*,*,#4438,.T.);
#4436=ORIENTED_EDGE('',*,*,#4439,.T.);
#4437=EDGE_CURVE('',#151,#179,#4440,.F.);
#4438=EDGE_CURVE('',#179,#153,#4441,.T.);
#4439=EDGE_CURVE('',#153,#151,#4442,.T.);
#4440=LINE('',#150,#4443);
#4441=LINE('',#178,#4444);
#4442=LINE('',#152,#4445);
#4443=VECTOR('',#4446,1.0);
#4444=VECTOR('',#4447,1.0);
#4445=VECTOR('',#4448,1.0);
#4446=DIRECTION('',(0.0017351142206329874,0.001021434164167715,0.9999979730233906));
#4447=DIRECTION('',(-0.8806330800208005,-0.4737988796663395,0));
#4448=DIRECTION('',(0.008136071994844488,0.004289472493267052,-0.9999577014845299));
#4449=FACE_SURFACE('',(#4454),#4450,.T.);
#4450=PLANE('',#4451);
#4451=AXIS2_PLACEMENT_3D('',#160,#4452,#4453);
#4452=DIRECTION('',(0,0,1));
#4453=DIRECTION('',(-1,0,0));
#4454=FACE_BOUND('',#4455,.T.);
#4455=EDGE_LOOP('',(#4456,#4457,#4458));
#4456=ORIENTED_EDGE('',*,*,#4459,.T.);
#4457=ORIENTED_EDGE('',*,*,#4460,.T.);
#4458=ORIENTED_EDGE('',*,*,#4461,.T.);
#4459=EDGE_CURVE('',#161,#157,#4462,.F.);
#4460=EDGE_CURVE('',#157,#155,#4463,.T.);
#4461=EDGE_CURVE('',#155,#161,#4464,.T.);
#4462=LINE('',#160,#4465);
#4463=LINE('',#156,#4466);
#4464=LINE('',#154,#4467);
#4465=VECTOR('',#4468,1.0);
#4466=VECTOR('',#4469,1.0);
#4467=VECTOR('',#4470,1.0);
#4468=DIRECTION('',(-1,0,0));
#4469=DIRECTION('',(0.995185270943311,-0.098011614094905,0));
#4470=DIRECTION('',(0.995185270943311,0.098011614094905,0));
#4471=FACE_SURFACE('',(#4476),#4472,.T.);
#4472=PLANE('',#4473);
#4473=AXIS2_PLACEMENT_3D('',#160,#4474,#4475);
#4474=DIRECTION('',(0,0,1));
#4475=DIRECTION('',(-0.9951843064316448,0.09802140700972552,0));
#4476=FACE_BOUND('',#4477,.T.);
#4477=EDGE_LOOP('',(#4478,#4479,#4480));
#4478=ORIENTED_EDGE('',*,*,#4481,.T.);
#4479=ORIENTED_EDGE('',*,*,#4482,.T.);
#4480=ORIENTED_EDGE('',*,*,#4483,.T.);
#4481=EDGE_CURVE('',#161,#187,#4484,.F.);
#4482=EDGE_CURVE('',#187,#157,#4485,.T.);
#4483=EDGE_CURVE('',#157,#161,#4486,.T.);
#4484=LINE('',#160,#4487);
#4485=LINE('',#186,#4488);
#4486=LINE('',#156,#4489);
#4487=VECTOR('',#4490,1.0);
#4488=VECTOR('',#4491,1.0);
#4489=VECTOR('',#4492,1.0);
#4490=DIRECTION('',(-0.9951843064316448,0.09802140700972552,0));
#4491=DIRECTION('',(0.9569374268819764,-0.290294266275623,0));
#4492=DIRECTION('',(1,0,0));
#4493=FACE_SURFACE('',(#4498),#4494,.T.);
#4494=PLANE('',#4495);
#4495=AXIS2_PLACEMENT_3D('',#158,#4496,#4497);
#4496=DIRECTION('',(-0.3335937367703825,0.62404788324974,0.7065970975025948));
#4497=DIRECTION('',(0.6311566120895211,-0.40891015256446794,0.6591159368012438));
#4498=FACE_BOUND('',#4499,.T.);
#4499=EDGE_LOOP('',(#4500,#4501,#4502));
#4500=ORIENTED_EDGE('',*,*,#4503,.T.);
#4501=ORIENTED_EDGE('',*,*,#4504,.T.);
#4502=ORIENTED_EDGE('',*,*,#4505,.T.);
#4503=EDGE_CURVE('',#159,#171,#4506,.F.);
#4504=EDGE_CURVE('',#171,#281,#4507,.T.);
#4505=EDGE_CURVE('',#281,#159,#4508,.T.);
#4506=LINE('',#158,#4509);
#4507=LINE('',#170,#4510);
#4508=LINE('',#280,#4511);
#4509=VECTOR('',#4512,1.0);
#4510=VECTOR('',#4513,1.0);
#4511=VECTOR('',#4514,1.0);
#4512=DIRECTION('',(0.6311566120895211,-0.40891015256446794,0.6591159368012438));
#4513=DIRECTION('',(-0.37141813193944456,0.6019040527442224,-0.7069371135799093));
#4514=DIRECTION('',(-0.8819017617466565,-0.4714332218121073,0));
#4515=FACE_SURFACE('',(#4520),#4516,.T.);
#4516=PLANE('',#4517);
#4517=AXIS2_PLACEMENT_3D('',#162,#4518,#4519);
#4518=DIRECTION('',(-0.33631758375562204,0.6214507276984085,0.7075941463154558));
#4519=DIRECTION('',(0.8794706304463946,0.4759531596514736,0));
#4520=FACE_BOUND('',#4521,.T.);
#4521=EDGE_LOOP('',(#4522,#4523,#4524));
#4522=ORIENTED_EDGE('',*,*,#4525,.T.);
#4523=ORIENTED_EDGE('',*,*,#4526,.T.);
#4524=ORIENTED_EDGE('',*,*,#4527,.T.);
#4525=EDGE_CURVE('',#163,#171,#4528,.F.);
#4526=EDGE_CURVE('',#171,#159,#4529,.T.);
#4527=EDGE_CURVE('',#159,#163,#4530,.T.);
#4528=LINE('',#162,#4531);
#4529=LINE('',#170,#4532);
#4530=LINE('',#158,#4533);
#4531=VECTOR('',#4534,1.0);
#4532=VECTOR('',#4535,1.0);
#4533=VECTOR('',#4536,1.0);
#4534=DIRECTION('',(0.8794706304463946,0.4759531596514736,0));
#4535=DIRECTION('',(-0.6311566120895211,0.40891015256446794,-0.6591159368012438));
#4536=DIRECTION('',(0.3173496966815023,-0.6326297214281252,0.7064480204388226));
#4537=FACE_SURFACE('',(#4542),#4538,.T.);
#4538=PLANE('',#4539);
#4539=AXIS2_PLACEMENT_3D('',#282,#4540,#4541);
#4540=DIRECTION('',(-0.47143322181210723,0.8819017617466565,0));
#4541=DIRECTION('',(0,0,1));
#4542=FACE_BOUND('',#4543,.T.);
#4543=EDGE_LOOP('',(#4544,#4545,#4546));
#4544=ORIENTED_EDGE('',*,*,#4547,.T.);
#4545=ORIENTED_EDGE('',*,*,#4548,.T.);
#4546=ORIENTED_EDGE('',*,*,#4549,.T.);
#4547=EDGE_CURVE('',#283,#159,#4550,.F.);
#4548=EDGE_CURVE('',#159,#281,#4551,.T.);
#4549=EDGE_CURVE('',#281,#283,#4552,.T.);
#4550=LINE('',#282,#4553);
#4551=LINE('',#158,#4554);
#4552=LINE('',#280,#4555);
#4553=VECTOR('',#4556,1.0);
#4554=VECTOR('',#4557,1.0);
#4555=VECTOR('',#4558,1.0);
#4556=DIRECTION('',(0,0,1));
#4557=DIRECTION('',(0.8819017617466565,0.4714332218121073,0));
#4558=DIRECTION('',(-0.018004161177942377,-0.009624382304590649,-0.9997915890051956));
#4559=FACE_SURFACE('',(#4564),#4560,.T.);
#4560=PLANE('',#4561);
#4561=AXIS2_PLACEMENT_3D('',#160,#4562,#4563);
#4562=DIRECTION('',(-0.29029426627562294,0.9569374268819764,0));
#4563=DIRECTION('',(0.019537349326876802,0.005926803914751409,0.9997915607648605));
#4564=FACE_BOUND('',#4565,.T.);
#4565=EDGE_LOOP('',(#4566,#4567,#4568));
#4566=ORIENTED_EDGE('',*,*,#4569,.T.);
#4567=ORIENTED_EDGE('',*,*,#4570,.T.);
#4568=ORIENTED_EDGE('',*,*,#4571,.T.);
#4569=EDGE_CURVE('',#161,#159,#4572,.F.);
#4570=EDGE_CURVE('',#159,#283,#4573,.T.);
#4571=EDGE_CURVE('',#283,#161,#4574,.T.);
#4572=LINE('',#160,#4575);
#4573=LINE('',#158,#4576);
#4574=LINE('',#282,#4577);
#4575=VECTOR('',#4578,1.0);
#4576=VECTOR('',#4579,1.0);
#4577=VECTOR('',#4580,1.0);
#4578=DIRECTION('',(0.019537349326876802,0.005926803914751409,0.9997915607648605));
#4579=DIRECTION('',(0,0,-1));
#4580=DIRECTION('',(-0.9569374268819764,-0.290294266275623,0));
#4581=FACE_SURFACE('',(#4586),#4582,.T.);
#4582=PLANE('',#4583);
#4583=AXIS2_PLACEMENT_3D('',#282,#4584,#4585);
#4584=DIRECTION('',(0,0,1));
#4585=DIRECTION('',(-1,0,0));
#4586=FACE_BOUND('',#4587,.T.);
#4587=EDGE_LOOP('',(#4588,#4589,#4590));
#4588=ORIENTED_EDGE('',*,*,#4591,.T.);
#4589=ORIENTED_EDGE('',*,*,#4592,.T.);
#4590=ORIENTED_EDGE('',*,*,#4593,.T.);
#4591=EDGE_CURVE('',#283,#187,#4594,.F.);
#4592=EDGE_CURVE('',#187,#161,#4595,.T.);
#4593=EDGE_CURVE('',#161,#283,#4596,.T.);
#4594=LINE('',#282,#4597);
#4595=LINE('',#186,#4598);
#4596=LINE('',#160,#4599);
#4597=VECTOR('',#4600,1.0);
#4598=VECTOR('',#4601,1.0);
#4599=VECTOR('',#4602,1.0);
#4600=DIRECTION('',(-1,0,0));
#4601=DIRECTION('',(0.9951843064316448,-0.09802140700972552,0));
#4602=DIRECTION('',(0.9569374268819764,0.290294266275623,0));
#4603=FACE_SURFACE('',(#4608),#4604,.T.);
#4604=PLANE('',#4605);
#4605=AXIS2_PLACEMENT_3D('',#284,#4606,#4607);
#4606=DIRECTION('',(0.9124733919224729,-0.40913605074333353,3.1869197841716096E-05));
#4607=DIRECTION('',(0.0002702739151938782,0.0006806707571581195,0.9999997318196296));
#4608=FACE_BOUND('',#4609,.T.);
#4609=EDGE_LOOP('',(#4610,#4611,#4612));
#4610=ORIENTED_EDGE('',*,*,#4613,.T.);
#4611=ORIENTED_EDGE('',*,*,#4614,.T.);
#4612=ORIENTED_EDGE('',*,*,#4615,.T.);
#4613=EDGE_CURVE('',#285,#167,#4616,.F.);
#4614=EDGE_CURVE('',#167,#165,#4617,.T.);
#4615=EDGE_CURVE('',#165,#285,#4618,.T.);
#4616=LINE('',#284,#4619);
#4617=LINE('',#166,#4620);
#4618=LINE('',#164,#4621);
#4619=VECTOR('',#4622,1.0);
#4620=VECTOR('',#4623,1.0);
#4621=VECTOR('',#4624,1.0);
#4622=DIRECTION('',(0.0002702739151938782,0.0006806707571581195,0.9999997318196296));
#4623=DIRECTION('',(-0.40913605095110217,-0.9124733923858477,0));
#4624=DIRECTION('',(0.004315894234854153,0.00954760939820847,-0.9999451065992236));
#4625=FACE_SURFACE('',(#4630),#4626,.T.);
#4626=PLANE('',#4627);
#4627=AXIS2_PLACEMENT_3D('',#286,#4628,#4629);
#4628=DIRECTION('',(0.8701995347643557,-0.49269947044733003,3.8946364216892014E-05));
#4629=DIRECTION('',(0.000416758188031804,0.0008151198718889367,0.9999995809460157));
#4630=FACE_BOUND('',#4631,.T.);
#4631=EDGE_LOOP('',(#4632,#4633,#4634));
#4632=ORIENTED_EDGE('',*,*,#4635,.T.);
#4633=ORIENTED_EDGE('',*,*,#4636,.T.);
#4634=ORIENTED_EDGE('',*,*,#4637,.T.);
#4635=EDGE_CURVE('',#287,#165,#4638,.F.);
#4636=EDGE_CURVE('',#165,#173,#4639,.T.);
#4637=EDGE_CURVE('',#173,#287,#4640,.T.);
#4638=LINE('',#286,#4641);
#4639=LINE('',#164,#4642);
#4640=LINE('',#172,#4643);
#4641=VECTOR('',#4644,1.0);
#4642=VECTOR('',#4645,1.0);
#4643=VECTOR('',#4646,1.0);
#4644=DIRECTION('',(0.000416758188031804,0.0008151198718889367,0.9999995809460157));
#4645=DIRECTION('',(-0.4926994708209981,-0.8701995354243235,0));
#4646=DIRECTION('',(0.005106050929076817,0.008939199464925192,-0.9999470080743459));
#4647=FACE_SURFACE('',(#4652),#4648,.T.);
#4648=PLANE('',#4649);
#4649=AXIS2_PLACEMENT_3D('',#284,#4650,#4651);
#4650=DIRECTION('',(0.9096270153933168,-0.4154259154513774,-4.0472604698231803E-05));
#4651=DIRECTION('',(-0.004315894234854153,-0.00954760939820847,0.9999451065992236));
#4652=FACE_BOUND('',#4653,.T.);
#4653=EDGE_LOOP('',(#4654,#4655,#4656));
#4654=ORIENTED_EDGE('',*,*,#4657,.T.);
#4655=ORIENTED_EDGE('',*,*,#4658,.T.);
#4656=ORIENTED_EDGE('',*,*,#4659,.T.);
#4657=EDGE_CURVE('',#285,#165,#4660,.F.);
#4658=EDGE_CURVE('',#165,#287,#4661,.T.);
#4659=EDGE_CURVE('',#287,#285,#4662,.T.);
#4660=LINE('',#284,#4663);
#4661=LINE('',#164,#4664);
#4662=LINE('',#286,#4665);
#4663=VECTOR('',#4666,1.0);
#4664=VECTOR('',#4667,1.0);
#4665=VECTOR('',#4668,1.0);
#4666=DIRECTION('',(-0.004315894234854153,-0.00954760939820847,0.9999451065992236));
#4667=DIRECTION('',(-0.000416758188031804,-0.0008151198718889367,-0.9999995809460157));
#4668=DIRECTION('',(0.4154259157916178,0.9096270161383158,0));
#4669=FACE_SURFACE('',(#4674),#4670,.T.);
#4670=PLANE('',#4671);
#4671=AXIS2_PLACEMENT_3D('',#166,#4672,#4673);
#4672=DIRECTION('',(0.6720859069043731,-0.22859783410332613,0.704303602137455));
#4673=DIRECTION('',(0.322014637396198,0.9467346900280961,0));
#4674=FACE_BOUND('',#4675,.T.);
#4675=EDGE_LOOP('',(#4676,#4677,#4678));
#4676=ORIENTED_EDGE('',*,*,#4679,.T.);
#4677=ORIENTED_EDGE('',*,*,#4680,.T.);
#4678=ORIENTED_EDGE('',*,*,#4681,.T.);
#4679=EDGE_CURVE('',#167,#289,#4682,.F.);
#4680=EDGE_CURVE('',#289,#169,#4683,.T.);
#4681=EDGE_CURVE('',#169,#167,#4684,.T.);
#4682=LINE('',#166,#4685);
#4683=LINE('',#288,#4686);
#4684=LINE('',#168,#4687);
#4685=VECTOR('',#4688,1.0);
#4686=VECTOR('',#4689,1.0);
#4687=VECTOR('',#4690,1.0);
#4688=DIRECTION('',(0.322014637396198,0.9467346900280961,0));
#4689=DIRECTION('',(-0.7097577193621167,0.07222677605138744,0.7007333819842676));
#4690=DIRECTION('',(0.43184227947807213,-0.6516456607565726,-0.623594562574364));
#4691=FACE_SURFACE('',(#4696),#4692,.T.);
#4692=PLANE('',#4693);
#4693=AXIS2_PLACEMENT_3D('',#290,#4694,#4695);
#4694=DIRECTION('',(0.9450054485014449,-0.327054584476578,-3.2793839592989915E-05));
#4695=DIRECTION('',(-0.0034555969751678788,-0.01008501363981706,0.9999431740601212));
#4696=FACE_BOUND('',#4697,.T.);
#4697=EDGE_LOOP('',(#4698,#4699,#4700));
#4698=ORIENTED_EDGE('',*,*,#4701,.T.);
#4699=ORIENTED_EDGE('',*,*,#4702,.T.);
#4700=ORIENTED_EDGE('',*,*,#4703,.T.);
#4701=EDGE_CURVE('',#291,#167,#4704,.F.);
#4702=EDGE_CURVE('',#167,#285,#4705,.T.);
#4703=EDGE_CURVE('',#285,#291,#4706,.T.);
#4704=LINE('',#290,#4707);
#4705=LINE('',#166,#4708);
#4706=LINE('',#284,#4709);
#4707=VECTOR('',#4710,1.0);
#4708=VECTOR('',#4711,1.0);
#4709=VECTOR('',#4712,1.0);
#4710=DIRECTION('',(-0.0034555969751678788,-0.01008501363981706,0.9999431740601212));
#4711=DIRECTION('',(-0.0002702739151938782,-0.0006806707571581195,-0.9999997318196296));
#4712=DIRECTION('',(0.32705458465244114,0.9450054490095913,0));
#4713=FACE_SURFACE('',(#4718),#4714,.T.);
#4714=PLANE('',#4715);
#4715=AXIS2_PLACEMENT_3D('',#290,#4716,#4717);
#4716=DIRECTION('',(0.9467346897551436,-0.32201463730335816,2.4012885334041823E-05));
#4717=DIRECTION('',(0.0001540492725156973,0.0005274812143729456,0.9999998490161836));
#4718=FACE_BOUND('',#4719,.T.);
#4719=EDGE_LOOP('',(#4720,#4721,#4722));
#4720=ORIENTED_EDGE('',*,*,#4723,.T.);
#4721=ORIENTED_EDGE('',*,*,#4724,.T.);
#4722=ORIENTED_EDGE('',*,*,#4725,.T.);
#4723=EDGE_CURVE('',#291,#289,#4726,.F.);
#4724=EDGE_CURVE('',#289,#167,#4727,.T.);
#4725=EDGE_CURVE('',#167,#291,#4728,.T.);
#4726=LINE('',#290,#4729);
#4727=LINE('',#288,#4730);
#4728=LINE('',#166,#4731);
#4729=VECTOR('',#4732,1.0);
#4730=VECTOR('',#4733,1.0);
#4731=VECTOR('',#4734,1.0);
#4732=DIRECTION('',(0.0001540492725156973,0.0005274812143729456,0.9999998490161836));
#4733=DIRECTION('',(-0.322014637396198,-0.9467346900280961,0));
#4734=DIRECTION('',(0.0034555969751678788,0.01008501363981706,-0.9999431740601212));
#4735=FACE_SURFACE('',(#4740),#4736,.T.);
#4736=PLANE('',#4737);
#4737=AXIS2_PLACEMENT_3D('',#168,#4738,#4739);
#4738=DIRECTION('',(0.682773647870787,-0.174307109580046,0.7095330699291389));
#4739=DIRECTION('',(0.7097577193621167,-0.07222677605138744,-0.7007333819842676));
#4740=FACE_BOUND('',#4741,.T.);
#4741=EDGE_LOOP('',(#4742,#4743,#4744));
#4742=ORIENTED_EDGE('',*,*,#4745,.T.);
#4743=ORIENTED_EDGE('',*,*,#4746,.T.);
#4744=ORIENTED_EDGE('',*,*,#4747,.T.);
#4745=EDGE_CURVE('',#169,#289,#4748,.F.);
#4746=EDGE_CURVE('',#289,#293,#4749,.T.);
#4747=EDGE_CURVE('',#293,#169,#4750,.T.);
#4748=LINE('',#168,#4751);
#4749=LINE('',#288,#4752);
#4750=LINE('',#292,#4753);
#4751=VECTOR('',#4754,1.0);
#4752=VECTOR('',#4755,1.0);
#4753=VECTOR('',#4756,1.0);
#4754=DIRECTION('',(0.7097577193621167,-0.07222677605138744,-0.7007333819842676));
#4755=DIRECTION('',(-0.4741100276567924,0.6331984558549308,0.6117837830297619));
#4756=DIRECTION('',(-0.24735916190592167,-0.9689238592485996,0));
#4757=FACE_SURFACE('',(#4762),#4758,.T.);
#4758=PLANE('',#4759);
#4759=AXIS2_PLACEMENT_3D('',#294,#4760,#4761);
#4760=DIRECTION('',(-0,0,1));
#4761=DIRECTION('',(0.9942355147752444,-0.10721819416313906,0));
#4762=FACE_BOUND('',#4763,.T.);
#4763=EDGE_LOOP('',(#4764,#4765,#4766));
#4764=ORIENTED_EDGE('',*,*,#4767,.T.);
#4765=ORIENTED_EDGE('',*,*,#4768,.T.);
#4766=ORIENTED_EDGE('',*,*,#4769,.T.);
#4767=EDGE_CURVE('',#295,#169,#4770,.F.);
#4768=EDGE_CURVE('',#169,#293,#4771,.T.);
#4769=EDGE_CURVE('',#293,#295,#4772,.T.);
#4770=LINE('',#294,#4773);
#4771=LINE('',#168,#4774);
#4772=LINE('',#292,#4775);
#4773=VECTOR('',#4776,1.0);
#4774=VECTOR('',#4777,1.0);
#4775=VECTOR('',#4778,1.0);
#4776=DIRECTION('',(0.9942355147752444,-0.10721819416313906,0));
#4777=DIRECTION('',(0.24735916190592167,0.9689238592485996,0));
#4778=DIRECTION('',(-0.9993633900112557,-0.03567652877187901,0));
#4779=FACE_SURFACE('',(#4784),#4780,.T.);
#4780=PLANE('',#4781);
#4781=AXIS2_PLACEMENT_3D('',#296,#4782,#4783);
#4782=DIRECTION('',(-0,0,1));
#4783=DIRECTION('',(0.9992270650044107,-0.03930995500723851,0));
#4784=FACE_BOUND('',#4785,.T.);
#4785=EDGE_LOOP('',(#4786,#4787,#4788));
#4786=ORIENTED_EDGE('',*,*,#4789,.T.);
#4787=ORIENTED_EDGE('',*,*,#4790,.T.);
#4788=ORIENTED_EDGE('',*,*,#4791,.T.);
#4789=EDGE_CURVE('',#297,#169,#4792,.F.);
#4790=EDGE_CURVE('',#169,#295,#4793,.T.);
#4791=EDGE_CURVE('',#295,#297,#4794,.T.);
#4792=LINE('',#296,#4795);
#4793=LINE('',#168,#4796);
#4794=LINE('',#294,#4797);
#4795=VECTOR('',#4798,1.0);
#4796=VECTOR('',#4799,1.0);
#4797=VECTOR('',#4800,1.0);
#4798=DIRECTION('',(0.9992270650044107,-0.03930995500723851,0));
#4799=DIRECTION('',(-0.9942355147752444,0.10721819416313906,0));
#4800=DIRECTION('',(-0.6773235350226223,-0.7356852784339637,0));
#4801=FACE_SURFACE('',(#4806),#4802,.T.);
#4802=PLANE('',#4803);
#4803=AXIS2_PLACEMENT_3D('',#296,#4804,#4805);
#4804=DIRECTION('',(0,0,1));
#4805=DIRECTION('',(-0.7891403917788838,-0.6142128638046176,0));
#4806=FACE_BOUND('',#4807,.T.);
#4807=EDGE_LOOP('',(#4808,#4809,#4810));
#4808=ORIENTED_EDGE('',*,*,#4811,.T.);
#4809=ORIENTED_EDGE('',*,*,#4812,.T.);
#4810=ORIENTED_EDGE('',*,*,#4813,.T.);
#4811=EDGE_CURVE('',#297,#171,#4814,.F.);
#4812=EDGE_CURVE('',#171,#169,#4815,.T.);
#4813=EDGE_CURVE('',#169,#297,#4816,.T.);
#4814=LINE('',#296,#4817);
#4815=LINE('',#170,#4818);
#4816=LINE('',#168,#4819);
#4817=VECTOR('',#4820,1.0);
#4818=VECTOR('',#4821,1.0);
#4819=VECTOR('',#4822,1.0);
#4820=DIRECTION('',(-0.7891403917788838,-0.6142128638046176,0));
#4821=DIRECTION('',(0.999929335769766,0.011887954703590912,0));
#4822=DIRECTION('',(-0.9992270650044107,0.03930995500723851,0));
#4823=FACE_SURFACE('',(#4828),#4824,.T.);
#4824=PLANE('',#4825);
#4825=AXIS2_PLACEMENT_3D('',#170,#4826,#4827);
#4826=DIRECTION('',(-0.43548924996425437,0.5595163787413017,0.7051882976097885));
#4827=DIRECTION('',(0.7891403917788838,0.6142128638046176,0));
#4828=FACE_BOUND('',#4829,.T.);
#4829=EDGE_LOOP('',(#4830,#4831,#4832));
#4830=ORIENTED_EDGE('',*,*,#4833,.T.);
#4831=ORIENTED_EDGE('',*,*,#4834,.T.);
#4832=ORIENTED_EDGE('',*,*,#4835,.T.);
#4833=EDGE_CURVE('',#171,#297,#4836,.F.);
#4834=EDGE_CURVE('',#297,#281,#4837,.T.);
#4835=EDGE_CURVE('',#281,#171,#4838,.T.);
#4836=LINE('',#170,#4839);
#4837=LINE('',#296,#4840);
#4838=LINE('',#280,#4841);
#4839=VECTOR('',#4842,1.0);
#4840=VECTOR('',#4843,1.0);
#4841=VECTOR('',#4844,1.0);
#4842=DIRECTION('',(0.7891403917788838,0.6142128638046176,0));
#4843=DIRECTION('',(-0.6602951676468803,0.3339043931655425,-0.6726946913770978));
#4844=DIRECTION('',(0.37141813193944456,-0.6019040527442224,0.7069371135799093));
#4845=FACE_SURFACE('',(#4850),#4846,.T.);
#4846=PLANE('',#4847);
#4847=AXIS2_PLACEMENT_3D('',#298,#4848,#4849);
#4848=DIRECTION('',(0.8202932868659604,-0.5719431102889669,4.599588811027515E-05));
#4849=DIRECTION('',(0.0005900634643330957,0.0009267022356513362,0.9999993965238552));
#4850=FACE_BOUND('',#4851,.T.);
#4851=EDGE_LOOP('',(#4852,#4853,#4854));
#4852=ORIENTED_EDGE('',*,*,#4855,.T.);
#4853=ORIENTED_EDGE('',*,*,#4856,.T.);
#4854=ORIENTED_EDGE('',*,*,#4857,.T.);
#4855=EDGE_CURVE('',#299,#173,#4858,.F.);
#4856=EDGE_CURVE('',#173,#175,#4859,.T.);
#4857=EDGE_CURVE('',#175,#299,#4860,.T.);
#4858=LINE('',#298,#4861);
#4859=LINE('',#172,#4862);
#4860=LINE('',#174,#4863);
#4861=VECTOR('',#4864,1.0);
#4862=VECTOR('',#4865,1.0);
#4863=VECTOR('',#4866,1.0);
#4864=DIRECTION('',(0.0005900634643330957,0.0009267022356513362,0.9999993965238552));
#4865=DIRECTION('',(-0.5719431108939745,-0.8202932877336756,0));
#4866=DIRECTION('',(0.005821252744504332,0.008268551410128052,-0.9999488707299302));
#4867=FACE_SURFACE('',(#4872),#4868,.T.);
#4868=PLANE('',#4869);
#4869=AXIS2_PLACEMENT_3D('',#286,#4870,#4871);
#4870=DIRECTION('',(0.8660242432037065,-0.5000020079082913,-4.765631534190531E-05));
#4871=DIRECTION('',(-0.005106050929076817,-0.008939199464925192,0.9999470080743459));
#4872=FACE_BOUND('',#4873,.T.);
#4873=EDGE_LOOP('',(#4874,#4875,#4876));
#4874=ORIENTED_EDGE('',*,*,#4877,.T.);
#4875=ORIENTED_EDGE('',*,*,#4878,.T.);
#4876=ORIENTED_EDGE('',*,*,#4879,.T.);
#4877=EDGE_CURVE('',#287,#173,#4880,.F.);
#4878=EDGE_CURVE('',#173,#299,#4881,.T.);
#4879=EDGE_CURVE('',#299,#287,#4882,.T.);
#4880=LINE('',#286,#4883);
#4881=LINE('',#172,#4884);
#4882=LINE('',#298,#4885);
#4883=VECTOR('',#4886,1.0);
#4884=VECTOR('',#4887,1.0);
#4885=VECTOR('',#4888,1.0);
#4886=DIRECTION('',(-0.005106050929076817,-0.008939199464925192,0.9999470080743459));
#4887=DIRECTION('',(-0.0005900634643330957,-0.0009267022356513362,-0.9999993965238552));
#4888=DIRECTION('',(0.5000020084760747,0.8660242441871309,0));
#4889=FACE_SURFACE('',(#4894),#4890,.T.);
#4890=PLANE('',#4891);
#4891=AXIS2_PLACEMENT_3D('',#300,#4892,#4893);
#4892=DIRECTION('',(0.7632157984677561,-0.6461436698991103,5.3089877487485925E-05));
#4893=DIRECTION('',(0.0007867511146258944,0.0010114634631433865,0.9999991789818361));
#4894=FACE_BOUND('',#4895,.T.);
#4895=EDGE_LOOP('',(#4896,#4897,#4898));
#4896=ORIENTED_EDGE('',*,*,#4899,.T.);
#4897=ORIENTED_EDGE('',*,*,#4900,.T.);
#4898=ORIENTED_EDGE('',*,*,#4901,.T.);
#4899=EDGE_CURVE('',#301,#175,#4902,.F.);
#4900=EDGE_CURVE('',#175,#177,#4903,.T.);
#4901=EDGE_CURVE('',#177,#301,#4904,.T.);
#4902=LINE('',#300,#4905);
#4903=LINE('',#174,#4906);
#4904=LINE('',#176,#4907);
#4905=VECTOR('',#4908,1.0);
#4906=VECTOR('',#4909,1.0);
#4907=VECTOR('',#4910,1.0);
#4908=DIRECTION('',(0.0007867511146258944,0.0010114634631433865,0.9999991789818361));
#4909=DIRECTION('',(-0.6461436708096996,-0.7632157995433313,0));
#4910=DIRECTION('',(0.006455997764010062,0.007543573441873495,-0.9999507060813538));
#4911=FACE_SURFACE('',(#4916),#4912,.T.);
#4912=PLANE('',#4913);
#4913=AXIS2_PLACEMENT_3D('',#298,#4914,#4915);
#4914=DIRECTION('',(0.8145870729008802,-0.5800412896739084,-5.418676043319904E-05));
#4915=DIRECTION('',(-0.005821252744504332,-0.008268551410128052,0.9999488707299302));
#4916=FACE_BOUND('',#4917,.T.);
#4917=EDGE_LOOP('',(#4918,#4919,#4920));
#4918=ORIENTED_EDGE('',*,*,#4921,.T.);
#4919=ORIENTED_EDGE('',*,*,#4922,.T.);
#4920=ORIENTED_EDGE('',*,*,#4923,.T.);
#4921=EDGE_CURVE('',#299,#175,#4924,.F.);
#4922=EDGE_CURVE('',#175,#301,#4925,.T.);
#4923=EDGE_CURVE('',#301,#299,#4926,.T.);
#4924=LINE('',#298,#4927);
#4925=LINE('',#174,#4928);
#4926=LINE('',#300,#4929);
#4927=VECTOR('',#4930,1.0);
#4928=VECTOR('',#4931,1.0);
#4929=VECTOR('',#4932,1.0);
#4930=DIRECTION('',(-0.005821252744504332,-0.008268551410128052,0.9999488707299302));
#4931=DIRECTION('',(-0.0007867511146258944,-0.0010114634631433865,-0.9999991789818361));
#4932=DIRECTION('',(0.5800412905254686,0.8145870740967777,0));
#4933=FACE_SURFACE('',(#4938),#4934,.T.);
#4934=PLANE('',#4935);
#4935=AXIS2_PLACEMENT_3D('',#302,#4936,#4937);
#4936=DIRECTION('',(0.699427711892908,-0.7147033456321706,5.982000855457402E-05));
#4937=DIRECTION('',(0.0010040702258637376,0.0010663088254806337,0.9999989274136599));
#4938=FACE_BOUND('',#4939,.T.);
#4939=EDGE_LOOP('',(#4940,#4941,#4942));
#4940=ORIENTED_EDGE('',*,*,#4943,.T.);
#4941=ORIENTED_EDGE('',*,*,#4944,.T.);
#4942=ORIENTED_EDGE('',*,*,#4945,.T.);
#4943=EDGE_CURVE('',#303,#177,#4946,.F.);
#4944=EDGE_CURVE('',#177,#181,#4947,.T.);
#4945=EDGE_CURVE('',#181,#303,#4948,.T.);
#4946=LINE('',#302,#4949);
#4947=LINE('',#176,#4950);
#4948=LINE('',#180,#4951);
#4949=VECTOR('',#4952,1.0);
#4950=VECTOR('',#4953,1.0);
#4951=VECTOR('',#4954,1.0);
#4952=DIRECTION('',(0.0010040702258637376,0.0010663088254806337,0.9999989274136599));
#4953=DIRECTION('',(-0.7147033469109298,-0.6994277131443357,0));
#4954=DIRECTION('',(0.007007534658784135,0.0067740647847255265,-0.9999525021241251));
#4955=FACE_SURFACE('',(#4960),#4956,.T.);
#4956=PLANE('',#4957);
#4957=AXIS2_PLACEMENT_3D('',#300,#4958,#4959);
#4958=DIRECTION('',(0.7557687452436795,-0.6548386061025108,-6.0584774767433065E-05));
#4959=DIRECTION('',(-0.006455997764010062,-0.007543573441873495,0.9999507060813538));
#4960=FACE_BOUND('',#4961,.T.);
#4961=EDGE_LOOP('',(#4962,#4963,#4964));
#4962=ORIENTED_EDGE('',*,*,#4965,.T.);
#4963=ORIENTED_EDGE('',*,*,#4966,.T.);
#4964=ORIENTED_EDGE('',*,*,#4967,.T.);
#4965=EDGE_CURVE('',#301,#177,#4968,.F.);
#4966=EDGE_CURVE('',#177,#303,#4969,.T.);
#4967=EDGE_CURVE('',#303,#301,#4970,.T.);
#4968=LINE('',#300,#4971);
#4969=LINE('',#176,#4972);
#4970=LINE('',#302,#4973);
#4971=VECTOR('',#4974,1.0);
#4972=VECTOR('',#4975,1.0);
#4973=VECTOR('',#4976,1.0);
#4974=DIRECTION('',(-0.006455997764010062,-0.007543573441873495,0.9999507060813538));
#4975=DIRECTION('',(-0.0010040702258637376,-0.0010663088254806337,-0.9999989274136599));
#4976=DIRECTION('',(0.6548386073043083,0.7557687466307098,0));
#4977=FACE_SURFACE('',(#4982),#4978,.T.);
#4978=PLANE('',#4979);
#4979=AXIS2_PLACEMENT_3D('',#278,#4980,#4981);
#4980=DIRECTION('',(0.5540665131405198,-0.8324723982967701,7.134654943224196E-05));
#4981=DIRECTION('',(0.0014834097058026977,0.0010730134415756418,0.9999983240674951));
#4982=FACE_BOUND('',#4983,.T.);
#4983=EDGE_LOOP('',(#4984,#4985,#4986));
#4984=ORIENTED_EDGE('',*,*,#4987,.T.);
#4985=ORIENTED_EDGE('',*,*,#4988,.T.);
#4986=ORIENTED_EDGE('',*,*,#4989,.T.);
#4987=EDGE_CURVE('',#279,#183,#4990,.F.);
#4988=EDGE_CURVE('',#183,#179,#4991,.T.);
#4989=EDGE_CURVE('',#179,#279,#4992,.T.);
#4990=LINE('',#278,#4993);
#4991=LINE('',#182,#4994);
#4992=LINE('',#178,#4995);
#4993=VECTOR('',#4996,1.0);
#4994=VECTOR('',#4997,1.0);
#4995=VECTOR('',#4998,1.0);
#4996=DIRECTION('',(0.0014834097058026977,0.0010730134415756418,0.9999983240674951));
#4997=DIRECTION('',(-0.8324724004155497,-0.5540665145507104,0));
#4998=DIRECTION('',(0.007848603800839219,0.0051380744149627814,-0.9999559988367906));
#4999=FACE_SURFACE('',(#5004),#5000,.T.);
#5000=PLANE('',#5001);
#5001=AXIS2_PLACEMENT_3D('',#304,#5002,#5003);
#5002=DIRECTION('',(0.6295180505508378,-0.7769858555464841,6.566103178048667E-05));
#5003=DIRECTION('',(0.0012378944463507342,0.0010874558851622768,0.9999986425275975));
#5004=FACE_BOUND('',#5005,.T.);
#5005=EDGE_LOOP('',(#5006,#5007,#5008));
#5006=ORIENTED_EDGE('',*,*,#5009,.T.);
#5007=ORIENTED_EDGE('',*,*,#5010,.T.);
#5008=ORIENTED_EDGE('',*,*,#5011,.T.);
#5009=EDGE_CURVE('',#305,#181,#5012,.F.);
#5010=EDGE_CURVE('',#181,#183,#5013,.T.);
#5011=EDGE_CURVE('',#183,#305,#5014,.T.);
#5012=LINE('',#304,#5015);
#5013=LINE('',#180,#5016);
#5014=LINE('',#182,#5017);
#5015=VECTOR('',#5018,1.0);
#5016=VECTOR('',#5019,1.0);
#5017=VECTOR('',#5020,1.0);
#5018=DIRECTION('',(0.0012378944463507342,0.0010874558851622768,0.9999986425275975));
#5019=DIRECTION('',(-0.7769858572214213,-0.6295180519078807,0));
#5020=DIRECTION('',(0.007471736868697914,0.005969137231504638,-0.9999542702288322));
#5021=FACE_SURFACE('',(#5026),#5022,.T.);
#5022=PLANE('',#5023);
#5023=AXIS2_PLACEMENT_3D('',#302,#5024,#5025);
#5024=DIRECTION('',(0.6900571330595929,-0.7237548953908648,-6.716646344799614E-05));
#5025=DIRECTION('',(-0.007007534658784135,-0.0067740647847255265,0.9999525021241251));
#5026=FACE_BOUND('',#5027,.T.);
#5027=EDGE_LOOP('',(#5028,#5029,#5030));
#5028=ORIENTED_EDGE('',*,*,#5031,.T.);
#5029=ORIENTED_EDGE('',*,*,#5032,.T.);
#5030=ORIENTED_EDGE('',*,*,#5033,.T.);
#5031=EDGE_CURVE('',#303,#181,#5034,.F.);
#5032=EDGE_CURVE('',#181,#305,#5035,.T.);
#5033=EDGE_CURVE('',#305,#303,#5036,.T.);
#5034=LINE('',#302,#5037);
#5035=LINE('',#180,#5038);
#5036=LINE('',#304,#5039);
#5037=VECTOR('',#5040,1.0);
#5038=VECTOR('',#5041,1.0);
#5039=VECTOR('',#5042,1.0);
#5040=DIRECTION('',(-0.007007534658784135,-0.0067740647847255265,0.9999525021241251));
#5041=DIRECTION('',(-0.0012378944463507342,-0.0010874558851622768,-0.9999986425275975));
#5042=DIRECTION('',(0.7237548970234148,0.6900571346161319,0));
#5043=FACE_SURFACE('',(#5048),#5044,.T.);
#5044=PLANE('',#5045);
#5045=AXIS2_PLACEMENT_3D('',#304,#5046,#5047);
#5046=DIRECTION('',(0.6181454084284842,-0.7860637688099139,-7.350603178268884E-05));
#5047=DIRECTION('',(-0.007471736868697914,-0.005969137231504638,0.9999542702288322));
#5048=FACE_BOUND('',#5049,.T.);
#5049=EDGE_LOOP('',(#5050,#5051,#5052));
#5050=ORIENTED_EDGE('',*,*,#5053,.T.);
#5051=ORIENTED_EDGE('',*,*,#5054,.T.);
#5052=ORIENTED_EDGE('',*,*,#5055,.T.);
#5053=EDGE_CURVE('',#305,#183,#5056,.F.);
#5054=EDGE_CURVE('',#183,#279,#5057,.T.);
#5055=EDGE_CURVE('',#279,#305,#5058,.T.);
#5056=LINE('',#304,#5059);
#5057=LINE('',#182,#5060);
#5058=LINE('',#278,#5061);
#5059=VECTOR('',#5062,1.0);
#5060=VECTOR('',#5063,1.0);
#5061=VECTOR('',#5064,1.0);
#5062=DIRECTION('',(-0.007471736868697914,-0.005969137231504638,0.9999542702288322));
#5063=DIRECTION('',(-0.0014834097058026977,-0.0010730134415756418,-0.9999983240674951));
#5064=DIRECTION('',(0.786063770933519,0.6181454100984463,0));
#5065=FACE_SURFACE('',(#5070),#5066,.T.);
#5066=PLANE('',#5067);
#5067=AXIS2_PLACEMENT_3D('',#184,#5068,#5069);
#5068=DIRECTION('',(0.47143322181210723,0.8819017617466565,0));
#5069=DIRECTION('',(-0.018004161177942377,0.009624382304590649,-0.9997915890051956));
#5070=FACE_BOUND('',#5071,.T.);
#5071=EDGE_LOOP('',(#5072,#5073,#5074));
#5072=ORIENTED_EDGE('',*,*,#5075,.T.);
#5073=ORIENTED_EDGE('',*,*,#5076,.T.);
#5074=ORIENTED_EDGE('',*,*,#5077,.T.);
#5075=EDGE_CURVE('',#185,#307,#5078,.F.);
#5076=EDGE_CURVE('',#307,#229,#5079,.T.);
#5077=EDGE_CURVE('',#229,#185,#5080,.T.);
#5078=LINE('',#184,#5081);
#5079=LINE('',#306,#5082);
#5080=LINE('',#228,#5083);
#5081=VECTOR('',#5084,1.0);
#5082=VECTOR('',#5085,1.0);
#5083=VECTOR('',#5086,1.0);
#5084=DIRECTION('',(-0.018004161177942377,0.009624382304590649,-0.9997915890051956));
#5085=DIRECTION('',(0,0,1));
#5086=DIRECTION('',(0.8819017617466565,-0.4714332218121073,0));
#5087=FACE_SURFACE('',(#5092),#5088,.T.);
#5088=PLANE('',#5089);
#5089=AXIS2_PLACEMENT_3D('',#184,#5090,#5091);
#5090=DIRECTION('',(0.47143322181210723,0.8819017617466565,0));
#5091=DIRECTION('',(0,0,-1));
#5092=FACE_BOUND('',#5093,.T.);
#5093=EDGE_LOOP('',(#5094,#5095,#5096));
#5094=ORIENTED_EDGE('',*,*,#5097,.T.);
#5095=ORIENTED_EDGE('',*,*,#5098,.T.);
#5096=ORIENTED_EDGE('',*,*,#5099,.T.);
#5097=EDGE_CURVE('',#185,#187,#5100,.F.);
#5098=EDGE_CURVE('',#187,#307,#5101,.T.);
#5099=EDGE_CURVE('',#307,#185,#5102,.T.);
#5100=LINE('',#184,#5103);
#5101=LINE('',#186,#5104);
#5102=LINE('',#306,#5105);
#5103=VECTOR('',#5106,1.0);
#5104=VECTOR('',#5107,1.0);
#5105=VECTOR('',#5108,1.0);
#5106=DIRECTION('',(0,0,-1));
#5107=DIRECTION('',(-0.8819017617466565,0.4714332218121073,0));
#5108=DIRECTION('',(0.018004161177942377,-0.009624382304590649,0.9997915890051956));
#5109=FACE_SURFACE('',(#5114),#5110,.T.);
#5110=PLANE('',#5111);
#5111=AXIS2_PLACEMENT_3D('',#282,#5112,#5113);
#5112=DIRECTION('',(0,0,1));
#5113=DIRECTION('',(-0.9951844061783433,0.09802039430372808,0));
#5114=FACE_BOUND('',#5115,.T.);
#5115=EDGE_LOOP('',(#5116,#5117,#5118));
#5116=ORIENTED_EDGE('',*,*,#5119,.T.);
#5117=ORIENTED_EDGE('',*,*,#5120,.T.);
#5118=ORIENTED_EDGE('',*,*,#5121,.T.);
#5119=EDGE_CURVE('',#283,#307,#5122,.F.);
#5120=EDGE_CURVE('',#307,#187,#5123,.T.);
#5121=EDGE_CURVE('',#187,#283,#5124,.T.);
#5122=LINE('',#282,#5125);
#5123=LINE('',#306,#5126);
#5124=LINE('',#186,#5127);
#5125=VECTOR('',#5128,1.0);
#5126=VECTOR('',#5129,1.0);
#5127=VECTOR('',#5130,1.0);
#5128=DIRECTION('',(-0.9951844061783433,0.09802039430372808,0));
#5129=DIRECTION('',(0.8819017617466565,-0.4714332218121073,0));
#5130=DIRECTION('',(1,0,0));
#5131=FACE_SURFACE('',(#5136),#5132,.T.);
#5132=PLANE('',#5133);
#5133=AXIS2_PLACEMENT_3D('',#190,#5134,#5135);
#5134=DIRECTION('',(-0.42877648893540316,0.9034106057248985,0));
#5135=DIRECTION('',(0,0,1));
#5136=FACE_BOUND('',#5137,.T.);
#5137=EDGE_LOOP('',(#5138,#5139,#5140));
#5138=ORIENTED_EDGE('',*,*,#5141,.T.);
#5139=ORIENTED_EDGE('',*,*,#5142,.T.);
#5140=ORIENTED_EDGE('',*,*,#5143,.T.);
#5141=EDGE_CURVE('',#191,#189,#5144,.F.);
#5142=EDGE_CURVE('',#189,#193,#5145,.T.);
#5143=EDGE_CURVE('',#193,#191,#5146,.T.);
#5144=LINE('',#190,#5147);
#5145=LINE('',#188,#5148);
#5146=LINE('',#192,#5149);
#5147=VECTOR('',#5150,1.0);
#5148=VECTOR('',#5151,1.0);
#5149=VECTOR('',#5152,1.0);
#5150=DIRECTION('',(0,0,1));
#5151=DIRECTION('',(0.9034106057248985,0.42877648893540316,0));
#5152=DIRECTION('',(-0.02969646231430281,-0.014094526635219401,-0.9994595861989339));
#5153=FACE_SURFACE('',(#5158),#5154,.T.);
#5154=PLANE('',#5155);
#5155=AXIS2_PLACEMENT_3D('',#190,#5156,#5157);
#5156=DIRECTION('',(-0.5098251173252578,0.8602780480557848,0.00017256192004162866));
#5157=DIRECTION('',(-0.005341780644177622,-0.0029651055841314064,-0.9999813365900507));
#5158=FACE_BOUND('',#5159,.T.);
#5159=EDGE_LOOP('',(#5160,#5161,#5162));
#5160=ORIENTED_EDGE('',*,*,#5163,.T.);
#5161=ORIENTED_EDGE('',*,*,#5164,.T.);
#5162=ORIENTED_EDGE('',*,*,#5165,.T.);
#5163=EDGE_CURVE('',#191,#309,#5166,.F.);
#5164=EDGE_CURVE('',#309,#251,#5167,.T.);
#5165=EDGE_CURVE('',#251,#191,#5168,.T.);
#5166=LINE('',#190,#5169);
#5167=LINE('',#308,#5170);
#5168=LINE('',#250,#5171);
#5169=VECTOR('',#5172,1.0);
#5170=VECTOR('',#5173,1.0);
#5171=VECTOR('',#5174,1.0);
#5172=DIRECTION('',(-0.005341780644177622,-0.0029651055841314064,-0.9999813365900507));
#5173=DIRECTION('',(-0.008726004188550063,-0.005371855041468708,0.9999474986339607));
#5174=DIRECTION('',(0.8602780608642997,0.5098251249159462,0));
#5175=FACE_SURFACE('',(#5180),#5176,.T.);
#5176=PLANE('',#5177);
#5177=AXIS2_PLACEMENT_3D('',#190,#5178,#5179);
#5178=DIRECTION('',(-0.4582138708125456,0.8888419506935495,-0.00018783575106715966));
#5179=DIRECTION('',(0.010020616175516047,0.004954493099169777,-0.9999375181728073));
#5180=FACE_BOUND('',#5181,.T.);
#5181=EDGE_LOOP('',(#5182,#5183,#5184));
#5182=ORIENTED_EDGE('',*,*,#5185,.T.);
#5183=ORIENTED_EDGE('',*,*,#5186,.T.);
#5184=ORIENTED_EDGE('',*,*,#5187,.T.);
#5185=EDGE_CURVE('',#191,#311,#5188,.F.);
#5186=EDGE_CURVE('',#311,#309,#5189,.T.);
#5187=EDGE_CURVE('',#309,#191,#5190,.T.);
#5188=LINE('',#190,#5191);
#5189=LINE('',#310,#5192);
#5190=LINE('',#308,#5193);
#5191=VECTOR('',#5194,1.0);
#5192=VECTOR('',#5195,1.0);
#5193=VECTOR('',#5196,1.0);
#5194=DIRECTION('',(0.010020616175516047,0.004954493099169777,-0.9999375181728073));
#5195=DIRECTION('',(-0.8888419663737305,-0.4582138788959585,0));
#5196=DIRECTION('',(0.005341780644177622,0.0029651055841314064,0.9999813365900507));
#5197=FACE_SURFACE('',(#5202),#5198,.T.);
#5198=PLANE('',#5199);
#5199=AXIS2_PLACEMENT_3D('',#190,#5200,#5201);
#5200=DIRECTION('',(-0.43244968641008147,0.9016580564752651,0.00013385465936352503));
#5201=DIRECTION('',(0.02969646231430281,0.014094526635219401,0.9994595861989339));
#5202=FACE_BOUND('',#5203,.T.);
#5203=EDGE_LOOP('',(#5204,#5205,#5206));
#5204=ORIENTED_EDGE('',*,*,#5207,.T.);
#5205=ORIENTED_EDGE('',*,*,#5208,.T.);
#5206=ORIENTED_EDGE('',*,*,#5209,.T.);
#5207=EDGE_CURVE('',#191,#193,#5210,.F.);
#5208=EDGE_CURVE('',#193,#311,#5211,.T.);
#5209=EDGE_CURVE('',#311,#191,#5212,.T.);
#5210=LINE('',#190,#5213);
#5211=LINE('',#192,#5214);
#5212=LINE('',#310,#5215);
#5213=VECTOR('',#5216,1.0);
#5214=VECTOR('',#5217,1.0);
#5215=VECTOR('',#5218,1.0);
#5216=DIRECTION('',(0.02969646231430281,0.014094526635219401,0.9994595861989339));
#5217=DIRECTION('',(-0.0035217884603031074,-0.001540653504822112,-0.9999926116691158));
#5218=DIRECTION('',(-0.010020616175516047,-0.004954493099169777,0.9999375181728073));
#5219=FACE_SURFACE('',(#5224),#5220,.T.);
#5220=PLANE('',#5221);
#5221=AXIS2_PLACEMENT_3D('',#192,#5222,#5223);
#5222=DIRECTION('',(-0.34236118438249263,0.9395684148047441,0.00011545352882040258));
#5223=DIRECTION('',(0.9395684210667409,0.3423611866642473,0));
#5224=FACE_BOUND('',#5225,.T.);
#5225=EDGE_LOOP('',(#5226,#5227,#5228));
#5226=ORIENTED_EDGE('',*,*,#5229,.T.);
#5227=ORIENTED_EDGE('',*,*,#5230,.T.);
#5228=ORIENTED_EDGE('',*,*,#5231,.T.);
#5229=EDGE_CURVE('',#193,#313,#5232,.F.);
#5230=EDGE_CURVE('',#313,#315,#5233,.T.);
#5231=EDGE_CURVE('',#315,#193,#5234,.T.);
#5232=LINE('',#192,#5235);
#5233=LINE('',#312,#5236);
#5234=LINE('',#314,#5237);
#5235=VECTOR('',#5238,1.0);
#5236=VECTOR('',#5239,1.0);
#5237=VECTOR('',#5240,1.0);
#5238=DIRECTION('',(0.9395684210667409,0.3423611866642473,0));
#5239=DIRECTION('',(-0.003477777086978496,-0.0011443585273348265,-0.9999932977325868));
#5240=DIRECTION('',(-0.007054431354454501,-0.0026933788652486893,0.9999714899478652));
#5241=FACE_SURFACE('',(#5246),#5242,.T.);
#5242=PLANE('',#5243);
#5243=AXIS2_PLACEMENT_3D('',#312,#5244,#5245);
#5244=DIRECTION('',(-0.2432452989274749,0.6675569846921025,0.7037040547975203));
#5245=DIRECTION('',(-0.9395684210667409,-0.3423611866642473,0));
#5246=FACE_BOUND('',#5247,.T.);
#5247=EDGE_LOOP('',(#5248,#5249,#5250));
#5248=ORIENTED_EDGE('',*,*,#5251,.T.);
#5249=ORIENTED_EDGE('',*,*,#5252,.T.);
#5250=ORIENTED_EDGE('',*,*,#5253,.T.);
#5251=EDGE_CURVE('',#313,#193,#5254,.F.);
#5252=EDGE_CURVE('',#193,#195,#5255,.T.);
#5253=EDGE_CURVE('',#195,#313,#5256,.T.);
#5254=LINE('',#312,#5257);
#5255=LINE('',#192,#5258);
#5256=LINE('',#194,#5259);
#5257=VECTOR('',#5260,1.0);
#5258=VECTOR('',#5261,1.0);
#5259=VECTOR('',#5262,1.0);
#5260=DIRECTION('',(-0.9395684210667409,-0.3423611866642473,0));
#5261=DIRECTION('',(0.6332621259995282,-0.44024344149050026,0.6365255627224706));
#5262=DIRECTION('',(-0.041794738314794584,0.7176071706237408,-0.6951928858371518));
#5263=FACE_SURFACE('',(#5268),#5264,.T.);
#5264=PLANE('',#5265);
#5265=AXIS2_PLACEMENT_3D('',#314,#5266,#5267);
#5266=DIRECTION('',(-0.37165866258051605,0.9283694435904911,-0.00012139334488389572));
#5267=DIRECTION('',(-0.9283694504308769,-0.371658665318961,0));
#5268=FACE_BOUND('',#5269,.T.);
#5269=EDGE_LOOP('',(#5270,#5271,#5272));
#5270=ORIENTED_EDGE('',*,*,#5273,.T.);
#5271=ORIENTED_EDGE('',*,*,#5274,.T.);
#5272=ORIENTED_EDGE('',*,*,#5275,.T.);
#5273=EDGE_CURVE('',#315,#311,#5276,.F.);
#5274=EDGE_CURVE('',#311,#193,#5277,.T.);
#5275=EDGE_CURVE('',#193,#315,#5278,.T.);
#5276=LINE('',#314,#5279);
#5277=LINE('',#310,#5280);
#5278=LINE('',#192,#5281);
#5279=VECTOR('',#5282,1.0);
#5280=VECTOR('',#5283,1.0);
#5281=VECTOR('',#5284,1.0);
#5282=DIRECTION('',(-0.9283694504308769,-0.371658665318961,0));
#5283=DIRECTION('',(0.0035217884603031074,0.001540653504822112,0.9999926116691158));
#5284=DIRECTION('',(0.007054431354454501,0.0026933788652486893,-0.9999714899478652));
#5285=FACE_SURFACE('',(#5290),#5286,.T.);
#5286=PLANE('',#5287);
#5287=AXIS2_PLACEMENT_3D('',#316,#5288,#5289);
#5288=DIRECTION('',(-0.19363373899403336,0.67679112833305,0.7102532954748382));
#5289=DIRECTION('',(-0.6156005300063351,0.47988035737757556,-0.6251006559419767));
#5290=FACE_BOUND('',#5291,.T.);
#5291=EDGE_LOOP('',(#5292,#5293,#5294));
#5292=ORIENTED_EDGE('',*,*,#5295,.T.);
#5293=ORIENTED_EDGE('',*,*,#5296,.T.);
#5294=ORIENTED_EDGE('',*,*,#5297,.T.);
#5295=EDGE_CURVE('',#317,#313,#5298,.F.);
#5296=EDGE_CURVE('',#313,#195,#5299,.T.);
#5297=EDGE_CURVE('',#195,#317,#5300,.T.);
#5298=LINE('',#316,#5301);
#5299=LINE('',#312,#5302);
#5300=LINE('',#194,#5303);
#5301=VECTOR('',#5304,1.0);
#5302=VECTOR('',#5305,1.0);
#5303=VECTOR('',#5306,1.0);
#5304=DIRECTION('',(-0.6156005300063351,0.47988035737757556,-0.6251006559419767));
#5305=DIRECTION('',(0.041794738314794584,-0.7176071706237408,0.6951928858371518));
#5306=DIRECTION('',(0.9614245034020298,0.2750689445541979,0));
#5307=FACE_SURFACE('',(#5312),#5308,.T.);
#5308=PLANE('',#5309);
#5309=AXIS2_PLACEMENT_3D('',#194,#5310,#5311);
#5310=DIRECTION('',(0,0,1));
#5311=DIRECTION('',(0.9739730924157564,0.22666366107095431,0));
#5312=FACE_BOUND('',#5313,.T.);
#5313=EDGE_LOOP('',(#5314,#5315,#5316));
#5314=ORIENTED_EDGE('',*,*,#5317,.T.);
#5315=ORIENTED_EDGE('',*,*,#5318,.T.);
#5316=ORIENTED_EDGE('',*,*,#5319,.T.);
#5317=EDGE_CURVE('',#195,#199,#5320,.F.);
#5318=EDGE_CURVE('',#199,#317,#5321,.T.);
#5319=EDGE_CURVE('',#317,#195,#5322,.T.);
#5320=LINE('',#194,#5323);
#5321=LINE('',#198,#5324);
#5322=LINE('',#316,#5325);
#5323=VECTOR('',#5326,1.0);
#5324=VECTOR('',#5327,1.0);
#5325=VECTOR('',#5328,1.0);
#5326=DIRECTION('',(0.9739730924157564,0.22666366107095431,0));
#5327=DIRECTION('',(-0.9840857035246904,-0.17769447970692637,0));
#5328=DIRECTION('',(-0.9614245034020298,-0.2750689445541979,0));
#5329=FACE_SURFACE('',(#5334),#5330,.T.);
#5330=PLANE('',#5331);
#5331=AXIS2_PLACEMENT_3D('',#200,#5332,#5333);
#5332=DIRECTION('',(0.688428817521586,-0.17433323357251873,0.7040409696018979));
#5333=DIRECTION('',(-0.24548466723424744,-0.9694004735674987,0));
#5334=FACE_BOUND('',#5335,.T.);
#5335=EDGE_LOOP('',(#5336,#5337,#5338));
#5336=ORIENTED_EDGE('',*,*,#5339,.T.);
#5337=ORIENTED_EDGE('',*,*,#5340,.T.);
#5338=ORIENTED_EDGE('',*,*,#5341,.T.);
#5339=EDGE_CURVE('',#201,#197,#5342,.F.);
#5340=EDGE_CURVE('',#197,#319,#5343,.T.);
#5341=EDGE_CURVE('',#319,#201,#5344,.T.);
#5342=LINE('',#200,#5345);
#5343=LINE('',#196,#5346);
#5344=LINE('',#318,#5347);
#5345=VECTOR('',#5348,1.0);
#5346=VECTOR('',#5349,1.0);
#5347=VECTOR('',#5350,1.0);
#5348=DIRECTION('',(-0.24548466723424744,-0.9694004735674987,0));
#5349=DIRECTION('',(0.7058390673793347,-0.06234071938688064,-0.705623728106841));
#5350=DIRECTION('',(-0.5843780257038552,0.44163878986773686,0.68077713119539));
#5351=FACE_SURFACE('',(#5356),#5352,.T.);
#5352=PLANE('',#5353);
#5353=AXIS2_PLACEMENT_3D('',#318,#5354,#5355);
#5354=DIRECTION('',(0.7022442406343112,-0.06916108339121549,0.7085688188454902));
#5355=DIRECTION('',(-0.7058390673793347,0.06234071938688064,0.705623728106841));
#5356=FACE_BOUND('',#5357,.T.);
#5357=EDGE_LOOP('',(#5358,#5359,#5360));
#5358=ORIENTED_EDGE('',*,*,#5361,.T.);
#5359=ORIENTED_EDGE('',*,*,#5362,.T.);
#5360=ORIENTED_EDGE('',*,*,#5363,.T.);
#5361=EDGE_CURVE('',#319,#197,#5364,.F.);
#5362=EDGE_CURVE('',#197,#219,#5365,.T.);
#5363=EDGE_CURVE('',#219,#319,#5366,.T.);
#5364=LINE('',#318,#5367);
#5365=LINE('',#196,#5368);
#5366=LINE('',#218,#5369);
#5367=VECTOR('',#5370,1.0);
#5368=VECTOR('',#5371,1.0);
#5369=VECTOR('',#5372,1.0);
#5370=DIRECTION('',(-0.7058390673793347,0.06234071938688064,0.705623728106841));
#5371=DIRECTION('',(0.6364489609469125,-0.38502265849874595,-0.6683489152771577));
#5372=DIRECTION('',(0.098011614094905,0.995185270943311,0));
#5373=FACE_SURFACE('',(#5378),#5374,.T.);
#5374=PLANE('',#5375);
#5375=AXIS2_PLACEMENT_3D('',#320,#5376,#5377);
#5376=DIRECTION('',(-0.11448409937279878,0.700025172483452,0.7048816559397133));
#5377=DIRECTION('',(-0.9868892893708461,-0.1613986695270641,0));
#5378=FACE_BOUND('',#5379,.T.);
#5379=EDGE_LOOP('',(#5380,#5381,#5382));
#5380=ORIENTED_EDGE('',*,*,#5383,.T.);
#5381=ORIENTED_EDGE('',*,*,#5384,.T.);
#5382=ORIENTED_EDGE('',*,*,#5385,.T.);
#5383=EDGE_CURVE('',#321,#323,#5386,.F.);
#5384=EDGE_CURVE('',#323,#199,#5387,.T.);
#5385=EDGE_CURVE('',#199,#321,#5388,.T.);
#5386=LINE('',#320,#5389);
#5387=LINE('',#322,#5390);
#5388=LINE('',#198,#5391);
#5389=VECTOR('',#5392,1.0);
#5390=VECTOR('',#5393,1.0);
#5391=VECTOR('',#5394,1.0);
#5392=DIRECTION('',(-0.9868892893708461,-0.1613986695270641,0));
#5393=DIRECTION('',(0.5941793110380288,-0.520388851333895,0.6133077447267097));
#5394=DIRECTION('',(0.0091507849058161,0.7102598659878153,-0.7038800934126337));
#5395=FACE_SURFACE('',(#5400),#5396,.T.);
#5396=PLANE('',#5397);
#5397=AXIS2_PLACEMENT_3D('',#198,#5398,#5399);
#5398=DIRECTION('',(-0.12520091733752758,0.6933723153541212,0.7096193082197711));
#5399=DIRECTION('',(-0.5941793110380288,0.520388851333895,-0.6133077447267097));
#5400=FACE_BOUND('',#5401,.T.);
#5401=EDGE_LOOP('',(#5402,#5403,#5404));
#5402=ORIENTED_EDGE('',*,*,#5405,.T.);
#5403=ORIENTED_EDGE('',*,*,#5406,.T.);
#5404=ORIENTED_EDGE('',*,*,#5407,.T.);
#5405=EDGE_CURVE('',#199,#323,#5408,.F.);
#5406=EDGE_CURVE('',#323,#317,#5409,.T.);
#5407=EDGE_CURVE('',#317,#199,#5410,.T.);
#5408=LINE('',#198,#5411);
#5409=LINE('',#322,#5412);
#5410=LINE('',#316,#5413);
#5411=VECTOR('',#5414,1.0);
#5412=VECTOR('',#5415,1.0);
#5413=VECTOR('',#5416,1.0);
#5414=DIRECTION('',(-0.5941793110380288,0.520388851333895,-0.6133077447267097));
#5415=DIRECTION('',(0.015598782234324421,-0.7137831804868122,0.7001930085675926));
#5416=DIRECTION('',(0.9840857035246904,0.17769447970692637,0));
#5417=FACE_SURFACE('',(#5422),#5418,.T.);
#5418=PLANE('',#5419);
#5419=AXIS2_PLACEMENT_3D('',#202,#5420,#5421);
#5420=DIRECTION('',(-0.05545055455990371,0.7031868912868031,0.7088394965867806));
#5421=DIRECTION('',(-0.5686997022168485,0.5612771728690583,-0.6012891017759968));
#5422=FACE_BOUND('',#5423,.T.);
#5423=EDGE_LOOP('',(#5424,#5425,#5426));
#5424=ORIENTED_EDGE('',*,*,#5427,.T.);
#5425=ORIENTED_EDGE('',*,*,#5428,.T.);
#5426=ORIENTED_EDGE('',*,*,#5429,.T.);
#5427=EDGE_CURVE('',#203,#321,#5430,.F.);
#5428=EDGE_CURVE('',#321,#199,#5431,.T.);
#5429=EDGE_CURVE('',#199,#203,#5432,.T.);
#5430=LINE('',#202,#5433);
#5431=LINE('',#320,#5434);
#5432=LINE('',#198,#5435);
#5433=VECTOR('',#5436,1.0);
#5434=VECTOR('',#5437,1.0);
#5435=VECTOR('',#5438,1.0);
#5436=DIRECTION('',(-0.5686997022168485,0.5612771728690583,-0.6012891017759968));
#5437=DIRECTION('',(-0.0091507849058161,-0.7102598659878153,0.7038800934126337));
#5438=DIRECTION('',(0.9969052855247448,0.07861203274834665,0));
#5439=FACE_SURFACE('',(#5444),#5440,.T.);
#5440=PLANE('',#5441);
#5441=AXIS2_PLACEMENT_3D('',#204,#5442,#5443);
#5442=DIRECTION('',(0.6512623868030459,-0.28563711635186195,0.7030424889704694));
#5443=DIRECTION('',(-0.4016564459922034,-0.9157904232917662,0));
#5444=FACE_BOUND('',#5445,.T.);
#5445=EDGE_LOOP('',(#5446,#5447,#5448));
#5446=ORIENTED_EDGE('',*,*,#5449,.T.);
#5447=ORIENTED_EDGE('',*,*,#5450,.T.);
#5448=ORIENTED_EDGE('',*,*,#5451,.T.);
#5449=EDGE_CURVE('',#205,#201,#5452,.F.);
#5450=EDGE_CURVE('',#201,#325,#5453,.T.);
#5451=EDGE_CURVE('',#325,#205,#5454,.T.);
#5452=LINE('',#204,#5455);
#5453=LINE('',#200,#5456);
#5454=LINE('',#324,#5457);
#5455=VECTOR('',#5458,1.0);
#5456=VECTOR('',#5459,1.0);
#5457=VECTOR('',#5460,1.0);
#5458=DIRECTION('',(-0.4016564459922034,-0.9157904232917662,0));
#5459=DIRECTION('',(0.7017025931470859,-0.12604538803404503,-0.7012317954328671));
#5460=DIRECTION('',(-0.5311417396397958,0.49010702220395985,0.691146554067065));
#5461=FACE_SURFACE('',(#5466),#5462,.T.);
#5462=PLANE('',#5463);
#5463=AXIS2_PLACEMENT_3D('',#324,#5464,#5465);
#5464=DIRECTION('',(0.6733615112778767,-0.20427599580787123,0.7105319082675152));
#5465=DIRECTION('',(-0.7017025931470859,0.12604538803404503,0.7012317954328671));
#5466=FACE_BOUND('',#5467,.T.);
#5467=EDGE_LOOP('',(#5468,#5469,#5470));
#5468=ORIENTED_EDGE('',*,*,#5471,.T.);
#5469=ORIENTED_EDGE('',*,*,#5472,.T.);
#5470=ORIENTED_EDGE('',*,*,#5473,.T.);
#5471=EDGE_CURVE('',#325,#201,#5474,.F.);
#5472=EDGE_CURVE('',#201,#319,#5475,.T.);
#5473=EDGE_CURVE('',#319,#325,#5476,.T.);
#5474=LINE('',#324,#5477);
#5475=LINE('',#200,#5478);
#5476=LINE('',#318,#5479);
#5477=VECTOR('',#5480,1.0);
#5478=VECTOR('',#5481,1.0);
#5479=VECTOR('',#5482,1.0);
#5480=DIRECTION('',(-0.7017025931470859,0.12604538803404503,0.7012317954328671));
#5481=DIRECTION('',(0.5843780257038552,-0.44163878986773686,-0.68077713119539));
#5482=DIRECTION('',(0.2903029153680005,0.9569348030711599,0));
#5483=FACE_SURFACE('',(#5488),#5484,.T.);
#5484=PLANE('',#5485);
#5485=AXIS2_PLACEMENT_3D('',#326,#5486,#5487);
#5486=DIRECTION('',(-0.04845331594818067,0.7068816122585891,0.7056703638557621));
#5487=DIRECTION('',(-0.9976590262255168,-0.06838470143792012,0));
#5488=FACE_BOUND('',#5489,.T.);
#5489=EDGE_LOOP('',(#5490,#5491,#5492));
#5490=ORIENTED_EDGE('',*,*,#5493,.T.);
#5491=ORIENTED_EDGE('',*,*,#5494,.T.);
#5492=ORIENTED_EDGE('',*,*,#5495,.T.);
#5493=EDGE_CURVE('',#327,#321,#5496,.F.);
#5494=EDGE_CURVE('',#321,#203,#5497,.T.);
#5495=EDGE_CURVE('',#203,#327,#5498,.T.);
#5496=LINE('',#326,#5499);
#5497=LINE('',#320,#5500);
#5498=LINE('',#202,#5501);
#5499=VECTOR('',#5502,1.0);
#5500=VECTOR('',#5503,1.0);
#5501=VECTOR('',#5504,1.0);
#5502=DIRECTION('',(-0.9976590262255168,-0.06838470143792012,0));
#5503=DIRECTION('',(0.5686997022168485,-0.5612771728690583,0.6012891017759968));
#5504=DIRECTION('',(0.03305965023918734,0.70724807164238,-0.7061920593466041));
#5505=FACE_SURFACE('',(#5510),#5506,.T.);
#5506=PLANE('',#5507);
#5507=AXIS2_PLACEMENT_3D('',#328,#5508,#5509);
#5508=DIRECTION('',(0.015026067061717687,0.7061467160547715,0.7079060903211094));
#5509=DIRECTION('',(-0.5389314456689416,0.6020638773298199,-0.5891281562476607));
#5510=FACE_BOUND('',#5511,.T.);
#5511=EDGE_LOOP('',(#5512,#5513,#5514));
#5512=ORIENTED_EDGE('',*,*,#5515,.T.);
#5513=ORIENTED_EDGE('',*,*,#5516,.T.);
#5514=ORIENTED_EDGE('',*,*,#5517,.T.);
#5515=EDGE_CURVE('',#329,#327,#5518,.F.);
#5516=EDGE_CURVE('',#327,#203,#5519,.T.);
#5517=EDGE_CURVE('',#203,#329,#5520,.T.);
#5518=LINE('',#328,#5521);
#5519=LINE('',#326,#5522);
#5520=LINE('',#202,#5523);
#5521=VECTOR('',#5524,1.0);
#5522=VECTOR('',#5525,1.0);
#5523=VECTOR('',#5526,1.0);
#5524=DIRECTION('',(-0.5389314456689416,0.6020638773298199,-0.5891281562476607));
#5525=DIRECTION('',(-0.03305965023918734,-0.70724807164238,0.7061920593466041));
#5526=DIRECTION('',(0.9997736798050854,-0.021274143202453497,0));
#5527=FACE_SURFACE('',(#5532),#5528,.T.);
#5528=PLANE('',#5529);
#5529=AXIS2_PLACEMENT_3D('',#206,#5530,#5531);
#5530=DIRECTION('',(0,0,1));
#5531=DIRECTION('',(0.15740782539169954,0.9875336837320823,0));
#5532=FACE_BOUND('',#5533,.T.);
#5533=EDGE_LOOP('',(#5534,#5535,#5536));
#5534=ORIENTED_EDGE('',*,*,#5537,.T.);
#5535=ORIENTED_EDGE('',*,*,#5538,.T.);
#5536=ORIENTED_EDGE('',*,*,#5539,.T.);
#5537=EDGE_CURVE('',#207,#329,#5540,.F.);
#5538=EDGE_CURVE('',#329,#203,#5541,.T.);
#5539=EDGE_CURVE('',#203,#207,#5542,.T.);
#5540=LINE('',#206,#5543);
#5541=LINE('',#328,#5544);
#5542=LINE('',#202,#5545);
#5543=VECTOR('',#5546,1.0);
#5544=VECTOR('',#5547,1.0);
#5545=VECTOR('',#5548,1.0);
#5546=DIRECTION('',(0.15740782539169954,0.9875336837320823,0));
#5547=DIRECTION('',(-0.9997736798050854,0.021274143202453497,0));
#5548=DIRECTION('',(-0.0020700026061070236,-0.9999978575423103,0));
#5549=FACE_SURFACE('',(#5554),#5550,.T.);
#5550=PLANE('',#5551);
#5551=AXIS2_PLACEMENT_3D('',#208,#5552,#5553);
#5552=DIRECTION('',(0.5954457320331087,-0.3890908828836243,0.7028887999252778));
#5553=DIRECTION('',(-0.5470139454666417,-0.8371234935569649,0));
#5554=FACE_BOUND('',#5555,.T.);
#5555=EDGE_LOOP('',(#5556,#5557,#5558));
#5556=ORIENTED_EDGE('',*,*,#5559,.T.);
#5557=ORIENTED_EDGE('',*,*,#5560,.T.);
#5558=ORIENTED_EDGE('',*,*,#5561,.T.);
#5559=EDGE_CURVE('',#209,#205,#5562,.F.);
#5560=EDGE_CURVE('',#205,#331,#5563,.T.);
#5561=EDGE_CURVE('',#331,#209,#5564,.T.);
#5562=LINE('',#208,#5565);
#5563=LINE('',#204,#5566);
#5564=LINE('',#330,#5567);
#5565=VECTOR('',#5568,1.0);
#5566=VECTOR('',#5569,1.0);
#5567=VECTOR('',#5570,1.0);
#5568=DIRECTION('',(-0.5470139454666417,-0.8371234935569649,0));
#5569=DIRECTION('',(0.693755906263556,-0.19218512877165497,-0.694094819749762));
#5570=DIRECTION('',(-0.4777274649397162,0.5319332096775164,0.6991591590506753));
#5571=FACE_SURFACE('',(#5576),#5572,.T.);
#5572=PLANE('',#5573);
#5573=AXIS2_PLACEMENT_3D('',#330,#5574,#5575);
#5574=DIRECTION('',(0.6198857097646674,-0.33131181014004535,0.7113186285282294));
#5575=DIRECTION('',(-0.693755906263556,0.19218512877165497,0.694094819749762));
#5576=FACE_BOUND('',#5577,.T.);
#5577=EDGE_LOOP('',(#5578,#5579,#5580));
#5578=ORIENTED_EDGE('',*,*,#5581,.T.);
#5579=ORIENTED_EDGE('',*,*,#5582,.T.);
#5580=ORIENTED_EDGE('',*,*,#5583,.T.);
#5581=EDGE_CURVE('',#331,#205,#5584,.F.);
#5582=EDGE_CURVE('',#205,#325,#5585,.T.);
#5583=EDGE_CURVE('',#325,#331,#5586,.T.);
#5584=LINE('',#330,#5587);
#5585=LINE('',#204,#5588);
#5586=LINE('',#324,#5589);
#5587=VECTOR('',#5590,1.0);
#5588=VECTOR('',#5591,1.0);
#5589=VECTOR('',#5592,1.0);
#5590=DIRECTION('',(-0.693755906263556,0.19218512877165497,0.694094819749762));
#5591=DIRECTION('',(0.5311417396397958,-0.49010702220395985,-0.691146554067065));
#5592=DIRECTION('',(0.47137017331853115,0.8819354623245728,0));
#5593=FACE_SURFACE('',(#5598),#5594,.T.);
#5594=PLANE('',#5595);
#5595=AXIS2_PLACEMENT_3D('',#332,#5596,#5597);
#5596=DIRECTION('',(0,-0.7113434471596181,0.7028445775440483));
#5597=DIRECTION('',(-1,0,0));
#5598=FACE_BOUND('',#5599,.T.);
#5599=EDGE_LOOP('',(#5600,#5601,#5602));
#5600=ORIENTED_EDGE('',*,*,#5603,.T.);
#5601=ORIENTED_EDGE('',*,*,#5604,.T.);
#5602=ORIENTED_EDGE('',*,*,#5605,.T.);
#5603=EDGE_CURVE('',#333,#207,#5606,.F.);
#5604=EDGE_CURVE('',#207,#335,#5607,.T.);
#5605=EDGE_CURVE('',#335,#333,#5608,.T.);
#5606=LINE('',#332,#5609);
#5607=LINE('',#206,#5610);
#5608=LINE('',#334,#5611);
#5609=VECTOR('',#5612,1.0);
#5610=VECTOR('',#5613,1.0);
#5611=VECTOR('',#5614,1.0);
#5612=DIRECTION('',(-1,0,0));
#5613=DIRECTION('',(0.20136813627571087,-0.688447250700164,-0.6967720263445083));
#5614=DIRECTION('',(0.20136813627571087,0.688447250700164,0.6967720263445083));
#5615=FACE_SURFACE('',(#5620),#5616,.T.);
#5616=PLANE('',#5617);
#5617=AXIS2_PLACEMENT_3D('',#334,#5618,#5619);
#5618=DIRECTION('',(0.06890317031881185,-0.6996254561850387,0.7111797059660051));
#5619=DIRECTION('',(-0.20136813627571087,0.688447250700164,0.6967720263445083));
#5620=FACE_BOUND('',#5621,.T.);
#5621=EDGE_LOOP('',(#5622,#5623,#5624));
#5622=ORIENTED_EDGE('',*,*,#5625,.T.);
#5623=ORIENTED_EDGE('',*,*,#5626,.T.);
#5624=ORIENTED_EDGE('',*,*,#5627,.T.);
#5625=EDGE_CURVE('',#335,#207,#5628,.F.);
#5626=EDGE_CURVE('',#207,#337,#5629,.T.);
#5627=EDGE_CURVE('',#337,#335,#5630,.T.);
#5628=LINE('',#334,#5631);
#5629=LINE('',#206,#5632);
#5630=LINE('',#336,#5633);
#5631=VECTOR('',#5634,1.0);
#5632=VECTOR('',#5635,1.0);
#5633=VECTOR('',#5636,1.0);
#5634=DIRECTION('',(-0.20136813627571087,0.688447250700164,0.6967720263445083));
#5635=DIRECTION('',(-0.13671550672137214,-0.7127702412383208,-0.6879443679738824));
#5636=DIRECTION('',(0.995185270943311,0.098011614094905,0));
#5637=FACE_SURFACE('',(#5642),#5638,.T.);
#5638=PLANE('',#5639);
#5639=AXIS2_PLACEMENT_3D('',#332,#5640,#5641);
#5640=DIRECTION('',(0,-0,1));
#5641=DIRECTION('',(0.0646985319115092,0.9979048551683148,0));
#5642=FACE_BOUND('',#5643,.T.);
#5643=EDGE_LOOP('',(#5644,#5645,#5646));
#5644=ORIENTED_EDGE('',*,*,#5647,.T.);
#5645=ORIENTED_EDGE('',*,*,#5648,.T.);
#5646=ORIENTED_EDGE('',*,*,#5649,.T.);
#5647=EDGE_CURVE('',#333,#329,#5650,.F.);
#5648=EDGE_CURVE('',#329,#207,#5651,.T.);
#5649=EDGE_CURVE('',#207,#333,#5652,.T.);
#5650=LINE('',#332,#5653);
#5651=LINE('',#328,#5654);
#5652=LINE('',#206,#5655);
#5653=VECTOR('',#5656,1.0);
#5654=VECTOR('',#5657,1.0);
#5655=VECTOR('',#5658,1.0);
#5656=DIRECTION('',(0.0646985319115092,0.9979048551683148,0));
#5657=DIRECTION('',(-0.15740782539169954,-0.9875336837320823,0));
#5658=DIRECTION('',(1,0,0));
#5659=FACE_SURFACE('',(#5664),#5660,.T.);
#5660=PLANE('',#5661);
#5661=AXIS2_PLACEMENT_3D('',#206,#5662,#5663);
#5662=DIRECTION('',(0.1170018234012444,-0.701222796609094,0.7032760217983441));
#5663=DIRECTION('',(-0.9863639444763521,-0.16457876241195823,0));
#5664=FACE_BOUND('',#5665,.T.);
#5665=EDGE_LOOP('',(#5666,#5667,#5668));
#5666=ORIENTED_EDGE('',*,*,#5669,.T.);
#5667=ORIENTED_EDGE('',*,*,#5670,.T.);
#5668=ORIENTED_EDGE('',*,*,#5671,.T.);
#5669=EDGE_CURVE('',#207,#211,#5672,.F.);
#5670=EDGE_CURVE('',#211,#337,#5673,.T.);
#5671=EDGE_CURVE('',#337,#207,#5674,.T.);
#5672=LINE('',#206,#5675);
#5673=LINE('',#210,#5676);
#5674=LINE('',#336,#5677);
#5675=VECTOR('',#5678,1.0);
#5676=VECTOR('',#5679,1.0);
#5677=VECTOR('',#5680,1.0);
#5678=DIRECTION('',(-0.9863639444763521,-0.16457876241195823,0));
#5679=DIRECTION('',(0.26114079686384983,-0.6614980438467862,-0.7030119644786914));
#5680=DIRECTION('',(0.13671550672137214,0.7127702412383208,0.6879443679738824));
#5681=FACE_SURFACE('',(#5686),#5682,.T.);
#5682=PLANE('',#5683);
#5683=AXIS2_PLACEMENT_3D('',#212,#5684,#5685);
#5684=DIRECTION('',(0.5228059435995656,-0.4812568364604949,0.7036091263599444));
#5685=DIRECTION('',(-0.6772663831815543,-0.7357378923313493,0));
#5686=FACE_BOUND('',#5687,.T.);
#5687=EDGE_LOOP('',(#5688,#5689,#5690));
#5688=ORIENTED_EDGE('',*,*,#5691,.T.);
#5689=ORIENTED_EDGE('',*,*,#5692,.T.);
#5690=ORIENTED_EDGE('',*,*,#5693,.T.);
#5691=EDGE_CURVE('',#213,#209,#5694,.F.);
#5692=EDGE_CURVE('',#209,#339,#5695,.T.);
#5693=EDGE_CURVE('',#339,#213,#5696,.T.);
#5694=LINE('',#212,#5697);
#5695=LINE('',#208,#5698);
#5696=LINE('',#338,#5699);
#5697=VECTOR('',#5700,1.0);
#5698=VECTOR('',#5701,1.0);
#5699=VECTOR('',#5702,1.0);
#5700=DIRECTION('',(-0.6772663831815543,-0.7357378923313493,0));
#5701=DIRECTION('',(0.6805208621661768,-0.26146723653183235,-0.6844897664516324));
#5702=DIRECTION('',(-0.42460463223708733,0.5687014700886862,0.7044782070453103));
#5703=FACE_SURFACE('',(#5708),#5704,.T.);
#5704=PLANE('',#5705);
#5705=AXIS2_PLACEMENT_3D('',#338,#5706,#5707);
#5706=DIRECTION('',(0.543632591389511,-0.4461698023181487,0.7109121697358325));
#5707=DIRECTION('',(-0.6805208621661768,0.26146723653183235,0.6844897664516324));
#5708=FACE_BOUND('',#5709,.T.);
#5709=EDGE_LOOP('',(#5710,#5711,#5712));
#5710=ORIENTED_EDGE('',*,*,#5713,.T.);
#5711=ORIENTED_EDGE('',*,*,#5714,.T.);
#5712=ORIENTED_EDGE('',*,*,#5715,.T.);
#5713=EDGE_CURVE('',#339,#209,#5716,.F.);
#5714=EDGE_CURVE('',#209,#331,#5717,.T.);
#5715=EDGE_CURVE('',#331,#339,#5718,.T.);
#5716=LINE('',#338,#5719);
#5717=LINE('',#208,#5720);
#5718=LINE('',#330,#5721);
#5719=VECTOR('',#5722,1.0);
#5720=VECTOR('',#5723,1.0);
#5721=VECTOR('',#5724,1.0);
#5722=DIRECTION('',(-0.6805208621661768,0.26146723653183235,0.6844897664516324));
#5723=DIRECTION('',(0.4777274649397162,-0.5319332096775164,-0.6991591590506753));
#5724=DIRECTION('',(0.6344120312142322,0.772995067675488,0));
#5725=FACE_SURFACE('',(#5730),#5726,.T.);
#5726=PLANE('',#5727);
#5727=AXIS2_PLACEMENT_3D('',#336,#5728,#5729);
#5728=DIRECTION('',(0.20440305906842687,-0.6738745493432552,0.7100087895166467));
#5729=DIRECTION('',(-0.26114079686384983,0.6614980438467862,0.7030119644786914));
#5730=FACE_BOUND('',#5731,.T.);
#5731=EDGE_LOOP('',(#5732,#5733,#5734));
#5732=ORIENTED_EDGE('',*,*,#5735,.T.);
#5733=ORIENTED_EDGE('',*,*,#5736,.T.);
#5734=ORIENTED_EDGE('',*,*,#5737,.T.);
#5735=EDGE_CURVE('',#337,#211,#5738,.F.);
#5736=EDGE_CURVE('',#211,#341,#5739,.T.);
#5737=EDGE_CURVE('',#341,#337,#5740,.T.);
#5738=LINE('',#336,#5741);
#5739=LINE('',#210,#5742);
#5740=LINE('',#340,#5743);
#5741=VECTOR('',#5744,1.0);
#5742=VECTOR('',#5745,1.0);
#5743=VECTOR('',#5746,1.0);
#5744=DIRECTION('',(-0.26114079686384983,0.6614980438467862,0.7030119644786914));
#5745=DIRECTION('',(-0.06601536587633385,-0.7331609524710674,-0.6768434008246894));
#5746=DIRECTION('',(0.9569460753819728,0.2902657554914801,0));
#5747=FACE_SURFACE('',(#5752),#5748,.T.);
#5748=PLANE('',#5749);
#5749=AXIS2_PLACEMENT_3D('',#210,#5750,#5751);
#5750=DIRECTION('',(0.23041740911226438,-0.6711906839533905,0.7045643216571296));
#5751=DIRECTION('',(-0.9458183858060222,-0.3246961365204253,0));
#5752=FACE_BOUND('',#5753,.T.);
#5753=EDGE_LOOP('',(#5754,#5755,#5756));
#5754=ORIENTED_EDGE('',*,*,#5757,.T.);
#5755=ORIENTED_EDGE('',*,*,#5758,.T.);
#5756=ORIENTED_EDGE('',*,*,#5759,.T.);
#5757=EDGE_CURVE('',#211,#215,#5760,.F.);
#5758=EDGE_CURVE('',#215,#341,#5761,.T.);
#5759=EDGE_CURVE('',#341,#211,#5762,.T.);
#5760=LINE('',#210,#5763);
#5761=LINE('',#214,#5764);
#5762=LINE('',#340,#5765);
#5763=VECTOR('',#5766,1.0);
#5764=VECTOR('',#5767,1.0);
#5765=VECTOR('',#5768,1.0);
#5766=DIRECTION('',(-0.9458183858060222,-0.3246961365204253,0));
#5767=DIRECTION('',(0.3173496966815023,-0.6326297214281252,-0.7064480204388226));
#5768=DIRECTION('',(0.06601536587633385,0.7331609524710674,0.6768434008246894));
#5769=FACE_SURFACE('',(#5774),#5770,.T.);
#5770=PLANE('',#5771);
#5771=AXIS2_PLACEMENT_3D('',#216,#5772,#5773);
#5772=DIRECTION('',(0.43548924996425437,-0.5595163787413017,0.7051882976097885));
#5773=DIRECTION('',(-0.7891403917788838,-0.6142128638046176,0));
#5774=FACE_BOUND('',#5775,.T.);
#5775=EDGE_LOOP('',(#5776,#5777,#5778));
#5776=ORIENTED_EDGE('',*,*,#5779,.T.);
#5777=ORIENTED_EDGE('',*,*,#5780,.T.);
#5778=ORIENTED_EDGE('',*,*,#5781,.T.);
#5779=EDGE_CURVE('',#217,#213,#5782,.F.);
#5780=EDGE_CURVE('',#213,#343,#5783,.T.);
#5781=EDGE_CURVE('',#343,#217,#5784,.T.);
#5782=LINE('',#216,#5785);
#5783=LINE('',#212,#5786);
#5784=LINE('',#342,#5787);
#5785=VECTOR('',#5788,1.0);
#5786=VECTOR('',#5789,1.0);
#5787=VECTOR('',#5790,1.0);
#5788=DIRECTION('',(-0.7891403917788838,-0.6142128638046176,0));
#5789=DIRECTION('',(0.6602951676468803,-0.3339043931655425,-0.6726946913770978));
#5790=DIRECTION('',(-0.37141813193944456,0.6019040527442224,0.7069371135799093));
#5791=FACE_SURFACE('',(#5796),#5792,.T.);
#5792=PLANE('',#5793);
#5793=AXIS2_PLACEMENT_3D('',#342,#5794,#5795);
#5794=DIRECTION('',(0.447142418174805,-0.5448663537886654,0.7093548578658164));
#5795=DIRECTION('',(-0.6602951676468803,0.3339043931655425,0.6726946913770978));
#5796=FACE_BOUND('',#5797,.T.);
#5797=EDGE_LOOP('',(#5798,#5799,#5800));
#5798=ORIENTED_EDGE('',*,*,#5801,.T.);
#5799=ORIENTED_EDGE('',*,*,#5802,.T.);
#5800=ORIENTED_EDGE('',*,*,#5803,.T.);
#5801=EDGE_CURVE('',#343,#213,#5804,.F.);
#5802=EDGE_CURVE('',#213,#339,#5805,.T.);
#5803=EDGE_CURVE('',#339,#343,#5806,.T.);
#5804=LINE('',#342,#5807);
#5805=LINE('',#212,#5808);
#5806=LINE('',#338,#5809);
#5807=VECTOR('',#5810,1.0);
#5808=VECTOR('',#5811,1.0);
#5809=VECTOR('',#5812,1.0);
#5810=DIRECTION('',(-0.6602951676468803,0.3339043931655425,0.6726946913770978));
#5811=DIRECTION('',(0.42460463223708733,-0.5687014700886862,-0.7044782070453103));
#5812=DIRECTION('',(0.7730228667384983,0.63437815811974,0));
#5813=FACE_SURFACE('',(#5818),#5814,.T.);
#5814=PLANE('',#5815);
#5815=AXIS2_PLACEMENT_3D('',#214,#5816,#5817);
#5816=DIRECTION('',(0.33631758375562204,-0.6214507276984085,0.7075941463154558));
#5817=DIRECTION('',(-0.8794706304463946,-0.4759531596514736,0));
#5818=FACE_BOUND('',#5819,.T.);
#5819=EDGE_LOOP('',(#5820,#5821,#5822));
#5820=ORIENTED_EDGE('',*,*,#5823,.T.);
#5821=ORIENTED_EDGE('',*,*,#5824,.T.);
#5822=ORIENTED_EDGE('',*,*,#5825,.T.);
#5823=EDGE_CURVE('',#215,#217,#5826,.F.);
#5824=EDGE_CURVE('',#217,#341,#5827,.T.);
#5825=EDGE_CURVE('',#341,#215,#5828,.T.);
#5826=LINE('',#214,#5829);
#5827=LINE('',#216,#5830);
#5828=LINE('',#340,#5831);
#5829=VECTOR('',#5832,1.0);
#5830=VECTOR('',#5833,1.0);
#5831=VECTOR('',#5834,1.0);
#5832=DIRECTION('',(-0.8794706304463946,-0.4759531596514736,0));
#5833=DIRECTION('',(0.6311566120895211,-0.40891015256446794,-0.6591159368012438));
#5834=DIRECTION('',(-0.3173496966815023,0.6326297214281252,0.7064480204388226));
#5835=FACE_SURFACE('',(#5840),#5836,.T.);
#5836=PLANE('',#5837);
#5837=AXIS2_PLACEMENT_3D('',#340,#5838,#5839);
#5838=DIRECTION('',(0.3335937367703825,-0.62404788324974,0.7065970975025948));
#5839=DIRECTION('',(-0.6311566120895211,0.40891015256446794,0.6591159368012438));
#5840=FACE_BOUND('',#5841,.T.);
#5841=EDGE_LOOP('',(#5842,#5843,#5844));
#5842=ORIENTED_EDGE('',*,*,#5845,.T.);
#5843=ORIENTED_EDGE('',*,*,#5846,.T.);
#5844=ORIENTED_EDGE('',*,*,#5847,.T.);
#5845=EDGE_CURVE('',#341,#217,#5848,.F.);
#5846=EDGE_CURVE('',#217,#343,#5849,.T.);
#5847=EDGE_CURVE('',#343,#341,#5850,.T.);
#5848=LINE('',#340,#5851);
#5849=LINE('',#216,#5852);
#5850=LINE('',#342,#5853);
#5851=VECTOR('',#5854,1.0);
#5852=VECTOR('',#5855,1.0);
#5853=VECTOR('',#5856,1.0);
#5854=DIRECTION('',(-0.6311566120895211,0.40891015256446794,0.6591159368012438));
#5855=DIRECTION('',(0.37141813193944456,-0.6019040527442224,-0.7069371135799093));
#5856=DIRECTION('',(0.8819017617466565,0.4714332218121073,0));
#5857=FACE_SURFACE('',(#5862),#5858,.T.);
#5858=PLANE('',#5859);
#5859=AXIS2_PLACEMENT_3D('',#220,#5860,#5861);
#5860=DIRECTION('',(0.9951849718421591,0.09801465104524347,0));
#5861=DIRECTION('',(-0.0020010273577033316,0.020317292704660605,-0.9997915800338922));
#5862=FACE_BOUND('',#5863,.T.);
#5863=EDGE_LOOP('',(#5864,#5865,#5866));
#5864=ORIENTED_EDGE('',*,*,#5867,.T.);
#5865=ORIENTED_EDGE('',*,*,#5868,.T.);
#5866=ORIENTED_EDGE('',*,*,#5869,.T.);
#5867=EDGE_CURVE('',#221,#345,#5870,.F.);
#5868=EDGE_CURVE('',#345,#219,#5871,.T.);
#5869=EDGE_CURVE('',#219,#221,#5872,.T.);
#5870=LINE('',#220,#5873);
#5871=LINE('',#344,#5874);
#5872=LINE('',#218,#5875);
#5873=VECTOR('',#5876,1.0);
#5874=VECTOR('',#5877,1.0);
#5875=VECTOR('',#5878,1.0);
#5876=DIRECTION('',(-0.0020010273577033316,0.020317292704660605,-0.9997915800338922));
#5877=DIRECTION('',(0,0,1));
#5878=DIRECTION('',(0.09801465104524347,-0.9951849718421591,0));
#5879=FACE_SURFACE('',(#5884),#5880,.T.);
#5880=PLANE('',#5881);
#5881=AXIS2_PLACEMENT_3D('',#346,#5882,#5883);
#5882=DIRECTION('',(0.995185270943311,-0.098011614094905,0));
#5883=DIRECTION('',(-0.002001027331860271,-0.020317928092624424,0.9997915671216877));
#5884=FACE_BOUND('',#5885,.T.);
#5885=EDGE_LOOP('',(#5886,#5887,#5888));
#5886=ORIENTED_EDGE('',*,*,#5889,.T.);
#5887=ORIENTED_EDGE('',*,*,#5890,.T.);
#5888=ORIENTED_EDGE('',*,*,#5891,.T.);
#5889=EDGE_CURVE('',#347,#219,#5892,.F.);
#5890=EDGE_CURVE('',#219,#345,#5893,.T.);
#5891=EDGE_CURVE('',#345,#347,#5894,.T.);
#5892=LINE('',#346,#5895);
#5893=LINE('',#218,#5896);
#5894=LINE('',#344,#5897);
#5895=VECTOR('',#5898,1.0);
#5896=VECTOR('',#5899,1.0);
#5897=VECTOR('',#5900,1.0);
#5898=DIRECTION('',(-0.002001027331860271,-0.020317928092624424,0.9997915671216877));
#5899=DIRECTION('',(0,0,-1));
#5900=DIRECTION('',(0.098011614094905,0.995185270943311,0));
#5901=FACE_SURFACE('',(#5906),#5902,.T.);
#5902=PLANE('',#5903);
#5903=AXIS2_PLACEMENT_3D('',#346,#5904,#5905);
#5904=DIRECTION('',(0.995185270943311,-0.098011614094905,0));
#5905=DIRECTION('',(0,0,1));
#5906=FACE_BOUND('',#5907,.T.);
#5907=EDGE_LOOP('',(#5908,#5909,#5910));
#5908=ORIENTED_EDGE('',*,*,#5911,.T.);
#5909=ORIENTED_EDGE('',*,*,#5912,.T.);
#5910=ORIENTED_EDGE('',*,*,#5913,.T.);
#5911=EDGE_CURVE('',#347,#319,#5914,.F.);
#5912=EDGE_CURVE('',#319,#219,#5915,.T.);
#5913=EDGE_CURVE('',#219,#347,#5916,.T.);
#5914=LINE('',#346,#5917);
#5915=LINE('',#318,#5918);
#5916=LINE('',#218,#5919);
#5917=VECTOR('',#5920,1.0);
#5918=VECTOR('',#5921,1.0);
#5919=VECTOR('',#5922,1.0);
#5920=DIRECTION('',(0,0,1));
#5921=DIRECTION('',(-0.098011614094905,-0.995185270943311,0));
#5922=DIRECTION('',(0.002001027331860271,0.020317928092624424,-0.9997915671216877));
#5923=FACE_SURFACE('',(#5928),#5924,.T.);
#5924=PLANE('',#5925);
#5925=AXIS2_PLACEMENT_3D('',#222,#5926,#5927);
#5926=DIRECTION('',(0.9569348030711599,0.2903029153680005,0));
#5927=DIRECTION('',(-0.0059268039883547344,0.019536713919142294,-0.9997915731809932));
#5928=FACE_BOUND('',#5929,.T.);
#5929=EDGE_LOOP('',(#5930,#5931,#5932));
#5930=ORIENTED_EDGE('',*,*,#5933,.T.);
#5931=ORIENTED_EDGE('',*,*,#5934,.T.);
#5932=ORIENTED_EDGE('',*,*,#5935,.T.);
#5933=EDGE_CURVE('',#223,#349,#5936,.F.);
#5934=EDGE_CURVE('',#349,#221,#5937,.T.);
#5935=EDGE_CURVE('',#221,#223,#5938,.T.);
#5936=LINE('',#222,#5939);
#5937=LINE('',#348,#5940);
#5938=LINE('',#220,#5941);
#5939=VECTOR('',#5942,1.0);
#5940=VECTOR('',#5943,1.0);
#5941=VECTOR('',#5944,1.0);
#5942=DIRECTION('',(-0.0059268039883547344,0.019536713919142294,-0.9997915731809932));
#5943=DIRECTION('',(0,0,1));
#5944=DIRECTION('',(0.2903029153680005,-0.9569348030711599,0));
#5945=FACE_SURFACE('',(#5950),#5946,.T.);
#5946=PLANE('',#5947);
#5947=AXIS2_PLACEMENT_3D('',#220,#5948,#5949);
#5948=DIRECTION('',(0.9951849718421591,0.09801465104524347,0));
#5949=DIRECTION('',(0,0,-1));
#5950=FACE_BOUND('',#5951,.T.);
#5951=EDGE_LOOP('',(#5952,#5953,#5954));
#5952=ORIENTED_EDGE('',*,*,#5955,.T.);
#5953=ORIENTED_EDGE('',*,*,#5956,.T.);
#5954=ORIENTED_EDGE('',*,*,#5957,.T.);
#5955=EDGE_CURVE('',#221,#349,#5958,.F.);
#5956=EDGE_CURVE('',#349,#345,#5959,.T.);
#5957=EDGE_CURVE('',#345,#221,#5960,.T.);
#5958=LINE('',#220,#5961);
#5959=LINE('',#348,#5962);
#5960=LINE('',#344,#5963);
#5961=VECTOR('',#5964,1.0);
#5962=VECTOR('',#5965,1.0);
#5963=VECTOR('',#5966,1.0);
#5964=DIRECTION('',(0,0,-1));
#5965=DIRECTION('',(-0.09801465104524347,0.9951849718421591,0));
#5966=DIRECTION('',(0.0020010273577033316,-0.020317292704660605,0.9997915800338922));
#5967=FACE_SURFACE('',(#5972),#5968,.T.);
#5968=PLANE('',#5969);
#5969=AXIS2_PLACEMENT_3D('',#224,#5970,#5971);
#5970=DIRECTION('',(0.8819285443604128,0.4713831166284209,0));
#5971=DIRECTION('',(-0.009623746492807986,0.01800543217670271,-0.99979157223672));
#5972=FACE_BOUND('',#5973,.T.);
#5973=EDGE_LOOP('',(#5974,#5975,#5976));
#5974=ORIENTED_EDGE('',*,*,#5977,.T.);
#5975=ORIENTED_EDGE('',*,*,#5978,.T.);
#5976=ORIENTED_EDGE('',*,*,#5979,.T.);
#5977=EDGE_CURVE('',#225,#351,#5980,.F.);
#5978=EDGE_CURVE('',#351,#223,#5981,.T.);
#5979=EDGE_CURVE('',#223,#225,#5982,.T.);
#5980=LINE('',#224,#5983);
#5981=LINE('',#350,#5984);
#5982=LINE('',#222,#5985);
#5983=VECTOR('',#5986,1.0);
#5984=VECTOR('',#5987,1.0);
#5985=VECTOR('',#5988,1.0);
#5986=DIRECTION('',(-0.009623746492807986,0.01800543217670271,-0.99979157223672));
#5987=DIRECTION('',(0,0,1));
#5988=DIRECTION('',(0.47138311662842086,-0.8819285443604128,0));
#5989=FACE_SURFACE('',(#5994),#5990,.T.);
#5990=PLANE('',#5991);
#5991=AXIS2_PLACEMENT_3D('',#222,#5992,#5993);
#5992=DIRECTION('',(0.9569348030711599,0.2903029153680005,0));
#5993=DIRECTION('',(0,0,-1));
#5994=FACE_BOUND('',#5995,.T.);
#5995=EDGE_LOOP('',(#5996,#5997,#5998));
#5996=ORIENTED_EDGE('',*,*,#5999,.T.);
#5997=ORIENTED_EDGE('',*,*,#6000,.T.);
#5998=ORIENTED_EDGE('',*,*,#6001,.T.);
#5999=EDGE_CURVE('',#223,#351,#6002,.F.);
#6000=EDGE_CURVE('',#351,#349,#6003,.T.);
#6001=EDGE_CURVE('',#349,#223,#6004,.T.);
#6002=LINE('',#222,#6005);
#6003=LINE('',#350,#6006);
#6004=LINE('',#348,#6007);
#6005=VECTOR('',#6008,1.0);
#6006=VECTOR('',#6009,1.0);
#6007=VECTOR('',#6010,1.0);
#6008=DIRECTION('',(0,0,-1));
#6009=DIRECTION('',(-0.2903029153680005,0.9569348030711599,0));
#6010=DIRECTION('',(0.0059268039883547344,-0.019536713919142294,0.9997915731809932));
#6011=FACE_SURFACE('',(#6016),#6012,.T.);
#6012=PLANE('',#6013);
#6013=AXIS2_PLACEMENT_3D('',#226,#6014,#6015);
#6014=DIRECTION('',(0.7730075984992274,0.6343967628089359,0));
#6015=DIRECTION('',(-0.012952011716331983,0.015781927114894505,-0.9997915663622294));
#6016=FACE_BOUND('',#6017,.T.);
#6017=EDGE_LOOP('',(#6018,#6019,#6020));
#6018=ORIENTED_EDGE('',*,*,#6021,.T.);
#6019=ORIENTED_EDGE('',*,*,#6022,.T.);
#6020=ORIENTED_EDGE('',*,*,#6023,.T.);
#6021=EDGE_CURVE('',#227,#353,#6024,.F.);
#6022=EDGE_CURVE('',#353,#225,#6025,.T.);
#6023=EDGE_CURVE('',#225,#227,#6026,.T.);
#6024=LINE('',#226,#6027);
#6025=LINE('',#352,#6028);
#6026=LINE('',#224,#6029);
#6027=VECTOR('',#6030,1.0);
#6028=VECTOR('',#6031,1.0);
#6029=VECTOR('',#6032,1.0);
#6030=DIRECTION('',(-0.012952011716331983,0.015781927114894505,-0.9997915663622294));
#6031=DIRECTION('',(0,0,1));
#6032=DIRECTION('',(0.6343967628089359,-0.7730075984992274,0));
#6033=FACE_SURFACE('',(#6038),#6034,.T.);
#6034=PLANE('',#6035);
#6035=AXIS2_PLACEMENT_3D('',#224,#6036,#6037);
#6036=DIRECTION('',(0.8819285443604128,0.4713831166284209,0));
#6037=DIRECTION('',(0,0,-1));
#6038=FACE_BOUND('',#6039,.T.);
#6039=EDGE_LOOP('',(#6040,#6041,#6042));
#6040=ORIENTED_EDGE('',*,*,#6043,.T.);
#6041=ORIENTED_EDGE('',*,*,#6044,.T.);
#6042=ORIENTED_EDGE('',*,*,#6045,.T.);
#6043=EDGE_CURVE('',#225,#353,#6046,.F.);
#6044=EDGE_CURVE('',#353,#351,#6047,.T.);
#6045=EDGE_CURVE('',#351,#225,#6048,.T.);
#6046=LINE('',#224,#6049);
#6047=LINE('',#352,#6050);
#6048=LINE('',#350,#6051);
#6049=VECTOR('',#6052,1.0);
#6050=VECTOR('',#6053,1.0);
#6051=VECTOR('',#6054,1.0);
#6052=DIRECTION('',(0,0,-1));
#6053=DIRECTION('',(-0.47138311662842086,0.8819285443604128,0));
#6054=DIRECTION('',(0.009623746492807986,-0.01800543217670271,0.99979157223672));
#6055=FACE_SURFACE('',(#6060),#6056,.T.);
#6056=PLANE('',#6057);
#6057=AXIS2_PLACEMENT_3D('',#228,#6058,#6059);
#6058=DIRECTION('',(0.63437815811974,0.7730228667384984,0));
#6059=DIRECTION('',(-0.01578192724482315,0.012951376172598344,-0.9997915745932624));
#6060=FACE_BOUND('',#6061,.T.);
#6061=EDGE_LOOP('',(#6062,#6063,#6064));
#6062=ORIENTED_EDGE('',*,*,#6065,.T.);
#6063=ORIENTED_EDGE('',*,*,#6066,.T.);
#6064=ORIENTED_EDGE('',*,*,#6067,.T.);
#6065=EDGE_CURVE('',#229,#355,#6068,.F.);
#6066=EDGE_CURVE('',#355,#227,#6069,.T.);
#6067=EDGE_CURVE('',#227,#229,#6070,.T.);
#6068=LINE('',#228,#6071);
#6069=LINE('',#354,#6072);
#6070=LINE('',#226,#6073);
#6071=VECTOR('',#6074,1.0);
#6072=VECTOR('',#6075,1.0);
#6073=VECTOR('',#6076,1.0);
#6074=DIRECTION('',(-0.01578192724482315,0.012951376172598344,-0.9997915745932624));
#6075=DIRECTION('',(0,0,1));
#6076=DIRECTION('',(0.7730228667384983,-0.63437815811974,0));
#6077=FACE_SURFACE('',(#6082),#6078,.T.);
#6078=PLANE('',#6079);
#6079=AXIS2_PLACEMENT_3D('',#226,#6080,#6081);
#6080=DIRECTION('',(0.7730075984992274,0.6343967628089359,0));
#6081=DIRECTION('',(0,0,-1));
#6082=FACE_BOUND('',#6083,.T.);
#6083=EDGE_LOOP('',(#6084,#6085,#6086));
#6084=ORIENTED_EDGE('',*,*,#6087,.T.);
#6085=ORIENTED_EDGE('',*,*,#6088,.T.);
#6086=ORIENTED_EDGE('',*,*,#6089,.T.);
#6087=EDGE_CURVE('',#227,#355,#6090,.F.);
#6088=EDGE_CURVE('',#355,#353,#6091,.T.);
#6089=EDGE_CURVE('',#353,#227,#6092,.T.);
#6090=LINE('',#226,#6093);
#6091=LINE('',#354,#6094);
#6092=LINE('',#352,#6095);
#6093=VECTOR('',#6096,1.0);
#6094=VECTOR('',#6097,1.0);
#6095=VECTOR('',#6098,1.0);
#6096=DIRECTION('',(0,0,-1));
#6097=DIRECTION('',(-0.6343967628089359,0.7730075984992274,0));
#6098=DIRECTION('',(0.012952011716331983,-0.015781927114894505,0.9997915663622294));
#6099=FACE_SURFACE('',(#6104),#6100,.T.);
#6100=PLANE('',#6101);
#6101=AXIS2_PLACEMENT_3D('',#228,#6102,#6103);
#6102=DIRECTION('',(0.63437815811974,0.7730228667384984,0));
#6103=DIRECTION('',(0,0,-1));
#6104=FACE_BOUND('',#6105,.T.);
#6105=EDGE_LOOP('',(#6106,#6107,#6108));
#6106=ORIENTED_EDGE('',*,*,#6109,.T.);
#6107=ORIENTED_EDGE('',*,*,#6110,.T.);
#6108=ORIENTED_EDGE('',*,*,#6111,.T.);
#6109=EDGE_CURVE('',#229,#307,#6112,.F.);
#6110=EDGE_CURVE('',#307,#355,#6113,.T.);
#6111=EDGE_CURVE('',#355,#229,#6114,.T.);
#6112=LINE('',#228,#6115);
#6113=LINE('',#306,#6116);
#6114=LINE('',#354,#6117);
#6115=VECTOR('',#6118,1.0);
#6116=VECTOR('',#6119,1.0);
#6117=VECTOR('',#6120,1.0);
#6118=DIRECTION('',(0,0,-1));
#6119=DIRECTION('',(-0.7730228667384983,0.63437815811974,0));
#6120=DIRECTION('',(0.01578192724482315,-0.012951376172598344,0.9997915745932624));
#6121=FACE_SURFACE('',(#6126),#6122,.T.);
#6122=PLANE('',#6123);
#6123=AXIS2_PLACEMENT_3D('',#356,#6124,#6125);
#6124=DIRECTION('',(0,0,-1));
#6125=DIRECTION('',(0.9988673885959756,-0.0475808785065633,0));
#6126=FACE_BOUND('',#6127,.T.);
#6127=EDGE_LOOP('',(#6128,#6129,#6130));
#6128=ORIENTED_EDGE('',*,*,#6131,.T.);
#6129=ORIENTED_EDGE('',*,*,#6132,.T.);
#6130=ORIENTED_EDGE('',*,*,#6133,.T.);
#6131=EDGE_CURVE('',#357,#279,#6134,.F.);
#6132=EDGE_CURVE('',#279,#231,#6135,.T.);
#6133=EDGE_CURVE('',#231,#357,#6136,.T.);
#6134=LINE('',#356,#6137);
#6135=LINE('',#278,#6138);
#6136=LINE('',#230,#6139);
#6137=VECTOR('',#6140,1.0);
#6138=VECTOR('',#6141,1.0);
#6139=VECTOR('',#6142,1.0);
#6140=DIRECTION('',(0.9988673885959756,-0.0475808785065633,0));
#6141=DIRECTION('',(-1,0,0));
#6142=DIRECTION('',(-0.7860407038706821,0.6181747421712429,0));
#6143=FACE_SURFACE('',(#6148),#6144,.T.);
#6144=PLANE('',#6145);
#6145=AXIS2_PLACEMENT_3D('',#230,#6146,#6147);
#6146=DIRECTION('',(-0.6181747292183322,-0.7860406874003958,-0.0002047118827047567));
#6147=DIRECTION('',(-0.007447009268385294,0.005596211504009347,0.9999566112935896));
#6148=FACE_BOUND('',#6149,.T.);
#6149=EDGE_LOOP('',(#6150,#6151,#6152));
#6150=ORIENTED_EDGE('',*,*,#6153,.T.);
#6151=ORIENTED_EDGE('',*,*,#6154,.T.);
#6152=ORIENTED_EDGE('',*,*,#6155,.T.);
#6153=EDGE_CURVE('',#231,#237,#6156,.F.);
#6154=EDGE_CURVE('',#237,#357,#6157,.T.);
#6155=EDGE_CURVE('',#357,#231,#6158,.T.);
#6156=LINE('',#230,#6159);
#6157=LINE('',#236,#6160);
#6158=LINE('',#356,#6161);
#6159=VECTOR('',#6162,1.0);
#6160=VECTOR('',#6163,1.0);
#6161=VECTOR('',#6164,1.0);
#6162=DIRECTION('',(-0.007447009268385294,0.005596211504009347,0.9999566112935896));
#6163=DIRECTION('',(-0.006137750665528733,0.005087405521466001,-0.9999682226560141));
#6164=DIRECTION('',(0.7860407038706821,-0.6181747421712429,0));
#6165=FACE_SURFACE('',(#6170),#6166,.T.);
#6166=PLANE('',#6167);
#6167=AXIS2_PLACEMENT_3D('',#230,#6168,#6169);
#6168=DIRECTION('',(-0.5851271062885544,-0.8109415742281867,0.00018076142606534258));
#6169=DIRECTION('',(0.005814367388354249,-0.003972403343111216,0.9999752062644118));
#6170=FACE_BOUND('',#6171,.T.);
#6171=EDGE_LOOP('',(#6172,#6173,#6174));
#6172=ORIENTED_EDGE('',*,*,#6175,.T.);
#6173=ORIENTED_EDGE('',*,*,#6176,.T.);
#6174=ORIENTED_EDGE('',*,*,#6177,.T.);
#6175=EDGE_CURVE('',#231,#233,#6178,.F.);
#6176=EDGE_CURVE('',#233,#237,#6179,.T.);
#6177=EDGE_CURVE('',#237,#231,#6180,.T.);
#6178=LINE('',#230,#6181);
#6179=LINE('',#232,#6182);
#6180=LINE('',#236,#6183);
#6181=VECTOR('',#6184,1.0);
#6182=VECTOR('',#6185,1.0);
#6183=VECTOR('',#6186,1.0);
#6184=DIRECTION('',(0.005814367388354249,-0.003972403343111216,0.9999752062644118));
#6185=DIRECTION('',(-0.8109415874768205,0.5851271158479789,0));
#6186=DIRECTION('',(0.007447009268385294,-0.005596211504009347,-0.9999566112935896));
#6187=FACE_SURFACE('',(#6192),#6188,.T.);
#6188=PLANE('',#6189);
#6189=AXIS2_PLACEMENT_3D('',#356,#6190,#6191);
#6190=DIRECTION('',(-0.6557493366031559,-0.7549786577826025,0.00018394918038022322));
#6191=DIRECTION('',(0.006137750665528733,-0.005087405521466001,0.9999682226560141));
#6192=FACE_BOUND('',#6193,.T.);
#6193=EDGE_LOOP('',(#6194,#6195,#6196));
#6194=ORIENTED_EDGE('',*,*,#6197,.T.);
#6195=ORIENTED_EDGE('',*,*,#6198,.T.);
#6196=ORIENTED_EDGE('',*,*,#6199,.T.);
#6197=EDGE_CURVE('',#357,#237,#6200,.F.);
#6198=EDGE_CURVE('',#237,#235,#6201,.T.);
#6199=EDGE_CURVE('',#235,#357,#6202,.T.);
#6200=LINE('',#356,#6203);
#6201=LINE('',#236,#6204);
#6202=LINE('',#234,#6205);
#6203=VECTOR('',#6206,1.0);
#6204=VECTOR('',#6207,1.0);
#6205=VECTOR('',#6208,1.0);
#6206=DIRECTION('',(0.006137750665528733,-0.005087405521466001,0.9999682226560141));
#6207=DIRECTION('',(-0.7549786705558228,0.6557493476975499,0));
#6208=DIRECTION('',(0.006207631039884368,-0.005635381354947128,-0.9999648532792825));
#6209=FACE_SURFACE('',(#6214),#6210,.T.);
#6210=PLANE('',#6211);
#6211=AXIS2_PLACEMENT_3D('',#234,#6212,#6213);
#6212=DIRECTION('',(-0.7209639089449669,-0.6929725884529991,0.0001834435706598284));
#6213=DIRECTION('',(-0.6929726001127982,0.7209639210757415,0));
#6214=FACE_BOUND('',#6215,.T.);
#6215=EDGE_LOOP('',(#6216,#6217,#6218));
#6216=ORIENTED_EDGE('',*,*,#6219,.T.);
#6217=ORIENTED_EDGE('',*,*,#6220,.T.);
#6218=ORIENTED_EDGE('',*,*,#6221,.T.);
#6219=EDGE_CURVE('',#235,#239,#6222,.F.);
#6220=EDGE_CURVE('',#239,#359,#6223,.T.);
#6221=EDGE_CURVE('',#359,#235,#6224,.T.);
#6222=LINE('',#234,#6225);
#6223=LINE('',#238,#6226);
#6224=LINE('',#358,#6227);
#6225=VECTOR('',#6228,1.0);
#6226=VECTOR('',#6229,1.0);
#6227=VECTOR('',#6230,1.0);
#6228=DIRECTION('',(-0.6929726001127982,0.7209639210757415,0));
#6229=DIRECTION('',(0.00503082648699201,-0.005498749688861756,-0.9999722268826855));
#6230=DIRECTION('',(0.006301499628949189,-0.006291327506203783,0.9999603543644298));
#6231=FACE_SURFACE('',(#6236),#6232,.T.);
#6232=PLANE('',#6233);
#6233=AXIS2_PLACEMENT_3D('',#356,#6234,#6235);
#6234=DIRECTION('',(-0.6900571201173761,-0.7237548818166369,-0.00020499243640431287));
#6235=DIRECTION('',(-0.006207631039884368,0.005635381354947128,0.9999648532792825));
#6236=FACE_BOUND('',#6237,.T.);
#6237=EDGE_LOOP('',(#6238,#6239,#6240));
#6238=ORIENTED_EDGE('',*,*,#6241,.T.);
#6239=ORIENTED_EDGE('',*,*,#6242,.T.);
#6240=ORIENTED_EDGE('',*,*,#6243,.T.);
#6241=EDGE_CURVE('',#357,#235,#6244,.F.);
#6242=EDGE_CURVE('',#235,#359,#6245,.T.);
#6243=EDGE_CURVE('',#359,#357,#6246,.T.);
#6244=LINE('',#356,#6247);
#6245=LINE('',#234,#6248);
#6246=LINE('',#358,#6249);
#6247=VECTOR('',#6250,1.0);
#6248=VECTOR('',#6251,1.0);
#6249=VECTOR('',#6252,1.0);
#6250=DIRECTION('',(-0.006207631039884368,0.005635381354947128,0.9999648532792825));
#6251=DIRECTION('',(-0.006301499628949189,0.006291327506203783,-0.9999603543644298));
#6252=DIRECTION('',(0.7237548970234148,-0.6900571346161319,0));
#6253=FACE_SURFACE('',(#6258),#6254,.T.);
#6254=PLANE('',#6255);
#6255=AXIS2_PLACEMENT_3D('',#238,#6256,#6257);
#6256=DIRECTION('',(-0.7803768240152393,-0.6253095084146147,0.00017670925591788773));
#6257=DIRECTION('',(-0.6253095181776227,0.7803768361993257,0));
#6258=FACE_BOUND('',#6259,.T.);
#6259=EDGE_LOOP('',(#6260,#6261,#6262));
#6260=ORIENTED_EDGE('',*,*,#6263,.T.);
#6261=ORIENTED_EDGE('',*,*,#6264,.T.);
#6262=ORIENTED_EDGE('',*,*,#6265,.T.);
#6263=EDGE_CURVE('',#239,#241,#6266,.F.);
#6264=EDGE_CURVE('',#241,#361,#6267,.T.);
#6265=EDGE_CURVE('',#361,#239,#6268,.T.);
#6266=LINE('',#238,#6269);
#6267=LINE('',#240,#6270);
#6268=LINE('',#360,#6271);
#6269=VECTOR('',#6272,1.0);
#6270=VECTOR('',#6273,1.0);
#6271=VECTOR('',#6274,1.0);
#6272=DIRECTION('',(-0.6253095181776227,0.7803768361993257,0));
#6273=DIRECTION('',(0.003938509663271512,-0.00519778944170031,-0.9999787353371832));
#6274=DIRECTION('',(0.006286838683574699,-0.007563298545730962,0.9999516349176468));
#6275=FACE_SURFACE('',(#6280),#6276,.T.);
#6276=PLANE('',#6277);
#6277=AXIS2_PLACEMENT_3D('',#360,#6278,#6279);
#6278=DIRECTION('',(-0.7557687313100667,-0.6548385940296808,-0.0002013534285520468));
#6279=DIRECTION('',(0.6548386073043083,-0.7557687466307098,0));
#6280=FACE_BOUND('',#6281,.T.);
#6281=EDGE_LOOP('',(#6282,#6283,#6284));
#6282=ORIENTED_EDGE('',*,*,#6285,.T.);
#6283=ORIENTED_EDGE('',*,*,#6286,.T.);
#6284=ORIENTED_EDGE('',*,*,#6287,.T.);
#6285=EDGE_CURVE('',#361,#359,#6288,.F.);
#6286=EDGE_CURVE('',#359,#239,#6289,.T.);
#6287=EDGE_CURVE('',#239,#361,#6290,.T.);
#6288=LINE('',#360,#6291);
#6289=LINE('',#358,#6292);
#6290=LINE('',#238,#6293);
#6291=VECTOR('',#6294,1.0);
#6292=VECTOR('',#6295,1.0);
#6293=VECTOR('',#6296,1.0);
#6294=DIRECTION('',(0.6548386073043083,-0.7557687466307098,0));
#6295=DIRECTION('',(-0.00503082648699201,0.005498749688861756,0.9999722268826855));
#6296=DIRECTION('',(-0.006286838683574699,0.007563298545730962,-0.9999516349176468));
#6297=FACE_SURFACE('',(#6302),#6298,.T.);
#6298=PLANE('',#6299);
#6299=AXIS2_PLACEMENT_3D('',#240,#6300,#6301);
#6300=DIRECTION('',(-0.8334658837892834,-0.5525708942301394,0.00016555679597002887));
#6301=DIRECTION('',(-0.552570901802862,0.8334658952115388,0));
#6302=FACE_BOUND('',#6303,.T.);
#6303=EDGE_LOOP('',(#6304,#6305,#6306));
#6304=ORIENTED_EDGE('',*,*,#6307,.T.);
#6305=ORIENTED_EDGE('',*,*,#6308,.T.);
#6306=ORIENTED_EDGE('',*,*,#6309,.T.);
#6307=EDGE_CURVE('',#241,#243,#6310,.F.);
#6308=EDGE_CURVE('',#243,#363,#6311,.T.);
#6309=EDGE_CURVE('',#363,#241,#6312,.T.);
#6310=LINE('',#240,#6313);
#6311=LINE('',#242,#6314);
#6312=LINE('',#362,#6315);
#6313=VECTOR('',#6316,1.0);
#6314=VECTOR('',#6317,1.0);
#6315=VECTOR('',#6318,1.0);
#6316=DIRECTION('',(-0.552570901802862,0.8334658952115388,0));
#6317=DIRECTION('',(0.0029494648024379223,-0.004748408801590235,-0.9999843765135694));
#6318=DIRECTION('',(0.0060864694611202355,-0.008880882976994514,0.999942040723885));
#6319=FACE_SURFACE('',(#6324),#6320,.T.);
#6320=PLANE('',#6321);
#6321=AXIS2_PLACEMENT_3D('',#362,#6322,#6323);
#6322=DIRECTION('',(-0.8145870588734687,-0.5800412796854393,-0.00019333067476137416));
#6323=DIRECTION('',(0.5800412905254686,-0.8145870740967777,0));
#6324=FACE_BOUND('',#6325,.T.);
#6325=EDGE_LOOP('',(#6326,#6327,#6328));
#6326=ORIENTED_EDGE('',*,*,#6329,.T.);
#6327=ORIENTED_EDGE('',*,*,#6330,.T.);
#6328=ORIENTED_EDGE('',*,*,#6331,.T.);
#6329=EDGE_CURVE('',#363,#361,#6332,.F.);
#6330=EDGE_CURVE('',#361,#241,#6333,.T.);
#6331=EDGE_CURVE('',#241,#363,#6334,.T.);
#6332=LINE('',#362,#6335);
#6333=LINE('',#360,#6336);
#6334=LINE('',#240,#6337);
#6335=VECTOR('',#6338,1.0);
#6336=VECTOR('',#6339,1.0);
#6337=VECTOR('',#6340,1.0);
#6338=DIRECTION('',(0.5800412905254686,-0.8145870740967777,0));
#6339=DIRECTION('',(-0.003938509663271512,0.00519778944170031,0.9999787353371832));
#6340=DIRECTION('',(-0.0060864694611202355,0.008880882976994514,-0.999942040723885));
#6341=FACE_SURFACE('',(#6346),#6342,.T.);
#6342=PLANE('',#6343);
#6343=AXIS2_PLACEMENT_3D('',#242,#6344,#6345);
#6344=DIRECTION('',(-0.8797577101378482,-0.47542228509924,0.00014927835411008569));
#6345=DIRECTION('',(-0.4754222903964016,0.8797577199401206,0));
#6346=FACE_BOUND('',#6347,.T.);
#6347=EDGE_LOOP('',(#6348,#6349,#6350));
#6348=ORIENTED_EDGE('',*,*,#6351,.T.);
#6349=ORIENTED_EDGE('',*,*,#6352,.T.);
#6350=ORIENTED_EDGE('',*,*,#6353,.T.);
#6351=EDGE_CURVE('',#243,#245,#6354,.F.);
#6352=EDGE_CURVE('',#245,#365,#6355,.T.);
#6353=EDGE_CURVE('',#365,#243,#6356,.T.);
#6354=LINE('',#242,#6357);
#6355=LINE('',#244,#6358);
#6356=LINE('',#364,#6359);
#6357=VECTOR('',#6360,1.0);
#6358=VECTOR('',#6361,1.0);
#6359=VECTOR('',#6362,1.0);
#6360=DIRECTION('',(-0.4754222903964016,0.8797577199401206,0));
#6361=DIRECTION('',(0.002082476063812951,-0.004167560439329074,-0.9999891473078236));
#6362=DIRECTION('',(0.005692051782786399,-0.010219037797899282,0.9999315835660894));
#6363=FACE_SURFACE('',(#6368),#6364,.T.);
#6364=PLANE('',#6365);
#6365=AXIS2_PLACEMENT_3D('',#364,#6366,#6367);
#6366=DIRECTION('',(-0.8660242301424289,-0.5000020003673188,-0.00018009689924805417));
#6367=DIRECTION('',(0.5000020084760747,-0.8660242441871309,0));
#6368=FACE_BOUND('',#6369,.T.);
#6369=EDGE_LOOP('',(#6370,#6371,#6372));
#6370=ORIENTED_EDGE('',*,*,#6373,.T.);
#6371=ORIENTED_EDGE('',*,*,#6374,.T.);
#6372=ORIENTED_EDGE('',*,*,#6375,.T.);
#6373=EDGE_CURVE('',#365,#363,#6376,.F.);
#6374=EDGE_CURVE('',#363,#243,#6377,.T.);
#6375=EDGE_CURVE('',#243,#365,#6378,.T.);
#6376=LINE('',#364,#6379);
#6377=LINE('',#362,#6380);
#6378=LINE('',#242,#6381);
#6379=VECTOR('',#6382,1.0);
#6380=VECTOR('',#6383,1.0);
#6381=VECTOR('',#6384,1.0);
#6382=DIRECTION('',(0.5000020084760747,-0.8660242441871309,0));
#6383=DIRECTION('',(-0.0029494648024379223,0.004748408801590235,0.9999843765135694));
#6384=DIRECTION('',(-0.005692051782786399,0.010219037797899282,-0.9999315835660894));
#6385=FACE_SURFACE('',(#6390),#6386,.T.);
#6386=PLANE('',#6387);
#6387=AXIS2_PLACEMENT_3D('',#244,#6388,#6389);
#6388=DIRECTION('',(-0.9189890257184342,-0.3942830885981515,0.0001290526456706157));
#6389=DIRECTION('',(-0.3942830918814622,0.9189890333711249,0));
#6390=FACE_BOUND('',#6391,.T.);
#6391=EDGE_LOOP('',(#6392,#6393,#6394));
#6392=ORIENTED_EDGE('',*,*,#6395,.T.);
#6393=ORIENTED_EDGE('',*,*,#6396,.T.);
#6394=ORIENTED_EDGE('',*,*,#6397,.T.);
#6395=EDGE_CURVE('',#245,#247,#6398,.F.);
#6396=EDGE_CURVE('',#247,#367,#6399,.T.);
#6397=EDGE_CURVE('',#367,#245,#6400,.T.);
#6398=LINE('',#244,#6401);
#6399=LINE('',#246,#6402);
#6400=LINE('',#366,#6403);
#6401=VECTOR('',#6404,1.0);
#6402=VECTOR('',#6405,1.0);
#6403=VECTOR('',#6406,1.0);
#6404=DIRECTION('',(-0.3942830918814622,0.9189890333711249,0));
#6405=DIRECTION('',(0.0013500674121850937,-0.0034740239302344014,-0.9999930542137354));
#6406=DIRECTION('',(0.005097333241972062,-0.011553503272251249,0.9999202636990403));
#6407=FACE_SURFACE('',(#6412),#6408,.T.);
#6408=PLANE('',#6409);
#6409=AXIS2_PLACEMENT_3D('',#366,#6410,#6411);
#6410=DIRECTION('',(-0.9096270040594692,-0.41542591027521847,-0.00016296564243241306));
#6411=DIRECTION('',(0.4154259157916178,-0.9096270161383158,0));
#6412=FACE_BOUND('',#6413,.T.);
#6413=EDGE_LOOP('',(#6414,#6415,#6416));
#6414=ORIENTED_EDGE('',*,*,#6417,.T.);
#6415=ORIENTED_EDGE('',*,*,#6418,.T.);
#6416=ORIENTED_EDGE('',*,*,#6419,.T.);
#6417=EDGE_CURVE('',#367,#365,#6420,.F.);
#6418=EDGE_CURVE('',#365,#245,#6421,.T.);
#6419=EDGE_CURVE('',#245,#367,#6422,.T.);
#6420=LINE('',#366,#6423);
#6421=LINE('',#364,#6424);
#6422=LINE('',#244,#6425);
#6423=VECTOR('',#6426,1.0);
#6424=VECTOR('',#6427,1.0);
#6425=VECTOR('',#6428,1.0);
#6426=DIRECTION('',(0.4154259157916178,-0.9096270161383158,0));
#6427=DIRECTION('',(-0.002082476063812951,0.004167560439329074,0.9999891473078236));
#6428=DIRECTION('',(-0.005097333241972062,0.011553503272251249,-0.9999202636990403));
#6429=FACE_SURFACE('',(#6434),#6430,.T.);
#6430=PLANE('',#6431);
#6431=AXIS2_PLACEMENT_3D('',#246,#6432,#6433);
#6432=DIRECTION('',(-0.9507145032708573,-0.31006760969676656,0.00010337978794607185));
#6433=DIRECTION('',(-0.31006761135367183,0.9507145083511812,0));
#6434=FACE_BOUND('',#6435,.T.);
#6435=EDGE_LOOP('',(#6436,#6437,#6438));
#6436=ORIENTED_EDGE('',*,*,#6439,.T.);
#6437=ORIENTED_EDGE('',*,*,#6440,.T.);
#6438=ORIENTED_EDGE('',*,*,#6441,.T.);
#6439=EDGE_CURVE('',#247,#249,#6442,.F.);
#6440=EDGE_CURVE('',#249,#369,#6443,.T.);
#6441=EDGE_CURVE('',#369,#247,#6444,.T.);
#6442=LINE('',#246,#6445);
#6443=LINE('',#248,#6446);
#6444=LINE('',#368,#6447);
#6445=VECTOR('',#6448,1.0);
#6446=VECTOR('',#6449,1.0);
#6447=VECTOR('',#6450,1.0);
#6448=DIRECTION('',(-0.31006761135367183,0.9507145083511812,0));
#6449=DIRECTION('',(0.0007678922988272456,-0.002687883878877298,-0.9999960928032025));
#6450=DIRECTION('',(0.004302322150849541,-0.012858194978117922,0.9999080741978309));
#6451=FACE_SURFACE('',(#6456),#6452,.T.);
#6452=PLANE('',#6453);
#6453=AXIS2_PLACEMENT_3D('',#368,#6454,#6455);
#6454=DIRECTION('',(-0.9450054397978762,-0.32705458146438154,-0.0001396265759250502));
#6455=DIRECTION('',(0.32705458465244114,-0.9450054490095913,0));
#6456=FACE_BOUND('',#6457,.T.);
#6457=EDGE_LOOP('',(#6458,#6459,#6460));
#6458=ORIENTED_EDGE('',*,*,#6461,.T.);
#6459=ORIENTED_EDGE('',*,*,#6462,.T.);
#6460=ORIENTED_EDGE('',*,*,#6463,.T.);
#6461=EDGE_CURVE('',#369,#367,#6464,.F.);
#6462=EDGE_CURVE('',#367,#247,#6465,.T.);
#6463=EDGE_CURVE('',#247,#369,#6466,.T.);
#6464=LINE('',#368,#6467);
#6465=LINE('',#366,#6468);
#6466=LINE('',#246,#6469);
#6467=VECTOR('',#6470,1.0);
#6468=VECTOR('',#6471,1.0);
#6469=VECTOR('',#6472,1.0);
#6470=DIRECTION('',(0.32705458465244114,-0.9450054490095913,0));
#6471=DIRECTION('',(-0.0013500674121850937,0.0034740239302344014,0.9999930542137354));
#6472=DIRECTION('',(-0.004302322150849541,0.012858194978117922,-0.9999080741978309));
#6473=FACE_SURFACE('',(#6478),#6474,.T.);
#6474=PLANE('',#6475);
#6475=AXIS2_PLACEMENT_3D('',#248,#6476,#6477);
#6476=DIRECTION('',(-0.9747645738715055,-0.22323534666206746,7.433551505137348E-05));
#6477=DIRECTION('',(-0.22323534727884092,0.9747645765646674,0));
#6478=FACE_BOUND('',#6479,.T.);
#6479=EDGE_LOOP('',(#6480,#6481,#6482));
#6480=ORIENTED_EDGE('',*,*,#6483,.T.);
#6481=ORIENTED_EDGE('',*,*,#6484,.T.);
#6482=ORIENTED_EDGE('',*,*,#6485,.T.);
#6483=EDGE_CURVE('',#249,#253,#6486,.F.);
#6484=EDGE_CURVE('',#253,#371,#6487,.T.);
#6485=EDGE_CURVE('',#371,#249,#6488,.T.);
#6486=LINE('',#248,#6489);
#6487=LINE('',#252,#6490);
#6488=LINE('',#370,#6491);
#6489=VECTOR('',#6492,1.0);
#6490=VECTOR('',#6493,1.0);
#6491=VECTOR('',#6494,1.0);
#6492=DIRECTION('',(-0.22323534727884092,0.9747645765646674,0));
#6493=DIRECTION('',(0.0003432569492630208,-0.0018318340081110902,-0.9999982632779086));
#6494=DIRECTION('',(0.0033070279201654097,-0.014107290790983216,0.9998950184458736));
#6495=FACE_SURFACE('',(#6500),#6496,.T.);
#6496=PLANE('',#6497);
#6497=AXIS2_PLACEMENT_3D('',#370,#6498,#6499);
#6498=DIRECTION('',(-0.9718056859544957,-0.23578315481323436,-0.00011248480096791718));
#6499=DIRECTION('',(0.23578315630489655,-0.9718056921025421,0));
#6500=FACE_BOUND('',#6501,.T.);
#6501=EDGE_LOOP('',(#6502,#6503,#6504));
#6502=ORIENTED_EDGE('',*,*,#6505,.T.);
#6503=ORIENTED_EDGE('',*,*,#6506,.T.);
#6504=ORIENTED_EDGE('',*,*,#6507,.T.);
#6505=EDGE_CURVE('',#371,#369,#6508,.F.);
#6506=EDGE_CURVE('',#369,#249,#6509,.T.);
#6507=EDGE_CURVE('',#249,#371,#6510,.T.);
#6508=LINE('',#370,#6511);
#6509=LINE('',#368,#6512);
#6510=LINE('',#248,#6513);
#6511=VECTOR('',#6514,1.0);
#6512=VECTOR('',#6515,1.0);
#6513=VECTOR('',#6516,1.0);
#6514=DIRECTION('',(0.23578315630489655,-0.9718056921025421,0));
#6515=DIRECTION('',(-0.0007678922988272456,0.002687883878877298,0.9999960928032025));
#6516=DIRECTION('',(-0.0033070279201654097,0.014107290790983216,-0.9998950184458736));
#6517=FACE_SURFACE('',(#6522),#6518,.T.);
#6518=PLANE('',#6519);
#6519=AXIS2_PLACEMENT_3D('',#254,#6520,#6521);
#6520=DIRECTION('',(-0.5851375950093063,0.8109340060689936,0.00018085247737961022));
#6521=DIRECTION('',(0.810934019330854,0.5851376045785351,0));
#6522=FACE_BOUND('',#6523,.T.);
#6523=EDGE_LOOP('',(#6524,#6525,#6526));
#6524=ORIENTED_EDGE('',*,*,#6527,.T.);
#6525=ORIENTED_EDGE('',*,*,#6528,.T.);
#6526=ORIENTED_EDGE('',*,*,#6529,.T.);
#6527=EDGE_CURVE('',#255,#251,#6530,.F.);
#6528=EDGE_CURVE('',#251,#373,#6531,.T.);
#6529=EDGE_CURVE('',#373,#255,#6532,.T.);
#6530=LINE('',#254,#6533);
#6531=LINE('',#250,#6534);
#6532=LINE('',#372,#6535);
#6533=VECTOR('',#6536,1.0);
#6534=VECTOR('',#6537,1.0);
#6535=VECTOR('',#6538,1.0);
#6536=DIRECTION('',(0.810934019330854,0.5851376045785351,0));
#6537=DIRECTION('',(-0.005814367388354249,-0.003972403343111216,-0.9999752062644118));
#6538=DIRECTION('',(-0.007447009257515245,-0.005596472318524258,0.999956609834));
#6539=FACE_SURFACE('',(#6544),#6540,.T.);
#6540=PLANE('',#6541);
#6541=AXIS2_PLACEMENT_3D('',#308,#6542,#6543);
#6542=DIRECTION('',(-0.5406294420077018,0.8412608198806832,-0.00019841401595342082));
#6543=DIRECTION('',(-0.8412608364401128,-0.5406294526494848,0));
#6544=FACE_BOUND('',#6545,.T.);
#6545=EDGE_LOOP('',(#6546,#6547,#6548));
#6546=ORIENTED_EDGE('',*,*,#6549,.T.);
#6547=ORIENTED_EDGE('',*,*,#6550,.T.);
#6548=ORIENTED_EDGE('',*,*,#6551,.T.);
#6549=EDGE_CURVE('',#309,#373,#6552,.F.);
#6550=EDGE_CURVE('',#373,#251,#6553,.T.);
#6551=EDGE_CURVE('',#251,#309,#6554,.T.);
#6552=LINE('',#308,#6555);
#6553=LINE('',#372,#6556);
#6554=LINE('',#250,#6557);
#6555=VECTOR('',#6558,1.0);
#6556=VECTOR('',#6559,1.0);
#6557=VECTOR('',#6560,1.0);
#6558=DIRECTION('',(-0.8412608364401128,-0.5406294526494848,0));
#6559=DIRECTION('',(0.005814367388354249,0.003972403343111216,0.9999752062644118));
#6560=DIRECTION('',(0.008726004188550063,0.005371855041468708,-0.9999474986339607));
#6561=FACE_SURFACE('',(#6566),#6562,.T.);
#6562=PLANE('',#6563);
#6563=AXIS2_PLACEMENT_3D('',#256,#6564,#6565);
#6564=DIRECTION('',(-0.9908889874731283,-0.1346811526796474,4.021641745099435E-05));
#6565=DIRECTION('',(8.555351519491413E-05,-0.0009280469727545868,-0.9999995657046119));
#6566=FACE_BOUND('',#6567,.T.);
#6567=EDGE_LOOP('',(#6568,#6569,#6570));
#6568=ORIENTED_EDGE('',*,*,#6571,.T.);
#6569=ORIENTED_EDGE('',*,*,#6572,.T.);
#6570=ORIENTED_EDGE('',*,*,#6573,.T.);
#6571=EDGE_CURVE('',#257,#375,#6574,.F.);
#6572=EDGE_CURVE('',#375,#253,#6575,.T.);
#6573=EDGE_CURVE('',#253,#257,#6576,.T.);
#6574=LINE('',#256,#6577);
#6575=LINE('',#374,#6578);
#6576=LINE('',#252,#6579);
#6577=VECTOR('',#6580,1.0);
#6578=VECTOR('',#6581,1.0);
#6579=VECTOR('',#6582,1.0);
#6580=DIRECTION('',(8.555351519491413E-05,-0.0009280469727545868,-0.9999995657046119));
#6581=DIRECTION('',(0.00211667704641455,-0.01527444856793506,0.9998810983808158));
#6582=DIRECTION('',(-0.13468115278856138,0.9908889882744404,0));
#6583=FACE_SURFACE('',(#6588),#6584,.T.);
#6584=PLANE('',#6585);
#6585=AXIS2_PLACEMENT_3D('',#374,#6586,#6587);
#6586=DIRECTION('',(-0.9898180761245113,-0.14233822372322597,-7.902207150493941E-05));
#6587=DIRECTION('',(0.14233822416764064,-0.9898180792149649,0));
#6588=FACE_BOUND('',#6589,.T.);
#6589=EDGE_LOOP('',(#6590,#6591,#6592));
#6590=ORIENTED_EDGE('',*,*,#6593,.T.);
#6591=ORIENTED_EDGE('',*,*,#6594,.T.);
#6592=ORIENTED_EDGE('',*,*,#6595,.T.);
#6593=EDGE_CURVE('',#375,#371,#6596,.F.);
#6594=EDGE_CURVE('',#371,#253,#6597,.T.);
#6595=EDGE_CURVE('',#253,#375,#6598,.T.);
#6596=LINE('',#374,#6599);
#6597=LINE('',#370,#6600);
#6598=LINE('',#252,#6601);
#6599=VECTOR('',#6602,1.0);
#6600=VECTOR('',#6603,1.0);
#6601=VECTOR('',#6604,1.0);
#6602=DIRECTION('',(0.14233822416764064,-0.9898180792149649,0));
#6603=DIRECTION('',(-0.0003432569492630208,0.0018318340081110902,0.9999982632779086));
#6604=DIRECTION('',(-0.00211667704641455,0.01527444856793506,-0.9998810983808158));
#6605=FACE_SURFACE('',(#6610),#6606,.T.);
#6606=PLANE('',#6607);
#6607=AXIS2_PLACEMENT_3D('',#258,#6608,#6609);
#6608=DIRECTION('',(-0.6557493366031559,0.7549786577826025,0.00018394918038022322));
#6609=DIRECTION('',(0.7549786705558228,0.6557493476975499,0));
#6610=FACE_BOUND('',#6611,.T.);
#6611=EDGE_LOOP('',(#6612,#6613,#6614));
#6612=ORIENTED_EDGE('',*,*,#6615,.T.);
#6613=ORIENTED_EDGE('',*,*,#6616,.T.);
#6614=ORIENTED_EDGE('',*,*,#6617,.T.);
#6615=EDGE_CURVE('',#259,#255,#6618,.F.);
#6616=EDGE_CURVE('',#255,#377,#6619,.T.);
#6617=EDGE_CURVE('',#377,#259,#6620,.T.);
#6618=LINE('',#258,#6621);
#6619=LINE('',#254,#6622);
#6620=LINE('',#376,#6623);
#6621=VECTOR('',#6624,1.0);
#6622=VECTOR('',#6625,1.0);
#6623=VECTOR('',#6626,1.0);
#6624=DIRECTION('',(0.7549786705558228,0.6557493476975499,0));
#6625=DIRECTION('',(-0.006137750665528733,-0.005087405521466001,-0.9999682226560141));
#6626=DIRECTION('',(-0.006207631039884368,-0.005635381354947128,0.9999648532792825));
#6627=FACE_SURFACE('',(#6632),#6628,.T.);
#6628=PLANE('',#6629);
#6629=AXIS2_PLACEMENT_3D('',#372,#6630,#6631);
#6630=DIRECTION('',(-0.6181840537117745,0.7860333541703058,-0.00020461734116939597));
#6631=DIRECTION('',(-0.7860333706252293,-0.6181840666529191,0));
#6632=FACE_BOUND('',#6633,.T.);
#6633=EDGE_LOOP('',(#6634,#6635,#6636));
#6634=ORIENTED_EDGE('',*,*,#6637,.T.);
#6635=ORIENTED_EDGE('',*,*,#6638,.T.);
#6636=ORIENTED_EDGE('',*,*,#6639,.T.);
#6637=EDGE_CURVE('',#373,#377,#6640,.F.);
#6638=EDGE_CURVE('',#377,#255,#6641,.T.);
#6639=EDGE_CURVE('',#255,#373,#6642,.T.);
#6640=LINE('',#372,#6643);
#6641=LINE('',#376,#6644);
#6642=LINE('',#254,#6645);
#6643=VECTOR('',#6646,1.0);
#6644=VECTOR('',#6647,1.0);
#6645=VECTOR('',#6648,1.0);
#6646=DIRECTION('',(-0.7860333706252293,-0.6181840666529191,0));
#6647=DIRECTION('',(0.006137750665528733,0.005087405521466001,0.9999682226560141));
#6648=DIRECTION('',(0.007447009257515245,0.005596472318524258,-0.999956609834));
#6649=FACE_SURFACE('',(#6654),#6650,.T.);
#6650=PLANE('',#6651);
#6651=AXIS2_PLACEMENT_3D('',#260,#6652,#6653);
#6652=DIRECTION('',(-0.9989850485799503,-0.04504300959876388,-0));
#6653=DIRECTION('',(0,0,-1));
#6654=FACE_BOUND('',#6655,.T.);
#6655=EDGE_LOOP('',(#6656,#6657,#6658));
#6656=ORIENTED_EDGE('',*,*,#6659,.T.);
#6657=ORIENTED_EDGE('',*,*,#6660,.T.);
#6658=ORIENTED_EDGE('',*,*,#6661,.T.);
#6659=EDGE_CURVE('',#261,#379,#6662,.F.);
#6660=EDGE_CURVE('',#379,#257,#6663,.T.);
#6661=EDGE_CURVE('',#257,#261,#6664,.T.);
#6662=LINE('',#260,#6665);
#6663=LINE('',#378,#6666);
#6664=LINE('',#256,#6667);
#6665=VECTOR('',#6668,1.0);
#6666=VECTOR('',#6669,1.0);
#6667=VECTOR('',#6670,1.0);
#6668=DIRECTION('',(0,0,-1));
#6669=DIRECTION('',(0.0007364967465554745,-0.01633437118635357,0.9998663140092723));
#6670=DIRECTION('',(-0.04504300959876389,0.9989850485799503,0));
#6671=FACE_SURFACE('',(#6676),#6672,.T.);
#6672=PLANE('',#6673);
#6673=AXIS2_PLACEMENT_3D('',#256,#6674,#6675);
#6674=DIRECTION('',(-0.998868068586295,-0.04756658335373926,-4.131266873969718E-05));
#6675=DIRECTION('',(-0.0007364967465554745,0.01633437118635357,-0.9998663140092723));
#6676=FACE_BOUND('',#6677,.T.);
#6677=EDGE_LOOP('',(#6678,#6679,#6680));
#6678=ORIENTED_EDGE('',*,*,#6681,.T.);
#6679=ORIENTED_EDGE('',*,*,#6682,.T.);
#6680=ORIENTED_EDGE('',*,*,#6683,.T.);
#6681=EDGE_CURVE('',#257,#379,#6684,.F.);
#6682=EDGE_CURVE('',#379,#375,#6685,.T.);
#6683=EDGE_CURVE('',#375,#257,#6686,.T.);
#6684=LINE('',#256,#6687);
#6685=LINE('',#378,#6688);
#6686=LINE('',#374,#6689);
#6687=VECTOR('',#6690,1.0);
#6688=VECTOR('',#6691,1.0);
#6689=VECTOR('',#6692,1.0);
#6690=DIRECTION('',(-0.0007364967465554745,0.01633437118635357,-0.9998663140092723));
#6691=DIRECTION('',(0.04756658339433107,-0.9988680694386972,0));
#6692=DIRECTION('',(-8.555351519491413E-05,0.0009280469727545868,0.9999995657046119));
#6693=FACE_SURFACE('',(#6698),#6694,.T.);
#6694=PLANE('',#6695);
#6695=AXIS2_PLACEMENT_3D('',#380,#6696,#6697);
#6696=DIRECTION('',(-0.7209562497143631,0.6929805570016735,0.00018334516937037925));
#6697=DIRECTION('',(-0.005030826494207156,-0.005498488869990722,0.9999722283168327));
#6698=FACE_BOUND('',#6699,.T.);
#6699=EDGE_LOOP('',(#6700,#6701,#6702));
#6700=ORIENTED_EDGE('',*,*,#6703,.T.);
#6701=ORIENTED_EDGE('',*,*,#6704,.T.);
#6702=ORIENTED_EDGE('',*,*,#6705,.T.);
#6703=EDGE_CURVE('',#381,#263,#6706,.F.);
#6704=EDGE_CURVE('',#263,#259,#6707,.T.);
#6705=EDGE_CURVE('',#259,#381,#6708,.T.);
#6706=LINE('',#380,#6709);
#6707=LINE('',#262,#6710);
#6708=LINE('',#258,#6711);
#6709=VECTOR('',#6712,1.0);
#6710=VECTOR('',#6713,1.0);
#6711=VECTOR('',#6714,1.0);
#6712=DIRECTION('',(-0.005030826494207156,-0.005498488869990722,0.9999722283168327));
#6713=DIRECTION('',(0.692980568649101,0.7209562618319982,0));
#6714=DIRECTION('',(-0.006301499628949189,-0.006291327506203783,-0.9999603543644298));
#6715=FACE_SURFACE('',(#6720),#6716,.T.);
#6716=PLANE('',#6717);
#6717=AXIS2_PLACEMENT_3D('',#380,#6718,#6719);
#6718=DIRECTION('',(-0.6900571201173761,0.7237548818166369,-0.00020499243640431287));
#6719=DIRECTION('',(0.006301499628949189,0.006291327506203783,0.9999603543644298));
#6720=FACE_BOUND('',#6721,.T.);
#6721=EDGE_LOOP('',(#6722,#6723,#6724));
#6722=ORIENTED_EDGE('',*,*,#6725,.T.);
#6723=ORIENTED_EDGE('',*,*,#6726,.T.);
#6724=ORIENTED_EDGE('',*,*,#6727,.T.);
#6725=EDGE_CURVE('',#381,#259,#6728,.F.);
#6726=EDGE_CURVE('',#259,#377,#6729,.T.);
#6727=EDGE_CURVE('',#377,#381,#6730,.T.);
#6728=LINE('',#380,#6731);
#6729=LINE('',#258,#6732);
#6730=LINE('',#376,#6733);
#6731=VECTOR('',#6734,1.0);
#6732=VECTOR('',#6735,1.0);
#6733=VECTOR('',#6736,1.0);
#6734=DIRECTION('',(0.006301499628949189,0.006291327506203783,0.9999603543644298));
#6735=DIRECTION('',(0.006207631039884368,0.005635381354947128,-0.9999648532792825));
#6736=DIRECTION('',(-0.7237548970234148,-0.6900571346161319,0));
#6737=FACE_SURFACE('',(#6742),#6738,.T.);
#6738=PLANE('',#6739);
#6739=AXIS2_PLACEMENT_3D('',#382,#6740,#6741);
#6740=DIRECTION('',(-0.9989850799864586,0.04504229185703637,-4.3688838702324E-05));
#6741=DIRECTION('',(-0.0008220259972161234,-0.017261763556388955,0.9998506667458813));
#6742=FACE_BOUND('',#6743,.T.);
#6743=EDGE_LOOP('',(#6744,#6745,#6746));
#6744=ORIENTED_EDGE('',*,*,#6747,.T.);
#6745=ORIENTED_EDGE('',*,*,#6748,.T.);
#6746=ORIENTED_EDGE('',*,*,#6749,.T.);
#6747=EDGE_CURVE('',#383,#261,#6750,.F.);
#6748=EDGE_CURVE('',#261,#265,#6751,.T.);
#6749=EDGE_CURVE('',#265,#383,#6752,.T.);
#6750=LINE('',#382,#6753);
#6751=LINE('',#260,#6754);
#6752=LINE('',#264,#6755);
#6753=VECTOR('',#6756,1.0);
#6754=VECTOR('',#6757,1.0);
#6755=VECTOR('',#6758,1.0);
#6756=DIRECTION('',(-0.0008220259972161234,-0.017261763556388955,0.9998506667458813));
#6757=DIRECTION('',(0.04504229190002281,0.9989850809398472,0));
#6758=DIRECTION('',(8.55535152363217E-05,0.0009275253054279268,-0.9999995661886079));
#6759=FACE_SURFACE('',(#6764),#6760,.T.);
#6760=PLANE('',#6761);
#6761=AXIS2_PLACEMENT_3D('',#378,#6762,#6763);
#6762=DIRECTION('',(-0.9988680352935111,0.04756730041615898,0));
#6763=DIRECTION('',(0,0,1));
#6764=FACE_BOUND('',#6765,.T.);
#6765=EDGE_LOOP('',(#6766,#6767,#6768));
#6766=ORIENTED_EDGE('',*,*,#6769,.T.);
#6767=ORIENTED_EDGE('',*,*,#6770,.T.);
#6768=ORIENTED_EDGE('',*,*,#6771,.T.);
#6769=EDGE_CURVE('',#379,#261,#6772,.F.);
#6770=EDGE_CURVE('',#261,#383,#6773,.T.);
#6771=EDGE_CURVE('',#383,#379,#6774,.T.);
#6772=LINE('',#378,#6775);
#6773=LINE('',#260,#6776);
#6774=LINE('',#382,#6777);
#6775=VECTOR('',#6778,1.0);
#6776=VECTOR('',#6779,1.0);
#6777=VECTOR('',#6780,1.0);
#6778=DIRECTION('',(0,0,1));
#6779=DIRECTION('',(0.0008220259972161234,0.017261763556388955,-0.9998506667458813));
#6780=DIRECTION('',(-0.04756730041615898,-0.9988680352935111,0));
#6781=FACE_SURFACE('',(#6786),#6782,.T.);
#6782=PLANE('',#6783);
#6783=AXIS2_PLACEMENT_3D('',#384,#6784,#6785);
#6784=DIRECTION('',(-0.7803830606059933,0.6253017251823607,0.00017664423605987938));
#6785=DIRECTION('',(-0.003938509663271512,-0.00519778944170031,0.9999787353371832));
#6786=FACE_BOUND('',#6787,.T.);
#6787=EDGE_LOOP('',(#6788,#6789,#6790));
#6788=ORIENTED_EDGE('',*,*,#6791,.T.);
#6789=ORIENTED_EDGE('',*,*,#6792,.T.);
#6790=ORIENTED_EDGE('',*,*,#6793,.T.);
#6791=EDGE_CURVE('',#385,#267,#6794,.F.);
#6792=EDGE_CURVE('',#267,#263,#6795,.T.);
#6793=EDGE_CURVE('',#263,#385,#6796,.T.);
#6794=LINE('',#384,#6797);
#6795=LINE('',#266,#6798);
#6796=LINE('',#262,#6799);
#6797=VECTOR('',#6800,1.0);
#6798=VECTOR('',#6801,1.0);
#6799=VECTOR('',#6802,1.0);
#6800=DIRECTION('',(-0.003938509663271512,-0.00519778944170031,0.9999787353371832));
#6801=DIRECTION('',(0.625301734938064,0.7803830727812126,0));
#6802=DIRECTION('',(-0.0062868386711726265,-0.007563559352196108,-0.9999516329450382));
#6803=FACE_SURFACE('',(#6808),#6804,.T.);
#6804=PLANE('',#6805);
#6805=AXIS2_PLACEMENT_3D('',#384,#6806,#6807);
#6806=DIRECTION('',(-0.7557687312840632,0.6548385940071499,-0.0002015242327156478));
#6807=DIRECTION('',(0.0062868386711726265,0.007563559352196108,0.9999516329450382));
#6808=FACE_BOUND('',#6809,.T.);
#6809=EDGE_LOOP('',(#6810,#6811,#6812));
#6810=ORIENTED_EDGE('',*,*,#6813,.T.);
#6811=ORIENTED_EDGE('',*,*,#6814,.T.);
#6812=ORIENTED_EDGE('',*,*,#6815,.T.);
#6813=EDGE_CURVE('',#385,#263,#6816,.F.);
#6814=EDGE_CURVE('',#263,#381,#6817,.T.);
#6815=EDGE_CURVE('',#381,#385,#6818,.T.);
#6816=LINE('',#384,#6819);
#6817=LINE('',#262,#6820);
#6818=LINE('',#380,#6821);
#6819=VECTOR('',#6822,1.0);
#6820=VECTOR('',#6823,1.0);
#6821=VECTOR('',#6824,1.0);
#6822=DIRECTION('',(0.0062868386711726265,0.007563559352196108,0.9999516329450382));
#6823=DIRECTION('',(0.005030826494207156,0.005498488869990722,-0.9999722283168327));
#6824=DIRECTION('',(-0.6548386073043083,-0.7557687466307098,0));
#6825=FACE_SURFACE('',(#6830),#6826,.T.);
#6826=PLANE('',#6827);
#6827=AXIS2_PLACEMENT_3D('',#382,#6828,#6829);
#6828=DIRECTION('',(-0.9908889874759256,0.13468115268002762,4.014615860326382E-05));
#6829=DIRECTION('',(-8.55535152363217E-05,-0.0009275253054279268,0.9999995661886079));
#6830=FACE_BOUND('',#6831,.T.);
#6831=EDGE_LOOP('',(#6832,#6833,#6834));
#6832=ORIENTED_EDGE('',*,*,#6835,.T.);
#6833=ORIENTED_EDGE('',*,*,#6836,.T.);
#6834=ORIENTED_EDGE('',*,*,#6837,.T.);
#6835=EDGE_CURVE('',#383,#265,#6838,.F.);
#6836=EDGE_CURVE('',#265,#269,#6839,.T.);
#6837=EDGE_CURVE('',#269,#383,#6840,.T.);
#6838=LINE('',#382,#6841);
#6839=LINE('',#264,#6842);
#6840=LINE('',#268,#6843);
#6841=VECTOR('',#6844,1.0);
#6842=VECTOR('',#6845,1.0);
#6843=VECTOR('',#6846,1.0);
#6844=DIRECTION('',(-8.55535152363217E-05,-0.0009275253054279268,0.9999995661886079));
#6845=DIRECTION('',(0.13468115278856138,0.9908889882744404,0));
#6846=DIRECTION('',(-0.0021166770295501804,-0.015274970052208542,-0.9998810904143836));
#6847=FACE_SURFACE('',(#6852),#6848,.T.);
#6848=PLANE('',#6849);
#6849=AXIS2_PLACEMENT_3D('',#386,#6850,#6851);
#6850=DIRECTION('',(-0.8334658837892834,0.5525708942301394,0.00016555679597002887));
#6851=DIRECTION('',(-0.0029494648024379223,-0.004748408801590235,0.9999843765135694));
#6852=FACE_BOUND('',#6853,.T.);
#6853=EDGE_LOOP('',(#6854,#6855,#6856));
#6854=ORIENTED_EDGE('',*,*,#6857,.T.);
#6855=ORIENTED_EDGE('',*,*,#6858,.T.);
#6856=ORIENTED_EDGE('',*,*,#6859,.T.);
#6857=EDGE_CURVE('',#387,#271,#6860,.F.);
#6858=EDGE_CURVE('',#271,#267,#6861,.T.);
#6859=EDGE_CURVE('',#267,#387,#6862,.T.);
#6860=LINE('',#386,#6863);
#6861=LINE('',#270,#6864);
#6862=LINE('',#266,#6865);
#6863=VECTOR('',#6866,1.0);
#6864=VECTOR('',#6867,1.0);
#6865=VECTOR('',#6868,1.0);
#6866=DIRECTION('',(-0.0029494648024379223,-0.004748408801590235,0.9999843765135694));
#6867=DIRECTION('',(0.552570901802862,0.8334658952115388,0));
#6868=DIRECTION('',(-0.0060864694611202355,-0.008880882976994514,-0.999942040723885));
#6869=FACE_SURFACE('',(#6874),#6870,.T.);
#6870=PLANE('',#6871);
#6871=AXIS2_PLACEMENT_3D('',#386,#6872,#6873);
#6872=DIRECTION('',(-0.8145870588734687,0.5800412796854393,-0.00019333067476137416));
#6873=DIRECTION('',(0.0060864694611202355,0.008880882976994514,0.999942040723885));
#6874=FACE_BOUND('',#6875,.T.);
#6875=EDGE_LOOP('',(#6876,#6877,#6878));
#6876=ORIENTED_EDGE('',*,*,#6879,.T.);
#6877=ORIENTED_EDGE('',*,*,#6880,.T.);
#6878=ORIENTED_EDGE('',*,*,#6881,.T.);
#6879=EDGE_CURVE('',#387,#267,#6882,.F.);
#6880=EDGE_CURVE('',#267,#385,#6883,.T.);
#6881=EDGE_CURVE('',#385,#387,#6884,.T.);
#6882=LINE('',#386,#6885);
#6883=LINE('',#266,#6886);
#6884=LINE('',#384,#6887);
#6885=VECTOR('',#6888,1.0);
#6886=VECTOR('',#6889,1.0);
#6887=VECTOR('',#6890,1.0);
#6888=DIRECTION('',(0.0060864694611202355,0.008880882976994514,0.999942040723885));
#6889=DIRECTION('',(0.003938509663271512,0.00519778944170031,-0.9999787353371832));
#6890=DIRECTION('',(-0.5800412905254686,-0.8145870740967777,0));
#6891=FACE_SURFACE('',(#6896),#6892,.T.);
#6892=PLANE('',#6893);
#6893=AXIS2_PLACEMENT_3D('',#388,#6894,#6895);
#6894=DIRECTION('',(-0.974764573875723,0.22323534666303335,7.427728768304512E-05));
#6895=DIRECTION('',(-0.00034325694942701857,-0.0018315731754380885,0.9999982637556776));
#6896=FACE_BOUND('',#6897,.T.);
#6897=EDGE_LOOP('',(#6898,#6899,#6900));
#6898=ORIENTED_EDGE('',*,*,#6901,.T.);
#6899=ORIENTED_EDGE('',*,*,#6902,.T.);
#6900=ORIENTED_EDGE('',*,*,#6903,.T.);
#6901=EDGE_CURVE('',#389,#269,#6904,.F.);
#6902=EDGE_CURVE('',#269,#273,#6905,.T.);
#6903=EDGE_CURVE('',#273,#389,#6906,.T.);
#6904=LINE('',#388,#6907);
#6905=LINE('',#268,#6908);
#6906=LINE('',#272,#6909);
#6907=VECTOR('',#6910,1.0);
#6908=VECTOR('',#6911,1.0);
#6909=VECTOR('',#6912,1.0);
#6910=DIRECTION('',(-0.00034325694942701857,-0.0018315731754380885,0.9999982637556776));
#6911=DIRECTION('',(0.22323534727884092,0.9747645765646674,0));
#6912=DIRECTION('',(-0.003307027907997833,-0.014107551545695488,-0.9998950147669511));
#6913=FACE_SURFACE('',(#6918),#6914,.T.);
#6914=PLANE('',#6915);
#6915=AXIS2_PLACEMENT_3D('',#382,#6916,#6917);
#6916=DIRECTION('',(-0.9898183818604801,0.14233609760040325,-7.90631972558073E-05));
#6917=DIRECTION('',(0.0021166770295501804,0.015274970052208542,0.9998810904143836));
#6918=FACE_BOUND('',#6919,.T.);
#6919=EDGE_LOOP('',(#6920,#6921,#6922));
#6920=ORIENTED_EDGE('',*,*,#6923,.T.);
#6921=ORIENTED_EDGE('',*,*,#6924,.T.);
#6922=ORIENTED_EDGE('',*,*,#6925,.T.);
#6923=EDGE_CURVE('',#383,#269,#6926,.F.);
#6924=EDGE_CURVE('',#269,#389,#6927,.T.);
#6925=EDGE_CURVE('',#389,#383,#6928,.T.);
#6926=LINE('',#382,#6929);
#6927=LINE('',#268,#6930);
#6928=LINE('',#388,#6931);
#6929=VECTOR('',#6932,1.0);
#6930=VECTOR('',#6933,1.0);
#6931=VECTOR('',#6934,1.0);
#6932=DIRECTION('',(0.0021166770295501804,0.015274970052208542,0.9998810904143836));
#6933=DIRECTION('',(0.00034325694942701857,0.0018315731754380885,-0.9999982637556776));
#6934=DIRECTION('',(-0.14233609804527395,-0.9898183849541521,0));
#6935=FACE_SURFACE('',(#6940),#6936,.T.);
#6936=PLANE('',#6937);
#6937=AXIS2_PLACEMENT_3D('',#390,#6938,#6939);
#6938=DIRECTION('',(-0.8797613150545419,0.47541561419771183,0.0001493670497456803));
#6939=DIRECTION('',(-0.0020824760615491666,-0.004167821265968704,0.9999891462207717));
#6940=FACE_BOUND('',#6941,.T.);
#6941=EDGE_LOOP('',(#6942,#6943,#6944));
#6942=ORIENTED_EDGE('',*,*,#6945,.T.);
#6943=ORIENTED_EDGE('',*,*,#6946,.T.);
#6944=ORIENTED_EDGE('',*,*,#6947,.T.);
#6945=EDGE_CURVE('',#391,#275,#6948,.F.);
#6946=EDGE_CURVE('',#275,#271,#6949,.T.);
#6947=EDGE_CURVE('',#271,#391,#6950,.T.);
#6948=LINE('',#390,#6951);
#6949=LINE('',#274,#6952);
#6950=LINE('',#270,#6953);
#6951=VECTOR('',#6954,1.0);
#6952=VECTOR('',#6955,1.0);
#6953=VECTOR('',#6956,1.0);
#6954=DIRECTION('',(-0.0020824760615491666,-0.004167821265968704,0.9999891462207717));
#6955=DIRECTION('',(0.4754156195010957,0.8797613248685063,0));
#6956=DIRECTION('',(-0.005692051782786399,-0.010219037797899282,-0.9999315835660894));
#6957=FACE_SURFACE('',(#6962),#6958,.T.);
#6958=PLANE('',#6959);
#6959=AXIS2_PLACEMENT_3D('',#390,#6960,#6961);
#6960=DIRECTION('',(-0.8660242301424289,0.5000020003673188,-0.00018009689924805417));
#6961=DIRECTION('',(0.005692051782786399,0.010219037797899282,0.9999315835660894));
#6962=FACE_BOUND('',#6963,.T.);
#6963=EDGE_LOOP('',(#6964,#6965,#6966));
#6964=ORIENTED_EDGE('',*,*,#6967,.T.);
#6965=ORIENTED_EDGE('',*,*,#6968,.T.);
#6966=ORIENTED_EDGE('',*,*,#6969,.T.);
#6967=EDGE_CURVE('',#391,#271,#6970,.F.);
#6968=EDGE_CURVE('',#271,#387,#6971,.T.);
#6969=EDGE_CURVE('',#387,#391,#6972,.T.);
#6970=LINE('',#390,#6973);
#6971=LINE('',#270,#6974);
#6972=LINE('',#386,#6975);
#6973=VECTOR('',#6976,1.0);
#6974=VECTOR('',#6977,1.0);
#6975=VECTOR('',#6978,1.0);
#6976=DIRECTION('',(0.005692051782786399,0.010219037797899282,0.9999315835660894));
#6977=DIRECTION('',(0.0029494648024379223,0.004748408801590235,-0.9999843765135694));
#6978=DIRECTION('',(-0.5000020084760747,-0.8660242441871309,0));
#6979=FACE_SURFACE('',(#6984),#6980,.T.);
#6980=PLANE('',#6981);
#6981=AXIS2_PLACEMENT_3D('',#392,#6982,#6983);
#6982=DIRECTION('',(-0.9507145032708573,0.31006760969676656,0.00010337978794607185));
#6983=DIRECTION('',(-0.0007678922988272456,-0.002687883878877298,0.9999960928032025));
#6984=FACE_BOUND('',#6985,.T.);
#6985=EDGE_LOOP('',(#6986,#6987,#6988));
#6986=ORIENTED_EDGE('',*,*,#6989,.T.);
#6987=ORIENTED_EDGE('',*,*,#6990,.T.);
#6988=ORIENTED_EDGE('',*,*,#6991,.T.);
#6989=EDGE_CURVE('',#393,#273,#6992,.F.);
#6990=EDGE_CURVE('',#273,#277,#6993,.T.);
#6991=EDGE_CURVE('',#277,#393,#6994,.T.);
#6992=LINE('',#392,#6995);
#6993=LINE('',#272,#6996);
#6994=LINE('',#276,#6997);
#6995=VECTOR('',#6998,1.0);
#6996=VECTOR('',#6999,1.0);
#6997=VECTOR('',#7000,1.0);
#6998=DIRECTION('',(-0.0007678922988272456,-0.002687883878877298,0.9999960928032025));
#6999=DIRECTION('',(0.31006761135367183,0.9507145083511812,0));
#7000=DIRECTION('',(-0.004302322150849541,-0.012858194978117922,-0.9999080741978309));
#7001=FACE_SURFACE('',(#7006),#7002,.T.);
#7002=PLANE('',#7003);
#7003=AXIS2_PLACEMENT_3D('',#388,#7004,#7005);
#7004=DIRECTION('',(-0.9718065249043097,0.23577969695956233,-0.00011249473953899104));
#7005=DIRECTION('',(0.003307027907997833,0.014107551545695488,0.9998950147669511));
#7006=FACE_BOUND('',#7007,.T.);
#7007=EDGE_LOOP('',(#7008,#7009,#7010));
#7008=ORIENTED_EDGE('',*,*,#7011,.T.);
#7009=ORIENTED_EDGE('',*,*,#7012,.T.);
#7010=ORIENTED_EDGE('',*,*,#7013,.T.);
#7011=EDGE_CURVE('',#389,#273,#7014,.F.);
#7012=EDGE_CURVE('',#273,#393,#7015,.T.);
#7013=EDGE_CURVE('',#393,#389,#7016,.T.);
#7014=LINE('',#388,#7017);
#7015=LINE('',#272,#7018);
#7016=LINE('',#392,#7019);
#7017=VECTOR('',#7020,1.0);
#7018=VECTOR('',#7021,1.0);
#7019=VECTOR('',#7022,1.0);
#7020=DIRECTION('',(0.003307027907997833,0.014107551545695488,0.9998950147669511));
#7021=DIRECTION('',(0.0007678922988272456,0.002687883878877298,-0.9999960928032025));
#7022=DIRECTION('',(-0.23577969845146618,-0.9718065310534477,0));
#7023=FACE_SURFACE('',(#7028),#7024,.T.);
#7024=PLANE('',#7025);
#7025=AXIS2_PLACEMENT_3D('',#394,#7026,#7027);
#7026=DIRECTION('',(-0.9189865460933219,0.3942888680128248,0.0001290760713192619));
#7027=DIRECTION('',(-0.0013500674121850937,-0.0034740239302344014,0.9999930542137354));
#7028=FACE_BOUND('',#7029,.T.);
#7029=EDGE_LOOP('',(#7030,#7031,#7032));
#7030=ORIENTED_EDGE('',*,*,#7033,.T.);
#7031=ORIENTED_EDGE('',*,*,#7034,.T.);
#7032=ORIENTED_EDGE('',*,*,#7035,.T.);
#7033=EDGE_CURVE('',#395,#277,#7036,.F.);
#7034=EDGE_CURVE('',#277,#275,#7037,.T.);
#7035=EDGE_CURVE('',#275,#395,#7038,.T.);
#7036=LINE('',#394,#7039);
#7037=LINE('',#276,#7040);
#7038=LINE('',#274,#7041);
#7039=VECTOR('',#7042,1.0);
#7040=VECTOR('',#7043,1.0);
#7041=VECTOR('',#7044,1.0);
#7042=DIRECTION('',(-0.0013500674121850937,-0.0034740239302344014,0.9999930542137354));
#7043=DIRECTION('',(0.3942888712973757,0.9189865537487703,0));
#7044=DIRECTION('',(-0.005097333257331716,-0.011553242493861185,-0.9999202667120722));
#7045=FACE_SURFACE('',(#7050),#7046,.T.);
#7046=PLANE('',#7047);
#7047=AXIS2_PLACEMENT_3D('',#394,#7048,#7049);
#7048=DIRECTION('',(-0.9096270040755265,0.4154259102825518,-0.0001628572852329634));
#7049=DIRECTION('',(0.005097333257331716,0.011553242493861185,0.9999202667120722));
#7050=FACE_BOUND('',#7051,.T.);
#7051=EDGE_LOOP('',(#7052,#7053,#7054));
#7052=ORIENTED_EDGE('',*,*,#7055,.T.);
#7053=ORIENTED_EDGE('',*,*,#7056,.T.);
#7054=ORIENTED_EDGE('',*,*,#7057,.T.);
#7055=EDGE_CURVE('',#395,#275,#7058,.F.);
#7056=EDGE_CURVE('',#275,#391,#7059,.T.);
#7057=EDGE_CURVE('',#391,#395,#7060,.T.);
#7058=LINE('',#394,#7061);
#7059=LINE('',#274,#7062);
#7060=LINE('',#390,#7063);
#7061=VECTOR('',#7064,1.0);
#7062=VECTOR('',#7065,1.0);
#7063=VECTOR('',#7066,1.0);
#7064=DIRECTION('',(0.005097333257331716,0.011553242493861185,0.9999202667120722));
#7065=DIRECTION('',(0.0020824760615491666,0.004167821265968704,-0.9999891462207717));
#7066=DIRECTION('',(-0.4154259157916178,-0.9096270161383158,0));
#7067=FACE_SURFACE('',(#7072),#7068,.T.);
#7068=PLANE('',#7069);
#7069=AXIS2_PLACEMENT_3D('',#392,#7070,#7071);
#7070=DIRECTION('',(-0.9450054397978762,0.32705458146438154,-0.0001396265759250502));
#7071=DIRECTION('',(0.004302322150849541,0.012858194978117922,0.9999080741978309));
#7072=FACE_BOUND('',#7073,.T.);
#7073=EDGE_LOOP('',(#7074,#7075,#7076));
#7074=ORIENTED_EDGE('',*,*,#7077,.T.);
#7075=ORIENTED_EDGE('',*,*,#7078,.T.);
#7076=ORIENTED_EDGE('',*,*,#7079,.T.);
#7077=EDGE_CURVE('',#393,#277,#7080,.F.);
#7078=EDGE_CURVE('',#277,#395,#7081,.T.);
#7079=EDGE_CURVE('',#395,#393,#7082,.T.);
#7080=LINE('',#392,#7083);
#7081=LINE('',#276,#7084);
#7082=LINE('',#394,#7085);
#7083=VECTOR('',#7086,1.0);
#7084=VECTOR('',#7087,1.0);
#7085=VECTOR('',#7088,1.0);
#7086=DIRECTION('',(0.004302322150849541,0.012858194978117922,0.9999080741978309));
#7087=DIRECTION('',(0.0013500674121850937,0.0034740239302344014,-0.9999930542137354));
#7088=DIRECTION('',(-0.32705458465244114,-0.9450054490095913,0));
#7089=FACE_SURFACE('',(#7094),#7090,.T.);
#7090=PLANE('',#7091);
#7091=AXIS2_PLACEMENT_3D('',#356,#7092,#7093);
#7092=DIRECTION('',(0,0,-1));
#7093=DIRECTION('',(1,0,0));
#7094=FACE_BOUND('',#7095,.T.);
#7095=EDGE_LOOP('',(#7096,#7097,#7098));
#7096=ORIENTED_EDGE('',*,*,#7099,.T.);
#7097=ORIENTED_EDGE('',*,*,#7100,.T.);
#7098=ORIENTED_EDGE('',*,*,#7101,.T.);
#7099=EDGE_CURVE('',#357,#305,#7102,.F.);
#7100=EDGE_CURVE('',#305,#279,#7103,.T.);
#7101=EDGE_CURVE('',#279,#357,#7104,.T.);
#7102=LINE('',#356,#7105);
#7103=LINE('',#304,#7106);
#7104=LINE('',#278,#7107);
#7105=VECTOR('',#7108,1.0);
#7106=VECTOR('',#7109,1.0);
#7107=VECTOR('',#7110,1.0);
#7108=DIRECTION('',(1,0,0));
#7109=DIRECTION('',(-0.786063770933519,-0.6181454100984463,0));
#7110=DIRECTION('',(-0.9988673885959756,0.0475808785065633,0));
#7111=FACE_SURFACE('',(#7116),#7112,.T.);
#7112=PLANE('',#7113);
#7113=AXIS2_PLACEMENT_3D('',#280,#7114,#7115);
#7114=DIRECTION('',(-0.447142418174805,0.5448663537886654,0.7093548578658164));
#7115=DIRECTION('',(0.6602951676468803,-0.3339043931655425,0.6726946913770978));
#7116=FACE_BOUND('',#7117,.T.);
#7117=EDGE_LOOP('',(#7118,#7119,#7120));
#7118=ORIENTED_EDGE('',*,*,#7121,.T.);
#7119=ORIENTED_EDGE('',*,*,#7122,.T.);
#7120=ORIENTED_EDGE('',*,*,#7123,.T.);
#7121=EDGE_CURVE('',#281,#297,#7124,.F.);
#7122=EDGE_CURVE('',#297,#397,#7125,.T.);
#7123=EDGE_CURVE('',#397,#281,#7126,.T.);
#7124=LINE('',#280,#7127);
#7125=LINE('',#296,#7128);
#7126=LINE('',#396,#7129);
#7127=VECTOR('',#7130,1.0);
#7128=VECTOR('',#7131,1.0);
#7129=VECTOR('',#7132,1.0);
#7130=DIRECTION('',(0.6602951676468803,-0.3339043931655425,0.6726946913770978));
#7131=DIRECTION('',(-0.42460463223708733,0.5687014700886862,-0.7044782070453103));
#7132=DIRECTION('',(-0.7730228667384983,-0.63437815811974,0));
#7133=FACE_SURFACE('',(#7138),#7134,.T.);
#7134=PLANE('',#7135);
#7135=AXIS2_PLACEMENT_3D('',#398,#7136,#7137);
#7136=DIRECTION('',(-0.63437815811974,0.7730228667384984,0));
#7137=DIRECTION('',(0,0,1));
#7138=FACE_BOUND('',#7139,.T.);
#7139=EDGE_LOOP('',(#7140,#7141,#7142));
#7140=ORIENTED_EDGE('',*,*,#7143,.T.);
#7141=ORIENTED_EDGE('',*,*,#7144,.T.);
#7142=ORIENTED_EDGE('',*,*,#7145,.T.);
#7143=EDGE_CURVE('',#399,#281,#7146,.F.);
#7144=EDGE_CURVE('',#281,#397,#7147,.T.);
#7145=EDGE_CURVE('',#397,#399,#7148,.T.);
#7146=LINE('',#398,#7149);
#7147=LINE('',#280,#7150);
#7148=LINE('',#396,#7151);
#7149=VECTOR('',#7152,1.0);
#7150=VECTOR('',#7153,1.0);
#7151=VECTOR('',#7154,1.0);
#7152=DIRECTION('',(0,0,1));
#7153=DIRECTION('',(0.7730228667384983,0.63437815811974,0));
#7154=DIRECTION('',(-0.01578192724482315,-0.012951376172598344,-0.9997915745932624));
#7155=FACE_SURFACE('',(#7160),#7156,.T.);
#7156=PLANE('',#7157);
#7157=AXIS2_PLACEMENT_3D('',#282,#7158,#7159);
#7158=DIRECTION('',(-0.47143322181210723,0.8819017617466565,0));
#7159=DIRECTION('',(0.018004161177942377,0.009624382304590649,0.9997915890051956));
#7160=FACE_BOUND('',#7161,.T.);
#7161=EDGE_LOOP('',(#7162,#7163,#7164));
#7162=ORIENTED_EDGE('',*,*,#7165,.T.);
#7163=ORIENTED_EDGE('',*,*,#7166,.T.);
#7164=ORIENTED_EDGE('',*,*,#7167,.T.);
#7165=EDGE_CURVE('',#283,#281,#7168,.F.);
#7166=EDGE_CURVE('',#281,#399,#7169,.T.);
#7167=EDGE_CURVE('',#399,#283,#7170,.T.);
#7168=LINE('',#282,#7171);
#7169=LINE('',#280,#7172);
#7170=LINE('',#398,#7173);
#7171=VECTOR('',#7174,1.0);
#7172=VECTOR('',#7175,1.0);
#7173=VECTOR('',#7176,1.0);
#7174=DIRECTION('',(0.018004161177942377,0.009624382304590649,0.9997915890051956));
#7175=DIRECTION('',(0,0,-1));
#7176=DIRECTION('',(-0.8819017617466565,-0.4714332218121073,0));
#7177=FACE_SURFACE('',(#7182),#7178,.T.);
#7178=PLANE('',#7179);
#7179=AXIS2_PLACEMENT_3D('',#398,#7180,#7181);
#7180=DIRECTION('',(0,0,1));
#7181=DIRECTION('',(-1,0,0));
#7182=FACE_BOUND('',#7183,.T.);
#7183=EDGE_LOOP('',(#7184,#7185,#7186));
#7184=ORIENTED_EDGE('',*,*,#7187,.T.);
#7185=ORIENTED_EDGE('',*,*,#7188,.T.);
#7186=ORIENTED_EDGE('',*,*,#7189,.T.);
#7187=EDGE_CURVE('',#399,#307,#7190,.F.);
#7188=EDGE_CURVE('',#307,#283,#7191,.T.);
#7189=EDGE_CURVE('',#283,#399,#7192,.T.);
#7190=LINE('',#398,#7193);
#7191=LINE('',#306,#7194);
#7192=LINE('',#282,#7195);
#7193=VECTOR('',#7196,1.0);
#7194=VECTOR('',#7197,1.0);
#7195=VECTOR('',#7198,1.0);
#7196=DIRECTION('',(-1,0,0));
#7197=DIRECTION('',(0.9951844061783433,-0.09802039430372808,0));
#7198=DIRECTION('',(0.8819017617466565,0.4714332218121073,0));
#7199=FACE_SURFACE('',(#7204),#7200,.T.);
#7200=PLANE('',#7201);
#7201=AXIS2_PLACEMENT_3D('',#368,#7202,#7203);
#7202=DIRECTION('',(0,0,-1));
#7203=DIRECTION('',(0.9988673330304628,-0.04758204498138345,0));
#7204=FACE_BOUND('',#7205,.T.);
#7205=EDGE_LOOP('',(#7206,#7207,#7208));
#7206=ORIENTED_EDGE('',*,*,#7209,.T.);
#7207=ORIENTED_EDGE('',*,*,#7210,.T.);
#7208=ORIENTED_EDGE('',*,*,#7211,.T.);
#7209=EDGE_CURVE('',#369,#285,#7212,.F.);
#7210=EDGE_CURVE('',#285,#367,#7213,.T.);
#7211=EDGE_CURVE('',#367,#369,#7214,.T.);
#7212=LINE('',#368,#7215);
#7213=LINE('',#284,#7216);
#7214=LINE('',#366,#7217);
#7215=VECTOR('',#7218,1.0);
#7216=VECTOR('',#7219,1.0);
#7217=VECTOR('',#7220,1.0);
#7218=DIRECTION('',(0.9988673330304628,-0.04758204498138345,0));
#7219=DIRECTION('',(-1,0,0));
#7220=DIRECTION('',(-0.32705458465244114,0.9450054490095913,0));
#7221=FACE_SURFACE('',(#7226),#7222,.T.);
#7222=PLANE('',#7223);
#7223=AXIS2_PLACEMENT_3D('',#366,#7224,#7225);
#7224=DIRECTION('',(0,0,-1));
#7225=DIRECTION('',(1,0,0));
#7226=FACE_BOUND('',#7227,.T.);
#7227=EDGE_LOOP('',(#7228,#7229,#7230));
#7228=ORIENTED_EDGE('',*,*,#7231,.T.);
#7229=ORIENTED_EDGE('',*,*,#7232,.T.);
#7230=ORIENTED_EDGE('',*,*,#7233,.T.);
#7231=EDGE_CURVE('',#367,#285,#7234,.F.);
#7232=EDGE_CURVE('',#285,#287,#7235,.T.);
#7233=EDGE_CURVE('',#287,#367,#7236,.T.);
#7234=LINE('',#366,#7237);
#7235=LINE('',#284,#7238);
#7236=LINE('',#286,#7239);
#7237=VECTOR('',#7240,1.0);
#7238=VECTOR('',#7241,1.0);
#7239=VECTOR('',#7242,1.0);
#7240=DIRECTION('',(1,0,0));
#7241=DIRECTION('',(-0.4154259157916178,-0.9096270161383158,0));
#7242=DIRECTION('',(-0.9988673446148939,0.047581801794289134,0));
#7243=FACE_SURFACE('',(#7248),#7244,.T.);
#7244=PLANE('',#7245);
#7245=AXIS2_PLACEMENT_3D('',#368,#7246,#7247);
#7246=DIRECTION('',(0,0,-1));
#7247=DIRECTION('',(1,0,0));
#7248=FACE_BOUND('',#7249,.T.);
#7249=EDGE_LOOP('',(#7250,#7251,#7252));
#7250=ORIENTED_EDGE('',*,*,#7253,.T.);
#7251=ORIENTED_EDGE('',*,*,#7254,.T.);
#7252=ORIENTED_EDGE('',*,*,#7255,.T.);
#7253=EDGE_CURVE('',#369,#291,#7256,.F.);
#7254=EDGE_CURVE('',#291,#285,#7257,.T.);
#7255=EDGE_CURVE('',#285,#369,#7258,.T.);
#7256=LINE('',#368,#7259);
#7257=LINE('',#290,#7260);
#7258=LINE('',#284,#7261);
#7259=VECTOR('',#7262,1.0);
#7260=VECTOR('',#7263,1.0);
#7261=VECTOR('',#7264,1.0);
#7262=DIRECTION('',(1,0,0));
#7263=DIRECTION('',(-0.32705458465244114,-0.9450054490095913,0));
#7264=DIRECTION('',(-0.9988673330304628,0.04758204498138345,0));
#7265=FACE_SURFACE('',(#7270),#7266,.T.);
#7266=PLANE('',#7267);
#7267=AXIS2_PLACEMENT_3D('',#366,#7268,#7269);
#7268=DIRECTION('',(0,0,-1));
#7269=DIRECTION('',(0.9988673446148939,-0.047581801794289134,0));
#7270=FACE_BOUND('',#7271,.T.);
#7271=EDGE_LOOP('',(#7272,#7273,#7274));
#7272=ORIENTED_EDGE('',*,*,#7275,.T.);
#7273=ORIENTED_EDGE('',*,*,#7276,.T.);
#7274=ORIENTED_EDGE('',*,*,#7277,.T.);
#7275=EDGE_CURVE('',#367,#287,#7278,.F.);
#7276=EDGE_CURVE('',#287,#365,#7279,.T.);
#7277=EDGE_CURVE('',#365,#367,#7280,.T.);
#7278=LINE('',#366,#7281);
#7279=LINE('',#286,#7282);
#7280=LINE('',#364,#7283);
#7281=VECTOR('',#7284,1.0);
#7282=VECTOR('',#7285,1.0);
#7283=VECTOR('',#7286,1.0);
#7284=DIRECTION('',(0.9988673446148939,-0.047581801794289134,0));
#7285=DIRECTION('',(-1,0,0));
#7286=DIRECTION('',(-0.4154259157916178,0.9096270161383158,0));
#7287=FACE_SURFACE('',(#7292),#7288,.T.);
#7288=PLANE('',#7289);
#7289=AXIS2_PLACEMENT_3D('',#364,#7290,#7291);
#7290=DIRECTION('',(0,0,-1));
#7291=DIRECTION('',(1,0,0));
#7292=FACE_BOUND('',#7293,.T.);
#7293=EDGE_LOOP('',(#7294,#7295,#7296));
#7294=ORIENTED_EDGE('',*,*,#7297,.T.);
#7295=ORIENTED_EDGE('',*,*,#7298,.T.);
#7296=ORIENTED_EDGE('',*,*,#7299,.T.);
#7297=EDGE_CURVE('',#365,#287,#7300,.F.);
#7298=EDGE_CURVE('',#287,#299,#7301,.T.);
#7299=EDGE_CURVE('',#299,#365,#7302,.T.);
#7300=LINE('',#364,#7303);
#7301=LINE('',#286,#7304);
#7302=LINE('',#298,#7305);
#7303=VECTOR('',#7306,1.0);
#7304=VECTOR('',#7307,1.0);
#7305=VECTOR('',#7308,1.0);
#7306=DIRECTION('',(1,0,0));
#7307=DIRECTION('',(-0.5000020084760747,-0.8660242441871309,0));
#7308=DIRECTION('',(-0.9988673609689743,0.04758145847782301,0));
#7309=FACE_SURFACE('',(#7314),#7310,.T.);
#7310=PLANE('',#7311);
#7311=AXIS2_PLACEMENT_3D('',#288,#7312,#7313);
#7312=DIRECTION('',(0.6898903176409679,-0.1645615919848719,0.7049615819806417));
#7313=DIRECTION('',(0.23202345850566936,0.9727101905002681,0));
#7314=FACE_BOUND('',#7315,.T.);
#7315=EDGE_LOOP('',(#7316,#7317,#7318));
#7316=ORIENTED_EDGE('',*,*,#7319,.T.);
#7317=ORIENTED_EDGE('',*,*,#7320,.T.);
#7318=ORIENTED_EDGE('',*,*,#7321,.T.);
#7319=EDGE_CURVE('',#289,#401,#7322,.F.);
#7320=EDGE_CURVE('',#401,#293,#7323,.T.);
#7321=EDGE_CURVE('',#293,#289,#7324,.T.);
#7322=LINE('',#288,#7325);
#7323=LINE('',#400,#7326);
#7324=LINE('',#292,#7327);
#7325=VECTOR('',#7328,1.0);
#7326=VECTOR('',#7329,1.0);
#7327=VECTOR('',#7330,1.0);
#7328=DIRECTION('',(0.23202345850566936,0.9727101905002681,0));
#7329=DIRECTION('',(-0.7083514859655239,0.04738032801781047,0.7042679013325531));
#7330=DIRECTION('',(0.4741100276567924,-0.6331984558549308,-0.6117837830297619));
#7331=FACE_SURFACE('',(#7336),#7332,.T.);
#7332=PLANE('',#7333);
#7333=AXIS2_PLACEMENT_3D('',#402,#7334,#7335);
#7334=DIRECTION('',(0.9718056917906648,-0.2357831562292277,-2.533477809562835E-05));
#7335=DIRECTION('',(-0.002532036431936912,-0.010543504229890477,0.9999412099268944));
#7336=FACE_BOUND('',#7337,.T.);
#7337=EDGE_LOOP('',(#7338,#7339,#7340));
#7338=ORIENTED_EDGE('',*,*,#7341,.T.);
#7339=ORIENTED_EDGE('',*,*,#7342,.T.);
#7340=ORIENTED_EDGE('',*,*,#7343,.T.);
#7341=EDGE_CURVE('',#403,#289,#7344,.F.);
#7342=EDGE_CURVE('',#289,#291,#7345,.T.);
#7343=EDGE_CURVE('',#291,#403,#7346,.T.);
#7344=LINE('',#402,#7347);
#7345=LINE('',#288,#7348);
#7346=LINE('',#290,#7349);
#7347=VECTOR('',#7350,1.0);
#7348=VECTOR('',#7351,1.0);
#7349=VECTOR('',#7352,1.0);
#7350=DIRECTION('',(-0.002532036431936912,-0.010543504229890477,0.9999412099268944));
#7351=DIRECTION('',(-0.0001540492725156973,-0.0005274812143729456,-0.9999998490161836));
#7352=DIRECTION('',(0.23578315630489655,0.9718056921025421,0));
#7353=FACE_SURFACE('',(#7358),#7354,.T.);
#7354=PLANE('',#7355);
#7355=AXIS2_PLACEMENT_3D('',#402,#7356,#7357);
#7356=DIRECTION('',(0.9727101903662756,-0.2320234584737077,1.6598299687596282E-05));
#7357=DIRECTION('',(6.87720024269209E-05,0.0003598495026988636,0.9999999328893714));
#7358=FACE_BOUND('',#7359,.T.);
#7359=EDGE_LOOP('',(#7360,#7361,#7362));
#7360=ORIENTED_EDGE('',*,*,#7363,.T.);
#7361=ORIENTED_EDGE('',*,*,#7364,.T.);
#7362=ORIENTED_EDGE('',*,*,#7365,.T.);
#7363=EDGE_CURVE('',#403,#401,#7366,.F.);
#7364=EDGE_CURVE('',#401,#289,#7367,.T.);
#7365=EDGE_CURVE('',#289,#403,#7368,.T.);
#7366=LINE('',#402,#7369);
#7367=LINE('',#400,#7370);
#7368=LINE('',#288,#7371);
#7369=VECTOR('',#7372,1.0);
#7370=VECTOR('',#7373,1.0);
#7371=VECTOR('',#7374,1.0);
#7372=DIRECTION('',(6.87720024269209E-05,0.0003598495026988636,0.9999999328893714));
#7373=DIRECTION('',(-0.23202345850566936,-0.9727101905002681,0));
#7374=DIRECTION('',(0.002532036431936912,0.010543504229890477,-0.9999412099268944));
#7375=FACE_SURFACE('',(#7380),#7376,.T.);
#7376=PLANE('',#7377);
#7377=AXIS2_PLACEMENT_3D('',#370,#7378,#7379);
#7378=DIRECTION('',(0,0,-1));
#7379=DIRECTION('',(0.998867355234901,-0.04758157885184332,0));
#7380=FACE_BOUND('',#7381,.T.);
#7381=EDGE_LOOP('',(#7382,#7383,#7384));
#7382=ORIENTED_EDGE('',*,*,#7385,.T.);
#7383=ORIENTED_EDGE('',*,*,#7386,.T.);
#7384=ORIENTED_EDGE('',*,*,#7387,.T.);
#7385=EDGE_CURVE('',#371,#291,#7388,.F.);
#7386=EDGE_CURVE('',#291,#369,#7389,.T.);
#7387=EDGE_CURVE('',#369,#371,#7390,.T.);
#7388=LINE('',#370,#7391);
#7389=LINE('',#290,#7392);
#7390=LINE('',#368,#7393);
#7391=VECTOR('',#7394,1.0);
#7392=VECTOR('',#7395,1.0);
#7393=VECTOR('',#7396,1.0);
#7394=DIRECTION('',(0.998867355234901,-0.04758157885184332,0));
#7395=DIRECTION('',(-1,0,0));
#7396=DIRECTION('',(-0.23578315630489655,0.9718056921025421,0));
#7397=FACE_SURFACE('',(#7402),#7398,.T.);
#7398=PLANE('',#7399);
#7399=AXIS2_PLACEMENT_3D('',#370,#7400,#7401);
#7400=DIRECTION('',(0,0,-1));
#7401=DIRECTION('',(1,0,0));
#7402=FACE_BOUND('',#7403,.T.);
#7403=EDGE_LOOP('',(#7404,#7405,#7406));
#7404=ORIENTED_EDGE('',*,*,#7407,.T.);
#7405=ORIENTED_EDGE('',*,*,#7408,.T.);
#7406=ORIENTED_EDGE('',*,*,#7409,.T.);
#7407=EDGE_CURVE('',#371,#403,#7410,.F.);
#7408=EDGE_CURVE('',#403,#291,#7411,.T.);
#7409=EDGE_CURVE('',#291,#371,#7412,.T.);
#7410=LINE('',#370,#7413);
#7411=LINE('',#402,#7414);
#7412=LINE('',#290,#7415);
#7413=VECTOR('',#7416,1.0);
#7414=VECTOR('',#7417,1.0);
#7415=VECTOR('',#7418,1.0);
#7416=DIRECTION('',(1,0,0));
#7417=DIRECTION('',(-0.23578315630489655,-0.9718056921025421,0));
#7418=DIRECTION('',(-0.998867355234901,0.04758157885184332,0));
#7419=FACE_SURFACE('',(#7424),#7420,.T.);
#7420=PLANE('',#7421);
#7421=AXIS2_PLACEMENT_3D('',#292,#7422,#7423);
#7422=DIRECTION('',(0.6975841511352537,-0.10534556005591669,0.7087162091143482));
#7423=DIRECTION('',(0.7083514859655239,-0.04738032801781047,-0.7042679013325531));
#7424=FACE_BOUND('',#7425,.T.);
#7425=EDGE_LOOP('',(#7426,#7427,#7428));
#7426=ORIENTED_EDGE('',*,*,#7429,.T.);
#7427=ORIENTED_EDGE('',*,*,#7430,.T.);
#7428=ORIENTED_EDGE('',*,*,#7431,.T.);
#7429=EDGE_CURVE('',#293,#401,#7432,.F.);
#7430=EDGE_CURVE('',#401,#405,#7433,.T.);
#7431=EDGE_CURVE('',#405,#293,#7434,.T.);
#7432=LINE('',#292,#7435);
#7433=LINE('',#400,#7436);
#7434=LINE('',#404,#7437);
#7435=VECTOR('',#7438,1.0);
#7436=VECTOR('',#7439,1.0);
#7437=VECTOR('',#7440,1.0);
#7438=DIRECTION('',(0.7083514859655239,-0.04738032801781047,-0.7042679013325531));
#7439=DIRECTION('',(-0.5170792343660687,0.6106959795091538,0.5997328455227007));
#7440=DIRECTION('',(-0.14932176259886085,-0.9887886585182748,0));
#7441=FACE_SURFACE('',(#7446),#7442,.T.);
#7442=PLANE('',#7443);
#7443=AXIS2_PLACEMENT_3D('',#406,#7444,#7445);
#7444=DIRECTION('',(-0,0,1));
#7445=DIRECTION('',(0.9920816010678858,-0.12559497132680225,0));
#7446=FACE_BOUND('',#7447,.T.);
#7447=EDGE_LOOP('',(#7448,#7449,#7450));
#7448=ORIENTED_EDGE('',*,*,#7451,.T.);
#7449=ORIENTED_EDGE('',*,*,#7452,.T.);
#7450=ORIENTED_EDGE('',*,*,#7453,.T.);
#7451=EDGE_CURVE('',#407,#293,#7454,.F.);
#7452=EDGE_CURVE('',#293,#405,#7455,.T.);
#7453=EDGE_CURVE('',#405,#407,#7456,.T.);
#7454=LINE('',#406,#7457);
#7455=LINE('',#292,#7458);
#7456=LINE('',#404,#7459);
#7457=VECTOR('',#7460,1.0);
#7458=VECTOR('',#7461,1.0);
#7459=VECTOR('',#7462,1.0);
#7460=DIRECTION('',(0.9920816010678858,-0.12559497132680225,0));
#7461=DIRECTION('',(0.14932176259886085,0.9887886585182748,0));
#7462=DIRECTION('',(-0.9996064681530157,-0.028051895241751577,0));
#7463=FACE_SURFACE('',(#7468),#7464,.T.);
#7464=PLANE('',#7465);
#7465=AXIS2_PLACEMENT_3D('',#408,#7466,#7467);
#7466=DIRECTION('',(-0,0,1));
#7467=DIRECTION('',(0.9992530225154074,-0.0386444950002297,0));
#7468=FACE_BOUND('',#7469,.T.);
#7469=EDGE_LOOP('',(#7470,#7471,#7472));
#7470=ORIENTED_EDGE('',*,*,#7473,.T.);
#7471=ORIENTED_EDGE('',*,*,#7474,.T.);
#7472=ORIENTED_EDGE('',*,*,#7475,.T.);
#7473=EDGE_CURVE('',#409,#293,#7476,.F.);
#7474=EDGE_CURVE('',#293,#407,#7477,.T.);
#7475=EDGE_CURVE('',#407,#409,#7478,.T.);
#7476=LINE('',#408,#7479);
#7477=LINE('',#292,#7480);
#7478=LINE('',#406,#7481);
#7479=VECTOR('',#7482,1.0);
#7480=VECTOR('',#7483,1.0);
#7481=VECTOR('',#7484,1.0);
#7482=DIRECTION('',(0.9992530225154074,-0.0386444950002297,0));
#7483=DIRECTION('',(-0.9920816010678858,0.12559497132680225,0));
#7484=DIRECTION('',(-0.4016564459922034,-0.9157904232917662,0));
#7485=FACE_SURFACE('',(#7490),#7486,.T.);
#7486=PLANE('',#7487);
#7487=AXIS2_PLACEMENT_3D('',#294,#7488,#7489);
#7488=DIRECTION('',(0,0,1));
#7489=DIRECTION('',(0.9993633900112557,0.03567652877187901,0));
#7490=FACE_BOUND('',#7491,.T.);
#7491=EDGE_LOOP('',(#7492,#7493,#7494));
#7492=ORIENTED_EDGE('',*,*,#7495,.T.);
#7493=ORIENTED_EDGE('',*,*,#7496,.T.);
#7494=ORIENTED_EDGE('',*,*,#7497,.T.);
#7495=EDGE_CURVE('',#295,#293,#7498,.F.);
#7496=EDGE_CURVE('',#293,#409,#7499,.T.);
#7497=EDGE_CURVE('',#409,#295,#7500,.T.);
#7498=LINE('',#294,#7501);
#7499=LINE('',#292,#7502);
#7500=LINE('',#408,#7503);
#7501=VECTOR('',#7504,1.0);
#7502=VECTOR('',#7505,1.0);
#7503=VECTOR('',#7506,1.0);
#7504=DIRECTION('',(0.9993633900112557,0.03567652877187901,0));
#7505=DIRECTION('',(-0.9992530225154074,0.0386444950002297,0));
#7506=DIRECTION('',(-0.5469399506173687,-0.8371718404358034,0));
#7507=FACE_SURFACE('',(#7512),#7508,.T.);
#7508=PLANE('',#7509);
#7509=AXIS2_PLACEMENT_3D('',#296,#7510,#7511);
#7510=DIRECTION('',(-0.52276478651572,0.4812939766062708,0.7036143020588028));
#7511=DIRECTION('',(0.6773235350226223,0.7356852784339637,0));
#7512=FACE_BOUND('',#7513,.T.);
#7513=EDGE_LOOP('',(#7514,#7515,#7516));
#7514=ORIENTED_EDGE('',*,*,#7517,.T.);
#7515=ORIENTED_EDGE('',*,*,#7518,.T.);
#7516=ORIENTED_EDGE('',*,*,#7519,.T.);
#7517=EDGE_CURVE('',#297,#295,#7520,.F.);
#7518=EDGE_CURVE('',#295,#397,#7521,.T.);
#7519=EDGE_CURVE('',#397,#297,#7522,.T.);
#7520=LINE('',#296,#7523);
#7521=LINE('',#294,#7524);
#7522=LINE('',#396,#7525);
#7523=VECTOR('',#7526,1.0);
#7524=VECTOR('',#7527,1.0);
#7525=VECTOR('',#7528,1.0);
#7526=DIRECTION('',(0.6773235350226223,0.7356852784339637,0));
#7527=DIRECTION('',(-0.6805432914244223,0.2614598029085173,-0.6844703061201801));
#7528=DIRECTION('',(0.42460463223708733,-0.5687014700886862,0.7044782070453103));
#7529=FACE_SURFACE('',(#7534),#7530,.T.);
#7530=PLANE('',#7531);
#7531=AXIS2_PLACEMENT_3D('',#396,#7532,#7533);
#7532=DIRECTION('',(-0.543626779423044,0.4461470620881241,0.7109308853076117));
#7533=DIRECTION('',(0.6805432914244223,-0.2614598029085173,0.6844703061201801));
#7534=FACE_BOUND('',#7535,.T.);
#7535=EDGE_LOOP('',(#7536,#7537,#7538));
#7536=ORIENTED_EDGE('',*,*,#7539,.T.);
#7537=ORIENTED_EDGE('',*,*,#7540,.T.);
#7538=ORIENTED_EDGE('',*,*,#7541,.T.);
#7539=EDGE_CURVE('',#397,#295,#7542,.F.);
#7540=EDGE_CURVE('',#295,#411,#7543,.T.);
#7541=EDGE_CURVE('',#411,#397,#7544,.T.);
#7542=LINE('',#396,#7545);
#7543=LINE('',#294,#7546);
#7544=LINE('',#410,#7547);
#7545=VECTOR('',#7548,1.0);
#7546=VECTOR('',#7549,1.0);
#7547=VECTOR('',#7550,1.0);
#7548=DIRECTION('',(0.6805432914244223,-0.2614598029085173,0.6844703061201801));
#7549=DIRECTION('',(-0.4777576870676408,0.5319300150180133,-0.6991409382740467));
#7550=DIRECTION('',(-0.6343967628089359,-0.7730075984992274,0));
#7551=FACE_SURFACE('',(#7556),#7552,.T.);
#7552=PLANE('',#7553);
#7553=AXIS2_PLACEMENT_3D('',#294,#7554,#7555);
#7554=DIRECTION('',(-0.59546934954655,0.3890312130728209,0.7029018203175306));
#7555=DIRECTION('',(0.5469399506173687,0.8371718404358034,0));
#7556=FACE_BOUND('',#7557,.T.);
#7557=EDGE_LOOP('',(#7558,#7559,#7560));
#7558=ORIENTED_EDGE('',*,*,#7561,.T.);
#7559=ORIENTED_EDGE('',*,*,#7562,.T.);
#7560=ORIENTED_EDGE('',*,*,#7563,.T.);
#7561=EDGE_CURVE('',#295,#409,#7564,.F.);
#7562=EDGE_CURVE('',#409,#411,#7565,.T.);
#7563=EDGE_CURVE('',#411,#295,#7566,.T.);
#7564=LINE('',#294,#7567);
#7565=LINE('',#408,#7568);
#7566=LINE('',#410,#7569);
#7567=VECTOR('',#7570,1.0);
#7568=VECTOR('',#7571,1.0);
#7569=VECTOR('',#7572,1.0);
#7570=DIRECTION('',(0.5469399506173687,0.8371718404358034,0));
#7571=DIRECTION('',(-0.6937544941293092,0.19219532860534583,-0.6940934069256596));
#7572=DIRECTION('',(0.4777576870676408,-0.5319300150180133,0.6991409382740467));
#7573=FACE_SURFACE('',(#7578),#7574,.T.);
#7574=PLANE('',#7575);
#7575=AXIS2_PLACEMENT_3D('',#364,#7576,#7577);
#7576=DIRECTION('',(0,0,-1));
#7577=DIRECTION('',(0.9988673609689743,-0.04758145847782301,0));
#7578=FACE_BOUND('',#7579,.T.);
#7579=EDGE_LOOP('',(#7580,#7581,#7582));
#7580=ORIENTED_EDGE('',*,*,#7583,.T.);
#7581=ORIENTED_EDGE('',*,*,#7584,.T.);
#7582=ORIENTED_EDGE('',*,*,#7585,.T.);
#7583=EDGE_CURVE('',#365,#299,#7586,.F.);
#7584=EDGE_CURVE('',#299,#363,#7587,.T.);
#7585=EDGE_CURVE('',#363,#365,#7588,.T.);
#7586=LINE('',#364,#7589);
#7587=LINE('',#298,#7590);
#7588=LINE('',#362,#7591);
#7589=VECTOR('',#7592,1.0);
#7590=VECTOR('',#7593,1.0);
#7591=VECTOR('',#7594,1.0);
#7592=DIRECTION('',(0.9988673609689743,-0.04758145847782301,0));
#7593=DIRECTION('',(-1,0,0));
#7594=DIRECTION('',(-0.5000020084760747,0.8660242441871309,0));
#7595=FACE_SURFACE('',(#7600),#7596,.T.);
#7596=PLANE('',#7597);
#7597=AXIS2_PLACEMENT_3D('',#362,#7598,#7599);
#7598=DIRECTION('',(0,0,-1));
#7599=DIRECTION('',(1,0,0));
#7600=FACE_BOUND('',#7601,.T.);
#7601=EDGE_LOOP('',(#7602,#7603,#7604));
#7602=ORIENTED_EDGE('',*,*,#7605,.T.);
#7603=ORIENTED_EDGE('',*,*,#7606,.T.);
#7604=ORIENTED_EDGE('',*,*,#7607,.T.);
#7605=EDGE_CURVE('',#363,#299,#7608,.F.);
#7606=EDGE_CURVE('',#299,#301,#7609,.T.);
#7607=EDGE_CURVE('',#301,#363,#7610,.T.);
#7608=LINE('',#362,#7611);
#7609=LINE('',#298,#7612);
#7610=LINE('',#300,#7613);
#7611=VECTOR('',#7614,1.0);
#7612=VECTOR('',#7615,1.0);
#7613=VECTOR('',#7616,1.0);
#7614=DIRECTION('',(1,0,0));
#7615=DIRECTION('',(-0.5800412905254686,-0.8145870740967777,0));
#7616=DIRECTION('',(-0.9988673119002759,0.0475824885553153,0));
#7617=FACE_SURFACE('',(#7622),#7618,.T.);
#7618=PLANE('',#7619);
#7619=AXIS2_PLACEMENT_3D('',#362,#7620,#7621);
#7620=DIRECTION('',(0,0,-1));
#7621=DIRECTION('',(0.9988673119002759,-0.0475824885553153,0));
#7622=FACE_BOUND('',#7623,.T.);
#7623=EDGE_LOOP('',(#7624,#7625,#7626));
#7624=ORIENTED_EDGE('',*,*,#7627,.T.);
#7625=ORIENTED_EDGE('',*,*,#7628,.T.);
#7626=ORIENTED_EDGE('',*,*,#7629,.T.);
#7627=EDGE_CURVE('',#363,#301,#7630,.F.);
#7628=EDGE_CURVE('',#301,#361,#7631,.T.);
#7629=EDGE_CURVE('',#361,#363,#7632,.T.);
#7630=LINE('',#362,#7633);
#7631=LINE('',#300,#7634);
#7632=LINE('',#360,#7635);
#7633=VECTOR('',#7636,1.0);
#7634=VECTOR('',#7637,1.0);
#7635=VECTOR('',#7638,1.0);
#7636=DIRECTION('',(0.9988673119002759,-0.0475824885553153,0));
#7637=DIRECTION('',(-1,0,0));
#7638=DIRECTION('',(-0.5800412905254686,0.8145870740967777,0));
#7639=FACE_SURFACE('',(#7644),#7640,.T.);
#7640=PLANE('',#7641);
#7641=AXIS2_PLACEMENT_3D('',#360,#7642,#7643);
#7642=DIRECTION('',(0,0,-1));
#7643=DIRECTION('',(1,0,0));
#7644=FACE_BOUND('',#7645,.T.);
#7645=EDGE_LOOP('',(#7646,#7647,#7648));
#7646=ORIENTED_EDGE('',*,*,#7649,.T.);
#7647=ORIENTED_EDGE('',*,*,#7650,.T.);
#7648=ORIENTED_EDGE('',*,*,#7651,.T.);
#7649=EDGE_CURVE('',#361,#301,#7652,.F.);
#7650=EDGE_CURVE('',#301,#303,#7653,.T.);
#7651=EDGE_CURVE('',#303,#361,#7654,.T.);
#7652=LINE('',#360,#7655);
#7653=LINE('',#300,#7656);
#7654=LINE('',#302,#7657);
#7655=VECTOR('',#7658,1.0);
#7656=VECTOR('',#7659,1.0);
#7657=VECTOR('',#7660,1.0);
#7658=DIRECTION('',(1,0,0));
#7659=DIRECTION('',(-0.6548386073043083,-0.7557687466307098,0));
#7660=DIRECTION('',(-0.9988673121221772,0.04758248389709333,0));
#7661=FACE_SURFACE('',(#7666),#7662,.T.);
#7662=PLANE('',#7663);
#7663=AXIS2_PLACEMENT_3D('',#360,#7664,#7665);
#7664=DIRECTION('',(0,0,-1));
#7665=DIRECTION('',(0.9988673121221772,-0.04758248389709333,0));
#7666=FACE_BOUND('',#7667,.T.);
#7667=EDGE_LOOP('',(#7668,#7669,#7670));
#7668=ORIENTED_EDGE('',*,*,#7671,.T.);
#7669=ORIENTED_EDGE('',*,*,#7672,.T.);
#7670=ORIENTED_EDGE('',*,*,#7673,.T.);
#7671=EDGE_CURVE('',#361,#303,#7674,.F.);
#7672=EDGE_CURVE('',#303,#359,#7675,.T.);
#7673=EDGE_CURVE('',#359,#361,#7676,.T.);
#7674=LINE('',#360,#7677);
#7675=LINE('',#302,#7678);
#7676=LINE('',#358,#7679);
#7677=VECTOR('',#7680,1.0);
#7678=VECTOR('',#7681,1.0);
#7679=VECTOR('',#7682,1.0);
#7680=DIRECTION('',(0.9988673121221772,-0.04758248389709333,0));
#7681=DIRECTION('',(-1,0,0));
#7682=DIRECTION('',(-0.6548386073043083,0.7557687466307098,0));
#7683=FACE_SURFACE('',(#7688),#7684,.T.);
#7684=PLANE('',#7685);
#7685=AXIS2_PLACEMENT_3D('',#358,#7686,#7687);
#7686=DIRECTION('',(0,0,-1));
#7687=DIRECTION('',(1,0,0));
#7688=FACE_BOUND('',#7689,.T.);
#7689=EDGE_LOOP('',(#7690,#7691,#7692));
#7690=ORIENTED_EDGE('',*,*,#7693,.T.);
#7691=ORIENTED_EDGE('',*,*,#7694,.T.);
#7692=ORIENTED_EDGE('',*,*,#7695,.T.);
#7693=EDGE_CURVE('',#359,#303,#7696,.F.);
#7694=EDGE_CURVE('',#303,#305,#7697,.T.);
#7695=EDGE_CURVE('',#305,#359,#7698,.T.);
#7696=LINE('',#358,#7699);
#7697=LINE('',#302,#7700);
#7698=LINE('',#304,#7701);
#7699=VECTOR('',#7702,1.0);
#7700=VECTOR('',#7703,1.0);
#7701=VECTOR('',#7704,1.0);
#7702=DIRECTION('',(1,0,0));
#7703=DIRECTION('',(-0.7237548970234148,-0.6900571346161319,0));
#7704=DIRECTION('',(-0.9988673771966655,0.047581117812155634,0));
#7705=FACE_SURFACE('',(#7710),#7706,.T.);
#7706=PLANE('',#7707);
#7707=AXIS2_PLACEMENT_3D('',#358,#7708,#7709);
#7708=DIRECTION('',(0,0,-1));
#7709=DIRECTION('',(0.9988673771966655,-0.047581117812155634,0));
#7710=FACE_BOUND('',#7711,.T.);
#7711=EDGE_LOOP('',(#7712,#7713,#7714));
#7712=ORIENTED_EDGE('',*,*,#7715,.T.);
#7713=ORIENTED_EDGE('',*,*,#7716,.T.);
#7714=ORIENTED_EDGE('',*,*,#7717,.T.);
#7715=EDGE_CURVE('',#359,#305,#7718,.F.);
#7716=EDGE_CURVE('',#305,#357,#7719,.T.);
#7717=EDGE_CURVE('',#357,#359,#7720,.T.);
#7718=LINE('',#358,#7721);
#7719=LINE('',#304,#7722);
#7720=LINE('',#356,#7723);
#7721=VECTOR('',#7724,1.0);
#7722=VECTOR('',#7725,1.0);
#7723=VECTOR('',#7726,1.0);
#7724=DIRECTION('',(0.9988673771966655,-0.047581117812155634,0));
#7725=DIRECTION('',(-1,0,0));
#7726=DIRECTION('',(-0.7237548970234148,0.6900571346161319,0));
#7727=FACE_SURFACE('',(#7732),#7728,.T.);
#7728=PLANE('',#7729);
#7729=AXIS2_PLACEMENT_3D('',#398,#7730,#7731);
#7730=DIRECTION('',(0,0,1));
#7731=DIRECTION('',(-0.9951849648395562,0.09801472214566194,0));
#7732=FACE_BOUND('',#7733,.T.);
#7733=EDGE_LOOP('',(#7734,#7735,#7736));
#7734=ORIENTED_EDGE('',*,*,#7737,.T.);
#7735=ORIENTED_EDGE('',*,*,#7738,.T.);
#7736=ORIENTED_EDGE('',*,*,#7739,.T.);
#7737=EDGE_CURVE('',#399,#355,#7740,.F.);
#7738=EDGE_CURVE('',#355,#307,#7741,.T.);
#7739=EDGE_CURVE('',#307,#399,#7742,.T.);
#7740=LINE('',#398,#7743);
#7741=LINE('',#354,#7744);
#7742=LINE('',#306,#7745);
#7743=VECTOR('',#7746,1.0);
#7744=VECTOR('',#7747,1.0);
#7745=VECTOR('',#7748,1.0);
#7746=DIRECTION('',(-0.9951849648395562,0.09801472214566194,0));
#7747=DIRECTION('',(0.7730228667384983,-0.63437815811974,0));
#7748=DIRECTION('',(1,0,0));
#7749=FACE_SURFACE('',(#7754),#7750,.T.);
#7750=PLANE('',#7751);
#7751=AXIS2_PLACEMENT_3D('',#412,#7752,#7753);
#7752=DIRECTION('',(0,0,-1));
#7753=DIRECTION('',(-0.998867290182764,0.047582944454312,0));
#7754=FACE_BOUND('',#7755,.T.);
#7755=EDGE_LOOP('',(#7756,#7757,#7758));
#7756=ORIENTED_EDGE('',*,*,#7759,.T.);
#7757=ORIENTED_EDGE('',*,*,#7760,.T.);
#7758=ORIENTED_EDGE('',*,*,#7761,.T.);
#7759=EDGE_CURVE('',#413,#309,#7762,.F.);
#7760=EDGE_CURVE('',#309,#415,#7763,.T.);
#7761=EDGE_CURVE('',#415,#413,#7764,.T.);
#7762=LINE('',#412,#7765);
#7763=LINE('',#308,#7766);
#7764=LINE('',#414,#7767);
#7765=VECTOR('',#7768,1.0);
#7766=VECTOR('',#7769,1.0);
#7767=VECTOR('',#7770,1.0);
#7768=DIRECTION('',(-0.998867290182764,0.047582944454312,0));
#7769=DIRECTION('',(1,0,0));
#7770=DIRECTION('',(0.8412431925698483,-0.5406569068780027,0));
#7771=FACE_SURFACE('',(#7776),#7772,.T.);
#7772=PLANE('',#7773);
#7773=AXIS2_PLACEMENT_3D('',#414,#7774,#7775);
#7774=DIRECTION('',(0,0,-1));
#7775=DIRECTION('',(-1,0,0));
#7776=FACE_BOUND('',#7777,.T.);
#7777=EDGE_LOOP('',(#7778,#7779,#7780));
#7778=ORIENTED_EDGE('',*,*,#7781,.T.);
#7779=ORIENTED_EDGE('',*,*,#7782,.T.);
#7780=ORIENTED_EDGE('',*,*,#7783,.T.);
#7781=EDGE_CURVE('',#415,#309,#7784,.F.);
#7782=EDGE_CURVE('',#309,#311,#7785,.T.);
#7783=EDGE_CURVE('',#311,#415,#7786,.T.);
#7784=LINE('',#414,#7787);
#7785=LINE('',#308,#7788);
#7786=LINE('',#310,#7789);
#7787=VECTOR('',#7790,1.0);
#7788=VECTOR('',#7791,1.0);
#7789=VECTOR('',#7792,1.0);
#7790=DIRECTION('',(-1,0,0));
#7791=DIRECTION('',(0.8888419663737305,0.4582138788959585,0));
#7792=DIRECTION('',(0.9988673434254527,-0.04758182676378282,0));
#7793=FACE_SURFACE('',(#7798),#7794,.T.);
#7794=PLANE('',#7795);
#7795=AXIS2_PLACEMENT_3D('',#412,#7796,#7797);
#7796=DIRECTION('',(0,0,-1));
#7797=DIRECTION('',(-1,0,0));
#7798=FACE_BOUND('',#7799,.T.);
#7799=EDGE_LOOP('',(#7800,#7801,#7802));
#7800=ORIENTED_EDGE('',*,*,#7803,.T.);
#7801=ORIENTED_EDGE('',*,*,#7804,.T.);
#7802=ORIENTED_EDGE('',*,*,#7805,.T.);
#7803=EDGE_CURVE('',#413,#373,#7806,.F.);
#7804=EDGE_CURVE('',#373,#309,#7807,.T.);
#7805=EDGE_CURVE('',#309,#413,#7808,.T.);
#7806=LINE('',#412,#7809);
#7807=LINE('',#372,#7810);
#7808=LINE('',#308,#7811);
#7809=VECTOR('',#7812,1.0);
#7810=VECTOR('',#7813,1.0);
#7811=VECTOR('',#7814,1.0);
#7812=DIRECTION('',(-1,0,0));
#7813=DIRECTION('',(0.8412608364401128,0.5406294526494848,0));
#7814=DIRECTION('',(0.998867290182764,-0.047582944454312,0));
#7815=FACE_SURFACE('',(#7820),#7816,.T.);
#7816=PLANE('',#7817);
#7817=AXIS2_PLACEMENT_3D('',#414,#7818,#7819);
#7818=DIRECTION('',(0,0,-1));
#7819=DIRECTION('',(-0.9988673434254527,0.04758182676378282,0));
#7820=FACE_BOUND('',#7821,.T.);
#7821=EDGE_LOOP('',(#7822,#7823,#7824));
#7822=ORIENTED_EDGE('',*,*,#7825,.T.);
#7823=ORIENTED_EDGE('',*,*,#7826,.T.);
#7824=ORIENTED_EDGE('',*,*,#7827,.T.);
#7825=EDGE_CURVE('',#415,#311,#7828,.F.);
#7826=EDGE_CURVE('',#311,#417,#7829,.T.);
#7827=EDGE_CURVE('',#417,#415,#7830,.T.);
#7828=LINE('',#414,#7831);
#7829=LINE('',#310,#7832);
#7830=LINE('',#416,#7833);
#7831=VECTOR('',#7834,1.0);
#7832=VECTOR('',#7835,1.0);
#7833=VECTOR('',#7836,1.0);
#7834=DIRECTION('',(-0.9988673434254527,0.04758182676378282,0));
#7835=DIRECTION('',(1,0,0));
#7836=DIRECTION('',(0.8888419663737305,-0.4582138788959585,0));
#7837=FACE_SURFACE('',(#7842),#7838,.T.);
#7838=PLANE('',#7839);
#7839=AXIS2_PLACEMENT_3D('',#416,#7840,#7841);
#7840=DIRECTION('',(0,0,-1));
#7841=DIRECTION('',(-1,0,0));
#7842=FACE_BOUND('',#7843,.T.);
#7843=EDGE_LOOP('',(#7844,#7845,#7846));
#7844=ORIENTED_EDGE('',*,*,#7847,.T.);
#7845=ORIENTED_EDGE('',*,*,#7848,.T.);
#7846=ORIENTED_EDGE('',*,*,#7849,.T.);
#7847=EDGE_CURVE('',#417,#311,#7850,.F.);
#7848=EDGE_CURVE('',#311,#315,#7851,.T.);
#7849=EDGE_CURVE('',#315,#417,#7852,.T.);
#7850=LINE('',#416,#7853);
#7851=LINE('',#310,#7854);
#7852=LINE('',#314,#7855);
#7853=VECTOR('',#7856,1.0);
#7854=VECTOR('',#7857,1.0);
#7855=VECTOR('',#7858,1.0);
#7856=DIRECTION('',(-1,0,0));
#7857=DIRECTION('',(0.9283694504308769,0.371658665318961,0));
#7858=DIRECTION('',(0.9988674251215407,-0.047580111717642766,0));
#7859=FACE_SURFACE('',(#7864),#7860,.T.);
#7860=PLANE('',#7861);
#7861=AXIS2_PLACEMENT_3D('',#418,#7862,#7863);
#7862=DIRECTION('',(-0.2817357166881716,0.9594920385148616,-0.00011818966824153131));
#7863=DIRECTION('',(-0.9594920452163368,-0.2817357186559263,0));
#7864=FACE_BOUND('',#7865,.T.);
#7865=EDGE_LOOP('',(#7866,#7867,#7868));
#7866=ORIENTED_EDGE('',*,*,#7869,.T.);
#7867=ORIENTED_EDGE('',*,*,#7870,.T.);
#7868=ORIENTED_EDGE('',*,*,#7871,.T.);
#7869=EDGE_CURVE('',#419,#315,#7872,.F.);
#7870=EDGE_CURVE('',#315,#313,#7873,.T.);
#7871=EDGE_CURVE('',#313,#419,#7874,.T.);
#7872=LINE('',#418,#7875);
#7873=LINE('',#314,#7876);
#7874=LINE('',#312,#7877);
#7875=VECTOR('',#7878,1.0);
#7876=VECTOR('',#7879,1.0);
#7877=VECTOR('',#7880,1.0);
#7878=DIRECTION('',(-0.9594920452163368,-0.2817357186559263,0));
#7879=DIRECTION('',(0.003477777086978496,0.0011443585273348265,0.9999932977325868));
#7880=DIRECTION('',(0.00745328719625302,0.0020653335276016684,-0.999970091006421));
#7881=FACE_SURFACE('',(#7886),#7882,.T.);
#7882=PLANE('',#7883);
#7883=AXIS2_PLACEMENT_3D('',#322,#7884,#7885);
#7884=DIRECTION('',(-0.1796371996839142,0.6868833458241685,0.7042171154687433));
#7885=DIRECTION('',(-0.9674621994231838,-0.25301559771534976,0));
#7886=FACE_BOUND('',#7887,.T.);
#7887=EDGE_LOOP('',(#7888,#7889,#7890));
#7888=ORIENTED_EDGE('',*,*,#7891,.T.);
#7889=ORIENTED_EDGE('',*,*,#7892,.T.);
#7890=ORIENTED_EDGE('',*,*,#7893,.T.);
#7891=EDGE_CURVE('',#323,#313,#7894,.F.);
#7892=EDGE_CURVE('',#313,#317,#7895,.T.);
#7893=EDGE_CURVE('',#317,#323,#7896,.T.);
#7894=LINE('',#322,#7897);
#7895=LINE('',#312,#7898);
#7896=LINE('',#316,#7899);
#7897=VECTOR('',#7900,1.0);
#7898=VECTOR('',#7901,1.0);
#7899=VECTOR('',#7902,1.0);
#7900=DIRECTION('',(-0.9674621994231838,-0.25301559771534976,0));
#7901=DIRECTION('',(0.6156005300063351,-0.47988035737757556,0.6251006559419767));
#7902=DIRECTION('',(-0.015598782234324421,0.7137831804868122,-0.7001930085675926));
#7903=FACE_SURFACE('',(#7908),#7904,.T.);
#7904=PLANE('',#7905);
#7905=AXIS2_PLACEMENT_3D('',#312,#7906,#7907);
#7906=DIRECTION('',(-0.25301559611885577,0.9674621933186289,0.0001123375614464222));
#7907=DIRECTION('',(0.9674621994231838,0.25301559771534976,0));
#7908=FACE_BOUND('',#7909,.T.);
#7909=EDGE_LOOP('',(#7910,#7911,#7912));
#7910=ORIENTED_EDGE('',*,*,#7913,.T.);
#7911=ORIENTED_EDGE('',*,*,#7914,.T.);
#7912=ORIENTED_EDGE('',*,*,#7915,.T.);
#7913=EDGE_CURVE('',#313,#323,#7916,.F.);
#7914=EDGE_CURVE('',#323,#419,#7917,.T.);
#7915=EDGE_CURVE('',#419,#313,#7918,.T.);
#7916=LINE('',#312,#7919);
#7917=LINE('',#322,#7920);
#7918=LINE('',#418,#7921);
#7919=VECTOR('',#7922,1.0);
#7920=VECTOR('',#7923,1.0);
#7921=VECTOR('',#7924,1.0);
#7922=DIRECTION('',(0.9674621994231838,0.25301559771534976,0));
#7923=DIRECTION('',(-0.003391814868793877,-0.0007709295352631663,-0.9999939506114762));
#7924=DIRECTION('',(-0.00745328719625302,-0.0020653335276016684,0.999970091006421));
#7925=FACE_SURFACE('',(#7930),#7926,.T.);
#7926=PLANE('',#7927);
#7927=AXIS2_PLACEMENT_3D('',#416,#7928,#7929);
#7928=DIRECTION('',(0,0,-1));
#7929=DIRECTION('',(-0.9988674251215407,0.047580111717642766,0));
#7930=FACE_BOUND('',#7931,.T.);
#7931=EDGE_LOOP('',(#7932,#7933,#7934));
#7932=ORIENTED_EDGE('',*,*,#7935,.T.);
#7933=ORIENTED_EDGE('',*,*,#7936,.T.);
#7934=ORIENTED_EDGE('',*,*,#7937,.T.);
#7935=EDGE_CURVE('',#417,#315,#7938,.F.);
#7936=EDGE_CURVE('',#315,#421,#7939,.T.);
#7937=EDGE_CURVE('',#421,#417,#7940,.T.);
#7938=LINE('',#416,#7941);
#7939=LINE('',#314,#7942);
#7940=LINE('',#420,#7943);
#7941=VECTOR('',#7944,1.0);
#7942=VECTOR('',#7945,1.0);
#7943=VECTOR('',#7946,1.0);
#7944=DIRECTION('',(-0.9988674251215407,0.047580111717642766,0));
#7945=DIRECTION('',(1,0,0));
#7946=DIRECTION('',(0.9283694504308769,-0.371658665318961,0));
#7947=FACE_SURFACE('',(#7952),#7948,.T.);
#7948=PLANE('',#7949);
#7949=AXIS2_PLACEMENT_3D('',#420,#7950,#7951);
#7950=DIRECTION('',(0,0,-1));
#7951=DIRECTION('',(-1,0,0));
#7952=FACE_BOUND('',#7953,.T.);
#7953=EDGE_LOOP('',(#7954,#7955,#7956));
#7954=ORIENTED_EDGE('',*,*,#7957,.T.);
#7955=ORIENTED_EDGE('',*,*,#7958,.T.);
#7956=ORIENTED_EDGE('',*,*,#7959,.T.);
#7957=EDGE_CURVE('',#421,#315,#7960,.F.);
#7958=EDGE_CURVE('',#315,#419,#7961,.T.);
#7959=EDGE_CURVE('',#419,#421,#7962,.T.);
#7960=LINE('',#420,#7963);
#7961=LINE('',#314,#7964);
#7962=LINE('',#418,#7965);
#7963=VECTOR('',#7966,1.0);
#7964=VECTOR('',#7967,1.0);
#7965=VECTOR('',#7968,1.0);
#7966=DIRECTION('',(-1,0,0));
#7967=DIRECTION('',(0.9594920452163368,0.2817357186559263,0));
#7968=DIRECTION('',(0.9988673245223926,-0.04758222358693506,0));
#7969=FACE_SURFACE('',(#7974),#7970,.T.);
#7970=PLANE('',#7971);
#7971=AXIS2_PLACEMENT_3D('',#422,#7972,#7973);
#7972=DIRECTION('',(0.9569348030711599,-0.2903029153680005,0));
#7973=DIRECTION('',(0,0,1));
#7974=FACE_BOUND('',#7975,.T.);
#7975=EDGE_LOOP('',(#7976,#7977,#7978));
#7976=ORIENTED_EDGE('',*,*,#7979,.T.);
#7977=ORIENTED_EDGE('',*,*,#7980,.T.);
#7978=ORIENTED_EDGE('',*,*,#7981,.T.);
#7979=EDGE_CURVE('',#423,#325,#7982,.F.);
#7980=EDGE_CURVE('',#325,#319,#7983,.T.);
#7981=EDGE_CURVE('',#319,#423,#7984,.T.);
#7982=LINE('',#422,#7985);
#7983=LINE('',#324,#7986);
#7984=LINE('',#318,#7987);
#7985=VECTOR('',#7988,1.0);
#7986=VECTOR('',#7989,1.0);
#7987=VECTOR('',#7990,1.0);
#7988=DIRECTION('',(0,0,1));
#7989=DIRECTION('',(-0.2903029153680005,-0.9569348030711599,0));
#7990=DIRECTION('',(0.0059268039883547344,0.019536713919142294,-0.9997915731809932));
#7991=FACE_SURFACE('',(#7996),#7992,.T.);
#7992=PLANE('',#7993);
#7993=AXIS2_PLACEMENT_3D('',#422,#7994,#7995);
#7994=DIRECTION('',(0.9569348030711599,-0.2903029153680005,0));
#7995=DIRECTION('',(-0.0059268039883547344,-0.019536713919142294,0.9997915731809932));
#7996=FACE_BOUND('',#7997,.T.);
#7997=EDGE_LOOP('',(#7998,#7999,#8000));
#7998=ORIENTED_EDGE('',*,*,#8001,.T.);
#7999=ORIENTED_EDGE('',*,*,#8002,.T.);
#8000=ORIENTED_EDGE('',*,*,#8003,.T.);
#8001=EDGE_CURVE('',#423,#319,#8004,.F.);
#8002=EDGE_CURVE('',#319,#347,#8005,.T.);
#8003=EDGE_CURVE('',#347,#423,#8006,.T.);
#8004=LINE('',#422,#8007);
#8005=LINE('',#318,#8008);
#8006=LINE('',#346,#8009);
#8007=VECTOR('',#8010,1.0);
#8008=VECTOR('',#8011,1.0);
#8009=VECTOR('',#8012,1.0);
#8010=DIRECTION('',(-0.0059268039883547344,-0.019536713919142294,0.9997915731809932));
#8011=DIRECTION('',(0,0,-1));
#8012=DIRECTION('',(0.2903029153680005,0.9569348030711599,0));
#8013=FACE_SURFACE('',(#8018),#8014,.T.);
#8014=PLANE('',#8015);
#8015=AXIS2_PLACEMENT_3D('',#322,#8016,#8017);
#8016=DIRECTION('',(-0.16139866856956808,0.986889283516135,0.0001089264903487571));
#8017=DIRECTION('',(0.9868892893708461,0.1613986695270641,0));
#8018=FACE_BOUND('',#8019,.T.);
#8019=EDGE_LOOP('',(#8020,#8021,#8022));
#8020=ORIENTED_EDGE('',*,*,#8023,.T.);
#8021=ORIENTED_EDGE('',*,*,#8024,.T.);
#8022=ORIENTED_EDGE('',*,*,#8025,.T.);
#8023=EDGE_CURVE('',#323,#321,#8026,.F.);
#8024=EDGE_CURVE('',#321,#425,#8027,.T.);
#8025=EDGE_CURVE('',#425,#323,#8028,.T.);
#8026=LINE('',#322,#8029);
#8027=LINE('',#320,#8030);
#8028=LINE('',#424,#8031);
#8029=VECTOR('',#8032,1.0);
#8030=VECTOR('',#8033,1.0);
#8031=VECTOR('',#8034,1.0);
#8032=DIRECTION('',(0.9868892893708461,0.1613986695270641,0));
#8033=DIRECTION('',(-0.003267340320503432,-0.0004239771222038236,-0.9999945723505852));
#8034=DIRECTION('',(-0.0077950626825820015,-0.0013851967365144063,0.999968658622747));
#8035=FACE_SURFACE('',(#8040),#8036,.T.);
#8036=PLANE('',#8037);
#8037=AXIS2_PLACEMENT_3D('',#320,#8038,#8039);
#8038=DIRECTION('',(-0.06838470105851616,0.9976590206904223,0.00010533833499506045));
#8039=DIRECTION('',(0.9976590262255168,0.06838470143792012,0));
#8040=FACE_BOUND('',#8041,.T.);
#8041=EDGE_LOOP('',(#8042,#8043,#8044));
#8042=ORIENTED_EDGE('',*,*,#8045,.T.);
#8043=ORIENTED_EDGE('',*,*,#8046,.T.);
#8044=ORIENTED_EDGE('',*,*,#8047,.T.);
#8045=EDGE_CURVE('',#321,#327,#8048,.F.);
#8046=EDGE_CURVE('',#327,#427,#8049,.T.);
#8047=EDGE_CURVE('',#427,#321,#8050,.T.);
#8048=LINE('',#320,#8051);
#8049=LINE('',#326,#8052);
#8050=LINE('',#426,#8053);
#8051=VECTOR('',#8054,1.0);
#8052=VECTOR('',#8055,1.0);
#8053=VECTOR('',#8056,1.0);
#8054=DIRECTION('',(0.9976590262255168,0.06838470143792012,0));
#8055=DIRECTION('',(-0.0031105428124037675,-0.00010762766971947593,-0.9999951564581185));
#8056=DIRECTION('',(-0.008073568732953638,-0.0006589861361458965,0.9999671910743806));
#8057=FACE_SURFACE('',(#8062),#8058,.T.);
#8058=PLANE('',#8059);
#8059=AXIS2_PLACEMENT_3D('',#426,#8060,#8061);
#8060=DIRECTION('',(-0.09505905928823939,0.9954716283361523,-0.000111467503982458));
#8061=DIRECTION('',(-0.9954716345205221,-0.09505905987879401,0));
#8062=FACE_BOUND('',#8063,.T.);
#8063=EDGE_LOOP('',(#8064,#8065,#8066));
#8064=ORIENTED_EDGE('',*,*,#8067,.T.);
#8065=ORIENTED_EDGE('',*,*,#8068,.T.);
#8066=ORIENTED_EDGE('',*,*,#8069,.T.);
#8067=EDGE_CURVE('',#427,#425,#8070,.F.);
#8068=EDGE_CURVE('',#425,#321,#8071,.T.);
#8069=EDGE_CURVE('',#321,#427,#8072,.T.);
#8070=LINE('',#426,#8073);
#8071=LINE('',#424,#8074);
#8072=LINE('',#320,#8075);
#8073=VECTOR('',#8076,1.0);
#8074=VECTOR('',#8077,1.0);
#8075=VECTOR('',#8078,1.0);
#8076=DIRECTION('',(-0.9954716345205221,-0.09505905987879401,0));
#8077=DIRECTION('',(0.003267340320503432,0.0004239771222038236,0.9999945723505852));
#8078=DIRECTION('',(0.008073568732953638,0.0006589861361458965,-0.9999671910743806));
#8079=FACE_SURFACE('',(#8084),#8080,.T.);
#8080=PLANE('',#8081);
#8081=AXIS2_PLACEMENT_3D('',#424,#8082,#8083);
#8082=DIRECTION('',(-0.18925372994256587,0.9819282114586457,-0.00011508454071880983));
#8083=DIRECTION('',(-0.9819282179611961,-0.18925373119584682,0));
#8084=FACE_BOUND('',#8085,.T.);
#8085=EDGE_LOOP('',(#8086,#8087,#8088));
#8086=ORIENTED_EDGE('',*,*,#8089,.T.);
#8087=ORIENTED_EDGE('',*,*,#8090,.T.);
#8088=ORIENTED_EDGE('',*,*,#8091,.T.);
#8089=EDGE_CURVE('',#425,#419,#8092,.F.);
#8090=EDGE_CURVE('',#419,#323,#8093,.T.);
#8091=EDGE_CURVE('',#323,#425,#8094,.T.);
#8092=LINE('',#424,#8095);
#8093=LINE('',#418,#8096);
#8094=LINE('',#322,#8097);
#8095=VECTOR('',#8098,1.0);
#8096=VECTOR('',#8099,1.0);
#8097=VECTOR('',#8100,1.0);
#8098=DIRECTION('',(-0.9819282179611961,-0.18925373119584682,0));
#8099=DIRECTION('',(0.003391814868793877,0.0007709295352631663,0.9999939506114762));
#8100=DIRECTION('',(0.0077950626825820015,0.0013851967365144063,-0.999968658622747));
#8101=FACE_SURFACE('',(#8106),#8102,.T.);
#8102=PLANE('',#8103);
#8103=AXIS2_PLACEMENT_3D('',#428,#8104,#8105);
#8104=DIRECTION('',(0.8819354623245728,-0.4713701733185311,0));
#8105=DIRECTION('',(0,0,1));
#8106=FACE_BOUND('',#8107,.T.);
#8107=EDGE_LOOP('',(#8108,#8109,#8110));
#8108=ORIENTED_EDGE('',*,*,#8111,.T.);
#8109=ORIENTED_EDGE('',*,*,#8112,.T.);
#8110=ORIENTED_EDGE('',*,*,#8113,.T.);
#8111=EDGE_CURVE('',#429,#331,#8114,.F.);
#8112=EDGE_CURVE('',#331,#325,#8115,.T.);
#8113=EDGE_CURVE('',#325,#429,#8116,.T.);
#8114=LINE('',#428,#8117);
#8115=LINE('',#330,#8118);
#8116=LINE('',#324,#8119);
#8117=VECTOR('',#8120,1.0);
#8118=VECTOR('',#8121,1.0);
#8119=VECTOR('',#8122,1.0);
#8120=DIRECTION('',(0,0,1));
#8121=DIRECTION('',(-0.47137017331853115,-0.8819354623245728,0));
#8122=DIRECTION('',(0.00962374638266073,0.018006067620979557,-0.9997915607937442));
#8123=FACE_SURFACE('',(#8128),#8124,.T.);
#8124=PLANE('',#8125);
#8125=AXIS2_PLACEMENT_3D('',#428,#8126,#8127);
#8126=DIRECTION('',(0.8819354623245728,-0.4713701733185311,0));
#8127=DIRECTION('',(-0.00962374638266073,-0.018006067620979557,0.9997915607937442));
#8128=FACE_BOUND('',#8129,.T.);
#8129=EDGE_LOOP('',(#8130,#8131,#8132));
#8130=ORIENTED_EDGE('',*,*,#8133,.T.);
#8131=ORIENTED_EDGE('',*,*,#8134,.T.);
#8132=ORIENTED_EDGE('',*,*,#8135,.T.);
#8133=EDGE_CURVE('',#429,#325,#8136,.F.);
#8134=EDGE_CURVE('',#325,#423,#8137,.T.);
#8135=EDGE_CURVE('',#423,#429,#8138,.T.);
#8136=LINE('',#428,#8139);
#8137=LINE('',#324,#8140);
#8138=LINE('',#422,#8141);
#8139=VECTOR('',#8142,1.0);
#8140=VECTOR('',#8143,1.0);
#8141=VECTOR('',#8144,1.0);
#8142=DIRECTION('',(-0.00962374638266073,-0.018006067620979557,0.9997915607937442));
#8143=DIRECTION('',(0,0,-1));
#8144=DIRECTION('',(0.47137017331853115,0.8819354623245728,0));
#8145=FACE_SURFACE('',(#8150),#8146,.T.);
#8146=PLANE('',#8147);
#8147=AXIS2_PLACEMENT_3D('',#326,#8148,#8149);
#8148=DIRECTION('',(0.017853061682844545,0.7073936537919802,0.7065942872422482));
#8149=DIRECTION('',(0.5389314456689416,-0.6020638773298199,0.5891281562476607));
#8150=FACE_BOUND('',#8151,.T.);
#8151=EDGE_LOOP('',(#8152,#8153,#8154));
#8152=ORIENTED_EDGE('',*,*,#8155,.T.);
#8153=ORIENTED_EDGE('',*,*,#8156,.T.);
#8154=ORIENTED_EDGE('',*,*,#8157,.T.);
#8155=EDGE_CURVE('',#327,#329,#8158,.F.);
#8156=EDGE_CURVE('',#329,#431,#8159,.T.);
#8157=EDGE_CURVE('',#431,#327,#8160,.T.);
#8158=LINE('',#326,#8161);
#8159=LINE('',#328,#8162);
#8160=LINE('',#430,#8163);
#8161=VECTOR('',#8164,1.0);
#8162=VECTOR('',#8165,1.0);
#8163=VECTOR('',#8166,1.0);
#8164=DIRECTION('',(0.5389314456689416,-0.6020638773298199,0.5891281562476607));
#8165=DIRECTION('',(0.05640676675746036,0.7048687972962673,-0.7070914051677357));
#8166=DIRECTION('',(-0.9996816787068926,0.025229769276968985,0));
#8167=FACE_SURFACE('',(#8172),#8168,.T.);
#8168=PLANE('',#8169);
#8169=AXIS2_PLACEMENT_3D('',#326,#8170,#8171);
#8170=DIRECTION('',(0.025229769147354336,0.9996816735711584,0.00010136438705415244));
#8171=DIRECTION('',(0.9996816787068926,-0.025229769276968985,0));
#8172=FACE_BOUND('',#8173,.T.);
#8173=EDGE_LOOP('',(#8174,#8175,#8176));
#8174=ORIENTED_EDGE('',*,*,#8177,.T.);
#8175=ORIENTED_EDGE('',*,*,#8178,.T.);
#8176=ORIENTED_EDGE('',*,*,#8179,.T.);
#8177=EDGE_CURVE('',#327,#431,#8180,.F.);
#8178=EDGE_CURVE('',#431,#433,#8181,.T.);
#8179=EDGE_CURVE('',#433,#327,#8182,.T.);
#8180=LINE('',#326,#8183);
#8181=LINE('',#430,#8184);
#8182=LINE('',#432,#8185);
#8183=VECTOR('',#8186,1.0);
#8184=VECTOR('',#8187,1.0);
#8185=VECTOR('',#8188,1.0);
#8186=DIRECTION('',(0.9996816787068926,-0.025229769276968985,0));
#8187=DIRECTION('',(-0.0029241731924853622,0.00017519593621487443,-0.9999957092495568));
#8188=DIRECTION('',(-0.008281928715349936,0.0001076244992071963,0.9999656984485622));
#8189=FACE_SURFACE('',(#8194),#8190,.T.);
#8190=PLANE('',#8191);
#8191=AXIS2_PLACEMENT_3D('',#432,#8192,#8193);
#8192=DIRECTION('',(0,0.9999999942080864,-0.00010762819039775357));
#8193=DIRECTION('',(-1,0,0));
#8194=FACE_BOUND('',#8195,.T.);
#8195=EDGE_LOOP('',(#8196,#8197,#8198));
#8196=ORIENTED_EDGE('',*,*,#8199,.T.);
#8197=ORIENTED_EDGE('',*,*,#8200,.T.);
#8198=ORIENTED_EDGE('',*,*,#8201,.T.);
#8199=EDGE_CURVE('',#433,#427,#8202,.F.);
#8200=EDGE_CURVE('',#427,#327,#8203,.T.);
#8201=EDGE_CURVE('',#327,#433,#8204,.T.);
#8202=LINE('',#432,#8205);
#8203=LINE('',#426,#8206);
#8204=LINE('',#326,#8207);
#8205=VECTOR('',#8208,1.0);
#8206=VECTOR('',#8209,1.0);
#8207=VECTOR('',#8210,1.0);
#8208=DIRECTION('',(-1,0,0));
#8209=DIRECTION('',(0.0031105428124037675,0.00010762766971947593,0.9999951564581185));
#8210=DIRECTION('',(0.008281928715349936,-0.0001076244992071963,-0.9999656984485622));
#8211=FACE_SURFACE('',(#8216),#8212,.T.);
#8212=PLANE('',#8213);
#8213=AXIS2_PLACEMENT_3D('',#430,#8214,#8215);
#8214=DIRECTION('',(0.08555305310540068,0.7022016826313406,0.7068192640371783));
#8215=DIRECTION('',(-0.05640676675746036,-0.7048687972962673,0.7070914051677357));
#8216=FACE_BOUND('',#8217,.T.);
#8217=EDGE_LOOP('',(#8218,#8219,#8220));
#8218=ORIENTED_EDGE('',*,*,#8221,.T.);
#8219=ORIENTED_EDGE('',*,*,#8222,.T.);
#8220=ORIENTED_EDGE('',*,*,#8223,.T.);
#8221=EDGE_CURVE('',#431,#329,#8224,.F.);
#8222=EDGE_CURVE('',#329,#435,#8225,.T.);
#8223=EDGE_CURVE('',#435,#431,#8226,.T.);
#8224=LINE('',#430,#8227);
#8225=LINE('',#328,#8228);
#8226=LINE('',#434,#8229);
#8227=VECTOR('',#8230,1.0);
#8228=VECTOR('',#8231,1.0);
#8229=VECTOR('',#8232,1.0);
#8230=DIRECTION('',(-0.05640676675746036,-0.7048687972962673,0.7070914051677357));
#8231=DIRECTION('',(0.9926596811501702,-0.12094113203886568,0));
#8232=DIRECTION('',(-0.5047530692728049,0.6421913265200373,-0.5769008920101595));
#8233=FACE_SURFACE('',(#8238),#8234,.T.);
#8234=PLANE('',#8235);
#8235=AXIS2_PLACEMENT_3D('',#332,#8236,#8237);
#8236=DIRECTION('',(0,0,1));
#8237=DIRECTION('',(0.21980146216374657,0.9755446259555116,0));
#8238=FACE_BOUND('',#8239,.T.);
#8239=EDGE_LOOP('',(#8240,#8241,#8242));
#8240=ORIENTED_EDGE('',*,*,#8243,.T.);
#8241=ORIENTED_EDGE('',*,*,#8244,.T.);
#8242=ORIENTED_EDGE('',*,*,#8245,.T.);
#8243=EDGE_CURVE('',#333,#435,#8246,.F.);
#8244=EDGE_CURVE('',#435,#329,#8247,.T.);
#8245=EDGE_CURVE('',#329,#333,#8248,.T.);
#8246=LINE('',#332,#8249);
#8247=LINE('',#434,#8250);
#8248=LINE('',#328,#8251);
#8249=VECTOR('',#8252,1.0);
#8250=VECTOR('',#8253,1.0);
#8251=VECTOR('',#8254,1.0);
#8252=DIRECTION('',(0.21980146216374657,0.9755446259555116,0));
#8253=DIRECTION('',(-0.9926596811501702,0.12094113203886568,0));
#8254=DIRECTION('',(-0.0646985319115092,-0.9979048551683148,0));
#8255=FACE_SURFACE('',(#8260),#8256,.T.);
#8256=PLANE('',#8257);
#8257=AXIS2_PLACEMENT_3D('',#436,#8258,#8259);
#8258=DIRECTION('',(0.7729950676754879,-0.6344120312142321,0));
#8259=DIRECTION('',(0,0,1));
#8260=FACE_BOUND('',#8261,.T.);
#8261=EDGE_LOOP('',(#8262,#8263,#8264));
#8262=ORIENTED_EDGE('',*,*,#8265,.T.);
#8263=ORIENTED_EDGE('',*,*,#8266,.T.);
#8264=ORIENTED_EDGE('',*,*,#8267,.T.);
#8265=EDGE_CURVE('',#437,#339,#8268,.F.);
#8266=EDGE_CURVE('',#339,#331,#8269,.T.);
#8267=EDGE_CURVE('',#331,#437,#8270,.T.);
#8268=LINE('',#436,#8271);
#8269=LINE('',#338,#8272);
#8270=LINE('',#330,#8273);
#8271=VECTOR('',#8274,1.0);
#8272=VECTOR('',#8275,1.0);
#8273=VECTOR('',#8276,1.0);
#8274=DIRECTION('',(0,0,1));
#8275=DIRECTION('',(-0.6344120312142322,-0.772995067675488,0));
#8276=DIRECTION('',(0.0129520118462612,0.01578129162284682,-0.9997915763917242));
#8277=FACE_SURFACE('',(#8282),#8278,.T.);
#8278=PLANE('',#8279);
#8279=AXIS2_PLACEMENT_3D('',#436,#8280,#8281);
#8280=DIRECTION('',(0.7729950676754879,-0.6344120312142321,0));
#8281=DIRECTION('',(-0.0129520118462612,-0.01578129162284682,0.9997915763917242));
#8282=FACE_BOUND('',#8283,.T.);
#8283=EDGE_LOOP('',(#8284,#8285,#8286));
#8284=ORIENTED_EDGE('',*,*,#8287,.T.);
#8285=ORIENTED_EDGE('',*,*,#8288,.T.);
#8286=ORIENTED_EDGE('',*,*,#8289,.T.);
#8287=EDGE_CURVE('',#437,#331,#8290,.F.);
#8288=EDGE_CURVE('',#331,#429,#8291,.T.);
#8289=EDGE_CURVE('',#429,#437,#8292,.T.);
#8290=LINE('',#436,#8293);
#8291=LINE('',#330,#8294);
#8292=LINE('',#428,#8295);
#8293=VECTOR('',#8296,1.0);
#8294=VECTOR('',#8297,1.0);
#8295=VECTOR('',#8298,1.0);
#8296=DIRECTION('',(-0.0129520118462612,-0.01578129162284682,0.9997915763917242));
#8297=DIRECTION('',(0,0,-1));
#8298=DIRECTION('',(0.6344120312142322,0.772995067675488,0));
#8299=FACE_SURFACE('',(#8304),#8300,.T.);
#8300=PLANE('',#8301);
#8301=AXIS2_PLACEMENT_3D('',#438,#8302,#8303);
#8302=DIRECTION('',(-0.06890317031881185,-0.6996254561850387,0.7111797059660051));
#8303=DIRECTION('',(-0.13671550672137214,0.7127702412383208,0.6879443679738824));
#8304=FACE_BOUND('',#8305,.T.);
#8305=EDGE_LOOP('',(#8306,#8307,#8308));
#8306=ORIENTED_EDGE('',*,*,#8309,.T.);
#8307=ORIENTED_EDGE('',*,*,#8310,.T.);
#8308=ORIENTED_EDGE('',*,*,#8311,.T.);
#8309=EDGE_CURVE('',#439,#333,#8312,.F.);
#8310=EDGE_CURVE('',#333,#335,#8313,.T.);
#8311=EDGE_CURVE('',#335,#439,#8314,.T.);
#8312=LINE('',#438,#8315);
#8313=LINE('',#332,#8316);
#8314=LINE('',#334,#8317);
#8315=VECTOR('',#8318,1.0);
#8316=VECTOR('',#8319,1.0);
#8317=VECTOR('',#8320,1.0);
#8318=DIRECTION('',(-0.13671550672137214,0.7127702412383208,0.6879443679738824));
#8319=DIRECTION('',(-0.20136813627571087,-0.688447250700164,-0.6967720263445083));
#8320=DIRECTION('',(0.995185270943311,-0.098011614094905,0));
#8321=FACE_SURFACE('',(#8326),#8322,.T.);
#8322=PLANE('',#8323);
#8323=AXIS2_PLACEMENT_3D('',#440,#8324,#8325);
#8324=DIRECTION('',(-0.1170018234012444,-0.701222796609094,0.7032760217983441));
#8325=DIRECTION('',(-0.9863639444763521,0.16457876241195823,0));
#8326=FACE_BOUND('',#8327,.T.);
#8327=EDGE_LOOP('',(#8328,#8329,#8330));
#8328=ORIENTED_EDGE('',*,*,#8331,.T.);
#8329=ORIENTED_EDGE('',*,*,#8332,.T.);
#8330=ORIENTED_EDGE('',*,*,#8333,.T.);
#8331=EDGE_CURVE('',#441,#333,#8334,.F.);
#8332=EDGE_CURVE('',#333,#439,#8335,.T.);
#8333=EDGE_CURVE('',#439,#441,#8336,.T.);
#8334=LINE('',#440,#8337);
#8335=LINE('',#332,#8338);
#8336=LINE('',#438,#8339);
#8337=VECTOR('',#8340,1.0);
#8338=VECTOR('',#8341,1.0);
#8339=VECTOR('',#8342,1.0);
#8340=DIRECTION('',(-0.9863639444763521,0.16457876241195823,0));
#8341=DIRECTION('',(0.13671550672137214,-0.7127702412383208,-0.6879443679738824));
#8342=DIRECTION('',(0.26114079686384983,0.6614980438467862,0.7030119644786914));
#8343=FACE_SURFACE('',(#8348),#8344,.T.);
#8344=PLANE('',#8345);
#8345=AXIS2_PLACEMENT_3D('',#442,#8346,#8347);
#8346=DIRECTION('',(0,0,1));
#8347=DIRECTION('',(-0.9973918409196407,0.07217697463131795,0));
#8348=FACE_BOUND('',#8349,.T.);
#8349=EDGE_LOOP('',(#8350,#8351,#8352));
#8350=ORIENTED_EDGE('',*,*,#8353,.T.);
#8351=ORIENTED_EDGE('',*,*,#8354,.T.);
#8352=ORIENTED_EDGE('',*,*,#8355,.T.);
#8353=EDGE_CURVE('',#443,#333,#8356,.F.);
#8354=EDGE_CURVE('',#333,#441,#8357,.T.);
#8355=EDGE_CURVE('',#441,#443,#8358,.T.);
#8356=LINE('',#442,#8359);
#8357=LINE('',#332,#8360);
#8358=LINE('',#440,#8361);
#8359=VECTOR('',#8362,1.0);
#8360=VECTOR('',#8363,1.0);
#8361=VECTOR('',#8364,1.0);
#8362=DIRECTION('',(-0.9973918409196407,0.07217697463131795,0));
#8363=DIRECTION('',(0.9863639444763521,-0.16457876241195823,0));
#8364=DIRECTION('',(0.9978354607934692,-0.06576011848441951,0));
#8365=FACE_SURFACE('',(#8370),#8366,.T.);
#8366=PLANE('',#8367);
#8367=AXIS2_PLACEMENT_3D('',#332,#8368,#8369);
#8368=DIRECTION('',(-0,0,1));
#8369=DIRECTION('',(0.9973918409196407,-0.07217697463131795,0));
#8370=FACE_BOUND('',#8371,.T.);
#8371=EDGE_LOOP('',(#8372,#8373,#8374));
#8372=ORIENTED_EDGE('',*,*,#8375,.T.);
#8373=ORIENTED_EDGE('',*,*,#8376,.T.);
#8374=ORIENTED_EDGE('',*,*,#8377,.T.);
#8375=EDGE_CURVE('',#333,#443,#8378,.F.);
#8376=EDGE_CURVE('',#443,#445,#8379,.T.);
#8377=EDGE_CURVE('',#445,#333,#8380,.T.);
#8378=LINE('',#332,#8381);
#8379=LINE('',#442,#8382);
#8380=LINE('',#444,#8383);
#8381=VECTOR('',#8384,1.0);
#8382=VECTOR('',#8385,1.0);
#8383=VECTOR('',#8386,1.0);
#8384=DIRECTION('',(0.9973918409196407,-0.07217697463131795,0));
#8385=DIRECTION('',(-0.3428026485382634,0.939407443101848,0));
#8386=DIRECTION('',(-0.9995442818217903,-0.03018656451737278,0));
#8387=FACE_SURFACE('',(#8392),#8388,.T.);
#8388=PLANE('',#8389);
#8389=AXIS2_PLACEMENT_3D('',#332,#8390,#8391);
#8390=DIRECTION('',(0,0,1));
#8391=DIRECTION('',(0.9995442818217903,0.03018656451737278,0));
#8392=FACE_BOUND('',#8393,.T.);
#8393=EDGE_LOOP('',(#8394,#8395,#8396));
#8394=ORIENTED_EDGE('',*,*,#8397,.T.);
#8395=ORIENTED_EDGE('',*,*,#8398,.T.);
#8396=ORIENTED_EDGE('',*,*,#8399,.T.);
#8397=EDGE_CURVE('',#333,#445,#8400,.F.);
#8398=EDGE_CURVE('',#445,#447,#8401,.T.);
#8399=EDGE_CURVE('',#447,#333,#8402,.T.);
#8400=LINE('',#332,#8403);
#8401=LINE('',#444,#8404);
#8402=LINE('',#446,#8405);
#8403=VECTOR('',#8406,1.0);
#8404=VECTOR('',#8407,1.0);
#8405=VECTOR('',#8408,1.0);
#8406=DIRECTION('',(0.9995442818217903,0.03018656451737278,0));
#8407=DIRECTION('',(-0.43482803730520897,0.9005135079349448,0));
#8408=DIRECTION('',(-0.9906241038175255,-0.13661582974064299,0));
#8409=FACE_SURFACE('',(#8414),#8410,.T.);
#8410=PLANE('',#8411);
#8411=AXIS2_PLACEMENT_3D('',#332,#8412,#8413);
#8412=DIRECTION('',(0,0,1));
#8413=DIRECTION('',(0.9906241038175255,0.13661582974064299,0));
#8414=FACE_BOUND('',#8415,.T.);
#8415=EDGE_LOOP('',(#8416,#8417,#8418));
#8416=ORIENTED_EDGE('',*,*,#8419,.T.);
#8417=ORIENTED_EDGE('',*,*,#8420,.T.);
#8418=ORIENTED_EDGE('',*,*,#8421,.T.);
#8419=EDGE_CURVE('',#333,#447,#8422,.F.);
#8420=EDGE_CURVE('',#447,#449,#8423,.T.);
#8421=EDGE_CURVE('',#449,#333,#8424,.T.);
#8422=LINE('',#332,#8425);
#8423=LINE('',#446,#8426);
#8424=LINE('',#448,#8427);
#8425=VECTOR('',#8428,1.0);
#8426=VECTOR('',#8429,1.0);
#8427=VECTOR('',#8430,1.0);
#8428=DIRECTION('',(0.9906241038175255,0.13661582974064299,0));
#8429=DIRECTION('',(-0.5225706140741412,0.8525960082631018,0));
#8430=DIRECTION('',(-0.9692054162762767,-0.2462536518728793,0));
#8431=FACE_SURFACE('',(#8436),#8432,.T.);
#8432=PLANE('',#8433);
#8433=AXIS2_PLACEMENT_3D('',#332,#8434,#8435);
#8434=DIRECTION('',(0,0,1));
#8435=DIRECTION('',(0.36797494626904714,0.92983570533632,0));
#8436=FACE_BOUND('',#8437,.T.);
#8437=EDGE_LOOP('',(#8438,#8439,#8440));
#8438=ORIENTED_EDGE('',*,*,#8441,.T.);
#8439=ORIENTED_EDGE('',*,*,#8442,.T.);
#8440=ORIENTED_EDGE('',*,*,#8443,.T.);
#8441=EDGE_CURVE('',#333,#451,#8444,.F.);
#8442=EDGE_CURVE('',#451,#435,#8445,.T.);
#8443=EDGE_CURVE('',#435,#333,#8446,.T.);
#8444=LINE('',#332,#8447);
#8445=LINE('',#450,#8448);
#8446=LINE('',#434,#8449);
#8447=VECTOR('',#8450,1.0);
#8448=VECTOR('',#8451,1.0);
#8449=VECTOR('',#8452,1.0);
#8450=DIRECTION('',(0.36797494626904714,0.92983570533632,0));
#8451=DIRECTION('',(-0.9756318342074428,0.21941404713696164,0));
#8452=DIRECTION('',(-0.21980146216374657,-0.9755446259555116,0));
#8453=FACE_SURFACE('',(#8458),#8454,.T.);
#8454=PLANE('',#8455);
#8455=AXIS2_PLACEMENT_3D('',#332,#8456,#8457);
#8456=DIRECTION('',(0,0,1));
#8457=DIRECTION('',(0.9692054162762767,0.2462536518728793,0));
#8458=FACE_BOUND('',#8459,.T.);
#8459=EDGE_LOOP('',(#8460,#8461,#8462));
#8460=ORIENTED_EDGE('',*,*,#8463,.T.);
#8461=ORIENTED_EDGE('',*,*,#8464,.T.);
#8462=ORIENTED_EDGE('',*,*,#8465,.T.);
#8463=EDGE_CURVE('',#333,#449,#8466,.F.);
#8464=EDGE_CURVE('',#449,#453,#8467,.T.);
#8465=EDGE_CURVE('',#453,#333,#8468,.T.);
#8466=LINE('',#332,#8469);
#8467=LINE('',#448,#8470);
#8468=LINE('',#452,#8471);
#8469=VECTOR('',#8472,1.0);
#8470=VECTOR('',#8473,1.0);
#8471=VECTOR('',#8474,1.0);
#8472=DIRECTION('',(0.9692054162762767,0.2462536518728793,0));
#8473=DIRECTION('',(-0.60498913137953,0.7962337288212812,0));
#8474=DIRECTION('',(-0.933778650740587,-0.3578511302498412,0));
#8475=FACE_SURFACE('',(#8480),#8476,.T.);
#8476=PLANE('',#8477);
#8477=AXIS2_PLACEMENT_3D('',#332,#8478,#8479);
#8478=DIRECTION('',(0,0,1));
#8479=DIRECTION('',(0.50439654218143,0.8634721351818001,0));
#8480=FACE_BOUND('',#8481,.T.);
#8481=EDGE_LOOP('',(#8482,#8483,#8484));
#8482=ORIENTED_EDGE('',*,*,#8485,.T.);
#8483=ORIENTED_EDGE('',*,*,#8486,.T.);
#8484=ORIENTED_EDGE('',*,*,#8487,.T.);
#8485=EDGE_CURVE('',#333,#455,#8488,.F.);
#8486=EDGE_CURVE('',#455,#451,#8489,.T.);
#8487=EDGE_CURVE('',#451,#333,#8490,.T.);
#8488=LINE('',#332,#8491);
#8489=LINE('',#454,#8492);
#8490=LINE('',#450,#8493);
#8491=VECTOR('',#8494,1.0);
#8492=VECTOR('',#8495,1.0);
#8493=VECTOR('',#8496,1.0);
#8494=DIRECTION('',(0.50439654218143,0.8634721351818001,0));
#8495=DIRECTION('',(-0.9488592534371112,0.3156994095128591,0));
#8496=DIRECTION('',(-0.36797494626904714,-0.92983570533632,0));
#8497=FACE_SURFACE('',(#8502),#8498,.T.);
#8498=PLANE('',#8499);
#8499=AXIS2_PLACEMENT_3D('',#332,#8500,#8501);
#8500=DIRECTION('',(0,0,1));
#8501=DIRECTION('',(0.933778650740587,0.3578511302498412,0));
#8502=FACE_BOUND('',#8503,.T.);
#8503=EDGE_LOOP('',(#8504,#8505,#8506));
#8504=ORIENTED_EDGE('',*,*,#8507,.T.);
#8505=ORIENTED_EDGE('',*,*,#8508,.T.);
#8506=ORIENTED_EDGE('',*,*,#8509,.T.);
#8507=EDGE_CURVE('',#333,#453,#8510,.F.);
#8508=EDGE_CURVE('',#453,#457,#8511,.T.);
#8509=EDGE_CURVE('',#457,#333,#8512,.T.);
#8510=LINE('',#332,#8513);
#8511=LINE('',#452,#8514);
#8512=LINE('',#456,#8515);
#8513=VECTOR('',#8516,1.0);
#8514=VECTOR('',#8517,1.0);
#8515=VECTOR('',#8518,1.0);
#8516=DIRECTION('',(0.933778650740587,0.3578511302498412,0));
#8517=DIRECTION('',(-0.6814812361953528,0.731835585848115,0));
#8518=DIRECTION('',(-0.8828304512270714,-0.46969180787640485,0));
#8519=FACE_SURFACE('',(#8524),#8520,.T.);
#8520=PLANE('',#8521);
#8521=AXIS2_PLACEMENT_3D('',#332,#8522,#8523);
#8522=DIRECTION('',(0,0,1));
#8523=DIRECTION('',(0.6255449240099776,0.7801881491315741,0));
#8524=FACE_BOUND('',#8525,.T.);
#8525=EDGE_LOOP('',(#8526,#8527,#8528));
#8526=ORIENTED_EDGE('',*,*,#8529,.T.);
#8527=ORIENTED_EDGE('',*,*,#8530,.T.);
#8528=ORIENTED_EDGE('',*,*,#8531,.T.);
#8529=EDGE_CURVE('',#333,#459,#8532,.F.);
#8530=EDGE_CURVE('',#459,#455,#8533,.T.);
#8531=EDGE_CURVE('',#455,#333,#8534,.T.);
#8532=LINE('',#332,#8535);
#8533=LINE('',#458,#8536);
#8534=LINE('',#454,#8537);
#8535=VECTOR('',#8538,1.0);
#8536=VECTOR('',#8539,1.0);
#8537=VECTOR('',#8540,1.0);
#8538=DIRECTION('',(0.6255449240099776,0.7801881491315741,0));
#8539=DIRECTION('',(-0.9126254801116046,0.4087966891390674,0));
#8540=DIRECTION('',(-0.50439654218143,-0.8634721351818001,0));
#8541=FACE_SURFACE('',(#8546),#8542,.T.);
#8542=PLANE('',#8543);
#8543=AXIS2_PLACEMENT_3D('',#332,#8544,#8545);
#8544=DIRECTION('',(0,0,1));
#8545=DIRECTION('',(0.8828304512270714,0.46969180787640485,0));
#8546=FACE_BOUND('',#8547,.T.);
#8547=EDGE_LOOP('',(#8548,#8549,#8550));
#8548=ORIENTED_EDGE('',*,*,#8551,.T.);
#8549=ORIENTED_EDGE('',*,*,#8552,.T.);
#8550=ORIENTED_EDGE('',*,*,#8553,.T.);
#8551=EDGE_CURVE('',#333,#457,#8554,.F.);
#8552=EDGE_CURVE('',#457,#461,#8555,.T.);
#8553=EDGE_CURVE('',#461,#333,#8556,.T.);
#8554=LINE('',#332,#8557);
#8555=LINE('',#456,#8558);
#8556=LINE('',#460,#8559);
#8557=VECTOR('',#8560,1.0);
#8558=VECTOR('',#8561,1.0);
#8559=VECTOR('',#8562,1.0);
#8560=DIRECTION('',(0.8828304512270714,0.46969180787640485,0));
#8561=DIRECTION('',(-0.7510967174826503,0.6601921848876945,0));
#8562=DIRECTION('',(-0.8150056170645106,-0.5794530560393106,0));
#8563=FACE_SURFACE('',(#8568),#8564,.T.);
#8564=PLANE('',#8565);
#8565=AXIS2_PLACEMENT_3D('',#332,#8566,#8567);
#8566=DIRECTION('',(0,0,1));
#8567=DIRECTION('',(0.7293377250975283,0.684153844357804,0));
#8568=FACE_BOUND('',#8569,.T.);
#8569=EDGE_LOOP('',(#8570,#8571,#8572));
#8570=ORIENTED_EDGE('',*,*,#8573,.T.);
#8571=ORIENTED_EDGE('',*,*,#8574,.T.);
#8572=ORIENTED_EDGE('',*,*,#8575,.T.);
#8573=EDGE_CURVE('',#333,#463,#8576,.F.);
#8574=EDGE_CURVE('',#463,#459,#8577,.T.);
#8575=EDGE_CURVE('',#459,#333,#8578,.T.);
#8576=LINE('',#332,#8579);
#8577=LINE('',#462,#8580);
#8578=LINE('',#458,#8581);
#8579=VECTOR('',#8582,1.0);
#8580=VECTOR('',#8583,1.0);
#8581=VECTOR('',#8584,1.0);
#8582=DIRECTION('',(0.7293377250975283,0.684153844357804,0));
#8583=DIRECTION('',(-0.8672700940965459,0.4978379092493544,0));
#8584=DIRECTION('',(-0.6255449240099776,-0.7801881491315741,0));
#8585=FACE_SURFACE('',(#8590),#8586,.T.);
#8586=PLANE('',#8587);
#8587=AXIS2_PLACEMENT_3D('',#332,#8588,#8589);
#8588=DIRECTION('',(0,0,1));
#8589=DIRECTION('',(0.8150056170645106,0.5794530560393106,0));
#8590=FACE_BOUND('',#8591,.T.);
#8591=EDGE_LOOP('',(#8592,#8593,#8594));
#8592=ORIENTED_EDGE('',*,*,#8595,.T.);
#8593=ORIENTED_EDGE('',*,*,#8596,.T.);
#8594=ORIENTED_EDGE('',*,*,#8597,.T.);
#8595=EDGE_CURVE('',#333,#461,#8598,.F.);
#8596=EDGE_CURVE('',#461,#463,#8599,.T.);
#8597=EDGE_CURVE('',#463,#333,#8600,.T.);
#8598=LINE('',#332,#8601);
#8599=LINE('',#460,#8602);
#8600=LINE('',#462,#8603);
#8601=VECTOR('',#8604,1.0);
#8602=VECTOR('',#8605,1.0);
#8603=VECTOR('',#8606,1.0);
#8604=DIRECTION('',(0.8150056170645106,0.5794530560393106,0));
#8605=DIRECTION('',(-0.81324007691745,0.5819283265964117,0));
#8606=DIRECTION('',(-0.7293377250975283,-0.684153844357804,0));
#8607=FACE_SURFACE('',(#8612),#8608,.T.);
#8608=PLANE('',#8609);
#8609=AXIS2_PLACEMENT_3D('',#336,#8610,#8611);
#8610=DIRECTION('',(0.098011614094905,-0.995185270943311,0));
#8611=DIRECTION('',(0.020317928092624424,0.002001027331860271,-0.9997915671216877));
#8612=FACE_BOUND('',#8613,.T.);
#8613=EDGE_LOOP('',(#8614,#8615,#8616));
#8614=ORIENTED_EDGE('',*,*,#8617,.T.);
#8615=ORIENTED_EDGE('',*,*,#8618,.T.);
#8616=ORIENTED_EDGE('',*,*,#8619,.T.);
#8617=EDGE_CURVE('',#337,#465,#8620,.F.);
#8618=EDGE_CURVE('',#465,#335,#8621,.T.);
#8619=EDGE_CURVE('',#335,#337,#8622,.T.);
#8620=LINE('',#336,#8623);
#8621=LINE('',#464,#8624);
#8622=LINE('',#334,#8625);
#8623=VECTOR('',#8626,1.0);
#8624=VECTOR('',#8627,1.0);
#8625=VECTOR('',#8628,1.0);
#8626=DIRECTION('',(0.020317928092624424,0.002001027331860271,-0.9997915671216877));
#8627=DIRECTION('',(0,0,1));
#8628=DIRECTION('',(-0.995185270943311,-0.098011614094905,0));
#8629=FACE_SURFACE('',(#8634),#8630,.T.);
#8630=PLANE('',#8631);
#8631=AXIS2_PLACEMENT_3D('',#334,#8632,#8633);
#8632=DIRECTION('',(-0.098011614094905,-0.995185270943311,0));
#8633=DIRECTION('',(0.020317928092624424,-0.002001027331860271,-0.9997915671216877));
#8634=FACE_BOUND('',#8635,.T.);
#8635=EDGE_LOOP('',(#8636,#8637,#8638));
#8636=ORIENTED_EDGE('',*,*,#8639,.T.);
#8637=ORIENTED_EDGE('',*,*,#8640,.T.);
#8638=ORIENTED_EDGE('',*,*,#8641,.T.);
#8639=EDGE_CURVE('',#335,#467,#8642,.F.);
#8640=EDGE_CURVE('',#467,#439,#8643,.T.);
#8641=EDGE_CURVE('',#439,#335,#8644,.T.);
#8642=LINE('',#334,#8645);
#8643=LINE('',#466,#8646);
#8644=LINE('',#438,#8647);
#8645=VECTOR('',#8648,1.0);
#8646=VECTOR('',#8649,1.0);
#8647=VECTOR('',#8650,1.0);
#8648=DIRECTION('',(0.020317928092624424,-0.002001027331860271,-0.9997915671216877));
#8649=DIRECTION('',(0,0,1));
#8650=DIRECTION('',(-0.995185270943311,0.098011614094905,0));
#8651=FACE_SURFACE('',(#8656),#8652,.T.);
#8652=PLANE('',#8653);
#8653=AXIS2_PLACEMENT_3D('',#334,#8654,#8655);
#8654=DIRECTION('',(-0.098011614094905,-0.995185270943311,-0));
#8655=DIRECTION('',(0,0,-1));
#8656=FACE_BOUND('',#8657,.T.);
#8657=EDGE_LOOP('',(#8658,#8659,#8660));
#8658=ORIENTED_EDGE('',*,*,#8661,.T.);
#8659=ORIENTED_EDGE('',*,*,#8662,.T.);
#8660=ORIENTED_EDGE('',*,*,#8663,.T.);
#8661=EDGE_CURVE('',#335,#465,#8664,.F.);
#8662=EDGE_CURVE('',#465,#467,#8665,.T.);
#8663=EDGE_CURVE('',#467,#335,#8666,.T.);
#8664=LINE('',#334,#8667);
#8665=LINE('',#464,#8668);
#8666=LINE('',#466,#8669);
#8667=VECTOR('',#8670,1.0);
#8668=VECTOR('',#8671,1.0);
#8669=VECTOR('',#8672,1.0);
#8670=DIRECTION('',(0,0,-1));
#8671=DIRECTION('',(0.995185270943311,-0.098011614094905,0));
#8672=DIRECTION('',(-0.020317928092624424,0.002001027331860271,0.9997915671216877));
#8673=FACE_SURFACE('',(#8678),#8674,.T.);
#8674=PLANE('',#8675);
#8675=AXIS2_PLACEMENT_3D('',#468,#8676,#8677);
#8676=DIRECTION('',(0.2902657554914801,-0.9569460753819728,0));
#8677=DIRECTION('',(0,0,1));
#8678=FACE_BOUND('',#8679,.T.);
#8679=EDGE_LOOP('',(#8680,#8681,#8682));
#8680=ORIENTED_EDGE('',*,*,#8683,.T.);
#8681=ORIENTED_EDGE('',*,*,#8684,.T.);
#8682=ORIENTED_EDGE('',*,*,#8685,.T.);
#8683=EDGE_CURVE('',#469,#337,#8686,.F.);
#8684=EDGE_CURVE('',#337,#341,#8687,.T.);
#8685=EDGE_CURVE('',#341,#469,#8688,.T.);
#8686=LINE('',#468,#8689);
#8687=LINE('',#336,#8690);
#8688=LINE('',#340,#8691);
#8689=VECTOR('',#8692,1.0);
#8690=VECTOR('',#8693,1.0);
#8691=VECTOR('',#8694,1.0);
#8692=DIRECTION('',(0,0,1));
#8693=DIRECTION('',(-0.9569460753819728,-0.2902657554914801,0));
#8694=DIRECTION('',(0.019537349400477376,0.005926168286720802,-0.9997915645312483));
#8695=FACE_SURFACE('',(#8700),#8696,.T.);
#8696=PLANE('',#8697);
#8697=AXIS2_PLACEMENT_3D('',#464,#8698,#8699);
#8698=DIRECTION('',(0.098011614094905,-0.995185270943311,0));
#8699=DIRECTION('',(-0.020317928092624424,-0.002001027331860271,0.9997915671216877));
#8700=FACE_BOUND('',#8701,.T.);
#8701=EDGE_LOOP('',(#8702,#8703,#8704));
#8702=ORIENTED_EDGE('',*,*,#8705,.T.);
#8703=ORIENTED_EDGE('',*,*,#8706,.T.);
#8704=ORIENTED_EDGE('',*,*,#8707,.T.);
#8705=EDGE_CURVE('',#465,#337,#8708,.F.);
#8706=EDGE_CURVE('',#337,#469,#8709,.T.);
#8707=EDGE_CURVE('',#469,#465,#8710,.T.);
#8708=LINE('',#464,#8711);
#8709=LINE('',#336,#8712);
#8710=LINE('',#468,#8713);
#8711=VECTOR('',#8714,1.0);
#8712=VECTOR('',#8715,1.0);
#8713=VECTOR('',#8716,1.0);
#8714=DIRECTION('',(-0.020317928092624424,-0.002001027331860271,0.9997915671216877));
#8715=DIRECTION('',(0,0,-1));
#8716=DIRECTION('',(0.995185270943311,0.098011614094905,0));
#8717=FACE_SURFACE('',(#8722),#8718,.T.);
#8718=PLANE('',#8719);
#8719=AXIS2_PLACEMENT_3D('',#470,#8720,#8721);
#8720=DIRECTION('',(0.63437815811974,-0.7730228667384984,0));
#8721=DIRECTION('',(0,0,1));
#8722=FACE_BOUND('',#8723,.T.);
#8723=EDGE_LOOP('',(#8724,#8725,#8726));
#8724=ORIENTED_EDGE('',*,*,#8727,.T.);
#8725=ORIENTED_EDGE('',*,*,#8728,.T.);
#8726=ORIENTED_EDGE('',*,*,#8729,.T.);
#8727=EDGE_CURVE('',#471,#343,#8730,.F.);
#8728=EDGE_CURVE('',#343,#339,#8731,.T.);
#8729=EDGE_CURVE('',#339,#471,#8732,.T.);
#8730=LINE('',#470,#8733);
#8731=LINE('',#342,#8734);
#8732=LINE('',#338,#8735);
#8733=VECTOR('',#8736,1.0);
#8734=VECTOR('',#8737,1.0);
#8735=VECTOR('',#8738,1.0);
#8736=DIRECTION('',(0,0,1));
#8737=DIRECTION('',(-0.7730228667384983,-0.63437815811974,0));
#8738=DIRECTION('',(0.01578192724482315,0.012951376172598344,-0.9997915745932624));
#8739=FACE_SURFACE('',(#8744),#8740,.T.);
#8740=PLANE('',#8741);
#8741=AXIS2_PLACEMENT_3D('',#470,#8742,#8743);
#8742=DIRECTION('',(0.63437815811974,-0.7730228667384984,0));
#8743=DIRECTION('',(-0.01578192724482315,-0.012951376172598344,0.9997915745932624));
#8744=FACE_BOUND('',#8745,.T.);
#8745=EDGE_LOOP('',(#8746,#8747,#8748));
#8746=ORIENTED_EDGE('',*,*,#8749,.T.);
#8747=ORIENTED_EDGE('',*,*,#8750,.T.);
#8748=ORIENTED_EDGE('',*,*,#8751,.T.);
#8749=EDGE_CURVE('',#471,#339,#8752,.F.);
#8750=EDGE_CURVE('',#339,#437,#8753,.T.);
#8751=EDGE_CURVE('',#437,#471,#8754,.T.);
#8752=LINE('',#470,#8755);
#8753=LINE('',#338,#8756);
#8754=LINE('',#436,#8757);
#8755=VECTOR('',#8758,1.0);
#8756=VECTOR('',#8759,1.0);
#8757=VECTOR('',#8760,1.0);
#8758=DIRECTION('',(-0.01578192724482315,-0.012951376172598344,0.9997915745932624));
#8759=DIRECTION('',(0,0,-1));
#8760=DIRECTION('',(0.7730228667384983,0.63437815811974,0));
#8761=FACE_SURFACE('',(#8766),#8762,.T.);
#8762=PLANE('',#8763);
#8763=AXIS2_PLACEMENT_3D('',#472,#8764,#8765);
#8764=DIRECTION('',(0.47143322181210723,-0.8819017617466565,0));
#8765=DIRECTION('',(0,0,1));
#8766=FACE_BOUND('',#8767,.T.);
#8767=EDGE_LOOP('',(#8768,#8769,#8770));
#8768=ORIENTED_EDGE('',*,*,#8771,.T.);
#8769=ORIENTED_EDGE('',*,*,#8772,.T.);
#8770=ORIENTED_EDGE('',*,*,#8773,.T.);
#8771=EDGE_CURVE('',#473,#341,#8774,.F.);
#8772=EDGE_CURVE('',#341,#343,#8775,.T.);
#8773=EDGE_CURVE('',#343,#473,#8776,.T.);
#8774=LINE('',#472,#8777);
#8775=LINE('',#340,#8778);
#8776=LINE('',#342,#8779);
#8777=VECTOR('',#8780,1.0);
#8778=VECTOR('',#8781,1.0);
#8779=VECTOR('',#8782,1.0);
#8780=DIRECTION('',(0,0,1));
#8781=DIRECTION('',(-0.8819017617466565,-0.4714332218121073,0));
#8782=DIRECTION('',(0.018004161177942377,0.009624382304590649,-0.9997915890051956));
#8783=FACE_SURFACE('',(#8788),#8784,.T.);
#8784=PLANE('',#8785);
#8785=AXIS2_PLACEMENT_3D('',#468,#8786,#8787);
#8786=DIRECTION('',(0.2902657554914801,-0.9569460753819728,0));
#8787=DIRECTION('',(-0.019537349400477376,-0.005926168286720802,0.9997915645312483));
#8788=FACE_BOUND('',#8789,.T.);
#8789=EDGE_LOOP('',(#8790,#8791,#8792));
#8790=ORIENTED_EDGE('',*,*,#8793,.T.);
#8791=ORIENTED_EDGE('',*,*,#8794,.T.);
#8792=ORIENTED_EDGE('',*,*,#8795,.T.);
#8793=EDGE_CURVE('',#469,#341,#8796,.F.);
#8794=EDGE_CURVE('',#341,#473,#8797,.T.);
#8795=EDGE_CURVE('',#473,#469,#8798,.T.);
#8796=LINE('',#468,#8799);
#8797=LINE('',#340,#8800);
#8798=LINE('',#472,#8801);
#8799=VECTOR('',#8802,1.0);
#8800=VECTOR('',#8803,1.0);
#8801=VECTOR('',#8804,1.0);
#8802=DIRECTION('',(-0.019537349400477376,-0.005926168286720802,0.9997915645312483));
#8803=DIRECTION('',(0,0,-1));
#8804=DIRECTION('',(0.9569460753819728,0.2902657554914801,0));
#8805=FACE_SURFACE('',(#8810),#8806,.T.);
#8806=PLANE('',#8807);
#8807=AXIS2_PLACEMENT_3D('',#472,#8808,#8809);
#8808=DIRECTION('',(0.47143322181210723,-0.8819017617466565,0));
#8809=DIRECTION('',(-0.018004161177942377,-0.009624382304590649,0.9997915890051956));
#8810=FACE_BOUND('',#8811,.T.);
#8811=EDGE_LOOP('',(#8812,#8813,#8814));
#8812=ORIENTED_EDGE('',*,*,#8815,.T.);
#8813=ORIENTED_EDGE('',*,*,#8816,.T.);
#8814=ORIENTED_EDGE('',*,*,#8817,.T.);
#8815=EDGE_CURVE('',#473,#343,#8818,.F.);
#8816=EDGE_CURVE('',#343,#471,#8819,.T.);
#8817=EDGE_CURVE('',#471,#473,#8820,.T.);
#8818=LINE('',#472,#8821);
#8819=LINE('',#342,#8822);
#8820=LINE('',#470,#8823);
#8821=VECTOR('',#8824,1.0);
#8822=VECTOR('',#8825,1.0);
#8823=VECTOR('',#8826,1.0);
#8824=DIRECTION('',(-0.018004161177942377,-0.009624382304590649,0.9997915890051956));
#8825=DIRECTION('',(0,0,-1));
#8826=DIRECTION('',(0.8819017617466565,0.4714332218121073,0));
#8827=FACE_SURFACE('',(#8832),#8828,.T.);
#8828=PLANE('',#8829);
#8829=AXIS2_PLACEMENT_3D('',#474,#8830,#8831);
#8830=DIRECTION('',(0,0,1));
#8831=DIRECTION('',(-1,0,0));
#8832=FACE_BOUND('',#8833,.T.);
#8833=EDGE_LOOP('',(#8834,#8835,#8836));
#8834=ORIENTED_EDGE('',*,*,#8837,.T.);
#8835=ORIENTED_EDGE('',*,*,#8838,.T.);
#8836=ORIENTED_EDGE('',*,*,#8839,.T.);
#8837=EDGE_CURVE('',#475,#345,#8840,.F.);
#8838=EDGE_CURVE('',#345,#477,#8841,.T.);
#8839=EDGE_CURVE('',#477,#475,#8842,.T.);
#8840=LINE('',#474,#8843);
#8841=LINE('',#344,#8844);
#8842=LINE('',#476,#8845);
#8843=VECTOR('',#8846,1.0);
#8844=VECTOR('',#8847,1.0);
#8845=VECTOR('',#8848,1.0);
#8846=DIRECTION('',(-1,0,0));
#8847=DIRECTION('',(0.9951849097688465,-0.09801528130027745,0));
#8848=DIRECTION('',(0.09801465104524347,0.9951849718421591,0));
#8849=FACE_SURFACE('',(#8854),#8850,.T.);
#8850=PLANE('',#8851);
#8851=AXIS2_PLACEMENT_3D('',#476,#8852,#8853);
#8852=DIRECTION('',(0,0,1));
#8853=DIRECTION('',(-0.9951849097688465,0.09801528130027745,0));
#8854=FACE_BOUND('',#8855,.T.);
#8855=EDGE_LOOP('',(#8856,#8857,#8858));
#8856=ORIENTED_EDGE('',*,*,#8859,.T.);
#8857=ORIENTED_EDGE('',*,*,#8860,.T.);
#8858=ORIENTED_EDGE('',*,*,#8861,.T.);
#8859=EDGE_CURVE('',#477,#345,#8862,.F.);
#8860=EDGE_CURVE('',#345,#349,#8863,.T.);
#8861=EDGE_CURVE('',#349,#477,#8864,.T.);
#8862=LINE('',#476,#8865);
#8863=LINE('',#344,#8866);
#8864=LINE('',#348,#8867);
#8865=VECTOR('',#8868,1.0);
#8866=VECTOR('',#8869,1.0);
#8867=VECTOR('',#8870,1.0);
#8868=DIRECTION('',(-0.9951849097688465,0.09801528130027745,0));
#8869=DIRECTION('',(0.09801465104524347,-0.9951849718421591,0));
#8870=DIRECTION('',(1,0,0));
#8871=FACE_SURFACE('',(#8876),#8872,.T.);
#8872=PLANE('',#8873);
#8873=AXIS2_PLACEMENT_3D('',#474,#8874,#8875);
#8874=DIRECTION('',(0,0,1));
#8875=DIRECTION('',(-0.9951846106454206,0.09801831836204204,0));
#8876=FACE_BOUND('',#8877,.T.);
#8877=EDGE_LOOP('',(#8878,#8879,#8880));
#8878=ORIENTED_EDGE('',*,*,#8881,.T.);
#8879=ORIENTED_EDGE('',*,*,#8882,.T.);
#8880=ORIENTED_EDGE('',*,*,#8883,.T.);
#8881=EDGE_CURVE('',#475,#347,#8884,.F.);
#8882=EDGE_CURVE('',#347,#345,#8885,.T.);
#8883=EDGE_CURVE('',#345,#475,#8886,.T.);
#8884=LINE('',#474,#8887);
#8885=LINE('',#346,#8888);
#8886=LINE('',#344,#8889);
#8887=VECTOR('',#8890,1.0);
#8888=VECTOR('',#8891,1.0);
#8889=VECTOR('',#8892,1.0);
#8890=DIRECTION('',(-0.9951846106454206,0.09801831836204204,0));
#8891=DIRECTION('',(-0.098011614094905,-0.995185270943311,0));
#8892=DIRECTION('',(1,0,0));
#8893=FACE_SURFACE('',(#8898),#8894,.T.);
#8894=PLANE('',#8895);
#8895=AXIS2_PLACEMENT_3D('',#478,#8896,#8897);
#8896=DIRECTION('',(0,0,1));
#8897=DIRECTION('',(-1,0,0));
#8898=FACE_BOUND('',#8899,.T.);
#8899=EDGE_LOOP('',(#8900,#8901,#8902));
#8900=ORIENTED_EDGE('',*,*,#8903,.T.);
#8901=ORIENTED_EDGE('',*,*,#8904,.T.);
#8902=ORIENTED_EDGE('',*,*,#8905,.T.);
#8903=EDGE_CURVE('',#479,#347,#8906,.F.);
#8904=EDGE_CURVE('',#347,#475,#8907,.T.);
#8905=EDGE_CURVE('',#475,#479,#8908,.T.);
#8906=LINE('',#478,#8909);
#8907=LINE('',#346,#8910);
#8908=LINE('',#474,#8911);
#8909=VECTOR('',#8912,1.0);
#8910=VECTOR('',#8913,1.0);
#8911=VECTOR('',#8914,1.0);
#8912=DIRECTION('',(-1,0,0));
#8913=DIRECTION('',(0.9951846106454206,-0.09801831836204204,0));
#8914=DIRECTION('',(-0.098011614094905,0.995185270943311,0));
#8915=FACE_SURFACE('',(#8920),#8916,.T.);
#8916=PLANE('',#8917);
#8917=AXIS2_PLACEMENT_3D('',#478,#8918,#8919);
#8918=DIRECTION('',(0,0,1));
#8919=DIRECTION('',(-0.9951847973901443,0.09801642231553576,0));
#8920=FACE_BOUND('',#8921,.T.);
#8921=EDGE_LOOP('',(#8922,#8923,#8924));
#8922=ORIENTED_EDGE('',*,*,#8925,.T.);
#8923=ORIENTED_EDGE('',*,*,#8926,.T.);
#8924=ORIENTED_EDGE('',*,*,#8927,.T.);
#8925=EDGE_CURVE('',#479,#423,#8928,.F.);
#8926=EDGE_CURVE('',#423,#347,#8929,.T.);
#8927=EDGE_CURVE('',#347,#479,#8930,.T.);
#8928=LINE('',#478,#8931);
#8929=LINE('',#422,#8932);
#8930=LINE('',#346,#8933);
#8931=VECTOR('',#8934,1.0);
#8932=VECTOR('',#8935,1.0);
#8933=VECTOR('',#8936,1.0);
#8934=DIRECTION('',(-0.9951847973901443,0.09801642231553576,0));
#8935=DIRECTION('',(-0.2903029153680005,-0.9569348030711599,0));
#8936=DIRECTION('',(1,0,0));
#8937=FACE_SURFACE('',(#8942),#8938,.T.);
#8938=PLANE('',#8939);
#8939=AXIS2_PLACEMENT_3D('',#476,#8940,#8941);
#8940=DIRECTION('',(0,0,1));
#8941=DIRECTION('',(-1,0,0));
#8942=FACE_BOUND('',#8943,.T.);
#8943=EDGE_LOOP('',(#8944,#8945,#8946));
#8944=ORIENTED_EDGE('',*,*,#8947,.T.);
#8945=ORIENTED_EDGE('',*,*,#8948,.T.);
#8946=ORIENTED_EDGE('',*,*,#8949,.T.);
#8947=EDGE_CURVE('',#477,#349,#8950,.F.);
#8948=EDGE_CURVE('',#349,#481,#8951,.T.);
#8949=EDGE_CURVE('',#481,#477,#8952,.T.);
#8950=LINE('',#476,#8953);
#8951=LINE('',#348,#8954);
#8952=LINE('',#480,#8955);
#8953=VECTOR('',#8956,1.0);
#8954=VECTOR('',#8957,1.0);
#8955=VECTOR('',#8958,1.0);
#8956=DIRECTION('',(-1,0,0));
#8957=DIRECTION('',(0.9951847973901443,-0.09801642231553576,0));
#8958=DIRECTION('',(0.2903029153680005,0.9569348030711599,0));
#8959=FACE_SURFACE('',(#8964),#8960,.T.);
#8960=PLANE('',#8961);
#8961=AXIS2_PLACEMENT_3D('',#480,#8962,#8963);
#8962=DIRECTION('',(0,0,1));
#8963=DIRECTION('',(-0.9951847973901443,0.09801642231553576,0));
#8964=FACE_BOUND('',#8965,.T.);
#8965=EDGE_LOOP('',(#8966,#8967,#8968));
#8966=ORIENTED_EDGE('',*,*,#8969,.T.);
#8967=ORIENTED_EDGE('',*,*,#8970,.T.);
#8968=ORIENTED_EDGE('',*,*,#8971,.T.);
#8969=EDGE_CURVE('',#481,#349,#8972,.F.);
#8970=EDGE_CURVE('',#349,#351,#8973,.T.);
#8971=EDGE_CURVE('',#351,#481,#8974,.T.);
#8972=LINE('',#480,#8975);
#8973=LINE('',#348,#8976);
#8974=LINE('',#350,#8977);
#8975=VECTOR('',#8978,1.0);
#8976=VECTOR('',#8979,1.0);
#8977=VECTOR('',#8980,1.0);
#8978=DIRECTION('',(-0.9951847973901443,0.09801642231553576,0));
#8979=DIRECTION('',(0.2903029153680005,-0.9569348030711599,0));
#8980=DIRECTION('',(1,0,0));
#8981=FACE_SURFACE('',(#8986),#8982,.T.);
#8982=PLANE('',#8983);
#8983=AXIS2_PLACEMENT_3D('',#480,#8984,#8985);
#8984=DIRECTION('',(0,0,1));
#8985=DIRECTION('',(-1,0,0));
#8986=FACE_BOUND('',#8987,.T.);
#8987=EDGE_LOOP('',(#8988,#8989,#8990));
#8988=ORIENTED_EDGE('',*,*,#8991,.T.);
#8989=ORIENTED_EDGE('',*,*,#8992,.T.);
#8990=ORIENTED_EDGE('',*,*,#8993,.T.);
#8991=EDGE_CURVE('',#481,#351,#8994,.F.);
#8992=EDGE_CURVE('',#351,#483,#8995,.T.);
#8993=EDGE_CURVE('',#483,#481,#8996,.T.);
#8994=LINE('',#480,#8997);
#8995=LINE('',#350,#8998);
#8996=LINE('',#482,#8999);
#8997=VECTOR('',#9000,1.0);
#8998=VECTOR('',#9001,1.0);
#8999=VECTOR('',#9002,1.0);
#9000=DIRECTION('',(-1,0,0));
#9001=DIRECTION('',(0.9951846367643222,-0.09801805317523955,0));
#9002=DIRECTION('',(0.47138311662842086,0.8819285443604128,0));
#9003=FACE_SURFACE('',(#9008),#9004,.T.);
#9004=PLANE('',#9005);
#9005=AXIS2_PLACEMENT_3D('',#482,#9006,#9007);
#9006=DIRECTION('',(0,0,1));
#9007=DIRECTION('',(-0.9951846367643222,0.09801805317523955,0));
#9008=FACE_BOUND('',#9009,.T.);
#9009=EDGE_LOOP('',(#9010,#9011,#9012));
#9010=ORIENTED_EDGE('',*,*,#9013,.T.);
#9011=ORIENTED_EDGE('',*,*,#9014,.T.);
#9012=ORIENTED_EDGE('',*,*,#9015,.T.);
#9013=EDGE_CURVE('',#483,#351,#9016,.F.);
#9014=EDGE_CURVE('',#351,#353,#9017,.T.);
#9015=EDGE_CURVE('',#353,#483,#9018,.T.);
#9016=LINE('',#482,#9019);
#9017=LINE('',#350,#9020);
#9018=LINE('',#352,#9021);
#9019=VECTOR('',#9022,1.0);
#9020=VECTOR('',#9023,1.0);
#9021=VECTOR('',#9024,1.0);
#9022=DIRECTION('',(-0.9951846367643222,0.09801805317523955,0));
#9023=DIRECTION('',(0.47138311662842086,-0.8819285443604128,0));
#9024=DIRECTION('',(1,0,0));
#9025=FACE_SURFACE('',(#9030),#9026,.T.);
#9026=PLANE('',#9027);
#9027=AXIS2_PLACEMENT_3D('',#482,#9028,#9029);
#9028=DIRECTION('',(0,0,1));
#9029=DIRECTION('',(-1,0,0));
#9030=FACE_BOUND('',#9031,.T.);
#9031=EDGE_LOOP('',(#9032,#9033,#9034));
#9032=ORIENTED_EDGE('',*,*,#9035,.T.);
#9033=ORIENTED_EDGE('',*,*,#9036,.T.);
#9034=ORIENTED_EDGE('',*,*,#9037,.T.);
#9035=EDGE_CURVE('',#483,#353,#9038,.F.);
#9036=EDGE_CURVE('',#353,#485,#9039,.T.);
#9037=EDGE_CURVE('',#485,#483,#9040,.T.);
#9038=LINE('',#482,#9041);
#9039=LINE('',#352,#9042);
#9040=LINE('',#484,#9043);
#9041=VECTOR('',#9044,1.0);
#9042=VECTOR('',#9045,1.0);
#9043=VECTOR('',#9046,1.0);
#9044=DIRECTION('',(-1,0,0));
#9045=DIRECTION('',(0.995184616132438,-0.09801826265207939,0));
#9046=DIRECTION('',(0.6343967628089359,0.7730075984992274,0));
#9047=FACE_SURFACE('',(#9052),#9048,.T.);
#9048=PLANE('',#9049);
#9049=AXIS2_PLACEMENT_3D('',#484,#9050,#9051);
#9050=DIRECTION('',(0,0,1));
#9051=DIRECTION('',(-0.995184616132438,0.09801826265207939,0));
#9052=FACE_BOUND('',#9053,.T.);
#9053=EDGE_LOOP('',(#9054,#9055,#9056));
#9054=ORIENTED_EDGE('',*,*,#9057,.T.);
#9055=ORIENTED_EDGE('',*,*,#9058,.T.);
#9056=ORIENTED_EDGE('',*,*,#9059,.T.);
#9057=EDGE_CURVE('',#485,#353,#9060,.F.);
#9058=EDGE_CURVE('',#353,#355,#9061,.T.);
#9059=EDGE_CURVE('',#355,#485,#9062,.T.);
#9060=LINE('',#484,#9063);
#9061=LINE('',#352,#9064);
#9062=LINE('',#354,#9065);
#9063=VECTOR('',#9066,1.0);
#9064=VECTOR('',#9067,1.0);
#9065=VECTOR('',#9068,1.0);
#9066=DIRECTION('',(-0.995184616132438,0.09801826265207939,0));
#9067=DIRECTION('',(0.6343967628089359,-0.7730075984992274,0));
#9068=DIRECTION('',(1,0,0));
#9069=FACE_SURFACE('',(#9074),#9070,.T.);
#9070=PLANE('',#9071);
#9071=AXIS2_PLACEMENT_3D('',#484,#9072,#9073);
#9072=DIRECTION('',(0,0,1));
#9073=DIRECTION('',(-1,0,0));
#9074=FACE_BOUND('',#9075,.T.);
#9075=EDGE_LOOP('',(#9076,#9077,#9078));
#9076=ORIENTED_EDGE('',*,*,#9079,.T.);
#9077=ORIENTED_EDGE('',*,*,#9080,.T.);
#9078=ORIENTED_EDGE('',*,*,#9081,.T.);
#9079=EDGE_CURVE('',#485,#355,#9082,.F.);
#9080=EDGE_CURVE('',#355,#399,#9083,.T.);
#9081=EDGE_CURVE('',#399,#485,#9084,.T.);
#9082=LINE('',#484,#9085);
#9083=LINE('',#354,#9086);
#9084=LINE('',#398,#9087);
#9085=VECTOR('',#9088,1.0);
#9086=VECTOR('',#9089,1.0);
#9087=VECTOR('',#9090,1.0);
#9088=DIRECTION('',(-1,0,0));
#9089=DIRECTION('',(0.9951849648395562,-0.09801472214566194,0));
#9090=DIRECTION('',(0.7730228667384983,0.63437815811974,0));
#9091=FACE_SURFACE('',(#9096),#9092,.T.);
#9092=PLANE('',#9093);
#9093=AXIS2_PLACEMENT_3D('',#374,#9094,#9095);
#9094=DIRECTION('',(0,0,-1));
#9095=DIRECTION('',(0.9988673399233631,-0.04758190028177228,0));
#9096=FACE_BOUND('',#9097,.T.);
#9097=EDGE_LOOP('',(#9098,#9099,#9100));
#9098=ORIENTED_EDGE('',*,*,#9101,.T.);
#9099=ORIENTED_EDGE('',*,*,#9102,.T.);
#9100=ORIENTED_EDGE('',*,*,#9103,.T.);
#9101=EDGE_CURVE('',#375,#403,#9104,.F.);
#9102=EDGE_CURVE('',#403,#371,#9105,.T.);
#9103=EDGE_CURVE('',#371,#375,#9106,.T.);
#9104=LINE('',#374,#9107);
#9105=LINE('',#402,#9108);
#9106=LINE('',#370,#9109);
#9107=VECTOR('',#9110,1.0);
#9108=VECTOR('',#9111,1.0);
#9109=VECTOR('',#9112,1.0);
#9110=DIRECTION('',(0.9988673399233631,-0.04758190028177228,0));
#9111=DIRECTION('',(-1,0,0));
#9112=DIRECTION('',(-0.14233822416764064,0.9898180792149649,0));
#9113=FACE_SURFACE('',(#9118),#9114,.T.);
#9114=PLANE('',#9115);
#9115=AXIS2_PLACEMENT_3D('',#486,#9116,#9117);
#9116=DIRECTION('',(0,0,-1));
#9117=DIRECTION('',(-0.998867343907021,0.04758181665440097,0));
#9118=FACE_BOUND('',#9119,.T.);
#9119=EDGE_LOOP('',(#9120,#9121,#9122));
#9120=ORIENTED_EDGE('',*,*,#9123,.T.);
#9121=ORIENTED_EDGE('',*,*,#9124,.T.);
#9122=ORIENTED_EDGE('',*,*,#9125,.T.);
#9123=EDGE_CURVE('',#487,#373,#9126,.F.);
#9124=EDGE_CURVE('',#373,#413,#9127,.T.);
#9125=EDGE_CURVE('',#413,#487,#9128,.T.);
#9126=LINE('',#486,#9129);
#9127=LINE('',#372,#9130);
#9128=LINE('',#412,#9131);
#9129=VECTOR('',#9132,1.0);
#9130=VECTOR('',#9133,1.0);
#9131=VECTOR('',#9134,1.0);
#9132=DIRECTION('',(-0.998867343907021,0.04758181665440097,0));
#9133=DIRECTION('',(1,0,0));
#9134=DIRECTION('',(0.786056438168777,-0.6181547346849455,0));
#9135=FACE_SURFACE('',(#9140),#9136,.T.);
#9136=PLANE('',#9137);
#9137=AXIS2_PLACEMENT_3D('',#486,#9138,#9139);
#9138=DIRECTION('',(0,0,-1));
#9139=DIRECTION('',(-1,0,0));
#9140=FACE_BOUND('',#9141,.T.);
#9141=EDGE_LOOP('',(#9142,#9143,#9144));
#9142=ORIENTED_EDGE('',*,*,#9145,.T.);
#9143=ORIENTED_EDGE('',*,*,#9146,.T.);
#9144=ORIENTED_EDGE('',*,*,#9147,.T.);
#9145=EDGE_CURVE('',#487,#377,#9148,.F.);
#9146=EDGE_CURVE('',#377,#373,#9149,.T.);
#9147=EDGE_CURVE('',#373,#487,#9150,.T.);
#9148=LINE('',#486,#9151);
#9149=LINE('',#376,#9152);
#9150=LINE('',#372,#9153);
#9151=VECTOR('',#9154,1.0);
#9152=VECTOR('',#9155,1.0);
#9153=VECTOR('',#9156,1.0);
#9154=DIRECTION('',(-1,0,0));
#9155=DIRECTION('',(0.7860333706252293,0.6181840666529191,0));
#9156=DIRECTION('',(0.998867343907021,-0.04758181665440097,0));
#9157=FACE_SURFACE('',(#9162),#9158,.T.);
#9158=PLANE('',#9159);
#9159=AXIS2_PLACEMENT_3D('',#374,#9160,#9161);
#9160=DIRECTION('',(0,0,-1));
#9161=DIRECTION('',(1,0,0));
#9162=FACE_BOUND('',#9163,.T.);
#9163=EDGE_LOOP('',(#9164,#9165,#9166));
#9164=ORIENTED_EDGE('',*,*,#9167,.T.);
#9165=ORIENTED_EDGE('',*,*,#9168,.T.);
#9166=ORIENTED_EDGE('',*,*,#9169,.T.);
#9167=EDGE_CURVE('',#375,#489,#9170,.F.);
#9168=EDGE_CURVE('',#489,#403,#9171,.T.);
#9169=EDGE_CURVE('',#403,#375,#9172,.T.);
#9170=LINE('',#374,#9173);
#9171=LINE('',#488,#9174);
#9172=LINE('',#402,#9175);
#9173=VECTOR('',#9176,1.0);
#9174=VECTOR('',#9177,1.0);
#9175=VECTOR('',#9178,1.0);
#9176=DIRECTION('',(1,0,0));
#9177=DIRECTION('',(-0.14233822416764064,-0.9898180792149649,0));
#9178=DIRECTION('',(-0.9988673399233631,0.04758190028177228,0));
#9179=FACE_SURFACE('',(#9184),#9180,.T.);
#9180=PLANE('',#9181);
#9181=AXIS2_PLACEMENT_3D('',#378,#9182,#9183);
#9182=DIRECTION('',(0,0,-1));
#9183=DIRECTION('',(0.9988673211181497,-0.047582295050270555,0));
#9184=FACE_BOUND('',#9185,.T.);
#9185=EDGE_LOOP('',(#9186,#9187,#9188));
#9186=ORIENTED_EDGE('',*,*,#9189,.T.);
#9187=ORIENTED_EDGE('',*,*,#9190,.T.);
#9188=ORIENTED_EDGE('',*,*,#9191,.T.);
#9189=EDGE_CURVE('',#379,#489,#9192,.F.);
#9190=EDGE_CURVE('',#489,#375,#9193,.T.);
#9191=EDGE_CURVE('',#375,#379,#9194,.T.);
#9192=LINE('',#378,#9195);
#9193=LINE('',#488,#9196);
#9194=LINE('',#374,#9197);
#9195=VECTOR('',#9198,1.0);
#9196=VECTOR('',#9199,1.0);
#9197=VECTOR('',#9200,1.0);
#9198=DIRECTION('',(0.9988673211181497,-0.047582295050270555,0));
#9199=DIRECTION('',(-1,0,0));
#9200=DIRECTION('',(-0.04756658339433107,0.9988680694386972,0));
#9201=FACE_SURFACE('',(#9206),#9202,.T.);
#9202=PLANE('',#9203);
#9203=AXIS2_PLACEMENT_3D('',#490,#9204,#9205);
#9204=DIRECTION('',(0,0,-1));
#9205=DIRECTION('',(-0.9988673771966655,0.047581117812155634,0));
#9206=FACE_BOUND('',#9207,.T.);
#9207=EDGE_LOOP('',(#9208,#9209,#9210));
#9208=ORIENTED_EDGE('',*,*,#9211,.T.);
#9209=ORIENTED_EDGE('',*,*,#9212,.T.);
#9210=ORIENTED_EDGE('',*,*,#9213,.T.);
#9211=EDGE_CURVE('',#491,#377,#9214,.F.);
#9212=EDGE_CURVE('',#377,#487,#9215,.T.);
#9213=EDGE_CURVE('',#487,#491,#9216,.T.);
#9214=LINE('',#490,#9217);
#9215=LINE('',#376,#9218);
#9216=LINE('',#486,#9219);
#9217=VECTOR('',#9220,1.0);
#9218=VECTOR('',#9221,1.0);
#9219=VECTOR('',#9222,1.0);
#9220=DIRECTION('',(-0.9988673771966655,0.047581117812155634,0));
#9221=DIRECTION('',(1,0,0));
#9222=DIRECTION('',(0.7237548970234148,-0.6900571346161319,0));
#9223=FACE_SURFACE('',(#9228),#9224,.T.);
#9224=PLANE('',#9225);
#9225=AXIS2_PLACEMENT_3D('',#490,#9226,#9227);
#9226=DIRECTION('',(0,0,-1));
#9227=DIRECTION('',(-1,0,0));
#9228=FACE_BOUND('',#9229,.T.);
#9229=EDGE_LOOP('',(#9230,#9231,#9232));
#9230=ORIENTED_EDGE('',*,*,#9233,.T.);
#9231=ORIENTED_EDGE('',*,*,#9234,.T.);
#9232=ORIENTED_EDGE('',*,*,#9235,.T.);
#9233=EDGE_CURVE('',#491,#381,#9236,.F.);
#9234=EDGE_CURVE('',#381,#377,#9237,.T.);
#9235=EDGE_CURVE('',#377,#491,#9238,.T.);
#9236=LINE('',#490,#9239);
#9237=LINE('',#380,#9240);
#9238=LINE('',#376,#9241);
#9239=VECTOR('',#9242,1.0);
#9240=VECTOR('',#9243,1.0);
#9241=VECTOR('',#9244,1.0);
#9242=DIRECTION('',(-1,0,0));
#9243=DIRECTION('',(0.7237548970234148,0.6900571346161319,0));
#9244=DIRECTION('',(0.9988673771966655,-0.047581117812155634,0));
#9245=FACE_SURFACE('',(#9250),#9246,.T.);
#9246=PLANE('',#9247);
#9247=AXIS2_PLACEMENT_3D('',#378,#9248,#9249);
#9248=DIRECTION('',(0,0,-1));
#9249=DIRECTION('',(1,0,0));
#9250=FACE_BOUND('',#9251,.T.);
#9251=EDGE_LOOP('',(#9252,#9253,#9254));
#9252=ORIENTED_EDGE('',*,*,#9255,.T.);
#9253=ORIENTED_EDGE('',*,*,#9256,.T.);
#9254=ORIENTED_EDGE('',*,*,#9257,.T.);
#9255=EDGE_CURVE('',#379,#493,#9258,.F.);
#9256=EDGE_CURVE('',#493,#489,#9259,.T.);
#9257=EDGE_CURVE('',#489,#379,#9260,.T.);
#9258=LINE('',#378,#9261);
#9259=LINE('',#492,#9262);
#9260=LINE('',#488,#9263);
#9261=VECTOR('',#9264,1.0);
#9262=VECTOR('',#9265,1.0);
#9263=VECTOR('',#9266,1.0);
#9264=DIRECTION('',(1,0,0));
#9265=DIRECTION('',(-0.04756658339433107,-0.9988680694386972,0));
#9266=DIRECTION('',(-0.9988673211181497,0.047582295050270555,0));
#9267=FACE_SURFACE('',(#9272),#9268,.T.);
#9268=PLANE('',#9269);
#9269=AXIS2_PLACEMENT_3D('',#382,#9270,#9271);
#9270=DIRECTION('',(0,-0,-1));
#9271=DIRECTION('',(0.998867355284842,-0.04758157780344156,0));
#9272=FACE_BOUND('',#9273,.T.);
#9273=EDGE_LOOP('',(#9274,#9275,#9276));
#9274=ORIENTED_EDGE('',*,*,#9277,.T.);
#9275=ORIENTED_EDGE('',*,*,#9278,.T.);
#9276=ORIENTED_EDGE('',*,*,#9279,.T.);
#9277=EDGE_CURVE('',#383,#493,#9280,.F.);
#9278=EDGE_CURVE('',#493,#379,#9281,.T.);
#9279=EDGE_CURVE('',#379,#383,#9282,.T.);
#9280=LINE('',#382,#9283);
#9281=LINE('',#492,#9284);
#9282=LINE('',#378,#9285);
#9283=VECTOR('',#9286,1.0);
#9284=VECTOR('',#9287,1.0);
#9285=VECTOR('',#9288,1.0);
#9286=DIRECTION('',(0.998867355284842,-0.04758157780344156,0));
#9287=DIRECTION('',(-1,0,0));
#9288=DIRECTION('',(0.04756730041615898,0.9988680352935111,0));
#9289=FACE_SURFACE('',(#9294),#9290,.T.);
#9290=PLANE('',#9291);
#9291=AXIS2_PLACEMENT_3D('',#494,#9292,#9293);
#9292=DIRECTION('',(0,0,-1));
#9293=DIRECTION('',(-0.9988673121221772,0.04758248389709333,0));
#9294=FACE_BOUND('',#9295,.T.);
#9295=EDGE_LOOP('',(#9296,#9297,#9298));
#9296=ORIENTED_EDGE('',*,*,#9299,.T.);
#9297=ORIENTED_EDGE('',*,*,#9300,.T.);
#9298=ORIENTED_EDGE('',*,*,#9301,.T.);
#9299=EDGE_CURVE('',#495,#381,#9302,.F.);
#9300=EDGE_CURVE('',#381,#491,#9303,.T.);
#9301=EDGE_CURVE('',#491,#495,#9304,.T.);
#9302=LINE('',#494,#9305);
#9303=LINE('',#380,#9306);
#9304=LINE('',#490,#9307);
#9305=VECTOR('',#9308,1.0);
#9306=VECTOR('',#9309,1.0);
#9307=VECTOR('',#9310,1.0);
#9308=DIRECTION('',(-0.9988673121221772,0.04758248389709333,0));
#9309=DIRECTION('',(1,0,0));
#9310=DIRECTION('',(0.6548386073043083,-0.7557687466307098,0));
#9311=FACE_SURFACE('',(#9316),#9312,.T.);
#9312=PLANE('',#9313);
#9313=AXIS2_PLACEMENT_3D('',#494,#9314,#9315);
#9314=DIRECTION('',(0,0,-1));
#9315=DIRECTION('',(-1,0,0));
#9316=FACE_BOUND('',#9317,.T.);
#9317=EDGE_LOOP('',(#9318,#9319,#9320));
#9318=ORIENTED_EDGE('',*,*,#9321,.T.);
#9319=ORIENTED_EDGE('',*,*,#9322,.T.);
#9320=ORIENTED_EDGE('',*,*,#9323,.T.);
#9321=EDGE_CURVE('',#495,#385,#9324,.F.);
#9322=EDGE_CURVE('',#385,#381,#9325,.T.);
#9323=EDGE_CURVE('',#381,#495,#9326,.T.);
#9324=LINE('',#494,#9327);
#9325=LINE('',#384,#9328);
#9326=LINE('',#380,#9329);
#9327=VECTOR('',#9330,1.0);
#9328=VECTOR('',#9331,1.0);
#9329=VECTOR('',#9332,1.0);
#9330=DIRECTION('',(-1,0,0));
#9331=DIRECTION('',(0.6548386073043083,0.7557687466307098,0));
#9332=DIRECTION('',(0.9988673121221772,-0.04758248389709333,0));
#9333=FACE_SURFACE('',(#9338),#9334,.T.);
#9334=PLANE('',#9335);
#9335=AXIS2_PLACEMENT_3D('',#492,#9336,#9337);
#9336=DIRECTION('',(0,0,-1));
#9337=DIRECTION('',(-0.998867355284842,0.04758157780344156,0));
#9338=FACE_BOUND('',#9339,.T.);
#9339=EDGE_LOOP('',(#9340,#9341,#9342));
#9340=ORIENTED_EDGE('',*,*,#9343,.T.);
#9341=ORIENTED_EDGE('',*,*,#9344,.T.);
#9342=ORIENTED_EDGE('',*,*,#9345,.T.);
#9343=EDGE_CURVE('',#493,#383,#9346,.F.);
#9344=EDGE_CURVE('',#383,#497,#9347,.T.);
#9345=EDGE_CURVE('',#497,#493,#9348,.T.);
#9346=LINE('',#492,#9349);
#9347=LINE('',#382,#9350);
#9348=LINE('',#496,#9351);
#9349=VECTOR('',#9352,1.0);
#9350=VECTOR('',#9353,1.0);
#9351=VECTOR('',#9354,1.0);
#9352=DIRECTION('',(-0.998867355284842,0.04758157780344156,0));
#9353=DIRECTION('',(1,0,0));
#9354=DIRECTION('',(0.04756730041615898,-0.9988680352935111,0));
#9355=FACE_SURFACE('',(#9360),#9356,.T.);
#9356=PLANE('',#9357);
#9357=AXIS2_PLACEMENT_3D('',#496,#9358,#9359);
#9358=DIRECTION('',(0,0,-1));
#9359=DIRECTION('',(-1,0,0));
#9360=FACE_BOUND('',#9361,.T.);
#9361=EDGE_LOOP('',(#9362,#9363,#9364));
#9362=ORIENTED_EDGE('',*,*,#9365,.T.);
#9363=ORIENTED_EDGE('',*,*,#9366,.T.);
#9364=ORIENTED_EDGE('',*,*,#9367,.T.);
#9365=EDGE_CURVE('',#497,#383,#9368,.F.);
#9366=EDGE_CURVE('',#383,#389,#9369,.T.);
#9367=EDGE_CURVE('',#389,#497,#9370,.T.);
#9368=LINE('',#496,#9371);
#9369=LINE('',#382,#9372);
#9370=LINE('',#388,#9373);
#9371=VECTOR('',#9374,1.0);
#9372=VECTOR('',#9375,1.0);
#9373=VECTOR('',#9376,1.0);
#9374=DIRECTION('',(-1,0,0));
#9375=DIRECTION('',(0.14233609804527395,0.9898183849541521,0));
#9376=DIRECTION('',(0.9988673054441746,-0.0475826240837334,0));
#9377=FACE_SURFACE('',(#9382),#9378,.T.);
#9378=PLANE('',#9379);
#9379=AXIS2_PLACEMENT_3D('',#498,#9380,#9381);
#9380=DIRECTION('',(0,0,-1));
#9381=DIRECTION('',(-0.9988673119002759,0.0475824885553153,0));
#9382=FACE_BOUND('',#9383,.T.);
#9383=EDGE_LOOP('',(#9384,#9385,#9386));
#9384=ORIENTED_EDGE('',*,*,#9387,.T.);
#9385=ORIENTED_EDGE('',*,*,#9388,.T.);
#9386=ORIENTED_EDGE('',*,*,#9389,.T.);
#9387=EDGE_CURVE('',#499,#385,#9390,.F.);
#9388=EDGE_CURVE('',#385,#495,#9391,.T.);
#9389=EDGE_CURVE('',#495,#499,#9392,.T.);
#9390=LINE('',#498,#9393);
#9391=LINE('',#384,#9394);
#9392=LINE('',#494,#9395);
#9393=VECTOR('',#9396,1.0);
#9394=VECTOR('',#9397,1.0);
#9395=VECTOR('',#9398,1.0);
#9396=DIRECTION('',(-0.9988673119002759,0.0475824885553153,0));
#9397=DIRECTION('',(1,0,0));
#9398=DIRECTION('',(0.5800412905254686,-0.8145870740967777,0));
#9399=FACE_SURFACE('',(#9404),#9400,.T.);
#9400=PLANE('',#9401);
#9401=AXIS2_PLACEMENT_3D('',#498,#9402,#9403);
#9402=DIRECTION('',(0,0,-1));
#9403=DIRECTION('',(-1,0,0));
#9404=FACE_BOUND('',#9405,.T.);
#9405=EDGE_LOOP('',(#9406,#9407,#9408));
#9406=ORIENTED_EDGE('',*,*,#9409,.T.);
#9407=ORIENTED_EDGE('',*,*,#9410,.T.);
#9408=ORIENTED_EDGE('',*,*,#9411,.T.);
#9409=EDGE_CURVE('',#499,#387,#9412,.F.);
#9410=EDGE_CURVE('',#387,#385,#9413,.T.);
#9411=EDGE_CURVE('',#385,#499,#9414,.T.);
#9412=LINE('',#498,#9415);
#9413=LINE('',#386,#9416);
#9414=LINE('',#384,#9417);
#9415=VECTOR('',#9418,1.0);
#9416=VECTOR('',#9419,1.0);
#9417=VECTOR('',#9420,1.0);
#9418=DIRECTION('',(-1,0,0));
#9419=DIRECTION('',(0.5800412905254686,0.8145870740967777,0));
#9420=DIRECTION('',(0.9988673119002759,-0.0475824885553153,0));
#9421=FACE_SURFACE('',(#9426),#9422,.T.);
#9422=PLANE('',#9423);
#9423=AXIS2_PLACEMENT_3D('',#500,#9424,#9425);
#9424=DIRECTION('',(0,0,-1));
#9425=DIRECTION('',(-0.9988673609689743,0.04758145847782301,0));
#9426=FACE_BOUND('',#9427,.T.);
#9427=EDGE_LOOP('',(#9428,#9429,#9430));
#9428=ORIENTED_EDGE('',*,*,#9431,.T.);
#9429=ORIENTED_EDGE('',*,*,#9432,.T.);
#9430=ORIENTED_EDGE('',*,*,#9433,.T.);
#9431=EDGE_CURVE('',#501,#387,#9434,.F.);
#9432=EDGE_CURVE('',#387,#499,#9435,.T.);
#9433=EDGE_CURVE('',#499,#501,#9436,.T.);
#9434=LINE('',#500,#9437);
#9435=LINE('',#386,#9438);
#9436=LINE('',#498,#9439);
#9437=VECTOR('',#9440,1.0);
#9438=VECTOR('',#9441,1.0);
#9439=VECTOR('',#9442,1.0);
#9440=DIRECTION('',(-0.9988673609689743,0.04758145847782301,0));
#9441=DIRECTION('',(1,0,0));
#9442=DIRECTION('',(0.5000020084760747,-0.8660242441871309,0));
#9443=FACE_SURFACE('',(#9448),#9444,.T.);
#9444=PLANE('',#9445);
#9445=AXIS2_PLACEMENT_3D('',#500,#9446,#9447);
#9446=DIRECTION('',(0,0,-1));
#9447=DIRECTION('',(-1,0,0));
#9448=FACE_BOUND('',#9449,.T.);
#9449=EDGE_LOOP('',(#9450,#9451,#9452));
#9450=ORIENTED_EDGE('',*,*,#9453,.T.);
#9451=ORIENTED_EDGE('',*,*,#9454,.T.);
#9452=ORIENTED_EDGE('',*,*,#9455,.T.);
#9453=EDGE_CURVE('',#501,#391,#9456,.F.);
#9454=EDGE_CURVE('',#391,#387,#9457,.T.);
#9455=EDGE_CURVE('',#387,#501,#9458,.T.);
#9456=LINE('',#500,#9459);
#9457=LINE('',#390,#9460);
#9458=LINE('',#386,#9461);
#9459=VECTOR('',#9462,1.0);
#9460=VECTOR('',#9463,1.0);
#9461=VECTOR('',#9464,1.0);
#9462=DIRECTION('',(-1,0,0));
#9463=DIRECTION('',(0.5000020084760747,0.8660242441871309,0));
#9464=DIRECTION('',(0.9988673609689743,-0.04758145847782301,0));
#9465=FACE_SURFACE('',(#9470),#9466,.T.);
#9466=PLANE('',#9467);
#9467=AXIS2_PLACEMENT_3D('',#496,#9468,#9469);
#9468=DIRECTION('',(0,0,-1));
#9469=DIRECTION('',(-0.9988673054441746,0.0475826240837334,0));
#9470=FACE_BOUND('',#9471,.T.);
#9471=EDGE_LOOP('',(#9472,#9473,#9474));
#9472=ORIENTED_EDGE('',*,*,#9475,.T.);
#9473=ORIENTED_EDGE('',*,*,#9476,.T.);
#9474=ORIENTED_EDGE('',*,*,#9477,.T.);
#9475=EDGE_CURVE('',#497,#389,#9478,.F.);
#9476=EDGE_CURVE('',#389,#503,#9479,.T.);
#9477=EDGE_CURVE('',#503,#497,#9480,.T.);
#9478=LINE('',#496,#9481);
#9479=LINE('',#388,#9482);
#9480=LINE('',#502,#9483);
#9481=VECTOR('',#9484,1.0);
#9482=VECTOR('',#9485,1.0);
#9483=VECTOR('',#9486,1.0);
#9484=DIRECTION('',(-0.9988673054441746,0.0475826240837334,0));
#9485=DIRECTION('',(1,0,0));
#9486=DIRECTION('',(0.14233609804527395,-0.9898183849541521,0));
#9487=FACE_SURFACE('',(#9492),#9488,.T.);
#9488=PLANE('',#9489);
#9489=AXIS2_PLACEMENT_3D('',#502,#9490,#9491);
#9490=DIRECTION('',(0,0,-1));
#9491=DIRECTION('',(-1,0,0));
#9492=FACE_BOUND('',#9493,.T.);
#9493=EDGE_LOOP('',(#9494,#9495,#9496));
#9494=ORIENTED_EDGE('',*,*,#9497,.T.);
#9495=ORIENTED_EDGE('',*,*,#9498,.T.);
#9496=ORIENTED_EDGE('',*,*,#9499,.T.);
#9497=EDGE_CURVE('',#503,#389,#9500,.F.);
#9498=EDGE_CURVE('',#389,#393,#9501,.T.);
#9499=EDGE_CURVE('',#393,#503,#9502,.T.);
#9500=LINE('',#502,#9503);
#9501=LINE('',#388,#9504);
#9502=LINE('',#392,#9505);
#9503=VECTOR('',#9506,1.0);
#9504=VECTOR('',#9507,1.0);
#9505=VECTOR('',#9508,1.0);
#9506=DIRECTION('',(-1,0,0));
#9507=DIRECTION('',(0.23577969845146618,0.9718065310534477,0));
#9508=DIRECTION('',(0.9988673201168847,-0.04758231606923783,0));
#9509=FACE_SURFACE('',(#9514),#9510,.T.);
#9510=PLANE('',#9511);
#9511=AXIS2_PLACEMENT_3D('',#504,#9512,#9513);
#9512=DIRECTION('',(0,0,-1));
#9513=DIRECTION('',(-0.9988673446148939,0.047581801794289134,0));
#9514=FACE_BOUND('',#9515,.T.);
#9515=EDGE_LOOP('',(#9516,#9517,#9518));
#9516=ORIENTED_EDGE('',*,*,#9519,.T.);
#9517=ORIENTED_EDGE('',*,*,#9520,.T.);
#9518=ORIENTED_EDGE('',*,*,#9521,.T.);
#9519=EDGE_CURVE('',#505,#391,#9522,.F.);
#9520=EDGE_CURVE('',#391,#501,#9523,.T.);
#9521=EDGE_CURVE('',#501,#505,#9524,.T.);
#9522=LINE('',#504,#9525);
#9523=LINE('',#390,#9526);
#9524=LINE('',#500,#9527);
#9525=VECTOR('',#9528,1.0);
#9526=VECTOR('',#9529,1.0);
#9527=VECTOR('',#9530,1.0);
#9528=DIRECTION('',(-0.9988673446148939,0.047581801794289134,0));
#9529=DIRECTION('',(1,0,0));
#9530=DIRECTION('',(0.4154259157916178,-0.9096270161383158,0));
#9531=FACE_SURFACE('',(#9536),#9532,.T.);
#9532=PLANE('',#9533);
#9533=AXIS2_PLACEMENT_3D('',#504,#9534,#9535);
#9534=DIRECTION('',(0,0,-1));
#9535=DIRECTION('',(-1,0,0));
#9536=FACE_BOUND('',#9537,.T.);
#9537=EDGE_LOOP('',(#9538,#9539,#9540));
#9538=ORIENTED_EDGE('',*,*,#9541,.T.);
#9539=ORIENTED_EDGE('',*,*,#9542,.T.);
#9540=ORIENTED_EDGE('',*,*,#9543,.T.);
#9541=EDGE_CURVE('',#505,#395,#9544,.F.);
#9542=EDGE_CURVE('',#395,#391,#9545,.T.);
#9543=EDGE_CURVE('',#391,#505,#9546,.T.);
#9544=LINE('',#504,#9547);
#9545=LINE('',#394,#9548);
#9546=LINE('',#390,#9549);
#9547=VECTOR('',#9550,1.0);
#9548=VECTOR('',#9551,1.0);
#9549=VECTOR('',#9552,1.0);
#9550=DIRECTION('',(-1,0,0));
#9551=DIRECTION('',(0.4154259157916178,0.9096270161383158,0));
#9552=DIRECTION('',(0.9988673446148939,-0.047581801794289134,0));
#9553=FACE_SURFACE('',(#9558),#9554,.T.);
#9554=PLANE('',#9555);
#9555=AXIS2_PLACEMENT_3D('',#502,#9556,#9557);
#9556=DIRECTION('',(0,0,-1));
#9557=DIRECTION('',(-0.9988673201168847,0.04758231606923783,0));
#9558=FACE_BOUND('',#9559,.T.);
#9559=EDGE_LOOP('',(#9560,#9561,#9562));
#9560=ORIENTED_EDGE('',*,*,#9563,.T.);
#9561=ORIENTED_EDGE('',*,*,#9564,.T.);
#9562=ORIENTED_EDGE('',*,*,#9565,.T.);
#9563=EDGE_CURVE('',#503,#393,#9566,.F.);
#9564=EDGE_CURVE('',#393,#507,#9567,.T.);
#9565=EDGE_CURVE('',#507,#503,#9568,.T.);
#9566=LINE('',#502,#9569);
#9567=LINE('',#392,#9570);
#9568=LINE('',#506,#9571);
#9569=VECTOR('',#9572,1.0);
#9570=VECTOR('',#9573,1.0);
#9571=VECTOR('',#9574,1.0);
#9572=DIRECTION('',(-0.9988673201168847,0.04758231606923783,0));
#9573=DIRECTION('',(1,0,0));
#9574=DIRECTION('',(0.23577969845146618,-0.9718065310534477,0));
#9575=FACE_SURFACE('',(#9580),#9576,.T.);
#9576=PLANE('',#9577);
#9577=AXIS2_PLACEMENT_3D('',#506,#9578,#9579);
#9578=DIRECTION('',(0,0,-1));
#9579=DIRECTION('',(-1,0,0));
#9580=FACE_BOUND('',#9581,.T.);
#9581=EDGE_LOOP('',(#9582,#9583,#9584));
#9582=ORIENTED_EDGE('',*,*,#9585,.T.);
#9583=ORIENTED_EDGE('',*,*,#9586,.T.);
#9584=ORIENTED_EDGE('',*,*,#9587,.T.);
#9585=EDGE_CURVE('',#507,#393,#9588,.F.);
#9586=EDGE_CURVE('',#393,#395,#9589,.T.);
#9587=EDGE_CURVE('',#395,#507,#9590,.T.);
#9588=LINE('',#506,#9591);
#9589=LINE('',#392,#9592);
#9590=LINE('',#394,#9593);
#9591=VECTOR('',#9594,1.0);
#9592=VECTOR('',#9595,1.0);
#9593=VECTOR('',#9596,1.0);
#9594=DIRECTION('',(-1,0,0));
#9595=DIRECTION('',(0.32705458465244114,0.9450054490095913,0));
#9596=DIRECTION('',(0.9988673330304628,-0.04758204498138345,0));
#9597=FACE_SURFACE('',(#9602),#9598,.T.);
#9598=PLANE('',#9599);
#9599=AXIS2_PLACEMENT_3D('',#506,#9600,#9601);
#9600=DIRECTION('',(0,0,-1));
#9601=DIRECTION('',(-0.9988673330304628,0.04758204498138345,0));
#9602=FACE_BOUND('',#9603,.T.);
#9603=EDGE_LOOP('',(#9604,#9605,#9606));
#9604=ORIENTED_EDGE('',*,*,#9607,.T.);
#9605=ORIENTED_EDGE('',*,*,#9608,.T.);
#9606=ORIENTED_EDGE('',*,*,#9609,.T.);
#9607=EDGE_CURVE('',#507,#395,#9610,.F.);
#9608=EDGE_CURVE('',#395,#505,#9611,.T.);
#9609=EDGE_CURVE('',#505,#507,#9612,.T.);
#9610=LINE('',#506,#9613);
#9611=LINE('',#394,#9614);
#9612=LINE('',#504,#9615);
#9613=VECTOR('',#9616,1.0);
#9614=VECTOR('',#9617,1.0);
#9615=VECTOR('',#9618,1.0);
#9616=DIRECTION('',(-0.9988673330304628,0.04758204498138345,0));
#9617=DIRECTION('',(1,0,0));
#9618=DIRECTION('',(0.32705458465244114,-0.9450054490095913,0));
#9619=FACE_SURFACE('',(#9624),#9620,.T.);
#9620=PLANE('',#9621);
#9621=AXIS2_PLACEMENT_3D('',#484,#9622,#9623);
#9622=DIRECTION('',(-0.7730075984992274,0.6343967628089359,0));
#9623=DIRECTION('',(0,0,1));
#9624=FACE_BOUND('',#9625,.T.);
#9625=EDGE_LOOP('',(#9626,#9627,#9628));
#9626=ORIENTED_EDGE('',*,*,#9629,.T.);
#9627=ORIENTED_EDGE('',*,*,#9630,.T.);
#9628=ORIENTED_EDGE('',*,*,#9631,.T.);
#9629=EDGE_CURVE('',#485,#397,#9632,.F.);
#9630=EDGE_CURVE('',#397,#411,#9633,.T.);
#9631=EDGE_CURVE('',#411,#485,#9634,.T.);
#9632=LINE('',#484,#9635);
#9633=LINE('',#396,#9636);
#9634=LINE('',#410,#9637);
#9635=VECTOR('',#9638,1.0);
#9636=VECTOR('',#9639,1.0);
#9637=VECTOR('',#9640,1.0);
#9638=DIRECTION('',(0,0,1));
#9639=DIRECTION('',(0.6343967628089359,0.7730075984992274,0));
#9640=DIRECTION('',(-0.012952011716331983,-0.015781927114894505,-0.9997915663622294));
#9641=FACE_SURFACE('',(#9646),#9642,.T.);
#9642=PLANE('',#9643);
#9643=AXIS2_PLACEMENT_3D('',#398,#9644,#9645);
#9644=DIRECTION('',(-0.63437815811974,0.7730228667384984,0));
#9645=DIRECTION('',(0.01578192724482315,0.012951376172598344,0.9997915745932624));
#9646=FACE_BOUND('',#9647,.T.);
#9647=EDGE_LOOP('',(#9648,#9649,#9650));
#9648=ORIENTED_EDGE('',*,*,#9651,.T.);
#9649=ORIENTED_EDGE('',*,*,#9652,.T.);
#9650=ORIENTED_EDGE('',*,*,#9653,.T.);
#9651=EDGE_CURVE('',#399,#397,#9654,.F.);
#9652=EDGE_CURVE('',#397,#485,#9655,.T.);
#9653=EDGE_CURVE('',#485,#399,#9656,.T.);
#9654=LINE('',#398,#9657);
#9655=LINE('',#396,#9658);
#9656=LINE('',#484,#9659);
#9657=VECTOR('',#9660,1.0);
#9658=VECTOR('',#9661,1.0);
#9659=VECTOR('',#9662,1.0);
#9660=DIRECTION('',(0.01578192724482315,0.012951376172598344,0.9997915745932624));
#9661=DIRECTION('',(0,0,-1));
#9662=DIRECTION('',(-0.7730228667384983,-0.63437815811974,0));
#9663=FACE_SURFACE('',(#9668),#9664,.T.);
#9664=PLANE('',#9665);
#9665=AXIS2_PLACEMENT_3D('',#400,#9666,#9667);
#9666=DIRECTION('',(0.7014309135496214,-0.09922188302639749,0.7057972027754428));
#9667=DIRECTION('',(0.14006201403588717,0.9901427332582969,0));
#9668=FACE_BOUND('',#9669,.T.);
#9669=EDGE_LOOP('',(#9670,#9671,#9672));
#9670=ORIENTED_EDGE('',*,*,#9673,.T.);
#9671=ORIENTED_EDGE('',*,*,#9674,.T.);
#9672=ORIENTED_EDGE('',*,*,#9675,.T.);
#9673=EDGE_CURVE('',#401,#509,#9676,.F.);
#9674=EDGE_CURVE('',#509,#405,#9677,.T.);
#9675=EDGE_CURVE('',#405,#401,#9678,.T.);
#9676=LINE('',#400,#9679);
#9677=LINE('',#508,#9680);
#9678=LINE('',#404,#9681);
#9679=VECTOR('',#9682,1.0);
#9680=VECTOR('',#9683,1.0);
#9681=VECTOR('',#9684,1.0);
#9682=DIRECTION('',(0.14006201403588717,0.9901427332582969,0));
#9683=DIRECTION('',(-0.7074508072299499,0.0234645683365775,0.7063729676187153));
#9684=DIRECTION('',(0.5170792343660687,-0.6106959795091538,-0.5997328455227007));
#9685=FACE_SURFACE('',(#9690),#9686,.T.);
#9686=PLANE('',#9687);
#9687=AXIS2_PLACEMENT_3D('',#402,#9688,#9689);
#9688=DIRECTION('',(0.9901427331033212,-0.14006201401396487,-1.7692853541431703E-05));
#9689=DIRECTION('',(0.0016387271387617824,0.011458368002357618,0.9999330079440758));
#9690=FACE_BOUND('',#9691,.T.);
#9691=EDGE_LOOP('',(#9692,#9693,#9694));
#9692=ORIENTED_EDGE('',*,*,#9695,.T.);
#9693=ORIENTED_EDGE('',*,*,#9696,.T.);
#9694=ORIENTED_EDGE('',*,*,#9697,.T.);
#9695=EDGE_CURVE('',#403,#509,#9698,.F.);
#9696=EDGE_CURVE('',#509,#401,#9699,.T.);
#9697=EDGE_CURVE('',#401,#403,#9700,.T.);
#9698=LINE('',#402,#9701);
#9699=LINE('',#508,#9702);
#9700=LINE('',#400,#9703);
#9701=VECTOR('',#9704,1.0);
#9702=VECTOR('',#9705,1.0);
#9703=VECTOR('',#9706,1.0);
#9704=DIRECTION('',(0.0016387271387617824,0.011458368002357618,0.9999330079440758));
#9705=DIRECTION('',(-0.14006201403588717,-0.9901427332582969,0));
#9706=DIRECTION('',(-6.87720024269209E-05,-0.0003598495026988636,-0.9999999328893714));
#9707=FACE_SURFACE('',(#9712),#9708,.T.);
#9708=PLANE('',#9709);
#9709=AXIS2_PLACEMENT_3D('',#488,#9710,#9711);
#9710=DIRECTION('',(0.9898180791755639,-0.14233822416197467,8.9226022113874E-06));
#9711=DIRECTION('',(1.7193001472502055E-05,0.0001822458156085218,0.9999999832454316));
#9712=FACE_BOUND('',#9713,.T.);
#9713=EDGE_LOOP('',(#9714,#9715,#9716));
#9714=ORIENTED_EDGE('',*,*,#9717,.T.);
#9715=ORIENTED_EDGE('',*,*,#9718,.T.);
#9716=ORIENTED_EDGE('',*,*,#9719,.T.);
#9717=EDGE_CURVE('',#489,#509,#9720,.F.);
#9718=EDGE_CURVE('',#509,#403,#9721,.T.);
#9719=EDGE_CURVE('',#403,#489,#9722,.T.);
#9720=LINE('',#488,#9723);
#9721=LINE('',#508,#9724);
#9722=LINE('',#402,#9725);
#9723=VECTOR('',#9726,1.0);
#9724=VECTOR('',#9727,1.0);
#9725=VECTOR('',#9728,1.0);
#9726=DIRECTION('',(1.7193001472502055E-05,0.0001822458156085218,0.9999999832454316));
#9727=DIRECTION('',(-0.0016387271387617824,-0.011458368002357618,-0.9999330079440758));
#9728=DIRECTION('',(0.14233822416764064,0.9898180792149649,0));
#9729=FACE_SURFACE('',(#9734),#9730,.T.);
#9730=PLANE('',#9731);
#9731=AXIS2_PLACEMENT_3D('',#404,#9732,#9733);
#9732=DIRECTION('',(0.7055395303991462,-0.035325728715360806,0.7077895619002029));
#9733=DIRECTION('',(0.7074508072299499,-0.0234645683365775,-0.7063729676187153));
#9734=FACE_BOUND('',#9735,.T.);
#9735=EDGE_LOOP('',(#9736,#9737,#9738));
#9736=ORIENTED_EDGE('',*,*,#9739,.T.);
#9737=ORIENTED_EDGE('',*,*,#9740,.T.);
#9738=ORIENTED_EDGE('',*,*,#9741,.T.);
#9739=EDGE_CURVE('',#405,#509,#9742,.F.);
#9740=EDGE_CURVE('',#509,#511,#9743,.T.);
#9741=EDGE_CURVE('',#511,#405,#9744,.T.);
#9742=LINE('',#404,#9745);
#9743=LINE('',#508,#9746);
#9744=LINE('',#510,#9747);
#9745=VECTOR('',#9748,1.0);
#9746=VECTOR('',#9749,1.0);
#9747=VECTOR('',#9750,1.0);
#9748=DIRECTION('',(0.7074508072299499,-0.0234645683365775,-0.7063729676187153));
#9749=DIRECTION('',(-0.5601944888422086,0.5839169556733411,0.5875569109013985));
#9750=DIRECTION('',(-0.050006457442594215,-0.998748894474503,0));
#9751=FACE_SURFACE('',(#9756),#9752,.T.);
#9752=PLANE('',#9753);
#9753=AXIS2_PLACEMENT_3D('',#512,#9754,#9755);
#9754=DIRECTION('',(-0,0,1));
#9755=DIRECTION('',(0.9877360241844084,-0.15613310516472084,0));
#9756=FACE_BOUND('',#9757,.T.);
#9757=EDGE_LOOP('',(#9758,#9759,#9760));
#9758=ORIENTED_EDGE('',*,*,#9761,.T.);
#9759=ORIENTED_EDGE('',*,*,#9762,.T.);
#9760=ORIENTED_EDGE('',*,*,#9763,.T.);
#9761=EDGE_CURVE('',#513,#405,#9764,.F.);
#9762=EDGE_CURVE('',#405,#511,#9765,.T.);
#9763=EDGE_CURVE('',#511,#513,#9766,.T.);
#9764=LINE('',#512,#9767);
#9765=LINE('',#404,#9768);
#9766=LINE('',#510,#9769);
#9767=VECTOR('',#9770,1.0);
#9768=VECTOR('',#9771,1.0);
#9769=VECTOR('',#9772,1.0);
#9770=DIRECTION('',(0.9877360241844084,-0.15613310516472084,0));
#9771=DIRECTION('',(0.050006457442594215,0.998748894474503,0));
#9772=DIRECTION('',(-1,0,0));
#9773=FACE_SURFACE('',(#9778),#9774,.T.);
#9774=PLANE('',#9775);
#9775=AXIS2_PLACEMENT_3D('',#406,#9776,#9777);
#9776=DIRECTION('',(0,0,1));
#9777=DIRECTION('',(0.9996064681530157,0.028051895241751577,0));
#9778=FACE_BOUND('',#9779,.T.);
#9779=EDGE_LOOP('',(#9780,#9781,#9782));
#9780=ORIENTED_EDGE('',*,*,#9783,.T.);
#9781=ORIENTED_EDGE('',*,*,#9784,.T.);
#9782=ORIENTED_EDGE('',*,*,#9785,.T.);
#9783=EDGE_CURVE('',#407,#405,#9786,.F.);
#9784=EDGE_CURVE('',#405,#515,#9787,.T.);
#9785=EDGE_CURVE('',#515,#407,#9788,.T.);
#9786=LINE('',#406,#9789);
#9787=LINE('',#404,#9790);
#9788=LINE('',#514,#9791);
#9789=VECTOR('',#9792,1.0);
#9790=VECTOR('',#9793,1.0);
#9791=VECTOR('',#9794,1.0);
#9792=DIRECTION('',(0.9996064681530157,0.028051895241751577,0));
#9793=DIRECTION('',(-0.9980349690272495,0.0626594015194594,0));
#9794=DIRECTION('',(-0.24548466723424744,-0.9694004735674987,0));
#9795=FACE_SURFACE('',(#9800),#9796,.T.);
#9796=PLANE('',#9797);
#9797=AXIS2_PLACEMENT_3D('',#514,#9798,#9799);
#9798=DIRECTION('',(-0,0,1));
#9799=DIRECTION('',(0.9980349690272495,-0.0626594015194594,0));
#9800=FACE_BOUND('',#9801,.T.);
#9801=EDGE_LOOP('',(#9802,#9803,#9804));
#9802=ORIENTED_EDGE('',*,*,#9805,.T.);
#9803=ORIENTED_EDGE('',*,*,#9806,.T.);
#9804=ORIENTED_EDGE('',*,*,#9807,.T.);
#9805=EDGE_CURVE('',#515,#405,#9808,.F.);
#9806=EDGE_CURVE('',#405,#513,#9809,.T.);
#9807=EDGE_CURVE('',#513,#515,#9810,.T.);
#9808=LINE('',#514,#9811);
#9809=LINE('',#404,#9812);
#9810=LINE('',#512,#9813);
#9811=VECTOR('',#9814,1.0);
#9812=VECTOR('',#9815,1.0);
#9813=VECTOR('',#9816,1.0);
#9814=DIRECTION('',(0.9980349690272495,-0.0626594015194594,0));
#9815=DIRECTION('',(-0.9877360241844084,0.15613310516472084,0));
#9816=DIRECTION('',(-0.08257140760913317,-0.9965851507249376,0));
#9817=FACE_SURFACE('',(#9822),#9818,.T.);
#9818=PLANE('',#9819);
#9819=AXIS2_PLACEMENT_3D('',#408,#9820,#9821);
#9820=DIRECTION('',(-0.6512623868030459,0.28563711635186195,0.7030424889704694));
#9821=DIRECTION('',(0.4016564459922034,0.9157904232917662,0));
#9822=FACE_BOUND('',#9823,.T.);
#9823=EDGE_LOOP('',(#9824,#9825,#9826));
#9824=ORIENTED_EDGE('',*,*,#9827,.T.);
#9825=ORIENTED_EDGE('',*,*,#9828,.T.);
#9826=ORIENTED_EDGE('',*,*,#9829,.T.);
#9827=EDGE_CURVE('',#409,#407,#9830,.F.);
#9828=EDGE_CURVE('',#407,#517,#9831,.T.);
#9829=EDGE_CURVE('',#517,#409,#9832,.T.);
#9830=LINE('',#408,#9833);
#9831=LINE('',#406,#9834);
#9832=LINE('',#516,#9835);
#9833=VECTOR('',#9836,1.0);
#9834=VECTOR('',#9837,1.0);
#9835=VECTOR('',#9838,1.0);
#9836=DIRECTION('',(0.4016564459922034,0.9157904232917662,0));
#9837=DIRECTION('',(-0.7017025931470859,0.12604538803404503,-0.7012317954328671));
#9838=DIRECTION('',(0.5311417396397958,-0.49010702220395985,0.691146554067065));
#9839=FACE_SURFACE('',(#9844),#9840,.T.);
#9840=PLANE('',#9841);
#9841=AXIS2_PLACEMENT_3D('',#516,#9842,#9843);
#9842=DIRECTION('',(-0.6733615112778767,0.20427599580787123,0.7105319082675152));
#9843=DIRECTION('',(0.7017025931470859,-0.12604538803404503,0.7012317954328671));
#9844=FACE_BOUND('',#9845,.T.);
#9845=EDGE_LOOP('',(#9846,#9847,#9848));
#9846=ORIENTED_EDGE('',*,*,#9849,.T.);
#9847=ORIENTED_EDGE('',*,*,#9850,.T.);
#9848=ORIENTED_EDGE('',*,*,#9851,.T.);
#9849=EDGE_CURVE('',#517,#407,#9852,.F.);
#9850=EDGE_CURVE('',#407,#519,#9853,.T.);
#9851=EDGE_CURVE('',#519,#517,#9854,.T.);
#9852=LINE('',#516,#9855);
#9853=LINE('',#406,#9856);
#9854=LINE('',#518,#9857);
#9855=VECTOR('',#9858,1.0);
#9856=VECTOR('',#9859,1.0);
#9857=VECTOR('',#9860,1.0);
#9858=DIRECTION('',(0.7017025931470859,-0.12604538803404503,0.7012317954328671));
#9859=DIRECTION('',(-0.5843780257038552,0.44163878986773686,-0.68077713119539));
#9860=DIRECTION('',(-0.2903029153680005,-0.9569348030711599,0));
#9861=FACE_SURFACE('',(#9866),#9862,.T.);
#9862=PLANE('',#9863);
#9863=AXIS2_PLACEMENT_3D('',#406,#9864,#9865);
#9864=DIRECTION('',(-0.688428817521586,0.17433323357251873,0.7040409696018979));
#9865=DIRECTION('',(0.24548466723424744,0.9694004735674987,0));
#9866=FACE_BOUND('',#9867,.T.);
#9867=EDGE_LOOP('',(#9868,#9869,#9870));
#9868=ORIENTED_EDGE('',*,*,#9871,.T.);
#9869=ORIENTED_EDGE('',*,*,#9872,.T.);
#9870=ORIENTED_EDGE('',*,*,#9873,.T.);
#9871=EDGE_CURVE('',#407,#515,#9874,.F.);
#9872=EDGE_CURVE('',#515,#519,#9875,.T.);
#9873=EDGE_CURVE('',#519,#407,#9876,.T.);
#9874=LINE('',#406,#9877);
#9875=LINE('',#514,#9878);
#9876=LINE('',#518,#9879);
#9877=VECTOR('',#9880,1.0);
#9878=VECTOR('',#9881,1.0);
#9879=VECTOR('',#9882,1.0);
#9880=DIRECTION('',(0.24548466723424744,0.9694004735674987,0));
#9881=DIRECTION('',(-0.7058390673793347,0.06234071938688064,-0.705623728106841));
#9882=DIRECTION('',(0.5843780257038552,-0.44163878986773686,0.68077713119539));
#9883=FACE_SURFACE('',(#9888),#9884,.T.);
#9884=PLANE('',#9885);
#9885=AXIS2_PLACEMENT_3D('',#410,#9886,#9887);
#9886=DIRECTION('',(-0.6198796504431855,0.3313202678708546,0.7113199695386172));
#9887=DIRECTION('',(0.6937544941293092,-0.19219532860534583,0.6940934069256596));
#9888=FACE_BOUND('',#9889,.T.);
#9889=EDGE_LOOP('',(#9890,#9891,#9892));
#9890=ORIENTED_EDGE('',*,*,#9893,.T.);
#9891=ORIENTED_EDGE('',*,*,#9894,.T.);
#9892=ORIENTED_EDGE('',*,*,#9895,.T.);
#9893=EDGE_CURVE('',#411,#409,#9896,.F.);
#9894=EDGE_CURVE('',#409,#517,#9897,.T.);
#9895=EDGE_CURVE('',#517,#411,#9898,.T.);
#9896=LINE('',#410,#9899);
#9897=LINE('',#408,#9900);
#9898=LINE('',#516,#9901);
#9899=VECTOR('',#9902,1.0);
#9900=VECTOR('',#9903,1.0);
#9901=VECTOR('',#9904,1.0);
#9902=DIRECTION('',(0.6937544941293092,-0.19219532860534583,0.6940934069256596));
#9903=DIRECTION('',(-0.5311417396397958,0.49010702220395985,-0.691146554067065));
#9904=DIRECTION('',(-0.47138311662842086,-0.8819285443604128,0));
#9905=FACE_SURFACE('',(#9910),#9906,.T.);
#9906=PLANE('',#9907);
#9907=AXIS2_PLACEMENT_3D('',#482,#9908,#9909);
#9908=DIRECTION('',(-0.8819285443604128,0.4713831166284209,0));
#9909=DIRECTION('',(0,0,1));
#9910=FACE_BOUND('',#9911,.T.);
#9911=EDGE_LOOP('',(#9912,#9913,#9914));
#9912=ORIENTED_EDGE('',*,*,#9915,.T.);
#9913=ORIENTED_EDGE('',*,*,#9916,.T.);
#9914=ORIENTED_EDGE('',*,*,#9917,.T.);
#9915=EDGE_CURVE('',#483,#411,#9918,.F.);
#9916=EDGE_CURVE('',#411,#517,#9919,.T.);
#9917=EDGE_CURVE('',#517,#483,#9920,.T.);
#9918=LINE('',#482,#9921);
#9919=LINE('',#410,#9922);
#9920=LINE('',#516,#9923);
#9921=VECTOR('',#9924,1.0);
#9922=VECTOR('',#9925,1.0);
#9923=VECTOR('',#9926,1.0);
#9924=DIRECTION('',(0,0,1));
#9925=DIRECTION('',(0.47138311662842086,0.8819285443604128,0));
#9926=DIRECTION('',(-0.009623746492807986,-0.01800543217670271,-0.99979157223672));
#9927=FACE_SURFACE('',(#9932),#9928,.T.);
#9928=PLANE('',#9929);
#9929=AXIS2_PLACEMENT_3D('',#484,#9930,#9931);
#9930=DIRECTION('',(-0.7730075984992274,0.6343967628089359,0));
#9931=DIRECTION('',(0.012952011716331983,0.015781927114894505,0.9997915663622294));
#9932=FACE_BOUND('',#9933,.T.);
#9933=EDGE_LOOP('',(#9934,#9935,#9936));
#9934=ORIENTED_EDGE('',*,*,#9937,.T.);
#9935=ORIENTED_EDGE('',*,*,#9938,.T.);
#9936=ORIENTED_EDGE('',*,*,#9939,.T.);
#9937=EDGE_CURVE('',#485,#411,#9940,.F.);
#9938=EDGE_CURVE('',#411,#483,#9941,.T.);
#9939=EDGE_CURVE('',#483,#485,#9942,.T.);
#9940=LINE('',#484,#9943);
#9941=LINE('',#410,#9944);
#9942=LINE('',#482,#9945);
#9943=VECTOR('',#9946,1.0);
#9944=VECTOR('',#9947,1.0);
#9945=VECTOR('',#9948,1.0);
#9946=DIRECTION('',(0.012952011716331983,0.015781927114894505,0.9997915663622294));
#9947=DIRECTION('',(0,0,-1));
#9948=DIRECTION('',(-0.6343967628089359,-0.7730075984992274,0));
#9949=FACE_SURFACE('',(#9954),#9950,.T.);
#9950=PLANE('',#9951);
#9951=AXIS2_PLACEMENT_3D('',#412,#9952,#9953);
#9952=DIRECTION('',(0.5406569052044177,0.8412431899658085,-7.868247492334473E-05));
#9953=DIRECTION('',(-0.8412431925698483,0.5406569068780027,0));
#9954=FACE_BOUND('',#9955,.T.);
#9955=EDGE_LOOP('',(#9956,#9957,#9958));
#9956=ORIENTED_EDGE('',*,*,#9959,.T.);
#9957=ORIENTED_EDGE('',*,*,#9960,.T.);
#9958=ORIENTED_EDGE('',*,*,#9961,.T.);
#9959=EDGE_CURVE('',#413,#415,#9962,.F.);
#9960=EDGE_CURVE('',#415,#521,#9963,.T.);
#9961=EDGE_CURVE('',#521,#413,#9964,.T.);
#9962=LINE('',#412,#9965);
#9963=LINE('',#414,#9966);
#9964=LINE('',#520,#9967);
#9965=VECTOR('',#9968,1.0);
#9966=VECTOR('',#9969,1.0);
#9967=VECTOR('',#9970,1.0);
#9968=DIRECTION('',(-0.8412431925698483,0.5406569068780027,0));
#9969=DIRECTION('',(0.0017351142203282498,-0.001021606093657398,0.9999979728477613));
#9970=DIRECTION('',(0.00784860381470489,-0.00513773057913434,-0.9999560006033545));
#9971=FACE_SURFACE('',(#9976),#9972,.T.);
#9972=PLANE('',#9973);
#9973=AXIS2_PLACEMENT_3D('',#486,#9974,#9975);
#9974=DIRECTION('',(0.6181547330262348,0.7860564360595312,-7.325743876380606E-05));
#9975=DIRECTION('',(-0.786056438168777,0.6181547346849455,0));
#9976=FACE_BOUND('',#9977,.T.);
#9977=EDGE_LOOP('',(#9978,#9979,#9980));
#9978=ORIENTED_EDGE('',*,*,#9981,.T.);
#9979=ORIENTED_EDGE('',*,*,#9982,.T.);
#9980=ORIENTED_EDGE('',*,*,#9983,.T.);
#9981=EDGE_CURVE('',#487,#413,#9984,.F.);
#9982=EDGE_CURVE('',#413,#523,#9985,.T.);
#9983=EDGE_CURVE('',#523,#487,#9986,.T.);
#9984=LINE('',#486,#9987);
#9985=LINE('',#412,#9988);
#9986=LINE('',#522,#9989);
#9987=VECTOR('',#9990,1.0);
#9988=VECTOR('',#9991,1.0);
#9989=VECTOR('',#9992,1.0);
#9990=DIRECTION('',(-0.786056438168777,0.6181547346849455,0));
#9991=DIRECTION('',(0.0014834097052552828,-0.0010733573006384712,0.9999983236984707));
#9992=DIRECTION('',(0.007471736876365501,-0.005968965315474777,-0.9999542712549974));
#9993=FACE_SURFACE('',(#9998),#9994,.T.);
#9994=PLANE('',#9995);
#9995=AXIS2_PLACEMENT_3D('',#520,#9996,#9997);
#9996=DIRECTION('',(0.5540665131291812,0.8324723982797342,7.163280341896678E-05));
#9997=DIRECTION('',(0.8324724004155497,-0.5540665145507104,0));
#9998=FACE_BOUND('',#9999,.T.);
#9999=EDGE_LOOP('',(#10000,#10001,#10002));
#10000=ORIENTED_EDGE('',*,*,#10003,.T.);
#10001=ORIENTED_EDGE('',*,*,#10004,.T.);
#10002=ORIENTED_EDGE('',*,*,#10005,.T.);
#10003=EDGE_CURVE('',#521,#523,#10006,.F.);
#10004=EDGE_CURVE('',#523,#413,#10007,.T.);
#10005=EDGE_CURVE('',#413,#521,#10008,.T.);
#10006=LINE('',#520,#10009);
#10007=LINE('',#522,#10010);
#10008=LINE('',#412,#10011);
#10009=VECTOR('',#10012,1.0);
#10010=VECTOR('',#10013,1.0);
#10011=VECTOR('',#10014,1.0);
#10012=DIRECTION('',(0.8324724004155497,-0.5540665145507104,0));
#10013=DIRECTION('',(-0.0014834097052552828,0.0010733573006384712,-0.9999983236984707));
#10014=DIRECTION('',(-0.00784860381470489,0.00513773057913434,0.9999560006033545));
#10015=FACE_SURFACE('',(#10020),#10016,.T.);
#10016=PLANE('',#10017);
#10017=AXIS2_PLACEMENT_3D('',#414,#10018,#10019);
#10018=DIRECTION('',(0.45821387725598495,0.8888419631925146,-8.460563627706311E-05));
#10019=DIRECTION('',(-0.8888419663737305,0.4582138788959585,0));
#10020=FACE_BOUND('',#10021,.T.);
#10021=EDGE_LOOP('',(#10022,#10023,#10024));
#10022=ORIENTED_EDGE('',*,*,#10025,.T.);
#10023=ORIENTED_EDGE('',*,*,#10026,.T.);
#10024=ORIENTED_EDGE('',*,*,#10027,.T.);
#10025=EDGE_CURVE('',#415,#417,#10028,.F.);
#10026=EDGE_CURVE('',#417,#525,#10029,.T.);
#10027=EDGE_CURVE('',#525,#415,#10030,.T.);
#10028=LINE('',#414,#10031);
#10029=LINE('',#416,#10032);
#10030=LINE('',#524,#10033);
#10031=VECTOR('',#10034,1.0);
#10032=VECTOR('',#10035,1.0);
#10033=VECTOR('',#10036,1.0);
#10034=DIRECTION('',(-0.8888419663737305,0.4582138788959585,0));
#10035=DIRECTION('',(0.0019902570797407956,-0.0009308268684966023,0.9999975862161355));
#10036=DIRECTION('',(0.008136071994844488,-0.004289472493267052,-0.9999577014845299));
#10037=FACE_SURFACE('',(#10042),#10038,.T.);
#10038=PLANE('',#10039);
#10039=AXIS2_PLACEMENT_3D('',#524,#10040,#10041);
#10040=DIRECTION('',(0.47381077277292044,0.8806266777654409,7.753792784061686E-05));
#10041=DIRECTION('',(0.880626680412662,-0.4738107741972265,0));
#10042=FACE_BOUND('',#10043,.T.);
#10043=EDGE_LOOP('',(#10044,#10045,#10046));
#10044=ORIENTED_EDGE('',*,*,#10047,.T.);
#10045=ORIENTED_EDGE('',*,*,#10048,.T.);
#10046=ORIENTED_EDGE('',*,*,#10049,.T.);
#10047=EDGE_CURVE('',#525,#521,#10050,.F.);
#10048=EDGE_CURVE('',#521,#415,#10051,.T.);
#10049=EDGE_CURVE('',#415,#525,#10052,.T.);
#10050=LINE('',#524,#10053);
#10051=LINE('',#520,#10054);
#10052=LINE('',#414,#10055);
#10053=VECTOR('',#10056,1.0);
#10054=VECTOR('',#10057,1.0);
#10055=VECTOR('',#10058,1.0);
#10056=DIRECTION('',(0.880626680412662,-0.4738107741972265,0));
#10057=DIRECTION('',(-0.0017351142203282498,0.001021606093657398,-0.9999979728477613));
#10058=DIRECTION('',(-0.008136071994844488,0.004289472493267052,0.9999577014845299));
#10059=FACE_SURFACE('',(#10064),#10060,.T.);
#10060=PLANE('',#10061);
#10061=AXIS2_PLACEMENT_3D('',#416,#10062,#10063);
#10062=DIRECTION('',(0.3716586638195727,0.9283694466855417,-8.982555942315206E-05));
#10063=DIRECTION('',(-0.9283694504308769,0.371658665318961,0));
#10064=FACE_BOUND('',#10065,.T.);
#10065=EDGE_LOOP('',(#10066,#10067,#10068));
#10066=ORIENTED_EDGE('',*,*,#10069,.T.);
#10067=ORIENTED_EDGE('',*,*,#10070,.T.);
#10068=ORIENTED_EDGE('',*,*,#10071,.T.);
#10069=EDGE_CURVE('',#417,#421,#10072,.F.);
#10070=EDGE_CURVE('',#421,#527,#10073,.T.);
#10071=EDGE_CURVE('',#527,#417,#10074,.T.);
#10072=LINE('',#416,#10075);
#10073=LINE('',#420,#10076);
#10074=LINE('',#526,#10077);
#10075=VECTOR('',#10078,1.0);
#10076=VECTOR('',#10079,1.0);
#10077=VECTOR('',#10080,1.0);
#10078=DIRECTION('',(-0.9283694504308769,0.371658665318961,0));
#10079=DIRECTION('',(0.002241273362067543,-0.0008005038948900338,0.999997167939605));
#10080=DIRECTION('',(0.008334828596641516,-0.003433474874247684,-0.9999593701158825));
#10081=FACE_SURFACE('',(#10086),#10082,.T.);
#10082=PLANE('',#10083);
#10083=AXIS2_PLACEMENT_3D('',#526,#10084,#10085);
#10084=DIRECTION('',(0.3893367637164075,0.9210954769254509,8.250036712100735E-05));
#10085=DIRECTION('',(0.9210954800600818,-0.389336765041381,0));
#10086=FACE_BOUND('',#10087,.T.);
#10087=EDGE_LOOP('',(#10088,#10089,#10090));
#10088=ORIENTED_EDGE('',*,*,#10091,.T.);
#10089=ORIENTED_EDGE('',*,*,#10092,.T.);
#10090=ORIENTED_EDGE('',*,*,#10093,.T.);
#10091=EDGE_CURVE('',#527,#525,#10094,.F.);
#10092=EDGE_CURVE('',#525,#417,#10095,.T.);
#10093=EDGE_CURVE('',#417,#527,#10096,.T.);
#10094=LINE('',#526,#10097);
#10095=LINE('',#524,#10098);
#10096=LINE('',#416,#10099);
#10097=VECTOR('',#10100,1.0);
#10098=VECTOR('',#10101,1.0);
#10099=VECTOR('',#10102,1.0);
#10100=DIRECTION('',(0.9210954800600818,-0.389336765041381,0));
#10101=DIRECTION('',(-0.0019902570797407956,0.0009308268684966023,-0.9999975862161355));
#10102=DIRECTION('',(-0.008334828596641516,0.003433474874247684,0.9999593701158825));
#10103=FACE_SURFACE('',(#10108),#10104,.T.);
#10104=PLANE('',#10105);
#10105=AXIS2_PLACEMENT_3D('',#420,#10106,#10107);
#10106=DIRECTION('',(0,0,-1));
#10107=DIRECTION('',(-0.9988673245223926,0.04758222358693506,0));
#10108=FACE_BOUND('',#10109,.T.);
#10109=EDGE_LOOP('',(#10110,#10111,#10112));
#10110=ORIENTED_EDGE('',*,*,#10113,.T.);
#10111=ORIENTED_EDGE('',*,*,#10114,.T.);
#10112=ORIENTED_EDGE('',*,*,#10115,.T.);
#10113=EDGE_CURVE('',#421,#419,#10116,.F.);
#10114=EDGE_CURVE('',#419,#529,#10117,.T.);
#10115=EDGE_CURVE('',#529,#421,#10118,.T.);
#10116=LINE('',#420,#10119);
#10117=LINE('',#418,#10120);
#10118=LINE('',#528,#10121);
#10119=VECTOR('',#10122,1.0);
#10120=VECTOR('',#10123,1.0);
#10121=VECTOR('',#10124,1.0);
#10122=DIRECTION('',(-0.9988673245223926,0.04758222358693506,0));
#10123=DIRECTION('',(1,0,0));
#10124=DIRECTION('',(0.9594920452163368,-0.2817357186559263,0));
#10125=FACE_SURFACE('',(#10130),#10126,.T.);
#10126=PLANE('',#10127);
#10127=AXIS2_PLACEMENT_3D('',#528,#10128,#10129);
#10128=DIRECTION('',(0,0,-1));
#10129=DIRECTION('',(-1,0,0));
#10130=FACE_BOUND('',#10131,.T.);
#10131=EDGE_LOOP('',(#10132,#10133,#10134));
#10132=ORIENTED_EDGE('',*,*,#10135,.T.);
#10133=ORIENTED_EDGE('',*,*,#10136,.T.);
#10134=ORIENTED_EDGE('',*,*,#10137,.T.);
#10135=EDGE_CURVE('',#529,#419,#10138,.F.);
#10136=EDGE_CURVE('',#419,#425,#10139,.T.);
#10137=EDGE_CURVE('',#425,#529,#10140,.T.);
#10138=LINE('',#528,#10141);
#10139=LINE('',#418,#10142);
#10140=LINE('',#424,#10143);
#10141=VECTOR('',#10144,1.0);
#10142=VECTOR('',#10145,1.0);
#10143=VECTOR('',#10146,1.0);
#10144=DIRECTION('',(-1,0,0));
#10145=DIRECTION('',(0.9819282179611961,0.18925373119584682,0));
#10146=DIRECTION('',(0.9988672705526846,-0.04758335652967111,0));
#10147=FACE_SURFACE('',(#10152),#10148,.T.);
#10148=PLANE('',#10149);
#10149=AXIS2_PLACEMENT_3D('',#420,#10150,#10151);
#10150=DIRECTION('',(0.28173571739565534,0.9594920409243006,-9.458581143767361E-05));
#10151=DIRECTION('',(-0.9594920452163368,0.2817357186559263,0));
#10152=FACE_BOUND('',#10153,.T.);
#10153=EDGE_LOOP('',(#10154,#10155,#10156));
#10154=ORIENTED_EDGE('',*,*,#10157,.T.);
#10155=ORIENTED_EDGE('',*,*,#10158,.T.);
#10156=ORIENTED_EDGE('',*,*,#10159,.T.);
#10157=EDGE_CURVE('',#421,#529,#10160,.F.);
#10158=EDGE_CURVE('',#529,#531,#10161,.T.);
#10159=EDGE_CURVE('',#531,#421,#10162,.T.);
#10160=LINE('',#420,#10163);
#10161=LINE('',#528,#10164);
#10162=LINE('',#530,#10165);
#10163=VECTOR('',#10166,1.0);
#10164=VECTOR('',#10167,1.0);
#10165=VECTOR('',#10168,1.0);
#10166=DIRECTION('',(-0.9594920452163368,0.2817357186559263,0));
#10167=DIRECTION('',(0.0024840367363038454,-0.0006308091628944358,0.9999967158152534));
#10168=DIRECTION('',(0.00844693617016312,-0.0025788496815201253,-0.9999609986412756));
#10169=FACE_SURFACE('',(#10174),#10170,.T.);
#10170=PLANE('',#10171);
#10171=AXIS2_PLACEMENT_3D('',#530,#10172,#10173);
#10172=DIRECTION('',(0.30146606018201894,0.9534769042224133,8.759437333687914E-05));
#10173=DIRECTION('',(0.9534769078803198,-0.30146606133855947,0));
#10174=FACE_BOUND('',#10175,.T.);
#10175=EDGE_LOOP('',(#10176,#10177,#10178));
#10176=ORIENTED_EDGE('',*,*,#10179,.T.);
#10177=ORIENTED_EDGE('',*,*,#10180,.T.);
#10178=ORIENTED_EDGE('',*,*,#10181,.T.);
#10179=EDGE_CURVE('',#531,#527,#10182,.F.);
#10180=EDGE_CURVE('',#527,#421,#10183,.T.);
#10181=EDGE_CURVE('',#421,#531,#10184,.T.);
#10182=LINE('',#530,#10185);
#10183=LINE('',#526,#10186);
#10184=LINE('',#420,#10187);
#10185=VECTOR('',#10188,1.0);
#10186=VECTOR('',#10189,1.0);
#10187=VECTOR('',#10190,1.0);
#10188=DIRECTION('',(0.9534769078803198,-0.30146606133855947,0));
#10189=DIRECTION('',(-0.002241273362067543,0.0008005038948900338,-0.999997167939605));
#10190=DIRECTION('',(-0.00844693617016312,0.0025788496815201253,0.9999609986412756));
#10191=FACE_SURFACE('',(#10196),#10192,.T.);
#10192=PLANE('',#10193);
#10193=AXIS2_PLACEMENT_3D('',#532,#10194,#10195);
#10194=DIRECTION('',(0,0,1));
#10195=DIRECTION('',(-1,0,0));
#10196=FACE_BOUND('',#10197,.T.);
#10197=EDGE_LOOP('',(#10198,#10199,#10200));
#10198=ORIENTED_EDGE('',*,*,#10201,.T.);
#10199=ORIENTED_EDGE('',*,*,#10202,.T.);
#10200=ORIENTED_EDGE('',*,*,#10203,.T.);
#10201=EDGE_CURVE('',#533,#423,#10204,.F.);
#10202=EDGE_CURVE('',#423,#479,#10205,.T.);
#10203=EDGE_CURVE('',#479,#533,#10206,.T.);
#10204=LINE('',#532,#10207);
#10205=LINE('',#422,#10208);
#10206=LINE('',#478,#10209);
#10207=VECTOR('',#10210,1.0);
#10208=VECTOR('',#10211,1.0);
#10209=VECTOR('',#10212,1.0);
#10210=DIRECTION('',(-1,0,0));
#10211=DIRECTION('',(0.9951847973901443,-0.09801642231553576,0));
#10212=DIRECTION('',(-0.2903029153680005,0.9569348030711599,0));
#10213=FACE_SURFACE('',(#10218),#10214,.T.);
#10214=PLANE('',#10215);
#10215=AXIS2_PLACEMENT_3D('',#532,#10216,#10217);
#10216=DIRECTION('',(0,0,1));
#10217=DIRECTION('',(-0.9951842992144081,0.09802148028431042,0));
#10218=FACE_BOUND('',#10219,.T.);
#10219=EDGE_LOOP('',(#10220,#10221,#10222));
#10220=ORIENTED_EDGE('',*,*,#10223,.T.);
#10221=ORIENTED_EDGE('',*,*,#10224,.T.);
#10222=ORIENTED_EDGE('',*,*,#10225,.T.);
#10223=EDGE_CURVE('',#533,#429,#10226,.F.);
#10224=EDGE_CURVE('',#429,#423,#10227,.T.);
#10225=EDGE_CURVE('',#423,#533,#10228,.T.);
#10226=LINE('',#532,#10229);
#10227=LINE('',#428,#10230);
#10228=LINE('',#422,#10231);
#10229=VECTOR('',#10232,1.0);
#10230=VECTOR('',#10233,1.0);
#10231=VECTOR('',#10234,1.0);
#10232=DIRECTION('',(-0.9951842992144081,0.09802148028431042,0));
#10233=DIRECTION('',(-0.47137017331853115,-0.8819354623245728,0));
#10234=DIRECTION('',(1,0,0));
#10235=FACE_SURFACE('',(#10240),#10236,.T.);
#10236=PLANE('',#10237);
#10237=AXIS2_PLACEMENT_3D('',#528,#10238,#10239);
#10238=DIRECTION('',(0,0,-1));
#10239=DIRECTION('',(-0.9988672705526846,0.04758335652967111,0));
#10240=FACE_BOUND('',#10241,.T.);
#10241=EDGE_LOOP('',(#10242,#10243,#10244));
#10242=ORIENTED_EDGE('',*,*,#10245,.T.);
#10243=ORIENTED_EDGE('',*,*,#10246,.T.);
#10244=ORIENTED_EDGE('',*,*,#10247,.T.);
#10245=EDGE_CURVE('',#529,#425,#10248,.F.);
#10246=EDGE_CURVE('',#425,#535,#10249,.T.);
#10247=EDGE_CURVE('',#535,#529,#10250,.T.);
#10248=LINE('',#528,#10251);
#10249=LINE('',#424,#10252);
#10250=LINE('',#534,#10253);
#10251=VECTOR('',#10254,1.0);
#10252=VECTOR('',#10255,1.0);
#10253=VECTOR('',#10256,1.0);
#10254=DIRECTION('',(-0.9988672705526846,0.04758335652967111,0));
#10255=DIRECTION('',(1,0,0));
#10256=DIRECTION('',(0.9819282179611961,-0.18925373119584682,0));
#10257=FACE_SURFACE('',(#10262),#10258,.T.);
#10258=PLANE('',#10259);
#10259=AXIS2_PLACEMENT_3D('',#534,#10260,#10261);
#10260=DIRECTION('',(0,0,-1));
#10261=DIRECTION('',(-1,0,0));
#10262=FACE_BOUND('',#10263,.T.);
#10263=EDGE_LOOP('',(#10264,#10265,#10266));
#10264=ORIENTED_EDGE('',*,*,#10267,.T.);
#10265=ORIENTED_EDGE('',*,*,#10268,.T.);
#10266=ORIENTED_EDGE('',*,*,#10269,.T.);
#10267=EDGE_CURVE('',#535,#425,#10270,.F.);
#10268=EDGE_CURVE('',#425,#427,#10271,.T.);
#10269=EDGE_CURVE('',#427,#535,#10272,.T.);
#10270=LINE('',#534,#10273);
#10271=LINE('',#424,#10274);
#10272=LINE('',#426,#10275);
#10273=VECTOR('',#10276,1.0);
#10274=VECTOR('',#10277,1.0);
#10275=VECTOR('',#10278,1.0);
#10276=DIRECTION('',(-1,0,0));
#10277=DIRECTION('',(0.9954716345205221,0.09505905987879401,0));
#10278=DIRECTION('',(0.9988672659265462,-0.04758345364122058,0));
#10279=FACE_SURFACE('',(#10284),#10280,.T.);
#10280=PLANE('',#10281);
#10281=AXIS2_PLACEMENT_3D('',#534,#10282,#10283);
#10282=DIRECTION('',(0,0,-1));
#10283=DIRECTION('',(-0.9988672659265462,0.04758345364122058,0));
#10284=FACE_BOUND('',#10285,.T.);
#10285=EDGE_LOOP('',(#10286,#10287,#10288));
#10286=ORIENTED_EDGE('',*,*,#10289,.T.);
#10287=ORIENTED_EDGE('',*,*,#10290,.T.);
#10288=ORIENTED_EDGE('',*,*,#10291,.T.);
#10289=EDGE_CURVE('',#535,#427,#10292,.F.);
#10290=EDGE_CURVE('',#427,#433,#10293,.T.);
#10291=EDGE_CURVE('',#433,#535,#10294,.T.);
#10292=LINE('',#534,#10295);
#10293=LINE('',#426,#10296);
#10294=LINE('',#432,#10297);
#10295=VECTOR('',#10298,1.0);
#10296=VECTOR('',#10299,1.0);
#10297=VECTOR('',#10300,1.0);
#10298=DIRECTION('',(-0.9988672659265462,0.04758345364122058,0));
#10299=DIRECTION('',(1,0,0));
#10300=DIRECTION('',(0.9954716345205221,-0.09505905987879401,0));
#10301=FACE_SURFACE('',(#10306),#10302,.T.);
#10302=PLANE('',#10303);
#10303=AXIS2_PLACEMENT_3D('',#536,#10304,#10305);
#10304=DIRECTION('',(0,0,1));
#10305=DIRECTION('',(-1,0,0));
#10306=FACE_BOUND('',#10307,.T.);
#10307=EDGE_LOOP('',(#10308,#10309,#10310));
#10308=ORIENTED_EDGE('',*,*,#10311,.T.);
#10309=ORIENTED_EDGE('',*,*,#10312,.T.);
#10310=ORIENTED_EDGE('',*,*,#10313,.T.);
#10311=EDGE_CURVE('',#537,#429,#10314,.F.);
#10312=EDGE_CURVE('',#429,#533,#10315,.T.);
#10313=EDGE_CURVE('',#533,#537,#10316,.T.);
#10314=LINE('',#536,#10317);
#10315=LINE('',#428,#10318);
#10316=LINE('',#532,#10319);
#10317=VECTOR('',#10320,1.0);
#10318=VECTOR('',#10321,1.0);
#10319=VECTOR('',#10322,1.0);
#10320=DIRECTION('',(-1,0,0));
#10321=DIRECTION('',(0.9951842992144081,-0.09802148028431042,0));
#10322=DIRECTION('',(-0.47137017331853115,0.8819354623245728,0));
#10323=FACE_SURFACE('',(#10328),#10324,.T.);
#10324=PLANE('',#10325);
#10325=AXIS2_PLACEMENT_3D('',#536,#10326,#10327);
#10326=DIRECTION('',(0,0,1));
#10327=DIRECTION('',(-0.9951850012270339,0.09801435268749432,0));
#10328=FACE_BOUND('',#10329,.T.);
#10329=EDGE_LOOP('',(#10330,#10331,#10332));
#10330=ORIENTED_EDGE('',*,*,#10333,.T.);
#10331=ORIENTED_EDGE('',*,*,#10334,.T.);
#10332=ORIENTED_EDGE('',*,*,#10335,.T.);
#10333=EDGE_CURVE('',#537,#437,#10336,.F.);
#10334=EDGE_CURVE('',#437,#429,#10337,.T.);
#10335=EDGE_CURVE('',#429,#537,#10338,.T.);
#10336=LINE('',#536,#10339);
#10337=LINE('',#436,#10340);
#10338=LINE('',#428,#10341);
#10339=VECTOR('',#10342,1.0);
#10340=VECTOR('',#10343,1.0);
#10341=VECTOR('',#10344,1.0);
#10342=DIRECTION('',(-0.9951850012270339,0.09801435268749432,0));
#10343=DIRECTION('',(-0.6344120312142322,-0.772995067675488,0));
#10344=DIRECTION('',(1,0,0));
#10345=FACE_SURFACE('',(#10350),#10346,.T.);
#10346=PLANE('',#10347);
#10347=AXIS2_PLACEMENT_3D('',#430,#10348,#10349);
#10348=DIRECTION('',(0.0838121527825022,0.7015772913290914,0.7076473891263203));
#10349=DIRECTION('',(0.5047530692728049,-0.6421913265200373,0.5769008920101595));
#10350=FACE_BOUND('',#10351,.T.);
#10351=EDGE_LOOP('',(#10352,#10353,#10354));
#10352=ORIENTED_EDGE('',*,*,#10355,.T.);
#10353=ORIENTED_EDGE('',*,*,#10356,.T.);
#10354=ORIENTED_EDGE('',*,*,#10357,.T.);
#10355=EDGE_CURVE('',#431,#435,#10358,.F.);
#10356=EDGE_CURVE('',#435,#539,#10359,.T.);
#10357=EDGE_CURVE('',#539,#431,#10360,.T.);
#10358=LINE('',#430,#10361);
#10359=LINE('',#434,#10362);
#10360=LINE('',#538,#10363);
#10361=VECTOR('',#10364,1.0);
#10362=VECTOR('',#10365,1.0);
#10363=VECTOR('',#10366,1.0);
#10364=DIRECTION('',(0.5047530692728049,-0.6421913265200373,0.5769008920101595));
#10365=DIRECTION('',(0.07978120065431325,0.7031419088477914,-0.7065595629839289));
#10366=DIRECTION('',(-0.9929398386212498,0.11861904096226052,0));
#10367=FACE_SURFACE('',(#10372),#10368,.T.);
#10368=PLANE('',#10369);
#10369=AXIS2_PLACEMENT_3D('',#430,#10370,#10371);
#10370=DIRECTION('',(0.11861904040380494,0.992939833946513,9.703582656578142E-05));
#10371=DIRECTION('',(0.9929398386212498,-0.11861904096226052,0));
#10372=FACE_BOUND('',#10373,.T.);
#10373=EDGE_LOOP('',(#10374,#10375,#10376));
#10374=ORIENTED_EDGE('',*,*,#10377,.T.);
#10375=ORIENTED_EDGE('',*,*,#10378,.T.);
#10376=ORIENTED_EDGE('',*,*,#10379,.T.);
#10377=EDGE_CURVE('',#431,#539,#10380,.F.);
#10378=EDGE_CURVE('',#539,#535,#10381,.T.);
#10379=EDGE_CURVE('',#535,#431,#10382,.T.);
#10380=LINE('',#430,#10383);
#10381=LINE('',#538,#10384);
#10382=LINE('',#534,#10385);
#10383=VECTOR('',#10386,1.0);
#10384=VECTOR('',#10387,1.0);
#10385=VECTOR('',#10388,1.0);
#10386=DIRECTION('',(0.9929398386212498,-0.11861904096226052,0));
#10387=DIRECTION('',(-0.00271373316385364,0.00042191467207912023,-0.9999962288130515));
#10388=DIRECTION('',(-0.0084167043344,0.0009077579640009804,0.9999641668898073));
#10389=FACE_SURFACE('',(#10394),#10390,.T.);
#10390=PLANE('',#10391);
#10391=AXIS2_PLACEMENT_3D('',#534,#10392,#10393);
#10392=DIRECTION('',(0.09505905936898627,0.9954716291817448,-0.00010356701344003091));
#10393=DIRECTION('',(-0.9954716345205221,0.09505905987879401,0));
#10394=FACE_BOUND('',#10395,.T.);
#10395=EDGE_LOOP('',(#10396,#10397,#10398));
#10396=ORIENTED_EDGE('',*,*,#10399,.T.);
#10397=ORIENTED_EDGE('',*,*,#10400,.T.);
#10398=ORIENTED_EDGE('',*,*,#10401,.T.);
#10399=EDGE_CURVE('',#535,#433,#10402,.F.);
#10400=EDGE_CURVE('',#433,#431,#10403,.T.);
#10401=EDGE_CURVE('',#431,#535,#10404,.T.);
#10402=LINE('',#534,#10405);
#10403=LINE('',#432,#10406);
#10404=LINE('',#430,#10407);
#10405=VECTOR('',#10408,1.0);
#10406=VECTOR('',#10409,1.0);
#10407=VECTOR('',#10410,1.0);
#10408=DIRECTION('',(-0.9954716345205221,0.09505905987879401,0));
#10409=DIRECTION('',(0.0029241731924853622,-0.00017519593621487443,0.9999957092495568));
#10410=DIRECTION('',(0.0084167043344,-0.0009077579640009804,-0.9999641668898073));
#10411=FACE_SURFACE('',(#10416),#10412,.T.);
#10412=PLANE('',#10413);
#10413=AXIS2_PLACEMENT_3D('',#530,#10414,#10415);
#10414=DIRECTION('',(0.14944227214181452,0.6923709572653477,0.705896213924227));
#10415=DIRECTION('',(-0.9774897948806641,0.2109827028553696,0));
#10416=FACE_BOUND('',#10417,.T.);
#10417=EDGE_LOOP('',(#10418,#10419,#10420));
#10418=ORIENTED_EDGE('',*,*,#10421,.T.);
#10419=ORIENTED_EDGE('',*,*,#10422,.T.);
#10420=ORIENTED_EDGE('',*,*,#10423,.T.);
#10421=EDGE_CURVE('',#531,#539,#10424,.F.);
#10422=EDGE_CURVE('',#539,#435,#10425,.T.);
#10423=EDGE_CURVE('',#435,#531,#10426,.T.);
#10424=LINE('',#530,#10427);
#10425=LINE('',#538,#10428);
#10426=LINE('',#434,#10429);
#10427=VECTOR('',#10430,1.0);
#10428=VECTOR('',#10431,1.0);
#10429=VECTOR('',#10432,1.0);
#10430=DIRECTION('',(-0.9774897948806641,0.2109827028553696,0));
#10431=DIRECTION('',(-0.07978120065431325,-0.7031419088477914,0.7065595629839289));
#10432=DIRECTION('',(0.6492576235340612,0.4697287448677585,-0.5981801104415487));
#10433=FACE_SURFACE('',(#10438),#10434,.T.);
#10434=PLANE('',#10435);
#10435=AXIS2_PLACEMENT_3D('',#450,#10436,#10437);
#10436=DIRECTION('',(0.15481772538701077,0.6884021481672448,0.7086141081750453));
#10437=DIRECTION('',(0.10355762555427914,0.702002865753852,-0.7046047080902448));
#10438=FACE_BOUND('',#10439,.T.);
#10439=EDGE_LOOP('',(#10440,#10441,#10442));
#10440=ORIENTED_EDGE('',*,*,#10443,.T.);
#10441=ORIENTED_EDGE('',*,*,#10444,.T.);
#10442=ORIENTED_EDGE('',*,*,#10445,.T.);
#10443=EDGE_CURVE('',#451,#531,#10446,.F.);
#10444=EDGE_CURVE('',#531,#435,#10447,.T.);
#10445=EDGE_CURVE('',#435,#451,#10448,.T.);
#10446=LINE('',#450,#10449);
#10447=LINE('',#530,#10450);
#10448=LINE('',#434,#10451);
#10449=VECTOR('',#10452,1.0);
#10450=VECTOR('',#10453,1.0);
#10451=VECTOR('',#10454,1.0);
#10452=DIRECTION('',(0.10355762555427914,0.702002865753852,-0.7046047080902448));
#10453=DIRECTION('',(-0.6492576235340612,-0.4697287448677585,0.5981801104415487));
#10454=DIRECTION('',(0.9756318342074428,-0.21941404713696164,0));
#10455=FACE_SURFACE('',(#10460),#10456,.T.);
#10456=PLANE('',#10457);
#10457=AXIS2_PLACEMENT_3D('',#540,#10458,#10459);
#10458=DIRECTION('',(0,0,1));
#10459=DIRECTION('',(-1,0,0));
#10460=FACE_BOUND('',#10461,.T.);
#10461=EDGE_LOOP('',(#10462,#10463,#10464));
#10462=ORIENTED_EDGE('',*,*,#10465,.T.);
#10463=ORIENTED_EDGE('',*,*,#10466,.T.);
#10464=ORIENTED_EDGE('',*,*,#10467,.T.);
#10465=EDGE_CURVE('',#541,#437,#10468,.F.);
#10466=EDGE_CURVE('',#437,#537,#10469,.T.);
#10467=EDGE_CURVE('',#537,#541,#10470,.T.);
#10468=LINE('',#540,#10471);
#10469=LINE('',#436,#10472);
#10470=LINE('',#536,#10473);
#10471=VECTOR('',#10474,1.0);
#10472=VECTOR('',#10475,1.0);
#10473=VECTOR('',#10476,1.0);
#10474=DIRECTION('',(-1,0,0));
#10475=DIRECTION('',(0.9951850012270339,-0.09801435268749432,0));
#10476=DIRECTION('',(-0.6344120312142322,0.772995067675488,0));
#10477=FACE_SURFACE('',(#10482),#10478,.T.);
#10478=PLANE('',#10479);
#10479=AXIS2_PLACEMENT_3D('',#540,#10480,#10481);
#10480=DIRECTION('',(0,0,1));
#10481=DIRECTION('',(-0.9951849648395562,0.09801472214566194,0));
#10482=FACE_BOUND('',#10483,.T.);
#10483=EDGE_LOOP('',(#10484,#10485,#10486));
#10484=ORIENTED_EDGE('',*,*,#10487,.T.);
#10485=ORIENTED_EDGE('',*,*,#10488,.T.);
#10486=ORIENTED_EDGE('',*,*,#10489,.T.);
#10487=EDGE_CURVE('',#541,#471,#10490,.F.);
#10488=EDGE_CURVE('',#471,#437,#10491,.T.);
#10489=EDGE_CURVE('',#437,#541,#10492,.T.);
#10490=LINE('',#540,#10493);
#10491=LINE('',#470,#10494);
#10492=LINE('',#436,#10495);
#10493=VECTOR('',#10496,1.0);
#10494=VECTOR('',#10497,1.0);
#10495=VECTOR('',#10498,1.0);
#10496=DIRECTION('',(-0.9951849648395562,0.09801472214566194,0));
#10497=DIRECTION('',(-0.7730228667384983,-0.63437815811974,0));
#10498=DIRECTION('',(1,0,0));
#10499=FACE_SURFACE('',(#10504),#10500,.T.);
#10500=PLANE('',#10501);
#10501=AXIS2_PLACEMENT_3D('',#542,#10502,#10503);
#10502=DIRECTION('',(-0.20440305906842687,-0.6738745493432552,0.7100087895166467));
#10503=DIRECTION('',(-0.06601536587633385,0.7331609524710674,0.6768434008246894));
#10504=FACE_BOUND('',#10505,.T.);
#10505=EDGE_LOOP('',(#10506,#10507,#10508));
#10506=ORIENTED_EDGE('',*,*,#10509,.T.);
#10507=ORIENTED_EDGE('',*,*,#10510,.T.);
#10508=ORIENTED_EDGE('',*,*,#10511,.T.);
#10509=EDGE_CURVE('',#543,#441,#10512,.F.);
#10510=EDGE_CURVE('',#441,#439,#10513,.T.);
#10511=EDGE_CURVE('',#439,#543,#10514,.T.);
#10512=LINE('',#542,#10515);
#10513=LINE('',#440,#10516);
#10514=LINE('',#438,#10517);
#10515=VECTOR('',#10518,1.0);
#10516=VECTOR('',#10519,1.0);
#10517=VECTOR('',#10520,1.0);
#10518=DIRECTION('',(-0.06601536587633385,0.7331609524710674,0.6768434008246894));
#10519=DIRECTION('',(-0.26114079686384983,-0.6614980438467862,-0.7030119644786914));
#10520=DIRECTION('',(0.9569460753819728,-0.2902657554914801,0));
#10521=FACE_SURFACE('',(#10526),#10522,.T.);
#10522=PLANE('',#10523);
#10523=AXIS2_PLACEMENT_3D('',#438,#10524,#10525);
#10524=DIRECTION('',(-0.2902657554914801,-0.9569460753819728,0));
#10525=DIRECTION('',(0.019537349400477376,-0.005926168286720802,-0.9997915645312483));
#10526=FACE_BOUND('',#10527,.T.);
#10527=EDGE_LOOP('',(#10528,#10529,#10530));
#10528=ORIENTED_EDGE('',*,*,#10531,.T.);
#10529=ORIENTED_EDGE('',*,*,#10532,.T.);
#10530=ORIENTED_EDGE('',*,*,#10533,.T.);
#10531=EDGE_CURVE('',#439,#545,#10534,.F.);
#10532=EDGE_CURVE('',#545,#543,#10535,.T.);
#10533=EDGE_CURVE('',#543,#439,#10536,.T.);
#10534=LINE('',#438,#10537);
#10535=LINE('',#544,#10538);
#10536=LINE('',#542,#10539);
#10537=VECTOR('',#10540,1.0);
#10538=VECTOR('',#10541,1.0);
#10539=VECTOR('',#10542,1.0);
#10540=DIRECTION('',(0.019537349400477376,-0.005926168286720802,-0.9997915645312483));
#10541=DIRECTION('',(0,0,1));
#10542=DIRECTION('',(-0.9569460753819728,0.2902657554914801,0));
#10543=FACE_SURFACE('',(#10548),#10544,.T.);
#10544=PLANE('',#10545);
#10545=AXIS2_PLACEMENT_3D('',#438,#10546,#10547);
#10546=DIRECTION('',(-0.2902657554914801,-0.9569460753819728,-0));
#10547=DIRECTION('',(0,0,-1));
#10548=FACE_BOUND('',#10549,.T.);
#10549=EDGE_LOOP('',(#10550,#10551,#10552));
#10550=ORIENTED_EDGE('',*,*,#10553,.T.);
#10551=ORIENTED_EDGE('',*,*,#10554,.T.);
#10552=ORIENTED_EDGE('',*,*,#10555,.T.);
#10553=EDGE_CURVE('',#439,#467,#10556,.F.);
#10554=EDGE_CURVE('',#467,#545,#10557,.T.);
#10555=EDGE_CURVE('',#545,#439,#10558,.T.);
#10556=LINE('',#438,#10559);
#10557=LINE('',#466,#10560);
#10558=LINE('',#544,#10561);
#10559=VECTOR('',#10562,1.0);
#10560=VECTOR('',#10563,1.0);
#10561=VECTOR('',#10564,1.0);
#10562=DIRECTION('',(0,0,-1));
#10563=DIRECTION('',(0.9569460753819728,-0.2902657554914801,0));
#10564=DIRECTION('',(-0.019537349400477376,0.005926168286720802,0.9997915645312483));
#10565=FACE_SURFACE('',(#10570),#10566,.T.);
#10566=PLANE('',#10567);
#10567=AXIS2_PLACEMENT_3D('',#546,#10568,#10569);
#10568=DIRECTION('',(-0.23041740911226438,-0.6711906839533905,0.7045643216571296));
#10569=DIRECTION('',(-0.9458183858060222,0.3246961365204253,0));
#10570=FACE_BOUND('',#10571,.T.);
#10571=EDGE_LOOP('',(#10572,#10573,#10574));
#10572=ORIENTED_EDGE('',*,*,#10575,.T.);
#10573=ORIENTED_EDGE('',*,*,#10576,.T.);
#10574=ORIENTED_EDGE('',*,*,#10577,.T.);
#10575=EDGE_CURVE('',#547,#441,#10578,.F.);
#10576=EDGE_CURVE('',#441,#543,#10579,.T.);
#10577=EDGE_CURVE('',#543,#547,#10580,.T.);
#10578=LINE('',#546,#10581);
#10579=LINE('',#440,#10582);
#10580=LINE('',#542,#10583);
#10581=VECTOR('',#10584,1.0);
#10582=VECTOR('',#10585,1.0);
#10583=VECTOR('',#10586,1.0);
#10584=DIRECTION('',(-0.9458183858060222,0.3246961365204253,0));
#10585=DIRECTION('',(0.06601536587633385,-0.7331609524710674,-0.6768434008246894));
#10586=DIRECTION('',(0.3173496966815023,0.6326297214281252,0.7064480204388226));
#10587=FACE_SURFACE('',(#10592),#10588,.T.);
#10588=PLANE('',#10589);
#10589=AXIS2_PLACEMENT_3D('',#442,#10590,#10591);
#10590=DIRECTION('',(0,0,1));
#10591=DIRECTION('',(-0.9978354607934692,0.06576011848441951,0));
#10592=FACE_BOUND('',#10593,.T.);
#10593=EDGE_LOOP('',(#10594,#10595,#10596));
#10594=ORIENTED_EDGE('',*,*,#10597,.T.);
#10595=ORIENTED_EDGE('',*,*,#10598,.T.);
#10596=ORIENTED_EDGE('',*,*,#10599,.T.);
#10597=EDGE_CURVE('',#443,#441,#10600,.F.);
#10598=EDGE_CURVE('',#441,#547,#10601,.T.);
#10599=EDGE_CURVE('',#547,#443,#10602,.T.);
#10600=LINE('',#442,#10603);
#10601=LINE('',#440,#10604);
#10602=LINE('',#546,#10605);
#10603=VECTOR('',#10606,1.0);
#10604=VECTOR('',#10607,1.0);
#10605=VECTOR('',#10608,1.0);
#10606=DIRECTION('',(-0.9978354607934692,0.06576011848441951,0));
#10607=DIRECTION('',(0.9458183858060222,-0.3246961365204253,0));
#10608=DIRECTION('',(0.9989237726556022,-0.04638207006483157,0));
#10609=FACE_SURFACE('',(#10614),#10610,.T.);
#10610=PLANE('',#10611);
#10611=AXIS2_PLACEMENT_3D('',#548,#10612,#10613);
#10612=DIRECTION('',(0.6720859069043731,0.22859783410332613,0.704303602137455));
#10613=DIRECTION('',(-0.322014637396198,0.9467346900280961,0));
#10614=FACE_BOUND('',#10615,.T.);
#10615=EDGE_LOOP('',(#10616,#10617,#10618));
#10616=ORIENTED_EDGE('',*,*,#10619,.T.);
#10617=ORIENTED_EDGE('',*,*,#10620,.T.);
#10618=ORIENTED_EDGE('',*,*,#10621,.T.);
#10619=EDGE_CURVE('',#549,#551,#10622,.F.);
#10620=EDGE_CURVE('',#551,#443,#10623,.T.);
#10621=EDGE_CURVE('',#443,#549,#10624,.T.);
#10622=LINE('',#548,#10625);
#10623=LINE('',#550,#10626);
#10624=LINE('',#442,#10627);
#10625=VECTOR('',#10628,1.0);
#10626=VECTOR('',#10629,1.0);
#10627=VECTOR('',#10630,1.0);
#10628=DIRECTION('',(-0.322014637396198,0.9467346900280961,0));
#10629=DIRECTION('',(-0.43184227947807213,-0.6516456607565726,0.623594562574364));
#10630=DIRECTION('',(0.7097577193621167,0.07222677605138744,-0.7007333819842676));
#10631=FACE_SURFACE('',(#10636),#10632,.T.);
#10632=PLANE('',#10633);
#10633=AXIS2_PLACEMENT_3D('',#442,#10634,#10635);
#10634=DIRECTION('',(0.6613559432878344,0.24133784616076479,0.7101861448158094));
#10635=DIRECTION('',(0.43184227947807213,0.6516456607565726,-0.623594562574364));
#10636=FACE_BOUND('',#10637,.T.);
#10637=EDGE_LOOP('',(#10638,#10639,#10640));
#10638=ORIENTED_EDGE('',*,*,#10641,.T.);
#10639=ORIENTED_EDGE('',*,*,#10642,.T.);
#10640=ORIENTED_EDGE('',*,*,#10643,.T.);
#10641=EDGE_CURVE('',#443,#551,#10644,.F.);
#10642=EDGE_CURVE('',#551,#445,#10645,.T.);
#10643=EDGE_CURVE('',#445,#443,#10646,.T.);
#10644=LINE('',#442,#10647);
#10645=LINE('',#550,#10648);
#10646=LINE('',#444,#10649);
#10647=VECTOR('',#10650,1.0);
#10648=VECTOR('',#10651,1.0);
#10649=VECTOR('',#10652,1.0);
#10650=DIRECTION('',(0.43184227947807213,0.6516456607565726,-0.623594562574364));
#10651=DIRECTION('',(-0.7113606223884646,-0.09843433498837276,0.6958999544550158));
#10652=DIRECTION('',(0.3428026485382634,-0.939407443101848,0));
#10653=FACE_SURFACE('',(#10658),#10654,.T.);
#10654=PLANE('',#10655);
#10655=AXIS2_PLACEMENT_3D('',#552,#10656,#10657);
#10656=DIRECTION('',(0.682773647870787,0.174307109580046,0.7095330699291389));
#10657=DIRECTION('',(0.4741100276567924,0.6331984558549308,-0.6117837830297619));
#10658=FACE_BOUND('',#10659,.T.);
#10659=EDGE_LOOP('',(#10660,#10661,#10662));
#10660=ORIENTED_EDGE('',*,*,#10663,.T.);
#10661=ORIENTED_EDGE('',*,*,#10664,.T.);
#10662=ORIENTED_EDGE('',*,*,#10665,.T.);
#10663=EDGE_CURVE('',#553,#549,#10666,.F.);
#10664=EDGE_CURVE('',#549,#443,#10667,.T.);
#10665=EDGE_CURVE('',#443,#553,#10668,.T.);
#10666=LINE('',#552,#10669);
#10667=LINE('',#548,#10670);
#10668=LINE('',#442,#10671);
#10669=VECTOR('',#10672,1.0);
#10670=VECTOR('',#10673,1.0);
#10671=VECTOR('',#10674,1.0);
#10672=DIRECTION('',(0.4741100276567924,0.6331984558549308,-0.6117837830297619));
#10673=DIRECTION('',(-0.7097577193621167,-0.07222677605138744,0.7007333819842676));
#10674=DIRECTION('',(0.24735916190592167,-0.9689238592485996,0));
#10675=FACE_SURFACE('',(#10680),#10676,.T.);
#10676=PLANE('',#10677);
#10677=AXIS2_PLACEMENT_3D('',#442,#10678,#10679);
#10678=DIRECTION('',(0,0,1));
#10679=DIRECTION('',(-0.9992270650044107,-0.03930995500723851,0));
#10680=FACE_BOUND('',#10681,.T.);
#10681=EDGE_LOOP('',(#10682,#10683,#10684));
#10682=ORIENTED_EDGE('',*,*,#10685,.T.);
#10683=ORIENTED_EDGE('',*,*,#10686,.T.);
#10684=ORIENTED_EDGE('',*,*,#10687,.T.);
#10685=EDGE_CURVE('',#443,#555,#10688,.F.);
#10686=EDGE_CURVE('',#555,#553,#10689,.T.);
#10687=EDGE_CURVE('',#553,#443,#10690,.T.);
#10688=LINE('',#442,#10691);
#10689=LINE('',#554,#10692);
#10690=LINE('',#552,#10693);
#10691=VECTOR('',#10694,1.0);
#10692=VECTOR('',#10695,1.0);
#10693=VECTOR('',#10696,1.0);
#10694=DIRECTION('',(-0.9992270650044107,-0.03930995500723851,0));
#10695=DIRECTION('',(0.9956171932879043,-0.09352221356188976,0));
#10696=DIRECTION('',(-0.24735916190592167,0.9689238592485996,0));
#10697=FACE_SURFACE('',(#10702),#10698,.T.);
#10698=PLANE('',#10699);
#10699=AXIS2_PLACEMENT_3D('',#442,#10700,#10701);
#10700=DIRECTION('',(0,0,1));
#10701=DIRECTION('',(-0.999929335769766,0.011887954703590912,0));
#10702=FACE_BOUND('',#10703,.T.);
#10703=EDGE_LOOP('',(#10704,#10705,#10706));
#10704=ORIENTED_EDGE('',*,*,#10707,.T.);
#10705=ORIENTED_EDGE('',*,*,#10708,.T.);
#10706=ORIENTED_EDGE('',*,*,#10709,.T.);
#10707=EDGE_CURVE('',#443,#557,#10710,.F.);
#10708=EDGE_CURVE('',#557,#555,#10711,.T.);
#10709=EDGE_CURVE('',#555,#443,#10712,.T.);
#10710=LINE('',#442,#10713);
#10711=LINE('',#556,#10714);
#10712=LINE('',#554,#10715);
#10713=VECTOR('',#10716,1.0);
#10714=VECTOR('',#10717,1.0);
#10715=VECTOR('',#10718,1.0);
#10716=DIRECTION('',(-0.999929335769766,0.011887954703590912,0));
#10717=DIRECTION('',(0.7891403917788838,-0.6142128638046176,0));
#10718=DIRECTION('',(0.9992270650044107,0.03930995500723851,0));
#10719=FACE_SURFACE('',(#10724),#10720,.T.);
#10720=PLANE('',#10721);
#10721=AXIS2_PLACEMENT_3D('',#442,#10722,#10723);
#10722=DIRECTION('',(0,0,1));
#10723=DIRECTION('',(-0.9989237726556022,0.04638207006483157,0));
#10724=FACE_BOUND('',#10725,.T.);
#10725=EDGE_LOOP('',(#10726,#10727,#10728));
#10726=ORIENTED_EDGE('',*,*,#10729,.T.);
#10727=ORIENTED_EDGE('',*,*,#10730,.T.);
#10728=ORIENTED_EDGE('',*,*,#10731,.T.);
#10729=EDGE_CURVE('',#443,#547,#10732,.F.);
#10730=EDGE_CURVE('',#547,#557,#10733,.T.);
#10731=EDGE_CURVE('',#557,#443,#10734,.T.);
#10732=LINE('',#442,#10735);
#10733=LINE('',#546,#10736);
#10734=LINE('',#556,#10737);
#10735=VECTOR('',#10738,1.0);
#10736=VECTOR('',#10739,1.0);
#10737=VECTOR('',#10740,1.0);
#10738=DIRECTION('',(-0.9989237726556022,0.04638207006483157,0));
#10739=DIRECTION('',(0.8794706304463946,-0.4759531596514736,0));
#10740=DIRECTION('',(0.999929335769766,-0.011887954703590912,0));
#10741=FACE_SURFACE('',(#10746),#10742,.T.);
#10742=PLANE('',#10743);
#10743=AXIS2_PLACEMENT_3D('',#550,#10744,#10745);
#10744=DIRECTION('',(0.648250058567736,0.290663235996116,0.7037661151314356));
#10745=DIRECTION('',(-0.40913605095110217,0.9124733923858477,0));
#10746=FACE_BOUND('',#10747,.T.);
#10747=EDGE_LOOP('',(#10748,#10749,#10750));
#10748=ORIENTED_EDGE('',*,*,#10751,.T.);
#10749=ORIENTED_EDGE('',*,*,#10752,.T.);
#10750=ORIENTED_EDGE('',*,*,#10753,.T.);
#10751=EDGE_CURVE('',#551,#559,#10754,.F.);
#10752=EDGE_CURVE('',#559,#445,#10755,.T.);
#10753=EDGE_CURVE('',#445,#551,#10756,.T.);
#10754=LINE('',#550,#10757);
#10755=LINE('',#558,#10758);
#10756=LINE('',#444,#10759);
#10757=VECTOR('',#10760,1.0);
#10758=VECTOR('',#10761,1.0);
#10759=VECTOR('',#10762,1.0);
#10760=DIRECTION('',(-0.40913605095110217,0.9124733923858477,0));
#10761=DIRECTION('',(-0.3906846883018424,-0.6663617895224698,0.6350806561303092));
#10762=DIRECTION('',(0.7113606223884646,0.09843433498837276,-0.6958999544550158));
#10763=FACE_SURFACE('',(#10768),#10764,.T.);
#10764=PLANE('',#10765);
#10765=AXIS2_PLACEMENT_3D('',#444,#10766,#10767);
#10766=DIRECTION('',(0.6335144979468428,0.30590309120218223,0.7106916910194668));
#10767=DIRECTION('',(0.3906846883018424,0.6663617895224698,-0.6350806561303092));
#10768=FACE_BOUND('',#10769,.T.);
#10769=EDGE_LOOP('',(#10770,#10771,#10772));
#10770=ORIENTED_EDGE('',*,*,#10773,.T.);
#10771=ORIENTED_EDGE('',*,*,#10774,.T.);
#10772=ORIENTED_EDGE('',*,*,#10775,.T.);
#10773=EDGE_CURVE('',#445,#559,#10776,.F.);
#10774=EDGE_CURVE('',#559,#447,#10777,.T.);
#10775=EDGE_CURVE('',#447,#445,#10778,.T.);
#10776=LINE('',#444,#10779);
#10777=LINE('',#558,#10780);
#10778=LINE('',#446,#10781);
#10779=VECTOR('',#10782,1.0);
#10780=VECTOR('',#10783,1.0);
#10781=VECTOR('',#10784,1.0);
#10782=DIRECTION('',(0.3906846883018424,0.6663617895224698,-0.6350806561303092));
#10783=DIRECTION('',(-0.7128613250436148,-0.12634331233386256,0.6898304854713003));
#10784=DIRECTION('',(0.43482803730520897,-0.9005135079349448,0));
#10785=FACE_SURFACE('',(#10790),#10786,.T.);
#10786=PLANE('',#10787);
#10787=AXIS2_PLACEMENT_3D('',#558,#10788,#10789);
#10788=DIRECTION('',(0.6185657421288867,0.35022658759096104,0.7033617561461034));
#10789=DIRECTION('',(-0.4926994708209981,0.8701995354243235,0));
#10790=FACE_BOUND('',#10791,.T.);
#10791=EDGE_LOOP('',(#10792,#10793,#10794));
#10792=ORIENTED_EDGE('',*,*,#10795,.T.);
#10793=ORIENTED_EDGE('',*,*,#10796,.T.);
#10794=ORIENTED_EDGE('',*,*,#10797,.T.);
#10795=EDGE_CURVE('',#559,#561,#10798,.F.);
#10796=EDGE_CURVE('',#561,#447,#10799,.T.);
#10797=EDGE_CURVE('',#447,#559,#10800,.T.);
#10798=LINE('',#558,#10801);
#10799=LINE('',#560,#10802);
#10800=LINE('',#446,#10803);
#10801=VECTOR('',#10804,1.0);
#10802=VECTOR('',#10805,1.0);
#10803=VECTOR('',#10806,1.0);
#10804=DIRECTION('',(-0.4926994708209981,0.8701995354243235,0));
#10805=DIRECTION('',(-0.35099001310282085,-0.6777262219294355,0.6461371207501817));
#10806=DIRECTION('',(0.7128613250436148,0.12634331233386256,-0.6898304854713003));
#10807=FACE_SURFACE('',(#10812),#10808,.T.);
#10808=PLANE('',#10809);
#10809=AXIS2_PLACEMENT_3D('',#446,#10810,#10811);
#10810=DIRECTION('',(0.5994918938218252,0.36743879170293664,0.7110542901873298));
#10811=DIRECTION('',(0.35099001310282085,0.6777262219294355,-0.6461371207501817));
#10812=FACE_BOUND('',#10813,.T.);
#10813=EDGE_LOOP('',(#10814,#10815,#10816));
#10814=ORIENTED_EDGE('',*,*,#10817,.T.);
#10815=ORIENTED_EDGE('',*,*,#10818,.T.);
#10816=ORIENTED_EDGE('',*,*,#10819,.T.);
#10817=EDGE_CURVE('',#447,#561,#10820,.F.);
#10818=EDGE_CURVE('',#561,#449,#10821,.T.);
#10819=EDGE_CURVE('',#449,#447,#10822,.T.);
#10820=LINE('',#446,#10823);
#10821=LINE('',#560,#10824);
#10822=LINE('',#448,#10825);
#10823=VECTOR('',#10826,1.0);
#10824=VECTOR('',#10827,1.0);
#10825=VECTOR('',#10828,1.0);
#10826=DIRECTION('',(0.35099001310282085,0.6777262219294355,-0.6461371207501817));
#10827=DIRECTION('',(-0.713896021009518,-0.15620511565625533,0.6826070853936353));
#10828=DIRECTION('',(0.5225706140741412,-0.8525960082631018,0));
#10829=FACE_SURFACE('',(#10834),#10830,.T.);
#10830=PLANE('',#10831);
#10831=AXIS2_PLACEMENT_3D('',#560,#10832,#10833);
#10832=DIRECTION('',(0.5832970722826935,0.40670694823809367,0.7031031103055191));
#10833=DIRECTION('',(-0.5719503064321961,0.8202882706537483,0));
#10834=FACE_BOUND('',#10835,.T.);
#10835=EDGE_LOOP('',(#10836,#10837,#10838));
#10836=ORIENTED_EDGE('',*,*,#10839,.T.);
#10837=ORIENTED_EDGE('',*,*,#10840,.T.);
#10838=ORIENTED_EDGE('',*,*,#10841,.T.);
#10839=EDGE_CURVE('',#561,#563,#10842,.F.);
#10840=EDGE_CURVE('',#563,#449,#10843,.T.);
#10841=EDGE_CURVE('',#449,#561,#10844,.T.);
#10842=LINE('',#560,#10845);
#10843=LINE('',#562,#10846);
#10844=LINE('',#448,#10847);
#10845=VECTOR('',#10848,1.0);
#10846=VECTOR('',#10849,1.0);
#10847=VECTOR('',#10850,1.0);
#10848=DIRECTION('',(-0.5719503064321961,0.8202882706537483,0));
#10849=DIRECTION('',(-0.31309030436900814,-0.6861475017119191,0.6566399829469828));
#10850=DIRECTION('',(0.713896021009518,0.15620511565625533,-0.6826070853936353));
#10851=FACE_SURFACE('',(#10856),#10852,.T.);
#10852=PLANE('',#10853);
#10853=AXIS2_PLACEMENT_3D('',#448,#10854,#10855);
#10854=DIRECTION('',(0.5597032592346456,0.4252700888920318,0.7112507385555944));
#10855=DIRECTION('',(0.31309030436900814,0.6861475017119191,-0.6566399829469828));
#10856=FACE_BOUND('',#10857,.T.);
#10857=EDGE_LOOP('',(#10858,#10859,#10860));
#10858=ORIENTED_EDGE('',*,*,#10861,.T.);
#10859=ORIENTED_EDGE('',*,*,#10862,.T.);
#10860=ORIENTED_EDGE('',*,*,#10863,.T.);
#10861=EDGE_CURVE('',#449,#563,#10864,.F.);
#10862=EDGE_CURVE('',#563,#453,#10865,.T.);
#10863=EDGE_CURVE('',#453,#449,#10866,.T.);
#10864=LINE('',#448,#10867);
#10865=LINE('',#562,#10868);
#10866=LINE('',#452,#10869);
#10867=VECTOR('',#10870,1.0);
#10868=VECTOR('',#10871,1.0);
#10869=VECTOR('',#10872,1.0);
#10870=DIRECTION('',(0.31309030436900814,0.6861475017119191,-0.6566399829469828));
#10871=DIRECTION('',(-0.7139591294186174,-0.18826581540377063,0.6744022125335617));
#10872=DIRECTION('',(0.60498913137953,-0.7962337288212812,0));
#10873=FACE_SURFACE('',(#10878),#10874,.T.);
#10874=PLANE('',#10875);
#10875=AXIS2_PLACEMENT_3D('',#526,#10876,#10877);
#10876=DIRECTION('',(0.21378100867761898,0.6761466090491564,0.7050698145574713));
#10877=DIRECTION('',(-0.9534769078803198,0.30146606133855947,0));
#10878=FACE_BOUND('',#10879,.T.);
#10879=EDGE_LOOP('',(#10880,#10881,#10882));
#10880=ORIENTED_EDGE('',*,*,#10883,.T.);
#10881=ORIENTED_EDGE('',*,*,#10884,.T.);
#10882=ORIENTED_EDGE('',*,*,#10885,.T.);
#10883=EDGE_CURVE('',#527,#531,#10886,.F.);
#10884=EDGE_CURVE('',#531,#451,#10887,.T.);
#10885=EDGE_CURVE('',#451,#527,#10888,.T.);
#10886=LINE('',#526,#10889);
#10887=LINE('',#530,#10890);
#10888=LINE('',#450,#10891);
#10889=VECTOR('',#10892,1.0);
#10890=VECTOR('',#10893,1.0);
#10891=VECTOR('',#10894,1.0);
#10892=DIRECTION('',(-0.9534769078803198,0.30146606133855947,0));
#10893=DIRECTION('',(-0.10355762555427914,-0.702002865753852,0.7046047080902448));
#10894=DIRECTION('',(0.6685788773663306,0.424966612886415,-0.6102504917420591));
#10895=FACE_SURFACE('',(#10900),#10896,.T.);
#10896=PLANE('',#10897);
#10897=AXIS2_PLACEMENT_3D('',#454,#10898,#10899);
#10898=DIRECTION('',(0.2224931284611677,0.6687204898238864,0.7094432424635981));
#10899=DIRECTION('',(0.1283181724022809,0.7012665164049603,-0.7012558160903838));
#10900=FACE_BOUND('',#10901,.T.);
#10901=EDGE_LOOP('',(#10902,#10903,#10904));
#10902=ORIENTED_EDGE('',*,*,#10905,.T.);
#10903=ORIENTED_EDGE('',*,*,#10906,.T.);
#10904=ORIENTED_EDGE('',*,*,#10907,.T.);
#10905=EDGE_CURVE('',#455,#527,#10908,.F.);
#10906=EDGE_CURVE('',#527,#451,#10909,.T.);
#10907=EDGE_CURVE('',#451,#455,#10910,.T.);
#10908=LINE('',#454,#10911);
#10909=LINE('',#526,#10912);
#10910=LINE('',#450,#10913);
#10911=VECTOR('',#10914,1.0);
#10912=VECTOR('',#10915,1.0);
#10913=VECTOR('',#10916,1.0);
#10914=DIRECTION('',(0.1283181724022809,0.7012665164049603,-0.7012558160903838));
#10915=DIRECTION('',(-0.6685788773663306,-0.424966612886415,0.6102504917420591));
#10916=DIRECTION('',(0.9488592534371112,-0.3156994095128591,0));
#10917=FACE_SURFACE('',(#10922),#10918,.T.);
#10918=PLANE('',#10919);
#10919=AXIS2_PLACEMENT_3D('',#562,#10920,#10921);
#10920=DIRECTION('',(0.5428318455140286,0.45954665088147817,0.7029583651678459));
#10921=DIRECTION('',(-0.6461285436228436,0.7632286060649346,0));
#10922=FACE_BOUND('',#10923,.T.);
#10923=EDGE_LOOP('',(#10924,#10925,#10926));
#10924=ORIENTED_EDGE('',*,*,#10927,.T.);
#10925=ORIENTED_EDGE('',*,*,#10928,.T.);
#10926=ORIENTED_EDGE('',*,*,#10929,.T.);
#10927=EDGE_CURVE('',#563,#565,#10930,.F.);
#10928=EDGE_CURVE('',#565,#453,#10931,.T.);
#10929=EDGE_CURVE('',#453,#563,#10932,.T.);
#10930=LINE('',#562,#10933);
#10931=LINE('',#564,#10934);
#10932=LINE('',#452,#10935);
#10933=VECTOR('',#10936,1.0);
#10934=VECTOR('',#10937,1.0);
#10935=VECTOR('',#10938,1.0);
#10936=DIRECTION('',(-0.6461285436228436,0.7632286060649346,0));
#10937=DIRECTION('',(-0.2771377546414676,-0.6921121864593058,0.6664648425136952));
#10938=DIRECTION('',(0.7139591294186174,0.18826581540377063,-0.6744022125335617));
#10939=FACE_SURFACE('',(#10944),#10940,.T.);
#10940=PLANE('',#10941);
#10941=AXIS2_PLACEMENT_3D('',#452,#10942,#10943);
#10942=DIRECTION('',(0.5143832907320747,0.4789908657421851,0.7113210110429707));
#10943=DIRECTION('',(0.2771377546414676,0.6921121864593058,-0.6664648425136952));
#10944=FACE_BOUND('',#10945,.T.);
#10945=EDGE_LOOP('',(#10946,#10947,#10948));
#10946=ORIENTED_EDGE('',*,*,#10949,.T.);
#10947=ORIENTED_EDGE('',*,*,#10950,.T.);
#10948=ORIENTED_EDGE('',*,*,#10951,.T.);
#10949=EDGE_CURVE('',#453,#565,#10952,.F.);
#10950=EDGE_CURVE('',#565,#457,#10953,.T.);
#10951=EDGE_CURVE('',#457,#453,#10954,.T.);
#10952=LINE('',#452,#10955);
#10953=LINE('',#564,#10956);
#10954=LINE('',#456,#10957);
#10955=VECTOR('',#10958,1.0);
#10956=VECTOR('',#10959,1.0);
#10957=VECTOR('',#10960,1.0);
#10958=DIRECTION('',(0.2771377546414676,0.6921121864593058,-0.6664648425136952));
#10959=DIRECTION('',(-0.7126717656317735,-0.22258811640800946,0.6652469352843537));
#10960=DIRECTION('',(0.6814812361953528,-0.731835585848115,0));
#10961=FACE_SURFACE('',(#10966),#10962,.T.);
#10962=PLANE('',#10963);
#10963=AXIS2_PLACEMENT_3D('',#524,#10964,#10965);
#10964=DIRECTION('',(0.2763574707561988,0.6538083223846475,0.7043871278904873));
#10965=DIRECTION('',(-0.9210954800600818,0.389336765041381,0));
#10966=FACE_BOUND('',#10967,.T.);
#10967=EDGE_LOOP('',(#10968,#10969,#10970));
#10968=ORIENTED_EDGE('',*,*,#10971,.T.);
#10969=ORIENTED_EDGE('',*,*,#10972,.T.);
#10970=ORIENTED_EDGE('',*,*,#10973,.T.);
#10971=EDGE_CURVE('',#525,#527,#10974,.F.);
#10972=EDGE_CURVE('',#527,#455,#10975,.T.);
#10973=EDGE_CURVE('',#455,#525,#10976,.T.);
#10974=LINE('',#524,#10977);
#10975=LINE('',#526,#10978);
#10976=LINE('',#454,#10979);
#10977=VECTOR('',#10980,1.0);
#10978=VECTOR('',#10981,1.0);
#10979=VECTOR('',#10982,1.0);
#10980=DIRECTION('',(-0.9210954800600818,0.389336765041381,0));
#10981=DIRECTION('',(-0.1283181724022809,-0.7012665164049603,0.7012558160903838));
#10982=DIRECTION('',(0.6839089754825045,0.38113914589681214,-0.6220944178495089));
#10983=FACE_SURFACE('',(#10988),#10984,.T.);
#10984=PLANE('',#10985);
#10985=AXIS2_PLACEMENT_3D('',#458,#10986,#10987);
#10986=DIRECTION('',(0.28782896467291114,0.6425689200855568,0.7101124347843808));
#10987=DIRECTION('',(0.15437766422256777,0.7006624378881469,-0.6965914763488158));
#10988=FACE_BOUND('',#10989,.T.);
#10989=EDGE_LOOP('',(#10990,#10991,#10992));
#10990=ORIENTED_EDGE('',*,*,#10993,.T.);
#10991=ORIENTED_EDGE('',*,*,#10994,.T.);
#10992=ORIENTED_EDGE('',*,*,#10995,.T.);
#10993=EDGE_CURVE('',#459,#525,#10996,.F.);
#10994=EDGE_CURVE('',#525,#455,#10997,.T.);
#10995=EDGE_CURVE('',#455,#459,#10998,.T.);
#10996=LINE('',#458,#10999);
#10997=LINE('',#524,#11000);
#10998=LINE('',#454,#11001);
#10999=VECTOR('',#11002,1.0);
#11000=VECTOR('',#11003,1.0);
#11001=VECTOR('',#11004,1.0);
#11002=DIRECTION('',(0.15437766422256777,0.7006624378881469,-0.6965914763488158));
#11003=DIRECTION('',(-0.6839089754825045,-0.38113914589681214,0.6220944178495089));
#11004=DIRECTION('',(0.9126254801116046,-0.4087966891390674,0));
#11005=FACE_SURFACE('',(#11010),#11006,.T.);
#11006=PLANE('',#11007);
#11007=AXIS2_PLACEMENT_3D('',#564,#11008,#11009);
#11008=DIRECTION('',(0.4974364575327199,0.5083117102169759,0.7029766539321144));
#11009=DIRECTION('',(-0.7147110136516771,0.699419878874623,0));
#11010=FACE_BOUND('',#11011,.T.);
#11011=EDGE_LOOP('',(#11012,#11013,#11014));
#11012=ORIENTED_EDGE('',*,*,#11015,.T.);
#11013=ORIENTED_EDGE('',*,*,#11016,.T.);
#11014=ORIENTED_EDGE('',*,*,#11017,.T.);
#11015=EDGE_CURVE('',#565,#567,#11018,.F.);
#11016=EDGE_CURVE('',#567,#457,#11019,.T.);
#11017=EDGE_CURVE('',#457,#565,#11020,.T.);
#11018=LINE('',#564,#11021);
#11019=LINE('',#566,#11022);
#11020=LINE('',#456,#11023);
#11021=VECTOR('',#11024,1.0);
#11022=VECTOR('',#11025,1.0);
#11023=VECTOR('',#11026,1.0);
#11024=DIRECTION('',(-0.7147110136516771,0.699419878874623,0));
#11025=DIRECTION('',(-0.243333074750406,-0.696057517408068,0.6754945944951969));
#11026=DIRECTION('',(0.7126717656317735,0.22258811640800946,-0.6652469352843537));
#11027=FACE_SURFACE('',(#11032),#11028,.T.);
#11028=PLANE('',#11029);
#11029=AXIS2_PLACEMENT_3D('',#456,#11030,#11031);
#11030=DIRECTION('',(0.4640844991376532,0.5279861711725153,0.71123567170857));
#11031=DIRECTION('',(0.243333074750406,0.696057517408068,-0.6754945944951969));
#11032=FACE_BOUND('',#11033,.T.);
#11033=EDGE_LOOP('',(#11034,#11035,#11036));
#11034=ORIENTED_EDGE('',*,*,#11037,.T.);
#11035=ORIENTED_EDGE('',*,*,#11038,.T.);
#11036=ORIENTED_EDGE('',*,*,#11039,.T.);
#11037=EDGE_CURVE('',#457,#567,#11040,.F.);
#11038=EDGE_CURVE('',#567,#461,#11041,.T.);
#11039=EDGE_CURVE('',#461,#457,#11042,.T.);
#11040=LINE('',#456,#11043);
#11041=LINE('',#566,#11044);
#11042=LINE('',#460,#11045);
#11043=VECTOR('',#11046,1.0);
#11044=VECTOR('',#11047,1.0);
#11045=VECTOR('',#11048,1.0);
#11046=DIRECTION('',(0.243333074750406,0.696057517408068,-0.6754945944951969));
#11047=DIRECTION('',(-0.7094900428056118,-0.2591590573823576,0.6553323295369908));
#11048=DIRECTION('',(0.7510967174826503,-0.6601921848876945,0));
#11049=FACE_SURFACE('',(#11054),#11050,.T.);
#11050=PLANE('',#11051);
#11051=AXIS2_PLACEMENT_3D('',#520,#11052,#11053);
#11052=DIRECTION('',(0.3365831227739871,0.6255747953253672,0.7038238251987041));
#11053=DIRECTION('',(-0.880626680412662,0.4738107741972265,0));
#11054=FACE_BOUND('',#11055,.T.);
#11055=EDGE_LOOP('',(#11056,#11057,#11058));
#11056=ORIENTED_EDGE('',*,*,#11059,.T.);
#11057=ORIENTED_EDGE('',*,*,#11060,.T.);
#11058=ORIENTED_EDGE('',*,*,#11061,.T.);
#11059=EDGE_CURVE('',#521,#525,#11062,.F.);
#11060=EDGE_CURVE('',#525,#459,#11063,.T.);
#11061=EDGE_CURVE('',#459,#521,#11064,.T.);
#11062=LINE('',#520,#11065);
#11063=LINE('',#524,#11066);
#11064=LINE('',#458,#11067);
#11065=VECTOR('',#11068,1.0);
#11066=VECTOR('',#11069,1.0);
#11067=VECTOR('',#11070,1.0);
#11068=DIRECTION('',(-0.880626680412662,0.4738107741972265,0));
#11069=DIRECTION('',(-0.15437766422256777,-0.7006624378881469,0.6965914763488158));
#11070=DIRECTION('',(0.6955605411299829,0.3386627616647193,-0.6336426970182729));
#11071=FACE_SURFACE('',(#11076),#11072,.T.);
#11072=PLANE('',#11073);
#11073=AXIS2_PLACEMENT_3D('',#462,#11074,#11075);
#11074=DIRECTION('',(0.3502662719436848,0.6101894953831096,0.7106210793825205));
#11075=DIRECTION('',(0.18202937808507239,0.6998730280149078,-0.6906830316224701));
#11076=FACE_BOUND('',#11077,.T.);
#11077=EDGE_LOOP('',(#11078,#11079,#11080));
#11078=ORIENTED_EDGE('',*,*,#11081,.T.);
#11079=ORIENTED_EDGE('',*,*,#11082,.T.);
#11080=ORIENTED_EDGE('',*,*,#11083,.T.);
#11081=EDGE_CURVE('',#463,#521,#11084,.F.);
#11082=EDGE_CURVE('',#521,#459,#11085,.T.);
#11083=EDGE_CURVE('',#459,#463,#11086,.T.);
#11084=LINE('',#462,#11087);
#11085=LINE('',#520,#11088);
#11086=LINE('',#458,#11089);
#11087=VECTOR('',#11090,1.0);
#11088=VECTOR('',#11091,1.0);
#11089=VECTOR('',#11092,1.0);
#11090=DIRECTION('',(0.18202937808507239,0.6998730280149078,-0.6906830316224701));
#11091=DIRECTION('',(-0.6955605411299829,-0.3386627616647193,0.6336426970182729));
#11092=DIRECTION('',(0.8672700940965459,-0.4978379092493544,0));
#11093=FACE_SURFACE('',(#11098),#11094,.T.);
#11094=PLANE('',#11095);
#11095=AXIS2_PLACEMENT_3D('',#566,#11096,#11097);
#11096=DIRECTION('',(0.4476287568240878,0.5525015305698345,0.7031148944391035));
#11097=DIRECTION('',(-0.7769933591034387,0.6295087925590513,0));
#11098=FACE_BOUND('',#11099,.T.);
#11099=EDGE_LOOP('',(#11100,#11101,#11102));
#11100=ORIENTED_EDGE('',*,*,#11103,.T.);
#11101=ORIENTED_EDGE('',*,*,#11104,.T.);
#11102=ORIENTED_EDGE('',*,*,#11105,.T.);
#11103=EDGE_CURVE('',#567,#523,#11106,.F.);
#11104=EDGE_CURVE('',#523,#461,#11107,.T.);
#11105=EDGE_CURVE('',#461,#567,#11108,.T.);
#11106=LINE('',#566,#11109);
#11107=LINE('',#522,#11110);
#11108=LINE('',#460,#11111);
#11109=VECTOR('',#11112,1.0);
#11110=VECTOR('',#11113,1.0);
#11111=VECTOR('',#11114,1.0);
#11112=DIRECTION('',(-0.7769933591034387,0.6295087925590513,0));
#11113=DIRECTION('',(-0.21166794479990675,-0.6984770969715433,0.6836127750052576));
#11114=DIRECTION('',(0.7094900428056118,0.2591590573823576,-0.6553323295369908));
#11115=FACE_SURFACE('',(#11120),#11116,.T.);
#11116=PLANE('',#11117);
#11117=AXIS2_PLACEMENT_3D('',#460,#11118,#11119);
#11118=DIRECTION('',(0.4092068173199027,0.5718631803658183,0.7110009026722873));
#11119=DIRECTION('',(0.21166794479990675,0.6984770969715433,-0.6836127750052576));
#11120=FACE_BOUND('',#11121,.T.);
#11121=EDGE_LOOP('',(#11122,#11123,#11124));
#11122=ORIENTED_EDGE('',*,*,#11125,.T.);
#11123=ORIENTED_EDGE('',*,*,#11126,.T.);
#11124=ORIENTED_EDGE('',*,*,#11127,.T.);
#11125=EDGE_CURVE('',#461,#523,#11128,.F.);
#11126=EDGE_CURVE('',#523,#463,#11129,.T.);
#11127=EDGE_CURVE('',#463,#461,#11130,.T.);
#11128=LINE('',#460,#11131);
#11129=LINE('',#522,#11132);
#11130=LINE('',#462,#11133);
#11131=VECTOR('',#11134,1.0);
#11132=VECTOR('',#11135,1.0);
#11133=VECTOR('',#11136,1.0);
#11134=DIRECTION('',(0.21166794479990675,0.6984770969715433,-0.6836127750052576));
#11135=DIRECTION('',(-0.7039439676199524,-0.2979109917752093,0.6447572655123713));
#11136=DIRECTION('',(0.81324007691745,-0.5819283265964117,0));
#11137=FACE_SURFACE('',(#11142),#11138,.T.);
#11138=PLANE('',#11139);
#11139=AXIS2_PLACEMENT_3D('',#522,#11140,#11141);
#11140=DIRECTION('',(0.39383202909851317,0.5917237118904779,0.7033913431673031));
#11141=DIRECTION('',(-0.8324724004155497,0.5540665145507104,0));
#11142=FACE_BOUND('',#11143,.T.);
#11143=EDGE_LOOP('',(#11144,#11145,#11146));
#11144=ORIENTED_EDGE('',*,*,#11147,.T.);
#11145=ORIENTED_EDGE('',*,*,#11148,.T.);
#11146=ORIENTED_EDGE('',*,*,#11149,.T.);
#11147=EDGE_CURVE('',#523,#521,#11150,.F.);
#11148=EDGE_CURVE('',#521,#463,#11151,.T.);
#11149=EDGE_CURVE('',#463,#523,#11152,.T.);
#11150=LINE('',#522,#11153);
#11151=LINE('',#520,#11154);
#11152=LINE('',#462,#11155);
#11153=VECTOR('',#11156,1.0);
#11154=VECTOR('',#11157,1.0);
#11155=VECTOR('',#11158,1.0);
#11156=DIRECTION('',(-0.8324724004155497,0.5540665145507104,0));
#11157=DIRECTION('',(-0.18202937808507239,-0.6998730280149078,0.6906830316224701));
#11158=DIRECTION('',(0.7039439676199524,0.2979109917752093,-0.6447572655123713));
#11159=FACE_SURFACE('',(#11164),#11160,.T.);
#11160=PLANE('',#11161);
#11161=AXIS2_PLACEMENT_3D('',#468,#11162,#11163);
#11162=DIRECTION('',(0,0,1));
#11163=DIRECTION('',(1,0,0));
#11164=FACE_BOUND('',#11165,.T.);
#11165=EDGE_LOOP('',(#11166,#11167,#11168));
#11166=ORIENTED_EDGE('',*,*,#11169,.T.);
#11167=ORIENTED_EDGE('',*,*,#11170,.T.);
#11168=ORIENTED_EDGE('',*,*,#11171,.T.);
#11169=EDGE_CURVE('',#469,#467,#11172,.F.);
#11170=EDGE_CURVE('',#467,#465,#11173,.T.);
#11171=EDGE_CURVE('',#465,#469,#11174,.T.);
#11172=LINE('',#468,#11175);
#11173=LINE('',#466,#11176);
#11174=LINE('',#464,#11177);
#11175=VECTOR('',#11178,1.0);
#11176=VECTOR('',#11179,1.0);
#11177=VECTOR('',#11180,1.0);
#11178=DIRECTION('',(1,0,0));
#11179=DIRECTION('',(-0.995185270943311,0.098011614094905,0));
#11180=DIRECTION('',(-0.995185270943311,-0.098011614094905,0));
#11181=FACE_SURFACE('',(#11186),#11182,.T.);
#11182=PLANE('',#11183);
#11183=AXIS2_PLACEMENT_3D('',#466,#11184,#11185);
#11184=DIRECTION('',(0,0,1));
#11185=DIRECTION('',(-1,0,0));
#11186=FACE_BOUND('',#11187,.T.);
#11187=EDGE_LOOP('',(#11188,#11189,#11190));
#11188=ORIENTED_EDGE('',*,*,#11191,.T.);
#11189=ORIENTED_EDGE('',*,*,#11192,.T.);
#11190=ORIENTED_EDGE('',*,*,#11193,.T.);
#11191=EDGE_CURVE('',#467,#469,#11194,.F.);
#11192=EDGE_CURVE('',#469,#545,#11195,.T.);
#11193=EDGE_CURVE('',#545,#467,#11196,.T.);
#11194=LINE('',#466,#11197);
#11195=LINE('',#468,#11198);
#11196=LINE('',#544,#11199);
#11197=VECTOR('',#11200,1.0);
#11198=VECTOR('',#11201,1.0);
#11199=VECTOR('',#11202,1.0);
#11200=DIRECTION('',(-1,0,0));
#11201=DIRECTION('',(0.9951853318958364,-0.09801099519632471,0));
#11202=DIRECTION('',(-0.9569460753819728,0.2902657554914801,0));
#11203=FACE_SURFACE('',(#11208),#11204,.T.);
#11204=PLANE('',#11205);
#11205=AXIS2_PLACEMENT_3D('',#544,#11206,#11207);
#11206=DIRECTION('',(0,0,1));
#11207=DIRECTION('',(-0.9951853318958364,0.09801099519632471,0));
#11208=FACE_BOUND('',#11209,.T.);
#11209=EDGE_LOOP('',(#11210,#11211,#11212));
#11210=ORIENTED_EDGE('',*,*,#11213,.T.);
#11211=ORIENTED_EDGE('',*,*,#11214,.T.);
#11212=ORIENTED_EDGE('',*,*,#11215,.T.);
#11213=EDGE_CURVE('',#545,#469,#11216,.F.);
#11214=EDGE_CURVE('',#469,#473,#11217,.T.);
#11215=EDGE_CURVE('',#473,#545,#11218,.T.);
#11216=LINE('',#544,#11219);
#11217=LINE('',#468,#11220);
#11218=LINE('',#472,#11221);
#11219=VECTOR('',#11222,1.0);
#11220=VECTOR('',#11223,1.0);
#11221=VECTOR('',#11224,1.0);
#11222=DIRECTION('',(-0.9951853318958364,0.09801099519632471,0));
#11223=DIRECTION('',(-0.9569460753819728,-0.2902657554914801,0));
#11224=DIRECTION('',(1,0,0));
#11225=FACE_SURFACE('',(#11230),#11226,.T.);
#11226=PLANE('',#11227);
#11227=AXIS2_PLACEMENT_3D('',#568,#11228,#11229);
#11228=DIRECTION('',(0,0,1));
#11229=DIRECTION('',(-1,0,0));
#11230=FACE_BOUND('',#11231,.T.);
#11231=EDGE_LOOP('',(#11232,#11233,#11234));
#11232=ORIENTED_EDGE('',*,*,#11235,.T.);
#11233=ORIENTED_EDGE('',*,*,#11236,.T.);
#11234=ORIENTED_EDGE('',*,*,#11237,.T.);
#11235=EDGE_CURVE('',#569,#471,#11238,.F.);
#11236=EDGE_CURVE('',#471,#541,#11239,.T.);
#11237=EDGE_CURVE('',#541,#569,#11240,.T.);
#11238=LINE('',#568,#11241);
#11239=LINE('',#470,#11242);
#11240=LINE('',#540,#11243);
#11241=VECTOR('',#11244,1.0);
#11242=VECTOR('',#11245,1.0);
#11243=VECTOR('',#11246,1.0);
#11244=DIRECTION('',(-1,0,0));
#11245=DIRECTION('',(0.9951849648395562,-0.09801472214566194,0));
#11246=DIRECTION('',(-0.7730228667384983,0.63437815811974,0));
#11247=FACE_SURFACE('',(#11252),#11248,.T.);
#11248=PLANE('',#11249);
#11249=AXIS2_PLACEMENT_3D('',#568,#11250,#11251);
#11250=DIRECTION('',(0,0,1));
#11251=DIRECTION('',(-0.9951844061783433,0.09802039430372808,0));
#11252=FACE_BOUND('',#11253,.T.);
#11253=EDGE_LOOP('',(#11254,#11255,#11256));
#11254=ORIENTED_EDGE('',*,*,#11257,.T.);
#11255=ORIENTED_EDGE('',*,*,#11258,.T.);
#11256=ORIENTED_EDGE('',*,*,#11259,.T.);
#11257=EDGE_CURVE('',#569,#473,#11260,.F.);
#11258=EDGE_CURVE('',#473,#471,#11261,.T.);
#11259=EDGE_CURVE('',#471,#569,#11262,.T.);
#11260=LINE('',#568,#11263);
#11261=LINE('',#472,#11264);
#11262=LINE('',#470,#11265);
#11263=VECTOR('',#11266,1.0);
#11264=VECTOR('',#11267,1.0);
#11265=VECTOR('',#11268,1.0);
#11266=DIRECTION('',(-0.9951844061783433,0.09802039430372808,0));
#11267=DIRECTION('',(-0.8819017617466565,-0.4714332218121073,0));
#11268=DIRECTION('',(1,0,0));
#11269=FACE_SURFACE('',(#11274),#11270,.T.);
#11270=PLANE('',#11271);
#11271=AXIS2_PLACEMENT_3D('',#544,#11272,#11273);
#11272=DIRECTION('',(0,0,1));
#11273=DIRECTION('',(-1,0,0));
#11274=FACE_BOUND('',#11275,.T.);
#11275=EDGE_LOOP('',(#11276,#11277,#11278));
#11276=ORIENTED_EDGE('',*,*,#11279,.T.);
#11277=ORIENTED_EDGE('',*,*,#11280,.T.);
#11278=ORIENTED_EDGE('',*,*,#11281,.T.);
#11279=EDGE_CURVE('',#545,#473,#11282,.F.);
#11280=EDGE_CURVE('',#473,#569,#11283,.T.);
#11281=EDGE_CURVE('',#569,#545,#11284,.T.);
#11282=LINE('',#544,#11285);
#11283=LINE('',#472,#11286);
#11284=LINE('',#568,#11287);
#11285=VECTOR('',#11288,1.0);
#11286=VECTOR('',#11289,1.0);
#11287=VECTOR('',#11290,1.0);
#11288=DIRECTION('',(-1,0,0));
#11289=DIRECTION('',(0.9951844061783433,-0.09802039430372808,0));
#11290=DIRECTION('',(-0.8819017617466565,0.4714332218121073,0));
#11291=FACE_SURFACE('',(#11296),#11292,.T.);
#11292=PLANE('',#11293);
#11293=AXIS2_PLACEMENT_3D('',#476,#11294,#11295);
#11294=DIRECTION('',(-0.9951849718421591,0.09801465104524347,0));
#11295=DIRECTION('',(0.0020010273577033316,0.020317292704660605,0.9997915800338922));
#11296=FACE_BOUND('',#11297,.T.);
#11297=EDGE_LOOP('',(#11298,#11299,#11300));
#11298=ORIENTED_EDGE('',*,*,#11301,.T.);
#11299=ORIENTED_EDGE('',*,*,#11302,.T.);
#11300=ORIENTED_EDGE('',*,*,#11303,.T.);
#11301=EDGE_CURVE('',#477,#571,#11304,.F.);
#11302=EDGE_CURVE('',#571,#475,#11305,.T.);
#11303=EDGE_CURVE('',#475,#477,#11306,.T.);
#11304=LINE('',#476,#11307);
#11305=LINE('',#570,#11308);
#11306=LINE('',#474,#11309);
#11307=VECTOR('',#11310,1.0);
#11308=VECTOR('',#11311,1.0);
#11309=VECTOR('',#11312,1.0);
#11310=DIRECTION('',(0.0020010273577033316,0.020317292704660605,0.9997915800338922));
#11311=DIRECTION('',(0,0,-1));
#11312=DIRECTION('',(-0.09801465104524347,-0.9951849718421591,0));
#11313=FACE_SURFACE('',(#11318),#11314,.T.);
#11314=PLANE('',#11315);
#11315=AXIS2_PLACEMENT_3D('',#572,#11316,#11317);
#11316=DIRECTION('',(-0.995185270943311,-0.098011614094905,-0));
#11317=DIRECTION('',(0,0,-1));
#11318=FACE_BOUND('',#11319,.T.);
#11319=EDGE_LOOP('',(#11320,#11321,#11322));
#11320=ORIENTED_EDGE('',*,*,#11323,.T.);
#11321=ORIENTED_EDGE('',*,*,#11324,.T.);
#11322=ORIENTED_EDGE('',*,*,#11325,.T.);
#11323=EDGE_CURVE('',#573,#479,#11326,.F.);
#11324=EDGE_CURVE('',#479,#475,#11327,.T.);
#11325=EDGE_CURVE('',#475,#573,#11328,.T.);
#11326=LINE('',#572,#11329);
#11327=LINE('',#478,#11330);
#11328=LINE('',#474,#11331);
#11329=VECTOR('',#11332,1.0);
#11330=VECTOR('',#11333,1.0);
#11331=VECTOR('',#11334,1.0);
#11332=DIRECTION('',(0,0,-1));
#11333=DIRECTION('',(0.098011614094905,-0.995185270943311,0));
#11334=DIRECTION('',(-0.002001027331860271,0.020317928092624424,0.9997915671216877));
#11335=FACE_SURFACE('',(#11340),#11336,.T.);
#11336=PLANE('',#11337);
#11337=AXIS2_PLACEMENT_3D('',#572,#11338,#11339);
#11338=DIRECTION('',(-0.995185270943311,-0.098011614094905,0));
#11339=DIRECTION('',(0.002001027331860271,-0.020317928092624424,-0.9997915671216877));
#11340=FACE_BOUND('',#11341,.T.);
#11341=EDGE_LOOP('',(#11342,#11343,#11344));
#11342=ORIENTED_EDGE('',*,*,#11345,.T.);
#11343=ORIENTED_EDGE('',*,*,#11346,.T.);
#11344=ORIENTED_EDGE('',*,*,#11347,.T.);
#11345=EDGE_CURVE('',#573,#475,#11348,.F.);
#11346=EDGE_CURVE('',#475,#571,#11349,.T.);
#11347=EDGE_CURVE('',#571,#573,#11350,.T.);
#11348=LINE('',#572,#11351);
#11349=LINE('',#474,#11352);
#11350=LINE('',#570,#11353);
#11351=VECTOR('',#11354,1.0);
#11352=VECTOR('',#11355,1.0);
#11353=VECTOR('',#11356,1.0);
#11354=DIRECTION('',(0.002001027331860271,-0.020317928092624424,-0.9997915671216877));
#11355=DIRECTION('',(0,0,1));
#11356=DIRECTION('',(-0.098011614094905,0.995185270943311,0));
#11357=FACE_SURFACE('',(#11362),#11358,.T.);
#11358=PLANE('',#11359);
#11359=AXIS2_PLACEMENT_3D('',#480,#11360,#11361);
#11360=DIRECTION('',(-0.9569348030711599,0.2903029153680005,0));
#11361=DIRECTION('',(0.0059268039883547344,0.019536713919142294,0.9997915731809932));
#11362=FACE_BOUND('',#11363,.T.);
#11363=EDGE_LOOP('',(#11364,#11365,#11366));
#11364=ORIENTED_EDGE('',*,*,#11367,.T.);
#11365=ORIENTED_EDGE('',*,*,#11368,.T.);
#11366=ORIENTED_EDGE('',*,*,#11369,.T.);
#11367=EDGE_CURVE('',#481,#519,#11370,.F.);
#11368=EDGE_CURVE('',#519,#477,#11371,.T.);
#11369=EDGE_CURVE('',#477,#481,#11372,.T.);
#11370=LINE('',#480,#11373);
#11371=LINE('',#518,#11374);
#11372=LINE('',#476,#11375);
#11373=VECTOR('',#11376,1.0);
#11374=VECTOR('',#11377,1.0);
#11375=VECTOR('',#11378,1.0);
#11376=DIRECTION('',(0.0059268039883547344,0.019536713919142294,0.9997915731809932));
#11377=DIRECTION('',(0,0,-1));
#11378=DIRECTION('',(-0.2903029153680005,-0.9569348030711599,0));
#11379=FACE_SURFACE('',(#11384),#11380,.T.);
#11380=PLANE('',#11381);
#11381=AXIS2_PLACEMENT_3D('',#476,#11382,#11383);
#11382=DIRECTION('',(-0.9951849718421591,0.09801465104524347,0));
#11383=DIRECTION('',(0,0,1));
#11384=FACE_BOUND('',#11385,.T.);
#11385=EDGE_LOOP('',(#11386,#11387,#11388));
#11386=ORIENTED_EDGE('',*,*,#11389,.T.);
#11387=ORIENTED_EDGE('',*,*,#11390,.T.);
#11388=ORIENTED_EDGE('',*,*,#11391,.T.);
#11389=EDGE_CURVE('',#477,#519,#11392,.F.);
#11390=EDGE_CURVE('',#519,#571,#11393,.T.);
#11391=EDGE_CURVE('',#571,#477,#11394,.T.);
#11392=LINE('',#476,#11395);
#11393=LINE('',#518,#11396);
#11394=LINE('',#570,#11397);
#11395=VECTOR('',#11398,1.0);
#11396=VECTOR('',#11399,1.0);
#11397=VECTOR('',#11400,1.0);
#11398=DIRECTION('',(0,0,1));
#11399=DIRECTION('',(0.09801465104524347,0.9951849718421591,0));
#11400=DIRECTION('',(-0.0020010273577033316,-0.020317292704660605,-0.9997915800338922));
#11401=FACE_SURFACE('',(#11406),#11402,.T.);
#11402=PLANE('',#11403);
#11403=AXIS2_PLACEMENT_3D('',#574,#11404,#11405);
#11404=DIRECTION('',(-0.9569348030711599,-0.2903029153680005,-0));
#11405=DIRECTION('',(0,0,-1));
#11406=FACE_BOUND('',#11407,.T.);
#11407=EDGE_LOOP('',(#11408,#11409,#11410));
#11408=ORIENTED_EDGE('',*,*,#11411,.T.);
#11409=ORIENTED_EDGE('',*,*,#11412,.T.);
#11410=ORIENTED_EDGE('',*,*,#11413,.T.);
#11411=EDGE_CURVE('',#575,#533,#11414,.F.);
#11412=EDGE_CURVE('',#533,#479,#11415,.T.);
#11413=EDGE_CURVE('',#479,#575,#11416,.T.);
#11414=LINE('',#574,#11417);
#11415=LINE('',#532,#11418);
#11416=LINE('',#478,#11419);
#11417=VECTOR('',#11420,1.0);
#11418=VECTOR('',#11421,1.0);
#11419=VECTOR('',#11422,1.0);
#11420=DIRECTION('',(0,0,-1));
#11421=DIRECTION('',(0.2903029153680005,-0.9569348030711599,0));
#11422=DIRECTION('',(-0.0059268039883547344,0.019536713919142294,0.9997915731809932));
#11423=FACE_SURFACE('',(#11428),#11424,.T.);
#11424=PLANE('',#11425);
#11425=AXIS2_PLACEMENT_3D('',#574,#11426,#11427);
#11426=DIRECTION('',(-0.9569348030711599,-0.2903029153680005,0));
#11427=DIRECTION('',(0.0059268039883547344,-0.019536713919142294,-0.9997915731809932));
#11428=FACE_BOUND('',#11429,.T.);
#11429=EDGE_LOOP('',(#11430,#11431,#11432));
#11430=ORIENTED_EDGE('',*,*,#11433,.T.);
#11431=ORIENTED_EDGE('',*,*,#11434,.T.);
#11432=ORIENTED_EDGE('',*,*,#11435,.T.);
#11433=EDGE_CURVE('',#575,#479,#11436,.F.);
#11434=EDGE_CURVE('',#479,#573,#11437,.T.);
#11435=EDGE_CURVE('',#573,#575,#11438,.T.);
#11436=LINE('',#574,#11439);
#11437=LINE('',#478,#11440);
#11438=LINE('',#572,#11441);
#11439=VECTOR('',#11442,1.0);
#11440=VECTOR('',#11443,1.0);
#11441=VECTOR('',#11444,1.0);
#11442=DIRECTION('',(0.0059268039883547344,-0.019536713919142294,-0.9997915731809932));
#11443=DIRECTION('',(0,0,1));
#11444=DIRECTION('',(-0.2903029153680005,0.9569348030711599,0));
#11445=FACE_SURFACE('',(#11450),#11446,.T.);
#11446=PLANE('',#11447);
#11447=AXIS2_PLACEMENT_3D('',#482,#11448,#11449);
#11448=DIRECTION('',(-0.8819285443604128,0.4713831166284209,0));
#11449=DIRECTION('',(0.009623746492807986,0.01800543217670271,0.99979157223672));
#11450=FACE_BOUND('',#11451,.T.);
#11451=EDGE_LOOP('',(#11452,#11453,#11454));
#11452=ORIENTED_EDGE('',*,*,#11455,.T.);
#11453=ORIENTED_EDGE('',*,*,#11456,.T.);
#11454=ORIENTED_EDGE('',*,*,#11457,.T.);
#11455=EDGE_CURVE('',#483,#517,#11458,.F.);
#11456=EDGE_CURVE('',#517,#481,#11459,.T.);
#11457=EDGE_CURVE('',#481,#483,#11460,.T.);
#11458=LINE('',#482,#11461);
#11459=LINE('',#516,#11462);
#11460=LINE('',#480,#11463);
#11461=VECTOR('',#11464,1.0);
#11462=VECTOR('',#11465,1.0);
#11463=VECTOR('',#11466,1.0);
#11464=DIRECTION('',(0.009623746492807986,0.01800543217670271,0.99979157223672));
#11465=DIRECTION('',(0,0,-1));
#11466=DIRECTION('',(-0.47138311662842086,-0.8819285443604128,0));
#11467=FACE_SURFACE('',(#11472),#11468,.T.);
#11468=PLANE('',#11469);
#11469=AXIS2_PLACEMENT_3D('',#480,#11470,#11471);
#11470=DIRECTION('',(-0.9569348030711599,0.2903029153680005,0));
#11471=DIRECTION('',(0,0,1));
#11472=FACE_BOUND('',#11473,.T.);
#11473=EDGE_LOOP('',(#11474,#11475,#11476));
#11474=ORIENTED_EDGE('',*,*,#11477,.T.);
#11475=ORIENTED_EDGE('',*,*,#11478,.T.);
#11476=ORIENTED_EDGE('',*,*,#11479,.T.);
#11477=EDGE_CURVE('',#481,#517,#11480,.F.);
#11478=EDGE_CURVE('',#517,#519,#11481,.T.);
#11479=EDGE_CURVE('',#519,#481,#11482,.T.);
#11480=LINE('',#480,#11483);
#11481=LINE('',#516,#11484);
#11482=LINE('',#518,#11485);
#11483=VECTOR('',#11486,1.0);
#11484=VECTOR('',#11487,1.0);
#11485=VECTOR('',#11488,1.0);
#11486=DIRECTION('',(0,0,1));
#11487=DIRECTION('',(0.2903029153680005,0.9569348030711599,0));
#11488=DIRECTION('',(-0.0059268039883547344,-0.019536713919142294,-0.9997915731809932));
#11489=FACE_SURFACE('',(#11494),#11490,.T.);
#11490=PLANE('',#11491);
#11491=AXIS2_PLACEMENT_3D('',#490,#11492,#11493);
#11492=DIRECTION('',(0.6900571330595929,0.7237548953908648,-6.716646344799614E-05));
#11493=DIRECTION('',(-0.7237548970234148,0.6900571346161319,0));
#11494=FACE_BOUND('',#11495,.T.);
#11495=EDGE_LOOP('',(#11496,#11497,#11498));
#11496=ORIENTED_EDGE('',*,*,#11499,.T.);
#11497=ORIENTED_EDGE('',*,*,#11500,.T.);
#11498=ORIENTED_EDGE('',*,*,#11501,.T.);
#11499=EDGE_CURVE('',#491,#487,#11502,.F.);
#11500=EDGE_CURVE('',#487,#567,#11503,.T.);
#11501=EDGE_CURVE('',#567,#491,#11504,.T.);
#11502=LINE('',#490,#11505);
#11503=LINE('',#486,#11506);
#11504=LINE('',#566,#11507);
#11505=VECTOR('',#11508,1.0);
#11506=VECTOR('',#11509,1.0);
#11507=VECTOR('',#11510,1.0);
#11508=DIRECTION('',(-0.7237548970234148,0.6900571346161319,0));
#11509=DIRECTION('',(0.0012378944463507342,-0.0010874558851622768,0.9999986425275975));
#11510=DIRECTION('',(0.007007534658784135,-0.0067740647847255265,-0.9999525021241251));
#11511=FACE_SURFACE('',(#11516),#11512,.T.);
#11512=PLANE('',#11513);
#11513=AXIS2_PLACEMENT_3D('',#522,#11514,#11515);
#11514=DIRECTION('',(0.6295087912012172,0.7769933574274842,6.568065186923587E-05));
#11515=DIRECTION('',(0.7769933591034387,-0.6295087925590513,0));
#11516=FACE_BOUND('',#11517,.T.);
#11517=EDGE_LOOP('',(#11518,#11519,#11520));
#11518=ORIENTED_EDGE('',*,*,#11521,.T.);
#11519=ORIENTED_EDGE('',*,*,#11522,.T.);
#11520=ORIENTED_EDGE('',*,*,#11523,.T.);
#11521=EDGE_CURVE('',#523,#567,#11524,.F.);
#11522=EDGE_CURVE('',#567,#487,#11525,.T.);
#11523=EDGE_CURVE('',#487,#523,#11526,.T.);
#11524=LINE('',#522,#11527);
#11525=LINE('',#566,#11528);
#11526=LINE('',#486,#11529);
#11527=VECTOR('',#11530,1.0);
#11528=VECTOR('',#11531,1.0);
#11529=VECTOR('',#11532,1.0);
#11530=DIRECTION('',(0.7769933591034387,-0.6295087925590513,0));
#11531=DIRECTION('',(-0.0012378944463507342,0.0010874558851622768,-0.9999986425275975));
#11532=DIRECTION('',(-0.007471736876365501,0.005968965315474777,0.9999542712549974));
#11533=FACE_SURFACE('',(#11538),#11534,.T.);
#11534=PLANE('',#11535);
#11535=AXIS2_PLACEMENT_3D('',#492,#11536,#11537);
#11536=DIRECTION('',(0.9988680694386972,-0.04756658339433108,0));
#11537=DIRECTION('',(0,0,1));
#11538=FACE_BOUND('',#11539,.T.);
#11539=EDGE_LOOP('',(#11540,#11541,#11542));
#11540=ORIENTED_EDGE('',*,*,#11543,.T.);
#11541=ORIENTED_EDGE('',*,*,#11544,.T.);
#11542=ORIENTED_EDGE('',*,*,#11545,.T.);
#11543=EDGE_CURVE('',#493,#577,#11546,.F.);
#11544=EDGE_CURVE('',#577,#489,#11547,.T.);
#11545=EDGE_CURVE('',#489,#493,#11548,.T.);
#11546=LINE('',#492,#11549);
#11547=LINE('',#576,#11550);
#11548=LINE('',#488,#11551);
#11549=VECTOR('',#11552,1.0);
#11550=VECTOR('',#11553,1.0);
#11551=VECTOR('',#11554,1.0);
#11552=DIRECTION('',(0,0,1));
#11553=DIRECTION('',(-0.0005418882483115469,-0.011379309376821476,-0.9999351067320483));
#11554=DIRECTION('',(0.04756658339433107,0.9988680694386972,0));
#11555=FACE_SURFACE('',(#11560),#11556,.T.);
#11556=PLANE('',#11557);
#11557=AXIS2_PLACEMENT_3D('',#488,#11558,#11559);
#11558=DIRECTION('',(0.9989038691546532,-0.04680876107262401,-8.643454998776525E-06));
#11559=DIRECTION('',(0.0005418882483115469,0.011379309376821476,0.9999351067320483));
#11560=FACE_BOUND('',#11561,.T.);
#11561=EDGE_LOOP('',(#11562,#11563,#11564));
#11562=ORIENTED_EDGE('',*,*,#11565,.T.);
#11563=ORIENTED_EDGE('',*,*,#11566,.T.);
#11564=ORIENTED_EDGE('',*,*,#11567,.T.);
#11565=EDGE_CURVE('',#489,#577,#11568,.F.);
#11566=EDGE_CURVE('',#577,#509,#11569,.T.);
#11567=EDGE_CURVE('',#509,#489,#11570,.T.);
#11568=LINE('',#488,#11571);
#11569=LINE('',#576,#11572);
#11570=LINE('',#508,#11573);
#11571=VECTOR('',#11574,1.0);
#11572=VECTOR('',#11575,1.0);
#11573=VECTOR('',#11576,1.0);
#11574=DIRECTION('',(0.0005418882483115469,0.011379309376821476,0.9999351067320483));
#11575=DIRECTION('',(-0.04680876107437253,-0.9989038691919669,0));
#11576=DIRECTION('',(-1.7193001472502055E-05,-0.0001822458156085218,-0.9999999832454316));
#11577=FACE_SURFACE('',(#11582),#11578,.T.);
#11578=PLANE('',#11579);
#11579=AXIS2_PLACEMENT_3D('',#494,#11580,#11581);
#11580=DIRECTION('',(0.7557687452385196,0.65483860609804,-6.0697361180094715E-05));
#11581=DIRECTION('',(-0.6548386073043083,0.7557687466307098,0));
#11582=FACE_BOUND('',#11583,.T.);
#11583=EDGE_LOOP('',(#11584,#11585,#11586));
#11584=ORIENTED_EDGE('',*,*,#11587,.T.);
#11585=ORIENTED_EDGE('',*,*,#11588,.T.);
#11586=ORIENTED_EDGE('',*,*,#11589,.T.);
#11587=EDGE_CURVE('',#495,#491,#11590,.F.);
#11588=EDGE_CURVE('',#491,#565,#11591,.T.);
#11589=EDGE_CURVE('',#565,#495,#11592,.T.);
#11590=LINE('',#494,#11593);
#11591=LINE('',#490,#11594);
#11592=LINE('',#564,#11595);
#11593=VECTOR('',#11596,1.0);
#11594=VECTOR('',#11597,1.0);
#11595=VECTOR('',#11598,1.0);
#11596=DIRECTION('',(-0.6548386073043083,0.7557687466307098,0));
#11597=DIRECTION('',(0.001004070226047799,-0.0010661368958428772,0.9999989275969753));
#11598=DIRECTION('',(0.006455997755637165,-0.0075437453536323805,-0.9999507047845003));
#11599=FACE_SURFACE('',(#11604),#11600,.T.);
#11600=PLANE('',#11601);
#11601=AXIS2_PLACEMENT_3D('',#566,#11602,#11603);
#11602=DIRECTION('',(0.6994198776276752,0.7147110123774678,5.971316956547348E-05));
#11603=DIRECTION('',(0.7147110136516771,-0.699419878874623,0));
#11604=FACE_BOUND('',#11605,.T.);
#11605=EDGE_LOOP('',(#11606,#11607,#11608));
#11606=ORIENTED_EDGE('',*,*,#11609,.T.);
#11607=ORIENTED_EDGE('',*,*,#11610,.T.);
#11608=ORIENTED_EDGE('',*,*,#11611,.T.);
#11609=EDGE_CURVE('',#567,#565,#11612,.F.);
#11610=EDGE_CURVE('',#565,#491,#11613,.T.);
#11611=EDGE_CURVE('',#491,#567,#11614,.T.);
#11612=LINE('',#566,#11615);
#11613=LINE('',#564,#11616);
#11614=LINE('',#490,#11617);
#11615=VECTOR('',#11618,1.0);
#11616=VECTOR('',#11619,1.0);
#11617=VECTOR('',#11620,1.0);
#11618=DIRECTION('',(0.7147110136516771,-0.699419878874623,0));
#11619=DIRECTION('',(-0.001004070226047799,0.0010661368958428772,-0.9999989275969753));
#11620=DIRECTION('',(-0.007007534658784135,0.0067740647847255265,0.9999525021241251));
#11621=FACE_SURFACE('',(#11626),#11622,.T.);
#11622=PLANE('',#11623);
#11623=AXIS2_PLACEMENT_3D('',#578,#11624,#11625);
#11624=DIRECTION('',(0.9988680352573879,0.047567300414438754,-8.504598283181413E-06));
#11625=DIRECTION('',(0.0005246974474338997,-0.011196926623172496,-0.9999371747898885));
#11626=FACE_BOUND('',#11627,.T.);
#11627=EDGE_LOOP('',(#11628,#11629,#11630));
#11628=ORIENTED_EDGE('',*,*,#11631,.T.);
#11629=ORIENTED_EDGE('',*,*,#11632,.T.);
#11630=ORIENTED_EDGE('',*,*,#11633,.T.);
#11631=EDGE_CURVE('',#579,#493,#11634,.F.);
#11632=EDGE_CURVE('',#493,#497,#11635,.T.);
#11633=EDGE_CURVE('',#497,#579,#11636,.T.);
#11634=LINE('',#578,#11637);
#11635=LINE('',#492,#11638);
#11636=LINE('',#496,#11639);
#11637=VECTOR('',#11640,1.0);
#11638=VECTOR('',#11641,1.0);
#11639=VECTOR('',#11642,1.0);
#11640=DIRECTION('',(0.0005246974474338997,-0.011196926623172496,-0.9999371747898885));
#11641=DIRECTION('',(-0.04756730041615898,0.9988680352935111,0));
#11642=DIRECTION('',(1.7193001472502055E-05,-0.0001822458156085218,0.9999999832454316));
#11643=FACE_SURFACE('',(#11648),#11644,.T.);
#11644=PLANE('',#11645);
#11645=AXIS2_PLACEMENT_3D('',#576,#11646,#11647);
#11646=DIRECTION('',(0.9989038355867356,0.04680947820802894,0));
#11647=DIRECTION('',(0,0,-1));
#11648=FACE_BOUND('',#11649,.T.);
#11649=EDGE_LOOP('',(#11650,#11651,#11652));
#11650=ORIENTED_EDGE('',*,*,#11653,.T.);
#11651=ORIENTED_EDGE('',*,*,#11654,.T.);
#11652=ORIENTED_EDGE('',*,*,#11655,.T.);
#11653=EDGE_CURVE('',#577,#493,#11656,.F.);
#11654=EDGE_CURVE('',#493,#579,#11657,.T.);
#11655=EDGE_CURVE('',#579,#577,#11658,.T.);
#11656=LINE('',#576,#11659);
#11657=LINE('',#492,#11660);
#11658=LINE('',#578,#11661);
#11659=VECTOR('',#11662,1.0);
#11660=VECTOR('',#11663,1.0);
#11661=VECTOR('',#11664,1.0);
#11662=DIRECTION('',(0,0,-1));
#11663=DIRECTION('',(-0.0005246974474338997,0.011196926623172496,0.9999371747898885));
#11664=DIRECTION('',(0.04680947820802894,-0.9989038355867356,0));
#11665=FACE_SURFACE('',(#11670),#11666,.T.);
#11666=PLANE('',#11667);
#11667=AXIS2_PLACEMENT_3D('',#498,#11668,#11669);
#11668=DIRECTION('',(0.814587072905278,0.58004128967704,-5.408703392434542E-05));
#11669=DIRECTION('',(-0.5800412905254686,0.8145870740967777,0));
#11670=FACE_BOUND('',#11671,.T.);
#11671=EDGE_LOOP('',(#11672,#11673,#11674));
#11672=ORIENTED_EDGE('',*,*,#11675,.T.);
#11673=ORIENTED_EDGE('',*,*,#11676,.T.);
#11674=ORIENTED_EDGE('',*,*,#11677,.T.);
#11675=EDGE_CURVE('',#499,#495,#11678,.F.);
#11676=EDGE_CURVE('',#495,#563,#11679,.T.);
#11677=EDGE_CURVE('',#563,#499,#11680,.T.);
#11678=LINE('',#498,#11681);
#11679=LINE('',#494,#11682);
#11680=LINE('',#562,#11683);
#11681=VECTOR('',#11684,1.0);
#11682=VECTOR('',#11685,1.0);
#11683=VECTOR('',#11686,1.0);
#11684=DIRECTION('',(-0.5800412905254686,0.8145870740967777,0));
#11685=DIRECTION('',(0.000786751114489066,-0.0010116353928438953,0.9999991788079207));
#11686=DIRECTION('',(0.005821252752779386,-0.008268379500654809,-0.9999488721513822));
#11687=FACE_SURFACE('',(#11692),#11688,.T.);
#11688=PLANE('',#11689);
#11689=AXIS2_PLACEMENT_3D('',#564,#11690,#11691);
#11690=DIRECTION('',(0.7632286049858655,0.6461285427093331,5.317559021621838E-05));
#11691=DIRECTION('',(0.6461285436228436,-0.7632286060649346,0));
#11692=FACE_BOUND('',#11693,.T.);
#11693=EDGE_LOOP('',(#11694,#11695,#11696));
#11694=ORIENTED_EDGE('',*,*,#11697,.T.);
#11695=ORIENTED_EDGE('',*,*,#11698,.T.);
#11696=ORIENTED_EDGE('',*,*,#11699,.T.);
#11697=EDGE_CURVE('',#565,#563,#11700,.F.);
#11698=EDGE_CURVE('',#563,#495,#11701,.T.);
#11699=EDGE_CURVE('',#495,#565,#11702,.T.);
#11700=LINE('',#564,#11703);
#11701=LINE('',#562,#11704);
#11702=LINE('',#494,#11705);
#11703=VECTOR('',#11706,1.0);
#11704=VECTOR('',#11707,1.0);
#11705=VECTOR('',#11708,1.0);
#11706=DIRECTION('',(0.6461285436228436,-0.7632286060649346,0));
#11707=DIRECTION('',(-0.000786751114489066,0.0010116353928438953,-0.9999991788079207));
#11708=DIRECTION('',(-0.006455997755637165,0.0075437453536323805,0.9999507047845003));
#11709=FACE_SURFACE('',(#11714),#11710,.T.);
#11710=PLANE('',#11711);
#11711=AXIS2_PLACEMENT_3D('',#580,#11712,#11713);
#11712=DIRECTION('',(0.9898183848131907,0.14233609802500366,-1.6876691250991803E-05));
#11713=DIRECTION('',(0.0015527775124765117,-0.010916720467753103,-0.999939205200109));
#11714=FACE_BOUND('',#11715,.T.);
#11715=EDGE_LOOP('',(#11716,#11717,#11718));
#11716=ORIENTED_EDGE('',*,*,#11719,.T.);
#11717=ORIENTED_EDGE('',*,*,#11720,.T.);
#11718=ORIENTED_EDGE('',*,*,#11721,.T.);
#11719=EDGE_CURVE('',#581,#497,#11722,.F.);
#11720=EDGE_CURVE('',#497,#503,#11723,.T.);
#11721=EDGE_CURVE('',#503,#581,#11724,.T.);
#11722=LINE('',#580,#11725);
#11723=LINE('',#496,#11726);
#11724=LINE('',#502,#11727);
#11725=VECTOR('',#11728,1.0);
#11726=VECTOR('',#11729,1.0);
#11727=VECTOR('',#11730,1.0);
#11728=DIRECTION('',(0.0015527775124765117,-0.010916720467753103,-0.999939205200109));
#11729=DIRECTION('',(-0.14233609804527395,0.9898183849541521,0));
#11730=DIRECTION('',(6.877200243117473E-05,-0.0003596775727150438,0.9999999329512255));
#11731=FACE_SURFACE('',(#11736),#11732,.T.);
#11732=PLANE('',#11733);
#11733=AXIS2_PLACEMENT_3D('',#578,#11734,#11735);
#11734=DIRECTION('',(0.9901433349577036,0.14005776010833113,8.501405049766972E-06));
#11735=DIRECTION('',(-1.7193001472502055E-05,0.0001822458156085218,-0.9999999832454316));
#11736=FACE_BOUND('',#11737,.T.);
#11737=EDGE_LOOP('',(#11738,#11739,#11740));
#11738=ORIENTED_EDGE('',*,*,#11741,.T.);
#11739=ORIENTED_EDGE('',*,*,#11742,.T.);
#11740=ORIENTED_EDGE('',*,*,#11743,.T.);
#11741=EDGE_CURVE('',#579,#497,#11744,.F.);
#11742=EDGE_CURVE('',#497,#581,#11745,.T.);
#11743=EDGE_CURVE('',#581,#579,#11746,.T.);
#11744=LINE('',#578,#11747);
#11745=LINE('',#496,#11748);
#11746=LINE('',#580,#11749);
#11747=VECTOR('',#11750,1.0);
#11748=VECTOR('',#11751,1.0);
#11749=VECTOR('',#11752,1.0);
#11750=DIRECTION('',(-1.7193001472502055E-05,0.0001822458156085218,-0.9999999832454316));
#11751=DIRECTION('',(-0.0015527775124765117,0.010916720467753103,0.999939205200109));
#11752=DIRECTION('',(0.14005776011339238,-0.9901433349934843,0));
#11753=FACE_SURFACE('',(#11758),#11754,.T.);
#11754=PLANE('',#11755);
#11755=AXIS2_PLACEMENT_3D('',#500,#11756,#11757);
#11756=DIRECTION('',(0.8660242432037065,0.5000020079082913,-4.765631534190531E-05));
#11757=DIRECTION('',(-0.5000020084760747,0.8660242441871309,0));
#11758=FACE_BOUND('',#11759,.T.);
#11759=EDGE_LOOP('',(#11760,#11761,#11762));
#11760=ORIENTED_EDGE('',*,*,#11763,.T.);
#11761=ORIENTED_EDGE('',*,*,#11764,.T.);
#11762=ORIENTED_EDGE('',*,*,#11765,.T.);
#11763=EDGE_CURVE('',#501,#499,#11766,.F.);
#11764=EDGE_CURVE('',#499,#561,#11767,.T.);
#11765=EDGE_CURVE('',#561,#501,#11768,.T.);
#11766=LINE('',#500,#11769);
#11767=LINE('',#498,#11770);
#11768=LINE('',#560,#11771);
#11769=VECTOR('',#11772,1.0);
#11770=VECTOR('',#11773,1.0);
#11771=VECTOR('',#11774,1.0);
#11772=DIRECTION('',(-0.5000020084760747,0.8660242441871309,0));
#11773=DIRECTION('',(0.0005900634643330957,-0.0009267022356513362,0.9999993965238552));
#11774=DIRECTION('',(0.005106050929076817,-0.008939199464925192,-0.9999470080743459));
#11775=FACE_SURFACE('',(#11780),#11776,.T.);
#11776=PLANE('',#11777);
#11777=AXIS2_PLACEMENT_3D('',#562,#11778,#11779);
#11778=DIRECTION('',(0.820288269785675,0.5719503058269275,4.60055166329746E-05));
#11779=DIRECTION('',(0.5719503064321961,-0.8202882706537483,0));
#11780=FACE_BOUND('',#11781,.T.);
#11781=EDGE_LOOP('',(#11782,#11783,#11784));
#11782=ORIENTED_EDGE('',*,*,#11785,.T.);
#11783=ORIENTED_EDGE('',*,*,#11786,.T.);
#11784=ORIENTED_EDGE('',*,*,#11787,.T.);
#11785=EDGE_CURVE('',#563,#561,#11788,.F.);
#11786=EDGE_CURVE('',#561,#499,#11789,.T.);
#11787=EDGE_CURVE('',#499,#563,#11790,.T.);
#11788=LINE('',#562,#11791);
#11789=LINE('',#560,#11792);
#11790=LINE('',#498,#11793);
#11791=VECTOR('',#11794,1.0);
#11792=VECTOR('',#11795,1.0);
#11793=VECTOR('',#11796,1.0);
#11794=DIRECTION('',(0.5719503064321961,-0.8202882706537483,0));
#11795=DIRECTION('',(-0.0005900634643330957,0.0009267022356513362,-0.9999993965238552));
#11796=DIRECTION('',(-0.005821252752779386,0.008268379500654809,0.9999488721513822));
#11797=FACE_SURFACE('',(#11802),#11798,.T.);
#11798=PLANE('',#11799);
#11799=AXIS2_PLACEMENT_3D('',#504,#11800,#11801);
#11800=DIRECTION('',(0.9096270153933168,0.4154259154513774,-4.0472604698231803E-05));
#11801=DIRECTION('',(-0.4154259157916178,0.9096270161383158,0));
#11802=FACE_BOUND('',#11803,.T.);
#11803=EDGE_LOOP('',(#11804,#11805,#11806));
#11804=ORIENTED_EDGE('',*,*,#11807,.T.);
#11805=ORIENTED_EDGE('',*,*,#11808,.T.);
#11806=ORIENTED_EDGE('',*,*,#11809,.T.);
#11807=EDGE_CURVE('',#505,#501,#11810,.F.);
#11808=EDGE_CURVE('',#501,#559,#11811,.T.);
#11809=EDGE_CURVE('',#559,#505,#11812,.T.);
#11810=LINE('',#504,#11813);
#11811=LINE('',#500,#11814);
#11812=LINE('',#558,#11815);
#11813=VECTOR('',#11816,1.0);
#11814=VECTOR('',#11817,1.0);
#11815=VECTOR('',#11818,1.0);
#11816=DIRECTION('',(-0.4154259157916178,0.9096270161383158,0));
#11817=DIRECTION('',(0.000416758188031804,-0.0008151198718889367,0.9999995809460157));
#11818=DIRECTION('',(0.004315894234854153,-0.00954760939820847,-0.9999451065992236));
#11819=FACE_SURFACE('',(#11824),#11820,.T.);
#11820=PLANE('',#11821);
#11821=AXIS2_PLACEMENT_3D('',#560,#11822,#11823);
#11822=DIRECTION('',(0.8701995347643557,0.49269947044733003,3.8946364216892014E-05));
#11823=DIRECTION('',(0.4926994708209981,-0.8701995354243235,0));
#11824=FACE_BOUND('',#11825,.T.);
#11825=EDGE_LOOP('',(#11826,#11827,#11828));
#11826=ORIENTED_EDGE('',*,*,#11829,.T.);
#11827=ORIENTED_EDGE('',*,*,#11830,.T.);
#11828=ORIENTED_EDGE('',*,*,#11831,.T.);
#11829=EDGE_CURVE('',#561,#559,#11832,.F.);
#11830=EDGE_CURVE('',#559,#501,#11833,.T.);
#11831=EDGE_CURVE('',#501,#561,#11834,.T.);
#11832=LINE('',#560,#11835);
#11833=LINE('',#558,#11836);
#11834=LINE('',#500,#11837);
#11835=VECTOR('',#11838,1.0);
#11836=VECTOR('',#11839,1.0);
#11837=VECTOR('',#11840,1.0);
#11838=DIRECTION('',(0.4926994708209981,-0.8701995354243235,0));
#11839=DIRECTION('',(-0.000416758188031804,0.0008151198718889367,-0.9999995809460157));
#11840=DIRECTION('',(-0.005106050929076817,0.008939199464925192,0.9999470080743459));
#11841=FACE_SURFACE('',(#11846),#11842,.T.);
#11842=PLANE('',#11843);
#11843=AXIS2_PLACEMENT_3D('',#502,#11844,#11845);
#11844=DIRECTION('',(0.9718065307415222,0.23577969837578683,-2.5336731288424638E-05));
#11845=DIRECTION('',(-0.23577969845146618,0.9718065310534477,0));
#11846=FACE_BOUND('',#11847,.T.);
#11847=EDGE_LOOP('',(#11848,#11849,#11850));
#11848=ORIENTED_EDGE('',*,*,#11851,.T.);
#11849=ORIENTED_EDGE('',*,*,#11852,.T.);
#11850=ORIENTED_EDGE('',*,*,#11853,.T.);
#11851=EDGE_CURVE('',#503,#507,#11854,.F.);
#11852=EDGE_CURVE('',#507,#549,#11855,.T.);
#11853=EDGE_CURVE('',#549,#503,#11856,.T.);
#11854=LINE('',#502,#11857);
#11855=LINE('',#506,#11858);
#11856=LINE('',#548,#11859);
#11857=VECTOR('',#11860,1.0);
#11858=VECTOR('',#11861,1.0);
#11859=VECTOR('',#11862,1.0);
#11860=DIRECTION('',(-0.23577969845146618,0.9718065310534477,0));
#11861=DIRECTION('',(0.0001540492725156973,-0.0005274812143729456,0.9999998490161836));
#11862=DIRECTION('',(0.002532036427347209,-0.010543676130688278,-0.9999412081143481));
#11863=FACE_SURFACE('',(#11868),#11864,.T.);
#11864=PLANE('',#11865);
#11865=AXIS2_PLACEMENT_3D('',#580,#11866,#11867);
#11866=DIRECTION('',(0.9727101903669189,0.23202345847386116,1.655840789030693E-05));
#11867=DIRECTION('',(-6.877200243117473E-05,0.0003596775727150438,-0.9999999329512255));
#11868=FACE_BOUND('',#11869,.T.);
#11869=EDGE_LOOP('',(#11870,#11871,#11872));
#11870=ORIENTED_EDGE('',*,*,#11873,.T.);
#11871=ORIENTED_EDGE('',*,*,#11874,.T.);
#11872=ORIENTED_EDGE('',*,*,#11875,.T.);
#11873=EDGE_CURVE('',#581,#503,#11876,.F.);
#11874=EDGE_CURVE('',#503,#549,#11877,.T.);
#11875=EDGE_CURVE('',#549,#581,#11878,.T.);
#11876=LINE('',#580,#11879);
#11877=LINE('',#502,#11880);
#11878=LINE('',#548,#11881);
#11879=VECTOR('',#11882,1.0);
#11880=VECTOR('',#11883,1.0);
#11881=VECTOR('',#11884,1.0);
#11882=DIRECTION('',(-6.877200243117473E-05,0.0003596775727150438,-0.9999999329512255));
#11883=DIRECTION('',(-0.002532036427347209,0.010543676130688278,0.9999412081143481));
#11884=DIRECTION('',(0.23202345850566936,-0.9727101905002681,0));
#11885=FACE_SURFACE('',(#11890),#11886,.T.);
#11886=PLANE('',#11887);
#11887=AXIS2_PLACEMENT_3D('',#506,#11888,#11889);
#11888=DIRECTION('',(0.9450054485014449,0.327054584476578,-3.2793839592989915E-05));
#11889=DIRECTION('',(-0.32705458465244114,0.9450054490095913,0));
#11890=FACE_BOUND('',#11891,.T.);
#11891=EDGE_LOOP('',(#11892,#11893,#11894));
#11892=ORIENTED_EDGE('',*,*,#11895,.T.);
#11893=ORIENTED_EDGE('',*,*,#11896,.T.);
#11894=ORIENTED_EDGE('',*,*,#11897,.T.);
#11895=EDGE_CURVE('',#507,#505,#11898,.F.);
#11896=EDGE_CURVE('',#505,#551,#11899,.T.);
#11897=EDGE_CURVE('',#551,#507,#11900,.T.);
#11898=LINE('',#506,#11901);
#11899=LINE('',#504,#11902);
#11900=LINE('',#550,#11903);
#11901=VECTOR('',#11904,1.0);
#11902=VECTOR('',#11905,1.0);
#11903=VECTOR('',#11906,1.0);
#11904=DIRECTION('',(-0.32705458465244114,0.9450054490095913,0));
#11905=DIRECTION('',(0.0002702739151938782,-0.0006806707571581195,0.9999997318196296));
#11906=DIRECTION('',(0.0034555969751678788,-0.01008501363981706,-0.9999431740601212));
#11907=FACE_SURFACE('',(#11912),#11908,.T.);
#11908=PLANE('',#11909);
#11909=AXIS2_PLACEMENT_3D('',#558,#11910,#11911);
#11910=DIRECTION('',(0.9124733919224729,0.40913605074333353,3.1869197841716096E-05));
#11911=DIRECTION('',(0.40913605095110217,-0.9124733923858477,0));
#11912=FACE_BOUND('',#11913,.T.);
#11913=EDGE_LOOP('',(#11914,#11915,#11916));
#11914=ORIENTED_EDGE('',*,*,#11917,.T.);
#11915=ORIENTED_EDGE('',*,*,#11918,.T.);
#11916=ORIENTED_EDGE('',*,*,#11919,.T.);
#11917=EDGE_CURVE('',#559,#551,#11920,.F.);
#11918=EDGE_CURVE('',#551,#505,#11921,.T.);
#11919=EDGE_CURVE('',#505,#559,#11922,.T.);
#11920=LINE('',#558,#11923);
#11921=LINE('',#550,#11924);
#11922=LINE('',#504,#11925);
#11923=VECTOR('',#11926,1.0);
#11924=VECTOR('',#11927,1.0);
#11925=VECTOR('',#11928,1.0);
#11926=DIRECTION('',(0.40913605095110217,-0.9124733923858477,0));
#11927=DIRECTION('',(-0.0002702739151938782,0.0006806707571581195,-0.9999997318196296));
#11928=DIRECTION('',(-0.004315894234854153,0.00954760939820847,0.9999451065992236));
#11929=FACE_SURFACE('',(#11934),#11930,.T.);
#11930=PLANE('',#11931);
#11931=AXIS2_PLACEMENT_3D('',#550,#11932,#11933);
#11932=DIRECTION('',(0.9467346897551436,0.32201463730335816,2.4012885334041823E-05));
#11933=DIRECTION('',(0.322014637396198,-0.9467346900280961,0));
#11934=FACE_BOUND('',#11935,.T.);
#11935=EDGE_LOOP('',(#11936,#11937,#11938));
#11936=ORIENTED_EDGE('',*,*,#11939,.T.);
#11937=ORIENTED_EDGE('',*,*,#11940,.T.);
#11938=ORIENTED_EDGE('',*,*,#11941,.T.);
#11939=EDGE_CURVE('',#551,#549,#11942,.F.);
#11940=EDGE_CURVE('',#549,#507,#11943,.T.);
#11941=EDGE_CURVE('',#507,#551,#11944,.T.);
#11942=LINE('',#550,#11945);
#11943=LINE('',#548,#11946);
#11944=LINE('',#506,#11947);
#11945=VECTOR('',#11948,1.0);
#11946=VECTOR('',#11949,1.0);
#11947=VECTOR('',#11950,1.0);
#11948=DIRECTION('',(0.322014637396198,-0.9467346900280961,0));
#11949=DIRECTION('',(-0.0001540492725156973,0.0005274812143729456,-0.9999998490161836));
#11950=DIRECTION('',(-0.0034555969751678788,0.01008501363981706,0.9999431740601212));
#11951=FACE_SURFACE('',(#11956),#11952,.T.);
#11952=PLANE('',#11953);
#11953=AXIS2_PLACEMENT_3D('',#508,#11954,#11955);
#11954=DIRECTION('',(0.7067189216516543,-0.03311693764595192,0.7067189216516543));
#11955=DIRECTION('',(0.04680876107437253,0.9989038691919669,0));
#11956=FACE_BOUND('',#11957,.T.);
#11957=EDGE_LOOP('',(#11958,#11959,#11960));
#11958=ORIENTED_EDGE('',*,*,#11961,.T.);
#11959=ORIENTED_EDGE('',*,*,#11962,.T.);
#11960=ORIENTED_EDGE('',*,*,#11963,.T.);
#11961=EDGE_CURVE('',#509,#577,#11964,.F.);
#11962=EDGE_CURVE('',#577,#511,#11965,.T.);
#11963=EDGE_CURVE('',#511,#509,#11966,.T.);
#11964=LINE('',#508,#11967);
#11965=LINE('',#576,#11968);
#11966=LINE('',#510,#11969);
#11967=VECTOR('',#11970,1.0);
#11968=VECTOR('',#11971,1.0);
#11969=VECTOR('',#11972,1.0);
#11970=DIRECTION('',(0.04680876107437253,0.9989038691919669,0));
#11971=DIRECTION('',(-0.7071067811865475,0,0.7071067811865475));
#11972=DIRECTION('',(0.5601944888422086,-0.5839169556733411,-0.5875569109013985));
#11973=FACE_SURFACE('',(#11978),#11974,.T.);
#11974=PLANE('',#11975);
#11975=AXIS2_PLACEMENT_3D('',#582,#11976,#11977);
#11976=DIRECTION('',(0,0,1));
#11977=DIRECTION('',(0.9841880837201117,-0.17712655324184023,0));
#11978=FACE_BOUND('',#11979,.T.);
#11979=EDGE_LOOP('',(#11980,#11981,#11982));
#11980=ORIENTED_EDGE('',*,*,#11983,.T.);
#11981=ORIENTED_EDGE('',*,*,#11984,.T.);
#11982=ORIENTED_EDGE('',*,*,#11985,.T.);
#11983=EDGE_CURVE('',#583,#511,#11986,.F.);
#11984=EDGE_CURVE('',#511,#585,#11987,.T.);
#11985=EDGE_CURVE('',#585,#583,#11988,.T.);
#11986=LINE('',#582,#11989);
#11987=LINE('',#510,#11990);
#11988=LINE('',#584,#11991);
#11989=VECTOR('',#11992,1.0);
#11990=VECTOR('',#11993,1.0);
#11991=VECTOR('',#11994,1.0);
#11992=DIRECTION('',(0.9841880837201117,-0.17712655324184023,0));
#11993=DIRECTION('',(-0.05000566509561106,0.9987489341462876,0));
#11994=DIRECTION('',(-0.9996064681530157,0.028051895241751577,0));
#11995=FACE_SURFACE('',(#12000),#11996,.T.);
#11996=PLANE('',#11997);
#11997=AXIS2_PLACEMENT_3D('',#578,#11998,#11999);
#11998=DIRECTION('',(0.7055400920370914,0.03532519570004944,0.707789028649813));
#11999=DIRECTION('',(-0.707451164909197,-0.02344302339687829,0.7063733247530187));
#12000=FACE_BOUND('',#12001,.T.);
#12001=EDGE_LOOP('',(#12002,#12003,#12004));
#12002=ORIENTED_EDGE('',*,*,#12005,.T.);
#12003=ORIENTED_EDGE('',*,*,#12006,.T.);
#12004=ORIENTED_EDGE('',*,*,#12007,.T.);
#12005=EDGE_CURVE('',#579,#585,#12008,.F.);
#12006=EDGE_CURVE('',#585,#511,#12009,.T.);
#12007=EDGE_CURVE('',#511,#579,#12010,.T.);
#12008=LINE('',#578,#12011);
#12009=LINE('',#584,#12012);
#12010=LINE('',#510,#12013);
#12011=VECTOR('',#12014,1.0);
#12012=VECTOR('',#12015,1.0);
#12013=VECTOR('',#12016,1.0);
#12014=DIRECTION('',(-0.707451164909197,-0.02344302339687829,0.7063733247530187));
#12015=DIRECTION('',(0.05000566509561106,-0.9987489341462876,0));
#12016=DIRECTION('',(0.5601974214906423,0.5839110470562712,-0.587559986793591));
#12017=FACE_SURFACE('',(#12022),#12018,.T.);
#12018=PLANE('',#12019);
#12019=AXIS2_PLACEMENT_3D('',#586,#12020,#12021);
#12020=DIRECTION('',(-0,-0,1));
#12021=DIRECTION('',(0.9956733090758058,-0.09292287981996157,0));
#12022=FACE_BOUND('',#12023,.T.);
#12023=EDGE_LOOP('',(#12024,#12025,#12026));
#12024=ORIENTED_EDGE('',*,*,#12027,.T.);
#12025=ORIENTED_EDGE('',*,*,#12028,.T.);
#12026=ORIENTED_EDGE('',*,*,#12029,.T.);
#12027=EDGE_CURVE('',#587,#511,#12030,.F.);
#12028=EDGE_CURVE('',#511,#583,#12031,.T.);
#12029=EDGE_CURVE('',#583,#587,#12032,.T.);
#12030=LINE('',#586,#12033);
#12031=LINE('',#510,#12034);
#12032=LINE('',#582,#12035);
#12033=VECTOR('',#12036,1.0);
#12034=VECTOR('',#12037,1.0);
#12035=VECTOR('',#12038,1.0);
#12036=DIRECTION('',(0.9956733090758058,-0.09292287981996157,0));
#12037=DIRECTION('',(-0.9841880837201117,0.17712655324184023,0));
#12038=DIRECTION('',(0.24548466723424744,-0.9694004735674987,0));
#12039=FACE_SURFACE('',(#12044),#12040,.T.);
#12040=PLANE('',#12041);
#12041=AXIS2_PLACEMENT_3D('',#576,#12042,#12043);
#12042=DIRECTION('',(0.7067189097508593,0.033117445570477404,0.7067189097508593));
#12043=DIRECTION('',(-0.04680947820802894,0.9989038355867356,0));
#12044=FACE_BOUND('',#12045,.T.);
#12045=EDGE_LOOP('',(#12046,#12047,#12048));
#12046=ORIENTED_EDGE('',*,*,#12049,.T.);
#12047=ORIENTED_EDGE('',*,*,#12050,.T.);
#12048=ORIENTED_EDGE('',*,*,#12051,.T.);
#12049=EDGE_CURVE('',#577,#579,#12052,.F.);
#12050=EDGE_CURVE('',#579,#511,#12053,.T.);
#12051=EDGE_CURVE('',#511,#577,#12054,.T.);
#12052=LINE('',#576,#12055);
#12053=LINE('',#578,#12056);
#12054=LINE('',#510,#12057);
#12055=VECTOR('',#12058,1.0);
#12056=VECTOR('',#12059,1.0);
#12057=VECTOR('',#12060,1.0);
#12058=DIRECTION('',(-0.04680947820802894,0.9989038355867356,0));
#12059=DIRECTION('',(-0.5601974214906423,-0.5839110470562712,0.587559986793591));
#12060=DIRECTION('',(0.7071067811865475,0,-0.7071067811865475));
#12061=FACE_SURFACE('',(#12066),#12062,.T.);
#12062=PLANE('',#12063);
#12063=AXIS2_PLACEMENT_3D('',#512,#12064,#12065);
#12064=DIRECTION('',(0,-0,1));
#12065=DIRECTION('',(1,0,0));
#12066=FACE_BOUND('',#12067,.T.);
#12067=EDGE_LOOP('',(#12068,#12069,#12070));
#12068=ORIENTED_EDGE('',*,*,#12071,.T.);
#12069=ORIENTED_EDGE('',*,*,#12072,.T.);
#12070=ORIENTED_EDGE('',*,*,#12073,.T.);
#12071=EDGE_CURVE('',#513,#511,#12074,.F.);
#12072=EDGE_CURVE('',#511,#587,#12075,.T.);
#12073=EDGE_CURVE('',#587,#513,#12076,.T.);
#12074=LINE('',#512,#12077);
#12075=LINE('',#510,#12078);
#12076=LINE('',#586,#12079);
#12077=VECTOR('',#12080,1.0);
#12078=VECTOR('',#12081,1.0);
#12079=VECTOR('',#12082,1.0);
#12080=DIRECTION('',(1,0,0));
#12081=DIRECTION('',(-0.9956733090758058,0.09292287981996157,0));
#12082=DIRECTION('',(0.082569235429897,-0.9965853306970369,0));
#12083=FACE_SURFACE('',(#12088),#12084,.T.);
#12084=PLANE('',#12085);
#12085=AXIS2_PLACEMENT_3D('',#514,#12086,#12087);
#12086=DIRECTION('',(-0.7058963522222168,0.05848657827857639,0.7058963522222168));
#12087=DIRECTION('',(0.08257140760913317,0.9965851507249376,0));
#12088=FACE_BOUND('',#12089,.T.);
#12089=EDGE_LOOP('',(#12090,#12091,#12092));
#12090=ORIENTED_EDGE('',*,*,#12093,.T.);
#12091=ORIENTED_EDGE('',*,*,#12094,.T.);
#12092=ORIENTED_EDGE('',*,*,#12095,.T.);
#12093=EDGE_CURVE('',#515,#513,#12096,.F.);
#12094=EDGE_CURVE('',#513,#571,#12097,.T.);
#12095=EDGE_CURVE('',#571,#515,#12098,.T.);
#12096=LINE('',#514,#12099);
#12097=LINE('',#512,#12100);
#12098=LINE('',#570,#12101);
#12099=VECTOR('',#12102,1.0);
#12100=VECTOR('',#12103,1.0);
#12101=VECTOR('',#12104,1.0);
#12102=DIRECTION('',(0.08257140760913317,0.9965851507249376,0));
#12103=DIRECTION('',(-0.7071067811865475,0,-0.7071067811865475));
#12104=DIRECTION('',(0.6364514599684171,-0.3850139720578716,0.6683515395540665));
#12105=FACE_SURFACE('',(#12110),#12106,.T.);
#12106=PLANE('',#12107);
#12107=AXIS2_PLACEMENT_3D('',#512,#12108,#12109);
#12108=DIRECTION('',(-0.7058964161787187,-0.05848503442832632,0.7058964161787187));
#12109=DIRECTION('',(-0.082569235429897,0.9965853306970369,0));
#12110=FACE_BOUND('',#12111,.T.);
#12111=EDGE_LOOP('',(#12112,#12113,#12114));
#12112=ORIENTED_EDGE('',*,*,#12115,.T.);
#12113=ORIENTED_EDGE('',*,*,#12116,.T.);
#12114=ORIENTED_EDGE('',*,*,#12117,.T.);
#12115=EDGE_CURVE('',#513,#587,#12118,.F.);
#12116=EDGE_CURVE('',#587,#571,#12119,.T.);
#12117=EDGE_CURVE('',#571,#513,#12120,.T.);
#12118=LINE('',#512,#12121);
#12119=LINE('',#586,#12122);
#12120=LINE('',#570,#12123);
#12121=VECTOR('',#12124,1.0);
#12122=VECTOR('',#12125,1.0);
#12123=VECTOR('',#12126,1.0);
#12124=DIRECTION('',(-0.082569235429897,0.9965853306970369,0));
#12125=DIRECTION('',(-0.6364489609469125,-0.38502265849874595,-0.6683489152771577));
#12126=DIRECTION('',(0.7071067811865475,0,0.7071067811865475));
#12127=FACE_SURFACE('',(#12132),#12128,.T.);
#12128=PLANE('',#12129);
#12129=AXIS2_PLACEMENT_3D('',#518,#12130,#12131);
#12130=DIRECTION('',(-0.7022440404195862,0.06916322745802514,0.7085688079945123));
#12131=DIRECTION('',(0.7058390673793347,-0.06234071938688064,0.705623728106841));
#12132=FACE_BOUND('',#12133,.T.);
#12133=EDGE_LOOP('',(#12134,#12135,#12136));
#12134=ORIENTED_EDGE('',*,*,#12137,.T.);
#12135=ORIENTED_EDGE('',*,*,#12138,.T.);
#12136=ORIENTED_EDGE('',*,*,#12139,.T.);
#12137=EDGE_CURVE('',#519,#515,#12140,.F.);
#12138=EDGE_CURVE('',#515,#571,#12141,.T.);
#12139=EDGE_CURVE('',#571,#519,#12142,.T.);
#12140=LINE('',#518,#12143);
#12141=LINE('',#514,#12144);
#12142=LINE('',#570,#12145);
#12143=VECTOR('',#12146,1.0);
#12144=VECTOR('',#12147,1.0);
#12145=VECTOR('',#12148,1.0);
#12146=DIRECTION('',(0.7058390673793347,-0.06234071938688064,0.705623728106841));
#12147=DIRECTION('',(-0.6364514599684171,0.3850139720578716,-0.6683515395540665));
#12148=DIRECTION('',(-0.09801465104524347,-0.9951849718421591,0));
#12149=FACE_SURFACE('',(#12154),#12150,.T.);
#12150=PLANE('',#12151);
#12151=AXIS2_PLACEMENT_3D('',#528,#12152,#12153);
#12152=DIRECTION('',(0.18925373026288145,0.9819282131205781,-9.929457861180645E-05));
#12153=DIRECTION('',(-0.9819282179611961,0.18925373119584682,0));
#12154=FACE_BOUND('',#12155,.T.);
#12155=EDGE_LOOP('',(#12156,#12157,#12158));
#12156=ORIENTED_EDGE('',*,*,#12159,.T.);
#12157=ORIENTED_EDGE('',*,*,#12160,.T.);
#12158=ORIENTED_EDGE('',*,*,#12161,.T.);
#12159=EDGE_CURVE('',#529,#535,#12162,.F.);
#12160=EDGE_CURVE('',#535,#539,#12163,.T.);
#12161=EDGE_CURVE('',#539,#529,#12164,.T.);
#12162=LINE('',#528,#12165);
#12163=LINE('',#534,#12166);
#12164=LINE('',#538,#12167);
#12165=VECTOR('',#12168,1.0);
#12166=VECTOR('',#12169,1.0);
#12167=VECTOR('',#12170,1.0);
#12168=DIRECTION('',(-0.9819282179611961,0.18925373119584682,0));
#12169=DIRECTION('',(0.00271373316385364,-0.00042191467207912023,0.9999962288130515));
#12170=DIRECTION('',(0.008473082074314336,-0.0017341932246491502,-0.9999625990275944));
#12171=FACE_SURFACE('',(#12176),#12172,.T.);
#12172=PLANE('',#12173);
#12173=AXIS2_PLACEMENT_3D('',#538,#12174,#12175);
#12174=DIRECTION('',(0.21098270195234858,0.9774897906969381,9.252103808929588E-05));
#12175=DIRECTION('',(0.9774897948806641,-0.2109827028553696,0));
#12176=FACE_BOUND('',#12177,.T.);
#12177=EDGE_LOOP('',(#12178,#12179,#12180));
#12178=ORIENTED_EDGE('',*,*,#12181,.T.);
#12179=ORIENTED_EDGE('',*,*,#12182,.T.);
#12180=ORIENTED_EDGE('',*,*,#12183,.T.);
#12181=EDGE_CURVE('',#539,#531,#12184,.F.);
#12182=EDGE_CURVE('',#531,#529,#12185,.T.);
#12183=EDGE_CURVE('',#529,#539,#12186,.T.);
#12184=LINE('',#538,#12187);
#12185=LINE('',#530,#12188);
#12186=LINE('',#528,#12189);
#12187=VECTOR('',#12190,1.0);
#12188=VECTOR('',#12191,1.0);
#12189=VECTOR('',#12192,1.0);
#12190=DIRECTION('',(0.9774897948806641,-0.2109827028553696,0));
#12191=DIRECTION('',(-0.0024840367363038454,0.0006308091628944358,-0.9999967158152534));
#12192=DIRECTION('',(-0.008473082074314336,0.0017341932246491502,0.9999625990275944));
#12193=FACE_SURFACE('',(#12198),#12194,.T.);
#12194=PLANE('',#12195);
#12195=AXIS2_PLACEMENT_3D('',#588,#12196,#12197);
#12196=DIRECTION('',(-0.8819354623245728,-0.4713701733185311,-0));
#12197=DIRECTION('',(0,0,-1));
#12198=FACE_BOUND('',#12199,.T.);
#12199=EDGE_LOOP('',(#12200,#12201,#12202));
#12200=ORIENTED_EDGE('',*,*,#12203,.T.);
#12201=ORIENTED_EDGE('',*,*,#12204,.T.);
#12202=ORIENTED_EDGE('',*,*,#12205,.T.);
#12203=EDGE_CURVE('',#589,#537,#12206,.F.);
#12204=EDGE_CURVE('',#537,#533,#12207,.T.);
#12205=EDGE_CURVE('',#533,#589,#12208,.T.);
#12206=LINE('',#588,#12209);
#12207=LINE('',#536,#12210);
#12208=LINE('',#532,#12211);
#12209=VECTOR('',#12212,1.0);
#12210=VECTOR('',#12213,1.0);
#12211=VECTOR('',#12214,1.0);
#12212=DIRECTION('',(0,0,-1));
#12213=DIRECTION('',(0.47137017331853115,-0.8819354623245728,0));
#12214=DIRECTION('',(-0.00962374638266073,0.018006067620979557,0.9997915607937442));
#12215=FACE_SURFACE('',(#12220),#12216,.T.);
#12216=PLANE('',#12217);
#12217=AXIS2_PLACEMENT_3D('',#588,#12218,#12219);
#12218=DIRECTION('',(-0.8819354623245728,-0.4713701733185311,0));
#12219=DIRECTION('',(0.00962374638266073,-0.018006067620979557,-0.9997915607937442));
#12220=FACE_BOUND('',#12221,.T.);
#12221=EDGE_LOOP('',(#12222,#12223,#12224));
#12222=ORIENTED_EDGE('',*,*,#12225,.T.);
#12223=ORIENTED_EDGE('',*,*,#12226,.T.);
#12224=ORIENTED_EDGE('',*,*,#12227,.T.);
#12225=EDGE_CURVE('',#589,#533,#12228,.F.);
#12226=EDGE_CURVE('',#533,#575,#12229,.T.);
#12227=EDGE_CURVE('',#575,#589,#12230,.T.);
#12228=LINE('',#588,#12231);
#12229=LINE('',#532,#12232);
#12230=LINE('',#574,#12233);
#12231=VECTOR('',#12234,1.0);
#12232=VECTOR('',#12235,1.0);
#12233=VECTOR('',#12236,1.0);
#12234=DIRECTION('',(0.00962374638266073,-0.018006067620979557,-0.9997915607937442));
#12235=DIRECTION('',(0,0,1));
#12236=DIRECTION('',(-0.47137017331853115,0.8819354623245728,0));
#12237=FACE_SURFACE('',(#12242),#12238,.T.);
#12238=PLANE('',#12239);
#12239=AXIS2_PLACEMENT_3D('',#590,#12240,#12241);
#12240=DIRECTION('',(-0.7729950676754879,-0.6344120312142321,-0));
#12241=DIRECTION('',(0,0,-1));
#12242=FACE_BOUND('',#12243,.T.);
#12243=EDGE_LOOP('',(#12244,#12245,#12246));
#12244=ORIENTED_EDGE('',*,*,#12247,.T.);
#12245=ORIENTED_EDGE('',*,*,#12248,.T.);
#12246=ORIENTED_EDGE('',*,*,#12249,.T.);
#12247=EDGE_CURVE('',#591,#541,#12250,.F.);
#12248=EDGE_CURVE('',#541,#537,#12251,.T.);
#12249=EDGE_CURVE('',#537,#591,#12252,.T.);
#12250=LINE('',#590,#12253);
#12251=LINE('',#540,#12254);
#12252=LINE('',#536,#12255);
#12253=VECTOR('',#12256,1.0);
#12254=VECTOR('',#12257,1.0);
#12255=VECTOR('',#12258,1.0);
#12256=DIRECTION('',(0,0,-1));
#12257=DIRECTION('',(0.6344120312142322,-0.772995067675488,0));
#12258=DIRECTION('',(-0.0129520118462612,0.01578129162284682,0.9997915763917242));
#12259=FACE_SURFACE('',(#12264),#12260,.T.);
#12260=PLANE('',#12261);
#12261=AXIS2_PLACEMENT_3D('',#590,#12262,#12263);
#12262=DIRECTION('',(-0.7729950676754879,-0.6344120312142321,0));
#12263=DIRECTION('',(0.0129520118462612,-0.01578129162284682,-0.9997915763917242));
#12264=FACE_BOUND('',#12265,.T.);
#12265=EDGE_LOOP('',(#12266,#12267,#12268));
#12266=ORIENTED_EDGE('',*,*,#12269,.T.);
#12267=ORIENTED_EDGE('',*,*,#12270,.T.);
#12268=ORIENTED_EDGE('',*,*,#12271,.T.);
#12269=EDGE_CURVE('',#591,#537,#12272,.F.);
#12270=EDGE_CURVE('',#537,#589,#12273,.T.);
#12271=EDGE_CURVE('',#589,#591,#12274,.T.);
#12272=LINE('',#590,#12275);
#12273=LINE('',#536,#12276);
#12274=LINE('',#588,#12277);
#12275=VECTOR('',#12278,1.0);
#12276=VECTOR('',#12279,1.0);
#12277=VECTOR('',#12280,1.0);
#12278=DIRECTION('',(0.0129520118462612,-0.01578129162284682,-0.9997915763917242));
#12279=DIRECTION('',(0,0,1));
#12280=DIRECTION('',(-0.6344120312142322,0.772995067675488,0));
#12281=FACE_SURFACE('',(#12286),#12282,.T.);
#12282=PLANE('',#12283);
#12283=AXIS2_PLACEMENT_3D('',#592,#12284,#12285);
#12284=DIRECTION('',(-0.63437815811974,-0.7730228667384984,-0));
#12285=DIRECTION('',(0,0,-1));
#12286=FACE_BOUND('',#12287,.T.);
#12287=EDGE_LOOP('',(#12288,#12289,#12290));
#12288=ORIENTED_EDGE('',*,*,#12291,.T.);
#12289=ORIENTED_EDGE('',*,*,#12292,.T.);
#12290=ORIENTED_EDGE('',*,*,#12293,.T.);
#12291=EDGE_CURVE('',#593,#569,#12294,.F.);
#12292=EDGE_CURVE('',#569,#541,#12295,.T.);
#12293=EDGE_CURVE('',#541,#593,#12296,.T.);
#12294=LINE('',#592,#12297);
#12295=LINE('',#568,#12298);
#12296=LINE('',#540,#12299);
#12297=VECTOR('',#12300,1.0);
#12298=VECTOR('',#12301,1.0);
#12299=VECTOR('',#12302,1.0);
#12300=DIRECTION('',(0,0,-1));
#12301=DIRECTION('',(0.7730228667384983,-0.63437815811974,0));
#12302=DIRECTION('',(-0.01578192724482315,0.012951376172598344,0.9997915745932624));
#12303=FACE_SURFACE('',(#12308),#12304,.T.);
#12304=PLANE('',#12305);
#12305=AXIS2_PLACEMENT_3D('',#592,#12306,#12307);
#12306=DIRECTION('',(-0.63437815811974,-0.7730228667384984,0));
#12307=DIRECTION('',(0.01578192724482315,-0.012951376172598344,-0.9997915745932624));
#12308=FACE_BOUND('',#12309,.T.);
#12309=EDGE_LOOP('',(#12310,#12311,#12312));
#12310=ORIENTED_EDGE('',*,*,#12313,.T.);
#12311=ORIENTED_EDGE('',*,*,#12314,.T.);
#12312=ORIENTED_EDGE('',*,*,#12315,.T.);
#12313=EDGE_CURVE('',#593,#541,#12316,.F.);
#12314=EDGE_CURVE('',#541,#591,#12317,.T.);
#12315=EDGE_CURVE('',#591,#593,#12318,.T.);
#12316=LINE('',#592,#12319);
#12317=LINE('',#540,#12320);
#12318=LINE('',#590,#12321);
#12319=VECTOR('',#12322,1.0);
#12320=VECTOR('',#12323,1.0);
#12321=VECTOR('',#12324,1.0);
#12322=DIRECTION('',(0.01578192724482315,-0.012951376172598344,-0.9997915745932624));
#12323=DIRECTION('',(0,0,1));
#12324=DIRECTION('',(-0.7730228667384983,0.63437815811974,0));
#12325=FACE_SURFACE('',(#12330),#12326,.T.);
#12326=PLANE('',#12327);
#12327=AXIS2_PLACEMENT_3D('',#592,#12328,#12329);
#12328=DIRECTION('',(-0.33309928302326197,-0.623122917399833,0.7076458842249487));
#12329=DIRECTION('',(0.011303948809026115,0.7478129360408504,0.6638132519250318));
#12330=FACE_BOUND('',#12331,.T.);
#12331=EDGE_LOOP('',(#12332,#12333,#12334));
#12332=ORIENTED_EDGE('',*,*,#12335,.T.);
#12333=ORIENTED_EDGE('',*,*,#12336,.T.);
#12334=ORIENTED_EDGE('',*,*,#12337,.T.);
#12335=EDGE_CURVE('',#593,#547,#12338,.F.);
#12336=EDGE_CURVE('',#547,#543,#12339,.T.);
#12337=EDGE_CURVE('',#543,#593,#12340,.T.);
#12338=LINE('',#592,#12341);
#12339=LINE('',#546,#12342);
#12340=LINE('',#542,#12343);
#12341=VECTOR('',#12344,1.0);
#12342=VECTOR('',#12345,1.0);
#12343=VECTOR('',#12346,1.0);
#12344=DIRECTION('',(0.011303948809026115,0.7478129360408504,0.6638132519250318));
#12345=DIRECTION('',(-0.3173496966815023,-0.6326297214281252,-0.7064480204388226));
#12346=DIRECTION('',(0.8819017617466565,-0.4714332218121073,0));
#12347=FACE_SURFACE('',(#12352),#12348,.T.);
#12348=PLANE('',#12349);
#12349=AXIS2_PLACEMENT_3D('',#542,#12350,#12351);
#12350=DIRECTION('',(-0.47143322181210723,-0.8819017617466565,0));
#12351=DIRECTION('',(0.018004161177942377,-0.009624382304590649,-0.9997915890051956));
#12352=FACE_BOUND('',#12353,.T.);
#12353=EDGE_LOOP('',(#12354,#12355,#12356));
#12354=ORIENTED_EDGE('',*,*,#12357,.T.);
#12355=ORIENTED_EDGE('',*,*,#12358,.T.);
#12356=ORIENTED_EDGE('',*,*,#12359,.T.);
#12357=EDGE_CURVE('',#543,#569,#12360,.F.);
#12358=EDGE_CURVE('',#569,#593,#12361,.T.);
#12359=EDGE_CURVE('',#593,#543,#12362,.T.);
#12360=LINE('',#542,#12363);
#12361=LINE('',#568,#12364);
#12362=LINE('',#592,#12365);
#12363=VECTOR('',#12366,1.0);
#12364=VECTOR('',#12367,1.0);
#12365=VECTOR('',#12368,1.0);
#12366=DIRECTION('',(0.018004161177942377,-0.009624382304590649,-0.9997915890051956));
#12367=DIRECTION('',(0,0,1));
#12368=DIRECTION('',(-0.8819017617466565,0.4714332218121073,0));
#12369=FACE_SURFACE('',(#12374),#12370,.T.);
#12370=PLANE('',#12371);
#12371=AXIS2_PLACEMENT_3D('',#542,#12372,#12373);
#12372=DIRECTION('',(-0.47143322181210723,-0.8819017617466565,-0));
#12373=DIRECTION('',(0,0,-1));
#12374=FACE_BOUND('',#12375,.T.);
#12375=EDGE_LOOP('',(#12376,#12377,#12378));
#12376=ORIENTED_EDGE('',*,*,#12379,.T.);
#12377=ORIENTED_EDGE('',*,*,#12380,.T.);
#12378=ORIENTED_EDGE('',*,*,#12381,.T.);
#12379=EDGE_CURVE('',#543,#545,#12382,.F.);
#12380=EDGE_CURVE('',#545,#569,#12383,.T.);
#12381=EDGE_CURVE('',#569,#543,#12384,.T.);
#12382=LINE('',#542,#12385);
#12383=LINE('',#544,#12386);
#12384=LINE('',#568,#12387);
#12385=VECTOR('',#12388,1.0);
#12386=VECTOR('',#12389,1.0);
#12387=VECTOR('',#12390,1.0);
#12388=DIRECTION('',(0,0,-1));
#12389=DIRECTION('',(0.8819017617466565,-0.4714332218121073,0));
#12390=DIRECTION('',(-0.018004161177942377,0.009624382304590649,0.9997915890051956));
#12391=FACE_SURFACE('',(#12396),#12392,.T.);
#12392=PLANE('',#12393);
#12393=AXIS2_PLACEMENT_3D('',#556,#12394,#12395);
#12394=DIRECTION('',(-0.3367407932728992,-0.6222327381408713,0.7067050712508384));
#12395=DIRECTION('',(-0.8794706304463946,0.4759531596514736,0));
#12396=FACE_BOUND('',#12397,.T.);
#12397=EDGE_LOOP('',(#12398,#12399,#12400));
#12398=ORIENTED_EDGE('',*,*,#12401,.T.);
#12399=ORIENTED_EDGE('',*,*,#12402,.T.);
#12400=ORIENTED_EDGE('',*,*,#12403,.T.);
#12401=EDGE_CURVE('',#557,#547,#12404,.F.);
#12402=EDGE_CURVE('',#547,#593,#12405,.T.);
#12403=EDGE_CURVE('',#593,#557,#12406,.T.);
#12404=LINE('',#556,#12407);
#12405=LINE('',#546,#12408);
#12406=LINE('',#592,#12409);
#12407=VECTOR('',#12410,1.0);
#12408=VECTOR('',#12411,1.0);
#12409=VECTOR('',#12412,1.0);
#12410=DIRECTION('',(-0.8794706304463946,0.4759531596514736,0));
#12411=DIRECTION('',(-0.011303948809026115,-0.7478129360408504,-0.6638132519250318));
#12412=DIRECTION('',(0.37141813193944456,0.6019040527442224,0.7069371135799093));
#12413=FACE_SURFACE('',(#12418),#12414,.T.);
#12414=PLANE('',#12415);
#12415=AXIS2_PLACEMENT_3D('',#580,#12416,#12417);
#12416=DIRECTION('',(0.6898903176409679,0.1645615919848719,0.7049615819806417));
#12417=DIRECTION('',(-0.23202345850566936,0.9727101905002681,0));
#12418=FACE_BOUND('',#12419,.T.);
#12419=EDGE_LOOP('',(#12420,#12421,#12422));
#12420=ORIENTED_EDGE('',*,*,#12423,.T.);
#12421=ORIENTED_EDGE('',*,*,#12424,.T.);
#12422=ORIENTED_EDGE('',*,*,#12425,.T.);
#12423=EDGE_CURVE('',#581,#549,#12426,.F.);
#12424=EDGE_CURVE('',#549,#553,#12427,.T.);
#12425=EDGE_CURVE('',#553,#581,#12428,.T.);
#12426=LINE('',#580,#12429);
#12427=LINE('',#548,#12430);
#12428=LINE('',#552,#12431);
#12429=VECTOR('',#12432,1.0);
#12430=VECTOR('',#12433,1.0);
#12431=VECTOR('',#12434,1.0);
#12432=DIRECTION('',(-0.23202345850566936,0.9727101905002681,0));
#12433=DIRECTION('',(-0.4741100276567924,-0.6331984558549308,0.6117837830297619));
#12434=DIRECTION('',(0.7083514859655239,0.04738032801781047,-0.7042679013325531));
#12435=FACE_SURFACE('',(#12440),#12436,.T.);
#12436=PLANE('',#12437);
#12437=AXIS2_PLACEMENT_3D('',#584,#12438,#12439);
#12438=DIRECTION('',(0.6975841511352537,0.10534556005591669,0.7087162091143482));
#12439=DIRECTION('',(0.5170792343660687,0.6106959795091538,-0.5997328455227007));
#12440=FACE_BOUND('',#12441,.T.);
#12441=EDGE_LOOP('',(#12442,#12443,#12444));
#12442=ORIENTED_EDGE('',*,*,#12445,.T.);
#12443=ORIENTED_EDGE('',*,*,#12446,.T.);
#12444=ORIENTED_EDGE('',*,*,#12447,.T.);
#12445=EDGE_CURVE('',#585,#581,#12448,.F.);
#12446=EDGE_CURVE('',#581,#553,#12449,.T.);
#12447=EDGE_CURVE('',#553,#585,#12450,.T.);
#12448=LINE('',#584,#12451);
#12449=LINE('',#580,#12452);
#12450=LINE('',#552,#12453);
#12451=VECTOR('',#12454,1.0);
#12452=VECTOR('',#12455,1.0);
#12453=VECTOR('',#12456,1.0);
#12454=DIRECTION('',(0.5170792343660687,0.6106959795091538,-0.5997328455227007));
#12455=DIRECTION('',(-0.7083514859655239,-0.04738032801781047,0.7042679013325531));
#12456=DIRECTION('',(0.14932176259886085,-0.9887886585182748,0));
#12457=FACE_SURFACE('',(#12462),#12458,.T.);
#12458=PLANE('',#12459);
#12459=AXIS2_PLACEMENT_3D('',#594,#12460,#12461);
#12460=DIRECTION('',(0,0,1));
#12461=DIRECTION('',(0.9851148053375468,-0.17189770302353463,0));
#12462=FACE_BOUND('',#12463,.T.);
#12463=EDGE_LOOP('',(#12464,#12465,#12466));
#12464=ORIENTED_EDGE('',*,*,#12467,.T.);
#12465=ORIENTED_EDGE('',*,*,#12468,.T.);
#12466=ORIENTED_EDGE('',*,*,#12469,.T.);
#12467=EDGE_CURVE('',#595,#585,#12470,.F.);
#12468=EDGE_CURVE('',#585,#553,#12471,.T.);
#12469=EDGE_CURVE('',#553,#595,#12472,.T.);
#12470=LINE('',#594,#12473);
#12471=LINE('',#584,#12474);
#12472=LINE('',#552,#12475);
#12473=VECTOR('',#12476,1.0);
#12474=VECTOR('',#12477,1.0);
#12475=VECTOR('',#12478,1.0);
#12476=DIRECTION('',(0.9851148053375468,-0.17189770302353463,0));
#12477=DIRECTION('',(-0.14932176259886085,0.9887886585182748,0));
#12478=DIRECTION('',(-0.9993633900112557,0.03567652877187901,0));
#12479=FACE_SURFACE('',(#12484),#12480,.T.);
#12480=PLANE('',#12481);
#12481=AXIS2_PLACEMENT_3D('',#594,#12482,#12483);
#12482=DIRECTION('',(-0,-0,1));
#12483=DIRECTION('',(0.9993633900112557,-0.03567652877187901,0));
#12484=FACE_BOUND('',#12485,.T.);
#12485=EDGE_LOOP('',(#12486,#12487,#12488));
#12486=ORIENTED_EDGE('',*,*,#12489,.T.);
#12487=ORIENTED_EDGE('',*,*,#12490,.T.);
#12488=ORIENTED_EDGE('',*,*,#12491,.T.);
#12489=EDGE_CURVE('',#595,#553,#12492,.F.);
#12490=EDGE_CURVE('',#553,#555,#12493,.T.);
#12491=EDGE_CURVE('',#555,#595,#12494,.T.);
#12492=LINE('',#594,#12495);
#12493=LINE('',#552,#12496);
#12494=LINE('',#554,#12497);
#12495=VECTOR('',#12498,1.0);
#12496=VECTOR('',#12499,1.0);
#12497=VECTOR('',#12500,1.0);
#12498=DIRECTION('',(0.9993633900112557,-0.03567652877187901,0));
#12499=DIRECTION('',(-0.9956171932879043,0.09352221356188976,0));
#12500=DIRECTION('',(0.6773235350226223,-0.7356852784339637,0));
#12501=FACE_SURFACE('',(#12506),#12502,.T.);
#12502=PLANE('',#12503);
#12503=AXIS2_PLACEMENT_3D('',#594,#12504,#12505);
#12504=DIRECTION('',(-0.52276478651572,-0.4812939766062708,0.7036143020588028));
#12505=DIRECTION('',(-0.6773235350226223,0.7356852784339637,0));
#12506=FACE_BOUND('',#12507,.T.);
#12507=EDGE_LOOP('',(#12508,#12509,#12510));
#12508=ORIENTED_EDGE('',*,*,#12511,.T.);
#12509=ORIENTED_EDGE('',*,*,#12512,.T.);
#12510=ORIENTED_EDGE('',*,*,#12513,.T.);
#12511=EDGE_CURVE('',#595,#555,#12514,.F.);
#12512=EDGE_CURVE('',#555,#591,#12515,.T.);
#12513=EDGE_CURVE('',#591,#595,#12516,.T.);
#12514=LINE('',#594,#12517);
#12515=LINE('',#554,#12518);
#12516=LINE('',#590,#12519);
#12517=VECTOR('',#12520,1.0);
#12518=VECTOR('',#12521,1.0);
#12519=VECTOR('',#12522,1.0);
#12520=DIRECTION('',(-0.6773235350226223,0.7356852784339637,0));
#12521=DIRECTION('',(-0.42460463223708733,-0.5687014700886862,-0.7044782070453103));
#12522=DIRECTION('',(0.6805432914244223,0.2614598029085173,0.6844703061201801));
#12523=FACE_SURFACE('',(#12528),#12524,.T.);
#12524=PLANE('',#12525);
#12525=AXIS2_PLACEMENT_3D('',#590,#12526,#12527);
#12526=DIRECTION('',(-0.447142418174805,-0.5448663537886654,0.7093548578658164));
#12527=DIRECTION('',(0.42460463223708733,0.5687014700886862,0.7044782070453103));
#12528=FACE_BOUND('',#12529,.T.);
#12529=EDGE_LOOP('',(#12530,#12531,#12532));
#12530=ORIENTED_EDGE('',*,*,#12533,.T.);
#12531=ORIENTED_EDGE('',*,*,#12534,.T.);
#12532=ORIENTED_EDGE('',*,*,#12535,.T.);
#12533=EDGE_CURVE('',#591,#555,#12536,.F.);
#12534=EDGE_CURVE('',#555,#593,#12537,.T.);
#12535=EDGE_CURVE('',#593,#591,#12538,.T.);
#12536=LINE('',#590,#12539);
#12537=LINE('',#554,#12540);
#12538=LINE('',#592,#12541);
#12539=VECTOR('',#12542,1.0);
#12540=VECTOR('',#12543,1.0);
#12541=VECTOR('',#12544,1.0);
#12542=DIRECTION('',(0.42460463223708733,0.5687014700886862,0.7044782070453103));
#12543=DIRECTION('',(-0.6602951676468803,-0.3339043931655425,-0.6726946913770978));
#12544=DIRECTION('',(0.7730228667384983,-0.63437815811974,0));
#12545=FACE_SURFACE('',(#12550),#12546,.T.);
#12546=PLANE('',#12547);
#12547=AXIS2_PLACEMENT_3D('',#554,#12548,#12549);
#12548=DIRECTION('',(-0.43548924996425437,-0.5595163787413017,0.7051882976097885));
#12549=DIRECTION('',(-0.7891403917788838,0.6142128638046176,0));
#12550=FACE_BOUND('',#12551,.T.);
#12551=EDGE_LOOP('',(#12552,#12553,#12554));
#12552=ORIENTED_EDGE('',*,*,#12555,.T.);
#12553=ORIENTED_EDGE('',*,*,#12556,.T.);
#12554=ORIENTED_EDGE('',*,*,#12557,.T.);
#12555=EDGE_CURVE('',#555,#557,#12558,.F.);
#12556=EDGE_CURVE('',#557,#593,#12559,.T.);
#12557=EDGE_CURVE('',#593,#555,#12560,.T.);
#12558=LINE('',#554,#12561);
#12559=LINE('',#556,#12562);
#12560=LINE('',#592,#12563);
#12561=VECTOR('',#12564,1.0);
#12562=VECTOR('',#12565,1.0);
#12563=VECTOR('',#12566,1.0);
#12564=DIRECTION('',(-0.7891403917788838,0.6142128638046176,0));
#12565=DIRECTION('',(-0.37141813193944456,-0.6019040527442224,-0.7069371135799093));
#12566=DIRECTION('',(0.6602951676468803,0.3339043931655425,0.6726946913770978));
#12567=FACE_SURFACE('',(#12572),#12568,.T.);
#12568=PLANE('',#12569);
#12569=AXIS2_PLACEMENT_3D('',#586,#12570,#12571);
#12570=DIRECTION('',(-0.7022442406343112,-0.06916108339121549,0.7085688188454902));
#12571=DIRECTION('',(-0.7058390673793347,-0.06234071938688064,-0.705623728106841));
#12572=FACE_BOUND('',#12573,.T.);
#12573=EDGE_LOOP('',(#12574,#12575,#12576));
#12574=ORIENTED_EDGE('',*,*,#12577,.T.);
#12575=ORIENTED_EDGE('',*,*,#12578,.T.);
#12576=ORIENTED_EDGE('',*,*,#12579,.T.);
#12577=EDGE_CURVE('',#587,#573,#12580,.F.);
#12578=EDGE_CURVE('',#573,#571,#12581,.T.);
#12579=EDGE_CURVE('',#571,#587,#12582,.T.);
#12580=LINE('',#586,#12583);
#12581=LINE('',#572,#12584);
#12582=LINE('',#570,#12585);
#12583=VECTOR('',#12586,1.0);
#12584=VECTOR('',#12587,1.0);
#12585=VECTOR('',#12588,1.0);
#12586=DIRECTION('',(-0.7058390673793347,-0.06234071938688064,-0.705623728106841));
#12587=DIRECTION('',(0.098011614094905,-0.995185270943311,0));
#12588=DIRECTION('',(0.6364489609469125,0.38502265849874595,0.6683489152771577));
#12589=FACE_SURFACE('',(#12594),#12590,.T.);
#12590=PLANE('',#12591);
#12591=AXIS2_PLACEMENT_3D('',#586,#12592,#12593);
#12592=DIRECTION('',(-0.688428817521586,-0.17433323357251873,0.7040409696018979));
#12593=DIRECTION('',(-0.24548466723424744,0.9694004735674987,0));
#12594=FACE_BOUND('',#12595,.T.);
#12595=EDGE_LOOP('',(#12596,#12597,#12598));
#12596=ORIENTED_EDGE('',*,*,#12599,.T.);
#12597=ORIENTED_EDGE('',*,*,#12600,.T.);
#12598=ORIENTED_EDGE('',*,*,#12601,.T.);
#12599=EDGE_CURVE('',#587,#583,#12602,.F.);
#12600=EDGE_CURVE('',#583,#573,#12603,.T.);
#12601=EDGE_CURVE('',#573,#587,#12604,.T.);
#12602=LINE('',#586,#12605);
#12603=LINE('',#582,#12606);
#12604=LINE('',#572,#12607);
#12605=VECTOR('',#12608,1.0);
#12606=VECTOR('',#12609,1.0);
#12607=VECTOR('',#12610,1.0);
#12608=DIRECTION('',(-0.24548466723424744,0.9694004735674987,0));
#12609=DIRECTION('',(-0.5843780257038552,-0.44163878986773686,-0.68077713119539));
#12610=DIRECTION('',(0.7058390673793347,0.06234071938688064,0.705623728106841));
#12611=FACE_SURFACE('',(#12616),#12612,.T.);
#12612=PLANE('',#12613);
#12613=AXIS2_PLACEMENT_3D('',#572,#12614,#12615);
#12614=DIRECTION('',(-0.6733615112778767,-0.20427599580787123,0.7105319082675152));
#12615=DIRECTION('',(0.5843780257038552,0.44163878986773686,0.68077713119539));
#12616=FACE_BOUND('',#12617,.T.);
#12617=EDGE_LOOP('',(#12618,#12619,#12620));
#12618=ORIENTED_EDGE('',*,*,#12621,.T.);
#12619=ORIENTED_EDGE('',*,*,#12622,.T.);
#12620=ORIENTED_EDGE('',*,*,#12623,.T.);
#12621=EDGE_CURVE('',#573,#583,#12624,.F.);
#12622=EDGE_CURVE('',#583,#575,#12625,.T.);
#12623=EDGE_CURVE('',#575,#573,#12626,.T.);
#12624=LINE('',#572,#12627);
#12625=LINE('',#582,#12628);
#12626=LINE('',#574,#12629);
#12627=VECTOR('',#12630,1.0);
#12628=VECTOR('',#12631,1.0);
#12629=VECTOR('',#12632,1.0);
#12630=DIRECTION('',(0.5843780257038552,0.44163878986773686,0.68077713119539));
#12631=DIRECTION('',(-0.7017025931470859,-0.12604538803404503,-0.7012317954328671));
#12632=DIRECTION('',(0.2903029153680005,-0.9569348030711599,0));
#12633=FACE_SURFACE('',(#12638),#12634,.T.);
#12634=PLANE('',#12635);
#12635=AXIS2_PLACEMENT_3D('',#582,#12636,#12637);
#12636=DIRECTION('',(-0.6512623868030459,-0.28563711635186195,0.7030424889704694));
#12637=DIRECTION('',(-0.4016564459922034,0.9157904232917662,0));
#12638=FACE_BOUND('',#12639,.T.);
#12639=EDGE_LOOP('',(#12640,#12641,#12642));
#12640=ORIENTED_EDGE('',*,*,#12643,.T.);
#12641=ORIENTED_EDGE('',*,*,#12644,.T.);
#12642=ORIENTED_EDGE('',*,*,#12645,.T.);
#12643=EDGE_CURVE('',#583,#597,#12646,.F.);
#12644=EDGE_CURVE('',#597,#575,#12647,.T.);
#12645=EDGE_CURVE('',#575,#583,#12648,.T.);
#12646=LINE('',#582,#12649);
#12647=LINE('',#596,#12650);
#12648=LINE('',#574,#12651);
#12649=VECTOR('',#12652,1.0);
#12650=VECTOR('',#12653,1.0);
#12651=VECTOR('',#12654,1.0);
#12652=DIRECTION('',(-0.4016564459922034,0.9157904232917662,0));
#12653=DIRECTION('',(-0.5311417396397958,-0.49010702220395985,-0.691146554067065));
#12654=DIRECTION('',(0.7017025931470859,0.12604538803404503,0.7012317954328671));
#12655=FACE_SURFACE('',(#12660),#12656,.T.);
#12656=PLANE('',#12657);
#12657=AXIS2_PLACEMENT_3D('',#574,#12658,#12659);
#12658=DIRECTION('',(-0.6198857097646674,-0.33131181014004535,0.7113186285282294));
#12659=DIRECTION('',(0.5311417396397958,0.49010702220395985,0.691146554067065));
#12660=FACE_BOUND('',#12661,.T.);
#12661=EDGE_LOOP('',(#12662,#12663,#12664));
#12662=ORIENTED_EDGE('',*,*,#12665,.T.);
#12663=ORIENTED_EDGE('',*,*,#12666,.T.);
#12664=ORIENTED_EDGE('',*,*,#12667,.T.);
#12665=EDGE_CURVE('',#575,#597,#12668,.F.);
#12666=EDGE_CURVE('',#597,#589,#12669,.T.);
#12667=EDGE_CURVE('',#589,#575,#12670,.T.);
#12668=LINE('',#574,#12671);
#12669=LINE('',#596,#12672);
#12670=LINE('',#588,#12673);
#12671=VECTOR('',#12674,1.0);
#12672=VECTOR('',#12675,1.0);
#12673=VECTOR('',#12676,1.0);
#12674=DIRECTION('',(0.5311417396397958,0.49010702220395985,0.691146554067065));
#12675=DIRECTION('',(-0.693755906263556,-0.19218512877165497,-0.694094819749762));
#12676=DIRECTION('',(0.47137017331853115,-0.8819354623245728,0));
#12677=FACE_SURFACE('',(#12682),#12678,.T.);
#12678=PLANE('',#12679);
#12679=AXIS2_PLACEMENT_3D('',#578,#12680,#12681);
#12680=DIRECTION('',(0.7014326770556332,0.09921905864204901,0.7057958472254943));
#12681=DIRECTION('',(-0.14005776011339238,0.9901433349934843,0));
#12682=FACE_BOUND('',#12683,.T.);
#12683=EDGE_LOOP('',(#12684,#12685,#12686));
#12684=ORIENTED_EDGE('',*,*,#12687,.T.);
#12685=ORIENTED_EDGE('',*,*,#12688,.T.);
#12686=ORIENTED_EDGE('',*,*,#12689,.T.);
#12687=EDGE_CURVE('',#579,#581,#12690,.F.);
#12688=EDGE_CURVE('',#581,#585,#12691,.T.);
#12689=EDGE_CURVE('',#585,#579,#12692,.T.);
#12690=LINE('',#578,#12693);
#12691=LINE('',#580,#12694);
#12692=LINE('',#584,#12695);
#12693=VECTOR('',#12696,1.0);
#12694=VECTOR('',#12697,1.0);
#12695=VECTOR('',#12698,1.0);
#12696=DIRECTION('',(-0.14005776011339238,0.9901433349934843,0));
#12697=DIRECTION('',(-0.5170792343660687,-0.6106959795091538,0.5997328455227007));
#12698=DIRECTION('',(0.707451164909197,0.02344302339687829,-0.7063733247530187));
#12699=FACE_SURFACE('',(#12704),#12700,.T.);
#12700=PLANE('',#12701);
#12701=AXIS2_PLACEMENT_3D('',#582,#12702,#12703);
#12702=DIRECTION('',(-0,-0,1));
#12703=DIRECTION('',(0.9996064681530157,-0.028051895241751577,0));
#12704=FACE_BOUND('',#12705,.T.);
#12705=EDGE_LOOP('',(#12706,#12707,#12708));
#12706=ORIENTED_EDGE('',*,*,#12709,.T.);
#12707=ORIENTED_EDGE('',*,*,#12710,.T.);
#12708=ORIENTED_EDGE('',*,*,#12711,.T.);
#12709=EDGE_CURVE('',#583,#585,#12712,.F.);
#12710=EDGE_CURVE('',#585,#597,#12713,.T.);
#12711=EDGE_CURVE('',#597,#583,#12714,.T.);
#12712=LINE('',#582,#12715);
#12713=LINE('',#584,#12716);
#12714=LINE('',#596,#12717);
#12715=VECTOR('',#12718,1.0);
#12716=VECTOR('',#12719,1.0);
#12717=VECTOR('',#12720,1.0);
#12718=DIRECTION('',(0.9996064681530157,-0.028051895241751577,0));
#12719=DIRECTION('',(-0.9941633748803342,0.10788505015313286,0));
#12720=DIRECTION('',(0.4016564459922034,-0.9157904232917662,0));
#12721=FACE_SURFACE('',(#12726),#12722,.T.);
#12722=PLANE('',#12723);
#12723=AXIS2_PLACEMENT_3D('',#596,#12724,#12725);
#12724=DIRECTION('',(-0,-0,1));
#12725=DIRECTION('',(0.9941633748803342,-0.10788505015313286,0));
#12726=FACE_BOUND('',#12727,.T.);
#12727=EDGE_LOOP('',(#12728,#12729,#12730));
#12728=ORIENTED_EDGE('',*,*,#12731,.T.);
#12729=ORIENTED_EDGE('',*,*,#12732,.T.);
#12730=ORIENTED_EDGE('',*,*,#12733,.T.);
#12731=EDGE_CURVE('',#597,#585,#12734,.F.);
#12732=EDGE_CURVE('',#585,#595,#12735,.T.);
#12733=EDGE_CURVE('',#595,#597,#12736,.T.);
#12734=LINE('',#596,#12737);
#12735=LINE('',#584,#12738);
#12736=LINE('',#594,#12739);
#12737=VECTOR('',#12740,1.0);
#12738=VECTOR('',#12741,1.0);
#12739=VECTOR('',#12742,1.0);
#12740=DIRECTION('',(0.9941633748803342,-0.10788505015313286,0));
#12741=DIRECTION('',(-0.9851148053375468,0.17189770302353463,0));
#12742=DIRECTION('',(0.5469399506173687,-0.8371718404358034,0));
#12743=FACE_SURFACE('',(#12748),#12744,.T.);
#12744=PLANE('',#12745);
#12745=AXIS2_PLACEMENT_3D('',#596,#12746,#12747);
#12746=DIRECTION('',(-0.5954718341637145,-0.38903283631947544,0.7028988170305353));
#12747=DIRECTION('',(-0.5469399506173687,0.8371718404358034,0));
#12748=FACE_BOUND('',#12749,.T.);
#12749=EDGE_LOOP('',(#12750,#12751,#12752));
#12750=ORIENTED_EDGE('',*,*,#12753,.T.);
#12751=ORIENTED_EDGE('',*,*,#12754,.T.);
#12752=ORIENTED_EDGE('',*,*,#12755,.T.);
#12753=EDGE_CURVE('',#597,#595,#12756,.F.);
#12754=EDGE_CURVE('',#595,#589,#12757,.T.);
#12755=EDGE_CURVE('',#589,#597,#12758,.T.);
#12756=LINE('',#596,#12759);
#12757=LINE('',#594,#12760);
#12758=LINE('',#588,#12761);
#12759=VECTOR('',#12762,1.0);
#12760=VECTOR('',#12763,1.0);
#12761=VECTOR('',#12764,1.0);
#12762=DIRECTION('',(-0.5469399506173687,0.8371718404358034,0));
#12763=DIRECTION('',(-0.4777603981725564,-0.5319223654269791,-0.6991449056501575));
#12764=DIRECTION('',(0.693755906263556,0.19218512877165497,0.694094819749762));
#12765=FACE_SURFACE('',(#12770),#12766,.T.);
#12766=PLANE('',#12767);
#12767=AXIS2_PLACEMENT_3D('',#588,#12768,#12769);
#12768=DIRECTION('',(-0.5436197680320622,-0.4461592779401982,0.7109285804584367));
#12769=DIRECTION('',(0.4777603981725564,0.5319223654269791,0.6991449056501575));
#12770=FACE_BOUND('',#12771,.T.);
#12771=EDGE_LOOP('',(#12772,#12773,#12774));
#12772=ORIENTED_EDGE('',*,*,#12775,.T.);
#12773=ORIENTED_EDGE('',*,*,#12776,.T.);
#12774=ORIENTED_EDGE('',*,*,#12777,.T.);
#12775=EDGE_CURVE('',#589,#595,#12778,.F.);
#12776=EDGE_CURVE('',#595,#591,#12779,.T.);
#12777=EDGE_CURVE('',#591,#589,#12780,.T.);
#12778=LINE('',#588,#12781);
#12779=LINE('',#594,#12782);
#12780=LINE('',#590,#12783);
#12781=VECTOR('',#12784,1.0);
#12782=VECTOR('',#12785,1.0);
#12783=VECTOR('',#12786,1.0);
#12784=DIRECTION('',(0.4777603981725564,0.5319223654269791,0.6991449056501575));
#12785=DIRECTION('',(-0.6805432914244223,-0.2614598029085173,-0.6844703061201801));
#12786=DIRECTION('',(0.6344120312142322,-0.772995067675488,0));
ENDSEC;
END-ISO-10303-21;
