ISO-10303-21;
HEADER;
FILE_DESCRIPTION((''),'2;1');
FILE_NAME('MeshBody1 (19)', '2026-08-24T02:49:00', (''), (''), 'ImageToStl.com STEP Converter','', '');
FILE_SCHEMA(('AUTOMOTIVE_DESIGN_CC2'));
ENDSEC;
DATA;
#1=PRODUCT_DEFINITION_CONTEXT('',#4,'design');
#2=APPLICATION_PROTOCOL_DEFINITION('INTERNATIONAL STANDARD','automotive_design',1994,#4);
#3=(GEOMETRIC_REPRESENTATION_CONTEXT(3)GLOBAL_UNCERTAINTY_ASSIGNED_CONTEXT((#5))GLOBAL_UNIT_ASSIGNED_CONTEXT((#6,#7,#8))REPRESENTATION_CONTEXT('NONE','WORKSPACE'));
#4=APPLICATION_CONTEXT(' ');
#5=UNCERTAINTY_MEASURE_WITH_UNIT(LENGTH_MEASURE(1.0E-006),#6,'','');
#6=(CONVERSION_BASED_UNIT('METRE',#10)LENGTH_UNIT()NAMED_UNIT(#11));
#7=(NAMED_UNIT(#12)PLANE_ANGLE_UNIT()SI_UNIT($,.RADIAN.));
#8=(NAMED_UNIT(#12)SOLID_ANGLE_UNIT()SI_UNIT($,.STERADIAN.));
#9=AXIS2_PLACEMENT_3D('',#14,#15,#16);
#10=LENGTH_MEASURE_WITH_UNIT(LENGTH_MEASURE(1.0),#17);
#11=DIMENSIONAL_EXPONENTS(1.0,0.0,0.0,0.0,0.0,0.0,0.0);
#12=DIMENSIONAL_EXPONENTS(0.0,0.0,0.0,0.0,0.0,0.0,0.0);
#13=PRODUCT_CONTEXT('',#4,'mechanical');
#14=CARTESIAN_POINT('',(0.0,0.0,0.0));
#15=DIRECTION('',(0.0,0.0,1.0));
#16=DIRECTION('',(1.0,0.0,0.0));
#17=(NAMED_UNIT(#11)LENGTH_UNIT()SI_UNIT(.MILLI.,.METRE.));
#18=PRESENTATION_STYLE_ASSIGNMENT((#19));
#19=SURFACE_STYLE_USAGE(.BOTH.,#20);
#20=SURFACE_SIDE_STYLE('',(#21));
#21=SURFACE_STYLE_FILL_AREA(#22);
#22=FILL_AREA_STYLE('',(#23));
#23=FILL_AREA_STYLE_COLOUR('',#24);
#24=COLOUR_RGB('',0.62745,0.62745,0.62745);
#25=PRESENTATION_STYLE_ASSIGNMENT((#26));
#26=SURFACE_STYLE_USAGE(.BOTH.,#27);
#27=SURFACE_SIDE_STYLE('',(#28));
#28=SURFACE_STYLE_FILL_AREA(#29);
#29=FILL_AREA_STYLE('',(#30));
#30=FILL_AREA_STYLE_COLOUR('',#31);
#31=COLOUR_RGB('',0.59608,0.59608,0.59608);
#32=SHAPE_DEFINITION_REPRESENTATION(#33,#34);
#33=PRODUCT_DEFINITION_SHAPE('productshape0','',#37);
#34=MANIFOLD_SURFACE_SHAPE_REPRESENTATION('',(#35,#9),#3);
#35=SHELL_BASED_SURFACE_MODEL('shell0',(#39));
#36=PRODUCT('product0','','',(#13));
#37=PRODUCT_DEFINITION('mesh0','',#38,#2);
#38=PRODUCT_DEFINITION_FORMATION_WITH_SPECIFIED_SOURCE('prodsource0','',#36,.NOT_KNOWN.);
#39=CLOSED_SHELL('',(#477,#499,#521,#543,#565,#587,#609,#631,#653,#675,#697,#719,#741,#763,#785,#807,#829,#851,#873,#895,#917,#939,#961,#983,#1005,#1027,#1049,#1071,#1093,#1115,#1137,#1159,#1181,#1203,#1225,#1247,#1269,#1291,#1313,#1335,#1357,#1379,#1401,#1423,#1445,#1467,#1489,#1511,#1533,#1555,#1577,#1599,#1621,#1643,#1665,#1687,#1709,#1731,#1753,#1775,#1797,#1819,#1841,#1863,#1885,#1907,#1929,#1951,#1973,#1995,#2017,#2039,#2061,#2083,#2105,#2127,#2149,#2171,#2193,#2215,#2237,#2259,#2281,#2303,#2325,#2347,#2369,#2391,#2413,#2435,#2457,#2479,#2501,#2523,#2545,#2567,#2589,#2611,#2633,#2655,#2677,#2699,#2721,#2743,#2765,#2787,#2809,#2831,#2853,#2875,#2897,#2919,#2941,#2963,#2985,#3007,#3029,#3051,#3073,#3095,#3117,#3139,#3161,#3183,#3205,#3227,#3249,#3271,#3293,#3315,#3337,#3359,#3381,#3403,#3425,#3447,#3469,#3491,#3513,#3535,#3557,#3579,#3601,#3623,#3645,#3667,#3689,#3711,#3733,#3755,#3777,#3799,#3821,#3843,#3865,#3887,#3909,#3931,#3953,#3975,#3997,#4019,#4041,#4063,#4085,#4107,#4129,#4151,#4173,#4195,#4217,#4239,#4261,#4283,#4305,#4327,#4349,#4371,#4393,#4415,#4437,#4459,#4481,#4503,#4525,#4547,#4569,#4591,#4613,#4635,#4657,#4679,#4701,#4723,#4745,#4767,#4789,#4811,#4833,#4855,#4877,#4899,#4921,#4943,#4965,#4987,#5009,#5031,#5053,#5075,#5097,#5119,#5141,#5163,#5185,#5207,#5229,#5251,#5273,#5295,#5317,#5339,#5361,#5383,#5405,#5427,#5449,#5471,#5493,#5515,#5537,#5559,#5581,#5603,#5625,#5647,#5669,#5691,#5713,#5735,#5757,#5779,#5801,#5823,#5845,#5867,#5889,#5911,#5933,#5955,#5977,#5999,#6021,#6043,#6065,#6087,#6109,#6131,#6153,#6175,#6197,#6219,#6241,#6263,#6285,#6307,#6329,#6351,#6373,#6395,#6417,#6439,#6461,#6483,#6505,#6527,#6549,#6571,#6593,#6615,#6637,#6659,#6681,#6703,#6725,#6747,#6769,#6791,#6813,#6835,#6857,#6879,#6901,#6923,#6945,#6967,#6989,#7011,#7033,#7055,#7077,#7099,#7121,#7143,#7165,#7187,#7209,#7231,#7253,#7275,#7297,#7319,#7341,#7363,#7385,#7407,#7429,#7451,#7473,#7495,#7517,#7539,#7561,#7583,#7605,#7627,#7649,#7671,#7693,#7715,#7737,#7759,#7781,#7803,#7825,#7847,#7869,#7891,#7913,#7935,#7957,#7979,#8001,#8023,#8045,#8067,#8089,#8111,#8133,#8155,#8177,#8199,#8221,#8243,#8265,#8287,#8309,#8331,#8353,#8375,#8397,#8419,#8441,#8463,#8485,#8507,#8529,#8551,#8573,#8595,#8617,#8639,#8661,#8683,#8705,#8727,#8749,#8771,#8793,#8815,#8837,#8859,#8881,#8903,#8925,#8947,#8969,#8991,#9013,#9035,#9057,#9079,#9101,#9123,#9145,#9167,#9189,#9211,#9233,#9255,#9277,#9299,#9321,#9343,#9365,#9387,#9409,#9431,#9453,#9475,#9497,#9519,#9541,#9563,#9585,#9607,#9629,#9651,#9673,#9695,#9717,#9739,#9761,#9783,#9805,#9827,#9849,#9871,#9893,#9915,#9937,#9959,#9981,#10003,#10025,#10047,#10069,#10091,#10113,#10135));
#40=CARTESIAN_POINT('',(4847.056640625,-1460.9600830078125,50));
#41=VERTEX_POINT('',#40);
#42=CARTESIAN_POINT('',(4840.79052734375,-1460.5657958984375,-4.440892098500626E-15));
#43=VERTEX_POINT('',#42);
#44=CARTESIAN_POINT('',(4847.056640625,-1460.9600830078125,-4.440892098500626E-15));
#45=VERTEX_POINT('',#44);
#46=CARTESIAN_POINT('',(4840.79052734375,-1460.5657958984375,50));
#47=VERTEX_POINT('',#46);
#48=CARTESIAN_POINT('',(4845.384765625,-1426.8724365234375,-8.881784197001252E-15));
#49=VERTEX_POINT('',#48);
#50=CARTESIAN_POINT('',(5106.3466796875,-1460.9600830078125,-4.440892098500626E-15));
#51=VERTEX_POINT('',#50);
#52=CARTESIAN_POINT('',(4845.384765625,-1426.8724365234375,50));
#53=VERTEX_POINT('',#52);
#54=CARTESIAN_POINT('',(4848.7294921875,-1426.8724365234375,50));
#55=VERTEX_POINT('',#54);
#56=CARTESIAN_POINT('',(5106.3466796875,-1460.9600830078125,50));
#57=VERTEX_POINT('',#56);
#58=CARTESIAN_POINT('',(5005.384765625,-1426.8724365234375,50));
#59=VERTEX_POINT('',#58);
#60=CARTESIAN_POINT('',(5008.7294921875,-1426.8724365234375,50));
#61=VERTEX_POINT('',#60);
#62=CARTESIAN_POINT('',(4834.62255859375,-1459.38916015625,-4.440892098500626E-15));
#63=VERTEX_POINT('',#62);
#64=CARTESIAN_POINT('',(4801.81591796875,-1432.2490234375,-8.881784197001252E-15));
#65=VERTEX_POINT('',#64);
#66=CARTESIAN_POINT('',(4848.7294921875,-1426.8724365234375,-8.881784197001252E-15));
#67=VERTEX_POINT('',#66);
#68=CARTESIAN_POINT('',(5005.384765625,-1426.8724365234375,-8.881784197001252E-15));
#69=VERTEX_POINT('',#68);
#70=CARTESIAN_POINT('',(5008.7294921875,-1426.8724365234375,-8.881784197001252E-15));
#71=VERTEX_POINT('',#70);
#72=CARTESIAN_POINT('',(4834.62255859375,-1459.38916015625,50));
#73=VERTEX_POINT('',#72);
#74=CARTESIAN_POINT('',(4801.81591796875,-1432.2490234375,50));
#75=VERTEX_POINT('',#74);
#76=CARTESIAN_POINT('',(4842.11279296875,-1426.177001953125,-8.881784197001252E-15));
#77=VERTEX_POINT('',#76);
#78=CARTESIAN_POINT('',(5265.54931640625,-1620.1630859375,1.7763568394002505E-14));
#79=VERTEX_POINT('',#78);
#80=CARTESIAN_POINT('',(5012.00146484375,-1426.177001953125,-8.881784197001252E-15));
#81=VERTEX_POINT('',#80);
#82=CARTESIAN_POINT('',(5392.828125,-1620.1630859375,1.7763568394002505E-14));
#83=VERTEX_POINT('',#82);
#84=CARTESIAN_POINT('',(5162.412109375,-1375.604736328125,-1.3322676295501878E-14));
#85=VERTEX_POINT('',#84);
#86=CARTESIAN_POINT('',(5394.41796875,-1618.092041015625,1.3322676295501878E-14));
#87=VERTEX_POINT('',#86);
#88=CARTESIAN_POINT('',(5392.828125,-1606.0211181640625,1.3322676295501878E-14));
#89=VERTEX_POINT('',#88);
#90=CARTESIAN_POINT('',(5395.4169921875,-1615.68017578125,1.3322676295501878E-14));
#91=VERTEX_POINT('',#90);
#92=CARTESIAN_POINT('',(5394.41796875,-1608.092041015625,1.3322676295501878E-14));
#93=VERTEX_POINT('',#92);
#94=CARTESIAN_POINT('',(5395.75732421875,-1613.092041015625,1.3322676295501878E-14));
#95=VERTEX_POINT('',#94);
#96=CARTESIAN_POINT('',(5395.4169921875,-1610.50390625,1.3322676295501878E-14));
#97=VERTEX_POINT('',#96);
#98=CARTESIAN_POINT('',(4842.11279296875,-1426.177001953125,50));
#99=VERTEX_POINT('',#98);
#100=CARTESIAN_POINT('',(4852.00146484375,-1426.177001953125,50));
#101=VERTEX_POINT('',#100);
#102=CARTESIAN_POINT('',(5002.11279296875,-1426.177001953125,50));
#103=VERTEX_POINT('',#102);
#104=CARTESIAN_POINT('',(5265.54931640625,-1620.1630859375,50));
#105=VERTEX_POINT('',#104);
#106=CARTESIAN_POINT('',(5392.828125,-1620.1630859375,50));
#107=VERTEX_POINT('',#106);
#108=CARTESIAN_POINT('',(5012.00146484375,-1426.177001953125,50));
#109=VERTEX_POINT('',#108);
#110=CARTESIAN_POINT('',(5394.41796875,-1618.092041015625,50));
#111=VERTEX_POINT('',#110);
#112=CARTESIAN_POINT('',(5162.412109375,-1375.604736328125,50));
#113=VERTEX_POINT('',#112);
#114=CARTESIAN_POINT('',(5395.4169921875,-1615.68017578125,50));
#115=VERTEX_POINT('',#114);
#116=CARTESIAN_POINT('',(5392.828125,-1606.0211181640625,50));
#117=VERTEX_POINT('',#116);
#118=CARTESIAN_POINT('',(5395.75732421875,-1613.092041015625,50));
#119=VERTEX_POINT('',#118);
#120=CARTESIAN_POINT('',(5394.41796875,-1608.092041015625,50));
#121=VERTEX_POINT('',#120);
#122=CARTESIAN_POINT('',(5395.4169921875,-1610.50390625,50));
#123=VERTEX_POINT('',#122);
#124=CARTESIAN_POINT('',(5002.11279296875,-1426.177001953125,-8.881784197001252E-15));
#125=VERTEX_POINT('',#124);
#126=CARTESIAN_POINT('',(4828.65087890625,-1457.4488525390625,-4.440892098500626E-15));
#127=VERTEX_POINT('',#126);
#128=CARTESIAN_POINT('',(4804.8408203125,-1437.75146484375,50));
#129=VERTEX_POINT('',#128);
#130=CARTESIAN_POINT('',(4804.8408203125,-1437.75146484375,-4.440892098500626E-15));
#131=VERTEX_POINT('',#130);
#132=CARTESIAN_POINT('',(4799.50390625,-1426.4110107421875,-8.881784197001252E-15));
#133=VERTEX_POINT('',#132);
#134=CARTESIAN_POINT('',(4808.53125,-1442.831298828125,-4.440892098500626E-15));
#135=VERTEX_POINT('',#134);
#136=CARTESIAN_POINT('',(4812.82958984375,-1447.408447265625,-4.440892098500626E-15));
#137=VERTEX_POINT('',#136);
#138=CARTESIAN_POINT('',(4817.66796875,-1451.4110107421875,-4.440892098500626E-15));
#139=VERTEX_POINT('',#138);
#140=CARTESIAN_POINT('',(4822.96923828125,-1454.775390625,-4.440892098500626E-15));
#141=VERTEX_POINT('',#140);
#142=CARTESIAN_POINT('',(4852.00146484375,-1426.177001953125,-8.881784197001252E-15));
#143=VERTEX_POINT('',#142);
#144=CARTESIAN_POINT('',(4828.65087890625,-1457.4488525390625,50));
#145=VERTEX_POINT('',#144);
#146=CARTESIAN_POINT('',(4799.50390625,-1426.4110107421875,50));
#147=VERTEX_POINT('',#146);
#148=CARTESIAN_POINT('',(4808.53125,-1442.831298828125,50));
#149=VERTEX_POINT('',#148);
#150=CARTESIAN_POINT('',(4812.82958984375,-1447.408447265625,50));
#151=VERTEX_POINT('',#150);
#152=CARTESIAN_POINT('',(4817.66796875,-1451.4110107421875,50));
#153=VERTEX_POINT('',#152);
#154=CARTESIAN_POINT('',(4822.96923828125,-1454.775390625,50));
#155=VERTEX_POINT('',#154);
#156=CARTESIAN_POINT('',(4839.05712890625,-1424.81640625,-8.881784197001252E-15));
#157=VERTEX_POINT('',#156);
#158=CARTESIAN_POINT('',(4797.94287109375,-1420.3291015625,-8.881784197001252E-15));
#159=VERTEX_POINT('',#158);
#160=CARTESIAN_POINT('',(5267.6201171875,-1621.7523193359375,50));
#161=VERTEX_POINT('',#160);
#162=CARTESIAN_POINT('',(5267.6201171875,-1621.7523193359375,1.7763568394002505E-14));
#163=VERTEX_POINT('',#162);
#164=CARTESIAN_POINT('',(5015.05712890625,-1424.81640625,50));
#165=VERTEX_POINT('',#164);
#166=CARTESIAN_POINT('',(5015.05712890625,-1424.81640625,-8.881784197001252E-15));
#167=VERTEX_POINT('',#166);
#168=CARTESIAN_POINT('',(5390.75732421875,-1621.7523193359375,1.7763568394002505E-14));
#169=VERTEX_POINT('',#168);
#170=CARTESIAN_POINT('',(5158.23193359375,-1371.868408203125,50));
#171=VERTEX_POINT('',#170);
#172=CARTESIAN_POINT('',(5158.23193359375,-1371.868408203125,-1.3322676295501878E-14));
#173=VERTEX_POINT('',#172);
#174=CARTESIAN_POINT('',(5008.7294921875,-1395.0477294921875,-1.3322676295501878E-14));
#175=VERTEX_POINT('',#174);
#176=CARTESIAN_POINT('',(5012.00146484375,-1395.7432861328125,-1.3322676295501878E-14));
#177=VERTEX_POINT('',#176);
#178=CARTESIAN_POINT('',(5015.05712890625,-1397.103759765625,-1.3322676295501878E-14));
#179=VERTEX_POINT('',#178);
#180=CARTESIAN_POINT('',(5017.76318359375,-1399.06982421875,-1.3322676295501878E-14));
#181=VERTEX_POINT('',#180);
#182=CARTESIAN_POINT('',(5020.0009765625,-1401.555419921875,-8.881784197001252E-15));
#183=VERTEX_POINT('',#182);
#184=CARTESIAN_POINT('',(5017.76318359375,-1422.850341796875,-8.881784197001252E-15));
#185=VERTEX_POINT('',#184);
#186=CARTESIAN_POINT('',(5021.673828125,-1404.452392578125,-8.881784197001252E-15));
#187=VERTEX_POINT('',#186);
#188=CARTESIAN_POINT('',(5020.0009765625,-1420.36474609375,-8.881784197001252E-15));
#189=VERTEX_POINT('',#188);
#190=CARTESIAN_POINT('',(5022.70751953125,-1407.633544921875,-8.881784197001252E-15));
#191=VERTEX_POINT('',#190);
#192=CARTESIAN_POINT('',(5021.673828125,-1417.4677734375,-8.881784197001252E-15));
#193=VERTEX_POINT('',#192);
#194=CARTESIAN_POINT('',(5023.05712890625,-1410.9600830078125,-8.881784197001252E-15));
#195=VERTEX_POINT('',#194);
#196=CARTESIAN_POINT('',(5022.70751953125,-1414.28662109375,-8.881784197001252E-15));
#197=VERTEX_POINT('',#196);
#198=CARTESIAN_POINT('',(4839.05712890625,-1424.81640625,50));
#199=VERTEX_POINT('',#198);
#200=CARTESIAN_POINT('',(4797.94287109375,-1420.3291015625,50));
#201=VERTEX_POINT('',#200);
#202=CARTESIAN_POINT('',(4855.05712890625,-1424.81640625,50));
#203=VERTEX_POINT('',#202);
#204=CARTESIAN_POINT('',(4999.05712890625,-1424.81640625,50));
#205=VERTEX_POINT('',#204);
#206=CARTESIAN_POINT('',(4999.05712890625,-1424.81640625,-8.881784197001252E-15));
#207=VERTEX_POINT('',#206);
#208=CARTESIAN_POINT('',(5390.75732421875,-1621.7523193359375,50));
#209=VERTEX_POINT('',#208);
#210=CARTESIAN_POINT('',(5008.7294921875,-1395.0477294921875,50));
#211=VERTEX_POINT('',#210);
#212=CARTESIAN_POINT('',(5012.00146484375,-1395.7432861328125,50));
#213=VERTEX_POINT('',#212);
#214=CARTESIAN_POINT('',(5015.05712890625,-1397.103759765625,50));
#215=VERTEX_POINT('',#214);
#216=CARTESIAN_POINT('',(5017.76318359375,-1422.850341796875,50));
#217=VERTEX_POINT('',#216);
#218=CARTESIAN_POINT('',(5017.76318359375,-1399.06982421875,50));
#219=VERTEX_POINT('',#218);
#220=CARTESIAN_POINT('',(5020.0009765625,-1420.36474609375,50));
#221=VERTEX_POINT('',#220);
#222=CARTESIAN_POINT('',(5020.0009765625,-1401.555419921875,50));
#223=VERTEX_POINT('',#222);
#224=CARTESIAN_POINT('',(5021.673828125,-1417.4677734375,50));
#225=VERTEX_POINT('',#224);
#226=CARTESIAN_POINT('',(5021.673828125,-1404.452392578125,50));
#227=VERTEX_POINT('',#226);
#228=CARTESIAN_POINT('',(5022.70751953125,-1414.28662109375,50));
#229=VERTEX_POINT('',#228);
#230=CARTESIAN_POINT('',(5022.70751953125,-1407.633544921875,50));
#231=VERTEX_POINT('',#230);
#232=CARTESIAN_POINT('',(5023.05712890625,-1410.9600830078125,50));
#233=VERTEX_POINT('',#232);
#234=CARTESIAN_POINT('',(4855.05712890625,-1424.81640625,-8.881784197001252E-15));
#235=VERTEX_POINT('',#234);
#236=CARTESIAN_POINT('',(4836.35107421875,-1422.850341796875,-8.881784197001252E-15));
#237=VERTEX_POINT('',#236);
#238=CARTESIAN_POINT('',(4797.15576171875,-1414.099609375,-8.881784197001252E-15));
#239=VERTEX_POINT('',#238);
#240=CARTESIAN_POINT('',(4832.4404296875,-1417.4677734375,-8.881784197001252E-15));
#241=VERTEX_POINT('',#240);
#242=CARTESIAN_POINT('',(4834.11279296875,-1420.36474609375,-8.881784197001252E-15));
#243=VERTEX_POINT('',#242);
#244=CARTESIAN_POINT('',(5270.0322265625,-1622.75146484375,50));
#245=VERTEX_POINT('',#244);
#246=CARTESIAN_POINT('',(5270.0322265625,-1622.75146484375,1.7763568394002505E-14));
#247=VERTEX_POINT('',#246);
#248=CARTESIAN_POINT('',(5388.345703125,-1622.75146484375,1.7763568394002505E-14));
#249=VERTEX_POINT('',#248);
#250=CARTESIAN_POINT('',(5153.658203125,-1368.623779296875,50));
#251=VERTEX_POINT('',#250);
#252=CARTESIAN_POINT('',(5153.658203125,-1368.623779296875,-1.3322676295501878E-14));
#253=VERTEX_POINT('',#252);
#254=CARTESIAN_POINT('',(5005.384765625,-1395.0477294921875,50));
#255=VERTEX_POINT('',#254);
#256=CARTESIAN_POINT('',(5005.384765625,-1395.0477294921875,-1.3322676295501878E-14));
#257=VERTEX_POINT('',#256);
#258=CARTESIAN_POINT('',(4847.056640625,-1360.9600830078125,-1.7763568394002505E-14));
#259=VERTEX_POINT('',#258);
#260=CARTESIAN_POINT('',(5127.056640625,-1360.9600830078125,-1.7763568394002505E-14));
#261=VERTEX_POINT('',#260);
#262=CARTESIAN_POINT('',(5132.6552734375,-1361.2744140625,-1.7763568394002505E-14));
#263=VERTEX_POINT('',#262);
#264=CARTESIAN_POINT('',(5138.18310546875,-1362.2137451171875,-1.7763568394002505E-14));
#265=VERTEX_POINT('',#264);
#266=CARTESIAN_POINT('',(5148.7509765625,-1365.9117431640625,-1.3322676295501878E-14));
#267=VERTEX_POINT('',#266);
#268=CARTESIAN_POINT('',(5143.5712890625,-1363.765869140625,-1.7763568394002505E-14));
#269=VERTEX_POINT('',#268);
#270=CARTESIAN_POINT('',(4836.35107421875,-1422.850341796875,50));
#271=VERTEX_POINT('',#270);
#272=CARTESIAN_POINT('',(4797.15576171875,-1414.099609375,50));
#273=VERTEX_POINT('',#272);
#274=CARTESIAN_POINT('',(4832.4404296875,-1417.4677734375,50));
#275=VERTEX_POINT('',#274);
#276=CARTESIAN_POINT('',(4834.11279296875,-1420.36474609375,50));
#277=VERTEX_POINT('',#276);
#278=CARTESIAN_POINT('',(4857.76318359375,-1422.850341796875,50));
#279=VERTEX_POINT('',#278);
#280=CARTESIAN_POINT('',(4996.35107421875,-1422.850341796875,50));
#281=VERTEX_POINT('',#280);
#282=CARTESIAN_POINT('',(4996.35107421875,-1422.850341796875,-8.881784197001252E-15));
#283=VERTEX_POINT('',#282);
#284=CARTESIAN_POINT('',(5388.345703125,-1622.75146484375,50));
#285=VERTEX_POINT('',#284);
#286=CARTESIAN_POINT('',(4847.056640625,-1360.9600830078125,50));
#287=VERTEX_POINT('',#286);
#288=CARTESIAN_POINT('',(5127.056640625,-1360.9600830078125,50));
#289=VERTEX_POINT('',#288);
#290=CARTESIAN_POINT('',(5132.6552734375,-1361.2744140625,50));
#291=VERTEX_POINT('',#290);
#292=CARTESIAN_POINT('',(5138.18310546875,-1362.2137451171875,50));
#293=VERTEX_POINT('',#292);
#294=CARTESIAN_POINT('',(5148.7509765625,-1365.9117431640625,50));
#295=VERTEX_POINT('',#294);
#296=CARTESIAN_POINT('',(5143.5712890625,-1363.765869140625,50));
#297=VERTEX_POINT('',#296);
#298=CARTESIAN_POINT('',(4857.76318359375,-1422.850341796875,-8.881784197001252E-15));
#299=VERTEX_POINT('',#298);
#300=CARTESIAN_POINT('',(4797.15576171875,-1407.820556640625,-8.881784197001252E-15));
#301=VERTEX_POINT('',#300);
#302=CARTESIAN_POINT('',(4831.05712890625,-1410.9600830078125,-8.881784197001252E-15));
#303=VERTEX_POINT('',#302);
#304=CARTESIAN_POINT('',(4831.40673828125,-1414.28662109375,-8.881784197001252E-15));
#305=VERTEX_POINT('',#304);
#306=CARTESIAN_POINT('',(5272.6201171875,-1623.092041015625,50));
#307=VERTEX_POINT('',#306);
#308=CARTESIAN_POINT('',(5272.6201171875,-1623.092041015625,1.7763568394002505E-14));
#309=VERTEX_POINT('',#308);
#310=CARTESIAN_POINT('',(5385.75732421875,-1623.092041015625,1.7763568394002505E-14));
#311=VERTEX_POINT('',#310);
#312=CARTESIAN_POINT('',(5002.11279296875,-1395.7432861328125,50));
#313=VERTEX_POINT('',#312);
#314=CARTESIAN_POINT('',(4852.00146484375,-1395.7432861328125,50));
#315=VERTEX_POINT('',#314);
#316=CARTESIAN_POINT('',(4848.7294921875,-1395.0477294921875,50));
#317=VERTEX_POINT('',#316);
#318=CARTESIAN_POINT('',(5002.11279296875,-1395.7432861328125,-1.3322676295501878E-14));
#319=VERTEX_POINT('',#318);
#320=CARTESIAN_POINT('',(4852.00146484375,-1395.7432861328125,-1.3322676295501878E-14));
#321=VERTEX_POINT('',#320);
#322=CARTESIAN_POINT('',(4848.7294921875,-1395.0477294921875,-1.3322676295501878E-14));
#323=VERTEX_POINT('',#322);
#324=CARTESIAN_POINT('',(4840.79052734375,-1361.3543701171875,50));
#325=VERTEX_POINT('',#324);
#326=CARTESIAN_POINT('',(4840.79052734375,-1361.3543701171875,-1.7763568394002505E-14));
#327=VERTEX_POINT('',#326);
#328=CARTESIAN_POINT('',(4834.62255859375,-1362.531005859375,-1.7763568394002505E-14));
#329=VERTEX_POINT('',#328);
#330=CARTESIAN_POINT('',(4828.65087890625,-1364.4713134765625,-1.7763568394002505E-14));
#331=VERTEX_POINT('',#330);
#332=CARTESIAN_POINT('',(4822.96923828125,-1367.144775390625,-1.3322676295501878E-14));
#333=VERTEX_POINT('',#332);
#334=CARTESIAN_POINT('',(4817.66796875,-1370.5091552734375,-1.3322676295501878E-14));
#335=VERTEX_POINT('',#334);
#336=CARTESIAN_POINT('',(4812.82958984375,-1374.51171875,-1.3322676295501878E-14));
#337=VERTEX_POINT('',#336);
#338=CARTESIAN_POINT('',(4845.384765625,-1395.0477294921875,-1.3322676295501878E-14));
#339=VERTEX_POINT('',#338);
#340=CARTESIAN_POINT('',(4808.53125,-1379.0888671875,-1.3322676295501878E-14));
#341=VERTEX_POINT('',#340);
#342=CARTESIAN_POINT('',(4801.81591796875,-1389.671142578125,-1.3322676295501878E-14));
#343=VERTEX_POINT('',#342);
#344=CARTESIAN_POINT('',(4804.8408203125,-1384.168701171875,-1.3322676295501878E-14));
#345=VERTEX_POINT('',#344);
#346=CARTESIAN_POINT('',(4797.15576171875,-1407.820556640625,50));
#347=VERTEX_POINT('',#346);
#348=CARTESIAN_POINT('',(4831.05712890625,-1410.9600830078125,50));
#349=VERTEX_POINT('',#348);
#350=CARTESIAN_POINT('',(4831.40673828125,-1414.28662109375,50));
#351=VERTEX_POINT('',#350);
#352=CARTESIAN_POINT('',(4860.0009765625,-1420.36474609375,50));
#353=VERTEX_POINT('',#352);
#354=CARTESIAN_POINT('',(4994.11279296875,-1420.36474609375,50));
#355=VERTEX_POINT('',#354);
#356=CARTESIAN_POINT('',(4994.11279296875,-1420.36474609375,-8.881784197001252E-15));
#357=VERTEX_POINT('',#356);
#358=CARTESIAN_POINT('',(5385.75732421875,-1623.092041015625,50));
#359=VERTEX_POINT('',#358);
#360=CARTESIAN_POINT('',(4834.62255859375,-1362.531005859375,50));
#361=VERTEX_POINT('',#360);
#362=CARTESIAN_POINT('',(4828.65087890625,-1364.4713134765625,50));
#363=VERTEX_POINT('',#362);
#364=CARTESIAN_POINT('',(4822.96923828125,-1367.144775390625,50));
#365=VERTEX_POINT('',#364);
#366=CARTESIAN_POINT('',(4845.384765625,-1395.0477294921875,50));
#367=VERTEX_POINT('',#366);
#368=CARTESIAN_POINT('',(4817.66796875,-1370.5091552734375,50));
#369=VERTEX_POINT('',#368);
#370=CARTESIAN_POINT('',(4801.81591796875,-1389.671142578125,50));
#371=VERTEX_POINT('',#370);
#372=CARTESIAN_POINT('',(4812.82958984375,-1374.51171875,50));
#373=VERTEX_POINT('',#372);
#374=CARTESIAN_POINT('',(4804.8408203125,-1384.168701171875,50));
#375=VERTEX_POINT('',#374);
#376=CARTESIAN_POINT('',(4808.53125,-1379.0888671875,50));
#377=VERTEX_POINT('',#376);
#378=CARTESIAN_POINT('',(4860.0009765625,-1420.36474609375,-8.881784197001252E-15));
#379=VERTEX_POINT('',#378);
#380=CARTESIAN_POINT('',(4797.94287109375,-1401.591064453125,-8.881784197001252E-15));
#381=VERTEX_POINT('',#380);
#382=CARTESIAN_POINT('',(4832.4404296875,-1404.452392578125,-8.881784197001252E-15));
#383=VERTEX_POINT('',#382);
#384=CARTESIAN_POINT('',(4831.40673828125,-1407.633544921875,-8.881784197001252E-15));
#385=VERTEX_POINT('',#384);
#386=CARTESIAN_POINT('',(4999.05712890625,-1397.103759765625,50));
#387=VERTEX_POINT('',#386);
#388=CARTESIAN_POINT('',(4855.05712890625,-1397.103759765625,50));
#389=VERTEX_POINT('',#388);
#390=CARTESIAN_POINT('',(4855.05712890625,-1397.103759765625,-1.3322676295501878E-14));
#391=VERTEX_POINT('',#390);
#392=CARTESIAN_POINT('',(4999.05712890625,-1397.103759765625,-1.3322676295501878E-14));
#393=VERTEX_POINT('',#392);
#394=CARTESIAN_POINT('',(4842.11279296875,-1395.7432861328125,50));
#395=VERTEX_POINT('',#394);
#396=CARTESIAN_POINT('',(4842.11279296875,-1395.7432861328125,-1.3322676295501878E-14));
#397=VERTEX_POINT('',#396);
#398=CARTESIAN_POINT('',(4799.50390625,-1395.5091552734375,-1.3322676295501878E-14));
#399=VERTEX_POINT('',#398);
#400=CARTESIAN_POINT('',(4799.50390625,-1395.5091552734375,50));
#401=VERTEX_POINT('',#400);
#402=CARTESIAN_POINT('',(4797.94287109375,-1401.591064453125,50));
#403=VERTEX_POINT('',#402);
#404=CARTESIAN_POINT('',(4832.4404296875,-1404.452392578125,50));
#405=VERTEX_POINT('',#404);
#406=CARTESIAN_POINT('',(4831.40673828125,-1407.633544921875,50));
#407=VERTEX_POINT('',#406);
#408=CARTESIAN_POINT('',(4861.673828125,-1417.4677734375,50));
#409=VERTEX_POINT('',#408);
#410=CARTESIAN_POINT('',(4992.4404296875,-1417.4677734375,50));
#411=VERTEX_POINT('',#410);
#412=CARTESIAN_POINT('',(4992.4404296875,-1417.4677734375,-8.881784197001252E-15));
#413=VERTEX_POINT('',#412);
#414=CARTESIAN_POINT('',(4861.673828125,-1417.4677734375,-8.881784197001252E-15));
#415=VERTEX_POINT('',#414);
#416=CARTESIAN_POINT('',(4834.11279296875,-1401.555419921875,-8.881784197001252E-15));
#417=VERTEX_POINT('',#416);
#418=CARTESIAN_POINT('',(4996.35107421875,-1399.06982421875,50));
#419=VERTEX_POINT('',#418);
#420=CARTESIAN_POINT('',(4857.76318359375,-1399.06982421875,50));
#421=VERTEX_POINT('',#420);
#422=CARTESIAN_POINT('',(4857.76318359375,-1399.06982421875,-1.3322676295501878E-14));
#423=VERTEX_POINT('',#422);
#424=CARTESIAN_POINT('',(4996.35107421875,-1399.06982421875,-1.3322676295501878E-14));
#425=VERTEX_POINT('',#424);
#426=CARTESIAN_POINT('',(4839.05712890625,-1397.103759765625,50));
#427=VERTEX_POINT('',#426);
#428=CARTESIAN_POINT('',(4839.05712890625,-1397.103759765625,-1.3322676295501878E-14));
#429=VERTEX_POINT('',#428);
#430=CARTESIAN_POINT('',(4836.35107421875,-1399.06982421875,-1.3322676295501878E-14));
#431=VERTEX_POINT('',#430);
#432=CARTESIAN_POINT('',(4834.11279296875,-1401.555419921875,50));
#433=VERTEX_POINT('',#432);
#434=CARTESIAN_POINT('',(4836.35107421875,-1399.06982421875,50));
#435=VERTEX_POINT('',#434);
#436=CARTESIAN_POINT('',(4862.70751953125,-1414.28662109375,50));
#437=VERTEX_POINT('',#436);
#438=CARTESIAN_POINT('',(4991.40673828125,-1414.28662109375,50));
#439=VERTEX_POINT('',#438);
#440=CARTESIAN_POINT('',(4991.40673828125,-1414.28662109375,-8.881784197001252E-15));
#441=VERTEX_POINT('',#440);
#442=CARTESIAN_POINT('',(4862.70751953125,-1414.28662109375,-8.881784197001252E-15));
#443=VERTEX_POINT('',#442);
#444=CARTESIAN_POINT('',(4994.11279296875,-1401.555419921875,50));
#445=VERTEX_POINT('',#444);
#446=CARTESIAN_POINT('',(4860.0009765625,-1401.555419921875,50));
#447=VERTEX_POINT('',#446);
#448=CARTESIAN_POINT('',(4860.0009765625,-1401.555419921875,-8.881784197001252E-15));
#449=VERTEX_POINT('',#448);
#450=CARTESIAN_POINT('',(4994.11279296875,-1401.555419921875,-8.881784197001252E-15));
#451=VERTEX_POINT('',#450);
#452=CARTESIAN_POINT('',(4863.05712890625,-1410.9600830078125,50));
#453=VERTEX_POINT('',#452);
#454=CARTESIAN_POINT('',(4991.05712890625,-1410.9600830078125,50));
#455=VERTEX_POINT('',#454);
#456=CARTESIAN_POINT('',(4991.05712890625,-1410.9600830078125,-8.881784197001252E-15));
#457=VERTEX_POINT('',#456);
#458=CARTESIAN_POINT('',(4863.05712890625,-1410.9600830078125,-8.881784197001252E-15));
#459=VERTEX_POINT('',#458);
#460=CARTESIAN_POINT('',(4992.4404296875,-1404.452392578125,50));
#461=VERTEX_POINT('',#460);
#462=CARTESIAN_POINT('',(4861.673828125,-1404.452392578125,50));
#463=VERTEX_POINT('',#462);
#464=CARTESIAN_POINT('',(4861.673828125,-1404.452392578125,-8.881784197001252E-15));
#465=VERTEX_POINT('',#464);
#466=CARTESIAN_POINT('',(4992.4404296875,-1404.452392578125,-8.881784197001252E-15));
#467=VERTEX_POINT('',#466);
#468=CARTESIAN_POINT('',(4862.70751953125,-1407.633544921875,50));
#469=VERTEX_POINT('',#468);
#470=CARTESIAN_POINT('',(4991.40673828125,-1407.633544921875,50));
#471=VERTEX_POINT('',#470);
#472=CARTESIAN_POINT('',(4991.40673828125,-1407.633544921875,-8.881784197001252E-15));
#473=VERTEX_POINT('',#472);
#474=CARTESIAN_POINT('',(4862.70751953125,-1407.633544921875,-8.881784197001252E-15));
#475=VERTEX_POINT('',#474);
#476=STYLED_ITEM('',(#25),#477);
#477=FACE_SURFACE('',(#482),#478,.T.);
#478=PLANE('',#479);
#479=AXIS2_PLACEMENT_3D('',#40,#480,#481);
#480=DIRECTION('',(-0.06279951113279991,-0.9980261626838653,-0));
#481=DIRECTION('',(-0.12434576686949529,0.007824297260743197,-0.9922080984521405));
#482=FACE_BOUND('',#483,.T.);
#483=EDGE_LOOP('',(#484,#485,#486));
#484=ORIENTED_EDGE('',*,*,#487,.T.);
#485=ORIENTED_EDGE('',*,*,#488,.T.);
#486=ORIENTED_EDGE('',*,*,#489,.T.);
#487=EDGE_CURVE('',#41,#43,#490,.F.);
#488=EDGE_CURVE('',#43,#45,#491,.T.);
#489=EDGE_CURVE('',#45,#41,#492,.T.);
#490=LINE('',#40,#493);
#491=LINE('',#42,#494);
#492=LINE('',#44,#495);
#493=VECTOR('',#496,1.0);
#494=VECTOR('',#497,1.0);
#495=VECTOR('',#498,1.0);
#496=DIRECTION('',(-0.12434576686949529,0.007824297260743197,-0.9922080984521405));
#497=DIRECTION('',(0.9980261626838653,-0.06279951113279991,0));
#498=DIRECTION('',(0,0,1));
#499=FACE_SURFACE('',(#504),#500,.T.);
#500=PLANE('',#501);
#501=AXIS2_PLACEMENT_3D('',#46,#502,#503);
#502=DIRECTION('',(-0.06279951113279991,-0.9980261626838653,-0));
#503=DIRECTION('',(0,0,-1));
#504=FACE_BOUND('',#505,.T.);
#505=EDGE_LOOP('',(#506,#507,#508));
#506=ORIENTED_EDGE('',*,*,#509,.T.);
#507=ORIENTED_EDGE('',*,*,#510,.T.);
#508=ORIENTED_EDGE('',*,*,#511,.T.);
#509=EDGE_CURVE('',#47,#43,#512,.F.);
#510=EDGE_CURVE('',#43,#41,#513,.T.);
#511=EDGE_CURVE('',#41,#47,#514,.T.);
#512=LINE('',#46,#515);
#513=LINE('',#42,#516);
#514=LINE('',#40,#517);
#515=VECTOR('',#518,1.0);
#516=VECTOR('',#519,1.0);
#517=VECTOR('',#520,1.0);
#518=DIRECTION('',(0,0,-1));
#519=DIRECTION('',(0.12434576686949529,-0.007824297260743197,0.9922080984521405));
#520=DIRECTION('',(-0.9980261626838653,0.06279951113279991,0));
#521=FACE_SURFACE('',(#526),#522,.T.);
#522=PLANE('',#523);
#523=AXIS2_PLACEMENT_3D('',#44,#524,#525);
#524=DIRECTION('',(-8.222993058794152E-18,-1.306819441777156E-16,-1));
#525=DIRECTION('',(-0.9980261626838653,0.06279951113279991,0));
#526=FACE_BOUND('',#527,.T.);
#527=EDGE_LOOP('',(#528,#529,#530));
#528=ORIENTED_EDGE('',*,*,#531,.T.);
#529=ORIENTED_EDGE('',*,*,#532,.T.);
#530=ORIENTED_EDGE('',*,*,#533,.T.);
#531=EDGE_CURVE('',#45,#43,#534,.F.);
#532=EDGE_CURVE('',#43,#49,#535,.T.);
#533=EDGE_CURVE('',#49,#45,#536,.T.);
#534=LINE('',#44,#537);
#535=LINE('',#42,#538);
#536=LINE('',#48,#539);
#537=VECTOR('',#540,1.0);
#538=VECTOR('',#541,1.0);
#539=VECTOR('',#542,1.0);
#540=DIRECTION('',(-0.9980261626838653,0.06279951113279991,0));
#541=DIRECTION('',(0.13510423396673937,0.9908313912892851,-1.3059473374411685E-16));
#542=DIRECTION('',(0.048987475148448166,-0.9987993929105985,1.3012222284096553E-16));
#543=FACE_SURFACE('',(#548),#544,.T.);
#544=PLANE('',#545);
#545=AXIS2_PLACEMENT_3D('',#44,#546,#547);
#546=DIRECTION('',(0,-1,0));
#547=DIRECTION('',(1,0,0));
#548=FACE_BOUND('',#549,.T.);
#549=EDGE_LOOP('',(#550,#551,#552));
#550=ORIENTED_EDGE('',*,*,#553,.T.);
#551=ORIENTED_EDGE('',*,*,#554,.T.);
#552=ORIENTED_EDGE('',*,*,#555,.T.);
#553=EDGE_CURVE('',#45,#51,#556,.F.);
#554=EDGE_CURVE('',#51,#41,#557,.T.);
#555=EDGE_CURVE('',#41,#45,#558,.T.);
#556=LINE('',#44,#559);
#557=LINE('',#50,#560);
#558=LINE('',#40,#561);
#559=VECTOR('',#562,1.0);
#560=VECTOR('',#563,1.0);
#561=VECTOR('',#564,1.0);
#562=DIRECTION('',(1,0,0));
#563=DIRECTION('',(-0.9819104372127838,0,0.1893459619125788));
#564=DIRECTION('',(0,0,-1));
#565=FACE_SURFACE('',(#570),#566,.T.);
#566=PLANE('',#567);
#567=AXIS2_PLACEMENT_3D('',#40,#568,#569);
#568=DIRECTION('',(0,0,1));
#569=DIRECTION('',(-0.048987475148448166,0.9987993929105985,0));
#570=FACE_BOUND('',#571,.T.);
#571=EDGE_LOOP('',(#572,#573,#574));
#572=ORIENTED_EDGE('',*,*,#575,.T.);
#573=ORIENTED_EDGE('',*,*,#576,.T.);
#574=ORIENTED_EDGE('',*,*,#577,.T.);
#575=EDGE_CURVE('',#41,#53,#578,.F.);
#576=EDGE_CURVE('',#53,#47,#579,.T.);
#577=EDGE_CURVE('',#47,#41,#580,.T.);
#578=LINE('',#40,#581);
#579=LINE('',#52,#582);
#580=LINE('',#46,#583);
#581=VECTOR('',#584,1.0);
#582=VECTOR('',#585,1.0);
#583=VECTOR('',#586,1.0);
#584=DIRECTION('',(-0.048987475148448166,0.9987993929105985,0));
#585=DIRECTION('',(-0.13510423396673937,-0.9908313912892851,0));
#586=DIRECTION('',(0.9980261626838653,-0.06279951113279991,0));
#587=FACE_SURFACE('',(#592),#588,.T.);
#588=PLANE('',#589);
#589=AXIS2_PLACEMENT_3D('',#40,#590,#591);
#590=DIRECTION('',(0,-0,1));
#591=DIRECTION('',(0.04901602060029865,0.9987979924511818,0));
#592=FACE_BOUND('',#593,.T.);
#593=EDGE_LOOP('',(#594,#595,#596));
#594=ORIENTED_EDGE('',*,*,#597,.T.);
#595=ORIENTED_EDGE('',*,*,#598,.T.);
#596=ORIENTED_EDGE('',*,*,#599,.T.);
#597=EDGE_CURVE('',#41,#55,#600,.F.);
#598=EDGE_CURVE('',#55,#53,#601,.T.);
#599=EDGE_CURVE('',#53,#41,#602,.T.);
#600=LINE('',#40,#603);
#601=LINE('',#54,#604);
#602=LINE('',#52,#605);
#603=VECTOR('',#606,1.0);
#604=VECTOR('',#607,1.0);
#605=VECTOR('',#608,1.0);
#606=DIRECTION('',(0.04901602060029865,0.9987979924511818,0));
#607=DIRECTION('',(-1,0,0));
#608=DIRECTION('',(0.048987475148448166,-0.9987993929105985,0));
#609=FACE_SURFACE('',(#614),#610,.T.);
#610=PLANE('',#611);
#611=AXIS2_PLACEMENT_3D('',#40,#612,#613);
#612=DIRECTION('',(0,-1,0));
#613=DIRECTION('',(0.9819104372127838,0,-0.1893459619125788));
#614=FACE_BOUND('',#615,.T.);
#615=EDGE_LOOP('',(#616,#617,#618));
#616=ORIENTED_EDGE('',*,*,#619,.T.);
#617=ORIENTED_EDGE('',*,*,#620,.T.);
#618=ORIENTED_EDGE('',*,*,#621,.T.);
#619=EDGE_CURVE('',#41,#51,#622,.F.);
#620=EDGE_CURVE('',#51,#57,#623,.T.);
#621=EDGE_CURVE('',#57,#41,#624,.T.);
#622=LINE('',#40,#625);
#623=LINE('',#50,#626);
#624=LINE('',#56,#627);
#625=VECTOR('',#628,1.0);
#626=VECTOR('',#629,1.0);
#627=VECTOR('',#630,1.0);
#628=DIRECTION('',(0.9819104372127838,0,-0.1893459619125788));
#629=DIRECTION('',(0,0,1));
#630=DIRECTION('',(-1,0,0));
#631=FACE_SURFACE('',(#636),#632,.T.);
#632=PLANE('',#633);
#633=AXIS2_PLACEMENT_3D('',#40,#634,#635);
#634=DIRECTION('',(0,0,1));
#635=DIRECTION('',(0.9775993113932496,0.2104746691729061,0));
#636=FACE_BOUND('',#637,.T.);
#637=EDGE_LOOP('',(#638,#639,#640));
#638=ORIENTED_EDGE('',*,*,#641,.T.);
#639=ORIENTED_EDGE('',*,*,#642,.T.);
#640=ORIENTED_EDGE('',*,*,#643,.T.);
#641=EDGE_CURVE('',#41,#59,#644,.F.);
#642=EDGE_CURVE('',#59,#55,#645,.T.);
#643=EDGE_CURVE('',#55,#41,#646,.T.);
#644=LINE('',#40,#647);
#645=LINE('',#58,#648);
#646=LINE('',#54,#649);
#647=VECTOR('',#650,1.0);
#648=VECTOR('',#651,1.0);
#649=VECTOR('',#652,1.0);
#650=DIRECTION('',(0.9775993113932496,0.2104746691729061,0));
#651=DIRECTION('',(-1,0,0));
#652=DIRECTION('',(-0.04901602060029865,-0.9987979924511818,0));
#653=FACE_SURFACE('',(#658),#654,.T.);
#654=PLANE('',#655);
#655=AXIS2_PLACEMENT_3D('',#56,#656,#657);
#656=DIRECTION('',(0,0,1));
#657=DIRECTION('',(-0.9440944432509322,0.32967511617153084,0));
#658=FACE_BOUND('',#659,.T.);
#659=EDGE_LOOP('',(#660,#661,#662));
#660=ORIENTED_EDGE('',*,*,#663,.T.);
#661=ORIENTED_EDGE('',*,*,#664,.T.);
#662=ORIENTED_EDGE('',*,*,#665,.T.);
#663=EDGE_CURVE('',#57,#61,#666,.F.);
#664=EDGE_CURVE('',#61,#41,#667,.T.);
#665=EDGE_CURVE('',#41,#57,#668,.T.);
#666=LINE('',#56,#669);
#667=LINE('',#60,#670);
#668=LINE('',#40,#671);
#669=VECTOR('',#672,1.0);
#670=VECTOR('',#673,1.0);
#671=VECTOR('',#674,1.0);
#672=DIRECTION('',(-0.9440944432509322,0.32967511617153084,0));
#673=DIRECTION('',(-0.978487202361111,-0.2063075248640396,0));
#674=DIRECTION('',(1,0,0));
#675=FACE_SURFACE('',(#680),#676,.T.);
#676=PLANE('',#677);
#677=AXIS2_PLACEMENT_3D('',#40,#678,#679);
#678=DIRECTION('',(0,0,1));
#679=DIRECTION('',(0.978487202361111,0.2063075248640396,0));
#680=FACE_BOUND('',#681,.T.);
#681=EDGE_LOOP('',(#682,#683,#684));
#682=ORIENTED_EDGE('',*,*,#685,.T.);
#683=ORIENTED_EDGE('',*,*,#686,.T.);
#684=ORIENTED_EDGE('',*,*,#687,.T.);
#685=EDGE_CURVE('',#41,#61,#688,.F.);
#686=EDGE_CURVE('',#61,#59,#689,.T.);
#687=EDGE_CURVE('',#59,#41,#690,.T.);
#688=LINE('',#40,#691);
#689=LINE('',#60,#692);
#690=LINE('',#58,#693);
#691=VECTOR('',#694,1.0);
#692=VECTOR('',#695,1.0);
#693=VECTOR('',#696,1.0);
#694=DIRECTION('',(0.978487202361111,0.2063075248640396,0));
#695=DIRECTION('',(-1,0,0));
#696=DIRECTION('',(-0.9775993113932496,-0.2104746691729061,0));
#697=FACE_SURFACE('',(#702),#698,.T.);
#698=PLANE('',#699);
#699=AXIS2_PLACEMENT_3D('',#46,#700,#701);
#700=DIRECTION('',(-0.18738635110832447,-0.9822862899472371,-0));
#701=DIRECTION('',(-0.12239796189885446,0.023349310377277117,-0.992206404246572));
#702=FACE_BOUND('',#703,.T.);
#703=EDGE_LOOP('',(#704,#705,#706));
#704=ORIENTED_EDGE('',*,*,#707,.T.);
#705=ORIENTED_EDGE('',*,*,#708,.T.);
#706=ORIENTED_EDGE('',*,*,#709,.T.);
#707=EDGE_CURVE('',#47,#63,#710,.F.);
#708=EDGE_CURVE('',#63,#43,#711,.T.);
#709=EDGE_CURVE('',#43,#47,#712,.T.);
#710=LINE('',#46,#713);
#711=LINE('',#62,#714);
#712=LINE('',#42,#715);
#713=VECTOR('',#716,1.0);
#714=VECTOR('',#717,1.0);
#715=VECTOR('',#718,1.0);
#716=DIRECTION('',(-0.12239796189885446,0.023349310377277117,-0.992206404246572));
#717=DIRECTION('',(0.9822862899472372,-0.1873863511083245,0));
#718=DIRECTION('',(0,0,1));
#719=FACE_SURFACE('',(#724),#720,.T.);
#720=PLANE('',#721);
#721=AXIS2_PLACEMENT_3D('',#64,#722,#723);
#722=DIRECTION('',(-4.056980988674207E-17,-2.1266846705646886E-16,-1));
#723=DIRECTION('',(0.8090163899110415,-0.5877860842647652,9.218192436376269E-17));
#724=FACE_BOUND('',#725,.T.);
#725=EDGE_LOOP('',(#726,#727,#728));
#726=ORIENTED_EDGE('',*,*,#729,.T.);
#727=ORIENTED_EDGE('',*,*,#730,.T.);
#728=ORIENTED_EDGE('',*,*,#731,.T.);
#729=EDGE_CURVE('',#65,#43,#732,.F.);
#730=EDGE_CURVE('',#43,#63,#733,.T.);
#731=EDGE_CURVE('',#63,#65,#734,.T.);
#732=LINE('',#64,#735);
#733=LINE('',#42,#736);
#734=LINE('',#62,#737);
#735=VECTOR('',#738,1.0);
#736=VECTOR('',#739,1.0);
#737=VECTOR('',#740,1.0);
#738=DIRECTION('',(0.8090163899110415,-0.5877860842647652,9.218192436376269E-17));
#739=DIRECTION('',(-0.9822862899472372,0.1873863511083245,0));
#740=DIRECTION('',(-0.7705118206180986,0.6374257088381226,-1.0430083028302281E-16));
#741=FACE_SURFACE('',(#746),#742,.T.);
#742=PLANE('',#743);
#743=AXIS2_PLACEMENT_3D('',#64,#744,#745);
#744=DIRECTION('',(1.6543463694425783E-17,-1.3405895988102335E-16,-1));
#745=DIRECTION('',(0.9924715563855286,0.12247534350099354,0));
#746=FACE_BOUND('',#747,.T.);
#747=EDGE_LOOP('',(#748,#749,#750));
#748=ORIENTED_EDGE('',*,*,#751,.T.);
#749=ORIENTED_EDGE('',*,*,#752,.T.);
#750=ORIENTED_EDGE('',*,*,#753,.T.);
#751=EDGE_CURVE('',#65,#49,#754,.F.);
#752=EDGE_CURVE('',#49,#43,#755,.T.);
#753=EDGE_CURVE('',#43,#65,#756,.T.);
#754=LINE('',#64,#757);
#755=LINE('',#48,#758);
#756=LINE('',#42,#759);
#757=VECTOR('',#760,1.0);
#758=VECTOR('',#761,1.0);
#759=VECTOR('',#762,1.0);
#760=DIRECTION('',(0.9924715563855286,0.12247534350099354,0));
#761=DIRECTION('',(-0.13510423396673937,-0.9908313912892851,1.3059473374411685E-16));
#762=DIRECTION('',(-0.8090163899110415,0.5877860842647652,-9.218192436376269E-17));
#763=FACE_SURFACE('',(#768),#764,.T.);
#764=PLANE('',#765);
#765=AXIS2_PLACEMENT_3D('',#44,#766,#767);
#766=DIRECTION('',(0,-1.3027863629529922E-16,-1));
#767=DIRECTION('',(-0.048987475148448166,0.9987993929105985,-1.3012222284096553E-16));
#768=FACE_BOUND('',#769,.T.);
#769=EDGE_LOOP('',(#770,#771,#772));
#770=ORIENTED_EDGE('',*,*,#773,.T.);
#771=ORIENTED_EDGE('',*,*,#774,.T.);
#772=ORIENTED_EDGE('',*,*,#775,.T.);
#773=EDGE_CURVE('',#45,#49,#776,.F.);
#774=EDGE_CURVE('',#49,#67,#777,.T.);
#775=EDGE_CURVE('',#67,#45,#778,.T.);
#776=LINE('',#44,#779);
#777=LINE('',#48,#780);
#778=LINE('',#66,#781);
#779=VECTOR('',#782,1.0);
#780=VECTOR('',#783,1.0);
#781=VECTOR('',#784,1.0);
#782=DIRECTION('',(-0.048987475148448166,0.9987993929105985,-1.3012222284096553E-16));
#783=DIRECTION('',(1,0,0));
#784=DIRECTION('',(-0.04901602060029865,-0.9987979924511818,1.3012204039102256E-16));
#785=FACE_SURFACE('',(#790),#786,.T.);
#786=PLANE('',#787);
#787=AXIS2_PLACEMENT_3D('',#44,#788,#789);
#788=DIRECTION('',(0,-1.3027863629529922E-16,-1));
#789=DIRECTION('',(0.04901602060029865,0.9987979924511818,-1.3012204039102256E-16));
#790=FACE_BOUND('',#791,.T.);
#791=EDGE_LOOP('',(#792,#793,#794));
#792=ORIENTED_EDGE('',*,*,#795,.T.);
#793=ORIENTED_EDGE('',*,*,#796,.T.);
#794=ORIENTED_EDGE('',*,*,#797,.T.);
#795=EDGE_CURVE('',#45,#67,#798,.F.);
#796=EDGE_CURVE('',#67,#69,#799,.T.);
#797=EDGE_CURVE('',#69,#45,#800,.T.);
#798=LINE('',#44,#801);
#799=LINE('',#66,#802);
#800=LINE('',#68,#803);
#801=VECTOR('',#804,1.0);
#802=VECTOR('',#805,1.0);
#803=VECTOR('',#806,1.0);
#804=DIRECTION('',(0.04901602060029865,0.9987979924511818,-1.3012204039102256E-16));
#805=DIRECTION('',(1,0,0));
#806=DIRECTION('',(-0.9775993113932496,-0.2104746691729061,2.7420352874550466E-17));
#807=FACE_SURFACE('',(#812),#808,.T.);
#808=PLANE('',#809);
#809=AXIS2_PLACEMENT_3D('',#50,#810,#811);
#810=DIRECTION('',(-0,-1.3027863629529922E-16,-1));
#811=DIRECTION('',(-1,0,0));
#812=FACE_BOUND('',#813,.T.);
#813=EDGE_LOOP('',(#814,#815,#816));
#814=ORIENTED_EDGE('',*,*,#817,.T.);
#815=ORIENTED_EDGE('',*,*,#818,.T.);
#816=ORIENTED_EDGE('',*,*,#819,.T.);
#817=EDGE_CURVE('',#51,#45,#820,.F.);
#818=EDGE_CURVE('',#45,#71,#821,.T.);
#819=EDGE_CURVE('',#71,#51,#822,.T.);
#820=LINE('',#50,#823);
#821=LINE('',#44,#824);
#822=LINE('',#70,#825);
#823=VECTOR('',#826,1.0);
#824=VECTOR('',#827,1.0);
#825=VECTOR('',#828,1.0);
#826=DIRECTION('',(-1,0,0));
#827=DIRECTION('',(0.978487202361111,0.2063075248640396,-2.687746299674562E-17));
#828=DIRECTION('',(0.9440944432509322,-0.32967511617153084,4.2949624555321394E-17));
#829=FACE_SURFACE('',(#834),#830,.T.);
#830=PLANE('',#831);
#831=AXIS2_PLACEMENT_3D('',#44,#832,#833);
#832=DIRECTION('',(0,-1.3027863629529922E-16,-1));
#833=DIRECTION('',(0.9775993113932496,0.2104746691729061,-2.7420352874550466E-17));
#834=FACE_BOUND('',#835,.T.);
#835=EDGE_LOOP('',(#836,#837,#838));
#836=ORIENTED_EDGE('',*,*,#839,.T.);
#837=ORIENTED_EDGE('',*,*,#840,.T.);
#838=ORIENTED_EDGE('',*,*,#841,.T.);
#839=EDGE_CURVE('',#45,#69,#842,.F.);
#840=EDGE_CURVE('',#69,#71,#843,.T.);
#841=EDGE_CURVE('',#71,#45,#844,.T.);
#842=LINE('',#44,#845);
#843=LINE('',#68,#846);
#844=LINE('',#70,#847);
#845=VECTOR('',#848,1.0);
#846=VECTOR('',#849,1.0);
#847=VECTOR('',#850,1.0);
#848=DIRECTION('',(0.9775993113932496,0.2104746691729061,-2.7420352874550466E-17));
#849=DIRECTION('',(1,0,0));
#850=DIRECTION('',(-0.978487202361111,-0.2063075248640396,2.687746299674562E-17));
#851=FACE_SURFACE('',(#856),#852,.T.);
#852=PLANE('',#853);
#853=AXIS2_PLACEMENT_3D('',#72,#854,#855);
#854=DIRECTION('',(-0.18738635110832447,-0.9822862899472371,-0));
#855=DIRECTION('',(0,0,-1));
#856=FACE_BOUND('',#857,.T.);
#857=EDGE_LOOP('',(#858,#859,#860));
#858=ORIENTED_EDGE('',*,*,#861,.T.);
#859=ORIENTED_EDGE('',*,*,#862,.T.);
#860=ORIENTED_EDGE('',*,*,#863,.T.);
#861=EDGE_CURVE('',#73,#63,#864,.F.);
#862=EDGE_CURVE('',#63,#47,#865,.T.);
#863=EDGE_CURVE('',#47,#73,#866,.T.);
#864=LINE('',#72,#867);
#865=LINE('',#62,#868);
#866=LINE('',#46,#869);
#867=VECTOR('',#870,1.0);
#868=VECTOR('',#871,1.0);
#869=VECTOR('',#872,1.0);
#870=DIRECTION('',(0,0,-1));
#871=DIRECTION('',(0.12239796189885446,-0.023349310377277117,0.992206404246572));
#872=DIRECTION('',(-0.9822862899472372,0.1873863511083245,0));
#873=FACE_SURFACE('',(#878),#874,.T.);
#874=PLANE('',#875);
#875=AXIS2_PLACEMENT_3D('',#74,#876,#877);
#876=DIRECTION('',(0,0,1));
#877=DIRECTION('',(0.7705118206180986,-0.6374257088381226,0));
#878=FACE_BOUND('',#879,.T.);
#879=EDGE_LOOP('',(#880,#881,#882));
#880=ORIENTED_EDGE('',*,*,#883,.T.);
#881=ORIENTED_EDGE('',*,*,#884,.T.);
#882=ORIENTED_EDGE('',*,*,#885,.T.);
#883=EDGE_CURVE('',#75,#73,#886,.F.);
#884=EDGE_CURVE('',#73,#47,#887,.T.);
#885=EDGE_CURVE('',#47,#75,#888,.T.);
#886=LINE('',#74,#889);
#887=LINE('',#72,#890);
#888=LINE('',#46,#891);
#889=VECTOR('',#892,1.0);
#890=VECTOR('',#893,1.0);
#891=VECTOR('',#894,1.0);
#892=DIRECTION('',(0.7705118206180986,-0.6374257088381226,0));
#893=DIRECTION('',(0.9822862899472372,-0.1873863511083245,0));
#894=DIRECTION('',(-0.8090163899110415,0.5877860842647652,0));
#895=FACE_SURFACE('',(#900),#896,.T.);
#896=PLANE('',#897);
#897=AXIS2_PLACEMENT_3D('',#74,#898,#899);
#898=DIRECTION('',(-0,0,1));
#899=DIRECTION('',(0.8090163899110415,-0.5877860842647652,0));
#900=FACE_BOUND('',#901,.T.);
#901=EDGE_LOOP('',(#902,#903,#904));
#902=ORIENTED_EDGE('',*,*,#905,.T.);
#903=ORIENTED_EDGE('',*,*,#906,.T.);
#904=ORIENTED_EDGE('',*,*,#907,.T.);
#905=EDGE_CURVE('',#75,#47,#908,.F.);
#906=EDGE_CURVE('',#47,#53,#909,.T.);
#907=EDGE_CURVE('',#53,#75,#910,.T.);
#908=LINE('',#74,#911);
#909=LINE('',#46,#912);
#910=LINE('',#52,#913);
#911=VECTOR('',#914,1.0);
#912=VECTOR('',#915,1.0);
#913=VECTOR('',#916,1.0);
#914=DIRECTION('',(0.8090163899110415,-0.5877860842647652,0));
#915=DIRECTION('',(0.13510423396673937,0.9908313912892851,0));
#916=DIRECTION('',(-0.9924715563855286,-0.12247534350099354,0));
#917=FACE_SURFACE('',(#922),#918,.T.);
#918=PLANE('',#919);
#919=AXIS2_PLACEMENT_3D('',#48,#920,#921);
#920=DIRECTION('',(0,1,0));
#921=DIRECTION('',(0,0,1));
#922=FACE_BOUND('',#923,.T.);
#923=EDGE_LOOP('',(#924,#925,#926));
#924=ORIENTED_EDGE('',*,*,#927,.T.);
#925=ORIENTED_EDGE('',*,*,#928,.T.);
#926=ORIENTED_EDGE('',*,*,#929,.T.);
#927=EDGE_CURVE('',#49,#53,#930,.F.);
#928=EDGE_CURVE('',#53,#55,#931,.T.);
#929=EDGE_CURVE('',#55,#49,#932,.T.);
#930=LINE('',#48,#933);
#931=LINE('',#52,#934);
#932=LINE('',#54,#935);
#933=VECTOR('',#936,1.0);
#934=VECTOR('',#937,1.0);
#935=VECTOR('',#938,1.0);
#936=DIRECTION('',(0,0,1));
#937=DIRECTION('',(1,0,0));
#938=DIRECTION('',(-0.06674535926506997,0,-0.9977700421522869));
#939=FACE_SURFACE('',(#944),#940,.T.);
#940=PLANE('',#941);
#941=AXIS2_PLACEMENT_3D('',#48,#942,#943);
#942=DIRECTION('',(0,1,0));
#943=DIRECTION('',(0.06674535926506997,0,0.9977700421522869));
#944=FACE_BOUND('',#945,.T.);
#945=EDGE_LOOP('',(#946,#947,#948));
#946=ORIENTED_EDGE('',*,*,#949,.T.);
#947=ORIENTED_EDGE('',*,*,#950,.T.);
#948=ORIENTED_EDGE('',*,*,#951,.T.);
#949=EDGE_CURVE('',#49,#55,#952,.F.);
#950=EDGE_CURVE('',#55,#67,#953,.T.);
#951=EDGE_CURVE('',#67,#49,#954,.T.);
#952=LINE('',#48,#955);
#953=LINE('',#54,#956);
#954=LINE('',#66,#957);
#955=VECTOR('',#958,1.0);
#956=VECTOR('',#959,1.0);
#957=VECTOR('',#960,1.0);
#958=DIRECTION('',(0.06674535926506997,0,0.9977700421522869));
#959=DIRECTION('',(0,0,-1));
#960=DIRECTION('',(-1,0,0));
#961=FACE_SURFACE('',(#966),#962,.T.);
#962=PLANE('',#963);
#963=AXIS2_PLACEMENT_3D('',#76,#964,#965);
#964=DIRECTION('',(0.2078989090711868,0.978150317490625,0));
#965=DIRECTION('',(0.06529349680093802,-0.013877669425270255,0.9977695974356148));
#966=FACE_BOUND('',#967,.T.);
#967=EDGE_LOOP('',(#968,#969,#970));
#968=ORIENTED_EDGE('',*,*,#971,.T.);
#969=ORIENTED_EDGE('',*,*,#972,.T.);
#970=ORIENTED_EDGE('',*,*,#973,.T.);
#971=EDGE_CURVE('',#77,#53,#974,.F.);
#972=EDGE_CURVE('',#53,#49,#975,.T.);
#973=EDGE_CURVE('',#49,#77,#976,.T.);
#974=LINE('',#76,#977);
#975=LINE('',#52,#978);
#976=LINE('',#48,#979);
#977=VECTOR('',#980,1.0);
#978=VECTOR('',#981,1.0);
#979=VECTOR('',#982,1.0);
#980=DIRECTION('',(0.06529349680093802,-0.013877669425270255,0.9977695974356148));
#981=DIRECTION('',(0,0,-1));
#982=DIRECTION('',(-0.978150317490625,0.20789890907118677,0));
#983=FACE_SURFACE('',(#988),#984,.T.);
#984=PLANE('',#985);
#985=AXIS2_PLACEMENT_3D('',#64,#986,#987);
#986=DIRECTION('',(0,0,-1));
#987=DIRECTION('',(0.9888371727834065,0.14900015342850975,0));
#988=FACE_BOUND('',#989,.T.);
#989=EDGE_LOOP('',(#990,#991,#992));
#990=ORIENTED_EDGE('',*,*,#993,.T.);
#991=ORIENTED_EDGE('',*,*,#994,.T.);
#992=ORIENTED_EDGE('',*,*,#995,.T.);
#993=EDGE_CURVE('',#65,#77,#996,.F.);
#994=EDGE_CURVE('',#77,#49,#997,.T.);
#995=EDGE_CURVE('',#49,#65,#998,.T.);
#996=LINE('',#64,#999);
#997=LINE('',#76,#1000);
#998=LINE('',#48,#1001);
#999=VECTOR('',#1002,1.0);
#1000=VECTOR('',#1003,1.0);
#1001=VECTOR('',#1004,1.0);
#1002=DIRECTION('',(0.9888371727834065,0.14900015342850975,0));
#1003=DIRECTION('',(0.978150317490625,-0.20789890907118677,0));
#1004=DIRECTION('',(-0.9924715563855286,-0.12247534350099354,0));
#1005=FACE_SURFACE('',(#1010),#1006,.T.);
#1006=PLANE('',#1007);
#1007=AXIS2_PLACEMENT_3D('',#50,#1008,#1009);
#1008=DIRECTION('',(-0.7071075944575959,-0.7071059679145639,0));
#1009=DIRECTION('',(0.7071059679145638,-0.7071075944575959,9.862215131718955E-17));
#1010=FACE_BOUND('',#1011,.T.);
#1011=EDGE_LOOP('',(#1012,#1013,#1014));
#1012=ORIENTED_EDGE('',*,*,#1015,.T.);
#1013=ORIENTED_EDGE('',*,*,#1016,.T.);
#1014=ORIENTED_EDGE('',*,*,#1017,.T.);
#1015=EDGE_CURVE('',#51,#79,#1018,.F.);
#1016=EDGE_CURVE('',#79,#57,#1019,.T.);
#1017=EDGE_CURVE('',#57,#51,#1020,.T.);
#1018=LINE('',#50,#1021);
#1019=LINE('',#78,#1022);
#1020=LINE('',#56,#1023);
#1021=VECTOR('',#1024,1.0);
#1022=VECTOR('',#1025,1.0);
#1023=VECTOR('',#1026,1.0);
#1024=DIRECTION('',(0.7071059679145638,-0.7071075944575959,9.862215131718955E-17));
#1025=DIRECTION('',(-0.6902888679034243,0.690290455762386,0.2167956769217647));
#1026=DIRECTION('',(0,0,-1));
#1027=FACE_SURFACE('',(#1032),#1028,.T.);
#1028=PLANE('',#1029);
#1029=AXIS2_PLACEMENT_3D('',#50,#1030,#1031);
#1030=DIRECTION('',(1.7212942836777358E-17,-8.098573280621034E-17,-1));
#1031=DIRECTION('',(-0.9440944432509322,0.32967511617153084,-4.2949624555321394E-17));
#1032=FACE_BOUND('',#1033,.T.);
#1033=EDGE_LOOP('',(#1034,#1035,#1036));
#1034=ORIENTED_EDGE('',*,*,#1037,.T.);
#1035=ORIENTED_EDGE('',*,*,#1038,.T.);
#1036=ORIENTED_EDGE('',*,*,#1039,.T.);
#1037=EDGE_CURVE('',#51,#71,#1040,.F.);
#1038=EDGE_CURVE('',#71,#81,#1041,.T.);
#1039=EDGE_CURVE('',#81,#51,#1042,.T.);
#1040=LINE('',#50,#1043);
#1041=LINE('',#70,#1044);
#1042=LINE('',#80,#1045);
#1043=VECTOR('',#1046,1.0);
#1044=VECTOR('',#1047,1.0);
#1045=VECTOR('',#1048,1.0);
#1046=DIRECTION('',(-0.9440944432509322,0.32967511617153084,-4.2949624555321394E-17));
#1047=DIRECTION('',(0.978150317490625,0.20789890907118677,0));
#1048=DIRECTION('',(0.9382646421779546,-0.34591828693880117,4.4164741610386244E-17));
#1049=FACE_SURFACE('',(#1054),#1050,.T.);
#1050=PLANE('',#1051);
#1051=AXIS2_PLACEMENT_3D('',#50,#1052,#1053);
#1052=DIRECTION('',(0,-1.3947262353028478E-16,-1));
#1053=DIRECTION('',(0.8740968509276923,-0.4857516805923491,6.774906127645985E-17));
#1054=FACE_BOUND('',#1055,.T.);
#1055=EDGE_LOOP('',(#1056,#1057,#1058));
#1056=ORIENTED_EDGE('',*,*,#1059,.T.);
#1057=ORIENTED_EDGE('',*,*,#1060,.T.);
#1058=ORIENTED_EDGE('',*,*,#1061,.T.);
#1059=EDGE_CURVE('',#51,#83,#1062,.F.);
#1060=EDGE_CURVE('',#83,#79,#1063,.T.);
#1061=EDGE_CURVE('',#79,#51,#1064,.T.);
#1062=LINE('',#50,#1065);
#1063=LINE('',#82,#1066);
#1064=LINE('',#78,#1067);
#1065=VECTOR('',#1068,1.0);
#1066=VECTOR('',#1069,1.0);
#1067=VECTOR('',#1070,1.0);
#1068=DIRECTION('',(0.8740968509276923,-0.4857516805923491,6.774906127645985E-17));
#1069=DIRECTION('',(-1,0,0));
#1070=DIRECTION('',(-0.7071059679145638,0.7071075944575959,-9.862215131718955E-17));
#1071=FACE_SURFACE('',(#1076),#1072,.T.);
#1072=PLANE('',#1073);
#1073=AXIS2_PLACEMENT_3D('',#50,#1074,#1075);
#1074=DIRECTION('',(7.009705757262057E-18,-1.0866087155700424E-16,-1));
#1075=DIRECTION('',(-0.9382646421779546,0.34591828693880117,-4.4164741610386244E-17));
#1076=FACE_BOUND('',#1077,.T.);
#1077=EDGE_LOOP('',(#1078,#1079,#1080));
#1078=ORIENTED_EDGE('',*,*,#1081,.T.);
#1079=ORIENTED_EDGE('',*,*,#1082,.T.);
#1080=ORIENTED_EDGE('',*,*,#1083,.T.);
#1081=EDGE_CURVE('',#51,#81,#1084,.F.);
#1082=EDGE_CURVE('',#81,#85,#1085,.T.);
#1083=EDGE_CURVE('',#85,#51,#1086,.T.);
#1084=LINE('',#50,#1087);
#1085=LINE('',#80,#1088);
#1086=LINE('',#84,#1089);
#1087=VECTOR('',#1090,1.0);
#1088=VECTOR('',#1091,1.0);
#1089=VECTOR('',#1092,1.0);
#1090=DIRECTION('',(-0.9382646421779546,0.34591828693880117,-4.4164741610386244E-17));
#1091=DIRECTION('',(0.9478569739628414,0.3186960258773326,-2.7985589446136215E-17));
#1092=DIRECTION('',(-0.5490053514030893,-0.8358188345154532,8.697243704971073E-17));
#1093=FACE_SURFACE('',(#1098),#1094,.T.);
#1094=PLANE('',#1095);
#1095=AXIS2_PLACEMENT_3D('',#50,#1096,#1097);
#1096=DIRECTION('',(-7.809526268575149E-16,-1.544775495622118E-15,-1));
#1097=DIRECTION('',(0.8778928006152972,-0.4788572131939022,5.4134200104019556E-17));
#1098=FACE_BOUND('',#1099,.T.);
#1099=EDGE_LOOP('',(#1100,#1101,#1102));
#1100=ORIENTED_EDGE('',*,*,#1103,.T.);
#1101=ORIENTED_EDGE('',*,*,#1104,.T.);
#1102=ORIENTED_EDGE('',*,*,#1105,.T.);
#1103=EDGE_CURVE('',#51,#87,#1106,.F.);
#1104=EDGE_CURVE('',#87,#83,#1107,.T.);
#1105=EDGE_CURVE('',#83,#51,#1108,.T.);
#1106=LINE('',#50,#1109);
#1107=LINE('',#86,#1110);
#1108=LINE('',#82,#1111);
#1109=VECTOR('',#1112,1.0);
#1110=VECTOR('',#1113,1.0);
#1111=VECTOR('',#1114,1.0);
#1112=DIRECTION('',(0.8778928006152972,-0.4788572131939022,5.4134200104019556E-17));
#1113=DIRECTION('',(-0.6089241592844153,-0.7932284464388353,1.7009007882392825E-15));
#1114=DIRECTION('',(-0.8740968509276923,0.4857516805923491,-6.774906127645985E-17));
#1115=FACE_SURFACE('',(#1120),#1116,.T.);
#1116=PLANE('',#1117);
#1117=AXIS2_PLACEMENT_3D('',#50,#1118,#1119);
#1118=DIRECTION('',(6.991263095580958E-18,-1.0864875754432719E-16,-1));
#1119=DIRECTION('',(0.5490053514030893,0.8358188345154532,-8.697243704971073E-17));
#1120=FACE_BOUND('',#1121,.T.);
#1121=EDGE_LOOP('',(#1122,#1123,#1124));
#1122=ORIENTED_EDGE('',*,*,#1125,.T.);
#1123=ORIENTED_EDGE('',*,*,#1126,.T.);
#1124=ORIENTED_EDGE('',*,*,#1127,.T.);
#1125=EDGE_CURVE('',#51,#85,#1128,.F.);
#1126=EDGE_CURVE('',#85,#89,#1129,.T.);
#1127=EDGE_CURVE('',#89,#51,#1130,.T.);
#1128=LINE('',#50,#1131);
#1129=LINE('',#84,#1132);
#1130=LINE('',#88,#1133);
#1131=VECTOR('',#1134,1.0);
#1132=VECTOR('',#1135,1.0);
#1133=VECTOR('',#1136,1.0);
#1134=DIRECTION('',(0.5490053514030893,0.8358188345154532,-8.697243704971073E-17));
#1135=DIRECTION('',(0.7071062192678509,-0.7071073431047976,8.176989989422964E-17));
#1136=DIRECTION('',(-0.8921481985354525,0.4517428381833481,-5.5318540874378767E-17));
#1137=FACE_SURFACE('',(#1142),#1138,.T.);
#1138=PLANE('',#1139);
#1139=AXIS2_PLACEMENT_3D('',#50,#1140,#1141);
#1140=DIRECTION('',(5.0299320190277143E-17,-2.083458024279928E-17,-1));
#1141=DIRECTION('',(0.8816563816970855,-0.4718919628609953,5.4178387606942367E-17));
#1142=FACE_BOUND('',#1143,.T.);
#1143=EDGE_LOOP('',(#1144,#1145,#1146));
#1144=ORIENTED_EDGE('',*,*,#1147,.T.);
#1145=ORIENTED_EDGE('',*,*,#1148,.T.);
#1146=ORIENTED_EDGE('',*,*,#1149,.T.);
#1147=EDGE_CURVE('',#51,#91,#1150,.F.);
#1148=EDGE_CURVE('',#91,#87,#1151,.T.);
#1149=EDGE_CURVE('',#87,#51,#1152,.T.);
#1150=LINE('',#50,#1153);
#1151=LINE('',#90,#1154);
#1152=LINE('',#86,#1155);
#1153=VECTOR('',#1156,1.0);
#1154=VECTOR('',#1157,1.0);
#1155=VECTOR('',#1158,1.0);
#1156=DIRECTION('',(0.8816563816970855,-0.4718919628609953,5.4178387606942367E-17));
#1157=DIRECTION('',(-0.38268217252833,-0.9238800543517526,0));
#1158=DIRECTION('',(-0.8778928006152972,0.4788572131939022,-5.4134200104019556E-17));
#1159=FACE_SURFACE('',(#1164),#1160,.T.);
#1160=PLANE('',#1161);
#1161=AXIS2_PLACEMENT_3D('',#50,#1162,#1163);
#1162=DIRECTION('',(1.0143750471145635E-16,7.787339000070778E-17,-1));
#1163=DIRECTION('',(0.8921481985354525,-0.4517428381833481,5.5318540874378767E-17));
#1164=FACE_BOUND('',#1165,.T.);
#1165=EDGE_LOOP('',(#1166,#1167,#1168));
#1166=ORIENTED_EDGE('',*,*,#1169,.T.);
#1167=ORIENTED_EDGE('',*,*,#1170,.T.);
#1168=ORIENTED_EDGE('',*,*,#1171,.T.);
#1169=EDGE_CURVE('',#51,#89,#1172,.F.);
#1170=EDGE_CURVE('',#89,#93,#1173,.T.);
#1171=EDGE_CURVE('',#93,#51,#1174,.T.);
#1172=LINE('',#50,#1175);
#1173=LINE('',#88,#1176);
#1174=LINE('',#92,#1177);
#1175=VECTOR('',#1178,1.0);
#1176=VECTOR('',#1179,1.0);
#1177=VECTOR('',#1180,1.0);
#1178=DIRECTION('',(0.8921481985354525,-0.4517428381833481,5.5318540874378767E-17));
#1179=DIRECTION('',(0.6089467428059387,-0.7932111096209116,0));
#1180=DIRECTION('',(-0.8905655372810488,0.4548549480958924,-5.491564911698392E-17));
#1181=FACE_SURFACE('',(#1186),#1182,.T.);
#1182=PLANE('',#1183);
#1183=AXIS2_PLACEMENT_3D('',#50,#1184,#1185);
#1184=DIRECTION('',(5.741007096525479E-17,-7.54925374262477E-18,-1));
#1185=DIRECTION('',(0.8851568960112843,-0.4652926707392546,5.432953265138668E-17));
#1186=FACE_BOUND('',#1187,.T.);
#1187=EDGE_LOOP('',(#1188,#1189,#1190));
#1188=ORIENTED_EDGE('',*,*,#1191,.T.);
#1189=ORIENTED_EDGE('',*,*,#1192,.T.);
#1190=ORIENTED_EDGE('',*,*,#1193,.T.);
#1191=EDGE_CURVE('',#51,#95,#1194,.F.);
#1192=EDGE_CURVE('',#95,#91,#1195,.T.);
#1193=EDGE_CURVE('',#91,#51,#1196,.T.);
#1194=LINE('',#50,#1197);
#1195=LINE('',#94,#1198);
#1196=LINE('',#90,#1199);
#1197=VECTOR('',#1200,1.0);
#1198=VECTOR('',#1201,1.0);
#1199=VECTOR('',#1202,1.0);
#1200=DIRECTION('',(0.8851568960112843,-0.4652926707392546,5.432953265138668E-17));
#1201=DIRECTION('',(-0.1303746747815493,-0.9914647972447662,0));
#1202=DIRECTION('',(-0.8816563816970855,0.4718919628609953,-5.4178387606942367E-17));
#1203=FACE_SURFACE('',(#1208),#1204,.T.);
#1204=PLANE('',#1205);
#1205=AXIS2_PLACEMENT_3D('',#50,#1206,#1207);
#1206=DIRECTION('',(7.820968667752846E-17,3.239538798303942E-17,-1));
#1207=DIRECTION('',(0.8905655372810488,-0.4548549480958924,5.491564911698392E-17));
#1208=FACE_BOUND('',#1209,.T.);
#1209=EDGE_LOOP('',(#1210,#1211,#1212));
#1210=ORIENTED_EDGE('',*,*,#1213,.T.);
#1211=ORIENTED_EDGE('',*,*,#1214,.T.);
#1212=ORIENTED_EDGE('',*,*,#1215,.T.);
#1213=EDGE_CURVE('',#51,#93,#1216,.F.);
#1214=EDGE_CURVE('',#93,#97,#1217,.T.);
#1215=EDGE_CURVE('',#97,#51,#1218,.T.);
#1216=LINE('',#50,#1219);
#1217=LINE('',#92,#1220);
#1218=LINE('',#96,#1221);
#1219=VECTOR('',#1222,1.0);
#1220=VECTOR('',#1223,1.0);
#1221=VECTOR('',#1224,1.0);
#1222=DIRECTION('',(0.8905655372810488,-0.4548549480958924,5.491564911698392E-17));
#1223=DIRECTION('',(0.38268217252833,-0.9238800543517526,0));
#1224=DIRECTION('',(-0.8881866768603366,0.4594827821015625,-5.457967871069566E-17));
#1225=FACE_SURFACE('',(#1230),#1226,.T.);
#1226=PLANE('',#1227);
#1227=AXIS2_PLACEMENT_3D('',#50,#1228,#1229);
#1228=DIRECTION('',(6.593611599964333E-17,8.670403330204963E-18,-1));
#1229=DIRECTION('',(0.8881866768603366,-0.4594827821015625,5.457967871069566E-17));
#1230=FACE_BOUND('',#1231,.T.);
#1231=EDGE_LOOP('',(#1232,#1233,#1234));
#1232=ORIENTED_EDGE('',*,*,#1235,.T.);
#1233=ORIENTED_EDGE('',*,*,#1236,.T.);
#1234=ORIENTED_EDGE('',*,*,#1237,.T.);
#1235=EDGE_CURVE('',#51,#97,#1238,.F.);
#1236=EDGE_CURVE('',#97,#95,#1239,.T.);
#1237=EDGE_CURVE('',#95,#51,#1240,.T.);
#1238=LINE('',#50,#1241);
#1239=LINE('',#96,#1242);
#1240=LINE('',#94,#1243);
#1241=VECTOR('',#1244,1.0);
#1242=VECTOR('',#1245,1.0);
#1243=VECTOR('',#1246,1.0);
#1244=DIRECTION('',(0.8881866768603366,-0.4594827821015625,5.457967871069566E-17));
#1245=DIRECTION('',(0.1303746747815493,-0.9914647972447662,0));
#1246=DIRECTION('',(-0.8851568960112843,0.4652926707392546,-5.432953265138668E-17));
#1247=FACE_SURFACE('',(#1252),#1248,.T.);
#1248=PLANE('',#1249);
#1249=AXIS2_PLACEMENT_3D('',#52,#1250,#1251);
#1250=DIRECTION('',(0.2078989090711868,0.978150317490625,0));
#1251=DIRECTION('',(-0.06529349680093802,0.013877669425270255,-0.9977695974356148));
#1252=FACE_BOUND('',#1253,.T.);
#1253=EDGE_LOOP('',(#1254,#1255,#1256));
#1254=ORIENTED_EDGE('',*,*,#1257,.T.);
#1255=ORIENTED_EDGE('',*,*,#1258,.T.);
#1256=ORIENTED_EDGE('',*,*,#1259,.T.);
#1257=EDGE_CURVE('',#53,#77,#1260,.F.);
#1258=EDGE_CURVE('',#77,#99,#1261,.T.);
#1259=EDGE_CURVE('',#99,#53,#1262,.T.);
#1260=LINE('',#52,#1263);
#1261=LINE('',#76,#1264);
#1262=LINE('',#98,#1265);
#1263=VECTOR('',#1266,1.0);
#1264=VECTOR('',#1267,1.0);
#1265=VECTOR('',#1268,1.0);
#1266=DIRECTION('',(-0.06529349680093802,0.013877669425270255,-0.9977695974356148));
#1267=DIRECTION('',(0,0,1));
#1268=DIRECTION('',(0.978150317490625,-0.20789890907118677,0));
#1269=FACE_SURFACE('',(#1274),#1270,.T.);
#1270=PLANE('',#1271);
#1271=AXIS2_PLACEMENT_3D('',#74,#1272,#1273);
#1272=DIRECTION('',(0,0,1));
#1273=DIRECTION('',(0.9924715563855286,0.12247534350099354,0));
#1274=FACE_BOUND('',#1275,.T.);
#1275=EDGE_LOOP('',(#1276,#1277,#1278));
#1276=ORIENTED_EDGE('',*,*,#1279,.T.);
#1277=ORIENTED_EDGE('',*,*,#1280,.T.);
#1278=ORIENTED_EDGE('',*,*,#1281,.T.);
#1279=EDGE_CURVE('',#75,#53,#1282,.F.);
#1280=EDGE_CURVE('',#53,#99,#1283,.T.);
#1281=EDGE_CURVE('',#99,#75,#1284,.T.);
#1282=LINE('',#74,#1285);
#1283=LINE('',#52,#1286);
#1284=LINE('',#98,#1287);
#1285=VECTOR('',#1288,1.0);
#1286=VECTOR('',#1289,1.0);
#1287=VECTOR('',#1290,1.0);
#1288=DIRECTION('',(0.9924715563855286,0.12247534350099354,0));
#1289=DIRECTION('',(-0.978150317490625,0.20789890907118677,0));
#1290=DIRECTION('',(-0.9888371727834065,-0.14900015342850975,0));
#1291=FACE_SURFACE('',(#1296),#1292,.T.);
#1292=PLANE('',#1293);
#1293=AXIS2_PLACEMENT_3D('',#66,#1294,#1295);
#1294=DIRECTION('',(-0.2078989090711868,0.978150317490625,0));
#1295=DIRECTION('',(0,0,1));
#1296=FACE_BOUND('',#1297,.T.);
#1297=EDGE_LOOP('',(#1298,#1299,#1300));
#1298=ORIENTED_EDGE('',*,*,#1301,.T.);
#1299=ORIENTED_EDGE('',*,*,#1302,.T.);
#1300=ORIENTED_EDGE('',*,*,#1303,.T.);
#1301=EDGE_CURVE('',#67,#55,#1304,.F.);
#1302=EDGE_CURVE('',#55,#101,#1305,.T.);
#1303=EDGE_CURVE('',#101,#67,#1306,.T.);
#1304=LINE('',#66,#1307);
#1305=LINE('',#54,#1308);
#1306=LINE('',#100,#1309);
#1307=VECTOR('',#1310,1.0);
#1308=VECTOR('',#1311,1.0);
#1309=VECTOR('',#1312,1.0);
#1310=DIRECTION('',(0,0,1));
#1311=DIRECTION('',(0.978150317490625,0.20789890907118677,0));
#1312=DIRECTION('',(-0.06529349680093802,-0.013877669425270255,-0.9977695974356148));
#1313=FACE_SURFACE('',(#1318),#1314,.T.);
#1314=PLANE('',#1315);
#1315=AXIS2_PLACEMENT_3D('',#102,#1316,#1317);
#1316=DIRECTION('',(0,0,1));
#1317=DIRECTION('',(-1,0,0));
#1318=FACE_BOUND('',#1319,.T.);
#1319=EDGE_LOOP('',(#1320,#1321,#1322));
#1320=ORIENTED_EDGE('',*,*,#1323,.T.);
#1321=ORIENTED_EDGE('',*,*,#1324,.T.);
#1322=ORIENTED_EDGE('',*,*,#1325,.T.);
#1323=EDGE_CURVE('',#103,#101,#1326,.F.);
#1324=EDGE_CURVE('',#101,#55,#1327,.T.);
#1325=EDGE_CURVE('',#55,#103,#1328,.T.);
#1326=LINE('',#102,#1329);
#1327=LINE('',#100,#1330);
#1328=LINE('',#54,#1331);
#1329=VECTOR('',#1332,1.0);
#1330=VECTOR('',#1333,1.0);
#1331=VECTOR('',#1334,1.0);
#1332=DIRECTION('',(-1,0,0));
#1333=DIRECTION('',(-0.978150317490625,-0.20789890907118677,0));
#1334=DIRECTION('',(0.9999897217375893,0.004533918744161671,0));
#1335=FACE_SURFACE('',(#1340),#1336,.T.);
#1336=PLANE('',#1337);
#1337=AXIS2_PLACEMENT_3D('',#102,#1338,#1339);
#1338=DIRECTION('',(0,0,1));
#1339=DIRECTION('',(-0.9999897217375893,-0.004533918744161671,0));
#1340=FACE_BOUND('',#1341,.T.);
#1341=EDGE_LOOP('',(#1342,#1343,#1344));
#1342=ORIENTED_EDGE('',*,*,#1345,.T.);
#1343=ORIENTED_EDGE('',*,*,#1346,.T.);
#1344=ORIENTED_EDGE('',*,*,#1347,.T.);
#1345=EDGE_CURVE('',#103,#55,#1348,.F.);
#1346=EDGE_CURVE('',#55,#59,#1349,.T.);
#1347=EDGE_CURVE('',#59,#103,#1350,.T.);
#1348=LINE('',#102,#1351);
#1349=LINE('',#54,#1352);
#1350=LINE('',#58,#1353);
#1351=VECTOR('',#1354,1.0);
#1352=VECTOR('',#1355,1.0);
#1353=VECTOR('',#1356,1.0);
#1354=DIRECTION('',(-0.9999897217375893,-0.004533918744161671,0));
#1355=DIRECTION('',(1,0,0));
#1356=DIRECTION('',(-0.978150317490625,0.20789890907118677,0));
#1357=FACE_SURFACE('',(#1362),#1358,.T.);
#1358=PLANE('',#1359);
#1359=AXIS2_PLACEMENT_3D('',#56,#1360,#1361);
#1360=DIRECTION('',(-0.7071075944575959,-0.7071059679145638,0));
#1361=DIRECTION('',(0.6902888679034243,-0.690290455762386,-0.2167956769217647));
#1362=FACE_BOUND('',#1363,.T.);
#1363=EDGE_LOOP('',(#1364,#1365,#1366));
#1364=ORIENTED_EDGE('',*,*,#1367,.T.);
#1365=ORIENTED_EDGE('',*,*,#1368,.T.);
#1366=ORIENTED_EDGE('',*,*,#1369,.T.);
#1367=EDGE_CURVE('',#57,#79,#1370,.F.);
#1368=EDGE_CURVE('',#79,#105,#1371,.T.);
#1369=EDGE_CURVE('',#105,#57,#1372,.T.);
#1370=LINE('',#56,#1373);
#1371=LINE('',#78,#1374);
#1372=LINE('',#104,#1375);
#1373=VECTOR('',#1376,1.0);
#1374=VECTOR('',#1377,1.0);
#1375=VECTOR('',#1378,1.0);
#1376=DIRECTION('',(0.6902888679034243,-0.690290455762386,-0.2167956769217647));
#1377=DIRECTION('',(0,0,1));
#1378=DIRECTION('',(-0.7071059679145638,0.7071075944575959,0));
#1379=FACE_SURFACE('',(#1384),#1380,.T.);
#1380=PLANE('',#1381);
#1381=AXIS2_PLACEMENT_3D('',#56,#1382,#1383);
#1382=DIRECTION('',(0,0,1));
#1383=DIRECTION('',(0.7071059679145638,-0.7071075944575959,0));
#1384=FACE_BOUND('',#1385,.T.);
#1385=EDGE_LOOP('',(#1386,#1387,#1388));
#1386=ORIENTED_EDGE('',*,*,#1389,.T.);
#1387=ORIENTED_EDGE('',*,*,#1390,.T.);
#1388=ORIENTED_EDGE('',*,*,#1391,.T.);
#1389=EDGE_CURVE('',#57,#105,#1392,.F.);
#1390=EDGE_CURVE('',#105,#107,#1393,.T.);
#1391=EDGE_CURVE('',#107,#57,#1394,.T.);
#1392=LINE('',#56,#1395);
#1393=LINE('',#104,#1396);
#1394=LINE('',#106,#1397);
#1395=VECTOR('',#1398,1.0);
#1396=VECTOR('',#1399,1.0);
#1397=VECTOR('',#1400,1.0);
#1398=DIRECTION('',(0.7071059679145638,-0.7071075944575959,0));
#1399=DIRECTION('',(1,0,0));
#1400=DIRECTION('',(-0.8740968509276923,0.4857516805923491,0));
#1401=FACE_SURFACE('',(#1406),#1402,.T.);
#1402=PLANE('',#1403);
#1403=AXIS2_PLACEMENT_3D('',#56,#1404,#1405);
#1404=DIRECTION('',(0,0,1));
#1405=DIRECTION('',(-0.9382646421779546,0.34591828693880117,0));
#1406=FACE_BOUND('',#1407,.T.);
#1407=EDGE_LOOP('',(#1408,#1409,#1410));
#1408=ORIENTED_EDGE('',*,*,#1411,.T.);
#1409=ORIENTED_EDGE('',*,*,#1412,.T.);
#1410=ORIENTED_EDGE('',*,*,#1413,.T.);
#1411=EDGE_CURVE('',#57,#109,#1414,.F.);
#1412=EDGE_CURVE('',#109,#61,#1415,.T.);
#1413=EDGE_CURVE('',#61,#57,#1416,.T.);
#1414=LINE('',#56,#1417);
#1415=LINE('',#108,#1418);
#1416=LINE('',#60,#1419);
#1417=VECTOR('',#1420,1.0);
#1418=VECTOR('',#1421,1.0);
#1419=VECTOR('',#1422,1.0);
#1420=DIRECTION('',(-0.9382646421779546,0.34591828693880117,0));
#1421=DIRECTION('',(-0.978150317490625,-0.20789890907118677,0));
#1422=DIRECTION('',(0.9440944432509322,-0.32967511617153084,0));
#1423=FACE_SURFACE('',(#1428),#1424,.T.);
#1424=PLANE('',#1425);
#1425=AXIS2_PLACEMENT_3D('',#56,#1426,#1427);
#1426=DIRECTION('',(0,0,1));
#1427=DIRECTION('',(0.8740968509276923,-0.4857516805923491,0));
#1428=FACE_BOUND('',#1429,.T.);
#1429=EDGE_LOOP('',(#1430,#1431,#1432));
#1430=ORIENTED_EDGE('',*,*,#1433,.T.);
#1431=ORIENTED_EDGE('',*,*,#1434,.T.);
#1432=ORIENTED_EDGE('',*,*,#1435,.T.);
#1433=EDGE_CURVE('',#57,#107,#1436,.F.);
#1434=EDGE_CURVE('',#107,#111,#1437,.T.);
#1435=EDGE_CURVE('',#111,#57,#1438,.T.);
#1436=LINE('',#56,#1439);
#1437=LINE('',#106,#1440);
#1438=LINE('',#110,#1441);
#1439=VECTOR('',#1442,1.0);
#1440=VECTOR('',#1443,1.0);
#1441=VECTOR('',#1444,1.0);
#1442=DIRECTION('',(0.8740968509276923,-0.4857516805923491,0));
#1443=DIRECTION('',(0.6089241592844153,0.7932284464388353,0));
#1444=DIRECTION('',(-0.8778928006152972,0.4788572131939022,0));
#1445=FACE_SURFACE('',(#1450),#1446,.T.);
#1446=PLANE('',#1447);
#1447=AXIS2_PLACEMENT_3D('',#56,#1448,#1449);
#1448=DIRECTION('',(0,-0,1));
#1449=DIRECTION('',(0.5490053514030893,0.8358188345154532,0));
#1450=FACE_BOUND('',#1451,.T.);
#1451=EDGE_LOOP('',(#1452,#1453,#1454));
#1452=ORIENTED_EDGE('',*,*,#1455,.T.);
#1453=ORIENTED_EDGE('',*,*,#1456,.T.);
#1454=ORIENTED_EDGE('',*,*,#1457,.T.);
#1455=EDGE_CURVE('',#57,#113,#1458,.F.);
#1456=EDGE_CURVE('',#113,#109,#1459,.T.);
#1457=EDGE_CURVE('',#109,#57,#1460,.T.);
#1458=LINE('',#56,#1461);
#1459=LINE('',#112,#1462);
#1460=LINE('',#108,#1463);
#1461=VECTOR('',#1464,1.0);
#1462=VECTOR('',#1465,1.0);
#1463=VECTOR('',#1466,1.0);
#1464=DIRECTION('',(0.5490053514030893,0.8358188345154532,0));
#1465=DIRECTION('',(-0.9478569739628414,-0.3186960258773326,0));
#1466=DIRECTION('',(0.9382646421779546,-0.34591828693880117,0));
#1467=FACE_SURFACE('',(#1472),#1468,.T.);
#1468=PLANE('',#1469);
#1469=AXIS2_PLACEMENT_3D('',#56,#1470,#1471);
#1470=DIRECTION('',(0,0,1));
#1471=DIRECTION('',(0.8778928006152972,-0.4788572131939022,0));
#1472=FACE_BOUND('',#1473,.T.);
#1473=EDGE_LOOP('',(#1474,#1475,#1476));
#1474=ORIENTED_EDGE('',*,*,#1477,.T.);
#1475=ORIENTED_EDGE('',*,*,#1478,.T.);
#1476=ORIENTED_EDGE('',*,*,#1479,.T.);
#1477=EDGE_CURVE('',#57,#111,#1480,.F.);
#1478=EDGE_CURVE('',#111,#115,#1481,.T.);
#1479=EDGE_CURVE('',#115,#57,#1482,.T.);
#1480=LINE('',#56,#1483);
#1481=LINE('',#110,#1484);
#1482=LINE('',#114,#1485);
#1483=VECTOR('',#1486,1.0);
#1484=VECTOR('',#1487,1.0);
#1485=VECTOR('',#1488,1.0);
#1486=DIRECTION('',(0.8778928006152972,-0.4788572131939022,0));
#1487=DIRECTION('',(0.38268217252833,0.9238800543517526,0));
#1488=DIRECTION('',(-0.8816563816970855,0.4718919628609953,0));
#1489=FACE_SURFACE('',(#1494),#1490,.T.);
#1490=PLANE('',#1491);
#1491=AXIS2_PLACEMENT_3D('',#56,#1492,#1493);
#1492=DIRECTION('',(-0,0,1));
#1493=DIRECTION('',(0.8921481985354525,-0.4517428381833481,0));
#1494=FACE_BOUND('',#1495,.T.);
#1495=EDGE_LOOP('',(#1496,#1497,#1498));
#1496=ORIENTED_EDGE('',*,*,#1499,.T.);
#1497=ORIENTED_EDGE('',*,*,#1500,.T.);
#1498=ORIENTED_EDGE('',*,*,#1501,.T.);
#1499=EDGE_CURVE('',#57,#117,#1502,.F.);
#1500=EDGE_CURVE('',#117,#113,#1503,.T.);
#1501=EDGE_CURVE('',#113,#57,#1504,.T.);
#1502=LINE('',#56,#1505);
#1503=LINE('',#116,#1506);
#1504=LINE('',#112,#1507);
#1505=VECTOR('',#1508,1.0);
#1506=VECTOR('',#1509,1.0);
#1507=VECTOR('',#1510,1.0);
#1508=DIRECTION('',(0.8921481985354525,-0.4517428381833481,0));
#1509=DIRECTION('',(-0.7071062192678509,0.7071073431047976,0));
#1510=DIRECTION('',(-0.5490053514030893,-0.8358188345154532,0));
#1511=FACE_SURFACE('',(#1516),#1512,.T.);
#1512=PLANE('',#1513);
#1513=AXIS2_PLACEMENT_3D('',#56,#1514,#1515);
#1514=DIRECTION('',(0,0,1));
#1515=DIRECTION('',(0.8816563816970855,-0.4718919628609953,0));
#1516=FACE_BOUND('',#1517,.T.);
#1517=EDGE_LOOP('',(#1518,#1519,#1520));
#1518=ORIENTED_EDGE('',*,*,#1521,.T.);
#1519=ORIENTED_EDGE('',*,*,#1522,.T.);
#1520=ORIENTED_EDGE('',*,*,#1523,.T.);
#1521=EDGE_CURVE('',#57,#115,#1524,.F.);
#1522=EDGE_CURVE('',#115,#119,#1525,.T.);
#1523=EDGE_CURVE('',#119,#57,#1526,.T.);
#1524=LINE('',#56,#1527);
#1525=LINE('',#114,#1528);
#1526=LINE('',#118,#1529);
#1527=VECTOR('',#1530,1.0);
#1528=VECTOR('',#1531,1.0);
#1529=VECTOR('',#1532,1.0);
#1530=DIRECTION('',(0.8816563816970855,-0.4718919628609953,0));
#1531=DIRECTION('',(0.1303746747815493,0.9914647972447662,0));
#1532=DIRECTION('',(-0.8851568960112843,0.4652926707392546,0));
#1533=FACE_SURFACE('',(#1538),#1534,.T.);
#1534=PLANE('',#1535);
#1535=AXIS2_PLACEMENT_3D('',#56,#1536,#1537);
#1536=DIRECTION('',(0,0,1));
#1537=DIRECTION('',(0.8905655372810488,-0.4548549480958924,0));
#1538=FACE_BOUND('',#1539,.T.);
#1539=EDGE_LOOP('',(#1540,#1541,#1542));
#1540=ORIENTED_EDGE('',*,*,#1543,.T.);
#1541=ORIENTED_EDGE('',*,*,#1544,.T.);
#1542=ORIENTED_EDGE('',*,*,#1545,.T.);
#1543=EDGE_CURVE('',#57,#121,#1546,.F.);
#1544=EDGE_CURVE('',#121,#117,#1547,.T.);
#1545=EDGE_CURVE('',#117,#57,#1548,.T.);
#1546=LINE('',#56,#1549);
#1547=LINE('',#120,#1550);
#1548=LINE('',#116,#1551);
#1549=VECTOR('',#1552,1.0);
#1550=VECTOR('',#1553,1.0);
#1551=VECTOR('',#1554,1.0);
#1552=DIRECTION('',(0.8905655372810488,-0.4548549480958924,0));
#1553=DIRECTION('',(-0.6089467428059387,0.7932111096209116,0));
#1554=DIRECTION('',(-0.8921481985354525,0.4517428381833481,0));
#1555=FACE_SURFACE('',(#1560),#1556,.T.);
#1556=PLANE('',#1557);
#1557=AXIS2_PLACEMENT_3D('',#56,#1558,#1559);
#1558=DIRECTION('',(0,0,1));
#1559=DIRECTION('',(0.8851568960112843,-0.4652926707392546,0));
#1560=FACE_BOUND('',#1561,.T.);
#1561=EDGE_LOOP('',(#1562,#1563,#1564));
#1562=ORIENTED_EDGE('',*,*,#1565,.T.);
#1563=ORIENTED_EDGE('',*,*,#1566,.T.);
#1564=ORIENTED_EDGE('',*,*,#1567,.T.);
#1565=EDGE_CURVE('',#57,#119,#1568,.F.);
#1566=EDGE_CURVE('',#119,#123,#1569,.T.);
#1567=EDGE_CURVE('',#123,#57,#1570,.T.);
#1568=LINE('',#56,#1571);
#1569=LINE('',#118,#1572);
#1570=LINE('',#122,#1573);
#1571=VECTOR('',#1574,1.0);
#1572=VECTOR('',#1575,1.0);
#1573=VECTOR('',#1576,1.0);
#1574=DIRECTION('',(0.8851568960112843,-0.4652926707392546,0));
#1575=DIRECTION('',(-0.1303746747815493,0.9914647972447662,0));
#1576=DIRECTION('',(-0.8881866768603366,0.4594827821015625,0));
#1577=FACE_SURFACE('',(#1582),#1578,.T.);
#1578=PLANE('',#1579);
#1579=AXIS2_PLACEMENT_3D('',#56,#1580,#1581);
#1580=DIRECTION('',(0,0,1));
#1581=DIRECTION('',(0.8881866768603366,-0.4594827821015625,0));
#1582=FACE_BOUND('',#1583,.T.);
#1583=EDGE_LOOP('',(#1584,#1585,#1586));
#1584=ORIENTED_EDGE('',*,*,#1587,.T.);
#1585=ORIENTED_EDGE('',*,*,#1588,.T.);
#1586=ORIENTED_EDGE('',*,*,#1589,.T.);
#1587=EDGE_CURVE('',#57,#123,#1590,.F.);
#1588=EDGE_CURVE('',#123,#121,#1591,.T.);
#1589=EDGE_CURVE('',#121,#57,#1592,.T.);
#1590=LINE('',#56,#1593);
#1591=LINE('',#122,#1594);
#1592=LINE('',#120,#1595);
#1593=VECTOR('',#1596,1.0);
#1594=VECTOR('',#1597,1.0);
#1595=VECTOR('',#1598,1.0);
#1596=DIRECTION('',(0.8881866768603366,-0.4594827821015625,0));
#1597=DIRECTION('',(-0.38268217252833,0.9238800543517526,0));
#1598=DIRECTION('',(-0.8905655372810488,0.4548549480958924,0));
#1599=FACE_SURFACE('',(#1604),#1600,.T.);
#1600=PLANE('',#1601);
#1601=AXIS2_PLACEMENT_3D('',#124,#1602,#1603);
#1602=DIRECTION('',(0.2078989090711868,0.978150317490625,0));
#1603=DIRECTION('',(0.06529349680093802,-0.013877669425270255,0.9977695974356148));
#1604=FACE_BOUND('',#1605,.T.);
#1605=EDGE_LOOP('',(#1606,#1607,#1608));
#1606=ORIENTED_EDGE('',*,*,#1609,.T.);
#1607=ORIENTED_EDGE('',*,*,#1610,.T.);
#1608=ORIENTED_EDGE('',*,*,#1611,.T.);
#1609=EDGE_CURVE('',#125,#59,#1612,.F.);
#1610=EDGE_CURVE('',#59,#69,#1613,.T.);
#1611=EDGE_CURVE('',#69,#125,#1614,.T.);
#1612=LINE('',#124,#1615);
#1613=LINE('',#58,#1616);
#1614=LINE('',#68,#1617);
#1615=VECTOR('',#1618,1.0);
#1616=VECTOR('',#1619,1.0);
#1617=VECTOR('',#1620,1.0);
#1618=DIRECTION('',(0.06529349680093802,-0.013877669425270255,0.9977695974356148));
#1619=DIRECTION('',(0,0,-1));
#1620=DIRECTION('',(-0.978150317490625,0.20789890907118677,0));
#1621=FACE_SURFACE('',(#1626),#1622,.T.);
#1622=PLANE('',#1623);
#1623=AXIS2_PLACEMENT_3D('',#68,#1624,#1625);
#1624=DIRECTION('',(0,1,0));
#1625=DIRECTION('',(0,0,1));
#1626=FACE_BOUND('',#1627,.T.);
#1627=EDGE_LOOP('',(#1628,#1629,#1630));
#1628=ORIENTED_EDGE('',*,*,#1631,.T.);
#1629=ORIENTED_EDGE('',*,*,#1632,.T.);
#1630=ORIENTED_EDGE('',*,*,#1633,.T.);
#1631=EDGE_CURVE('',#69,#59,#1634,.F.);
#1632=EDGE_CURVE('',#59,#61,#1635,.T.);
#1633=EDGE_CURVE('',#61,#69,#1636,.T.);
#1634=LINE('',#68,#1637);
#1635=LINE('',#58,#1638);
#1636=LINE('',#60,#1639);
#1637=VECTOR('',#1640,1.0);
#1638=VECTOR('',#1641,1.0);
#1639=VECTOR('',#1642,1.0);
#1640=DIRECTION('',(0,0,1));
#1641=DIRECTION('',(1,0,0));
#1642=DIRECTION('',(-0.06674535926506997,0,-0.9977700421522869));
#1643=FACE_SURFACE('',(#1648),#1644,.T.);
#1644=PLANE('',#1645);
#1645=AXIS2_PLACEMENT_3D('',#58,#1646,#1647);
#1646=DIRECTION('',(0.2078989090711868,0.978150317490625,0));
#1647=DIRECTION('',(-0.06529349680093802,0.013877669425270255,-0.9977695974356148));
#1648=FACE_BOUND('',#1649,.T.);
#1649=EDGE_LOOP('',(#1650,#1651,#1652));
#1650=ORIENTED_EDGE('',*,*,#1653,.T.);
#1651=ORIENTED_EDGE('',*,*,#1654,.T.);
#1652=ORIENTED_EDGE('',*,*,#1655,.T.);
#1653=EDGE_CURVE('',#59,#125,#1656,.F.);
#1654=EDGE_CURVE('',#125,#103,#1657,.T.);
#1655=EDGE_CURVE('',#103,#59,#1658,.T.);
#1656=LINE('',#58,#1659);
#1657=LINE('',#124,#1660);
#1658=LINE('',#102,#1661);
#1659=VECTOR('',#1662,1.0);
#1660=VECTOR('',#1663,1.0);
#1661=VECTOR('',#1664,1.0);
#1662=DIRECTION('',(-0.06529349680093802,0.013877669425270255,-0.9977695974356148));
#1663=DIRECTION('',(0,0,1));
#1664=DIRECTION('',(0.978150317490625,-0.20789890907118677,0));
#1665=FACE_SURFACE('',(#1670),#1666,.T.);
#1666=PLANE('',#1667);
#1667=AXIS2_PLACEMENT_3D('',#68,#1668,#1669);
#1668=DIRECTION('',(0,1,0));
#1669=DIRECTION('',(0.06674535926506997,0,0.9977700421522869));
#1670=FACE_BOUND('',#1671,.T.);
#1671=EDGE_LOOP('',(#1672,#1673,#1674));
#1672=ORIENTED_EDGE('',*,*,#1675,.T.);
#1673=ORIENTED_EDGE('',*,*,#1676,.T.);
#1674=ORIENTED_EDGE('',*,*,#1677,.T.);
#1675=EDGE_CURVE('',#69,#61,#1678,.F.);
#1676=EDGE_CURVE('',#61,#71,#1679,.T.);
#1677=EDGE_CURVE('',#71,#69,#1680,.T.);
#1678=LINE('',#68,#1681);
#1679=LINE('',#60,#1682);
#1680=LINE('',#70,#1683);
#1681=VECTOR('',#1684,1.0);
#1682=VECTOR('',#1685,1.0);
#1683=VECTOR('',#1686,1.0);
#1684=DIRECTION('',(0.06674535926506997,0,0.9977700421522869));
#1685=DIRECTION('',(0,0,-1));
#1686=DIRECTION('',(-1,0,0));
#1687=FACE_SURFACE('',(#1692),#1688,.T.);
#1688=PLANE('',#1689);
#1689=AXIS2_PLACEMENT_3D('',#70,#1690,#1691);
#1690=DIRECTION('',(-0.2078989090711868,0.978150317490625,0));
#1691=DIRECTION('',(0,0,1));
#1692=FACE_BOUND('',#1693,.T.);
#1693=EDGE_LOOP('',(#1694,#1695,#1696));
#1694=ORIENTED_EDGE('',*,*,#1697,.T.);
#1695=ORIENTED_EDGE('',*,*,#1698,.T.);
#1696=ORIENTED_EDGE('',*,*,#1699,.T.);
#1697=EDGE_CURVE('',#71,#61,#1700,.F.);
#1698=EDGE_CURVE('',#61,#109,#1701,.T.);
#1699=EDGE_CURVE('',#109,#71,#1702,.T.);
#1700=LINE('',#70,#1703);
#1701=LINE('',#60,#1704);
#1702=LINE('',#108,#1705);
#1703=VECTOR('',#1706,1.0);
#1704=VECTOR('',#1707,1.0);
#1705=VECTOR('',#1708,1.0);
#1706=DIRECTION('',(0,0,1));
#1707=DIRECTION('',(0.978150317490625,0.20789890907118677,0));
#1708=DIRECTION('',(-0.06529349680093802,-0.013877669425270255,-0.9977695974356148));
#1709=FACE_SURFACE('',(#1714),#1710,.T.);
#1710=PLANE('',#1711);
#1711=AXIS2_PLACEMENT_3D('',#72,#1712,#1713);
#1712=DIRECTION('',(-0.30901573637678564,-0.9510569250426143,-0));
#1713=DIRECTION('',(-0.11850283629109008,0.03850373227405717,-0.9922069040235181));
#1714=FACE_BOUND('',#1715,.T.);
#1715=EDGE_LOOP('',(#1716,#1717,#1718));
#1716=ORIENTED_EDGE('',*,*,#1719,.T.);
#1717=ORIENTED_EDGE('',*,*,#1720,.T.);
#1718=ORIENTED_EDGE('',*,*,#1721,.T.);
#1719=EDGE_CURVE('',#73,#127,#1722,.F.);
#1720=EDGE_CURVE('',#127,#63,#1723,.T.);
#1721=EDGE_CURVE('',#63,#73,#1724,.T.);
#1722=LINE('',#72,#1725);
#1723=LINE('',#126,#1726);
#1724=LINE('',#62,#1727);
#1725=VECTOR('',#1728,1.0);
#1726=VECTOR('',#1729,1.0);
#1727=VECTOR('',#1730,1.0);
#1728=DIRECTION('',(-0.11850283629109008,0.03850373227405717,-0.9922069040235181));
#1729=DIRECTION('',(0.9510569250426143,-0.30901573637678564,0));
#1730=DIRECTION('',(0,0,1));
#1731=FACE_SURFACE('',(#1736),#1732,.T.);
#1732=PLANE('',#1733);
#1733=AXIS2_PLACEMENT_3D('',#64,#1734,#1735);
#1734=DIRECTION('',(-8.755272730834266E-17,-2.694608002468778E-16,-1));
#1735=DIRECTION('',(0.7705118206180986,-0.6374257088381226,1.0430083028302281E-16));
#1736=FACE_BOUND('',#1737,.T.);
#1737=EDGE_LOOP('',(#1738,#1739,#1740));
#1738=ORIENTED_EDGE('',*,*,#1741,.T.);
#1739=ORIENTED_EDGE('',*,*,#1742,.T.);
#1740=ORIENTED_EDGE('',*,*,#1743,.T.);
#1741=EDGE_CURVE('',#65,#63,#1744,.F.);
#1742=EDGE_CURVE('',#63,#127,#1745,.T.);
#1743=EDGE_CURVE('',#127,#65,#1746,.T.);
#1744=LINE('',#64,#1747);
#1745=LINE('',#62,#1748);
#1746=LINE('',#126,#1749);
#1747=VECTOR('',#1750,1.0);
#1748=VECTOR('',#1751,1.0);
#1749=VECTOR('',#1752,1.0);
#1750=DIRECTION('',(0.7705118206180986,-0.6374257088381226,1.0430083028302281E-16));
#1751=DIRECTION('',(-0.9510569250426143,0.30901573637678564,0));
#1752=DIRECTION('',(-0.7289669541137195,0.6845488878160318,-1.206360461687065E-16));
#1753=FACE_SURFACE('',(#1758),#1754,.T.);
#1754=PLANE('',#1755);
#1755=AXIS2_PLACEMENT_3D('',#74,#1756,#1757);
#1756=DIRECTION('',(-0.8763127590642128,-0.48174261623948866,-0));
#1757=DIRECTION('',(0,0,-1));
#1758=FACE_BOUND('',#1759,.T.);
#1759=EDGE_LOOP('',(#1760,#1761,#1762));
#1760=ORIENTED_EDGE('',*,*,#1763,.T.);
#1761=ORIENTED_EDGE('',*,*,#1764,.T.);
#1762=ORIENTED_EDGE('',*,*,#1765,.T.);
#1763=EDGE_CURVE('',#75,#65,#1766,.F.);
#1764=EDGE_CURVE('',#65,#129,#1767,.T.);
#1765=EDGE_CURVE('',#129,#75,#1768,.T.);
#1766=LINE('',#74,#1769);
#1767=LINE('',#64,#1770);
#1768=LINE('',#128,#1771);
#1769=VECTOR('',#1772,1.0);
#1770=VECTOR('',#1773,1.0);
#1771=VECTOR('',#1774,1.0);
#1772=DIRECTION('',(0,0,-1));
#1773=DIRECTION('',(0.06002656627225806,-0.10919118245715513,0.9922066805939025));
#1774=DIRECTION('',(-0.4817426162394886,0.8763127590642126,0));
#1775=FACE_SURFACE('',(#1780),#1776,.T.);
#1776=PLANE('',#1777);
#1777=AXIS2_PLACEMENT_3D('',#128,#1778,#1779);
#1778=DIRECTION('',(-0.8763127590642128,-0.48174261623948866,-0));
#1779=DIRECTION('',(-0.06002656627225806,0.10919118245715513,-0.9922066805939025));
#1780=FACE_BOUND('',#1781,.T.);
#1781=EDGE_LOOP('',(#1782,#1783,#1784));
#1782=ORIENTED_EDGE('',*,*,#1785,.T.);
#1783=ORIENTED_EDGE('',*,*,#1786,.T.);
#1784=ORIENTED_EDGE('',*,*,#1787,.T.);
#1785=EDGE_CURVE('',#129,#65,#1788,.F.);
#1786=EDGE_CURVE('',#65,#131,#1789,.T.);
#1787=EDGE_CURVE('',#131,#129,#1790,.T.);
#1788=LINE('',#128,#1791);
#1789=LINE('',#64,#1792);
#1790=LINE('',#130,#1793);
#1791=VECTOR('',#1794,1.0);
#1792=VECTOR('',#1795,1.0);
#1793=VECTOR('',#1796,1.0);
#1794=DIRECTION('',(-0.06002656627225806,0.10919118245715513,-0.9922066805939025));
#1795=DIRECTION('',(0.4817426162394886,-0.8763127590642126,7.072515852914348E-16));
#1796=DIRECTION('',(0,0,1));
#1797=FACE_SURFACE('',(#1802),#1798,.T.);
#1798=PLANE('',#1799);
#1799=AXIS2_PLACEMENT_3D('',#74,#1800,#1801);
#1800=DIRECTION('',(-0.9297449227323007,-0.36820426213381646,-0));
#1801=DIRECTION('',(-0.04587986137592299,0.11585028354295232,-0.9922065057855364));
#1802=FACE_BOUND('',#1803,.T.);
#1803=EDGE_LOOP('',(#1804,#1805,#1806));
#1804=ORIENTED_EDGE('',*,*,#1807,.T.);
#1805=ORIENTED_EDGE('',*,*,#1808,.T.);
#1806=ORIENTED_EDGE('',*,*,#1809,.T.);
#1807=EDGE_CURVE('',#75,#133,#1810,.F.);
#1808=EDGE_CURVE('',#133,#65,#1811,.T.);
#1809=EDGE_CURVE('',#65,#75,#1812,.T.);
#1810=LINE('',#74,#1813);
#1811=LINE('',#132,#1814);
#1812=LINE('',#64,#1815);
#1813=VECTOR('',#1816,1.0);
#1814=VECTOR('',#1817,1.0);
#1815=VECTOR('',#1818,1.0);
#1816=DIRECTION('',(-0.04587986137592299,0.11585028354295232,-0.9922065057855364));
#1817=DIRECTION('',(0.3682042621338165,-0.9297449227323007,0));
#1818=DIRECTION('',(0,0,1));
#1819=FACE_SURFACE('',(#1824),#1820,.T.);
#1820=PLANE('',#1821);
#1821=AXIS2_PLACEMENT_3D('',#64,#1822,#1823);
#1822=DIRECTION('',(-4.566254802135857E-15,-3.3173214585997796E-15,-1));
#1823=DIRECTION('',(0.535804944615582,-0.8443417917677017,3.543312428645453E-16));
#1824=FACE_BOUND('',#1825,.T.);
#1825=EDGE_LOOP('',(#1826,#1827,#1828));
#1826=ORIENTED_EDGE('',*,*,#1829,.T.);
#1827=ORIENTED_EDGE('',*,*,#1830,.T.);
#1828=ORIENTED_EDGE('',*,*,#1831,.T.);
#1829=EDGE_CURVE('',#65,#135,#1832,.F.);
#1830=EDGE_CURVE('',#135,#131,#1833,.T.);
#1831=EDGE_CURVE('',#131,#65,#1834,.T.);
#1832=LINE('',#64,#1835);
#1833=LINE('',#134,#1836);
#1834=LINE('',#130,#1837);
#1835=VECTOR('',#1838,1.0);
#1836=VECTOR('',#1839,1.0);
#1837=VECTOR('',#1840,1.0);
#1838=DIRECTION('',(0.535804944615582,-0.8443417917677017,3.543312428645453E-16));
#1839=DIRECTION('',(-0.587755466589099,0.8090386341174507,0));
#1840=DIRECTION('',(-0.4817426162394886,0.8763127590642126,-7.072515852914348E-16));
#1841=FACE_SURFACE('',(#1846),#1842,.T.);
#1842=PLANE('',#1843);
#1843=AXIS2_PLACEMENT_3D('',#64,#1844,#1845);
#1844=DIRECTION('',(0,0,-1));
#1845=DIRECTION('',(-0.3682042621338165,0.9297449227323007,0));
#1846=FACE_BOUND('',#1847,.T.);
#1847=EDGE_LOOP('',(#1848,#1849,#1850));
#1848=ORIENTED_EDGE('',*,*,#1851,.T.);
#1849=ORIENTED_EDGE('',*,*,#1852,.T.);
#1850=ORIENTED_EDGE('',*,*,#1853,.T.);
#1851=EDGE_CURVE('',#65,#133,#1854,.F.);
#1852=EDGE_CURVE('',#133,#77,#1855,.T.);
#1853=EDGE_CURVE('',#77,#65,#1856,.T.);
#1854=LINE('',#64,#1857);
#1855=LINE('',#132,#1858);
#1856=LINE('',#76,#1859);
#1857=VECTOR('',#1860,1.0);
#1858=VECTOR('',#1861,1.0);
#1859=VECTOR('',#1862,1.0);
#1860=DIRECTION('',(-0.3682042621338165,0.9297449227323007,0));
#1861=DIRECTION('',(0.9999849192082025,0.005491935557229651,0));
#1862=DIRECTION('',(-0.9888371727834065,-0.14900015342850975,0));
#1863=FACE_SURFACE('',(#1868),#1864,.T.);
#1864=PLANE('',#1865);
#1865=AXIS2_PLACEMENT_3D('',#64,#1866,#1867);
#1866=DIRECTION('',(-1.3781560292826728E-15,-1.294208184955768E-15,-1));
#1867=DIRECTION('',(0.5877749746775779,-0.8090244613995133,2.3700045455930756E-16));
#1868=FACE_BOUND('',#1869,.T.);
#1869=EDGE_LOOP('',(#1870,#1871,#1872));
#1870=ORIENTED_EDGE('',*,*,#1873,.T.);
#1871=ORIENTED_EDGE('',*,*,#1874,.T.);
#1872=ORIENTED_EDGE('',*,*,#1875,.T.);
#1873=EDGE_CURVE('',#65,#137,#1876,.F.);
#1874=EDGE_CURVE('',#137,#135,#1877,.T.);
#1875=EDGE_CURVE('',#135,#65,#1878,.T.);
#1876=LINE('',#64,#1879);
#1877=LINE('',#136,#1880);
#1878=LINE('',#134,#1881);
#1879=VECTOR('',#1882,1.0);
#1880=VECTOR('',#1883,1.0);
#1881=VECTOR('',#1884,1.0);
#1882=DIRECTION('',(0.5877749746775779,-0.8090244613995133,2.3700045455930756E-16));
#1883=DIRECTION('',(-0.684556530523921,0.7289597770227463,0));
#1884=DIRECTION('',(-0.535804944615582,0.8443417917677017,-3.543312428645453E-16));
#1885=FACE_SURFACE('',(#1890),#1886,.T.);
#1886=PLANE('',#1887);
#1887=AXIS2_PLACEMENT_3D('',#64,#1888,#1889);
#1888=DIRECTION('',(-6.07397561723275E-16,-7.342343394572488E-16,-1));
#1889=DIRECTION('',(0.6374210356194213,-0.7705156866345192,1.7857109339118332E-16));
#1890=FACE_BOUND('',#1891,.T.);
#1891=EDGE_LOOP('',(#1892,#1893,#1894));
#1892=ORIENTED_EDGE('',*,*,#1895,.T.);
#1893=ORIENTED_EDGE('',*,*,#1896,.T.);
#1894=ORIENTED_EDGE('',*,*,#1897,.T.);
#1895=EDGE_CURVE('',#65,#139,#1898,.F.);
#1896=EDGE_CURVE('',#139,#137,#1899,.T.);
#1897=EDGE_CURVE('',#137,#65,#1900,.T.);
#1898=LINE('',#64,#1901);
#1899=LINE('',#138,#1902);
#1900=LINE('',#136,#1903);
#1901=VECTOR('',#1904,1.0);
#1902=VECTOR('',#1905,1.0);
#1903=VECTOR('',#1906,1.0);
#1904=DIRECTION('',(0.6374210356194213,-0.7705156866345192,1.7857109339118332E-16));
#1905=DIRECTION('',(-0.770520411690271,0.6374153239204838,0));
#1906=DIRECTION('',(-0.5877749746775779,0.8090244613995133,-2.3700045455930756E-16));
#1907=FACE_SURFACE('',(#1912),#1908,.T.);
#1908=PLANE('',#1909);
#1909=AXIS2_PLACEMENT_3D('',#64,#1910,#1911);
#1910=DIRECTION('',(-3.096514243858011E-16,-4.879192358124367E-16,-1));
#1911=DIRECTION('',(0.6845411472418499,-0.7289742229549767,1.4371140449702792E-16));
#1912=FACE_BOUND('',#1913,.T.);
#1913=EDGE_LOOP('',(#1914,#1915,#1916));
#1914=ORIENTED_EDGE('',*,*,#1917,.T.);
#1915=ORIENTED_EDGE('',*,*,#1918,.T.);
#1916=ORIENTED_EDGE('',*,*,#1919,.T.);
#1917=EDGE_CURVE('',#65,#141,#1920,.F.);
#1918=EDGE_CURVE('',#141,#139,#1921,.T.);
#1919=EDGE_CURVE('',#139,#65,#1922,.T.);
#1920=LINE('',#64,#1923);
#1921=LINE('',#140,#1924);
#1922=LINE('',#138,#1925);
#1923=VECTOR('',#1926,1.0);
#1924=VECTOR('',#1927,1.0);
#1925=VECTOR('',#1928,1.0);
#1926=DIRECTION('',(0.6845411472418499,-0.7289742229549767,1.4371140449702792E-16));
#1927=DIRECTION('',(-0.8443213009418666,0.5358372334728467,0));
#1928=DIRECTION('',(-0.6374210356194213,0.7705156866345192,-1.7857109339118332E-16));
#1929=FACE_SURFACE('',(#1934),#1930,.T.);
#1930=PLANE('',#1931);
#1931=AXIS2_PLACEMENT_3D('',#64,#1932,#1933);
#1932=DIRECTION('',(-1.6620285614872221E-16,-3.5321427042537445E-16,-1));
#1933=DIRECTION('',(0.7289669541137195,-0.6845488878160318,1.206360461687065E-16));
#1934=FACE_BOUND('',#1935,.T.);
#1935=EDGE_LOOP('',(#1936,#1937,#1938));
#1936=ORIENTED_EDGE('',*,*,#1939,.T.);
#1937=ORIENTED_EDGE('',*,*,#1940,.T.);
#1938=ORIENTED_EDGE('',*,*,#1941,.T.);
#1939=EDGE_CURVE('',#65,#127,#1942,.F.);
#1940=EDGE_CURVE('',#127,#141,#1943,.T.);
#1941=EDGE_CURVE('',#141,#65,#1944,.T.);
#1942=LINE('',#64,#1945);
#1943=LINE('',#126,#1946);
#1944=LINE('',#140,#1947);
#1945=VECTOR('',#1948,1.0);
#1946=VECTOR('',#1949,1.0);
#1947=VECTOR('',#1950,1.0);
#1948=DIRECTION('',(0.7289669541137195,-0.6845488878160318,1.206360461687065E-16));
#1949=DIRECTION('',(-0.9048341217574197,0.42576426823240915,0));
#1950=DIRECTION('',(-0.6845411472418499,0.7289742229549767,-1.4371140449702792E-16));
#1951=FACE_SURFACE('',(#1956),#1952,.T.);
#1952=PLANE('',#1953);
#1953=AXIS2_PLACEMENT_3D('',#66,#1954,#1955);
#1954=DIRECTION('',(-0.2078989090711868,0.978150317490625,0));
#1955=DIRECTION('',(0.06529349680093802,0.013877669425270255,0.9977695974356148));
#1956=FACE_BOUND('',#1957,.T.);
#1957=EDGE_LOOP('',(#1958,#1959,#1960));
#1958=ORIENTED_EDGE('',*,*,#1961,.T.);
#1959=ORIENTED_EDGE('',*,*,#1962,.T.);
#1960=ORIENTED_EDGE('',*,*,#1963,.T.);
#1961=EDGE_CURVE('',#67,#101,#1964,.F.);
#1962=EDGE_CURVE('',#101,#143,#1965,.T.);
#1963=EDGE_CURVE('',#143,#67,#1966,.T.);
#1964=LINE('',#66,#1967);
#1965=LINE('',#100,#1968);
#1966=LINE('',#142,#1969);
#1967=VECTOR('',#1970,1.0);
#1968=VECTOR('',#1971,1.0);
#1969=VECTOR('',#1972,1.0);
#1970=DIRECTION('',(0.06529349680093802,0.013877669425270255,0.9977695974356148));
#1971=DIRECTION('',(0,0,-1));
#1972=DIRECTION('',(-0.978150317490625,-0.20789890907118677,0));
#1973=FACE_SURFACE('',(#1978),#1974,.T.);
#1974=PLANE('',#1975);
#1975=AXIS2_PLACEMENT_3D('',#124,#1976,#1977);
#1976=DIRECTION('',(-0,0,-1));
#1977=DIRECTION('',(-0.9999897217375893,-0.004533918744161671,0));
#1978=FACE_BOUND('',#1979,.T.);
#1979=EDGE_LOOP('',(#1980,#1981,#1982));
#1980=ORIENTED_EDGE('',*,*,#1983,.T.);
#1981=ORIENTED_EDGE('',*,*,#1984,.T.);
#1982=ORIENTED_EDGE('',*,*,#1985,.T.);
#1983=EDGE_CURVE('',#125,#67,#1986,.F.);
#1984=EDGE_CURVE('',#67,#143,#1987,.T.);
#1985=EDGE_CURVE('',#143,#125,#1988,.T.);
#1986=LINE('',#124,#1989);
#1987=LINE('',#66,#1990);
#1988=LINE('',#142,#1991);
#1989=VECTOR('',#1992,1.0);
#1990=VECTOR('',#1993,1.0);
#1991=VECTOR('',#1994,1.0);
#1992=DIRECTION('',(-0.9999897217375893,-0.004533918744161671,0));
#1993=DIRECTION('',(0.978150317490625,0.20789890907118677,0));
#1994=DIRECTION('',(1,0,0));
#1995=FACE_SURFACE('',(#2000),#1996,.T.);
#1996=PLANE('',#1997);
#1997=AXIS2_PLACEMENT_3D('',#68,#1998,#1999);
#1998=DIRECTION('',(0,0,-1));
#1999=DIRECTION('',(-1,0,0));
#2000=FACE_BOUND('',#2001,.T.);
#2001=EDGE_LOOP('',(#2002,#2003,#2004));
#2002=ORIENTED_EDGE('',*,*,#2005,.T.);
#2003=ORIENTED_EDGE('',*,*,#2006,.T.);
#2004=ORIENTED_EDGE('',*,*,#2007,.T.);
#2005=EDGE_CURVE('',#69,#67,#2008,.F.);
#2006=EDGE_CURVE('',#67,#125,#2009,.T.);
#2007=EDGE_CURVE('',#125,#69,#2010,.T.);
#2008=LINE('',#68,#2011);
#2009=LINE('',#66,#2012);
#2010=LINE('',#124,#2013);
#2011=VECTOR('',#2014,1.0);
#2012=VECTOR('',#2015,1.0);
#2013=VECTOR('',#2016,1.0);
#2014=DIRECTION('',(-1,0,0));
#2015=DIRECTION('',(0.9999897217375893,0.004533918744161671,0));
#2016=DIRECTION('',(0.978150317490625,-0.20789890907118677,0));
#2017=FACE_SURFACE('',(#2022),#2018,.T.);
#2018=PLANE('',#2019);
#2019=AXIS2_PLACEMENT_3D('',#70,#2020,#2021);
#2020=DIRECTION('',(-0.2078989090711868,0.978150317490625,0));
#2021=DIRECTION('',(0.06529349680093802,0.013877669425270255,0.9977695974356148));
#2022=FACE_BOUND('',#2023,.T.);
#2023=EDGE_LOOP('',(#2024,#2025,#2026));
#2024=ORIENTED_EDGE('',*,*,#2027,.T.);
#2025=ORIENTED_EDGE('',*,*,#2028,.T.);
#2026=ORIENTED_EDGE('',*,*,#2029,.T.);
#2027=EDGE_CURVE('',#71,#109,#2030,.F.);
#2028=EDGE_CURVE('',#109,#81,#2031,.T.);
#2029=EDGE_CURVE('',#81,#71,#2032,.T.);
#2030=LINE('',#70,#2033);
#2031=LINE('',#108,#2034);
#2032=LINE('',#80,#2035);
#2033=VECTOR('',#2036,1.0);
#2034=VECTOR('',#2037,1.0);
#2035=VECTOR('',#2038,1.0);
#2036=DIRECTION('',(0.06529349680093802,0.013877669425270255,0.9977695974356148));
#2037=DIRECTION('',(0,0,-1));
#2038=DIRECTION('',(-0.978150317490625,-0.20789890907118677,0));
#2039=FACE_SURFACE('',(#2044),#2040,.T.);
#2040=PLANE('',#2041);
#2041=AXIS2_PLACEMENT_3D('',#144,#2042,#2043);
#2042=DIRECTION('',(-0.30901573637678564,-0.9510569250426143,-0));
#2043=DIRECTION('',(0,0,-1));
#2044=FACE_BOUND('',#2045,.T.);
#2045=EDGE_LOOP('',(#2046,#2047,#2048));
#2046=ORIENTED_EDGE('',*,*,#2049,.T.);
#2047=ORIENTED_EDGE('',*,*,#2050,.T.);
#2048=ORIENTED_EDGE('',*,*,#2051,.T.);
#2049=EDGE_CURVE('',#145,#127,#2052,.F.);
#2050=EDGE_CURVE('',#127,#73,#2053,.T.);
#2051=EDGE_CURVE('',#73,#145,#2054,.T.);
#2052=LINE('',#144,#2055);
#2053=LINE('',#126,#2056);
#2054=LINE('',#72,#2057);
#2055=VECTOR('',#2058,1.0);
#2056=VECTOR('',#2059,1.0);
#2057=VECTOR('',#2060,1.0);
#2058=DIRECTION('',(0,0,-1));
#2059=DIRECTION('',(0.11850283629109008,-0.03850373227405717,0.9922069040235181));
#2060=DIRECTION('',(-0.9510569250426143,0.30901573637678564,0));
#2061=FACE_SURFACE('',(#2066),#2062,.T.);
#2062=PLANE('',#2063);
#2063=AXIS2_PLACEMENT_3D('',#74,#2064,#2065);
#2064=DIRECTION('',(0,0,1));
#2065=DIRECTION('',(0.7289669541137195,-0.6845488878160318,0));
#2066=FACE_BOUND('',#2067,.T.);
#2067=EDGE_LOOP('',(#2068,#2069,#2070));
#2068=ORIENTED_EDGE('',*,*,#2071,.T.);
#2069=ORIENTED_EDGE('',*,*,#2072,.T.);
#2070=ORIENTED_EDGE('',*,*,#2073,.T.);
#2071=EDGE_CURVE('',#75,#145,#2074,.F.);
#2072=EDGE_CURVE('',#145,#73,#2075,.T.);
#2073=EDGE_CURVE('',#73,#75,#2076,.T.);
#2074=LINE('',#74,#2077);
#2075=LINE('',#144,#2078);
#2076=LINE('',#72,#2079);
#2077=VECTOR('',#2080,1.0);
#2078=VECTOR('',#2081,1.0);
#2079=VECTOR('',#2082,1.0);
#2080=DIRECTION('',(0.7289669541137195,-0.6845488878160318,0));
#2081=DIRECTION('',(0.9510569250426143,-0.30901573637678564,0));
#2082=DIRECTION('',(-0.7705118206180986,0.6374257088381226,0));
#2083=FACE_SURFACE('',(#2088),#2084,.T.);
#2084=PLANE('',#2085);
#2085=AXIS2_PLACEMENT_3D('',#146,#2086,#2087);
#2086=DIRECTION('',(-0.9297449227323007,-0.36820426213381646,-0));
#2087=DIRECTION('',(0,0,-1));
#2088=FACE_BOUND('',#2089,.T.);
#2089=EDGE_LOOP('',(#2090,#2091,#2092));
#2090=ORIENTED_EDGE('',*,*,#2093,.T.);
#2091=ORIENTED_EDGE('',*,*,#2094,.T.);
#2092=ORIENTED_EDGE('',*,*,#2095,.T.);
#2093=EDGE_CURVE('',#147,#133,#2096,.F.);
#2094=EDGE_CURVE('',#133,#75,#2097,.T.);
#2095=EDGE_CURVE('',#75,#147,#2098,.T.);
#2096=LINE('',#146,#2099);
#2097=LINE('',#132,#2100);
#2098=LINE('',#74,#2101);
#2099=VECTOR('',#2102,1.0);
#2100=VECTOR('',#2103,1.0);
#2101=VECTOR('',#2104,1.0);
#2102=DIRECTION('',(0,0,-1));
#2103=DIRECTION('',(0.04587986137592299,-0.11585028354295232,0.9922065057855364));
#2104=DIRECTION('',(-0.3682042621338165,0.9297449227323007,0));
#2105=FACE_SURFACE('',(#2110),#2106,.T.);
#2106=PLANE('',#2107);
#2107=AXIS2_PLACEMENT_3D('',#74,#2108,#2109);
#2108=DIRECTION('',(0,0,1));
#2109=DIRECTION('',(0.4817426162394886,-0.8763127590642126,0));
#2110=FACE_BOUND('',#2111,.T.);
#2111=EDGE_LOOP('',(#2112,#2113,#2114));
#2112=ORIENTED_EDGE('',*,*,#2115,.T.);
#2113=ORIENTED_EDGE('',*,*,#2116,.T.);
#2114=ORIENTED_EDGE('',*,*,#2117,.T.);
#2115=EDGE_CURVE('',#75,#129,#2118,.F.);
#2116=EDGE_CURVE('',#129,#149,#2119,.T.);
#2117=EDGE_CURVE('',#149,#75,#2120,.T.);
#2118=LINE('',#74,#2121);
#2119=LINE('',#128,#2122);
#2120=LINE('',#148,#2123);
#2121=VECTOR('',#2124,1.0);
#2122=VECTOR('',#2125,1.0);
#2123=VECTOR('',#2126,1.0);
#2124=DIRECTION('',(0.4817426162394886,-0.8763127590642126,0));
#2125=DIRECTION('',(0.587755466589099,-0.8090386341174507,0));
#2126=DIRECTION('',(-0.535804944615582,0.8443417917677017,0));
#2127=FACE_SURFACE('',(#2132),#2128,.T.);
#2128=PLANE('',#2129);
#2129=AXIS2_PLACEMENT_3D('',#74,#2130,#2131);
#2130=DIRECTION('',(0,-0,1));
#2131=DIRECTION('',(0.9888371727834065,0.14900015342850975,0));
#2132=FACE_BOUND('',#2133,.T.);
#2133=EDGE_LOOP('',(#2134,#2135,#2136));
#2134=ORIENTED_EDGE('',*,*,#2137,.T.);
#2135=ORIENTED_EDGE('',*,*,#2138,.T.);
#2136=ORIENTED_EDGE('',*,*,#2139,.T.);
#2137=EDGE_CURVE('',#75,#99,#2140,.F.);
#2138=EDGE_CURVE('',#99,#147,#2141,.T.);
#2139=EDGE_CURVE('',#147,#75,#2142,.T.);
#2140=LINE('',#74,#2143);
#2141=LINE('',#98,#2144);
#2142=LINE('',#146,#2145);
#2143=VECTOR('',#2146,1.0);
#2144=VECTOR('',#2147,1.0);
#2145=VECTOR('',#2148,1.0);
#2146=DIRECTION('',(0.9888371727834065,0.14900015342850975,0));
#2147=DIRECTION('',(-0.9999849192082025,-0.005491935557229651,0));
#2148=DIRECTION('',(0.3682042621338165,-0.9297449227323007,0));
#2149=FACE_SURFACE('',(#2154),#2150,.T.);
#2150=PLANE('',#2151);
#2151=AXIS2_PLACEMENT_3D('',#74,#2152,#2153);
#2152=DIRECTION('',(0,0,1));
#2153=DIRECTION('',(0.535804944615582,-0.8443417917677017,0));
#2154=FACE_BOUND('',#2155,.T.);
#2155=EDGE_LOOP('',(#2156,#2157,#2158));
#2156=ORIENTED_EDGE('',*,*,#2159,.T.);
#2157=ORIENTED_EDGE('',*,*,#2160,.T.);
#2158=ORIENTED_EDGE('',*,*,#2161,.T.);
#2159=EDGE_CURVE('',#75,#149,#2162,.F.);
#2160=EDGE_CURVE('',#149,#151,#2163,.T.);
#2161=EDGE_CURVE('',#151,#75,#2164,.T.);
#2162=LINE('',#74,#2165);
#2163=LINE('',#148,#2166);
#2164=LINE('',#150,#2167);
#2165=VECTOR('',#2168,1.0);
#2166=VECTOR('',#2169,1.0);
#2167=VECTOR('',#2170,1.0);
#2168=DIRECTION('',(0.535804944615582,-0.8443417917677017,0));
#2169=DIRECTION('',(0.684556530523921,-0.7289597770227463,0));
#2170=DIRECTION('',(-0.5877749746775779,0.8090244613995133,0));
#2171=FACE_SURFACE('',(#2176),#2172,.T.);
#2172=PLANE('',#2173);
#2173=AXIS2_PLACEMENT_3D('',#74,#2174,#2175);
#2174=DIRECTION('',(0,0,1));
#2175=DIRECTION('',(0.5877749746775779,-0.8090244613995133,0));
#2176=FACE_BOUND('',#2177,.T.);
#2177=EDGE_LOOP('',(#2178,#2179,#2180));
#2178=ORIENTED_EDGE('',*,*,#2181,.T.);
#2179=ORIENTED_EDGE('',*,*,#2182,.T.);
#2180=ORIENTED_EDGE('',*,*,#2183,.T.);
#2181=EDGE_CURVE('',#75,#151,#2184,.F.);
#2182=EDGE_CURVE('',#151,#153,#2185,.T.);
#2183=EDGE_CURVE('',#153,#75,#2186,.T.);
#2184=LINE('',#74,#2187);
#2185=LINE('',#150,#2188);
#2186=LINE('',#152,#2189);
#2187=VECTOR('',#2190,1.0);
#2188=VECTOR('',#2191,1.0);
#2189=VECTOR('',#2192,1.0);
#2190=DIRECTION('',(0.5877749746775779,-0.8090244613995133,0));
#2191=DIRECTION('',(0.770520411690271,-0.6374153239204838,0));
#2192=DIRECTION('',(-0.6374210356194213,0.7705156866345192,0));
#2193=FACE_SURFACE('',(#2198),#2194,.T.);
#2194=PLANE('',#2195);
#2195=AXIS2_PLACEMENT_3D('',#74,#2196,#2197);
#2196=DIRECTION('',(0,0,1));
#2197=DIRECTION('',(0.6374210356194213,-0.7705156866345192,0));
#2198=FACE_BOUND('',#2199,.T.);
#2199=EDGE_LOOP('',(#2200,#2201,#2202));
#2200=ORIENTED_EDGE('',*,*,#2203,.T.);
#2201=ORIENTED_EDGE('',*,*,#2204,.T.);
#2202=ORIENTED_EDGE('',*,*,#2205,.T.);
#2203=EDGE_CURVE('',#75,#153,#2206,.F.);
#2204=EDGE_CURVE('',#153,#155,#2207,.T.);
#2205=EDGE_CURVE('',#155,#75,#2208,.T.);
#2206=LINE('',#74,#2209);
#2207=LINE('',#152,#2210);
#2208=LINE('',#154,#2211);
#2209=VECTOR('',#2212,1.0);
#2210=VECTOR('',#2213,1.0);
#2211=VECTOR('',#2214,1.0);
#2212=DIRECTION('',(0.6374210356194213,-0.7705156866345192,0));
#2213=DIRECTION('',(0.8443213009418666,-0.5358372334728467,0));
#2214=DIRECTION('',(-0.6845411472418499,0.7289742229549767,0));
#2215=FACE_SURFACE('',(#2220),#2216,.T.);
#2216=PLANE('',#2217);
#2217=AXIS2_PLACEMENT_3D('',#74,#2218,#2219);
#2218=DIRECTION('',(0,0,1));
#2219=DIRECTION('',(0.6845411472418499,-0.7289742229549767,0));
#2220=FACE_BOUND('',#2221,.T.);
#2221=EDGE_LOOP('',(#2222,#2223,#2224));
#2222=ORIENTED_EDGE('',*,*,#2225,.T.);
#2223=ORIENTED_EDGE('',*,*,#2226,.T.);
#2224=ORIENTED_EDGE('',*,*,#2227,.T.);
#2225=EDGE_CURVE('',#75,#155,#2228,.F.);
#2226=EDGE_CURVE('',#155,#145,#2229,.T.);
#2227=EDGE_CURVE('',#145,#75,#2230,.T.);
#2228=LINE('',#74,#2231);
#2229=LINE('',#154,#2232);
#2230=LINE('',#144,#2233);
#2231=VECTOR('',#2234,1.0);
#2232=VECTOR('',#2235,1.0);
#2233=VECTOR('',#2236,1.0);
#2234=DIRECTION('',(0.6845411472418499,-0.7289742229549767,0));
#2235=DIRECTION('',(0.9048341217574197,-0.42576426823240915,0));
#2236=DIRECTION('',(-0.7289669541137195,0.6845488878160318,0));
#2237=FACE_SURFACE('',(#2242),#2238,.T.);
#2238=PLANE('',#2239);
#2239=AXIS2_PLACEMENT_3D('',#98,#2240,#2241);
#2240=DIRECTION('',(0.4067681826428105,0.9135314146702703,0));
#2241=DIRECTION('',(0,0,-1));
#2242=FACE_BOUND('',#2243,.T.);
#2243=EDGE_LOOP('',(#2244,#2245,#2246));
#2244=ORIENTED_EDGE('',*,*,#2247,.T.);
#2245=ORIENTED_EDGE('',*,*,#2248,.T.);
#2246=ORIENTED_EDGE('',*,*,#2249,.T.);
#2247=EDGE_CURVE('',#99,#77,#2250,.F.);
#2248=EDGE_CURVE('',#77,#157,#2251,.T.);
#2249=EDGE_CURVE('',#157,#99,#2252,.T.);
#2250=LINE('',#98,#2253);
#2251=LINE('',#76,#2254);
#2252=LINE('',#156,#2255);
#2253=VECTOR('',#2256,1.0);
#2254=VECTOR('',#2257,1.0);
#2255=VECTOR('',#2258,1.0);
#2256=DIRECTION('',(0,0,-1));
#2257=DIRECTION('',(-0.9135314146702702,0.40676818264281045,0));
#2258=DIRECTION('',(0.06097698775958254,-0.02715122665261693,0.9977698220807371));
#2259=FACE_SURFACE('',(#2264),#2260,.T.);
#2260=PLANE('',#2261);
#2261=AXIS2_PLACEMENT_3D('',#158,#2262,#2263);
#2262=DIRECTION('',(0,0,-1));
#2263=DIRECTION('',(0.9940966676156485,-0.10849799737996496,0));
#2264=FACE_BOUND('',#2265,.T.);
#2265=EDGE_LOOP('',(#2266,#2267,#2268));
#2266=ORIENTED_EDGE('',*,*,#2269,.T.);
#2267=ORIENTED_EDGE('',*,*,#2270,.T.);
#2268=ORIENTED_EDGE('',*,*,#2271,.T.);
#2269=EDGE_CURVE('',#159,#157,#2272,.F.);
#2270=EDGE_CURVE('',#157,#77,#2273,.T.);
#2271=EDGE_CURVE('',#77,#159,#2274,.T.);
#2272=LINE('',#158,#2275);
#2273=LINE('',#156,#2276);
#2274=LINE('',#76,#2277);
#2275=VECTOR('',#2278,1.0);
#2276=VECTOR('',#2279,1.0);
#2277=VECTOR('',#2280,1.0);
#2278=DIRECTION('',(0.9940966676156485,-0.10849799737996496,0));
#2279=DIRECTION('',(0.9135314146702702,-0.40676818264281045,0));
#2280=DIRECTION('',(-0.991349272821047,0.13125021629384556,0));
#2281=FACE_SURFACE('',(#2286),#2282,.T.);
#2282=PLANE('',#2283);
#2283=AXIS2_PLACEMENT_3D('',#158,#2284,#2285);
#2284=DIRECTION('',(0,0,-1));
#2285=DIRECTION('',(0.991349272821047,-0.13125021629384556,0));
#2286=FACE_BOUND('',#2287,.T.);
#2287=EDGE_LOOP('',(#2288,#2289,#2290));
#2288=ORIENTED_EDGE('',*,*,#2291,.T.);
#2289=ORIENTED_EDGE('',*,*,#2292,.T.);
#2290=ORIENTED_EDGE('',*,*,#2293,.T.);
#2291=EDGE_CURVE('',#159,#77,#2294,.F.);
#2292=EDGE_CURVE('',#77,#133,#2295,.T.);
#2293=EDGE_CURVE('',#133,#159,#2296,.T.);
#2294=LINE('',#158,#2297);
#2295=LINE('',#76,#2298);
#2296=LINE('',#132,#2299);
#2297=VECTOR('',#2300,1.0);
#2298=VECTOR('',#2301,1.0);
#2299=VECTOR('',#2302,1.0);
#2300=DIRECTION('',(0.991349272821047,-0.13125021629384556,0));
#2301=DIRECTION('',(-0.9999849192082025,-0.005491935557229651,0));
#2302=DIRECTION('',(-0.24861014482836857,0.968603631981843,0));
#2303=FACE_SURFACE('',(#2308),#2304,.T.);
#2304=PLANE('',#2305);
#2305=AXIS2_PLACEMENT_3D('',#104,#2306,#2307);
#2306=DIRECTION('',(-0.6088222072872083,-0.7933066997788004,-0));
#2307=DIRECTION('',(0,0,-1));
#2308=FACE_BOUND('',#2309,.T.);
#2309=EDGE_LOOP('',(#2310,#2311,#2312));
#2310=ORIENTED_EDGE('',*,*,#2313,.T.);
#2311=ORIENTED_EDGE('',*,*,#2314,.T.);
#2312=ORIENTED_EDGE('',*,*,#2315,.T.);
#2313=EDGE_CURVE('',#105,#79,#2316,.F.);
#2314=EDGE_CURVE('',#79,#161,#2317,.T.);
#2315=EDGE_CURVE('',#161,#105,#2318,.T.);
#2316=LINE('',#104,#2319);
#2317=LINE('',#78,#2320);
#2318=LINE('',#160,#2321);
#2319=VECTOR('',#2322,1.0);
#2320=VECTOR('',#2323,1.0);
#2321=VECTOR('',#2324,1.0);
#2322=DIRECTION('',(0,0,-1));
#2323=DIRECTION('',(0.041359689996588116,-0.03174144093760792,0.998640003690314));
#2324=DIRECTION('',(-0.7933066997788003,0.6088222072872083,0));
#2325=FACE_SURFACE('',(#2330),#2326,.T.);
#2326=PLANE('',#2327);
#2327=AXIS2_PLACEMENT_3D('',#160,#2328,#2329);
#2328=DIRECTION('',(-0.6088222072872083,-0.7933066997788004,-0));
#2329=DIRECTION('',(-0.041359689996588116,0.03174144093760792,-0.998640003690314));
#2330=FACE_BOUND('',#2331,.T.);
#2331=EDGE_LOOP('',(#2332,#2333,#2334));
#2332=ORIENTED_EDGE('',*,*,#2335,.T.);
#2333=ORIENTED_EDGE('',*,*,#2336,.T.);
#2334=ORIENTED_EDGE('',*,*,#2337,.T.);
#2335=EDGE_CURVE('',#161,#79,#2338,.F.);
#2336=EDGE_CURVE('',#79,#163,#2339,.T.);
#2337=EDGE_CURVE('',#163,#161,#2340,.T.);
#2338=LINE('',#160,#2341);
#2339=LINE('',#78,#2342);
#2340=LINE('',#162,#2343);
#2341=VECTOR('',#2344,1.0);
#2342=VECTOR('',#2345,1.0);
#2343=VECTOR('',#2346,1.0);
#2344=DIRECTION('',(-0.041359689996588116,0.03174144093760792,-0.998640003690314));
#2345=DIRECTION('',(0.7933066997788003,-0.6088222072872083,0));
#2346=DIRECTION('',(0,0,1));
#2347=FACE_SURFACE('',(#2352),#2348,.T.);
#2348=PLANE('',#2349);
#2349=AXIS2_PLACEMENT_3D('',#82,#2350,#2351);
#2350=DIRECTION('',(-0,0,-1));
#2351=DIRECTION('',(-0.9999194568355836,-0.012691723351515118,0));
#2352=FACE_BOUND('',#2353,.T.);
#2353=EDGE_LOOP('',(#2354,#2355,#2356));
#2354=ORIENTED_EDGE('',*,*,#2357,.T.);
#2355=ORIENTED_EDGE('',*,*,#2358,.T.);
#2356=ORIENTED_EDGE('',*,*,#2359,.T.);
#2357=EDGE_CURVE('',#83,#163,#2360,.F.);
#2358=EDGE_CURVE('',#163,#79,#2361,.T.);
#2359=EDGE_CURVE('',#79,#83,#2362,.T.);
#2360=LINE('',#82,#2363);
#2361=LINE('',#162,#2364);
#2362=LINE('',#78,#2365);
#2363=VECTOR('',#2366,1.0);
#2364=VECTOR('',#2367,1.0);
#2365=VECTOR('',#2368,1.0);
#2366=DIRECTION('',(-0.9999194568355836,-0.012691723351515118,0));
#2367=DIRECTION('',(-0.7933066997788003,0.6088222072872083,0));
#2368=DIRECTION('',(1,0,0));
#2369=FACE_SURFACE('',(#2374),#2370,.T.);
#2370=PLANE('',#2371);
#2371=AXIS2_PLACEMENT_3D('',#80,#2372,#2373);
#2372=DIRECTION('',(-0.4067681826428105,0.9135314146702703,0));
#2373=DIRECTION('',(0,0,1));
#2374=FACE_BOUND('',#2375,.T.);
#2375=EDGE_LOOP('',(#2376,#2377,#2378));
#2376=ORIENTED_EDGE('',*,*,#2379,.T.);
#2377=ORIENTED_EDGE('',*,*,#2380,.T.);
#2378=ORIENTED_EDGE('',*,*,#2381,.T.);
#2379=EDGE_CURVE('',#81,#109,#2382,.F.);
#2380=EDGE_CURVE('',#109,#165,#2383,.T.);
#2381=EDGE_CURVE('',#165,#81,#2384,.T.);
#2382=LINE('',#80,#2385);
#2383=LINE('',#108,#2386);
#2384=LINE('',#164,#2387);
#2385=VECTOR('',#2388,1.0);
#2386=VECTOR('',#2389,1.0);
#2387=VECTOR('',#2390,1.0);
#2388=DIRECTION('',(0,0,1));
#2389=DIRECTION('',(0.9135314146702702,0.40676818264281045,0));
#2390=DIRECTION('',(-0.06097698775958254,-0.02715122665261693,-0.9977698220807371));
#2391=FACE_SURFACE('',(#2396),#2392,.T.);
#2392=PLANE('',#2393);
#2393=AXIS2_PLACEMENT_3D('',#80,#2394,#2395);
#2394=DIRECTION('',(-0.4067681826428105,0.9135314146702703,0));
#2395=DIRECTION('',(0.06097698775958254,0.02715122665261693,0.9977698220807371));
#2396=FACE_BOUND('',#2397,.T.);
#2397=EDGE_LOOP('',(#2398,#2399,#2400));
#2398=ORIENTED_EDGE('',*,*,#2401,.T.);
#2399=ORIENTED_EDGE('',*,*,#2402,.T.);
#2400=ORIENTED_EDGE('',*,*,#2403,.T.);
#2401=EDGE_CURVE('',#81,#165,#2404,.F.);
#2402=EDGE_CURVE('',#165,#167,#2405,.T.);
#2403=EDGE_CURVE('',#167,#81,#2406,.T.);
#2404=LINE('',#80,#2407);
#2405=LINE('',#164,#2408);
#2406=LINE('',#166,#2409);
#2407=VECTOR('',#2410,1.0);
#2408=VECTOR('',#2411,1.0);
#2409=VECTOR('',#2412,1.0);
#2410=DIRECTION('',(0.06097698775958254,0.02715122665261693,0.9977698220807371));
#2411=DIRECTION('',(0,0,-1));
#2412=DIRECTION('',(-0.9135314146702702,-0.40676818264281045,0));
#2413=FACE_SURFACE('',(#2418),#2414,.T.);
#2414=PLANE('',#2415);
#2415=AXIS2_PLACEMENT_3D('',#84,#2416,#2417);
#2416=DIRECTION('',(-1.2056492814587075E-16,2.7076810347635353E-16,-1));
#2417=DIRECTION('',(-0.9478569739628414,-0.3186960258773326,2.7985589446136215E-17));
#2418=FACE_BOUND('',#2419,.T.);
#2419=EDGE_LOOP('',(#2420,#2421,#2422));
#2420=ORIENTED_EDGE('',*,*,#2423,.T.);
#2421=ORIENTED_EDGE('',*,*,#2424,.T.);
#2422=ORIENTED_EDGE('',*,*,#2425,.T.);
#2423=EDGE_CURVE('',#85,#81,#2426,.F.);
#2424=EDGE_CURVE('',#81,#167,#2427,.T.);
#2425=EDGE_CURVE('',#167,#85,#2428,.T.);
#2426=LINE('',#84,#2429);
#2427=LINE('',#80,#2430);
#2428=LINE('',#166,#2431);
#2429=VECTOR('',#2432,1.0);
#2430=VECTOR('',#2433,1.0);
#2431=VECTOR('',#2434,1.0);
#2432=DIRECTION('',(-0.9478569739628414,-0.3186960258773326,2.7985589446136215E-17));
#2433=DIRECTION('',(0.9135314146702702,0.40676818264281045,0));
#2434=DIRECTION('',(0.9485028930896202,0.3167684671816634,-2.858538605161006E-17));
#2435=FACE_SURFACE('',(#2440),#2436,.T.);
#2436=PLANE('',#2437);
#2437=AXIS2_PLACEMENT_3D('',#106,#2438,#2439);
#2438=DIRECTION('',(0.7932284464388352,-0.6089241592844152,0));
#2439=DIRECTION('',(0,0,-1));
#2440=FACE_BOUND('',#2441,.T.);
#2441=EDGE_LOOP('',(#2442,#2443,#2444));
#2442=ORIENTED_EDGE('',*,*,#2445,.T.);
#2443=ORIENTED_EDGE('',*,*,#2446,.T.);
#2444=ORIENTED_EDGE('',*,*,#2447,.T.);
#2445=EDGE_CURVE('',#107,#83,#2448,.F.);
#2446=EDGE_CURVE('',#83,#111,#2449,.T.);
#2447=EDGE_CURVE('',#111,#107,#2450,.T.);
#2448=LINE('',#106,#2451);
#2449=LINE('',#82,#2452);
#2450=LINE('',#110,#2453);
#2451=VECTOR('',#2454,1.0);
#2452=VECTOR('',#2455,1.0);
#2453=VECTOR('',#2456,1.0);
#2454=DIRECTION('',(0,0,-1));
#2455=DIRECTION('',(0.03175361267383685,0.041364541816977574,0.9986394157865147));
#2456=DIRECTION('',(-0.6089241592844153,-0.7932284464388353,0));
#2457=FACE_SURFACE('',(#2462),#2458,.T.);
#2458=PLANE('',#2459);
#2459=AXIS2_PLACEMENT_3D('',#110,#2460,#2461);
#2460=DIRECTION('',(0.7932284464388352,-0.6089241592844152,0));
#2461=DIRECTION('',(-0.03175361267383685,-0.041364541816977574,-0.9986394157865147));
#2462=FACE_BOUND('',#2463,.T.);
#2463=EDGE_LOOP('',(#2464,#2465,#2466));
#2464=ORIENTED_EDGE('',*,*,#2467,.T.);
#2465=ORIENTED_EDGE('',*,*,#2468,.T.);
#2466=ORIENTED_EDGE('',*,*,#2469,.T.);
#2467=EDGE_CURVE('',#111,#83,#2470,.F.);
#2468=EDGE_CURVE('',#83,#87,#2471,.T.);
#2469=EDGE_CURVE('',#87,#111,#2472,.T.);
#2470=LINE('',#110,#2473);
#2471=LINE('',#82,#2474);
#2472=LINE('',#86,#2475);
#2473=VECTOR('',#2476,1.0);
#2474=VECTOR('',#2477,1.0);
#2475=VECTOR('',#2478,1.0);
#2476=DIRECTION('',(-0.03175361267383685,-0.041364541816977574,-0.9986394157865147));
#2477=DIRECTION('',(0.6089241592844153,0.7932284464388353,-1.7009007882392825E-15));
#2478=DIRECTION('',(0,0,1));
#2479=FACE_SURFACE('',(#2484),#2480,.T.);
#2480=PLANE('',#2481);
#2481=AXIS2_PLACEMENT_3D('',#106,#2482,#2483);
#2482=DIRECTION('',(0.6088222072872083,-0.7933066997788004,0));
#2483=DIRECTION('',(-0.041359689996588116,-0.03174144093760792,-0.998640003690314));
#2484=FACE_BOUND('',#2485,.T.);
#2485=EDGE_LOOP('',(#2486,#2487,#2488));
#2486=ORIENTED_EDGE('',*,*,#2489,.T.);
#2487=ORIENTED_EDGE('',*,*,#2490,.T.);
#2488=ORIENTED_EDGE('',*,*,#2491,.T.);
#2489=EDGE_CURVE('',#107,#169,#2492,.F.);
#2490=EDGE_CURVE('',#169,#83,#2493,.T.);
#2491=EDGE_CURVE('',#83,#107,#2494,.T.);
#2492=LINE('',#106,#2495);
#2493=LINE('',#168,#2496);
#2494=LINE('',#82,#2497);
#2495=VECTOR('',#2498,1.0);
#2496=VECTOR('',#2499,1.0);
#2497=VECTOR('',#2500,1.0);
#2498=DIRECTION('',(-0.041359689996588116,-0.03174144093760792,-0.998640003690314));
#2499=DIRECTION('',(0.7933066997788003,0.6088222072872083,0));
#2500=DIRECTION('',(0,0,1));
#2501=FACE_SURFACE('',(#2506),#2502,.T.);
#2502=PLANE('',#2503);
#2503=AXIS2_PLACEMENT_3D('',#168,#2504,#2505);
#2504=DIRECTION('',(0,0,-1));
#2505=DIRECTION('',(-1,0,0));
#2506=FACE_BOUND('',#2507,.T.);
#2507=EDGE_LOOP('',(#2508,#2509,#2510));
#2508=ORIENTED_EDGE('',*,*,#2511,.T.);
#2509=ORIENTED_EDGE('',*,*,#2512,.T.);
#2510=ORIENTED_EDGE('',*,*,#2513,.T.);
#2511=EDGE_CURVE('',#169,#163,#2514,.F.);
#2512=EDGE_CURVE('',#163,#83,#2515,.T.);
#2513=EDGE_CURVE('',#83,#169,#2516,.T.);
#2514=LINE('',#168,#2517);
#2515=LINE('',#162,#2518);
#2516=LINE('',#82,#2519);
#2517=VECTOR('',#2520,1.0);
#2518=VECTOR('',#2521,1.0);
#2519=VECTOR('',#2522,1.0);
#2520=DIRECTION('',(-1,0,0));
#2521=DIRECTION('',(0.9999194568355836,0.012691723351515118,0));
#2522=DIRECTION('',(-0.7933066997788003,-0.6088222072872083,0));
#2523=FACE_SURFACE('',(#2528),#2524,.T.);
#2524=PLANE('',#2525);
#2525=AXIS2_PLACEMENT_3D('',#112,#2526,#2527);
#2526=DIRECTION('',(0.666415461070985,0.7455806014412837,0));
#2527=DIRECTION('',(0,0,-1));
#2528=FACE_BOUND('',#2529,.T.);
#2529=EDGE_LOOP('',(#2530,#2531,#2532));
#2530=ORIENTED_EDGE('',*,*,#2533,.T.);
#2531=ORIENTED_EDGE('',*,*,#2534,.T.);
#2532=ORIENTED_EDGE('',*,*,#2535,.T.);
#2533=EDGE_CURVE('',#113,#85,#2536,.F.);
#2534=EDGE_CURVE('',#85,#171,#2537,.T.);
#2535=EDGE_CURVE('',#171,#113,#2538,.T.);
#2536=LINE('',#112,#2539);
#2537=LINE('',#84,#2540);
#2538=LINE('',#170,#2541);
#2539=VECTOR('',#2542,1.0);
#2540=VECTOR('',#2543,1.0);
#2541=VECTOR('',#2544,1.0);
#2542=DIRECTION('',(0,0,-1));
#2543=DIRECTION('',(-0.08308282188763225,0.07426115559913117,0.9937718679235539));
#2544=DIRECTION('',(0.7455806014412837,-0.666415461070985,0));
#2545=FACE_SURFACE('',(#2550),#2546,.T.);
#2546=PLANE('',#2547);
#2547=AXIS2_PLACEMENT_3D('',#170,#2548,#2549);
#2548=DIRECTION('',(0.666415461070985,0.7455806014412837,0));
#2549=DIRECTION('',(0.08308282188763225,-0.07426115559913117,-0.9937718679235539));
#2550=FACE_BOUND('',#2551,.T.);
#2551=EDGE_LOOP('',(#2552,#2553,#2554));
#2552=ORIENTED_EDGE('',*,*,#2555,.T.);
#2553=ORIENTED_EDGE('',*,*,#2556,.T.);
#2554=ORIENTED_EDGE('',*,*,#2557,.T.);
#2555=EDGE_CURVE('',#171,#85,#2558,.F.);
#2556=EDGE_CURVE('',#85,#173,#2559,.T.);
#2557=EDGE_CURVE('',#173,#171,#2560,.T.);
#2558=LINE('',#170,#2561);
#2559=LINE('',#84,#2562);
#2560=LINE('',#172,#2563);
#2561=VECTOR('',#2564,1.0);
#2562=VECTOR('',#2565,1.0);
#2563=VECTOR('',#2566,1.0);
#2564=DIRECTION('',(0.08308282188763225,-0.07426115559913117,-0.9937718679235539));
#2565=DIRECTION('',(-0.7455806014412837,0.666415461070985,0));
#2566=DIRECTION('',(0,0,1));
#2567=FACE_SURFACE('',(#2572),#2568,.T.);
#2568=PLANE('',#2569);
#2569=AXIS2_PLACEMENT_3D('',#116,#2570,#2571);
#2570=DIRECTION('',(0.7071073431047976,0.7071062192678509,0));
#2571=DIRECTION('',(-0.6989262559314554,0.6989273667676043,-0.15166616218834195));
#2572=FACE_BOUND('',#2573,.T.);
#2573=EDGE_LOOP('',(#2574,#2575,#2576));
#2574=ORIENTED_EDGE('',*,*,#2577,.T.);
#2575=ORIENTED_EDGE('',*,*,#2578,.T.);
#2576=ORIENTED_EDGE('',*,*,#2579,.T.);
#2577=EDGE_CURVE('',#117,#85,#2580,.F.);
#2578=EDGE_CURVE('',#85,#113,#2581,.T.);
#2579=EDGE_CURVE('',#113,#117,#2582,.T.);
#2580=LINE('',#116,#2583);
#2581=LINE('',#84,#2584);
#2582=LINE('',#112,#2585);
#2583=VECTOR('',#2586,1.0);
#2584=VECTOR('',#2587,1.0);
#2585=VECTOR('',#2588,1.0);
#2586=DIRECTION('',(-0.6989262559314554,0.6989273667676043,-0.15166616218834195));
#2587=DIRECTION('',(0,0,1));
#2588=DIRECTION('',(0.7071062192678509,-0.7071073431047976,0));
#2589=FACE_SURFACE('',(#2594),#2590,.T.);
#2590=PLANE('',#2591);
#2591=AXIS2_PLACEMENT_3D('',#174,#2592,#2593);
#2592=DIRECTION('',(0,0,-1));
#2593=DIRECTION('',(0.9881932589588496,0.15321254174605964,0));
#2594=FACE_BOUND('',#2595,.T.);
#2595=EDGE_LOOP('',(#2596,#2597,#2598));
#2596=ORIENTED_EDGE('',*,*,#2599,.T.);
#2597=ORIENTED_EDGE('',*,*,#2600,.T.);
#2598=ORIENTED_EDGE('',*,*,#2601,.T.);
#2599=EDGE_CURVE('',#175,#173,#2602,.F.);
#2600=EDGE_CURVE('',#173,#85,#2603,.T.);
#2601=EDGE_CURVE('',#85,#175,#2604,.T.);
#2602=LINE('',#174,#2605);
#2603=LINE('',#172,#2606);
#2604=LINE('',#84,#2607);
#2605=VECTOR('',#2608,1.0);
#2606=VECTOR('',#2609,1.0);
#2607=VECTOR('',#2610,1.0);
#2608=DIRECTION('',(0.9881932589588496,0.15321254174605964,0));
#2609=DIRECTION('',(0.7455806014412837,-0.666415461070985,0));
#2610=DIRECTION('',(-0.9920919173312751,-0.12551345571672473,0));
#2611=FACE_SURFACE('',(#2616),#2612,.T.);
#2612=PLANE('',#2613);
#2613=AXIS2_PLACEMENT_3D('',#88,#2614,#2615);
#2614=DIRECTION('',(0.7071073431047976,0.7071062192678509,-0));
#2615=DIRECTION('',(-0.7071062192678509,0.7071073431047976,-8.176989989422964E-17));
#2616=FACE_BOUND('',#2617,.T.);
#2617=EDGE_LOOP('',(#2618,#2619,#2620));
#2618=ORIENTED_EDGE('',*,*,#2621,.T.);
#2619=ORIENTED_EDGE('',*,*,#2622,.T.);
#2620=ORIENTED_EDGE('',*,*,#2623,.T.);
#2621=EDGE_CURVE('',#89,#85,#2624,.F.);
#2622=EDGE_CURVE('',#85,#117,#2625,.T.);
#2623=EDGE_CURVE('',#117,#89,#2626,.T.);
#2624=LINE('',#88,#2627);
#2625=LINE('',#84,#2628);
#2626=LINE('',#116,#2629);
#2627=VECTOR('',#2630,1.0);
#2628=VECTOR('',#2631,1.0);
#2629=VECTOR('',#2632,1.0);
#2630=DIRECTION('',(-0.7071062192678509,0.7071073431047976,-8.176989989422964E-17));
#2631=DIRECTION('',(0.6989262559314554,-0.6989273667676043,0.15166616218834195));
#2632=DIRECTION('',(0,0,-1));
#2633=FACE_SURFACE('',(#2638),#2634,.T.);
#2634=PLANE('',#2635);
#2635=AXIS2_PLACEMENT_3D('',#84,#2636,#2637);
#2636=DIRECTION('',(0,0,-1));
#2637=DIRECTION('',(-0.9911554122061373,-0.13270625024648303,0));
#2638=FACE_BOUND('',#2639,.T.);
#2639=EDGE_LOOP('',(#2640,#2641,#2642));
#2640=ORIENTED_EDGE('',*,*,#2643,.T.);
#2641=ORIENTED_EDGE('',*,*,#2644,.T.);
#2642=ORIENTED_EDGE('',*,*,#2645,.T.);
#2643=EDGE_CURVE('',#85,#177,#2646,.F.);
#2644=EDGE_CURVE('',#177,#175,#2647,.T.);
#2645=EDGE_CURVE('',#175,#85,#2648,.T.);
#2646=LINE('',#84,#2649);
#2647=LINE('',#176,#2650);
#2648=LINE('',#174,#2651);
#2649=VECTOR('',#2652,1.0);
#2650=VECTOR('',#2653,1.0);
#2651=VECTOR('',#2654,1.0);
#2652=DIRECTION('',(-0.9911554122061373,-0.13270625024648303,0));
#2653=DIRECTION('',(-0.9781428959003713,0.20793382408746142,0));
#2654=DIRECTION('',(0.9920919173312751,0.12551345571672473,0));
#2655=FACE_SURFACE('',(#2660),#2656,.T.);
#2656=PLANE('',#2657);
#2657=AXIS2_PLACEMENT_3D('',#84,#2658,#2659);
#2658=DIRECTION('',(0,0,-1));
#2659=DIRECTION('',(-0.989523624364915,-0.1443710387291107,0));
#2660=FACE_BOUND('',#2661,.T.);
#2661=EDGE_LOOP('',(#2662,#2663,#2664));
#2662=ORIENTED_EDGE('',*,*,#2665,.T.);
#2663=ORIENTED_EDGE('',*,*,#2666,.T.);
#2664=ORIENTED_EDGE('',*,*,#2667,.T.);
#2665=EDGE_CURVE('',#85,#179,#2668,.F.);
#2666=EDGE_CURVE('',#179,#177,#2669,.T.);
#2667=EDGE_CURVE('',#177,#85,#2670,.T.);
#2668=LINE('',#84,#2671);
#2669=LINE('',#178,#2672);
#2670=LINE('',#176,#2673);
#2671=VECTOR('',#2674,1.0);
#2672=VECTOR('',#2675,1.0);
#2673=VECTOR('',#2676,1.0);
#2674=DIRECTION('',(-0.989523624364915,-0.1443710387291107,0));
#2675=DIRECTION('',(-0.913544975572529,0.40673772582118234,0));
#2676=DIRECTION('',(0.9911554122061373,0.13270625024648303,0));
#2677=FACE_SURFACE('',(#2682),#2678,.T.);
#2678=PLANE('',#2679);
#2679=AXIS2_PLACEMENT_3D('',#84,#2680,#2681);
#2680=DIRECTION('',(0,0,-1));
#2681=DIRECTION('',(-0.9870963052222184,-0.16012771220699207,0));
#2682=FACE_BOUND('',#2683,.T.);
#2683=EDGE_LOOP('',(#2684,#2685,#2686));
#2684=ORIENTED_EDGE('',*,*,#2687,.T.);
#2685=ORIENTED_EDGE('',*,*,#2688,.T.);
#2686=ORIENTED_EDGE('',*,*,#2689,.T.);
#2687=EDGE_CURVE('',#85,#181,#2690,.F.);
#2688=EDGE_CURVE('',#181,#179,#2691,.T.);
#2689=EDGE_CURVE('',#179,#85,#2692,.T.);
#2690=LINE('',#84,#2693);
#2691=LINE('',#180,#2694);
#2692=LINE('',#178,#2695);
#2693=VECTOR('',#2696,1.0);
#2694=VECTOR('',#2697,1.0);
#2695=VECTOR('',#2698,1.0);
#2696=DIRECTION('',(-0.9870963052222184,-0.16012771220699207,0));
#2697=DIRECTION('',(-0.8090169034526202,0.5877853774363001,0));
#2698=DIRECTION('',(0.989523624364915,0.1443710387291107,0));
#2699=FACE_SURFACE('',(#2704),#2700,.T.);
#2700=PLANE('',#2701);
#2701=AXIS2_PLACEMENT_3D('',#84,#2702,#2703);
#2702=DIRECTION('',(2.5289707010282887E-16,-1.558966652676165E-15,-1));
#2703=DIRECTION('',(-0.9837996192869193,-0.17927160704058143,3.067841586199168E-17));
#2704=FACE_BOUND('',#2705,.T.);
#2705=EDGE_LOOP('',(#2706,#2707,#2708));
#2706=ORIENTED_EDGE('',*,*,#2709,.T.);
#2707=ORIENTED_EDGE('',*,*,#2710,.T.);
#2708=ORIENTED_EDGE('',*,*,#2711,.T.);
#2709=EDGE_CURVE('',#85,#183,#2712,.F.);
#2710=EDGE_CURVE('',#183,#181,#2713,.T.);
#2711=EDGE_CURVE('',#181,#85,#2714,.T.);
#2712=LINE('',#84,#2715);
#2713=LINE('',#182,#2716);
#2714=LINE('',#180,#2717);
#2715=VECTOR('',#2718,1.0);
#2716=VECTOR('',#2719,1.0);
#2717=VECTOR('',#2720,1.0);
#2718=DIRECTION('',(-0.9837996192869193,-0.17927160704058143,3.067841586199168E-17));
#2719=DIRECTION('',(-0.6690897445041344,0.7431816156225827,-1.327806191658548E-15));
#2720=DIRECTION('',(0.9870963052222184,0.16012771220699207,0));
#2721=FACE_SURFACE('',(#2726),#2722,.T.);
#2722=PLANE('',#2723);
#2723=AXIS2_PLACEMENT_3D('',#84,#2724,#2725);
#2724=DIRECTION('',(-5.577542233160497E-17,7.676825793164156E-17,-1));
#2725=DIRECTION('',(-0.9485028930896202,-0.3167684671816634,2.858538605161006E-17));
#2726=FACE_BOUND('',#2727,.T.);
#2727=EDGE_LOOP('',(#2728,#2729,#2730));
#2728=ORIENTED_EDGE('',*,*,#2731,.T.);
#2729=ORIENTED_EDGE('',*,*,#2732,.T.);
#2730=ORIENTED_EDGE('',*,*,#2733,.T.);
#2731=EDGE_CURVE('',#85,#167,#2734,.F.);
#2732=EDGE_CURVE('',#167,#185,#2735,.T.);
#2733=EDGE_CURVE('',#185,#85,#2736,.T.);
#2734=LINE('',#84,#2737);
#2735=LINE('',#166,#2738);
#2736=LINE('',#184,#2739);
#2737=VECTOR('',#2740,1.0);
#2738=VECTOR('',#2741,1.0);
#2739=VECTOR('',#2742,1.0);
#2740=DIRECTION('',(-0.9485028930896202,-0.3167684671816634,2.858538605161006E-17));
#2741=DIRECTION('',(0.8090169034526202,0.5877853774363001,0));
#2742=DIRECTION('',(0.9505796571681174,0.3104807810125198,-2.9183913158797376E-17));
#2743=FACE_SURFACE('',(#2748),#2744,.T.);
#2744=PLANE('',#2745);
#2745=AXIS2_PLACEMENT_3D('',#84,#2746,#2747);
#2746=DIRECTION('',(-2.821471587434803E-17,-1.6292536083855784E-17,-1));
#2747=DIRECTION('',(-0.979632470344563,-0.20079896176676007,3.091157614224324E-17));
#2748=FACE_BOUND('',#2749,.T.);
#2749=EDGE_LOOP('',(#2750,#2751,#2752));
#2750=ORIENTED_EDGE('',*,*,#2753,.T.);
#2751=ORIENTED_EDGE('',*,*,#2754,.T.);
#2752=ORIENTED_EDGE('',*,*,#2755,.T.);
#2753=EDGE_CURVE('',#85,#187,#2756,.F.);
#2754=EDGE_CURVE('',#187,#183,#2757,.T.);
#2755=EDGE_CURVE('',#183,#85,#2758,.T.);
#2756=LINE('',#84,#2759);
#2757=LINE('',#186,#2760);
#2758=LINE('',#182,#2761);
#2759=VECTOR('',#2762,1.0);
#2760=VECTOR('',#2763,1.0);
#2761=VECTOR('',#2764,1.0);
#2762=DIRECTION('',(-0.979632470344563,-0.20079896176676007,3.091157614224324E-17));
#2763=DIRECTION('',(-0.5000635852071158,0.8659886897354985,0));
#2764=DIRECTION('',(0.9837996192869193,0.17927160704058143,-3.067841586199168E-17));
#2765=FACE_SURFACE('',(#2770),#2766,.T.);
#2766=PLANE('',#2767);
#2767=AXIS2_PLACEMENT_3D('',#84,#2768,#2769);
#2768=DIRECTION('',(-4.348976689108539E-17,3.915403234689016E-17,-1));
#2769=DIRECTION('',(-0.9505796571681174,-0.3104807810125198,2.9183913158797376E-17));
#2770=FACE_BOUND('',#2771,.T.);
#2771=EDGE_LOOP('',(#2772,#2773,#2774));
#2772=ORIENTED_EDGE('',*,*,#2775,.T.);
#2773=ORIENTED_EDGE('',*,*,#2776,.T.);
#2774=ORIENTED_EDGE('',*,*,#2777,.T.);
#2775=EDGE_CURVE('',#85,#185,#2778,.F.);
#2776=EDGE_CURVE('',#185,#189,#2779,.T.);
#2777=EDGE_CURVE('',#189,#85,#2780,.T.);
#2778=LINE('',#84,#2781);
#2779=LINE('',#184,#2782);
#2780=LINE('',#188,#2783);
#2781=VECTOR('',#2784,1.0);
#2782=VECTOR('',#2785,1.0);
#2783=VECTOR('',#2786,1.0);
#2784=DIRECTION('',(-0.9505796571681174,-0.3104807810125198,2.9183913158797376E-17));
#2785=DIRECTION('',(0.6690897445041344,0.7431816156225827,0));
#2786=DIRECTION('',(0.9539894531896885,0.2998401627581584,-2.974882750424383E-17));
#2787=FACE_SURFACE('',(#2792),#2788,.T.);
#2788=PLANE('',#2789);
#2789=AXIS2_PLACEMENT_3D('',#84,#2790,#2791);
#2790=DIRECTION('',(-2.958383654629484E-17,-9.613044047353212E-18,-1));
#2791=DIRECTION('',(-0.9747123027992709,-0.22346347972709635,3.098389371926767E-17));
#2792=FACE_BOUND('',#2793,.T.);
#2793=EDGE_LOOP('',(#2794,#2795,#2796));
#2794=ORIENTED_EDGE('',*,*,#2797,.T.);
#2795=ORIENTED_EDGE('',*,*,#2798,.T.);
#2796=ORIENTED_EDGE('',*,*,#2799,.T.);
#2797=EDGE_CURVE('',#85,#191,#2800,.F.);
#2798=EDGE_CURVE('',#191,#187,#2801,.T.);
#2799=EDGE_CURVE('',#187,#85,#2802,.T.);
#2800=LINE('',#84,#2803);
#2801=LINE('',#190,#2804);
#2802=LINE('',#186,#2805);
#2803=VECTOR('',#2806,1.0);
#2804=VECTOR('',#2807,1.0);
#2805=VECTOR('',#2808,1.0);
#2806=DIRECTION('',(-0.9747123027992709,-0.22346347972709635,3.098389371926767E-17));
#2807=DIRECTION('',(-0.30903655969634947,0.951050158914368,0));
#2808=DIRECTION('',(0.979632470344563,0.20079896176676007,-3.091157614224324E-17));
#2809=FACE_SURFACE('',(#2814),#2810,.T.);
#2810=PLANE('',#2811);
#2811=AXIS2_PLACEMENT_3D('',#84,#2812,#2813);
#2812=DIRECTION('',(-3.8098137141290656E-17,2.199969962010143E-17,-1));
#2813=DIRECTION('',(-0.9539894531896885,-0.2998401627581584,2.974882750424383E-17));
#2814=FACE_BOUND('',#2815,.T.);
#2815=EDGE_LOOP('',(#2816,#2817,#2818));
#2816=ORIENTED_EDGE('',*,*,#2819,.T.);
#2817=ORIENTED_EDGE('',*,*,#2820,.T.);
#2818=ORIENTED_EDGE('',*,*,#2821,.T.);
#2819=EDGE_CURVE('',#85,#189,#2822,.F.);
#2820=EDGE_CURVE('',#189,#193,#2823,.T.);
#2821=EDGE_CURVE('',#193,#85,#2824,.T.);
#2822=LINE('',#84,#2825);
#2823=LINE('',#188,#2826);
#2824=LINE('',#192,#2827);
#2825=VECTOR('',#2828,1.0);
#2826=VECTOR('',#2829,1.0);
#2827=VECTOR('',#2830,1.0);
#2828=DIRECTION('',(-0.9539894531896885,-0.2998401627581584,2.974882750424383E-17));
#2829=DIRECTION('',(0.5000635852071158,0.8659886897354985,0));
#2830=DIRECTION('',(0.9584955563688745,0.28510746819597976,-3.0244616496099895E-17));
#2831=FACE_SURFACE('',(#2836),#2832,.T.);
#2832=PLANE('',#2833);
#2833=AXIS2_PLACEMENT_3D('',#84,#2834,#2835);
#2834=DIRECTION('',(-3.1039838133045524E-17,-3.2621957510932584E-18,-1));
#2835=DIRECTION('',(-0.9692911349247106,-0.24591603395542633,3.08888661729541E-17));
#2836=FACE_BOUND('',#2837,.T.);
#2837=EDGE_LOOP('',(#2838,#2839,#2840));
#2838=ORIENTED_EDGE('',*,*,#2841,.T.);
#2839=ORIENTED_EDGE('',*,*,#2842,.T.);
#2840=ORIENTED_EDGE('',*,*,#2843,.T.);
#2841=EDGE_CURVE('',#85,#195,#2844,.F.);
#2842=EDGE_CURVE('',#195,#191,#2845,.T.);
#2843=EDGE_CURVE('',#191,#85,#2846,.T.);
#2844=LINE('',#84,#2847);
#2845=LINE('',#194,#2848);
#2846=LINE('',#190,#2849);
#2847=VECTOR('',#2850,1.0);
#2848=VECTOR('',#2851,1.0);
#2849=VECTOR('',#2852,1.0);
#2850=DIRECTION('',(-0.9692911349247106,-0.24591603395542633,3.08888661729541E-17));
#2851=DIRECTION('',(-0.10452140591741298,0.9945226371003565,0));
#2852=DIRECTION('',(0.9747123027992709,0.22346347972709635,-3.098389371926767E-17));
#2853=FACE_SURFACE('',(#2858),#2854,.T.);
#2854=PLANE('',#2855);
#2855=AXIS2_PLACEMENT_3D('',#84,#2856,#2857);
#2856=DIRECTION('',(-3.4930467452164E-17,1.1350391342476008E-17,-1));
#2857=DIRECTION('',(-0.9584955563688745,-0.28510746819597976,3.0244616496099895E-17));
#2858=FACE_BOUND('',#2859,.T.);
#2859=EDGE_LOOP('',(#2860,#2861,#2862));
#2860=ORIENTED_EDGE('',*,*,#2863,.T.);
#2861=ORIENTED_EDGE('',*,*,#2864,.T.);
#2862=ORIENTED_EDGE('',*,*,#2865,.T.);
#2863=EDGE_CURVE('',#85,#193,#2866,.F.);
#2864=EDGE_CURVE('',#193,#197,#2867,.T.);
#2865=EDGE_CURVE('',#197,#85,#2868,.T.);
#2866=LINE('',#84,#2869);
#2867=LINE('',#192,#2870);
#2868=LINE('',#196,#2871);
#2869=VECTOR('',#2872,1.0);
#2870=VECTOR('',#2873,1.0);
#2871=VECTOR('',#2874,1.0);
#2872=DIRECTION('',(-0.9584955563688745,-0.28510746819597976,3.0244616496099895E-17));
#2873=DIRECTION('',(0.30903655969634947,0.951050158914368,0));
#2874=DIRECTION('',(0.9637398508671821,0.2668435868641057,-3.06351043549319E-17));
#2875=FACE_SURFACE('',(#2880),#2876,.T.);
#2876=PLANE('',#2877);
#2877=AXIS2_PLACEMENT_3D('',#84,#2878,#2879);
#2878=DIRECTION('',(-3.274046789006381E-17,3.4409269398239605E-18,-1));
#2879=DIRECTION('',(-0.9637398508671821,-0.2668435868641057,3.06351043549319E-17));
#2880=FACE_BOUND('',#2881,.T.);
#2881=EDGE_LOOP('',(#2882,#2883,#2884));
#2882=ORIENTED_EDGE('',*,*,#2885,.T.);
#2883=ORIENTED_EDGE('',*,*,#2886,.T.);
#2884=ORIENTED_EDGE('',*,*,#2887,.T.);
#2885=EDGE_CURVE('',#85,#197,#2888,.F.);
#2886=EDGE_CURVE('',#197,#195,#2889,.T.);
#2887=EDGE_CURVE('',#195,#85,#2890,.T.);
#2888=LINE('',#84,#2891);
#2889=LINE('',#196,#2892);
#2890=LINE('',#194,#2893);
#2891=VECTOR('',#2894,1.0);
#2892=VECTOR('',#2895,1.0);
#2893=VECTOR('',#2896,1.0);
#2894=DIRECTION('',(-0.9637398508671821,-0.2668435868641057,3.06351043549319E-17));
#2895=DIRECTION('',(0.10452140591741298,0.9945226371003565,0));
#2896=DIRECTION('',(0.9692911349247106,0.24591603395542633,-3.08888661729541E-17));
#2897=FACE_SURFACE('',(#2902),#2898,.T.);
#2898=PLANE('',#2899);
#2899=AXIS2_PLACEMENT_3D('',#110,#2900,#2901);
#2900=DIRECTION('',(0.9238800543517528,-0.38268217252833,0));
#2901=DIRECTION('',(0,0,-1));
#2902=FACE_BOUND('',#2903,.T.);
#2903=EDGE_LOOP('',(#2904,#2905,#2906));
#2904=ORIENTED_EDGE('',*,*,#2907,.T.);
#2905=ORIENTED_EDGE('',*,*,#2908,.T.);
#2906=ORIENTED_EDGE('',*,*,#2909,.T.);
#2907=EDGE_CURVE('',#111,#87,#2910,.F.);
#2908=EDGE_CURVE('',#87,#115,#2911,.T.);
#2909=EDGE_CURVE('',#115,#111,#2912,.T.);
#2910=LINE('',#110,#2913);
#2911=LINE('',#86,#2914);
#2912=LINE('',#114,#2915);
#2913=VECTOR('',#2916,1.0);
#2914=VECTOR('',#2917,1.0);
#2915=VECTOR('',#2918,1.0);
#2916=DIRECTION('',(0,0,-1));
#2917=DIRECTION('',(0.019953290359466535,0.048171689995398316,0.9986397521062427));
#2918=DIRECTION('',(-0.38268217252833,-0.9238800543517526,0));
#2919=FACE_SURFACE('',(#2924),#2920,.T.);
#2920=PLANE('',#2921);
#2921=AXIS2_PLACEMENT_3D('',#114,#2922,#2923);
#2922=DIRECTION('',(0.9238800543517528,-0.38268217252833,0));
#2923=DIRECTION('',(-0.019953290359466535,-0.048171689995398316,-0.9986397521062427));
#2924=FACE_BOUND('',#2925,.T.);
#2925=EDGE_LOOP('',(#2926,#2927,#2928));
#2926=ORIENTED_EDGE('',*,*,#2929,.T.);
#2927=ORIENTED_EDGE('',*,*,#2930,.T.);
#2928=ORIENTED_EDGE('',*,*,#2931,.T.);
#2929=EDGE_CURVE('',#115,#87,#2932,.F.);
#2930=EDGE_CURVE('',#87,#91,#2933,.T.);
#2931=EDGE_CURVE('',#91,#115,#2934,.T.);
#2932=LINE('',#114,#2935);
#2933=LINE('',#86,#2936);
#2934=LINE('',#90,#2937);
#2935=VECTOR('',#2938,1.0);
#2936=VECTOR('',#2939,1.0);
#2937=VECTOR('',#2940,1.0);
#2938=DIRECTION('',(-0.019953290359466535,-0.048171689995398316,-0.9986397521062427));
#2939=DIRECTION('',(0.38268217252833,0.9238800543517526,0));
#2940=DIRECTION('',(0,0,1));
#2941=FACE_SURFACE('',(#2946),#2942,.T.);
#2942=PLANE('',#2943);
#2943=AXIS2_PLACEMENT_3D('',#116,#2944,#2945);
#2944=DIRECTION('',(0.7932111096209117,0.6089467428059389,0));
#2945=DIRECTION('',(0.03175361587610269,-0.04136210790372252,-0.9986395164965953));
#2946=FACE_BOUND('',#2947,.T.);
#2947=EDGE_LOOP('',(#2948,#2949,#2950));
#2948=ORIENTED_EDGE('',*,*,#2951,.T.);
#2949=ORIENTED_EDGE('',*,*,#2952,.T.);
#2950=ORIENTED_EDGE('',*,*,#2953,.T.);
#2951=EDGE_CURVE('',#117,#93,#2954,.F.);
#2952=EDGE_CURVE('',#93,#89,#2955,.T.);
#2953=EDGE_CURVE('',#89,#117,#2956,.T.);
#2954=LINE('',#116,#2957);
#2955=LINE('',#92,#2958);
#2956=LINE('',#88,#2959);
#2957=VECTOR('',#2960,1.0);
#2958=VECTOR('',#2961,1.0);
#2959=VECTOR('',#2962,1.0);
#2960=DIRECTION('',(0.03175361587610269,-0.04136210790372252,-0.9986395164965953));
#2961=DIRECTION('',(-0.6089467428059387,0.7932111096209116,0));
#2962=DIRECTION('',(0,0,1));
#2963=FACE_SURFACE('',(#2968),#2964,.T.);
#2964=PLANE('',#2965);
#2965=AXIS2_PLACEMENT_3D('',#114,#2966,#2967);
#2966=DIRECTION('',(0.9914647972447661,-0.1303746747815493,0));
#2967=DIRECTION('',(0,0,-1));
#2968=FACE_BOUND('',#2969,.T.);
#2969=EDGE_LOOP('',(#2970,#2971,#2972));
#2970=ORIENTED_EDGE('',*,*,#2973,.T.);
#2971=ORIENTED_EDGE('',*,*,#2974,.T.);
#2972=ORIENTED_EDGE('',*,*,#2975,.T.);
#2973=EDGE_CURVE('',#115,#91,#2976,.F.);
#2974=EDGE_CURVE('',#91,#119,#2977,.T.);
#2975=EDGE_CURVE('',#119,#115,#2978,.T.);
#2976=LINE('',#114,#2979);
#2977=LINE('',#90,#2980);
#2978=LINE('',#118,#2981);
#2979=VECTOR('',#2982,1.0);
#2980=VECTOR('',#2983,1.0);
#2981=VECTOR('',#2984,1.0);
#2982=DIRECTION('',(0,0,-1));
#2983=DIRECTION('',(0.006797383091759582,0.05169229422937111,0.998639926249901));
#2984=DIRECTION('',(-0.1303746747815493,-0.9914647972447662,0));
#2985=FACE_SURFACE('',(#2990),#2986,.T.);
#2986=PLANE('',#2987);
#2987=AXIS2_PLACEMENT_3D('',#118,#2988,#2989);
#2988=DIRECTION('',(0.9914647972447661,-0.1303746747815493,0));
#2989=DIRECTION('',(-0.006797383091759582,-0.05169229422937111,-0.998639926249901));
#2990=FACE_BOUND('',#2991,.T.);
#2991=EDGE_LOOP('',(#2992,#2993,#2994));
#2992=ORIENTED_EDGE('',*,*,#2995,.T.);
#2993=ORIENTED_EDGE('',*,*,#2996,.T.);
#2994=ORIENTED_EDGE('',*,*,#2997,.T.);
#2995=EDGE_CURVE('',#119,#91,#2998,.F.);
#2996=EDGE_CURVE('',#91,#95,#2999,.T.);
#2997=EDGE_CURVE('',#95,#119,#3000,.T.);
#2998=LINE('',#118,#3001);
#2999=LINE('',#90,#3002);
#3000=LINE('',#94,#3003);
#3001=VECTOR('',#3004,1.0);
#3002=VECTOR('',#3005,1.0);
#3003=VECTOR('',#3006,1.0);
#3004=DIRECTION('',(-0.006797383091759582,-0.05169229422937111,-0.998639926249901));
#3005=DIRECTION('',(0.1303746747815493,0.9914647972447662,0));
#3006=DIRECTION('',(0,0,1));
#3007=FACE_SURFACE('',(#3012),#3008,.T.);
#3008=PLANE('',#3009);
#3009=AXIS2_PLACEMENT_3D('',#120,#3010,#3011);
#3010=DIRECTION('',(0.7932111096209117,0.6089467428059389,0));
#3011=DIRECTION('',(0,0,-1));
#3012=FACE_BOUND('',#3013,.T.);
#3013=EDGE_LOOP('',(#3014,#3015,#3016));
#3014=ORIENTED_EDGE('',*,*,#3017,.T.);
#3015=ORIENTED_EDGE('',*,*,#3018,.T.);
#3016=ORIENTED_EDGE('',*,*,#3019,.T.);
#3017=EDGE_CURVE('',#121,#93,#3020,.F.);
#3018=EDGE_CURVE('',#93,#117,#3021,.T.);
#3019=EDGE_CURVE('',#117,#121,#3022,.T.);
#3020=LINE('',#120,#3023);
#3021=LINE('',#92,#3024);
#3022=LINE('',#116,#3025);
#3023=VECTOR('',#3026,1.0);
#3024=VECTOR('',#3027,1.0);
#3025=VECTOR('',#3028,1.0);
#3026=DIRECTION('',(0,0,-1));
#3027=DIRECTION('',(-0.03175361587610269,0.04136210790372252,0.9986395164965953));
#3028=DIRECTION('',(0.6089467428059387,-0.7932111096209116,0));
#3029=FACE_SURFACE('',(#3034),#3030,.T.);
#3030=PLANE('',#3031);
#3031=AXIS2_PLACEMENT_3D('',#120,#3032,#3033);
#3032=DIRECTION('',(0.9238800543517528,0.38268217252833,0));
#3033=DIRECTION('',(0.019953290359466535,-0.048171689995398316,-0.9986397521062427));
#3034=FACE_BOUND('',#3035,.T.);
#3035=EDGE_LOOP('',(#3036,#3037,#3038));
#3036=ORIENTED_EDGE('',*,*,#3039,.T.);
#3037=ORIENTED_EDGE('',*,*,#3040,.T.);
#3038=ORIENTED_EDGE('',*,*,#3041,.T.);
#3039=EDGE_CURVE('',#121,#97,#3042,.F.);
#3040=EDGE_CURVE('',#97,#93,#3043,.T.);
#3041=EDGE_CURVE('',#93,#121,#3044,.T.);
#3042=LINE('',#120,#3045);
#3043=LINE('',#96,#3046);
#3044=LINE('',#92,#3047);
#3045=VECTOR('',#3048,1.0);
#3046=VECTOR('',#3049,1.0);
#3047=VECTOR('',#3050,1.0);
#3048=DIRECTION('',(0.019953290359466535,-0.048171689995398316,-0.9986397521062427));
#3049=DIRECTION('',(-0.38268217252833,0.9238800543517526,0));
#3050=DIRECTION('',(0,0,1));
#3051=FACE_SURFACE('',(#3056),#3052,.T.);
#3052=PLANE('',#3053);
#3053=AXIS2_PLACEMENT_3D('',#118,#3054,#3055);
#3054=DIRECTION('',(0.9914647972447661,0.1303746747815493,0));
#3055=DIRECTION('',(0,0,-1));
#3056=FACE_BOUND('',#3057,.T.);
#3057=EDGE_LOOP('',(#3058,#3059,#3060));
#3058=ORIENTED_EDGE('',*,*,#3061,.T.);
#3059=ORIENTED_EDGE('',*,*,#3062,.T.);
#3060=ORIENTED_EDGE('',*,*,#3063,.T.);
#3061=EDGE_CURVE('',#119,#95,#3064,.F.);
#3062=EDGE_CURVE('',#95,#123,#3065,.T.);
#3063=EDGE_CURVE('',#123,#119,#3066,.T.);
#3064=LINE('',#118,#3067);
#3065=LINE('',#94,#3068);
#3066=LINE('',#122,#3069);
#3067=VECTOR('',#3070,1.0);
#3068=VECTOR('',#3071,1.0);
#3069=VECTOR('',#3072,1.0);
#3070=DIRECTION('',(0,0,-1));
#3071=DIRECTION('',(-0.006797383091759582,0.05169229422937111,0.998639926249901));
#3072=DIRECTION('',(0.1303746747815493,-0.9914647972447662,0));
#3073=FACE_SURFACE('',(#3078),#3074,.T.);
#3074=PLANE('',#3075);
#3075=AXIS2_PLACEMENT_3D('',#122,#3076,#3077);
#3076=DIRECTION('',(0.9914647972447661,0.1303746747815493,0));
#3077=DIRECTION('',(0.006797383091759582,-0.05169229422937111,-0.998639926249901));
#3078=FACE_BOUND('',#3079,.T.);
#3079=EDGE_LOOP('',(#3080,#3081,#3082));
#3080=ORIENTED_EDGE('',*,*,#3083,.T.);
#3081=ORIENTED_EDGE('',*,*,#3084,.T.);
#3082=ORIENTED_EDGE('',*,*,#3085,.T.);
#3083=EDGE_CURVE('',#123,#95,#3086,.F.);
#3084=EDGE_CURVE('',#95,#97,#3087,.T.);
#3085=EDGE_CURVE('',#97,#123,#3088,.T.);
#3086=LINE('',#122,#3089);
#3087=LINE('',#94,#3090);
#3088=LINE('',#96,#3091);
#3089=VECTOR('',#3092,1.0);
#3090=VECTOR('',#3093,1.0);
#3091=VECTOR('',#3094,1.0);
#3092=DIRECTION('',(0.006797383091759582,-0.05169229422937111,-0.998639926249901));
#3093=DIRECTION('',(-0.1303746747815493,0.9914647972447662,0));
#3094=DIRECTION('',(0,0,1));
#3095=FACE_SURFACE('',(#3100),#3096,.T.);
#3096=PLANE('',#3097);
#3097=AXIS2_PLACEMENT_3D('',#122,#3098,#3099);
#3098=DIRECTION('',(0.9238800543517528,0.38268217252833,0));
#3099=DIRECTION('',(0,0,-1));
#3100=FACE_BOUND('',#3101,.T.);
#3101=EDGE_LOOP('',(#3102,#3103,#3104));
#3102=ORIENTED_EDGE('',*,*,#3105,.T.);
#3103=ORIENTED_EDGE('',*,*,#3106,.T.);
#3104=ORIENTED_EDGE('',*,*,#3107,.T.);
#3105=EDGE_CURVE('',#123,#97,#3108,.F.);
#3106=EDGE_CURVE('',#97,#121,#3109,.T.);
#3107=EDGE_CURVE('',#121,#123,#3110,.T.);
#3108=LINE('',#122,#3111);
#3109=LINE('',#96,#3112);
#3110=LINE('',#120,#3113);
#3111=VECTOR('',#3114,1.0);
#3112=VECTOR('',#3115,1.0);
#3113=VECTOR('',#3116,1.0);
#3114=DIRECTION('',(0,0,-1));
#3115=DIRECTION('',(-0.019953290359466535,0.048171689995398316,0.9986397521062427));
#3116=DIRECTION('',(0.38268217252833,-0.9238800543517526,0));
#3117=FACE_SURFACE('',(#3122),#3118,.T.);
#3118=PLANE('',#3119);
#3119=AXIS2_PLACEMENT_3D('',#98,#3120,#3121);
#3120=DIRECTION('',(0.4067681826428105,0.9135314146702703,0));
#3121=DIRECTION('',(-0.06097698775958254,0.02715122665261693,-0.9977698220807371));
#3122=FACE_BOUND('',#3123,.T.);
#3123=EDGE_LOOP('',(#3124,#3125,#3126));
#3124=ORIENTED_EDGE('',*,*,#3127,.T.);
#3125=ORIENTED_EDGE('',*,*,#3128,.T.);
#3126=ORIENTED_EDGE('',*,*,#3129,.T.);
#3127=EDGE_CURVE('',#99,#157,#3130,.F.);
#3128=EDGE_CURVE('',#157,#199,#3131,.T.);
#3129=EDGE_CURVE('',#199,#99,#3132,.T.);
#3130=LINE('',#98,#3133);
#3131=LINE('',#156,#3134);
#3132=LINE('',#198,#3135);
#3133=VECTOR('',#3136,1.0);
#3134=VECTOR('',#3137,1.0);
#3135=VECTOR('',#3138,1.0);
#3136=DIRECTION('',(-0.06097698775958254,0.02715122665261693,-0.9977698220807371));
#3137=DIRECTION('',(0,0,1));
#3138=DIRECTION('',(0.9135314146702702,-0.40676818264281045,0));
#3139=FACE_SURFACE('',(#3144),#3140,.T.);
#3140=PLANE('',#3141);
#3141=AXIS2_PLACEMENT_3D('',#200,#3142,#3143);
#3142=DIRECTION('',(0,0,1));
#3143=DIRECTION('',(0.991349272821047,-0.13125021629384556,0));
#3144=FACE_BOUND('',#3145,.T.);
#3145=EDGE_LOOP('',(#3146,#3147,#3148));
#3146=ORIENTED_EDGE('',*,*,#3149,.T.);
#3147=ORIENTED_EDGE('',*,*,#3150,.T.);
#3148=ORIENTED_EDGE('',*,*,#3151,.T.);
#3149=EDGE_CURVE('',#201,#99,#3152,.F.);
#3150=EDGE_CURVE('',#99,#199,#3153,.T.);
#3151=EDGE_CURVE('',#199,#201,#3154,.T.);
#3152=LINE('',#200,#3155);
#3153=LINE('',#98,#3156);
#3154=LINE('',#198,#3157);
#3155=VECTOR('',#3158,1.0);
#3156=VECTOR('',#3159,1.0);
#3157=VECTOR('',#3160,1.0);
#3158=DIRECTION('',(0.991349272821047,-0.13125021629384556,0));
#3159=DIRECTION('',(-0.9135314146702702,0.40676818264281045,0));
#3160=DIRECTION('',(-0.9940966676156485,0.10849799737996496,0));
#3161=FACE_SURFACE('',(#3166),#3162,.T.);
#3162=PLANE('',#3163);
#3163=AXIS2_PLACEMENT_3D('',#200,#3164,#3165);
#3164=DIRECTION('',(0,0,1));
#3165=DIRECTION('',(0.24861014482836857,-0.968603631981843,0));
#3166=FACE_BOUND('',#3167,.T.);
#3167=EDGE_LOOP('',(#3168,#3169,#3170));
#3168=ORIENTED_EDGE('',*,*,#3171,.T.);
#3169=ORIENTED_EDGE('',*,*,#3172,.T.);
#3170=ORIENTED_EDGE('',*,*,#3173,.T.);
#3171=EDGE_CURVE('',#201,#147,#3174,.F.);
#3172=EDGE_CURVE('',#147,#99,#3175,.T.);
#3173=EDGE_CURVE('',#99,#201,#3176,.T.);
#3174=LINE('',#200,#3177);
#3175=LINE('',#146,#3178);
#3176=LINE('',#98,#3179);
#3177=VECTOR('',#3180,1.0);
#3178=VECTOR('',#3181,1.0);
#3179=VECTOR('',#3182,1.0);
#3180=DIRECTION('',(0.24861014482836857,-0.968603631981843,0));
#3181=DIRECTION('',(0.9999849192082025,0.005491935557229651,0));
#3182=DIRECTION('',(-0.991349272821047,0.13125021629384556,0));
#3183=FACE_SURFACE('',(#3188),#3184,.T.);
#3184=PLANE('',#3185);
#3185=AXIS2_PLACEMENT_3D('',#142,#3186,#3187);
#3186=DIRECTION('',(-0.4067681826428105,0.9135314146702703,0));
#3187=DIRECTION('',(0,0,1));
#3188=FACE_BOUND('',#3189,.T.);
#3189=EDGE_LOOP('',(#3190,#3191,#3192));
#3190=ORIENTED_EDGE('',*,*,#3193,.T.);
#3191=ORIENTED_EDGE('',*,*,#3194,.T.);
#3192=ORIENTED_EDGE('',*,*,#3195,.T.);
#3193=EDGE_CURVE('',#143,#101,#3196,.F.);
#3194=EDGE_CURVE('',#101,#203,#3197,.T.);
#3195=EDGE_CURVE('',#203,#143,#3198,.T.);
#3196=LINE('',#142,#3199);
#3197=LINE('',#100,#3200);
#3198=LINE('',#202,#3201);
#3199=VECTOR('',#3202,1.0);
#3200=VECTOR('',#3203,1.0);
#3201=VECTOR('',#3204,1.0);
#3202=DIRECTION('',(0,0,1));
#3203=DIRECTION('',(0.9135314146702702,0.40676818264281045,0));
#3204=DIRECTION('',(-0.06097698775958254,-0.02715122665261693,-0.9977698220807371));
#3205=FACE_SURFACE('',(#3210),#3206,.T.);
#3206=PLANE('',#3207);
#3207=AXIS2_PLACEMENT_3D('',#204,#3208,#3209);
#3208=DIRECTION('',(0,0,1));
#3209=DIRECTION('',(-1,0,0));
#3210=FACE_BOUND('',#3211,.T.);
#3211=EDGE_LOOP('',(#3212,#3213,#3214));
#3212=ORIENTED_EDGE('',*,*,#3215,.T.);
#3213=ORIENTED_EDGE('',*,*,#3216,.T.);
#3214=ORIENTED_EDGE('',*,*,#3217,.T.);
#3215=EDGE_CURVE('',#205,#203,#3218,.F.);
#3216=EDGE_CURVE('',#203,#101,#3219,.T.);
#3217=EDGE_CURVE('',#101,#205,#3220,.T.);
#3218=LINE('',#204,#3221);
#3219=LINE('',#202,#3222);
#3220=LINE('',#100,#3223);
#3221=VECTOR('',#3224,1.0);
#3222=VECTOR('',#3225,1.0);
#3223=VECTOR('',#3226,1.0);
#3224=DIRECTION('',(-1,0,0));
#3225=DIRECTION('',(-0.9135314146702702,-0.40676818264281045,0));
#3226=DIRECTION('',(0.9999572006868679,0.009251853570123045,0));
#3227=FACE_SURFACE('',(#3232),#3228,.T.);
#3228=PLANE('',#3229);
#3229=AXIS2_PLACEMENT_3D('',#204,#3230,#3231);
#3230=DIRECTION('',(0,0,1));
#3231=DIRECTION('',(-0.9999572006868679,-0.009251853570123045,0));
#3232=FACE_BOUND('',#3233,.T.);
#3233=EDGE_LOOP('',(#3234,#3235,#3236));
#3234=ORIENTED_EDGE('',*,*,#3237,.T.);
#3235=ORIENTED_EDGE('',*,*,#3238,.T.);
#3236=ORIENTED_EDGE('',*,*,#3239,.T.);
#3237=EDGE_CURVE('',#205,#101,#3240,.F.);
#3238=EDGE_CURVE('',#101,#103,#3241,.T.);
#3239=EDGE_CURVE('',#103,#205,#3242,.T.);
#3240=LINE('',#204,#3243);
#3241=LINE('',#100,#3244);
#3242=LINE('',#102,#3245);
#3243=VECTOR('',#3246,1.0);
#3244=VECTOR('',#3247,1.0);
#3245=VECTOR('',#3248,1.0);
#3246=DIRECTION('',(-0.9999572006868679,-0.009251853570123045,0));
#3247=DIRECTION('',(1,0,0));
#3248=DIRECTION('',(-0.9135314146702702,0.40676818264281045,0));
#3249=FACE_SURFACE('',(#3254),#3250,.T.);
#3250=PLANE('',#3251);
#3251=AXIS2_PLACEMENT_3D('',#102,#3252,#3253);
#3252=DIRECTION('',(0.4067681826428105,0.9135314146702703,0));
#3253=DIRECTION('',(0,0,-1));
#3254=FACE_BOUND('',#3255,.T.);
#3255=EDGE_LOOP('',(#3256,#3257,#3258));
#3256=ORIENTED_EDGE('',*,*,#3259,.T.);
#3257=ORIENTED_EDGE('',*,*,#3260,.T.);
#3258=ORIENTED_EDGE('',*,*,#3261,.T.);
#3259=EDGE_CURVE('',#103,#125,#3262,.F.);
#3260=EDGE_CURVE('',#125,#207,#3263,.T.);
#3261=EDGE_CURVE('',#207,#103,#3264,.T.);
#3262=LINE('',#102,#3265);
#3263=LINE('',#124,#3266);
#3264=LINE('',#206,#3267);
#3265=VECTOR('',#3268,1.0);
#3266=VECTOR('',#3269,1.0);
#3267=VECTOR('',#3270,1.0);
#3268=DIRECTION('',(0,0,-1));
#3269=DIRECTION('',(-0.9135314146702702,0.40676818264281045,0));
#3270=DIRECTION('',(0.06097698775958254,-0.02715122665261693,0.9977698220807371));
#3271=FACE_SURFACE('',(#3276),#3272,.T.);
#3272=PLANE('',#3273);
#3273=AXIS2_PLACEMENT_3D('',#102,#3274,#3275);
#3274=DIRECTION('',(0.4067681826428105,0.9135314146702703,0));
#3275=DIRECTION('',(-0.06097698775958254,0.02715122665261693,-0.9977698220807371));
#3276=FACE_BOUND('',#3277,.T.);
#3277=EDGE_LOOP('',(#3278,#3279,#3280));
#3278=ORIENTED_EDGE('',*,*,#3281,.T.);
#3279=ORIENTED_EDGE('',*,*,#3282,.T.);
#3280=ORIENTED_EDGE('',*,*,#3283,.T.);
#3281=EDGE_CURVE('',#103,#207,#3284,.F.);
#3282=EDGE_CURVE('',#207,#205,#3285,.T.);
#3283=EDGE_CURVE('',#205,#103,#3286,.T.);
#3284=LINE('',#102,#3287);
#3285=LINE('',#206,#3288);
#3286=LINE('',#204,#3289);
#3287=VECTOR('',#3290,1.0);
#3288=VECTOR('',#3291,1.0);
#3289=VECTOR('',#3292,1.0);
#3290=DIRECTION('',(-0.06097698775958254,0.02715122665261693,-0.9977698220807371));
#3291=DIRECTION('',(0,0,1));
#3292=DIRECTION('',(0.9135314146702702,-0.40676818264281045,0));
#3293=FACE_SURFACE('',(#3298),#3294,.T.);
#3294=PLANE('',#3295);
#3295=AXIS2_PLACEMENT_3D('',#160,#3296,#3297);
#3296=DIRECTION('',(0,-0,1));
#3297=DIRECTION('',(0.9999194568355836,0.012691723351515118,0));
#3298=FACE_BOUND('',#3299,.T.);
#3299=EDGE_LOOP('',(#3300,#3301,#3302));
#3300=ORIENTED_EDGE('',*,*,#3303,.T.);
#3301=ORIENTED_EDGE('',*,*,#3304,.T.);
#3302=ORIENTED_EDGE('',*,*,#3305,.T.);
#3303=EDGE_CURVE('',#161,#107,#3306,.F.);
#3304=EDGE_CURVE('',#107,#105,#3307,.T.);
#3305=EDGE_CURVE('',#105,#161,#3308,.T.);
#3306=LINE('',#160,#3309);
#3307=LINE('',#106,#3310);
#3308=LINE('',#104,#3311);
#3309=VECTOR('',#3312,1.0);
#3310=VECTOR('',#3313,1.0);
#3311=VECTOR('',#3314,1.0);
#3312=DIRECTION('',(0.9999194568355836,0.012691723351515118,0));
#3313=DIRECTION('',(-1,0,0));
#3314=DIRECTION('',(0.7933066997788003,-0.6088222072872083,0));
#3315=FACE_SURFACE('',(#3320),#3316,.T.);
#3316=PLANE('',#3317);
#3317=AXIS2_PLACEMENT_3D('',#208,#3318,#3319);
#3318=DIRECTION('',(0.6088222072872083,-0.7933066997788004,0));
#3319=DIRECTION('',(0,0,-1));
#3320=FACE_BOUND('',#3321,.T.);
#3321=EDGE_LOOP('',(#3322,#3323,#3324));
#3322=ORIENTED_EDGE('',*,*,#3325,.T.);
#3323=ORIENTED_EDGE('',*,*,#3326,.T.);
#3324=ORIENTED_EDGE('',*,*,#3327,.T.);
#3325=EDGE_CURVE('',#209,#169,#3328,.F.);
#3326=EDGE_CURVE('',#169,#107,#3329,.T.);
#3327=EDGE_CURVE('',#107,#209,#3330,.T.);
#3328=LINE('',#208,#3331);
#3329=LINE('',#168,#3332);
#3330=LINE('',#106,#3333);
#3331=VECTOR('',#3334,1.0);
#3332=VECTOR('',#3335,1.0);
#3333=VECTOR('',#3336,1.0);
#3334=DIRECTION('',(0,0,-1));
#3335=DIRECTION('',(0.041359689996588116,0.03174144093760792,0.998640003690314));
#3336=DIRECTION('',(-0.7933066997788003,-0.6088222072872083,0));
#3337=FACE_SURFACE('',(#3342),#3338,.T.);
#3338=PLANE('',#3339);
#3339=AXIS2_PLACEMENT_3D('',#160,#3340,#3341);
#3340=DIRECTION('',(0,0,1));
#3341=DIRECTION('',(1,0,0));
#3342=FACE_BOUND('',#3343,.T.);
#3343=EDGE_LOOP('',(#3344,#3345,#3346));
#3344=ORIENTED_EDGE('',*,*,#3347,.T.);
#3345=ORIENTED_EDGE('',*,*,#3348,.T.);
#3346=ORIENTED_EDGE('',*,*,#3349,.T.);
#3347=EDGE_CURVE('',#161,#209,#3350,.F.);
#3348=EDGE_CURVE('',#209,#107,#3351,.T.);
#3349=EDGE_CURVE('',#107,#161,#3352,.T.);
#3350=LINE('',#160,#3353);
#3351=LINE('',#208,#3354);
#3352=LINE('',#106,#3355);
#3353=VECTOR('',#3356,1.0);
#3354=VECTOR('',#3357,1.0);
#3355=VECTOR('',#3358,1.0);
#3356=DIRECTION('',(1,0,0));
#3357=DIRECTION('',(0.7933066997788003,0.6088222072872083,0));
#3358=DIRECTION('',(-0.9999194568355836,-0.012691723351515118,0));
#3359=FACE_SURFACE('',(#3364),#3360,.T.);
#3360=PLANE('',#3361);
#3361=AXIS2_PLACEMENT_3D('',#112,#3362,#3363);
#3362=DIRECTION('',(0,0,1));
#3363=DIRECTION('',(-0.9485028930896202,-0.3167684671816634,0));
#3364=FACE_BOUND('',#3365,.T.);
#3365=EDGE_LOOP('',(#3366,#3367,#3368));
#3366=ORIENTED_EDGE('',*,*,#3369,.T.);
#3367=ORIENTED_EDGE('',*,*,#3370,.T.);
#3368=ORIENTED_EDGE('',*,*,#3371,.T.);
#3369=EDGE_CURVE('',#113,#165,#3372,.F.);
#3370=EDGE_CURVE('',#165,#109,#3373,.T.);
#3371=EDGE_CURVE('',#109,#113,#3374,.T.);
#3372=LINE('',#112,#3375);
#3373=LINE('',#164,#3376);
#3374=LINE('',#108,#3377);
#3375=VECTOR('',#3378,1.0);
#3376=VECTOR('',#3379,1.0);
#3377=VECTOR('',#3380,1.0);
#3378=DIRECTION('',(-0.9485028930896202,-0.3167684671816634,0));
#3379=DIRECTION('',(-0.9135314146702702,-0.40676818264281045,0));
#3380=DIRECTION('',(0.9478569739628414,0.3186960258773326,0));
#3381=FACE_SURFACE('',(#3386),#3382,.T.);
#3382=PLANE('',#3383);
#3383=AXIS2_PLACEMENT_3D('',#210,#3384,#3385);
#3384=DIRECTION('',(0,0,1));
#3385=DIRECTION('',(0.9920919173312751,0.12551345571672473,0));
#3386=FACE_BOUND('',#3387,.T.);
#3387=EDGE_LOOP('',(#3388,#3389,#3390));
#3388=ORIENTED_EDGE('',*,*,#3391,.T.);
#3389=ORIENTED_EDGE('',*,*,#3392,.T.);
#3390=ORIENTED_EDGE('',*,*,#3393,.T.);
#3391=EDGE_CURVE('',#211,#113,#3394,.F.);
#3392=EDGE_CURVE('',#113,#171,#3395,.T.);
#3393=EDGE_CURVE('',#171,#211,#3396,.T.);
#3394=LINE('',#210,#3397);
#3395=LINE('',#112,#3398);
#3396=LINE('',#170,#3399);
#3397=VECTOR('',#3400,1.0);
#3398=VECTOR('',#3401,1.0);
#3399=VECTOR('',#3402,1.0);
#3400=DIRECTION('',(0.9920919173312751,0.12551345571672473,0));
#3401=DIRECTION('',(-0.7455806014412837,0.666415461070985,0));
#3402=DIRECTION('',(-0.9881932589588496,-0.15321254174605964,0));
#3403=FACE_SURFACE('',(#3408),#3404,.T.);
#3404=PLANE('',#3405);
#3405=AXIS2_PLACEMENT_3D('',#112,#3406,#3407);
#3406=DIRECTION('',(0,0,1));
#3407=DIRECTION('',(-0.9920919173312751,-0.12551345571672473,0));
#3408=FACE_BOUND('',#3409,.T.);
#3409=EDGE_LOOP('',(#3410,#3411,#3412));
#3410=ORIENTED_EDGE('',*,*,#3413,.T.);
#3411=ORIENTED_EDGE('',*,*,#3414,.T.);
#3412=ORIENTED_EDGE('',*,*,#3415,.T.);
#3413=EDGE_CURVE('',#113,#211,#3416,.F.);
#3414=EDGE_CURVE('',#211,#213,#3417,.T.);
#3415=EDGE_CURVE('',#213,#113,#3418,.T.);
#3416=LINE('',#112,#3419);
#3417=LINE('',#210,#3420);
#3418=LINE('',#212,#3421);
#3419=VECTOR('',#3422,1.0);
#3420=VECTOR('',#3423,1.0);
#3421=VECTOR('',#3424,1.0);
#3422=DIRECTION('',(-0.9920919173312751,-0.12551345571672473,0));
#3423=DIRECTION('',(0.9781428959003713,-0.20793382408746142,0));
#3424=DIRECTION('',(0.9911554122061373,0.13270625024648303,0));
#3425=FACE_SURFACE('',(#3430),#3426,.T.);
#3426=PLANE('',#3427);
#3427=AXIS2_PLACEMENT_3D('',#112,#3428,#3429);
#3428=DIRECTION('',(0,0,1));
#3429=DIRECTION('',(-0.9911554122061373,-0.13270625024648303,0));
#3430=FACE_BOUND('',#3431,.T.);
#3431=EDGE_LOOP('',(#3432,#3433,#3434));
#3432=ORIENTED_EDGE('',*,*,#3435,.T.);
#3433=ORIENTED_EDGE('',*,*,#3436,.T.);
#3434=ORIENTED_EDGE('',*,*,#3437,.T.);
#3435=EDGE_CURVE('',#113,#213,#3438,.F.);
#3436=EDGE_CURVE('',#213,#215,#3439,.T.);
#3437=EDGE_CURVE('',#215,#113,#3440,.T.);
#3438=LINE('',#112,#3441);
#3439=LINE('',#212,#3442);
#3440=LINE('',#214,#3443);
#3441=VECTOR('',#3444,1.0);
#3442=VECTOR('',#3445,1.0);
#3443=VECTOR('',#3446,1.0);
#3444=DIRECTION('',(-0.9911554122061373,-0.13270625024648303,0));
#3445=DIRECTION('',(0.913544975572529,-0.40673772582118234,0));
#3446=DIRECTION('',(0.989523624364915,0.1443710387291107,0));
#3447=FACE_SURFACE('',(#3452),#3448,.T.);
#3448=PLANE('',#3449);
#3449=AXIS2_PLACEMENT_3D('',#112,#3450,#3451);
#3450=DIRECTION('',(0,0,1));
#3451=DIRECTION('',(-0.9505796571681174,-0.3104807810125198,0));
#3452=FACE_BOUND('',#3453,.T.);
#3453=EDGE_LOOP('',(#3454,#3455,#3456));
#3454=ORIENTED_EDGE('',*,*,#3457,.T.);
#3455=ORIENTED_EDGE('',*,*,#3458,.T.);
#3456=ORIENTED_EDGE('',*,*,#3459,.T.);
#3457=EDGE_CURVE('',#113,#217,#3460,.F.);
#3458=EDGE_CURVE('',#217,#165,#3461,.T.);
#3459=EDGE_CURVE('',#165,#113,#3462,.T.);
#3460=LINE('',#112,#3463);
#3461=LINE('',#216,#3464);
#3462=LINE('',#164,#3465);
#3463=VECTOR('',#3466,1.0);
#3464=VECTOR('',#3467,1.0);
#3465=VECTOR('',#3468,1.0);
#3466=DIRECTION('',(-0.9505796571681174,-0.3104807810125198,0));
#3467=DIRECTION('',(-0.8090169034526202,-0.5877853774363001,0));
#3468=DIRECTION('',(0.9485028930896202,0.3167684671816634,0));
#3469=FACE_SURFACE('',(#3474),#3470,.T.);
#3470=PLANE('',#3471);
#3471=AXIS2_PLACEMENT_3D('',#112,#3472,#3473);
#3472=DIRECTION('',(0,0,1));
#3473=DIRECTION('',(-0.989523624364915,-0.1443710387291107,0));
#3474=FACE_BOUND('',#3475,.T.);
#3475=EDGE_LOOP('',(#3476,#3477,#3478));
#3476=ORIENTED_EDGE('',*,*,#3479,.T.);
#3477=ORIENTED_EDGE('',*,*,#3480,.T.);
#3478=ORIENTED_EDGE('',*,*,#3481,.T.);
#3479=EDGE_CURVE('',#113,#215,#3482,.F.);
#3480=EDGE_CURVE('',#215,#219,#3483,.T.);
#3481=EDGE_CURVE('',#219,#113,#3484,.T.);
#3482=LINE('',#112,#3485);
#3483=LINE('',#214,#3486);
#3484=LINE('',#218,#3487);
#3485=VECTOR('',#3488,1.0);
#3486=VECTOR('',#3489,1.0);
#3487=VECTOR('',#3490,1.0);
#3488=DIRECTION('',(-0.989523624364915,-0.1443710387291107,0));
#3489=DIRECTION('',(0.8090169034526202,-0.5877853774363001,0));
#3490=DIRECTION('',(0.9870963052222184,0.16012771220699207,0));
#3491=FACE_SURFACE('',(#3496),#3492,.T.);
#3492=PLANE('',#3493);
#3493=AXIS2_PLACEMENT_3D('',#112,#3494,#3495);
#3494=DIRECTION('',(0,0,1));
#3495=DIRECTION('',(-0.9539894531896885,-0.2998401627581584,0));
#3496=FACE_BOUND('',#3497,.T.);
#3497=EDGE_LOOP('',(#3498,#3499,#3500));
#3498=ORIENTED_EDGE('',*,*,#3501,.T.);
#3499=ORIENTED_EDGE('',*,*,#3502,.T.);
#3500=ORIENTED_EDGE('',*,*,#3503,.T.);
#3501=EDGE_CURVE('',#113,#221,#3504,.F.);
#3502=EDGE_CURVE('',#221,#217,#3505,.T.);
#3503=EDGE_CURVE('',#217,#113,#3506,.T.);
#3504=LINE('',#112,#3507);
#3505=LINE('',#220,#3508);
#3506=LINE('',#216,#3509);
#3507=VECTOR('',#3510,1.0);
#3508=VECTOR('',#3511,1.0);
#3509=VECTOR('',#3512,1.0);
#3510=DIRECTION('',(-0.9539894531896885,-0.2998401627581584,0));
#3511=DIRECTION('',(-0.6690897445041344,-0.7431816156225827,0));
#3512=DIRECTION('',(0.9505796571681174,0.3104807810125198,0));
#3513=FACE_SURFACE('',(#3518),#3514,.T.);
#3514=PLANE('',#3515);
#3515=AXIS2_PLACEMENT_3D('',#112,#3516,#3517);
#3516=DIRECTION('',(0,0,1));
#3517=DIRECTION('',(-0.9870963052222184,-0.16012771220699207,0));
#3518=FACE_BOUND('',#3519,.T.);
#3519=EDGE_LOOP('',(#3520,#3521,#3522));
#3520=ORIENTED_EDGE('',*,*,#3523,.T.);
#3521=ORIENTED_EDGE('',*,*,#3524,.T.);
#3522=ORIENTED_EDGE('',*,*,#3525,.T.);
#3523=EDGE_CURVE('',#113,#219,#3526,.F.);
#3524=EDGE_CURVE('',#219,#223,#3527,.T.);
#3525=EDGE_CURVE('',#223,#113,#3528,.T.);
#3526=LINE('',#112,#3529);
#3527=LINE('',#218,#3530);
#3528=LINE('',#222,#3531);
#3529=VECTOR('',#3532,1.0);
#3530=VECTOR('',#3533,1.0);
#3531=VECTOR('',#3534,1.0);
#3532=DIRECTION('',(-0.9870963052222184,-0.16012771220699207,0));
#3533=DIRECTION('',(0.6690897445041344,-0.7431816156225827,0));
#3534=DIRECTION('',(0.9837996192869193,0.17927160704058143,0));
#3535=FACE_SURFACE('',(#3540),#3536,.T.);
#3536=PLANE('',#3537);
#3537=AXIS2_PLACEMENT_3D('',#112,#3538,#3539);
#3538=DIRECTION('',(0,0,1));
#3539=DIRECTION('',(-0.9584955563688745,-0.28510746819597976,0));
#3540=FACE_BOUND('',#3541,.T.);
#3541=EDGE_LOOP('',(#3542,#3543,#3544));
#3542=ORIENTED_EDGE('',*,*,#3545,.T.);
#3543=ORIENTED_EDGE('',*,*,#3546,.T.);
#3544=ORIENTED_EDGE('',*,*,#3547,.T.);
#3545=EDGE_CURVE('',#113,#225,#3548,.F.);
#3546=EDGE_CURVE('',#225,#221,#3549,.T.);
#3547=EDGE_CURVE('',#221,#113,#3550,.T.);
#3548=LINE('',#112,#3551);
#3549=LINE('',#224,#3552);
#3550=LINE('',#220,#3553);
#3551=VECTOR('',#3554,1.0);
#3552=VECTOR('',#3555,1.0);
#3553=VECTOR('',#3556,1.0);
#3554=DIRECTION('',(-0.9584955563688745,-0.28510746819597976,0));
#3555=DIRECTION('',(-0.5000635852071158,-0.8659886897354985,0));
#3556=DIRECTION('',(0.9539894531896885,0.2998401627581584,0));
#3557=FACE_SURFACE('',(#3562),#3558,.T.);
#3558=PLANE('',#3559);
#3559=AXIS2_PLACEMENT_3D('',#112,#3560,#3561);
#3560=DIRECTION('',(0,0,1));
#3561=DIRECTION('',(-0.9837996192869193,-0.17927160704058143,0));
#3562=FACE_BOUND('',#3563,.T.);
#3563=EDGE_LOOP('',(#3564,#3565,#3566));
#3564=ORIENTED_EDGE('',*,*,#3567,.T.);
#3565=ORIENTED_EDGE('',*,*,#3568,.T.);
#3566=ORIENTED_EDGE('',*,*,#3569,.T.);
#3567=EDGE_CURVE('',#113,#223,#3570,.F.);
#3568=EDGE_CURVE('',#223,#227,#3571,.T.);
#3569=EDGE_CURVE('',#227,#113,#3572,.T.);
#3570=LINE('',#112,#3573);
#3571=LINE('',#222,#3574);
#3572=LINE('',#226,#3575);
#3573=VECTOR('',#3576,1.0);
#3574=VECTOR('',#3577,1.0);
#3575=VECTOR('',#3578,1.0);
#3576=DIRECTION('',(-0.9837996192869193,-0.17927160704058143,0));
#3577=DIRECTION('',(0.5000635852071158,-0.8659886897354985,0));
#3578=DIRECTION('',(0.979632470344563,0.20079896176676007,0));
#3579=FACE_SURFACE('',(#3584),#3580,.T.);
#3580=PLANE('',#3581);
#3581=AXIS2_PLACEMENT_3D('',#112,#3582,#3583);
#3582=DIRECTION('',(0,0,1));
#3583=DIRECTION('',(-0.9637398508671821,-0.2668435868641057,0));
#3584=FACE_BOUND('',#3585,.T.);
#3585=EDGE_LOOP('',(#3586,#3587,#3588));
#3586=ORIENTED_EDGE('',*,*,#3589,.T.);
#3587=ORIENTED_EDGE('',*,*,#3590,.T.);
#3588=ORIENTED_EDGE('',*,*,#3591,.T.);
#3589=EDGE_CURVE('',#113,#229,#3592,.F.);
#3590=EDGE_CURVE('',#229,#225,#3593,.T.);
#3591=EDGE_CURVE('',#225,#113,#3594,.T.);
#3592=LINE('',#112,#3595);
#3593=LINE('',#228,#3596);
#3594=LINE('',#224,#3597);
#3595=VECTOR('',#3598,1.0);
#3596=VECTOR('',#3599,1.0);
#3597=VECTOR('',#3600,1.0);
#3598=DIRECTION('',(-0.9637398508671821,-0.2668435868641057,0));
#3599=DIRECTION('',(-0.30903655969634947,-0.951050158914368,0));
#3600=DIRECTION('',(0.9584955563688745,0.28510746819597976,0));
#3601=FACE_SURFACE('',(#3606),#3602,.T.);
#3602=PLANE('',#3603);
#3603=AXIS2_PLACEMENT_3D('',#112,#3604,#3605);
#3604=DIRECTION('',(0,0,1));
#3605=DIRECTION('',(-0.979632470344563,-0.20079896176676007,0));
#3606=FACE_BOUND('',#3607,.T.);
#3607=EDGE_LOOP('',(#3608,#3609,#3610));
#3608=ORIENTED_EDGE('',*,*,#3611,.T.);
#3609=ORIENTED_EDGE('',*,*,#3612,.T.);
#3610=ORIENTED_EDGE('',*,*,#3613,.T.);
#3611=EDGE_CURVE('',#113,#227,#3614,.F.);
#3612=EDGE_CURVE('',#227,#231,#3615,.T.);
#3613=EDGE_CURVE('',#231,#113,#3616,.T.);
#3614=LINE('',#112,#3617);
#3615=LINE('',#226,#3618);
#3616=LINE('',#230,#3619);
#3617=VECTOR('',#3620,1.0);
#3618=VECTOR('',#3621,1.0);
#3619=VECTOR('',#3622,1.0);
#3620=DIRECTION('',(-0.979632470344563,-0.20079896176676007,0));
#3621=DIRECTION('',(0.30903655969634947,-0.951050158914368,0));
#3622=DIRECTION('',(0.9747123027992709,0.22346347972709635,0));
#3623=FACE_SURFACE('',(#3628),#3624,.T.);
#3624=PLANE('',#3625);
#3625=AXIS2_PLACEMENT_3D('',#112,#3626,#3627);
#3626=DIRECTION('',(0,0,1));
#3627=DIRECTION('',(-0.9692911349247106,-0.24591603395542633,0));
#3628=FACE_BOUND('',#3629,.T.);
#3629=EDGE_LOOP('',(#3630,#3631,#3632));
#3630=ORIENTED_EDGE('',*,*,#3633,.T.);
#3631=ORIENTED_EDGE('',*,*,#3634,.T.);
#3632=ORIENTED_EDGE('',*,*,#3635,.T.);
#3633=EDGE_CURVE('',#113,#233,#3636,.F.);
#3634=EDGE_CURVE('',#233,#229,#3637,.T.);
#3635=EDGE_CURVE('',#229,#113,#3638,.T.);
#3636=LINE('',#112,#3639);
#3637=LINE('',#232,#3640);
#3638=LINE('',#228,#3641);
#3639=VECTOR('',#3642,1.0);
#3640=VECTOR('',#3643,1.0);
#3641=VECTOR('',#3644,1.0);
#3642=DIRECTION('',(-0.9692911349247106,-0.24591603395542633,0));
#3643=DIRECTION('',(-0.10452140591741298,-0.9945226371003565,0));
#3644=DIRECTION('',(0.9637398508671821,0.2668435868641057,0));
#3645=FACE_SURFACE('',(#3650),#3646,.T.);
#3646=PLANE('',#3647);
#3647=AXIS2_PLACEMENT_3D('',#112,#3648,#3649);
#3648=DIRECTION('',(0,0,1));
#3649=DIRECTION('',(-0.9747123027992709,-0.22346347972709635,0));
#3650=FACE_BOUND('',#3651,.T.);
#3651=EDGE_LOOP('',(#3652,#3653,#3654));
#3652=ORIENTED_EDGE('',*,*,#3655,.T.);
#3653=ORIENTED_EDGE('',*,*,#3656,.T.);
#3654=ORIENTED_EDGE('',*,*,#3657,.T.);
#3655=EDGE_CURVE('',#113,#231,#3658,.F.);
#3656=EDGE_CURVE('',#231,#233,#3659,.T.);
#3657=EDGE_CURVE('',#233,#113,#3660,.T.);
#3658=LINE('',#112,#3661);
#3659=LINE('',#230,#3662);
#3660=LINE('',#232,#3663);
#3661=VECTOR('',#3664,1.0);
#3662=VECTOR('',#3665,1.0);
#3663=VECTOR('',#3666,1.0);
#3664=DIRECTION('',(-0.9747123027992709,-0.22346347972709635,0));
#3665=DIRECTION('',(0.10452140591741298,-0.9945226371003565,0));
#3666=DIRECTION('',(0.9692911349247106,0.24591603395542633,0));
#3667=FACE_SURFACE('',(#3672),#3668,.T.);
#3668=PLANE('',#3669);
#3669=AXIS2_PLACEMENT_3D('',#124,#3670,#3671);
#3670=DIRECTION('',(0,0,-1));
#3671=DIRECTION('',(-1,0,0));
#3672=FACE_BOUND('',#3673,.T.);
#3673=EDGE_LOOP('',(#3674,#3675,#3676));
#3674=ORIENTED_EDGE('',*,*,#3677,.T.);
#3675=ORIENTED_EDGE('',*,*,#3678,.T.);
#3676=ORIENTED_EDGE('',*,*,#3679,.T.);
#3677=EDGE_CURVE('',#125,#143,#3680,.F.);
#3678=EDGE_CURVE('',#143,#207,#3681,.T.);
#3679=EDGE_CURVE('',#207,#125,#3682,.T.);
#3680=LINE('',#124,#3683);
#3681=LINE('',#142,#3684);
#3682=LINE('',#206,#3685);
#3683=VECTOR('',#3686,1.0);
#3684=VECTOR('',#3687,1.0);
#3685=VECTOR('',#3688,1.0);
#3686=DIRECTION('',(-1,0,0));
#3687=DIRECTION('',(0.9999572006868679,0.009251853570123045,0));
#3688=DIRECTION('',(0.9135314146702702,-0.40676818264281045,0));
#3689=FACE_SURFACE('',(#3694),#3690,.T.);
#3690=PLANE('',#3691);
#3691=AXIS2_PLACEMENT_3D('',#144,#3692,#3693);
#3692=DIRECTION('',(-0.4257642682324092,-0.9048341217574198,-0));
#3693=DIRECTION('',(-0.11274720143962098,0.05305251930923726,-0.9922063791180122));
#3694=FACE_BOUND('',#3695,.T.);
#3695=EDGE_LOOP('',(#3696,#3697,#3698));
#3696=ORIENTED_EDGE('',*,*,#3699,.T.);
#3697=ORIENTED_EDGE('',*,*,#3700,.T.);
#3698=ORIENTED_EDGE('',*,*,#3701,.T.);
#3699=EDGE_CURVE('',#145,#141,#3702,.F.);
#3700=EDGE_CURVE('',#141,#127,#3703,.T.);
#3701=EDGE_CURVE('',#127,#145,#3704,.T.);
#3702=LINE('',#144,#3705);
#3703=LINE('',#140,#3706);
#3704=LINE('',#126,#3707);
#3705=VECTOR('',#3708,1.0);
#3706=VECTOR('',#3709,1.0);
#3707=VECTOR('',#3710,1.0);
#3708=DIRECTION('',(-0.11274720143962098,0.05305251930923726,-0.9922063791180122));
#3709=DIRECTION('',(0.9048341217574197,-0.42576426823240915,0));
#3710=DIRECTION('',(0,0,1));
#3711=FACE_SURFACE('',(#3716),#3712,.T.);
#3712=PLANE('',#3713);
#3713=AXIS2_PLACEMENT_3D('',#128,#3714,#3715);
#3714=DIRECTION('',(-0.8090386341174507,-0.5877554665890992,-0));
#3715=DIRECTION('',(0,0,-1));
#3716=FACE_BOUND('',#3717,.T.);
#3717=EDGE_LOOP('',(#3718,#3719,#3720));
#3718=ORIENTED_EDGE('',*,*,#3721,.T.);
#3719=ORIENTED_EDGE('',*,*,#3722,.T.);
#3720=ORIENTED_EDGE('',*,*,#3723,.T.);
#3721=EDGE_CURVE('',#129,#131,#3724,.F.);
#3722=EDGE_CURVE('',#131,#149,#3725,.T.);
#3723=EDGE_CURVE('',#149,#129,#3726,.T.);
#3724=LINE('',#128,#3727);
#3725=LINE('',#130,#3728);
#3726=LINE('',#148,#3729);
#3727=VECTOR('',#3730,1.0);
#3728=VECTOR('',#3731,1.0);
#3729=VECTOR('',#3732,1.0);
#3730=DIRECTION('',(0,0,-1));
#3731=DIRECTION('',(0.07323342177898194,-0.1008049620901877,0.9922072492944897));
#3732=DIRECTION('',(-0.587755466589099,0.8090386341174507,0));
#3733=FACE_SURFACE('',(#3738),#3734,.T.);
#3734=PLANE('',#3735);
#3735=AXIS2_PLACEMENT_3D('',#148,#3736,#3737);
#3736=DIRECTION('',(-0.8090386341174507,-0.5877554665890992,-0));
#3737=DIRECTION('',(-0.07323342177898194,0.1008049620901877,-0.9922072492944897));
#3738=FACE_BOUND('',#3739,.T.);
#3739=EDGE_LOOP('',(#3740,#3741,#3742));
#3740=ORIENTED_EDGE('',*,*,#3743,.T.);
#3741=ORIENTED_EDGE('',*,*,#3744,.T.);
#3742=ORIENTED_EDGE('',*,*,#3745,.T.);
#3743=EDGE_CURVE('',#149,#131,#3746,.F.);
#3744=EDGE_CURVE('',#131,#135,#3747,.T.);
#3745=EDGE_CURVE('',#135,#149,#3748,.T.);
#3746=LINE('',#148,#3749);
#3747=LINE('',#130,#3750);
#3748=LINE('',#134,#3751);
#3749=VECTOR('',#3752,1.0);
#3750=VECTOR('',#3753,1.0);
#3751=VECTOR('',#3754,1.0);
#3752=DIRECTION('',(-0.07323342177898194,0.1008049620901877,-0.9922072492944897));
#3753=DIRECTION('',(0.587755466589099,-0.8090386341174507,0));
#3754=DIRECTION('',(0,0,1));
#3755=FACE_SURFACE('',(#3760),#3756,.T.);
#3756=PLANE('',#3757);
#3757=AXIS2_PLACEMENT_3D('',#146,#3758,#3759);
#3758=DIRECTION('',(-0.9686036319818431,-0.24861014482836863,-0));
#3759=DIRECTION('',(-0.030977392931242347,0.12069022896569341,-0.9922067676444218));
#3760=FACE_BOUND('',#3761,.T.);
#3761=EDGE_LOOP('',(#3762,#3763,#3764));
#3762=ORIENTED_EDGE('',*,*,#3765,.T.);
#3763=ORIENTED_EDGE('',*,*,#3766,.T.);
#3764=ORIENTED_EDGE('',*,*,#3767,.T.);
#3765=EDGE_CURVE('',#147,#159,#3768,.F.);
#3766=EDGE_CURVE('',#159,#133,#3769,.T.);
#3767=EDGE_CURVE('',#133,#147,#3770,.T.);
#3768=LINE('',#146,#3771);
#3769=LINE('',#158,#3772);
#3770=LINE('',#132,#3773);
#3771=VECTOR('',#3774,1.0);
#3772=VECTOR('',#3775,1.0);
#3773=VECTOR('',#3776,1.0);
#3774=DIRECTION('',(-0.030977392931242347,0.12069022896569341,-0.9922067676444218));
#3775=DIRECTION('',(0.24861014482836857,-0.968603631981843,0));
#3776=DIRECTION('',(0,0,1));
#3777=FACE_SURFACE('',(#3782),#3778,.T.);
#3778=PLANE('',#3779);
#3779=AXIS2_PLACEMENT_3D('',#148,#3780,#3781);
#3780=DIRECTION('',(-0.7289597770227462,-0.684556530523921,-0));
#3781=DIRECTION('',(0,0,-1));
#3782=FACE_BOUND('',#3783,.T.);
#3783=EDGE_LOOP('',(#3784,#3785,#3786));
#3784=ORIENTED_EDGE('',*,*,#3787,.T.);
#3785=ORIENTED_EDGE('',*,*,#3788,.T.);
#3786=ORIENTED_EDGE('',*,*,#3789,.T.);
#3787=EDGE_CURVE('',#149,#135,#3790,.F.);
#3788=EDGE_CURVE('',#135,#151,#3791,.T.);
#3789=EDGE_CURVE('',#151,#149,#3792,.T.);
#3790=LINE('',#148,#3793);
#3791=LINE('',#134,#3794);
#3792=LINE('',#150,#3795);
#3793=VECTOR('',#3796,1.0);
#3794=VECTOR('',#3797,1.0);
#3795=VECTOR('',#3798,1.0);
#3796=DIRECTION('',(0,0,-1));
#3797=DIRECTION('',(0.08529684498789256,-0.09082956093564748,0.9922068529774166));
#3798=DIRECTION('',(-0.684556530523921,0.7289597770227463,0));
#3799=FACE_SURFACE('',(#3804),#3800,.T.);
#3800=PLANE('',#3801);
#3801=AXIS2_PLACEMENT_3D('',#150,#3802,#3803);
#3802=DIRECTION('',(-0.7289597770227462,-0.684556530523921,-0));
#3803=DIRECTION('',(-0.08529684498789256,0.09082956093564748,-0.9922068529774166));
#3804=FACE_BOUND('',#3805,.T.);
#3805=EDGE_LOOP('',(#3806,#3807,#3808));
#3806=ORIENTED_EDGE('',*,*,#3809,.T.);
#3807=ORIENTED_EDGE('',*,*,#3810,.T.);
#3808=ORIENTED_EDGE('',*,*,#3811,.T.);
#3809=EDGE_CURVE('',#151,#135,#3812,.F.);
#3810=EDGE_CURVE('',#135,#137,#3813,.T.);
#3811=EDGE_CURVE('',#137,#151,#3814,.T.);
#3812=LINE('',#150,#3815);
#3813=LINE('',#134,#3816);
#3814=LINE('',#136,#3817);
#3815=VECTOR('',#3818,1.0);
#3816=VECTOR('',#3819,1.0);
#3817=VECTOR('',#3820,1.0);
#3818=DIRECTION('',(-0.08529684498789256,0.09082956093564748,-0.9922068529774166));
#3819=DIRECTION('',(0.684556530523921,-0.7289597770227463,0));
#3820=DIRECTION('',(0,0,1));
#3821=FACE_SURFACE('',(#3826),#3822,.T.);
#3822=PLANE('',#3823);
#3823=AXIS2_PLACEMENT_3D('',#150,#3824,#3825);
#3824=DIRECTION('',(-0.6374153239204838,-0.770520411690271,-0));
#3825=DIRECTION('',(0,0,-1));
#3826=FACE_BOUND('',#3827,.T.);
#3827=EDGE_LOOP('',(#3828,#3829,#3830));
#3828=ORIENTED_EDGE('',*,*,#3831,.T.);
#3829=ORIENTED_EDGE('',*,*,#3832,.T.);
#3830=ORIENTED_EDGE('',*,*,#3833,.T.);
#3831=EDGE_CURVE('',#151,#137,#3834,.F.);
#3832=EDGE_CURVE('',#137,#153,#3835,.T.);
#3833=EDGE_CURVE('',#153,#151,#3836,.T.);
#3834=LINE('',#150,#3837);
#3835=LINE('',#136,#3838);
#3836=LINE('',#152,#3839);
#3837=VECTOR('',#3840,1.0);
#3838=VECTOR('',#3841,1.0);
#3839=VECTOR('',#3842,1.0);
#3840=DIRECTION('',(0,0,-1));
#3841=DIRECTION('',(0.0960133707625427,-0.0794273492262845,0.9922059911276995));
#3842=DIRECTION('',(-0.770520411690271,0.6374153239204838,0));
#3843=FACE_SURFACE('',(#3848),#3844,.T.);
#3844=PLANE('',#3845);
#3845=AXIS2_PLACEMENT_3D('',#152,#3846,#3847);
#3846=DIRECTION('',(-0.6374153239204838,-0.770520411690271,-0));
#3847=DIRECTION('',(-0.0960133707625427,0.0794273492262845,-0.9922059911276995));
#3848=FACE_BOUND('',#3849,.T.);
#3849=EDGE_LOOP('',(#3850,#3851,#3852));
#3850=ORIENTED_EDGE('',*,*,#3853,.T.);
#3851=ORIENTED_EDGE('',*,*,#3854,.T.);
#3852=ORIENTED_EDGE('',*,*,#3855,.T.);
#3853=EDGE_CURVE('',#153,#137,#3856,.F.);
#3854=EDGE_CURVE('',#137,#139,#3857,.T.);
#3855=EDGE_CURVE('',#139,#153,#3858,.T.);
#3856=LINE('',#152,#3859);
#3857=LINE('',#136,#3860);
#3858=LINE('',#138,#3861);
#3859=VECTOR('',#3862,1.0);
#3860=VECTOR('',#3863,1.0);
#3861=VECTOR('',#3864,1.0);
#3862=DIRECTION('',(-0.0960133707625427,0.0794273492262845,-0.9922059911276995));
#3863=DIRECTION('',(0.770520411690271,-0.6374153239204838,0));
#3864=DIRECTION('',(0,0,1));
#3865=FACE_SURFACE('',(#3870),#3866,.T.);
#3866=PLANE('',#3867);
#3867=AXIS2_PLACEMENT_3D('',#152,#3868,#3869);
#3868=DIRECTION('',(-0.5358372334728466,-0.8443213009418665,-0));
#3869=DIRECTION('',(0,0,-1));
#3870=FACE_BOUND('',#3871,.T.);
#3871=EDGE_LOOP('',(#3872,#3873,#3874));
#3872=ORIENTED_EDGE('',*,*,#3875,.T.);
#3873=ORIENTED_EDGE('',*,*,#3876,.T.);
#3874=ORIENTED_EDGE('',*,*,#3877,.T.);
#3875=EDGE_CURVE('',#153,#139,#3878,.F.);
#3876=EDGE_CURVE('',#139,#155,#3879,.T.);
#3877=EDGE_CURVE('',#155,#153,#3880,.T.);
#3878=LINE('',#152,#3881);
#3879=LINE('',#138,#3882);
#3880=LINE('',#154,#3883);
#3881=VECTOR('',#3884,1.0);
#3882=VECTOR('',#3885,1.0);
#3883=VECTOR('',#3886,1.0);
#3884=DIRECTION('',(0,0,-1));
#3885=DIRECTION('',(0.10519919171759601,-0.06676326155771999,0.9922075372461852));
#3886=DIRECTION('',(-0.8443213009418666,0.5358372334728467,0));
#3887=FACE_SURFACE('',(#3892),#3888,.T.);
#3888=PLANE('',#3889);
#3889=AXIS2_PLACEMENT_3D('',#154,#3890,#3891);
#3890=DIRECTION('',(-0.5358372334728466,-0.8443213009418665,-0));
#3891=DIRECTION('',(-0.10519919171759601,0.06676326155771999,-0.9922075372461852));
#3892=FACE_BOUND('',#3893,.T.);
#3893=EDGE_LOOP('',(#3894,#3895,#3896));
#3894=ORIENTED_EDGE('',*,*,#3897,.T.);
#3895=ORIENTED_EDGE('',*,*,#3898,.T.);
#3896=ORIENTED_EDGE('',*,*,#3899,.T.);
#3897=EDGE_CURVE('',#155,#139,#3900,.F.);
#3898=EDGE_CURVE('',#139,#141,#3901,.T.);
#3899=EDGE_CURVE('',#141,#155,#3902,.T.);
#3900=LINE('',#154,#3903);
#3901=LINE('',#138,#3904);
#3902=LINE('',#140,#3905);
#3903=VECTOR('',#3906,1.0);
#3904=VECTOR('',#3907,1.0);
#3905=VECTOR('',#3908,1.0);
#3906=DIRECTION('',(-0.10519919171759601,0.06676326155771999,-0.9922075372461852));
#3907=DIRECTION('',(0.8443213009418666,-0.5358372334728467,0));
#3908=DIRECTION('',(0,0,1));
#3909=FACE_SURFACE('',(#3914),#3910,.T.);
#3910=PLANE('',#3911);
#3911=AXIS2_PLACEMENT_3D('',#154,#3912,#3913);
#3912=DIRECTION('',(-0.4257642682324092,-0.9048341217574198,-0));
#3913=DIRECTION('',(0,0,-1));
#3914=FACE_BOUND('',#3915,.T.);
#3915=EDGE_LOOP('',(#3916,#3917,#3918));
#3916=ORIENTED_EDGE('',*,*,#3919,.T.);
#3917=ORIENTED_EDGE('',*,*,#3920,.T.);
#3918=ORIENTED_EDGE('',*,*,#3921,.T.);
#3919=EDGE_CURVE('',#155,#141,#3922,.F.);
#3920=EDGE_CURVE('',#141,#145,#3923,.T.);
#3921=EDGE_CURVE('',#145,#155,#3924,.T.);
#3922=LINE('',#154,#3925);
#3923=LINE('',#140,#3926);
#3924=LINE('',#144,#3927);
#3925=VECTOR('',#3928,1.0);
#3926=VECTOR('',#3929,1.0);
#3927=VECTOR('',#3930,1.0);
#3928=DIRECTION('',(0,0,-1));
#3929=DIRECTION('',(0.11274720143962098,-0.05305251930923726,0.9922063791180122));
#3930=DIRECTION('',(-0.9048341217574197,0.42576426823240915,0));
#3931=FACE_SURFACE('',(#3936),#3932,.T.);
#3932=PLANE('',#3933);
#3933=AXIS2_PLACEMENT_3D('',#142,#3934,#3935);
#3934=DIRECTION('',(-0.4067681826428105,0.9135314146702703,0));
#3935=DIRECTION('',(0.06097698775958254,0.02715122665261693,0.9977698220807371));
#3936=FACE_BOUND('',#3937,.T.);
#3937=EDGE_LOOP('',(#3938,#3939,#3940));
#3938=ORIENTED_EDGE('',*,*,#3941,.T.);
#3939=ORIENTED_EDGE('',*,*,#3942,.T.);
#3940=ORIENTED_EDGE('',*,*,#3943,.T.);
#3941=EDGE_CURVE('',#143,#203,#3944,.F.);
#3942=EDGE_CURVE('',#203,#235,#3945,.T.);
#3943=EDGE_CURVE('',#235,#143,#3946,.T.);
#3944=LINE('',#142,#3947);
#3945=LINE('',#202,#3948);
#3946=LINE('',#234,#3949);
#3947=VECTOR('',#3950,1.0);
#3948=VECTOR('',#3951,1.0);
#3949=VECTOR('',#3952,1.0);
#3950=DIRECTION('',(0.06097698775958254,0.02715122665261693,0.9977698220807371));
#3951=DIRECTION('',(0,0,-1));
#3952=DIRECTION('',(-0.9135314146702702,-0.40676818264281045,0));
#3953=FACE_SURFACE('',(#3958),#3954,.T.);
#3954=PLANE('',#3955);
#3955=AXIS2_PLACEMENT_3D('',#206,#3956,#3957);
#3956=DIRECTION('',(-0,0,-1));
#3957=DIRECTION('',(-0.9999572006868679,-0.009251853570123045,0));
#3958=FACE_BOUND('',#3959,.T.);
#3959=EDGE_LOOP('',(#3960,#3961,#3962));
#3960=ORIENTED_EDGE('',*,*,#3963,.T.);
#3961=ORIENTED_EDGE('',*,*,#3964,.T.);
#3962=ORIENTED_EDGE('',*,*,#3965,.T.);
#3963=EDGE_CURVE('',#207,#143,#3966,.F.);
#3964=EDGE_CURVE('',#143,#235,#3967,.T.);
#3965=EDGE_CURVE('',#235,#207,#3968,.T.);
#3966=LINE('',#206,#3969);
#3967=LINE('',#142,#3970);
#3968=LINE('',#234,#3971);
#3969=VECTOR('',#3972,1.0);
#3970=VECTOR('',#3973,1.0);
#3971=VECTOR('',#3974,1.0);
#3972=DIRECTION('',(-0.9999572006868679,-0.009251853570123045,0));
#3973=DIRECTION('',(0.9135314146702702,0.40676818264281045,0));
#3974=DIRECTION('',(1,0,0));
#3975=FACE_SURFACE('',(#3980),#3976,.T.);
#3976=PLANE('',#3977);
#3977=AXIS2_PLACEMENT_3D('',#200,#3978,#3979);
#3978=DIRECTION('',(-0.9686036319818431,-0.24861014482836863,-0));
#3979=DIRECTION('',(0,0,-1));
#3980=FACE_BOUND('',#3981,.T.);
#3981=EDGE_LOOP('',(#3982,#3983,#3984));
#3982=ORIENTED_EDGE('',*,*,#3985,.T.);
#3983=ORIENTED_EDGE('',*,*,#3986,.T.);
#3984=ORIENTED_EDGE('',*,*,#3987,.T.);
#3985=EDGE_CURVE('',#201,#159,#3988,.F.);
#3986=EDGE_CURVE('',#159,#147,#3989,.T.);
#3987=EDGE_CURVE('',#147,#201,#3990,.T.);
#3988=LINE('',#200,#3991);
#3989=LINE('',#158,#3992);
#3990=LINE('',#146,#3993);
#3991=VECTOR('',#3994,1.0);
#3992=VECTOR('',#3995,1.0);
#3993=VECTOR('',#3996,1.0);
#3994=DIRECTION('',(0,0,-1));
#3995=DIRECTION('',(0.030977392931242347,-0.12069022896569341,0.9922067676444218));
#3996=DIRECTION('',(-0.24861014482836857,0.968603631981843,0));
#3997=FACE_SURFACE('',(#4002),#3998,.T.);
#3998=PLANE('',#3999);
#3999=AXIS2_PLACEMENT_3D('',#198,#4000,#4001);
#4000=DIRECTION('',(0.5877853774363001,0.8090169034526202,0));
#4001=DIRECTION('',(0,0,-1));
#4002=FACE_BOUND('',#4003,.T.);
#4003=EDGE_LOOP('',(#4004,#4005,#4006));
#4004=ORIENTED_EDGE('',*,*,#4007,.T.);
#4005=ORIENTED_EDGE('',*,*,#4008,.T.);
#4006=ORIENTED_EDGE('',*,*,#4009,.T.);
#4007=EDGE_CURVE('',#199,#157,#4010,.F.);
#4008=EDGE_CURVE('',#157,#237,#4011,.T.);
#4009=EDGE_CURVE('',#237,#199,#4012,.T.);
#4010=LINE('',#198,#4013);
#4011=LINE('',#156,#4014);
#4012=LINE('',#236,#4015);
#4013=VECTOR('',#4016,1.0);
#4014=VECTOR('',#4017,1.0);
#4015=VECTOR('',#4018,1.0);
#4016=DIRECTION('',(0,0,-1));
#4017=DIRECTION('',(-0.8090169034526202,0.5877853774363001,0));
#4018=DIRECTION('',(0.054000395824910105,-0.03923359685835449,0.997769854289209));
#4019=FACE_SURFACE('',(#4024),#4020,.T.);
#4020=PLANE('',#4021);
#4021=AXIS2_PLACEMENT_3D('',#158,#4022,#4023);
#4022=DIRECTION('',(0,0,-1));
#4023=DIRECTION('',(0.9978524182573176,-0.06550230055519526,0));
#4024=FACE_BOUND('',#4025,.T.);
#4025=EDGE_LOOP('',(#4026,#4027,#4028));
#4026=ORIENTED_EDGE('',*,*,#4029,.T.);
#4027=ORIENTED_EDGE('',*,*,#4030,.T.);
#4028=ORIENTED_EDGE('',*,*,#4031,.T.);
#4029=EDGE_CURVE('',#159,#237,#4032,.F.);
#4030=EDGE_CURVE('',#237,#157,#4033,.T.);
#4031=EDGE_CURVE('',#157,#159,#4034,.T.);
#4032=LINE('',#158,#4035);
#4033=LINE('',#236,#4036);
#4034=LINE('',#156,#4037);
#4035=VECTOR('',#4038,1.0);
#4036=VECTOR('',#4039,1.0);
#4037=VECTOR('',#4040,1.0);
#4038=DIRECTION('',(0.9978524182573176,-0.06550230055519526,0));
#4039=DIRECTION('',(0.8090169034526202,-0.5877853774363001,0));
#4040=DIRECTION('',(-0.9940966676156485,0.10849799737996496,0));
#4041=FACE_SURFACE('',(#4046),#4042,.T.);
#4042=PLANE('',#4043);
#4043=AXIS2_PLACEMENT_3D('',#200,#4044,#4045);
#4044=DIRECTION('',(-0.9921118989301813,-0.1253554147260897,-0));
#4045=DIRECTION('',(-0.01561950600819799,0.12361889432542801,-0.9922068332751082));
#4046=FACE_BOUND('',#4047,.T.);
#4047=EDGE_LOOP('',(#4048,#4049,#4050));
#4048=ORIENTED_EDGE('',*,*,#4051,.T.);
#4049=ORIENTED_EDGE('',*,*,#4052,.T.);
#4050=ORIENTED_EDGE('',*,*,#4053,.T.);
#4051=EDGE_CURVE('',#201,#239,#4054,.F.);
#4052=EDGE_CURVE('',#239,#159,#4055,.T.);
#4053=EDGE_CURVE('',#159,#201,#4056,.T.);
#4054=LINE('',#200,#4057);
#4055=LINE('',#238,#4058);
#4056=LINE('',#158,#4059);
#4057=VECTOR('',#4060,1.0);
#4058=VECTOR('',#4061,1.0);
#4059=VECTOR('',#4062,1.0);
#4060=DIRECTION('',(-0.01561950600819799,0.12361889432542801,-0.9922068332751082));
#4061=DIRECTION('',(0.1253554147260897,-0.9921118989301813,0));
#4062=DIRECTION('',(0,0,1));
#4063=FACE_SURFACE('',(#4068),#4064,.T.);
#4064=PLANE('',#4065);
#4065=AXIS2_PLACEMENT_3D('',#158,#4066,#4067);
#4066=DIRECTION('',(0,0,-1));
#4067=DIRECTION('',(-0.1253554147260897,0.9921118989301813,0));
#4068=FACE_BOUND('',#4069,.T.);
#4069=EDGE_LOOP('',(#4070,#4071,#4072));
#4070=ORIENTED_EDGE('',*,*,#4073,.T.);
#4071=ORIENTED_EDGE('',*,*,#4074,.T.);
#4072=ORIENTED_EDGE('',*,*,#4075,.T.);
#4073=EDGE_CURVE('',#159,#239,#4076,.F.);
#4074=EDGE_CURVE('',#239,#241,#4077,.T.);
#4075=EDGE_CURVE('',#241,#159,#4078,.T.);
#4076=LINE('',#158,#4079);
#4077=LINE('',#238,#4080);
#4078=LINE('',#240,#4081);
#4079=VECTOR('',#4082,1.0);
#4080=VECTOR('',#4083,1.0);
#4081=VECTOR('',#4084,1.0);
#4082=DIRECTION('',(-0.1253554147260897,0.9921118989301813,0));
#4083=DIRECTION('',(0.9954748939648211,-0.09502492034055238,0));
#4084=DIRECTION('',(-0.9965778831160268,-0.08265907623473011,0));
#4085=FACE_SURFACE('',(#4090),#4086,.T.);
#4086=PLANE('',#4087);
#4087=AXIS2_PLACEMENT_3D('',#158,#4088,#4089);
#4088=DIRECTION('',(0,0,-1));
#4089=DIRECTION('',(0.9965778831160268,0.08265907623473011,0));
#4090=FACE_BOUND('',#4091,.T.);
#4091=EDGE_LOOP('',(#4092,#4093,#4094));
#4092=ORIENTED_EDGE('',*,*,#4095,.T.);
#4093=ORIENTED_EDGE('',*,*,#4096,.T.);
#4094=ORIENTED_EDGE('',*,*,#4097,.T.);
#4095=EDGE_CURVE('',#159,#241,#4098,.F.);
#4096=EDGE_CURVE('',#241,#243,#4099,.T.);
#4097=EDGE_CURVE('',#243,#159,#4100,.T.);
#4098=LINE('',#158,#4101);
#4099=LINE('',#240,#4102);
#4100=LINE('',#242,#4103);
#4101=VECTOR('',#4104,1.0);
#4102=VECTOR('',#4105,1.0);
#4103=VECTOR('',#4106,1.0);
#4104=DIRECTION('',(0.9965778831160268,0.08265907623473011,0));
#4105=DIRECTION('',(0.49995411149146307,-0.8660518959062337,0));
#4106=DIRECTION('',(-0.9999995144204792,0.0009854738991400046,0));
#4107=FACE_SURFACE('',(#4112),#4108,.T.);
#4108=PLANE('',#4109);
#4109=AXIS2_PLACEMENT_3D('',#158,#4110,#4111);
#4110=DIRECTION('',(0,0,-1));
#4111=DIRECTION('',(0.9999995144204792,-0.0009854738991400046,0));
#4112=FACE_BOUND('',#4113,.T.);
#4113=EDGE_LOOP('',(#4114,#4115,#4116));
#4114=ORIENTED_EDGE('',*,*,#4117,.T.);
#4115=ORIENTED_EDGE('',*,*,#4118,.T.);
#4116=ORIENTED_EDGE('',*,*,#4119,.T.);
#4117=EDGE_CURVE('',#159,#243,#4120,.F.);
#4118=EDGE_CURVE('',#243,#237,#4121,.T.);
#4119=EDGE_CURVE('',#237,#159,#4122,.T.);
#4120=LINE('',#158,#4123);
#4121=LINE('',#242,#4124);
#4122=LINE('',#236,#4125);
#4123=VECTOR('',#4126,1.0);
#4124=VECTOR('',#4127,1.0);
#4125=VECTOR('',#4128,1.0);
#4126=DIRECTION('',(0.9999995144204792,-0.0009854738991400046,0));
#4127=DIRECTION('',(0.6691703678463873,-0.7431090221470407,0));
#4128=DIRECTION('',(-0.9978524182573176,0.06550230055519526,0));
#4129=FACE_SURFACE('',(#4134),#4130,.T.);
#4130=PLANE('',#4131);
#4131=AXIS2_PLACEMENT_3D('',#160,#4132,#4133);
#4132=DIRECTION('',(-0.38268901975256747,-0.9238772181198209,-0));
#4133=DIRECTION('',(0,0,-1));
#4134=FACE_BOUND('',#4135,.T.);
#4135=EDGE_LOOP('',(#4136,#4137,#4138));
#4136=ORIENTED_EDGE('',*,*,#4139,.T.);
#4137=ORIENTED_EDGE('',*,*,#4140,.T.);
#4138=ORIENTED_EDGE('',*,*,#4141,.T.);
#4139=EDGE_CURVE('',#161,#163,#4142,.F.);
#4140=EDGE_CURVE('',#163,#245,#4143,.T.);
#4141=EDGE_CURVE('',#245,#161,#4144,.T.);
#4142=LINE('',#160,#4145);
#4143=LINE('',#162,#4146);
#4144=LINE('',#244,#4147);
#4145=VECTOR('',#4148,1.0);
#4146=VECTOR('',#4149,1.0);
#4147=VECTOR('',#4150,1.0);
#4148=DIRECTION('',(0,0,-1));
#4149=DIRECTION('',(0.048176552505311096,-0.019955722786233365,0.998639468936003));
#4150=DIRECTION('',(-0.9238772181198209,0.3826890197525675,0));
#4151=FACE_SURFACE('',(#4156),#4152,.T.);
#4152=PLANE('',#4153);
#4153=AXIS2_PLACEMENT_3D('',#244,#4154,#4155);
#4154=DIRECTION('',(0,-0,1));
#4155=DIRECTION('',(0.9999657539848807,0.00827592033849648,0));
#4156=FACE_BOUND('',#4157,.T.);
#4157=EDGE_LOOP('',(#4158,#4159,#4160));
#4158=ORIENTED_EDGE('',*,*,#4161,.T.);
#4159=ORIENTED_EDGE('',*,*,#4162,.T.);
#4160=ORIENTED_EDGE('',*,*,#4163,.T.);
#4161=EDGE_CURVE('',#245,#209,#4164,.F.);
#4162=EDGE_CURVE('',#209,#161,#4165,.T.);
#4163=EDGE_CURVE('',#161,#245,#4166,.T.);
#4164=LINE('',#244,#4167);
#4165=LINE('',#208,#4168);
#4166=LINE('',#160,#4169);
#4167=VECTOR('',#4170,1.0);
#4168=VECTOR('',#4171,1.0);
#4169=VECTOR('',#4172,1.0);
#4170=DIRECTION('',(0.9999657539848807,0.00827592033849648,0));
#4171=DIRECTION('',(-1,0,0));
#4172=DIRECTION('',(0.9238772181198209,-0.3826890197525675,0));
#4173=FACE_SURFACE('',(#4178),#4174,.T.);
#4174=PLANE('',#4175);
#4175=AXIS2_PLACEMENT_3D('',#244,#4176,#4177);
#4176=DIRECTION('',(-0.38268901975256747,-0.9238772181198209,-0));
#4177=DIRECTION('',(-0.048176552505311096,0.019955722786233365,-0.998639468936003));
#4178=FACE_BOUND('',#4179,.T.);
#4179=EDGE_LOOP('',(#4180,#4181,#4182));
#4180=ORIENTED_EDGE('',*,*,#4183,.T.);
#4181=ORIENTED_EDGE('',*,*,#4184,.T.);
#4182=ORIENTED_EDGE('',*,*,#4185,.T.);
#4183=EDGE_CURVE('',#245,#163,#4186,.F.);
#4184=EDGE_CURVE('',#163,#247,#4187,.T.);
#4185=EDGE_CURVE('',#247,#245,#4188,.T.);
#4186=LINE('',#244,#4189);
#4187=LINE('',#162,#4190);
#4188=LINE('',#246,#4191);
#4189=VECTOR('',#4192,1.0);
#4190=VECTOR('',#4193,1.0);
#4191=VECTOR('',#4194,1.0);
#4192=DIRECTION('',(-0.048176552505311096,0.019955722786233365,-0.998639468936003));
#4193=DIRECTION('',(0.9238772181198209,-0.3826890197525675,0));
#4194=DIRECTION('',(0,0,1));
#4195=FACE_SURFACE('',(#4200),#4196,.T.);
#4196=PLANE('',#4197);
#4197=AXIS2_PLACEMENT_3D('',#168,#4198,#4199);
#4198=DIRECTION('',(-0,0,-1));
#4199=DIRECTION('',(-0.9999657539848807,-0.00827592033849648,0));
#4200=FACE_BOUND('',#4201,.T.);
#4201=EDGE_LOOP('',(#4202,#4203,#4204));
#4202=ORIENTED_EDGE('',*,*,#4205,.T.);
#4203=ORIENTED_EDGE('',*,*,#4206,.T.);
#4204=ORIENTED_EDGE('',*,*,#4207,.T.);
#4205=EDGE_CURVE('',#169,#247,#4208,.F.);
#4206=EDGE_CURVE('',#247,#163,#4209,.T.);
#4207=EDGE_CURVE('',#163,#169,#4210,.T.);
#4208=LINE('',#168,#4211);
#4209=LINE('',#246,#4212);
#4210=LINE('',#162,#4213);
#4211=VECTOR('',#4214,1.0);
#4212=VECTOR('',#4215,1.0);
#4213=VECTOR('',#4216,1.0);
#4214=DIRECTION('',(-0.9999657539848807,-0.00827592033849648,0));
#4215=DIRECTION('',(-0.9238772181198209,0.3826890197525675,0));
#4216=DIRECTION('',(1,0,0));
#4217=FACE_SURFACE('',(#4222),#4218,.T.);
#4218=PLANE('',#4219);
#4219=AXIS2_PLACEMENT_3D('',#166,#4220,#4221);
#4220=DIRECTION('',(-0.5877853774363001,0.8090169034526202,0));
#4221=DIRECTION('',(0,0,1));
#4222=FACE_BOUND('',#4223,.T.);
#4223=EDGE_LOOP('',(#4224,#4225,#4226));
#4224=ORIENTED_EDGE('',*,*,#4227,.T.);
#4225=ORIENTED_EDGE('',*,*,#4228,.T.);
#4226=ORIENTED_EDGE('',*,*,#4229,.T.);
#4227=EDGE_CURVE('',#167,#165,#4230,.F.);
#4228=EDGE_CURVE('',#165,#217,#4231,.T.);
#4229=EDGE_CURVE('',#217,#167,#4232,.T.);
#4230=LINE('',#166,#4233);
#4231=LINE('',#164,#4234);
#4232=LINE('',#216,#4235);
#4233=VECTOR('',#4236,1.0);
#4234=VECTOR('',#4237,1.0);
#4235=VECTOR('',#4238,1.0);
#4236=DIRECTION('',(0,0,1));
#4237=DIRECTION('',(0.8090169034526202,0.5877853774363001,0));
#4238=DIRECTION('',(-0.054000395824910105,-0.03923359685835449,-0.997769854289209));
#4239=FACE_SURFACE('',(#4244),#4240,.T.);
#4240=PLANE('',#4241);
#4241=AXIS2_PLACEMENT_3D('',#166,#4242,#4243);
#4242=DIRECTION('',(-0.5877853774363001,0.8090169034526202,0));
#4243=DIRECTION('',(0.054000395824910105,0.03923359685835449,0.997769854289209));
#4244=FACE_BOUND('',#4245,.T.);
#4245=EDGE_LOOP('',(#4246,#4247,#4248));
#4246=ORIENTED_EDGE('',*,*,#4249,.T.);
#4247=ORIENTED_EDGE('',*,*,#4250,.T.);
#4248=ORIENTED_EDGE('',*,*,#4251,.T.);
#4249=EDGE_CURVE('',#167,#217,#4252,.F.);
#4250=EDGE_CURVE('',#217,#185,#4253,.T.);
#4251=EDGE_CURVE('',#185,#167,#4254,.T.);
#4252=LINE('',#166,#4255);
#4253=LINE('',#216,#4256);
#4254=LINE('',#184,#4257);
#4255=VECTOR('',#4258,1.0);
#4256=VECTOR('',#4259,1.0);
#4257=VECTOR('',#4260,1.0);
#4258=DIRECTION('',(0.054000395824910105,0.03923359685835449,0.997769854289209));
#4259=DIRECTION('',(0,0,-1));
#4260=DIRECTION('',(-0.8090169034526202,-0.5877853774363001,0));
#4261=FACE_SURFACE('',(#4266),#4262,.T.);
#4262=PLANE('',#4263);
#4263=AXIS2_PLACEMENT_3D('',#208,#4264,#4265);
#4264=DIRECTION('',(0.38275515244038166,-0.9238498218218912,0));
#4265=DIRECTION('',(-0.048166822794875525,-0.01995573216116907,-0.9986399380836714));
#4266=FACE_BOUND('',#4267,.T.);
#4267=EDGE_LOOP('',(#4268,#4269,#4270));
#4268=ORIENTED_EDGE('',*,*,#4271,.T.);
#4269=ORIENTED_EDGE('',*,*,#4272,.T.);
#4270=ORIENTED_EDGE('',*,*,#4273,.T.);
#4271=EDGE_CURVE('',#209,#249,#4274,.F.);
#4272=EDGE_CURVE('',#249,#169,#4275,.T.);
#4273=EDGE_CURVE('',#169,#209,#4276,.T.);
#4274=LINE('',#208,#4277);
#4275=LINE('',#248,#4278);
#4276=LINE('',#168,#4279);
#4277=VECTOR('',#4280,1.0);
#4278=VECTOR('',#4281,1.0);
#4279=VECTOR('',#4282,1.0);
#4280=DIRECTION('',(-0.048166822794875525,-0.01995573216116907,-0.9986399380836714));
#4281=DIRECTION('',(0.9238498218218912,0.38275515244038166,0));
#4282=DIRECTION('',(0,0,1));
#4283=FACE_SURFACE('',(#4288),#4284,.T.);
#4284=PLANE('',#4285);
#4285=AXIS2_PLACEMENT_3D('',#248,#4286,#4287);
#4286=DIRECTION('',(0,0,-1));
#4287=DIRECTION('',(-1,0,0));
#4288=FACE_BOUND('',#4289,.T.);
#4289=EDGE_LOOP('',(#4290,#4291,#4292));
#4290=ORIENTED_EDGE('',*,*,#4293,.T.);
#4291=ORIENTED_EDGE('',*,*,#4294,.T.);
#4292=ORIENTED_EDGE('',*,*,#4295,.T.);
#4293=EDGE_CURVE('',#249,#247,#4296,.F.);
#4294=EDGE_CURVE('',#247,#169,#4297,.T.);
#4295=EDGE_CURVE('',#169,#249,#4298,.T.);
#4296=LINE('',#248,#4299);
#4297=LINE('',#246,#4300);
#4298=LINE('',#168,#4301);
#4299=VECTOR('',#4302,1.0);
#4300=VECTOR('',#4303,1.0);
#4301=VECTOR('',#4304,1.0);
#4302=DIRECTION('',(-1,0,0));
#4303=DIRECTION('',(0.9999657539848807,0.00827592033849648,0));
#4304=DIRECTION('',(-0.9238498218218912,-0.38275515244038166,0));
#4305=FACE_SURFACE('',(#4310),#4306,.T.);
#4306=PLANE('',#4307);
#4307=AXIS2_PLACEMENT_3D('',#170,#4308,#4309);
#4308=DIRECTION('',(0.5785994244698807,0.8156118598960679,0));
#4309=DIRECTION('',(0,0,-1));
#4310=FACE_BOUND('',#4311,.T.);
#4311=EDGE_LOOP('',(#4312,#4313,#4314));
#4312=ORIENTED_EDGE('',*,*,#4315,.T.);
#4313=ORIENTED_EDGE('',*,*,#4316,.T.);
#4314=ORIENTED_EDGE('',*,*,#4317,.T.);
#4315=EDGE_CURVE('',#171,#173,#4318,.F.);
#4316=EDGE_CURVE('',#173,#251,#4319,.T.);
#4317=EDGE_CURVE('',#251,#171,#4320,.T.);
#4318=LINE('',#170,#4321);
#4319=LINE('',#172,#4322);
#4320=LINE('',#250,#4323);
#4321=VECTOR('',#4324,1.0);
#4322=VECTOR('',#4325,1.0);
#4323=VECTOR('',#4326,1.0);
#4324=DIRECTION('',(0,0,-1));
#4325=DIRECTION('',(-0.09090466701675592,0.06448825796160383,0.99376939281689));
#4326=DIRECTION('',(0.8156118598960679,-0.5785994244698806,0));
#4327=FACE_SURFACE('',(#4332),#4328,.T.);
#4328=PLANE('',#4329);
#4329=AXIS2_PLACEMENT_3D('',#210,#4330,#4331);
#4330=DIRECTION('',(0,0,1));
#4331=DIRECTION('',(0.9881932589588496,0.15321254174605964,0));
#4332=FACE_BOUND('',#4333,.T.);
#4333=EDGE_LOOP('',(#4334,#4335,#4336));
#4334=ORIENTED_EDGE('',*,*,#4337,.T.);
#4335=ORIENTED_EDGE('',*,*,#4338,.T.);
#4336=ORIENTED_EDGE('',*,*,#4339,.T.);
#4337=EDGE_CURVE('',#211,#171,#4340,.F.);
#4338=EDGE_CURVE('',#171,#251,#4341,.T.);
#4339=EDGE_CURVE('',#251,#211,#4342,.T.);
#4340=LINE('',#210,#4343);
#4341=LINE('',#170,#4344);
#4342=LINE('',#250,#4345);
#4343=VECTOR('',#4346,1.0);
#4344=VECTOR('',#4347,1.0);
#4345=VECTOR('',#4348,1.0);
#4346=DIRECTION('',(0.9881932589588496,0.15321254174605964,0));
#4347=DIRECTION('',(-0.8156118598960679,0.5785994244698806,0));
#4348=DIRECTION('',(-0.9837822504037774,-0.1793668971423633,0));
#4349=FACE_SURFACE('',(#4354),#4350,.T.);
#4350=PLANE('',#4351);
#4351=AXIS2_PLACEMENT_3D('',#250,#4352,#4353);
#4352=DIRECTION('',(0.5785994244698807,0.8156118598960679,0));
#4353=DIRECTION('',(0.09090466701675592,-0.06448825796160383,-0.99376939281689));
#4354=FACE_BOUND('',#4355,.T.);
#4355=EDGE_LOOP('',(#4356,#4357,#4358));
#4356=ORIENTED_EDGE('',*,*,#4359,.T.);
#4357=ORIENTED_EDGE('',*,*,#4360,.T.);
#4358=ORIENTED_EDGE('',*,*,#4361,.T.);
#4359=EDGE_CURVE('',#251,#173,#4362,.F.);
#4360=EDGE_CURVE('',#173,#253,#4363,.T.);
#4361=EDGE_CURVE('',#253,#251,#4364,.T.);
#4362=LINE('',#250,#4365);
#4363=LINE('',#172,#4366);
#4364=LINE('',#252,#4367);
#4365=VECTOR('',#4368,1.0);
#4366=VECTOR('',#4369,1.0);
#4367=VECTOR('',#4370,1.0);
#4368=DIRECTION('',(0.09090466701675592,-0.06448825796160383,-0.99376939281689));
#4369=DIRECTION('',(-0.8156118598960679,0.5785994244698806,0));
#4370=DIRECTION('',(0,0,1));
#4371=FACE_SURFACE('',(#4376),#4372,.T.);
#4372=PLANE('',#4373);
#4373=AXIS2_PLACEMENT_3D('',#174,#4374,#4375);
#4374=DIRECTION('',(0,0,-1));
#4375=DIRECTION('',(0.9837822504037774,0.1793668971423633,0));
#4376=FACE_BOUND('',#4377,.T.);
#4377=EDGE_LOOP('',(#4378,#4379,#4380));
#4378=ORIENTED_EDGE('',*,*,#4381,.T.);
#4379=ORIENTED_EDGE('',*,*,#4382,.T.);
#4380=ORIENTED_EDGE('',*,*,#4383,.T.);
#4381=EDGE_CURVE('',#175,#253,#4384,.F.);
#4382=EDGE_CURVE('',#253,#173,#4385,.T.);
#4383=EDGE_CURVE('',#173,#175,#4386,.T.);
#4384=LINE('',#174,#4387);
#4385=LINE('',#252,#4388);
#4386=LINE('',#172,#4389);
#4387=VECTOR('',#4390,1.0);
#4388=VECTOR('',#4391,1.0);
#4389=VECTOR('',#4392,1.0);
#4390=DIRECTION('',(0.9837822504037774,0.1793668971423633,0));
#4391=DIRECTION('',(0.8156118598960679,-0.5785994244698806,0));
#4392=DIRECTION('',(-0.9881932589588496,-0.15321254174605964,0));
#4393=FACE_SURFACE('',(#4398),#4394,.T.);
#4394=PLANE('',#4395);
#4395=AXIS2_PLACEMENT_3D('',#174,#4396,#4397);
#4396=DIRECTION('',(0,-1,0));
#4397=DIRECTION('',(0,0,1));
#4398=FACE_BOUND('',#4399,.T.);
#4399=EDGE_LOOP('',(#4400,#4401,#4402));
#4400=ORIENTED_EDGE('',*,*,#4403,.T.);
#4401=ORIENTED_EDGE('',*,*,#4404,.T.);
#4402=ORIENTED_EDGE('',*,*,#4405,.T.);
#4403=EDGE_CURVE('',#175,#211,#4406,.F.);
#4404=EDGE_CURVE('',#211,#255,#4407,.T.);
#4405=EDGE_CURVE('',#255,#175,#4408,.T.);
#4406=LINE('',#174,#4409);
#4407=LINE('',#210,#4410);
#4408=LINE('',#254,#4411);
#4409=VECTOR('',#4412,1.0);
#4410=VECTOR('',#4413,1.0);
#4411=VECTOR('',#4414,1.0);
#4412=DIRECTION('',(0,0,1));
#4413=DIRECTION('',(-1,0,0));
#4414=DIRECTION('',(0.06674535926506997,0,-0.9977700421522872));
#4415=FACE_SURFACE('',(#4420),#4416,.T.);
#4416=PLANE('',#4417);
#4417=AXIS2_PLACEMENT_3D('',#174,#4418,#4419);
#4418=DIRECTION('',(0,-1,0));
#4419=DIRECTION('',(-0.06674535926506997,0,0.9977700421522872));
#4420=FACE_BOUND('',#4421,.T.);
#4421=EDGE_LOOP('',(#4422,#4423,#4424));
#4422=ORIENTED_EDGE('',*,*,#4425,.T.);
#4423=ORIENTED_EDGE('',*,*,#4426,.T.);
#4424=ORIENTED_EDGE('',*,*,#4427,.T.);
#4425=EDGE_CURVE('',#175,#255,#4428,.F.);
#4426=EDGE_CURVE('',#255,#257,#4429,.T.);
#4427=EDGE_CURVE('',#257,#175,#4430,.T.);
#4428=LINE('',#174,#4431);
#4429=LINE('',#254,#4432);
#4430=LINE('',#256,#4433);
#4431=VECTOR('',#4434,1.0);
#4432=VECTOR('',#4435,1.0);
#4433=VECTOR('',#4436,1.0);
#4434=DIRECTION('',(-0.06674535926506997,0,0.9977700421522872));
#4435=DIRECTION('',(0,0,-1));
#4436=DIRECTION('',(1,0,0));
#4437=FACE_SURFACE('',(#4442),#4438,.T.);
#4438=PLANE('',#4439);
#4439=AXIS2_PLACEMENT_3D('',#176,#4440,#4441);
#4440=DIRECTION('',(-0.2079338240874614,-0.9781428959003714,0));
#4441=DIRECTION('',(-0.06529349459346767,0.01388010491693698,0.9977695637025954));
#4442=FACE_BOUND('',#4443,.T.);
#4443=EDGE_LOOP('',(#4444,#4445,#4446));
#4444=ORIENTED_EDGE('',*,*,#4447,.T.);
#4445=ORIENTED_EDGE('',*,*,#4448,.T.);
#4446=ORIENTED_EDGE('',*,*,#4449,.T.);
#4447=EDGE_CURVE('',#177,#211,#4450,.F.);
#4448=EDGE_CURVE('',#211,#175,#4451,.T.);
#4449=EDGE_CURVE('',#175,#177,#4452,.T.);
#4450=LINE('',#176,#4453);
#4451=LINE('',#210,#4454);
#4452=LINE('',#174,#4455);
#4453=VECTOR('',#4456,1.0);
#4454=VECTOR('',#4457,1.0);
#4455=VECTOR('',#4458,1.0);
#4456=DIRECTION('',(-0.06529349459346767,0.01388010491693698,0.9977695637025954));
#4457=DIRECTION('',(0,0,-1));
#4458=DIRECTION('',(0.9781428959003713,-0.20793382408746142,0));
#4459=FACE_SURFACE('',(#4464),#4460,.T.);
#4460=PLANE('',#4461);
#4461=AXIS2_PLACEMENT_3D('',#174,#4462,#4463);
#4462=DIRECTION('',(-0,-1.3027863629529922E-16,-1));
#4463=DIRECTION('',(-1,0,0));
#4464=FACE_BOUND('',#4465,.T.);
#4465=EDGE_LOOP('',(#4466,#4467,#4468));
#4466=ORIENTED_EDGE('',*,*,#4469,.T.);
#4467=ORIENTED_EDGE('',*,*,#4470,.T.);
#4468=ORIENTED_EDGE('',*,*,#4471,.T.);
#4469=EDGE_CURVE('',#175,#257,#4472,.F.);
#4470=EDGE_CURVE('',#257,#259,#4473,.T.);
#4471=EDGE_CURVE('',#259,#175,#4474,.T.);
#4472=LINE('',#174,#4475);
#4473=LINE('',#256,#4476);
#4474=LINE('',#258,#4477);
#4475=VECTOR('',#4478,1.0);
#4476=VECTOR('',#4479,1.0);
#4477=VECTOR('',#4480,1.0);
#4478=DIRECTION('',(-1,0,0));
#4479=DIRECTION('',(-0.9775993113932496,0.2104746691729061,-2.7420352874550466E-17));
#4480=DIRECTION('',(0.978487202361111,-0.2063075248640396,2.687746299674562E-17));
#4481=FACE_SURFACE('',(#4486),#4482,.T.);
#4482=PLANE('',#4483);
#4483=AXIS2_PLACEMENT_3D('',#174,#4484,#4485);
#4484=DIRECTION('',(0,-1.3027863629529922E-16,-1));
#4485=DIRECTION('',(-0.978487202361111,0.2063075248640396,-2.687746299674562E-17));
#4486=FACE_BOUND('',#4487,.T.);
#4487=EDGE_LOOP('',(#4488,#4489,#4490));
#4488=ORIENTED_EDGE('',*,*,#4491,.T.);
#4489=ORIENTED_EDGE('',*,*,#4492,.T.);
#4490=ORIENTED_EDGE('',*,*,#4493,.T.);
#4491=EDGE_CURVE('',#175,#259,#4494,.F.);
#4492=EDGE_CURVE('',#259,#261,#4495,.T.);
#4493=EDGE_CURVE('',#261,#175,#4496,.T.);
#4494=LINE('',#174,#4497);
#4495=LINE('',#258,#4498);
#4496=LINE('',#260,#4499);
#4497=VECTOR('',#4500,1.0);
#4498=VECTOR('',#4501,1.0);
#4499=VECTOR('',#4502,1.0);
#4500=DIRECTION('',(-0.978487202361111,0.2063075248640396,-2.687746299674562E-17));
#4501=DIRECTION('',(1,0,0));
#4502=DIRECTION('',(-0.9609212486506948,-0.27682188116474776,3.6063977174842714E-17));
#4503=FACE_SURFACE('',(#4508),#4504,.T.);
#4504=PLANE('',#4505);
#4505=AXIS2_PLACEMENT_3D('',#174,#4506,#4507);
#4506=DIRECTION('',(-6.1213903053493956E-18,-1.0902968736487171E-16,-1));
#4507=DIRECTION('',(0.9609212486506948,0.27682188116474776,-3.6063977174842714E-17));
#4508=FACE_BOUND('',#4509,.T.);
#4509=EDGE_LOOP('',(#4510,#4511,#4512));
#4510=ORIENTED_EDGE('',*,*,#4513,.T.);
#4511=ORIENTED_EDGE('',*,*,#4514,.T.);
#4512=ORIENTED_EDGE('',*,*,#4515,.T.);
#4513=EDGE_CURVE('',#175,#261,#4516,.F.);
#4514=EDGE_CURVE('',#261,#263,#4517,.T.);
#4515=EDGE_CURVE('',#263,#175,#4518,.T.);
#4516=LINE('',#174,#4519);
#4517=LINE('',#260,#4520);
#4518=LINE('',#262,#4521);
#4519=VECTOR('',#4522,1.0);
#4520=VECTOR('',#4523,1.0);
#4521=VECTOR('',#4524,1.0);
#4522=DIRECTION('',(0.9609212486506948,0.27682188116474776,-3.6063977174842714E-17));
#4523=DIRECTION('',(0.9984276277733811,-0.056055972909394215,0));
#4524=DIRECTION('',(-0.9648124708309067,-0.2629389589413493,3.457414619484466E-17));
#4525=FACE_SURFACE('',(#4530),#4526,.T.);
#4526=PLANE('',#4527);
#4527=AXIS2_PLACEMENT_3D('',#174,#4528,#4529);
#4528=DIRECTION('',(-1.3762653560398767E-17,-8.099129354504194E-17,-1));
#4529=DIRECTION('',(0.9648124708309067,0.2629389589413493,-3.457414619484466E-17));
#4530=FACE_BOUND('',#4531,.T.);
#4531=EDGE_LOOP('',(#4532,#4533,#4534));
#4532=ORIENTED_EDGE('',*,*,#4535,.T.);
#4533=ORIENTED_EDGE('',*,*,#4536,.T.);
#4534=ORIENTED_EDGE('',*,*,#4537,.T.);
#4535=EDGE_CURVE('',#175,#263,#4538,.F.);
#4536=EDGE_CURVE('',#263,#265,#4539,.T.);
#4537=EDGE_CURVE('',#265,#175,#4540,.T.);
#4538=LINE('',#174,#4541);
#4539=LINE('',#262,#4542);
#4540=LINE('',#264,#4543);
#4541=VECTOR('',#4544,1.0);
#4542=VECTOR('',#4545,1.0);
#4543=VECTOR('',#4546,1.0);
#4544=DIRECTION('',(0.9648124708309067,0.2629389589413493,-3.457414619484466E-17));
#4545=DIRECTION('',(0.985867642635421,-0.1675260911156162,0));
#4546=DIRECTION('',(-0.9693077585146824,-0.24585050189747815,3.325199704121879E-17));
#4547=FACE_SURFACE('',(#4552),#4548,.T.);
#4548=PLANE('',#4549);
#4549=AXIS2_PLACEMENT_3D('',#174,#4550,#4551);
#4550=DIRECTION('',(0,0,-1));
#4551=DIRECTION('',(0.9790294720525168,0.2037186610317533,0));
#4552=FACE_BOUND('',#4553,.T.);
#4553=EDGE_LOOP('',(#4554,#4555,#4556));
#4554=ORIENTED_EDGE('',*,*,#4557,.T.);
#4555=ORIENTED_EDGE('',*,*,#4558,.T.);
#4556=ORIENTED_EDGE('',*,*,#4559,.T.);
#4557=EDGE_CURVE('',#175,#267,#4560,.F.);
#4558=EDGE_CURVE('',#267,#253,#4561,.T.);
#4559=EDGE_CURVE('',#253,#175,#4562,.T.);
#4560=LINE('',#174,#4563);
#4561=LINE('',#266,#4564);
#4562=LINE('',#252,#4565);
#4563=VECTOR('',#4566,1.0);
#4564=VECTOR('',#4567,1.0);
#4565=VECTOR('',#4568,1.0);
#4566=DIRECTION('',(0.9790294720525168,0.2037186610317533,0));
#4567=DIRECTION('',(0.8752303778295673,-0.48370630110048496,0));
#4568=DIRECTION('',(-0.9837822504037774,-0.1793668971423633,0));
#4569=FACE_SURFACE('',(#4574),#4570,.T.);
#4570=PLANE('',#4571);
#4571=AXIS2_PLACEMENT_3D('',#174,#4572,#4573);
#4572=DIRECTION('',(-1.8242509147774582E-17,-6.33286947528722E-17,-1));
#4573=DIRECTION('',(0.9693077585146824,0.24585050189747815,-3.325199704121879E-17));
#4574=FACE_BOUND('',#4575,.T.);
#4575=EDGE_LOOP('',(#4576,#4577,#4578));
#4576=ORIENTED_EDGE('',*,*,#4579,.T.);
#4577=ORIENTED_EDGE('',*,*,#4580,.T.);
#4578=ORIENTED_EDGE('',*,*,#4581,.T.);
#4579=EDGE_CURVE('',#175,#265,#4582,.F.);
#4580=EDGE_CURVE('',#265,#269,#4583,.T.);
#4581=EDGE_CURVE('',#269,#175,#4584,.T.);
#4582=LINE('',#174,#4585);
#4583=LINE('',#264,#4586);
#4584=LINE('',#268,#4587);
#4585=VECTOR('',#4588,1.0);
#4586=VECTOR('',#4589,1.0);
#4587=VECTOR('',#4590,1.0);
#4588=DIRECTION('',(0.9693077585146824,0.24585050189747815,-3.325199704121879E-17));
#4589=DIRECTION('',(0.9609260946826599,-0.27680505876506617,0));
#4590=DIRECTION('',(-0.9741301292642691,-0.22598781219255681,3.20820909704381E-17));
#4591=FACE_SURFACE('',(#4596),#4592,.T.);
#4592=PLANE('',#4593);
#4593=AXIS2_PLACEMENT_3D('',#174,#4594,#4595);
#4594=DIRECTION('',(2.8665135966541025E-16,-1.3775867556513135E-15,-1));
#4595=DIRECTION('',(0.9741301292642691,0.22598781219255681,-3.20820909704381E-17));
#4596=FACE_BOUND('',#4597,.T.);
#4597=EDGE_LOOP('',(#4598,#4599,#4600));
#4598=ORIENTED_EDGE('',*,*,#4601,.T.);
#4599=ORIENTED_EDGE('',*,*,#4602,.T.);
#4600=ORIENTED_EDGE('',*,*,#4603,.T.);
#4601=EDGE_CURVE('',#175,#269,#4604,.F.);
#4602=EDGE_CURVE('',#269,#267,#4605,.T.);
#4603=EDGE_CURVE('',#267,#175,#4606,.T.);
#4604=LINE('',#174,#4607);
#4605=LINE('',#268,#4608);
#4606=LINE('',#266,#4609);
#4607=VECTOR('',#4610,1.0);
#4608=VECTOR('',#4611,1.0);
#4609=VECTOR('',#4612,1.0);
#4610=DIRECTION('',(0.9741301292642691,0.22598781219255681,-3.20820909704381E-17));
#4611=DIRECTION('',(0.9238557436424578,-0.38274085872668656,7.920832428783031E-16));
#4612=DIRECTION('',(-0.9790294720525168,-0.2037186610317533,0));
#4613=FACE_SURFACE('',(#4618),#4614,.T.);
#4614=PLANE('',#4615);
#4615=AXIS2_PLACEMENT_3D('',#210,#4616,#4617);
#4616=DIRECTION('',(-0.2079338240874614,-0.9781428959003714,0));
#4617=DIRECTION('',(0.06529349459346767,-0.01388010491693698,-0.9977695637025954));
#4618=FACE_BOUND('',#4619,.T.);
#4619=EDGE_LOOP('',(#4620,#4621,#4622));
#4620=ORIENTED_EDGE('',*,*,#4623,.T.);
#4621=ORIENTED_EDGE('',*,*,#4624,.T.);
#4622=ORIENTED_EDGE('',*,*,#4625,.T.);
#4623=EDGE_CURVE('',#211,#177,#4626,.F.);
#4624=EDGE_CURVE('',#177,#213,#4627,.T.);
#4625=EDGE_CURVE('',#213,#211,#4628,.T.);
#4626=LINE('',#210,#4629);
#4627=LINE('',#176,#4630);
#4628=LINE('',#212,#4631);
#4629=VECTOR('',#4632,1.0);
#4630=VECTOR('',#4633,1.0);
#4631=VECTOR('',#4634,1.0);
#4632=DIRECTION('',(0.06529349459346767,-0.01388010491693698,-0.9977695637025954));
#4633=DIRECTION('',(0,0,1));
#4634=DIRECTION('',(-0.9781428959003713,0.20793382408746142,0));
#4635=FACE_SURFACE('',(#4640),#4636,.T.);
#4636=PLANE('',#4637);
#4637=AXIS2_PLACEMENT_3D('',#212,#4638,#4639);
#4638=DIRECTION('',(-0.4067377258211822,-0.913544975572529,-0));
#4639=DIRECTION('',(0,0,-1));
#4640=FACE_BOUND('',#4641,.T.);
#4641=EDGE_LOOP('',(#4642,#4643,#4644));
#4642=ORIENTED_EDGE('',*,*,#4645,.T.);
#4643=ORIENTED_EDGE('',*,*,#4646,.T.);
#4644=ORIENTED_EDGE('',*,*,#4647,.T.);
#4645=EDGE_CURVE('',#213,#177,#4648,.F.);
#4646=EDGE_CURVE('',#177,#179,#4649,.T.);
#4647=EDGE_CURVE('',#179,#213,#4650,.T.);
#4648=LINE('',#212,#4651);
#4649=LINE('',#176,#4652);
#4650=LINE('',#178,#4653);
#4651=VECTOR('',#4654,1.0);
#4652=VECTOR('',#4655,1.0);
#4653=VECTOR('',#4656,1.0);
#4654=DIRECTION('',(0,0,-1));
#4655=DIRECTION('',(0.913544975572529,-0.40673772582118234,0));
#4656=DIRECTION('',(-0.06097699179237988,0.027148792486660026,0.9977698880696231));
#4657=FACE_SURFACE('',(#4662),#4658,.T.);
#4658=PLANE('',#4659);
#4659=AXIS2_PLACEMENT_3D('',#212,#4660,#4661);
#4660=DIRECTION('',(-0.4067377258211822,-0.913544975572529,0));
#4661=DIRECTION('',(0.06097699179237988,-0.027148792486660026,-0.9977698880696231));
#4662=FACE_BOUND('',#4663,.T.);
#4663=EDGE_LOOP('',(#4664,#4665,#4666));
#4664=ORIENTED_EDGE('',*,*,#4667,.T.);
#4665=ORIENTED_EDGE('',*,*,#4668,.T.);
#4666=ORIENTED_EDGE('',*,*,#4669,.T.);
#4667=EDGE_CURVE('',#213,#179,#4670,.F.);
#4668=EDGE_CURVE('',#179,#215,#4671,.T.);
#4669=EDGE_CURVE('',#215,#213,#4672,.T.);
#4670=LINE('',#212,#4673);
#4671=LINE('',#178,#4674);
#4672=LINE('',#214,#4675);
#4673=VECTOR('',#4676,1.0);
#4674=VECTOR('',#4677,1.0);
#4675=VECTOR('',#4678,1.0);
#4676=DIRECTION('',(0.06097699179237988,-0.027148792486660026,-0.9977698880696231));
#4677=DIRECTION('',(0,0,1));
#4678=DIRECTION('',(-0.913544975572529,0.40673772582118234,0));
#4679=FACE_SURFACE('',(#4684),#4680,.T.);
#4680=PLANE('',#4681);
#4681=AXIS2_PLACEMENT_3D('',#214,#4682,#4683);
#4682=DIRECTION('',(-0.5877853774363002,-0.8090169034526202,-0));
#4683=DIRECTION('',(0,0,-1));
#4684=FACE_BOUND('',#4685,.T.);
#4685=EDGE_LOOP('',(#4686,#4687,#4688));
#4686=ORIENTED_EDGE('',*,*,#4689,.T.);
#4687=ORIENTED_EDGE('',*,*,#4690,.T.);
#4688=ORIENTED_EDGE('',*,*,#4691,.T.);
#4689=EDGE_CURVE('',#215,#179,#4692,.F.);
#4690=EDGE_CURVE('',#179,#181,#4693,.T.);
#4691=EDGE_CURVE('',#181,#215,#4694,.T.);
#4692=LINE('',#214,#4695);
#4693=LINE('',#178,#4696);
#4694=LINE('',#180,#4697);
#4695=VECTOR('',#4698,1.0);
#4696=VECTOR('',#4699,1.0);
#4697=VECTOR('',#4700,1.0);
#4698=DIRECTION('',(0,0,-1));
#4699=DIRECTION('',(0.8090169034526202,-0.5877853774363001,0));
#4700=DIRECTION('',(-0.0540003958249101,0.03923359685835448,0.997769854289209));
#4701=FACE_SURFACE('',(#4706),#4702,.T.);
#4702=PLANE('',#4703);
#4703=AXIS2_PLACEMENT_3D('',#214,#4704,#4705);
#4704=DIRECTION('',(-0.5877853774363002,-0.8090169034526202,0));
#4705=DIRECTION('',(0.0540003958249101,-0.03923359685835448,-0.997769854289209));
#4706=FACE_BOUND('',#4707,.T.);
#4707=EDGE_LOOP('',(#4708,#4709,#4710));
#4708=ORIENTED_EDGE('',*,*,#4711,.T.);
#4709=ORIENTED_EDGE('',*,*,#4712,.T.);
#4710=ORIENTED_EDGE('',*,*,#4713,.T.);
#4711=EDGE_CURVE('',#215,#181,#4714,.F.);
#4712=EDGE_CURVE('',#181,#219,#4715,.T.);
#4713=EDGE_CURVE('',#219,#215,#4716,.T.);
#4714=LINE('',#214,#4717);
#4715=LINE('',#180,#4718);
#4716=LINE('',#218,#4719);
#4717=VECTOR('',#4720,1.0);
#4718=VECTOR('',#4721,1.0);
#4719=VECTOR('',#4722,1.0);
#4720=DIRECTION('',(0.0540003958249101,-0.03923359685835448,-0.997769854289209));
#4721=DIRECTION('',(0,0,1));
#4722=DIRECTION('',(-0.8090169034526202,0.5877853774363001,0));
#4723=FACE_SURFACE('',(#4728),#4724,.T.);
#4724=PLANE('',#4725);
#4725=AXIS2_PLACEMENT_3D('',#218,#4726,#4727);
#4726=DIRECTION('',(-0.7431816156225827,-0.6690897445041345,-0));
#4727=DIRECTION('',(0,0,-1));
#4728=FACE_BOUND('',#4729,.T.);
#4729=EDGE_LOOP('',(#4730,#4731,#4732));
#4730=ORIENTED_EDGE('',*,*,#4733,.T.);
#4731=ORIENTED_EDGE('',*,*,#4734,.T.);
#4732=ORIENTED_EDGE('',*,*,#4735,.T.);
#4733=EDGE_CURVE('',#219,#181,#4736,.F.);
#4734=EDGE_CURVE('',#181,#183,#4737,.T.);
#4735=EDGE_CURVE('',#183,#219,#4738,.T.);
#4736=LINE('',#218,#4739);
#4737=LINE('',#180,#4740);
#4738=LINE('',#182,#4741);
#4739=VECTOR('',#4742,1.0);
#4740=VECTOR('',#4743,1.0);
#4741=VECTOR('',#4744,1.0);
#4742=DIRECTION('',(0,0,-1));
#4743=DIRECTION('',(0.6690897445041344,-0.7431816156225827,1.327806191658548E-15));
#4744=DIRECTION('',(-0.04465606718650202,0.049601071353455935,0.9977702989085333));
#4745=FACE_SURFACE('',(#4750),#4746,.T.);
#4746=PLANE('',#4747);
#4747=AXIS2_PLACEMENT_3D('',#218,#4748,#4749);
#4748=DIRECTION('',(-0.7431816156225826,-0.6690897445041344,0));
#4749=DIRECTION('',(0.04465606718650202,-0.049601071353455935,-0.9977702989085333));
#4750=FACE_BOUND('',#4751,.T.);
#4751=EDGE_LOOP('',(#4752,#4753,#4754));
#4752=ORIENTED_EDGE('',*,*,#4755,.T.);
#4753=ORIENTED_EDGE('',*,*,#4756,.T.);
#4754=ORIENTED_EDGE('',*,*,#4757,.T.);
#4755=EDGE_CURVE('',#219,#183,#4758,.F.);
#4756=EDGE_CURVE('',#183,#223,#4759,.T.);
#4757=EDGE_CURVE('',#223,#219,#4760,.T.);
#4758=LINE('',#218,#4761);
#4759=LINE('',#182,#4762);
#4760=LINE('',#222,#4763);
#4761=VECTOR('',#4764,1.0);
#4762=VECTOR('',#4765,1.0);
#4763=VECTOR('',#4766,1.0);
#4764=DIRECTION('',(0.04465606718650202,-0.049601071353455935,-0.9977702989085333));
#4765=DIRECTION('',(0,0,1));
#4766=DIRECTION('',(-0.6690897445041344,0.7431816156225827,0));
#4767=FACE_SURFACE('',(#4772),#4768,.T.);
#4768=PLANE('',#4769);
#4769=AXIS2_PLACEMENT_3D('',#222,#4770,#4771);
#4770=DIRECTION('',(-0.8659886897354986,-0.5000635852071158,-0));
#4771=DIRECTION('',(0,0,-1));
#4772=FACE_BOUND('',#4773,.T.);
#4773=EDGE_LOOP('',(#4774,#4775,#4776));
#4774=ORIENTED_EDGE('',*,*,#4777,.T.);
#4775=ORIENTED_EDGE('',*,*,#4778,.T.);
#4776=ORIENTED_EDGE('',*,*,#4779,.T.);
#4777=EDGE_CURVE('',#223,#183,#4780,.F.);
#4778=EDGE_CURVE('',#183,#187,#4781,.T.);
#4779=EDGE_CURVE('',#187,#223,#4782,.T.);
#4780=LINE('',#222,#4783);
#4781=LINE('',#182,#4784);
#4782=LINE('',#186,#4785);
#4783=VECTOR('',#4786,1.0);
#4784=VECTOR('',#4787,1.0);
#4785=VECTOR('',#4788,1.0);
#4786=DIRECTION('',(0,0,-1));
#4787=DIRECTION('',(0.5000635852071158,-0.8659886897354985,0));
#4788=DIRECTION('',(-0.03338239897314191,0.057810208145840904,0.9977693096467403));
#4789=FACE_SURFACE('',(#4794),#4790,.T.);
#4790=PLANE('',#4791);
#4791=AXIS2_PLACEMENT_3D('',#184,#4792,#4793);
#4792=DIRECTION('',(-0.7431816156225826,0.6690897445041344,0));
#4793=DIRECTION('',(0,0,1));
#4794=FACE_BOUND('',#4795,.T.);
#4795=EDGE_LOOP('',(#4796,#4797,#4798));
#4796=ORIENTED_EDGE('',*,*,#4799,.T.);
#4797=ORIENTED_EDGE('',*,*,#4800,.T.);
#4798=ORIENTED_EDGE('',*,*,#4801,.T.);
#4799=EDGE_CURVE('',#185,#217,#4802,.F.);
#4800=EDGE_CURVE('',#217,#221,#4803,.T.);
#4801=EDGE_CURVE('',#221,#185,#4804,.T.);
#4802=LINE('',#184,#4805);
#4803=LINE('',#216,#4806);
#4804=LINE('',#220,#4807);
#4805=VECTOR('',#4808,1.0);
#4806=VECTOR('',#4809,1.0);
#4807=VECTOR('',#4810,1.0);
#4808=DIRECTION('',(0,0,1));
#4809=DIRECTION('',(0.6690897445041344,0.7431816156225827,0));
#4810=DIRECTION('',(-0.04465606718650202,-0.049601071353455935,-0.9977702989085333));
#4811=FACE_SURFACE('',(#4816),#4812,.T.);
#4812=PLANE('',#4813);
#4813=AXIS2_PLACEMENT_3D('',#184,#4814,#4815);
#4814=DIRECTION('',(-0.7431816156225826,0.6690897445041344,0));
#4815=DIRECTION('',(0.04465606718650202,0.049601071353455935,0.9977702989085333));
#4816=FACE_BOUND('',#4817,.T.);
#4817=EDGE_LOOP('',(#4818,#4819,#4820));
#4818=ORIENTED_EDGE('',*,*,#4821,.T.);
#4819=ORIENTED_EDGE('',*,*,#4822,.T.);
#4820=ORIENTED_EDGE('',*,*,#4823,.T.);
#4821=EDGE_CURVE('',#185,#221,#4824,.F.);
#4822=EDGE_CURVE('',#221,#189,#4825,.T.);
#4823=EDGE_CURVE('',#189,#185,#4826,.T.);
#4824=LINE('',#184,#4827);
#4825=LINE('',#220,#4828);
#4826=LINE('',#188,#4829);
#4827=VECTOR('',#4830,1.0);
#4828=VECTOR('',#4831,1.0);
#4829=VECTOR('',#4832,1.0);
#4830=DIRECTION('',(0.04465606718650202,0.049601071353455935,0.9977702989085333));
#4831=DIRECTION('',(0,0,-1));
#4832=DIRECTION('',(-0.6690897445041344,-0.7431816156225827,0));
#4833=FACE_SURFACE('',(#4838),#4834,.T.);
#4834=PLANE('',#4835);
#4835=AXIS2_PLACEMENT_3D('',#222,#4836,#4837);
#4836=DIRECTION('',(-0.8659886897354986,-0.5000635852071158,0));
#4837=DIRECTION('',(0.03338239897314191,-0.057810208145840904,-0.9977693096467403));
#4838=FACE_BOUND('',#4839,.T.);
#4839=EDGE_LOOP('',(#4840,#4841,#4842));
#4840=ORIENTED_EDGE('',*,*,#4843,.T.);
#4841=ORIENTED_EDGE('',*,*,#4844,.T.);
#4842=ORIENTED_EDGE('',*,*,#4845,.T.);
#4843=EDGE_CURVE('',#223,#187,#4846,.F.);
#4844=EDGE_CURVE('',#187,#227,#4847,.T.);
#4845=EDGE_CURVE('',#227,#223,#4848,.T.);
#4846=LINE('',#222,#4849);
#4847=LINE('',#186,#4850);
#4848=LINE('',#226,#4851);
#4849=VECTOR('',#4852,1.0);
#4850=VECTOR('',#4853,1.0);
#4851=VECTOR('',#4854,1.0);
#4852=DIRECTION('',(0.03338239897314191,-0.057810208145840904,-0.9977693096467403));
#4853=DIRECTION('',(0,0,1));
#4854=DIRECTION('',(-0.5000635852071158,0.8659886897354985,0));
#4855=FACE_SURFACE('',(#4860),#4856,.T.);
#4856=PLANE('',#4857);
#4857=AXIS2_PLACEMENT_3D('',#226,#4858,#4859);
#4858=DIRECTION('',(-0.9510501589143681,-0.3090365596963495,-0));
#4859=DIRECTION('',(0,0,-1));
#4860=FACE_BOUND('',#4861,.T.);
#4861=EDGE_LOOP('',(#4862,#4863,#4864));
#4862=ORIENTED_EDGE('',*,*,#4865,.T.);
#4863=ORIENTED_EDGE('',*,*,#4866,.T.);
#4864=ORIENTED_EDGE('',*,*,#4867,.T.);
#4865=EDGE_CURVE('',#227,#187,#4868,.F.);
#4866=EDGE_CURVE('',#187,#191,#4869,.T.);
#4867=EDGE_CURVE('',#191,#227,#4870,.T.);
#4868=LINE('',#226,#4871);
#4869=LINE('',#186,#4872);
#4870=LINE('',#190,#4873);
#4871=VECTOR('',#4874,1.0);
#4872=VECTOR('',#4875,1.0);
#4873=VECTOR('',#4876,1.0);
#4874=DIRECTION('',(0,0,-1));
#4875=DIRECTION('',(0.30903655969634947,-0.951050158914368,0));
#4876=DIRECTION('',(-0.020627722037433783,0.0634811568605957,0.9977698330813508));
#4877=FACE_SURFACE('',(#4882),#4878,.T.);
#4878=PLANE('',#4879);
#4879=AXIS2_PLACEMENT_3D('',#188,#4880,#4881);
#4880=DIRECTION('',(-0.8659886897354986,0.5000635852071158,0));
#4881=DIRECTION('',(0,0,1));
#4882=FACE_BOUND('',#4883,.T.);
#4883=EDGE_LOOP('',(#4884,#4885,#4886));
#4884=ORIENTED_EDGE('',*,*,#4887,.T.);
#4885=ORIENTED_EDGE('',*,*,#4888,.T.);
#4886=ORIENTED_EDGE('',*,*,#4889,.T.);
#4887=EDGE_CURVE('',#189,#221,#4890,.F.);
#4888=EDGE_CURVE('',#221,#225,#4891,.T.);
#4889=EDGE_CURVE('',#225,#189,#4892,.T.);
#4890=LINE('',#188,#4893);
#4891=LINE('',#220,#4894);
#4892=LINE('',#224,#4895);
#4893=VECTOR('',#4896,1.0);
#4894=VECTOR('',#4897,1.0);
#4895=VECTOR('',#4898,1.0);
#4896=DIRECTION('',(0,0,1));
#4897=DIRECTION('',(0.5000635852071158,0.8659886897354985,0));
#4898=DIRECTION('',(-0.03338239897314191,-0.057810208145840904,-0.9977693096467403));
#4899=FACE_SURFACE('',(#4904),#4900,.T.);
#4900=PLANE('',#4901);
#4901=AXIS2_PLACEMENT_3D('',#188,#4902,#4903);
#4902=DIRECTION('',(-0.8659886897354986,0.5000635852071158,0));
#4903=DIRECTION('',(0.03338239897314191,0.057810208145840904,0.9977693096467403));
#4904=FACE_BOUND('',#4905,.T.);
#4905=EDGE_LOOP('',(#4906,#4907,#4908));
#4906=ORIENTED_EDGE('',*,*,#4909,.T.);
#4907=ORIENTED_EDGE('',*,*,#4910,.T.);
#4908=ORIENTED_EDGE('',*,*,#4911,.T.);
#4909=EDGE_CURVE('',#189,#225,#4912,.F.);
#4910=EDGE_CURVE('',#225,#193,#4913,.T.);
#4911=EDGE_CURVE('',#193,#189,#4914,.T.);
#4912=LINE('',#188,#4915);
#4913=LINE('',#224,#4916);
#4914=LINE('',#192,#4917);
#4915=VECTOR('',#4918,1.0);
#4916=VECTOR('',#4919,1.0);
#4917=VECTOR('',#4920,1.0);
#4918=DIRECTION('',(0.03338239897314191,0.057810208145840904,0.9977693096467403));
#4919=DIRECTION('',(0,0,-1));
#4920=DIRECTION('',(-0.5000635852071158,-0.8659886897354985,0));
#4921=FACE_SURFACE('',(#4926),#4922,.T.);
#4922=PLANE('',#4923);
#4923=AXIS2_PLACEMENT_3D('',#226,#4924,#4925);
#4924=DIRECTION('',(-0.9510501589143681,-0.3090365596963495,0));
#4925=DIRECTION('',(0.020627722037433783,-0.0634811568605957,-0.9977698330813508));
#4926=FACE_BOUND('',#4927,.T.);
#4927=EDGE_LOOP('',(#4928,#4929,#4930));
#4928=ORIENTED_EDGE('',*,*,#4931,.T.);
#4929=ORIENTED_EDGE('',*,*,#4932,.T.);
#4930=ORIENTED_EDGE('',*,*,#4933,.T.);
#4931=EDGE_CURVE('',#227,#191,#4934,.F.);
#4932=EDGE_CURVE('',#191,#231,#4935,.T.);
#4933=EDGE_CURVE('',#231,#227,#4936,.T.);
#4934=LINE('',#226,#4937);
#4935=LINE('',#190,#4938);
#4936=LINE('',#230,#4939);
#4937=VECTOR('',#4940,1.0);
#4938=VECTOR('',#4941,1.0);
#4939=VECTOR('',#4942,1.0);
#4940=DIRECTION('',(0.020627722037433783,-0.0634811568605957,-0.9977698330813508));
#4941=DIRECTION('',(0,0,1));
#4942=DIRECTION('',(-0.30903655969634947,0.951050158914368,0));
#4943=FACE_SURFACE('',(#4948),#4944,.T.);
#4944=PLANE('',#4945);
#4945=AXIS2_PLACEMENT_3D('',#230,#4946,#4947);
#4946=DIRECTION('',(-0.9945226371003564,-0.10452140591741298,-0));
#4947=DIRECTION('',(0,0,-1));
#4948=FACE_BOUND('',#4949,.T.);
#4949=EDGE_LOOP('',(#4950,#4951,#4952));
#4950=ORIENTED_EDGE('',*,*,#4953,.T.);
#4951=ORIENTED_EDGE('',*,*,#4954,.T.);
#4952=ORIENTED_EDGE('',*,*,#4955,.T.);
#4953=EDGE_CURVE('',#231,#191,#4956,.F.);
#4954=EDGE_CURVE('',#191,#195,#4957,.T.);
#4955=EDGE_CURVE('',#195,#231,#4958,.T.);
#4956=LINE('',#230,#4959);
#4957=LINE('',#190,#4960);
#4958=LINE('',#194,#4961);
#4959=VECTOR('',#4962,1.0);
#4960=VECTOR('',#4963,1.0);
#4961=VECTOR('',#4964,1.0);
#4962=DIRECTION('',(0,0,-1));
#4963=DIRECTION('',(0.10452140591741298,-0.9945226371003565,0));
#4964=DIRECTION('',(-0.0069765939850688985,0.06638238920639405,0.997769866021027));
#4965=FACE_SURFACE('',(#4970),#4966,.T.);
#4966=PLANE('',#4967);
#4967=AXIS2_PLACEMENT_3D('',#192,#4968,#4969);
#4968=DIRECTION('',(-0.9510501589143681,0.3090365596963495,0));
#4969=DIRECTION('',(0,0,1));
#4970=FACE_BOUND('',#4971,.T.);
#4971=EDGE_LOOP('',(#4972,#4973,#4974));
#4972=ORIENTED_EDGE('',*,*,#4975,.T.);
#4973=ORIENTED_EDGE('',*,*,#4976,.T.);
#4974=ORIENTED_EDGE('',*,*,#4977,.T.);
#4975=EDGE_CURVE('',#193,#225,#4978,.F.);
#4976=EDGE_CURVE('',#225,#229,#4979,.T.);
#4977=EDGE_CURVE('',#229,#193,#4980,.T.);
#4978=LINE('',#192,#4981);
#4979=LINE('',#224,#4982);
#4980=LINE('',#228,#4983);
#4981=VECTOR('',#4984,1.0);
#4982=VECTOR('',#4985,1.0);
#4983=VECTOR('',#4986,1.0);
#4984=DIRECTION('',(0,0,1));
#4985=DIRECTION('',(0.30903655969634947,0.951050158914368,0));
#4986=DIRECTION('',(-0.020627722037433783,-0.0634811568605957,-0.9977698330813508));
#4987=FACE_SURFACE('',(#4992),#4988,.T.);
#4988=PLANE('',#4989);
#4989=AXIS2_PLACEMENT_3D('',#192,#4990,#4991);
#4990=DIRECTION('',(-0.9510501589143681,0.3090365596963495,0));
#4991=DIRECTION('',(0.020627722037433783,0.0634811568605957,0.9977698330813508));
#4992=FACE_BOUND('',#4993,.T.);
#4993=EDGE_LOOP('',(#4994,#4995,#4996));
#4994=ORIENTED_EDGE('',*,*,#4997,.T.);
#4995=ORIENTED_EDGE('',*,*,#4998,.T.);
#4996=ORIENTED_EDGE('',*,*,#4999,.T.);
#4997=EDGE_CURVE('',#193,#229,#5000,.F.);
#4998=EDGE_CURVE('',#229,#197,#5001,.T.);
#4999=EDGE_CURVE('',#197,#193,#5002,.T.);
#5000=LINE('',#192,#5003);
#5001=LINE('',#228,#5004);
#5002=LINE('',#196,#5005);
#5003=VECTOR('',#5006,1.0);
#5004=VECTOR('',#5007,1.0);
#5005=VECTOR('',#5008,1.0);
#5006=DIRECTION('',(0.020627722037433783,0.0634811568605957,0.9977698330813508));
#5007=DIRECTION('',(0,0,-1));
#5008=DIRECTION('',(-0.30903655969634947,-0.951050158914368,0));
#5009=FACE_SURFACE('',(#5014),#5010,.T.);
#5010=PLANE('',#5011);
#5011=AXIS2_PLACEMENT_3D('',#230,#5012,#5013);
#5012=DIRECTION('',(-0.9945226371003564,-0.10452140591741298,0));
#5013=DIRECTION('',(0.0069765939850688985,-0.06638238920639405,-0.997769866021027));
#5014=FACE_BOUND('',#5015,.T.);
#5015=EDGE_LOOP('',(#5016,#5017,#5018));
#5016=ORIENTED_EDGE('',*,*,#5019,.T.);
#5017=ORIENTED_EDGE('',*,*,#5020,.T.);
#5018=ORIENTED_EDGE('',*,*,#5021,.T.);
#5019=EDGE_CURVE('',#231,#195,#5022,.F.);
#5020=EDGE_CURVE('',#195,#233,#5023,.T.);
#5021=EDGE_CURVE('',#233,#231,#5024,.T.);
#5022=LINE('',#230,#5025);
#5023=LINE('',#194,#5026);
#5024=LINE('',#232,#5027);
#5025=VECTOR('',#5028,1.0);
#5026=VECTOR('',#5029,1.0);
#5027=VECTOR('',#5030,1.0);
#5028=DIRECTION('',(0.0069765939850688985,-0.06638238920639405,-0.997769866021027));
#5029=DIRECTION('',(0,0,1));
#5030=DIRECTION('',(-0.10452140591741298,0.9945226371003565,0));
#5031=FACE_SURFACE('',(#5036),#5032,.T.);
#5032=PLANE('',#5033);
#5033=AXIS2_PLACEMENT_3D('',#196,#5034,#5035);
#5034=DIRECTION('',(-0.9945226371003564,0.10452140591741298,0));
#5035=DIRECTION('',(0.0069765939850688985,0.06638238920639405,0.997769866021027));
#5036=FACE_BOUND('',#5037,.T.);
#5037=EDGE_LOOP('',(#5038,#5039,#5040));
#5038=ORIENTED_EDGE('',*,*,#5041,.T.);
#5039=ORIENTED_EDGE('',*,*,#5042,.T.);
#5040=ORIENTED_EDGE('',*,*,#5043,.T.);
#5041=EDGE_CURVE('',#197,#233,#5044,.F.);
#5042=EDGE_CURVE('',#233,#195,#5045,.T.);
#5043=EDGE_CURVE('',#195,#197,#5046,.T.);
#5044=LINE('',#196,#5047);
#5045=LINE('',#232,#5048);
#5046=LINE('',#194,#5049);
#5047=VECTOR('',#5050,1.0);
#5048=VECTOR('',#5051,1.0);
#5049=VECTOR('',#5052,1.0);
#5050=DIRECTION('',(0.0069765939850688985,0.06638238920639405,0.997769866021027));
#5051=DIRECTION('',(0,0,-1));
#5052=DIRECTION('',(-0.10452140591741298,-0.9945226371003565,0));
#5053=FACE_SURFACE('',(#5058),#5054,.T.);
#5054=PLANE('',#5055);
#5055=AXIS2_PLACEMENT_3D('',#196,#5056,#5057);
#5056=DIRECTION('',(-0.9945226371003564,0.10452140591741298,0));
#5057=DIRECTION('',(0,0,1));
#5058=FACE_BOUND('',#5059,.T.);
#5059=EDGE_LOOP('',(#5060,#5061,#5062));
#5060=ORIENTED_EDGE('',*,*,#5063,.T.);
#5061=ORIENTED_EDGE('',*,*,#5064,.T.);
#5062=ORIENTED_EDGE('',*,*,#5065,.T.);
#5063=EDGE_CURVE('',#197,#229,#5066,.F.);
#5064=EDGE_CURVE('',#229,#233,#5067,.T.);
#5065=EDGE_CURVE('',#233,#197,#5068,.T.);
#5066=LINE('',#196,#5069);
#5067=LINE('',#228,#5070);
#5068=LINE('',#232,#5071);
#5069=VECTOR('',#5072,1.0);
#5070=VECTOR('',#5073,1.0);
#5071=VECTOR('',#5074,1.0);
#5072=DIRECTION('',(0,0,1));
#5073=DIRECTION('',(0.10452140591741298,0.9945226371003565,0));
#5074=DIRECTION('',(-0.0069765939850688985,-0.06638238920639405,-0.997769866021027));
#5075=FACE_SURFACE('',(#5080),#5076,.T.);
#5076=PLANE('',#5077);
#5077=AXIS2_PLACEMENT_3D('',#198,#5078,#5079);
#5078=DIRECTION('',(0.5877853774363001,0.8090169034526202,0));
#5079=DIRECTION('',(-0.054000395824910105,0.03923359685835449,-0.997769854289209));
#5080=FACE_BOUND('',#5081,.T.);
#5081=EDGE_LOOP('',(#5082,#5083,#5084));
#5082=ORIENTED_EDGE('',*,*,#5085,.T.);
#5083=ORIENTED_EDGE('',*,*,#5086,.T.);
#5084=ORIENTED_EDGE('',*,*,#5087,.T.);
#5085=EDGE_CURVE('',#199,#237,#5088,.F.);
#5086=EDGE_CURVE('',#237,#271,#5089,.T.);
#5087=EDGE_CURVE('',#271,#199,#5090,.T.);
#5088=LINE('',#198,#5091);
#5089=LINE('',#236,#5092);
#5090=LINE('',#270,#5093);
#5091=VECTOR('',#5094,1.0);
#5092=VECTOR('',#5095,1.0);
#5093=VECTOR('',#5096,1.0);
#5094=DIRECTION('',(-0.054000395824910105,0.03923359685835449,-0.997769854289209));
#5095=DIRECTION('',(0,0,1));
#5096=DIRECTION('',(0.8090169034526202,-0.5877853774363001,0));
#5097=FACE_SURFACE('',(#5102),#5098,.T.);
#5098=PLANE('',#5099);
#5099=AXIS2_PLACEMENT_3D('',#200,#5100,#5101);
#5100=DIRECTION('',(0,0,1));
#5101=DIRECTION('',(0.9940966676156485,-0.10849799737996496,0));
#5102=FACE_BOUND('',#5103,.T.);
#5103=EDGE_LOOP('',(#5104,#5105,#5106));
#5104=ORIENTED_EDGE('',*,*,#5107,.T.);
#5105=ORIENTED_EDGE('',*,*,#5108,.T.);
#5106=ORIENTED_EDGE('',*,*,#5109,.T.);
#5107=EDGE_CURVE('',#201,#199,#5110,.F.);
#5108=EDGE_CURVE('',#199,#271,#5111,.T.);
#5109=EDGE_CURVE('',#271,#201,#5112,.T.);
#5110=LINE('',#200,#5113);
#5111=LINE('',#198,#5114);
#5112=LINE('',#270,#5115);
#5113=VECTOR('',#5116,1.0);
#5114=VECTOR('',#5117,1.0);
#5115=VECTOR('',#5118,1.0);
#5116=DIRECTION('',(0.9940966676156485,-0.10849799737996496,0));
#5117=DIRECTION('',(-0.8090169034526202,0.5877853774363001,0));
#5118=DIRECTION('',(-0.9978524182573176,0.06550230055519526,0));
#5119=FACE_SURFACE('',(#5124),#5120,.T.);
#5120=PLANE('',#5121);
#5121=AXIS2_PLACEMENT_3D('',#272,#5122,#5123);
#5122=DIRECTION('',(-0.9921118989301813,-0.1253554147260897,-0));
#5123=DIRECTION('',(0,0,-1));
#5124=FACE_BOUND('',#5125,.T.);
#5125=EDGE_LOOP('',(#5126,#5127,#5128));
#5126=ORIENTED_EDGE('',*,*,#5129,.T.);
#5127=ORIENTED_EDGE('',*,*,#5130,.T.);
#5128=ORIENTED_EDGE('',*,*,#5131,.T.);
#5129=EDGE_CURVE('',#273,#239,#5132,.F.);
#5130=EDGE_CURVE('',#239,#201,#5133,.T.);
#5131=EDGE_CURVE('',#201,#273,#5134,.T.);
#5132=LINE('',#272,#5135);
#5133=LINE('',#238,#5136);
#5134=LINE('',#200,#5137);
#5135=VECTOR('',#5138,1.0);
#5136=VECTOR('',#5139,1.0);
#5137=VECTOR('',#5140,1.0);
#5138=DIRECTION('',(0,0,-1));
#5139=DIRECTION('',(0.01561950600819799,-0.12361889432542801,0.9922068332751082));
#5140=DIRECTION('',(-0.1253554147260897,0.9921118989301813,0));
#5141=FACE_SURFACE('',(#5146),#5142,.T.);
#5142=PLANE('',#5143);
#5143=AXIS2_PLACEMENT_3D('',#200,#5144,#5145);
#5144=DIRECTION('',(0,-0,1));
#5145=DIRECTION('',(0.9965778831160268,0.08265907623473011,0));
#5146=FACE_BOUND('',#5147,.T.);
#5147=EDGE_LOOP('',(#5148,#5149,#5150));
#5148=ORIENTED_EDGE('',*,*,#5151,.T.);
#5149=ORIENTED_EDGE('',*,*,#5152,.T.);
#5150=ORIENTED_EDGE('',*,*,#5153,.T.);
#5151=EDGE_CURVE('',#201,#275,#5154,.F.);
#5152=EDGE_CURVE('',#275,#273,#5155,.T.);
#5153=EDGE_CURVE('',#273,#201,#5156,.T.);
#5154=LINE('',#200,#5157);
#5155=LINE('',#274,#5158);
#5156=LINE('',#272,#5159);
#5157=VECTOR('',#5160,1.0);
#5158=VECTOR('',#5161,1.0);
#5159=VECTOR('',#5162,1.0);
#5160=DIRECTION('',(0.9965778831160268,0.08265907623473011,0));
#5161=DIRECTION('',(-0.9954748939648211,0.09502492034055238,0));
#5162=DIRECTION('',(0.1253554147260897,-0.9921118989301813,0));
#5163=FACE_SURFACE('',(#5168),#5164,.T.);
#5164=PLANE('',#5165);
#5165=AXIS2_PLACEMENT_3D('',#200,#5166,#5167);
#5166=DIRECTION('',(-0,0,1));
#5167=DIRECTION('',(0.9999995144204792,-0.0009854738991400046,0));
#5168=FACE_BOUND('',#5169,.T.);
#5169=EDGE_LOOP('',(#5170,#5171,#5172));
#5170=ORIENTED_EDGE('',*,*,#5173,.T.);
#5171=ORIENTED_EDGE('',*,*,#5174,.T.);
#5172=ORIENTED_EDGE('',*,*,#5175,.T.);
#5173=EDGE_CURVE('',#201,#277,#5176,.F.);
#5174=EDGE_CURVE('',#277,#275,#5177,.T.);
#5175=EDGE_CURVE('',#275,#201,#5178,.T.);
#5176=LINE('',#200,#5179);
#5177=LINE('',#276,#5180);
#5178=LINE('',#274,#5181);
#5179=VECTOR('',#5182,1.0);
#5180=VECTOR('',#5183,1.0);
#5181=VECTOR('',#5184,1.0);
#5182=DIRECTION('',(0.9999995144204792,-0.0009854738991400046,0));
#5183=DIRECTION('',(-0.49995411149146307,0.8660518959062337,0));
#5184=DIRECTION('',(-0.9965778831160268,-0.08265907623473011,0));
#5185=FACE_SURFACE('',(#5190),#5186,.T.);
#5186=PLANE('',#5187);
#5187=AXIS2_PLACEMENT_3D('',#200,#5188,#5189);
#5188=DIRECTION('',(0,0,1));
#5189=DIRECTION('',(0.9978524182573176,-0.06550230055519526,0));
#5190=FACE_BOUND('',#5191,.T.);
#5191=EDGE_LOOP('',(#5192,#5193,#5194));
#5192=ORIENTED_EDGE('',*,*,#5195,.T.);
#5193=ORIENTED_EDGE('',*,*,#5196,.T.);
#5194=ORIENTED_EDGE('',*,*,#5197,.T.);
#5195=EDGE_CURVE('',#201,#271,#5198,.F.);
#5196=EDGE_CURVE('',#271,#277,#5199,.T.);
#5197=EDGE_CURVE('',#277,#201,#5200,.T.);
#5198=LINE('',#200,#5201);
#5199=LINE('',#270,#5202);
#5200=LINE('',#276,#5203);
#5201=VECTOR('',#5204,1.0);
#5202=VECTOR('',#5205,1.0);
#5203=VECTOR('',#5206,1.0);
#5204=DIRECTION('',(0.9978524182573176,-0.06550230055519526,0));
#5205=DIRECTION('',(-0.6691703678463873,0.7431090221470407,0));
#5206=DIRECTION('',(-0.9999995144204792,0.0009854738991400046,0));
#5207=FACE_SURFACE('',(#5212),#5208,.T.);
#5208=PLANE('',#5209);
#5209=AXIS2_PLACEMENT_3D('',#234,#5210,#5211);
#5210=DIRECTION('',(-0.5877853774363001,0.8090169034526202,0));
#5211=DIRECTION('',(0,0,1));
#5212=FACE_BOUND('',#5213,.T.);
#5213=EDGE_LOOP('',(#5214,#5215,#5216));
#5214=ORIENTED_EDGE('',*,*,#5217,.T.);
#5215=ORIENTED_EDGE('',*,*,#5218,.T.);
#5216=ORIENTED_EDGE('',*,*,#5219,.T.);
#5217=EDGE_CURVE('',#235,#203,#5220,.F.);
#5218=EDGE_CURVE('',#203,#279,#5221,.T.);
#5219=EDGE_CURVE('',#279,#235,#5222,.T.);
#5220=LINE('',#234,#5223);
#5221=LINE('',#202,#5224);
#5222=LINE('',#278,#5225);
#5223=VECTOR('',#5226,1.0);
#5224=VECTOR('',#5227,1.0);
#5225=VECTOR('',#5228,1.0);
#5226=DIRECTION('',(0,0,1));
#5227=DIRECTION('',(0.8090169034526202,0.5877853774363001,0));
#5228=DIRECTION('',(-0.054000395824910105,-0.03923359685835449,-0.997769854289209));
#5229=FACE_SURFACE('',(#5234),#5230,.T.);
#5230=PLANE('',#5231);
#5231=AXIS2_PLACEMENT_3D('',#280,#5232,#5233);
#5232=DIRECTION('',(0,0,1));
#5233=DIRECTION('',(-1,0,0));
#5234=FACE_BOUND('',#5235,.T.);
#5235=EDGE_LOOP('',(#5236,#5237,#5238));
#5236=ORIENTED_EDGE('',*,*,#5239,.T.);
#5237=ORIENTED_EDGE('',*,*,#5240,.T.);
#5238=ORIENTED_EDGE('',*,*,#5241,.T.);
#5239=EDGE_CURVE('',#281,#279,#5242,.F.);
#5240=EDGE_CURVE('',#279,#203,#5243,.T.);
#5241=EDGE_CURVE('',#203,#281,#5244,.T.);
#5242=LINE('',#280,#5245);
#5243=LINE('',#278,#5246);
#5244=LINE('',#202,#5247);
#5245=VECTOR('',#5248,1.0);
#5246=VECTOR('',#5249,1.0);
#5247=VECTOR('',#5250,1.0);
#5248=DIRECTION('',(-1,0,0));
#5249=DIRECTION('',(-0.8090169034526202,-0.5877853774363001,0));
#5250=DIRECTION('',(0.9999032044610244,0.013913364387332186,0));
#5251=FACE_SURFACE('',(#5256),#5252,.T.);
#5252=PLANE('',#5253);
#5253=AXIS2_PLACEMENT_3D('',#280,#5254,#5255);
#5254=DIRECTION('',(0,0,1));
#5255=DIRECTION('',(-0.9999032044610244,-0.013913364387332186,0));
#5256=FACE_BOUND('',#5257,.T.);
#5257=EDGE_LOOP('',(#5258,#5259,#5260));
#5258=ORIENTED_EDGE('',*,*,#5261,.T.);
#5259=ORIENTED_EDGE('',*,*,#5262,.T.);
#5260=ORIENTED_EDGE('',*,*,#5263,.T.);
#5261=EDGE_CURVE('',#281,#203,#5264,.F.);
#5262=EDGE_CURVE('',#203,#205,#5265,.T.);
#5263=EDGE_CURVE('',#205,#281,#5266,.T.);
#5264=LINE('',#280,#5267);
#5265=LINE('',#202,#5268);
#5266=LINE('',#204,#5269);
#5267=VECTOR('',#5270,1.0);
#5268=VECTOR('',#5271,1.0);
#5269=VECTOR('',#5272,1.0);
#5270=DIRECTION('',(-0.9999032044610244,-0.013913364387332186,0));
#5271=DIRECTION('',(1,0,0));
#5272=DIRECTION('',(-0.8090169034526202,0.5877853774363001,0));
#5273=FACE_SURFACE('',(#5278),#5274,.T.);
#5274=PLANE('',#5275);
#5275=AXIS2_PLACEMENT_3D('',#204,#5276,#5277);
#5276=DIRECTION('',(0.5877853774363001,0.8090169034526202,0));
#5277=DIRECTION('',(0,0,-1));
#5278=FACE_BOUND('',#5279,.T.);
#5279=EDGE_LOOP('',(#5280,#5281,#5282));
#5280=ORIENTED_EDGE('',*,*,#5283,.T.);
#5281=ORIENTED_EDGE('',*,*,#5284,.T.);
#5282=ORIENTED_EDGE('',*,*,#5285,.T.);
#5283=EDGE_CURVE('',#205,#207,#5286,.F.);
#5284=EDGE_CURVE('',#207,#283,#5287,.T.);
#5285=EDGE_CURVE('',#283,#205,#5288,.T.);
#5286=LINE('',#204,#5289);
#5287=LINE('',#206,#5290);
#5288=LINE('',#282,#5291);
#5289=VECTOR('',#5292,1.0);
#5290=VECTOR('',#5293,1.0);
#5291=VECTOR('',#5294,1.0);
#5292=DIRECTION('',(0,0,-1));
#5293=DIRECTION('',(-0.8090169034526202,0.5877853774363001,0));
#5294=DIRECTION('',(0.054000395824910105,-0.03923359685835449,0.997769854289209));
#5295=FACE_SURFACE('',(#5300),#5296,.T.);
#5296=PLANE('',#5297);
#5297=AXIS2_PLACEMENT_3D('',#204,#5298,#5299);
#5298=DIRECTION('',(0.5877853774363001,0.8090169034526202,0));
#5299=DIRECTION('',(-0.054000395824910105,0.03923359685835449,-0.997769854289209));
#5300=FACE_BOUND('',#5301,.T.);
#5301=EDGE_LOOP('',(#5302,#5303,#5304));
#5302=ORIENTED_EDGE('',*,*,#5305,.T.);
#5303=ORIENTED_EDGE('',*,*,#5306,.T.);
#5304=ORIENTED_EDGE('',*,*,#5307,.T.);
#5305=EDGE_CURVE('',#205,#283,#5308,.F.);
#5306=EDGE_CURVE('',#283,#281,#5309,.T.);
#5307=EDGE_CURVE('',#281,#205,#5310,.T.);
#5308=LINE('',#204,#5311);
#5309=LINE('',#282,#5312);
#5310=LINE('',#280,#5313);
#5311=VECTOR('',#5314,1.0);
#5312=VECTOR('',#5315,1.0);
#5313=VECTOR('',#5316,1.0);
#5314=DIRECTION('',(-0.054000395824910105,0.03923359685835449,-0.997769854289209));
#5315=DIRECTION('',(0,0,1));
#5316=DIRECTION('',(0.8090169034526202,-0.5877853774363001,0));
#5317=FACE_SURFACE('',(#5322),#5318,.T.);
#5318=PLANE('',#5319);
#5319=AXIS2_PLACEMENT_3D('',#206,#5320,#5321);
#5320=DIRECTION('',(0,0,-1));
#5321=DIRECTION('',(-1,0,0));
#5322=FACE_BOUND('',#5323,.T.);
#5323=EDGE_LOOP('',(#5324,#5325,#5326));
#5324=ORIENTED_EDGE('',*,*,#5327,.T.);
#5325=ORIENTED_EDGE('',*,*,#5328,.T.);
#5326=ORIENTED_EDGE('',*,*,#5329,.T.);
#5327=EDGE_CURVE('',#207,#235,#5330,.F.);
#5328=EDGE_CURVE('',#235,#283,#5331,.T.);
#5329=EDGE_CURVE('',#283,#207,#5332,.T.);
#5330=LINE('',#206,#5333);
#5331=LINE('',#234,#5334);
#5332=LINE('',#282,#5335);
#5333=VECTOR('',#5336,1.0);
#5334=VECTOR('',#5337,1.0);
#5335=VECTOR('',#5338,1.0);
#5336=DIRECTION('',(-1,0,0));
#5337=DIRECTION('',(0.9999032044610244,0.013913364387332186,0));
#5338=DIRECTION('',(0.8090169034526202,-0.5877853774363001,0));
#5339=FACE_SURFACE('',(#5344),#5340,.T.);
#5340=PLANE('',#5341);
#5341=AXIS2_PLACEMENT_3D('',#284,#5342,#5343);
#5342=DIRECTION('',(0.38275515244038166,-0.9238498218218912,0));
#5343=DIRECTION('',(0,0,-1));
#5344=FACE_BOUND('',#5345,.T.);
#5345=EDGE_LOOP('',(#5346,#5347,#5348));
#5346=ORIENTED_EDGE('',*,*,#5349,.T.);
#5347=ORIENTED_EDGE('',*,*,#5350,.T.);
#5348=ORIENTED_EDGE('',*,*,#5351,.T.);
#5349=EDGE_CURVE('',#285,#249,#5352,.F.);
#5350=EDGE_CURVE('',#249,#209,#5353,.T.);
#5351=EDGE_CURVE('',#209,#285,#5354,.T.);
#5352=LINE('',#284,#5355);
#5353=LINE('',#248,#5356);
#5354=LINE('',#208,#5357);
#5355=VECTOR('',#5358,1.0);
#5356=VECTOR('',#5359,1.0);
#5357=VECTOR('',#5360,1.0);
#5358=DIRECTION('',(0,0,-1));
#5359=DIRECTION('',(0.048166822794875525,0.01995573216116907,0.9986399380836714));
#5360=DIRECTION('',(-0.9238498218218912,-0.38275515244038166,0));
#5361=FACE_SURFACE('',(#5366),#5362,.T.);
#5362=PLANE('',#5363);
#5363=AXIS2_PLACEMENT_3D('',#244,#5364,#5365);
#5364=DIRECTION('',(0,0,1));
#5365=DIRECTION('',(1,0,0));
#5366=FACE_BOUND('',#5367,.T.);
#5367=EDGE_LOOP('',(#5368,#5369,#5370));
#5368=ORIENTED_EDGE('',*,*,#5371,.T.);
#5369=ORIENTED_EDGE('',*,*,#5372,.T.);
#5370=ORIENTED_EDGE('',*,*,#5373,.T.);
#5371=EDGE_CURVE('',#245,#285,#5374,.F.);
#5372=EDGE_CURVE('',#285,#209,#5375,.T.);
#5373=EDGE_CURVE('',#209,#245,#5376,.T.);
#5374=LINE('',#244,#5377);
#5375=LINE('',#284,#5378);
#5376=LINE('',#208,#5379);
#5377=VECTOR('',#5380,1.0);
#5378=VECTOR('',#5381,1.0);
#5379=VECTOR('',#5382,1.0);
#5380=DIRECTION('',(1,0,0));
#5381=DIRECTION('',(0.9238498218218912,0.38275515244038166,0));
#5382=DIRECTION('',(-0.9999657539848807,-0.00827592033849648,0));
#5383=FACE_SURFACE('',(#5388),#5384,.T.);
#5384=PLANE('',#5385);
#5385=AXIS2_PLACEMENT_3D('',#210,#5386,#5387);
#5386=DIRECTION('',(0,0,1));
#5387=DIRECTION('',(-0.978487202361111,0.2063075248640396,0));
#5388=FACE_BOUND('',#5389,.T.);
#5389=EDGE_LOOP('',(#5390,#5391,#5392));
#5390=ORIENTED_EDGE('',*,*,#5393,.T.);
#5391=ORIENTED_EDGE('',*,*,#5394,.T.);
#5392=ORIENTED_EDGE('',*,*,#5395,.T.);
#5393=EDGE_CURVE('',#211,#287,#5396,.F.);
#5394=EDGE_CURVE('',#287,#255,#5397,.T.);
#5395=EDGE_CURVE('',#255,#211,#5398,.T.);
#5396=LINE('',#210,#5399);
#5397=LINE('',#286,#5400);
#5398=LINE('',#254,#5401);
#5399=VECTOR('',#5402,1.0);
#5400=VECTOR('',#5403,1.0);
#5401=VECTOR('',#5404,1.0);
#5402=DIRECTION('',(-0.978487202361111,0.2063075248640396,0));
#5403=DIRECTION('',(0.9775993113932496,-0.2104746691729061,0));
#5404=DIRECTION('',(1,0,0));
#5405=FACE_SURFACE('',(#5410),#5406,.T.);
#5406=PLANE('',#5407);
#5407=AXIS2_PLACEMENT_3D('',#210,#5408,#5409);
#5408=DIRECTION('',(0,-0,1));
#5409=DIRECTION('',(0.9609212486506948,0.27682188116474776,0));
#5410=FACE_BOUND('',#5411,.T.);
#5411=EDGE_LOOP('',(#5412,#5413,#5414));
#5412=ORIENTED_EDGE('',*,*,#5415,.T.);
#5413=ORIENTED_EDGE('',*,*,#5416,.T.);
#5414=ORIENTED_EDGE('',*,*,#5417,.T.);
#5415=EDGE_CURVE('',#211,#289,#5418,.F.);
#5416=EDGE_CURVE('',#289,#287,#5419,.T.);
#5417=EDGE_CURVE('',#287,#211,#5420,.T.);
#5418=LINE('',#210,#5421);
#5419=LINE('',#288,#5422);
#5420=LINE('',#286,#5423);
#5421=VECTOR('',#5424,1.0);
#5422=VECTOR('',#5425,1.0);
#5423=VECTOR('',#5426,1.0);
#5424=DIRECTION('',(0.9609212486506948,0.27682188116474776,0));
#5425=DIRECTION('',(-1,0,0));
#5426=DIRECTION('',(0.978487202361111,-0.2063075248640396,0));
#5427=FACE_SURFACE('',(#5432),#5428,.T.);
#5428=PLANE('',#5429);
#5429=AXIS2_PLACEMENT_3D('',#210,#5430,#5431);
#5430=DIRECTION('',(0,0,1));
#5431=DIRECTION('',(0.9648124708309067,0.2629389589413493,0));
#5432=FACE_BOUND('',#5433,.T.);
#5433=EDGE_LOOP('',(#5434,#5435,#5436));
#5434=ORIENTED_EDGE('',*,*,#5437,.T.);
#5435=ORIENTED_EDGE('',*,*,#5438,.T.);
#5436=ORIENTED_EDGE('',*,*,#5439,.T.);
#5437=EDGE_CURVE('',#211,#291,#5440,.F.);
#5438=EDGE_CURVE('',#291,#289,#5441,.T.);
#5439=EDGE_CURVE('',#289,#211,#5442,.T.);
#5440=LINE('',#210,#5443);
#5441=LINE('',#290,#5444);
#5442=LINE('',#288,#5445);
#5443=VECTOR('',#5446,1.0);
#5444=VECTOR('',#5447,1.0);
#5445=VECTOR('',#5448,1.0);
#5446=DIRECTION('',(0.9648124708309067,0.2629389589413493,0));
#5447=DIRECTION('',(-0.9984276277733811,0.056055972909394215,0));
#5448=DIRECTION('',(-0.9609212486506948,-0.27682188116474776,0));
#5449=FACE_SURFACE('',(#5454),#5450,.T.);
#5450=PLANE('',#5451);
#5451=AXIS2_PLACEMENT_3D('',#210,#5452,#5453);
#5452=DIRECTION('',(0,0,1));
#5453=DIRECTION('',(0.9693077585146824,0.24585050189747815,0));
#5454=FACE_BOUND('',#5455,.T.);
#5455=EDGE_LOOP('',(#5456,#5457,#5458));
#5456=ORIENTED_EDGE('',*,*,#5459,.T.);
#5457=ORIENTED_EDGE('',*,*,#5460,.T.);
#5458=ORIENTED_EDGE('',*,*,#5461,.T.);
#5459=EDGE_CURVE('',#211,#293,#5462,.F.);
#5460=EDGE_CURVE('',#293,#291,#5463,.T.);
#5461=EDGE_CURVE('',#291,#211,#5464,.T.);
#5462=LINE('',#210,#5465);
#5463=LINE('',#292,#5466);
#5464=LINE('',#290,#5467);
#5465=VECTOR('',#5468,1.0);
#5466=VECTOR('',#5469,1.0);
#5467=VECTOR('',#5470,1.0);
#5468=DIRECTION('',(0.9693077585146824,0.24585050189747815,0));
#5469=DIRECTION('',(-0.985867642635421,0.1675260911156162,0));
#5470=DIRECTION('',(-0.9648124708309067,-0.2629389589413493,0));
#5471=FACE_SURFACE('',(#5476),#5472,.T.);
#5472=PLANE('',#5473);
#5473=AXIS2_PLACEMENT_3D('',#210,#5474,#5475);
#5474=DIRECTION('',(0,0,1));
#5475=DIRECTION('',(0.9837822504037774,0.1793668971423633,0));
#5476=FACE_BOUND('',#5477,.T.);
#5477=EDGE_LOOP('',(#5478,#5479,#5480));
#5478=ORIENTED_EDGE('',*,*,#5481,.T.);
#5479=ORIENTED_EDGE('',*,*,#5482,.T.);
#5480=ORIENTED_EDGE('',*,*,#5483,.T.);
#5481=EDGE_CURVE('',#211,#251,#5484,.F.);
#5482=EDGE_CURVE('',#251,#295,#5485,.T.);
#5483=EDGE_CURVE('',#295,#211,#5486,.T.);
#5484=LINE('',#210,#5487);
#5485=LINE('',#250,#5488);
#5486=LINE('',#294,#5489);
#5487=VECTOR('',#5490,1.0);
#5488=VECTOR('',#5491,1.0);
#5489=VECTOR('',#5492,1.0);
#5490=DIRECTION('',(0.9837822504037774,0.1793668971423633,0));
#5491=DIRECTION('',(-0.8752303778295673,0.48370630110048496,0));
#5492=DIRECTION('',(-0.9790294720525168,-0.2037186610317533,0));
#5493=FACE_SURFACE('',(#5498),#5494,.T.);
#5494=PLANE('',#5495);
#5495=AXIS2_PLACEMENT_3D('',#210,#5496,#5497);
#5496=DIRECTION('',(0,0,1));
#5497=DIRECTION('',(0.9741301292642691,0.22598781219255681,0));
#5498=FACE_BOUND('',#5499,.T.);
#5499=EDGE_LOOP('',(#5500,#5501,#5502));
#5500=ORIENTED_EDGE('',*,*,#5503,.T.);
#5501=ORIENTED_EDGE('',*,*,#5504,.T.);
#5502=ORIENTED_EDGE('',*,*,#5505,.T.);
#5503=EDGE_CURVE('',#211,#297,#5506,.F.);
#5504=EDGE_CURVE('',#297,#293,#5507,.T.);
#5505=EDGE_CURVE('',#293,#211,#5508,.T.);
#5506=LINE('',#210,#5509);
#5507=LINE('',#296,#5510);
#5508=LINE('',#292,#5511);
#5509=VECTOR('',#5512,1.0);
#5510=VECTOR('',#5513,1.0);
#5511=VECTOR('',#5514,1.0);
#5512=DIRECTION('',(0.9741301292642691,0.22598781219255681,0));
#5513=DIRECTION('',(-0.9609260946826599,0.27680505876506617,0));
#5514=DIRECTION('',(-0.9693077585146824,-0.24585050189747815,0));
#5515=FACE_SURFACE('',(#5520),#5516,.T.);
#5516=PLANE('',#5517);
#5517=AXIS2_PLACEMENT_3D('',#210,#5518,#5519);
#5518=DIRECTION('',(0,0,1));
#5519=DIRECTION('',(0.9790294720525168,0.2037186610317533,0));
#5520=FACE_BOUND('',#5521,.T.);
#5521=EDGE_LOOP('',(#5522,#5523,#5524));
#5522=ORIENTED_EDGE('',*,*,#5525,.T.);
#5523=ORIENTED_EDGE('',*,*,#5526,.T.);
#5524=ORIENTED_EDGE('',*,*,#5527,.T.);
#5525=EDGE_CURVE('',#211,#295,#5528,.F.);
#5526=EDGE_CURVE('',#295,#297,#5529,.T.);
#5527=EDGE_CURVE('',#297,#211,#5530,.T.);
#5528=LINE('',#210,#5531);
#5529=LINE('',#294,#5532);
#5530=LINE('',#296,#5533);
#5531=VECTOR('',#5534,1.0);
#5532=VECTOR('',#5535,1.0);
#5533=VECTOR('',#5536,1.0);
#5534=DIRECTION('',(0.9790294720525168,0.2037186610317533,0));
#5535=DIRECTION('',(-0.9238557436424578,0.38274085872668656,0));
#5536=DIRECTION('',(-0.9741301292642691,-0.22598781219255681,0));
#5537=FACE_SURFACE('',(#5542),#5538,.T.);
#5538=PLANE('',#5539);
#5539=AXIS2_PLACEMENT_3D('',#234,#5540,#5541);
#5540=DIRECTION('',(-0.5877853774363001,0.8090169034526202,0));
#5541=DIRECTION('',(0.054000395824910105,0.03923359685835449,0.997769854289209));
#5542=FACE_BOUND('',#5543,.T.);
#5543=EDGE_LOOP('',(#5544,#5545,#5546));
#5544=ORIENTED_EDGE('',*,*,#5547,.T.);
#5545=ORIENTED_EDGE('',*,*,#5548,.T.);
#5546=ORIENTED_EDGE('',*,*,#5549,.T.);
#5547=EDGE_CURVE('',#235,#279,#5550,.F.);
#5548=EDGE_CURVE('',#279,#299,#5551,.T.);
#5549=EDGE_CURVE('',#299,#235,#5552,.T.);
#5550=LINE('',#234,#5553);
#5551=LINE('',#278,#5554);
#5552=LINE('',#298,#5555);
#5553=VECTOR('',#5556,1.0);
#5554=VECTOR('',#5557,1.0);
#5555=VECTOR('',#5558,1.0);
#5556=DIRECTION('',(0.054000395824910105,0.03923359685835449,0.997769854289209));
#5557=DIRECTION('',(0,0,-1));
#5558=DIRECTION('',(-0.8090169034526202,-0.5877853774363001,0));
#5559=FACE_SURFACE('',(#5564),#5560,.T.);
#5560=PLANE('',#5561);
#5561=AXIS2_PLACEMENT_3D('',#282,#5562,#5563);
#5562=DIRECTION('',(-0,0,-1));
#5563=DIRECTION('',(-0.9999032044610244,-0.013913364387332186,0));
#5564=FACE_BOUND('',#5565,.T.);
#5565=EDGE_LOOP('',(#5566,#5567,#5568));
#5566=ORIENTED_EDGE('',*,*,#5569,.T.);
#5567=ORIENTED_EDGE('',*,*,#5570,.T.);
#5568=ORIENTED_EDGE('',*,*,#5571,.T.);
#5569=EDGE_CURVE('',#283,#235,#5572,.F.);
#5570=EDGE_CURVE('',#235,#299,#5573,.T.);
#5571=EDGE_CURVE('',#299,#283,#5574,.T.);
#5572=LINE('',#282,#5575);
#5573=LINE('',#234,#5576);
#5574=LINE('',#298,#5577);
#5575=VECTOR('',#5578,1.0);
#5576=VECTOR('',#5579,1.0);
#5577=VECTOR('',#5580,1.0);
#5578=DIRECTION('',(-0.9999032044610244,-0.013913364387332186,0));
#5579=DIRECTION('',(0.8090169034526202,0.5877853774363001,0));
#5580=DIRECTION('',(1,0,0));
#5581=FACE_SURFACE('',(#5586),#5582,.T.);
#5582=PLANE('',#5583);
#5583=AXIS2_PLACEMENT_3D('',#270,#5584,#5585);
#5584=DIRECTION('',(0.7431090221470406,0.6691703678463872,0));
#5585=DIRECTION('',(0,0,-1));
#5586=FACE_BOUND('',#5587,.T.);
#5587=EDGE_LOOP('',(#5588,#5589,#5590));
#5588=ORIENTED_EDGE('',*,*,#5591,.T.);
#5589=ORIENTED_EDGE('',*,*,#5592,.T.);
#5590=ORIENTED_EDGE('',*,*,#5593,.T.);
#5591=EDGE_CURVE('',#271,#237,#5594,.F.);
#5592=EDGE_CURVE('',#237,#243,#5595,.T.);
#5593=EDGE_CURVE('',#243,#271,#5596,.T.);
#5594=LINE('',#270,#5597);
#5595=LINE('',#236,#5598);
#5596=LINE('',#242,#5599);
#5597=VECTOR('',#5600,1.0);
#5598=VECTOR('',#5601,1.0);
#5599=VECTOR('',#5602,1.0);
#5600=DIRECTION('',(0,0,-1));
#5601=DIRECTION('',(-0.6691703678463873,0.7431090221470407,0));
#5602=DIRECTION('',(0.04466579159989057,-0.04960104976859576,0.9977698647095975));
#5603=FACE_SURFACE('',(#5608),#5604,.T.);
#5604=PLANE('',#5605);
#5605=AXIS2_PLACEMENT_3D('',#272,#5606,#5607);
#5606=DIRECTION('',(-1,0,0));
#5607=DIRECTION('',(0,0.12460237104338051,-0.9922067572488951));
#5608=FACE_BOUND('',#5609,.T.);
#5609=EDGE_LOOP('',(#5610,#5611,#5612));
#5610=ORIENTED_EDGE('',*,*,#5613,.T.);
#5611=ORIENTED_EDGE('',*,*,#5614,.T.);
#5612=ORIENTED_EDGE('',*,*,#5615,.T.);
#5613=EDGE_CURVE('',#273,#301,#5616,.F.);
#5614=EDGE_CURVE('',#301,#239,#5617,.T.);
#5615=EDGE_CURVE('',#239,#273,#5618,.T.);
#5616=LINE('',#272,#5619);
#5617=LINE('',#300,#5620);
#5618=LINE('',#238,#5621);
#5619=VECTOR('',#5622,1.0);
#5620=VECTOR('',#5623,1.0);
#5621=VECTOR('',#5624,1.0);
#5622=DIRECTION('',(0,0.12460237104338051,-0.9922067572488951));
#5623=DIRECTION('',(0,-1,0));
#5624=DIRECTION('',(0,0,1));
#5625=FACE_SURFACE('',(#5630),#5626,.T.);
#5626=PLANE('',#5627);
#5627=AXIS2_PLACEMENT_3D('',#302,#5628,#5629);
#5628=DIRECTION('',(-0,0,-1));
#5629=DIRECTION('',(-0.9957392963486847,-0.09221308858847696,0));
#5630=FACE_BOUND('',#5631,.T.);
#5631=EDGE_LOOP('',(#5632,#5633,#5634));
#5632=ORIENTED_EDGE('',*,*,#5635,.T.);
#5633=ORIENTED_EDGE('',*,*,#5636,.T.);
#5634=ORIENTED_EDGE('',*,*,#5637,.T.);
#5635=EDGE_CURVE('',#303,#239,#5638,.F.);
#5636=EDGE_CURVE('',#239,#301,#5639,.T.);
#5637=EDGE_CURVE('',#301,#303,#5640,.T.);
#5638=LINE('',#302,#5641);
#5639=LINE('',#238,#5642);
#5640=LINE('',#300,#5643);
#5641=VECTOR('',#5644,1.0);
#5642=VECTOR('',#5645,1.0);
#5643=VECTOR('',#5646,1.0);
#5644=DIRECTION('',(-0.9957392963486847,-0.09221308858847696,0));
#5645=DIRECTION('',(0,1,0));
#5646=DIRECTION('',(0.9957392963486847,-0.09221308858847696,0));
#5647=FACE_SURFACE('',(#5652),#5648,.T.);
#5648=PLANE('',#5649);
#5649=AXIS2_PLACEMENT_3D('',#238,#5650,#5651);
#5650=DIRECTION('',(0,0,-1));
#5651=DIRECTION('',(0.999985094312216,-0.005459959101325503,0));
#5652=FACE_BOUND('',#5653,.T.);
#5653=EDGE_LOOP('',(#5654,#5655,#5656));
#5654=ORIENTED_EDGE('',*,*,#5657,.T.);
#5655=ORIENTED_EDGE('',*,*,#5658,.T.);
#5656=ORIENTED_EDGE('',*,*,#5659,.T.);
#5657=EDGE_CURVE('',#239,#305,#5660,.F.);
#5658=EDGE_CURVE('',#305,#241,#5661,.T.);
#5659=EDGE_CURVE('',#241,#239,#5662,.T.);
#5660=LINE('',#238,#5663);
#5661=LINE('',#304,#5664);
#5662=LINE('',#240,#5665);
#5663=VECTOR('',#5666,1.0);
#5664=VECTOR('',#5667,1.0);
#5665=VECTOR('',#5668,1.0);
#5666=DIRECTION('',(0.999985094312216,-0.005459959101325503,0));
#5667=DIRECTION('',(0.30903655969634947,-0.951050158914368,0));
#5668=DIRECTION('',(-0.9954748939648211,0.09502492034055238,0));
#5669=FACE_SURFACE('',(#5674),#5670,.T.);
#5670=PLANE('',#5671);
#5671=AXIS2_PLACEMENT_3D('',#304,#5672,#5673);
#5672=DIRECTION('',(0,0,-1));
#5673=DIRECTION('',(-0.999985094312216,0.005459959101325503,0));
#5674=FACE_BOUND('',#5675,.T.);
#5675=EDGE_LOOP('',(#5676,#5677,#5678));
#5676=ORIENTED_EDGE('',*,*,#5679,.T.);
#5677=ORIENTED_EDGE('',*,*,#5680,.T.);
#5678=ORIENTED_EDGE('',*,*,#5681,.T.);
#5679=EDGE_CURVE('',#305,#239,#5682,.F.);
#5680=EDGE_CURVE('',#239,#303,#5683,.T.);
#5681=EDGE_CURVE('',#303,#305,#5684,.T.);
#5682=LINE('',#304,#5685);
#5683=LINE('',#238,#5686);
#5684=LINE('',#302,#5687);
#5685=VECTOR('',#5688,1.0);
#5686=VECTOR('',#5689,1.0);
#5687=VECTOR('',#5690,1.0);
#5688=DIRECTION('',(-0.999985094312216,0.005459959101325503,0));
#5689=DIRECTION('',(0.9957392963486847,0.09221308858847696,0));
#5690=DIRECTION('',(0.10452140591741298,-0.9945226371003565,0));
#5691=FACE_SURFACE('',(#5696),#5692,.T.);
#5692=PLANE('',#5693);
#5693=AXIS2_PLACEMENT_3D('',#276,#5694,#5695);
#5694=DIRECTION('',(0.8660518959062337,0.499954111491463,0));
#5695=DIRECTION('',(-0.03337266598586491,0.05781022694719315,-0.9977696341467351));
#5696=FACE_BOUND('',#5697,.T.);
#5697=EDGE_LOOP('',(#5698,#5699,#5700));
#5698=ORIENTED_EDGE('',*,*,#5701,.T.);
#5699=ORIENTED_EDGE('',*,*,#5702,.T.);
#5700=ORIENTED_EDGE('',*,*,#5703,.T.);
#5701=EDGE_CURVE('',#277,#241,#5704,.F.);
#5702=EDGE_CURVE('',#241,#275,#5705,.T.);
#5703=EDGE_CURVE('',#275,#277,#5706,.T.);
#5704=LINE('',#276,#5707);
#5705=LINE('',#240,#5708);
#5706=LINE('',#274,#5709);
#5707=VECTOR('',#5710,1.0);
#5708=VECTOR('',#5711,1.0);
#5709=VECTOR('',#5712,1.0);
#5710=DIRECTION('',(-0.03337266598586491,0.05781022694719315,-0.9977696341467351));
#5711=DIRECTION('',(0,0,1));
#5712=DIRECTION('',(0.49995411149146307,-0.8660518959062337,0));
#5713=FACE_SURFACE('',(#5718),#5714,.T.);
#5714=PLANE('',#5715);
#5715=AXIS2_PLACEMENT_3D('',#274,#5716,#5717);
#5716=DIRECTION('',(0.9510501589143681,0.3090365596963495,0));
#5717=DIRECTION('',(0,0,-1));
#5718=FACE_BOUND('',#5719,.T.);
#5719=EDGE_LOOP('',(#5720,#5721,#5722));
#5720=ORIENTED_EDGE('',*,*,#5723,.T.);
#5721=ORIENTED_EDGE('',*,*,#5724,.T.);
#5722=ORIENTED_EDGE('',*,*,#5725,.T.);
#5723=EDGE_CURVE('',#275,#241,#5726,.F.);
#5724=EDGE_CURVE('',#241,#305,#5727,.T.);
#5725=EDGE_CURVE('',#305,#275,#5728,.T.);
#5726=LINE('',#274,#5729);
#5727=LINE('',#240,#5730);
#5728=LINE('',#304,#5731);
#5729=VECTOR('',#5732,1.0);
#5730=VECTOR('',#5733,1.0);
#5731=VECTOR('',#5734,1.0);
#5732=DIRECTION('',(0,0,-1));
#5733=DIRECTION('',(-0.30903655969634947,0.951050158914368,0));
#5734=DIRECTION('',(0.020627722037433783,-0.0634811568605957,0.9977698330813508));
#5735=FACE_SURFACE('',(#5740),#5736,.T.);
#5736=PLANE('',#5737);
#5737=AXIS2_PLACEMENT_3D('',#276,#5738,#5739);
#5738=DIRECTION('',(0.8660518959062337,0.499954111491463,0));
#5739=DIRECTION('',(0,0,-1));
#5740=FACE_BOUND('',#5741,.T.);
#5741=EDGE_LOOP('',(#5742,#5743,#5744));
#5742=ORIENTED_EDGE('',*,*,#5745,.T.);
#5743=ORIENTED_EDGE('',*,*,#5746,.T.);
#5744=ORIENTED_EDGE('',*,*,#5747,.T.);
#5745=EDGE_CURVE('',#277,#243,#5748,.F.);
#5746=EDGE_CURVE('',#243,#241,#5749,.T.);
#5747=EDGE_CURVE('',#241,#277,#5750,.T.);
#5748=LINE('',#276,#5751);
#5749=LINE('',#242,#5752);
#5750=LINE('',#240,#5753);
#5751=VECTOR('',#5754,1.0);
#5752=VECTOR('',#5755,1.0);
#5753=VECTOR('',#5756,1.0);
#5754=DIRECTION('',(0,0,-1));
#5755=DIRECTION('',(-0.49995411149146307,0.8660518959062337,0));
#5756=DIRECTION('',(0.03337266598586491,-0.05781022694719315,0.9977696341467351));
#5757=FACE_SURFACE('',(#5762),#5758,.T.);
#5758=PLANE('',#5759);
#5759=AXIS2_PLACEMENT_3D('',#270,#5760,#5761);
#5760=DIRECTION('',(0.7431090221470406,0.6691703678463872,0));
#5761=DIRECTION('',(-0.04466579159989057,0.04960104976859576,-0.9977698647095975));
#5762=FACE_BOUND('',#5763,.T.);
#5763=EDGE_LOOP('',(#5764,#5765,#5766));
#5764=ORIENTED_EDGE('',*,*,#5767,.T.);
#5765=ORIENTED_EDGE('',*,*,#5768,.T.);
#5766=ORIENTED_EDGE('',*,*,#5769,.T.);
#5767=EDGE_CURVE('',#271,#243,#5770,.F.);
#5768=EDGE_CURVE('',#243,#277,#5771,.T.);
#5769=EDGE_CURVE('',#277,#271,#5772,.T.);
#5770=LINE('',#270,#5773);
#5771=LINE('',#242,#5774);
#5772=LINE('',#276,#5775);
#5773=VECTOR('',#5776,1.0);
#5774=VECTOR('',#5777,1.0);
#5775=VECTOR('',#5778,1.0);
#5776=DIRECTION('',(-0.04466579159989057,0.04960104976859576,-0.9977698647095975));
#5777=DIRECTION('',(0,0,1));
#5778=DIRECTION('',(0.6691703678463873,-0.7431090221470407,0));
#5779=FACE_SURFACE('',(#5784),#5780,.T.);
#5780=PLANE('',#5781);
#5781=AXIS2_PLACEMENT_3D('',#244,#5782,#5783);
#5782=DIRECTION('',(-0.13047870762241448,-0.9914511116828627,-0));
#5783=DIRECTION('',(0,0,-1));
#5784=FACE_BOUND('',#5785,.T.);
#5785=EDGE_LOOP('',(#5786,#5787,#5788));
#5786=ORIENTED_EDGE('',*,*,#5789,.T.);
#5787=ORIENTED_EDGE('',*,*,#5790,.T.);
#5788=ORIENTED_EDGE('',*,*,#5791,.T.);
#5789=EDGE_CURVE('',#245,#247,#5792,.F.);
#5790=EDGE_CURVE('',#247,#307,#5793,.T.);
#5791=EDGE_CURVE('',#307,#245,#5794,.T.);
#5792=LINE('',#244,#5795);
#5793=LINE('',#246,#5796);
#5794=LINE('',#306,#5797);
#5795=VECTOR('',#5798,1.0);
#5796=VECTOR('',#5799,1.0);
#5797=VECTOR('',#5800,1.0);
#5798=DIRECTION('',(0,0,-1));
#5799=DIRECTION('',(0.05168742937179692,-0.006802260752231764,0.9986401448437742));
#5800=DIRECTION('',(-0.9914511116828627,0.13047870762241448,0));
#5801=FACE_SURFACE('',(#5806),#5802,.T.);
#5802=PLANE('',#5803);
#5803=AXIS2_PLACEMENT_3D('',#306,#5804,#5805);
#5804=DIRECTION('',(0,-0,1));
#5805=DIRECTION('',(0.999995669511139,0.002942950724808737,0));
#5806=FACE_BOUND('',#5807,.T.);
#5807=EDGE_LOOP('',(#5808,#5809,#5810));
#5808=ORIENTED_EDGE('',*,*,#5811,.T.);
#5809=ORIENTED_EDGE('',*,*,#5812,.T.);
#5810=ORIENTED_EDGE('',*,*,#5813,.T.);
#5811=EDGE_CURVE('',#307,#285,#5814,.F.);
#5812=EDGE_CURVE('',#285,#245,#5815,.T.);
#5813=EDGE_CURVE('',#245,#307,#5816,.T.);
#5814=LINE('',#306,#5817);
#5815=LINE('',#284,#5818);
#5816=LINE('',#244,#5819);
#5817=VECTOR('',#5820,1.0);
#5818=VECTOR('',#5821,1.0);
#5819=VECTOR('',#5822,1.0);
#5820=DIRECTION('',(0.999995669511139,0.002942950724808737,0));
#5821=DIRECTION('',(-1,0,0));
#5822=DIRECTION('',(0.9914511116828627,-0.13047870762241448,0));
#5823=FACE_SURFACE('',(#5828),#5824,.T.);
#5824=PLANE('',#5825);
#5825=AXIS2_PLACEMENT_3D('',#306,#5826,#5827);
#5826=DIRECTION('',(-0.13047870762241448,-0.9914511116828627,-0));
#5827=DIRECTION('',(-0.05168742937179692,0.006802260752231764,-0.9986401448437742));
#5828=FACE_BOUND('',#5829,.T.);
#5829=EDGE_LOOP('',(#5830,#5831,#5832));
#5830=ORIENTED_EDGE('',*,*,#5833,.T.);
#5831=ORIENTED_EDGE('',*,*,#5834,.T.);
#5832=ORIENTED_EDGE('',*,*,#5835,.T.);
#5833=EDGE_CURVE('',#307,#247,#5836,.F.);
#5834=EDGE_CURVE('',#247,#309,#5837,.T.);
#5835=EDGE_CURVE('',#309,#307,#5838,.T.);
#5836=LINE('',#306,#5839);
#5837=LINE('',#246,#5840);
#5838=LINE('',#308,#5841);
#5839=VECTOR('',#5842,1.0);
#5840=VECTOR('',#5843,1.0);
#5841=VECTOR('',#5844,1.0);
#5842=DIRECTION('',(-0.05168742937179692,0.006802260752231764,-0.9986401448437742));
#5843=DIRECTION('',(0.9914511116828627,-0.13047870762241448,0));
#5844=DIRECTION('',(0,0,1));
#5845=FACE_SURFACE('',(#5850),#5846,.T.);
#5846=PLANE('',#5847);
#5847=AXIS2_PLACEMENT_3D('',#248,#5848,#5849);
#5848=DIRECTION('',(-0,0,-1));
#5849=DIRECTION('',(-0.999995669511139,-0.002942950724808737,0));
#5850=FACE_BOUND('',#5851,.T.);
#5851=EDGE_LOOP('',(#5852,#5853,#5854));
#5852=ORIENTED_EDGE('',*,*,#5855,.T.);
#5853=ORIENTED_EDGE('',*,*,#5856,.T.);
#5854=ORIENTED_EDGE('',*,*,#5857,.T.);
#5855=EDGE_CURVE('',#249,#309,#5858,.F.);
#5856=EDGE_CURVE('',#309,#247,#5859,.T.);
#5857=EDGE_CURVE('',#247,#249,#5860,.T.);
#5858=LINE('',#248,#5861);
#5859=LINE('',#308,#5862);
#5860=LINE('',#246,#5863);
#5861=VECTOR('',#5864,1.0);
#5862=VECTOR('',#5865,1.0);
#5863=VECTOR('',#5866,1.0);
#5864=DIRECTION('',(-0.999995669511139,-0.002942950724808737,0));
#5865=DIRECTION('',(-0.9914511116828627,0.13047870762241448,0));
#5866=DIRECTION('',(1,0,0));
#5867=FACE_SURFACE('',(#5872),#5868,.T.);
#5868=PLANE('',#5869);
#5869=AXIS2_PLACEMENT_3D('',#284,#5870,#5871);
#5870=DIRECTION('',(0.13045451257138732,-0.9914542955425437,0));
#5871=DIRECTION('',(-0.05169715565533552,-0.0068022573230704635,-0.9986396414084806));
#5872=FACE_BOUND('',#5873,.T.);
#5873=EDGE_LOOP('',(#5874,#5875,#5876));
#5874=ORIENTED_EDGE('',*,*,#5877,.T.);
#5875=ORIENTED_EDGE('',*,*,#5878,.T.);
#5876=ORIENTED_EDGE('',*,*,#5879,.T.);
#5877=EDGE_CURVE('',#285,#311,#5880,.F.);
#5878=EDGE_CURVE('',#311,#249,#5881,.T.);
#5879=EDGE_CURVE('',#249,#285,#5882,.T.);
#5880=LINE('',#284,#5883);
#5881=LINE('',#310,#5884);
#5882=LINE('',#248,#5885);
#5883=VECTOR('',#5886,1.0);
#5884=VECTOR('',#5887,1.0);
#5885=VECTOR('',#5888,1.0);
#5886=DIRECTION('',(-0.05169715565533552,-0.0068022573230704635,-0.9986396414084806));
#5887=DIRECTION('',(0.9914542955425438,0.13045451257138735,0));
#5888=DIRECTION('',(0,0,1));
#5889=FACE_SURFACE('',(#5894),#5890,.T.);
#5890=PLANE('',#5891);
#5891=AXIS2_PLACEMENT_3D('',#310,#5892,#5893);
#5892=DIRECTION('',(0,0,-1));
#5893=DIRECTION('',(-1,0,0));
#5894=FACE_BOUND('',#5895,.T.);
#5895=EDGE_LOOP('',(#5896,#5897,#5898));
#5896=ORIENTED_EDGE('',*,*,#5899,.T.);
#5897=ORIENTED_EDGE('',*,*,#5900,.T.);
#5898=ORIENTED_EDGE('',*,*,#5901,.T.);
#5899=EDGE_CURVE('',#311,#309,#5902,.F.);
#5900=EDGE_CURVE('',#309,#249,#5903,.T.);
#5901=EDGE_CURVE('',#249,#311,#5904,.T.);
#5902=LINE('',#310,#5905);
#5903=LINE('',#308,#5906);
#5904=LINE('',#248,#5907);
#5905=VECTOR('',#5908,1.0);
#5906=VECTOR('',#5909,1.0);
#5907=VECTOR('',#5910,1.0);
#5908=DIRECTION('',(-1,0,0));
#5909=DIRECTION('',(0.999995669511139,0.002942950724808737,0));
#5910=DIRECTION('',(-0.9914542955425438,-0.13045451257138735,0));
#5911=FACE_SURFACE('',(#5916),#5912,.T.);
#5912=PLANE('',#5913);
#5913=AXIS2_PLACEMENT_3D('',#250,#5914,#5915);
#5914=DIRECTION('',(0.48370630110048496,0.8752303778295673,0));
#5915=DIRECTION('',(0,0,-1));
#5916=FACE_BOUND('',#5917,.T.);
#5917=EDGE_LOOP('',(#5918,#5919,#5920));
#5918=ORIENTED_EDGE('',*,*,#5921,.T.);
#5919=ORIENTED_EDGE('',*,*,#5922,.T.);
#5920=ORIENTED_EDGE('',*,*,#5923,.T.);
#5921=EDGE_CURVE('',#251,#253,#5924,.F.);
#5922=EDGE_CURVE('',#253,#295,#5925,.T.);
#5923=EDGE_CURVE('',#295,#251,#5926,.T.);
#5924=LINE('',#250,#5927);
#5925=LINE('',#252,#5928);
#5926=LINE('',#294,#5929);
#5927=VECTOR('',#5930,1.0);
#5928=VECTOR('',#5931,1.0);
#5929=VECTOR('',#5932,1.0);
#5930=DIRECTION('',(0,0,-1));
#5931=DIRECTION('',(-0.09753323571231938,0.053902883030363176,0.9937714763125878));
#5932=DIRECTION('',(0.8752303778295673,-0.48370630110048496,0));
#5933=FACE_SURFACE('',(#5938),#5934,.T.);
#5934=PLANE('',#5935);
#5935=AXIS2_PLACEMENT_3D('',#294,#5936,#5937);
#5936=DIRECTION('',(0.48370630110048496,0.8752303778295673,0));
#5937=DIRECTION('',(0.09753323571231938,-0.053902883030363176,-0.9937714763125878));
#5938=FACE_BOUND('',#5939,.T.);
#5939=EDGE_LOOP('',(#5940,#5941,#5942));
#5940=ORIENTED_EDGE('',*,*,#5943,.T.);
#5941=ORIENTED_EDGE('',*,*,#5944,.T.);
#5942=ORIENTED_EDGE('',*,*,#5945,.T.);
#5943=EDGE_CURVE('',#295,#253,#5946,.F.);
#5944=EDGE_CURVE('',#253,#267,#5947,.T.);
#5945=EDGE_CURVE('',#267,#295,#5948,.T.);
#5946=LINE('',#294,#5949);
#5947=LINE('',#252,#5950);
#5948=LINE('',#266,#5951);
#5949=VECTOR('',#5952,1.0);
#5950=VECTOR('',#5953,1.0);
#5951=VECTOR('',#5954,1.0);
#5952=DIRECTION('',(0.09753323571231938,-0.053902883030363176,-0.9937714763125878));
#5953=DIRECTION('',(-0.8752303778295673,0.48370630110048496,0));
#5954=DIRECTION('',(0,0,1));
#5955=FACE_SURFACE('',(#5960),#5956,.T.);
#5956=PLANE('',#5957);
#5957=AXIS2_PLACEMENT_3D('',#256,#5958,#5959);
#5958=DIRECTION('',(0.2079338240874614,-0.9781428959003714,0));
#5959=DIRECTION('',(0,0,1));
#5960=FACE_BOUND('',#5961,.T.);
#5961=EDGE_LOOP('',(#5962,#5963,#5964));
#5962=ORIENTED_EDGE('',*,*,#5965,.T.);
#5963=ORIENTED_EDGE('',*,*,#5966,.T.);
#5964=ORIENTED_EDGE('',*,*,#5967,.T.);
#5965=EDGE_CURVE('',#257,#255,#5968,.F.);
#5966=EDGE_CURVE('',#255,#313,#5969,.T.);
#5967=EDGE_CURVE('',#313,#257,#5970,.T.);
#5968=LINE('',#256,#5971);
#5969=LINE('',#254,#5972);
#5970=LINE('',#312,#5973);
#5971=VECTOR('',#5974,1.0);
#5972=VECTOR('',#5975,1.0);
#5973=VECTOR('',#5976,1.0);
#5974=DIRECTION('',(0,0,1));
#5975=DIRECTION('',(-0.9781428959003713,-0.20793382408746142,0));
#5976=DIRECTION('',(0.06529349459346767,0.01388010491693698,-0.9977695637025954));
#5977=FACE_SURFACE('',(#5982),#5978,.T.);
#5978=PLANE('',#5979);
#5979=AXIS2_PLACEMENT_3D('',#314,#5980,#5981);
#5980=DIRECTION('',(0,0,1));
#5981=DIRECTION('',(1,0,0));
#5982=FACE_BOUND('',#5983,.T.);
#5983=EDGE_LOOP('',(#5984,#5985,#5986));
#5984=ORIENTED_EDGE('',*,*,#5987,.T.);
#5985=ORIENTED_EDGE('',*,*,#5988,.T.);
#5986=ORIENTED_EDGE('',*,*,#5989,.T.);
#5987=EDGE_CURVE('',#315,#313,#5990,.F.);
#5988=EDGE_CURVE('',#313,#255,#5991,.T.);
#5989=EDGE_CURVE('',#255,#315,#5992,.T.);
#5990=LINE('',#314,#5993);
#5991=LINE('',#312,#5994);
#5992=LINE('',#254,#5995);
#5993=VECTOR('',#5996,1.0);
#5994=VECTOR('',#5997,1.0);
#5995=VECTOR('',#5998,1.0);
#5996=DIRECTION('',(1,0,0));
#5997=DIRECTION('',(0.9781428959003713,0.20793382408746142,0));
#5998=DIRECTION('',(-0.9999897181290213,-0.0045347145710036025,0));
#5999=FACE_SURFACE('',(#6004),#6000,.T.);
#6000=PLANE('',#6001);
#6001=AXIS2_PLACEMENT_3D('',#314,#6002,#6003);
#6002=DIRECTION('',(0,-0,1));
#6003=DIRECTION('',(0.9999897181290213,0.0045347145710036025,0));
#6004=FACE_BOUND('',#6005,.T.);
#6005=EDGE_LOOP('',(#6006,#6007,#6008));
#6006=ORIENTED_EDGE('',*,*,#6009,.T.);
#6007=ORIENTED_EDGE('',*,*,#6010,.T.);
#6008=ORIENTED_EDGE('',*,*,#6011,.T.);
#6009=EDGE_CURVE('',#315,#255,#6012,.F.);
#6010=EDGE_CURVE('',#255,#317,#6013,.T.);
#6011=EDGE_CURVE('',#317,#315,#6014,.T.);
#6012=LINE('',#314,#6015);
#6013=LINE('',#254,#6016);
#6014=LINE('',#316,#6017);
#6015=VECTOR('',#6018,1.0);
#6016=VECTOR('',#6019,1.0);
#6017=VECTOR('',#6020,1.0);
#6018=DIRECTION('',(0.9999897181290213,0.0045347145710036025,0));
#6019=DIRECTION('',(-1,0,0));
#6020=DIRECTION('',(0.9781428959003713,-0.20793382408746142,0));
#6021=FACE_SURFACE('',(#6026),#6022,.T.);
#6022=PLANE('',#6023);
#6023=AXIS2_PLACEMENT_3D('',#286,#6024,#6025);
#6024=DIRECTION('',(0,0,1));
#6025=DIRECTION('',(0.04901602060029865,-0.9987979924511818,0));
#6026=FACE_BOUND('',#6027,.T.);
#6027=EDGE_LOOP('',(#6028,#6029,#6030));
#6028=ORIENTED_EDGE('',*,*,#6031,.T.);
#6029=ORIENTED_EDGE('',*,*,#6032,.T.);
#6030=ORIENTED_EDGE('',*,*,#6033,.T.);
#6031=EDGE_CURVE('',#287,#317,#6034,.F.);
#6032=EDGE_CURVE('',#317,#255,#6035,.T.);
#6033=EDGE_CURVE('',#255,#287,#6036,.T.);
#6034=LINE('',#286,#6037);
#6035=LINE('',#316,#6038);
#6036=LINE('',#254,#6039);
#6037=VECTOR('',#6040,1.0);
#6038=VECTOR('',#6041,1.0);
#6039=VECTOR('',#6042,1.0);
#6040=DIRECTION('',(0.04901602060029865,-0.9987979924511818,0));
#6041=DIRECTION('',(1,0,0));
#6042=DIRECTION('',(-0.9775993113932496,0.2104746691729061,0));
#6043=FACE_SURFACE('',(#6048),#6044,.T.);
#6044=PLANE('',#6045);
#6045=AXIS2_PLACEMENT_3D('',#256,#6046,#6047);
#6046=DIRECTION('',(0.2079338240874614,-0.9781428959003714,0));
#6047=DIRECTION('',(-0.06529349459346767,-0.01388010491693698,0.9977695637025954));
#6048=FACE_BOUND('',#6049,.T.);
#6049=EDGE_LOOP('',(#6050,#6051,#6052));
#6050=ORIENTED_EDGE('',*,*,#6053,.T.);
#6051=ORIENTED_EDGE('',*,*,#6054,.T.);
#6052=ORIENTED_EDGE('',*,*,#6055,.T.);
#6053=EDGE_CURVE('',#257,#313,#6056,.F.);
#6054=EDGE_CURVE('',#313,#319,#6057,.T.);
#6055=EDGE_CURVE('',#319,#257,#6058,.T.);
#6056=LINE('',#256,#6059);
#6057=LINE('',#312,#6060);
#6058=LINE('',#318,#6061);
#6059=VECTOR('',#6062,1.0);
#6060=VECTOR('',#6063,1.0);
#6061=VECTOR('',#6064,1.0);
#6062=DIRECTION('',(-0.06529349459346767,-0.01388010491693698,0.9977695637025954));
#6063=DIRECTION('',(0,0,-1));
#6064=DIRECTION('',(0.9781428959003713,0.20793382408746142,0));
#6065=FACE_SURFACE('',(#6070),#6066,.T.);
#6066=PLANE('',#6067);
#6067=AXIS2_PLACEMENT_3D('',#318,#6068,#6069);
#6068=DIRECTION('',(0,0,-1));
#6069=DIRECTION('',(-1,0,0));
#6070=FACE_BOUND('',#6071,.T.);
#6071=EDGE_LOOP('',(#6072,#6073,#6074));
#6072=ORIENTED_EDGE('',*,*,#6075,.T.);
#6073=ORIENTED_EDGE('',*,*,#6076,.T.);
#6074=ORIENTED_EDGE('',*,*,#6077,.T.);
#6075=EDGE_CURVE('',#319,#321,#6078,.F.);
#6076=EDGE_CURVE('',#321,#257,#6079,.T.);
#6077=EDGE_CURVE('',#257,#319,#6080,.T.);
#6078=LINE('',#318,#6081);
#6079=LINE('',#320,#6082);
#6080=LINE('',#256,#6083);
#6081=VECTOR('',#6084,1.0);
#6082=VECTOR('',#6085,1.0);
#6083=VECTOR('',#6086,1.0);
#6084=DIRECTION('',(-1,0,0));
#6085=DIRECTION('',(0.9999897181290213,0.0045347145710036025,0));
#6086=DIRECTION('',(-0.9781428959003713,-0.20793382408746142,0));
#6087=FACE_SURFACE('',(#6092),#6088,.T.);
#6088=PLANE('',#6089);
#6089=AXIS2_PLACEMENT_3D('',#256,#6090,#6091);
#6090=DIRECTION('',(-0,0,-1));
#6091=DIRECTION('',(-0.9999897181290213,-0.0045347145710036025,0));
#6092=FACE_BOUND('',#6093,.T.);
#6093=EDGE_LOOP('',(#6094,#6095,#6096));
#6094=ORIENTED_EDGE('',*,*,#6097,.T.);
#6095=ORIENTED_EDGE('',*,*,#6098,.T.);
#6096=ORIENTED_EDGE('',*,*,#6099,.T.);
#6097=EDGE_CURVE('',#257,#321,#6100,.F.);
#6098=EDGE_CURVE('',#321,#323,#6101,.T.);
#6099=EDGE_CURVE('',#323,#257,#6102,.T.);
#6100=LINE('',#256,#6103);
#6101=LINE('',#320,#6104);
#6102=LINE('',#322,#6105);
#6103=VECTOR('',#6106,1.0);
#6104=VECTOR('',#6107,1.0);
#6105=VECTOR('',#6108,1.0);
#6106=DIRECTION('',(-0.9999897181290213,-0.0045347145710036025,0));
#6107=DIRECTION('',(-0.9781428959003713,0.20793382408746142,0));
#6108=DIRECTION('',(1,0,0));
#6109=FACE_SURFACE('',(#6114),#6110,.T.);
#6110=PLANE('',#6111);
#6111=AXIS2_PLACEMENT_3D('',#258,#6112,#6113);
#6112=DIRECTION('',(0,-1.3027863629529922E-16,-1));
#6113=DIRECTION('',(0.9775993113932496,-0.2104746691729061,2.7420352874550466E-17));
#6114=FACE_BOUND('',#6115,.T.);
#6115=EDGE_LOOP('',(#6116,#6117,#6118));
#6116=ORIENTED_EDGE('',*,*,#6119,.T.);
#6117=ORIENTED_EDGE('',*,*,#6120,.T.);
#6118=ORIENTED_EDGE('',*,*,#6121,.T.);
#6119=EDGE_CURVE('',#259,#257,#6122,.F.);
#6120=EDGE_CURVE('',#257,#323,#6123,.T.);
#6121=EDGE_CURVE('',#323,#259,#6124,.T.);
#6122=LINE('',#258,#6125);
#6123=LINE('',#256,#6126);
#6124=LINE('',#322,#6127);
#6125=VECTOR('',#6128,1.0);
#6126=VECTOR('',#6129,1.0);
#6127=VECTOR('',#6130,1.0);
#6128=DIRECTION('',(0.9775993113932496,-0.2104746691729061,2.7420352874550466E-17));
#6129=DIRECTION('',(-1,0,0));
#6130=DIRECTION('',(-0.04901602060029865,0.9987979924511818,-1.3012204039102256E-16));
#6131=FACE_SURFACE('',(#6136),#6132,.T.);
#6132=PLANE('',#6133);
#6133=AXIS2_PLACEMENT_3D('',#286,#6134,#6135);
#6134=DIRECTION('',(-0.06279951113279991,0.9980261626838653,0));
#6135=DIRECTION('',(0,0,-1));
#6136=FACE_BOUND('',#6137,.T.);
#6137=EDGE_LOOP('',(#6138,#6139,#6140));
#6138=ORIENTED_EDGE('',*,*,#6141,.T.);
#6139=ORIENTED_EDGE('',*,*,#6142,.T.);
#6140=ORIENTED_EDGE('',*,*,#6143,.T.);
#6141=EDGE_CURVE('',#287,#259,#6144,.F.);
#6142=EDGE_CURVE('',#259,#325,#6145,.T.);
#6143=EDGE_CURVE('',#325,#287,#6146,.T.);
#6144=LINE('',#286,#6147);
#6145=LINE('',#258,#6148);
#6146=LINE('',#324,#6149);
#6147=VECTOR('',#6150,1.0);
#6148=VECTOR('',#6151,1.0);
#6149=VECTOR('',#6152,1.0);
#6150=DIRECTION('',(0,0,-1));
#6151=DIRECTION('',(-0.12434576686949526,-0.007824297260743195,0.9922080984521405));
#6152=DIRECTION('',(0.9980261626838653,0.06279951113279991,0));
#6153=FACE_SURFACE('',(#6158),#6154,.T.);
#6154=PLANE('',#6155);
#6155=AXIS2_PLACEMENT_3D('',#324,#6156,#6157);
#6156=DIRECTION('',(-0.06279951113279991,0.9980261626838653,0));
#6157=DIRECTION('',(0.12434576686949526,0.007824297260743195,-0.9922080984521405));
#6158=FACE_BOUND('',#6159,.T.);
#6159=EDGE_LOOP('',(#6160,#6161,#6162));
#6160=ORIENTED_EDGE('',*,*,#6163,.T.);
#6161=ORIENTED_EDGE('',*,*,#6164,.T.);
#6162=ORIENTED_EDGE('',*,*,#6165,.T.);
#6163=EDGE_CURVE('',#325,#259,#6166,.F.);
#6164=EDGE_CURVE('',#259,#327,#6167,.T.);
#6165=EDGE_CURVE('',#327,#325,#6168,.T.);
#6166=LINE('',#324,#6169);
#6167=LINE('',#258,#6170);
#6168=LINE('',#326,#6171);
#6169=VECTOR('',#6172,1.0);
#6170=VECTOR('',#6173,1.0);
#6171=VECTOR('',#6174,1.0);
#6172=DIRECTION('',(0.12434576686949526,0.007824297260743195,-0.9922080984521405));
#6173=DIRECTION('',(-0.9980261626838653,-0.06279951113279991,0));
#6174=DIRECTION('',(0,0,1));
#6175=FACE_SURFACE('',(#6180),#6176,.T.);
#6176=PLANE('',#6177);
#6177=AXIS2_PLACEMENT_3D('',#288,#6178,#6179);
#6178=DIRECTION('',(0,1,0));
#6179=DIRECTION('',(-0.9844275755084819,0,-0.17579063848365753));
#6180=FACE_BOUND('',#6181,.T.);
#6181=EDGE_LOOP('',(#6182,#6183,#6184));
#6182=ORIENTED_EDGE('',*,*,#6185,.T.);
#6183=ORIENTED_EDGE('',*,*,#6186,.T.);
#6184=ORIENTED_EDGE('',*,*,#6187,.T.);
#6185=EDGE_CURVE('',#289,#259,#6188,.F.);
#6186=EDGE_CURVE('',#259,#287,#6189,.T.);
#6187=EDGE_CURVE('',#287,#289,#6190,.T.);
#6188=LINE('',#288,#6191);
#6189=LINE('',#258,#6192);
#6190=LINE('',#286,#6193);
#6191=VECTOR('',#6194,1.0);
#6192=VECTOR('',#6195,1.0);
#6193=VECTOR('',#6196,1.0);
#6194=DIRECTION('',(-0.9844275755084819,0,-0.17579063848365753));
#6195=DIRECTION('',(0,0,1));
#6196=DIRECTION('',(1,0,0));
#6197=FACE_SURFACE('',(#6202),#6198,.T.);
#6198=PLANE('',#6199);
#6199=AXIS2_PLACEMENT_3D('',#258,#6200,#6201);
#6200=DIRECTION('',(0,0,-1));
#6201=DIRECTION('',(-0.9921133817346374,-0.1253436786721289,0));
#6202=FACE_BOUND('',#6203,.T.);
#6203=EDGE_LOOP('',(#6204,#6205,#6206));
#6204=ORIENTED_EDGE('',*,*,#6207,.T.);
#6205=ORIENTED_EDGE('',*,*,#6208,.T.);
#6206=ORIENTED_EDGE('',*,*,#6209,.T.);
#6207=EDGE_CURVE('',#259,#329,#6210,.F.);
#6208=EDGE_CURVE('',#329,#327,#6211,.T.);
#6209=EDGE_CURVE('',#327,#259,#6212,.T.);
#6210=LINE('',#258,#6213);
#6211=LINE('',#328,#6214);
#6212=LINE('',#326,#6215);
#6213=VECTOR('',#6216,1.0);
#6214=VECTOR('',#6217,1.0);
#6215=VECTOR('',#6218,1.0);
#6216=DIRECTION('',(-0.9921133817346374,-0.1253436786721289,0));
#6217=DIRECTION('',(0.9822862899472372,0.1873863511083245,0));
#6218=DIRECTION('',(0.9980261626838653,0.06279951113279991,0));
#6219=FACE_SURFACE('',(#6224),#6220,.T.);
#6220=PLANE('',#6221);
#6221=AXIS2_PLACEMENT_3D('',#260,#6222,#6223);
#6222=DIRECTION('',(0,1,-0));
#6223=DIRECTION('',(-1,0,0));
#6224=FACE_BOUND('',#6225,.T.);
#6225=EDGE_LOOP('',(#6226,#6227,#6228));
#6226=ORIENTED_EDGE('',*,*,#6229,.T.);
#6227=ORIENTED_EDGE('',*,*,#6230,.T.);
#6228=ORIENTED_EDGE('',*,*,#6231,.T.);
#6229=EDGE_CURVE('',#261,#259,#6232,.F.);
#6230=EDGE_CURVE('',#259,#289,#6233,.T.);
#6231=EDGE_CURVE('',#289,#261,#6234,.T.);
#6232=LINE('',#260,#6235);
#6233=LINE('',#258,#6236);
#6234=LINE('',#288,#6237);
#6235=VECTOR('',#6238,1.0);
#6236=VECTOR('',#6239,1.0);
#6237=VECTOR('',#6240,1.0);
#6238=DIRECTION('',(-1,0,0));
#6239=DIRECTION('',(0.9844275755084819,0,0.17579063848365753));
#6240=DIRECTION('',(0,0,-1));
#6241=FACE_SURFACE('',(#6246),#6242,.T.);
#6242=PLANE('',#6243);
#6243=AXIS2_PLACEMENT_3D('',#258,#6244,#6245);
#6244=DIRECTION('',(0,0,-1));
#6245=DIRECTION('',(-0.9822858396970272,-0.18738871132143048,0));
#6246=FACE_BOUND('',#6247,.T.);
#6247=EDGE_LOOP('',(#6248,#6249,#6250));
#6248=ORIENTED_EDGE('',*,*,#6251,.T.);
#6249=ORIENTED_EDGE('',*,*,#6252,.T.);
#6250=ORIENTED_EDGE('',*,*,#6253,.T.);
#6251=EDGE_CURVE('',#259,#331,#6254,.F.);
#6252=EDGE_CURVE('',#331,#329,#6255,.T.);
#6253=EDGE_CURVE('',#329,#259,#6256,.T.);
#6254=LINE('',#258,#6257);
#6255=LINE('',#330,#6258);
#6256=LINE('',#328,#6259);
#6257=VECTOR('',#6260,1.0);
#6258=VECTOR('',#6261,1.0);
#6259=VECTOR('',#6262,1.0);
#6260=DIRECTION('',(-0.9822858396970272,-0.18738871132143048,0));
#6261=DIRECTION('',(0.9510569250426143,0.30901573637678564,0));
#6262=DIRECTION('',(0.9921133817346374,0.1253436786721289,0));
#6263=FACE_SURFACE('',(#6268),#6264,.T.);
#6264=PLANE('',#6265);
#6265=AXIS2_PLACEMENT_3D('',#258,#6266,#6267);
#6266=DIRECTION('',(5.329562419583969E-16,-2.7937401669617254E-15,-1));
#6267=DIRECTION('',(-0.9685822058333584,-0.2486936077646262,1.7857338882993966E-16));
#6268=FACE_BOUND('',#6269,.T.);
#6269=EDGE_LOOP('',(#6270,#6271,#6272));
#6270=ORIENTED_EDGE('',*,*,#6273,.T.);
#6271=ORIENTED_EDGE('',*,*,#6274,.T.);
#6272=ORIENTED_EDGE('',*,*,#6275,.T.);
#6273=EDGE_CURVE('',#259,#333,#6276,.F.);
#6274=EDGE_CURVE('',#333,#331,#6277,.T.);
#6275=EDGE_CURVE('',#331,#259,#6278,.T.);
#6276=LINE('',#258,#6279);
#6277=LINE('',#332,#6280);
#6278=LINE('',#330,#6281);
#6279=VECTOR('',#6282,1.0);
#6280=VECTOR('',#6283,1.0);
#6281=VECTOR('',#6284,1.0);
#6282=DIRECTION('',(-0.9685822058333584,-0.2486936077646262,1.7857338882993966E-16));
#6283=DIRECTION('',(0.9048341217574197,0.42576426823240915,-7.072377446903867E-16));
#6284=DIRECTION('',(0.9822858396970272,0.18738871132143048,0));
#6285=FACE_SURFACE('',(#6290),#6286,.T.);
#6286=PLANE('',#6287);
#6287=AXIS2_PLACEMENT_3D('',#258,#6288,#6289);
#6288=DIRECTION('',(-3.0963915524879E-16,4.878999032743534E-16,-1));
#6289=DIRECTION('',(-0.9510554327556426,-0.30902032914676886,1.4371301209271225E-16));
#6290=FACE_BOUND('',#6291,.T.);
#6291=EDGE_LOOP('',(#6292,#6293,#6294));
#6292=ORIENTED_EDGE('',*,*,#6295,.T.);
#6293=ORIENTED_EDGE('',*,*,#6296,.T.);
#6294=ORIENTED_EDGE('',*,*,#6297,.T.);
#6295=EDGE_CURVE('',#259,#335,#6298,.F.);
#6296=EDGE_CURVE('',#335,#333,#6299,.T.);
#6297=EDGE_CURVE('',#333,#259,#6300,.T.);
#6298=LINE('',#258,#6301);
#6299=LINE('',#334,#6302);
#6300=LINE('',#332,#6303);
#6301=VECTOR('',#6304,1.0);
#6302=VECTOR('',#6305,1.0);
#6303=VECTOR('',#6306,1.0);
#6304=DIRECTION('',(-0.9510554327556426,-0.30902032914676886,1.4371301209271225E-16));
#6305=DIRECTION('',(0.8443213009418666,0.5358372334728467,0));
#6306=DIRECTION('',(0.9685822058333584,0.2486936077646262,-1.7857338882993966E-16));
#6307=FACE_SURFACE('',(#6312),#6308,.T.);
#6308=PLANE('',#6309);
#6309=AXIS2_PLACEMENT_3D('',#258,#6310,#6311);
#6310=DIRECTION('',(-2.48851343997739E-16,3.0081648939261286E-16,-1));
#6311=DIRECTION('',(-0.9297747408671022,-0.3681289600744731,1.2063643246657158E-16));
#6312=FACE_BOUND('',#6313,.T.);
#6313=EDGE_LOOP('',(#6314,#6315,#6316));
#6314=ORIENTED_EDGE('',*,*,#6317,.T.);
#6315=ORIENTED_EDGE('',*,*,#6318,.T.);
#6316=ORIENTED_EDGE('',*,*,#6319,.T.);
#6317=EDGE_CURVE('',#259,#337,#6320,.F.);
#6318=EDGE_CURVE('',#337,#335,#6321,.T.);
#6319=EDGE_CURVE('',#335,#259,#6322,.T.);
#6320=LINE('',#258,#6323);
#6321=LINE('',#336,#6324);
#6322=LINE('',#334,#6325);
#6323=VECTOR('',#6326,1.0);
#6324=VECTOR('',#6327,1.0);
#6325=VECTOR('',#6328,1.0);
#6326=DIRECTION('',(-0.9297747408671022,-0.3681289600744731,1.2063643246657158E-16));
#6327=DIRECTION('',(0.770520411690271,0.6374153239204838,0));
#6328=DIRECTION('',(0.9510554327556426,0.30902032914676886,-1.4371301209271225E-16));
#6329=FACE_SURFACE('',(#6334),#6330,.T.);
#6330=PLANE('',#6331);
#6331=AXIS2_PLACEMENT_3D('',#258,#6332,#6333);
#6332=DIRECTION('',(0,-1.3027863629529922E-16,-1));
#6333=DIRECTION('',(0.04901602060029865,-0.9987979924511818,1.3012204039102256E-16));
#6334=FACE_BOUND('',#6335,.T.);
#6335=EDGE_LOOP('',(#6336,#6337,#6338));
#6336=ORIENTED_EDGE('',*,*,#6339,.T.);
#6337=ORIENTED_EDGE('',*,*,#6340,.T.);
#6338=ORIENTED_EDGE('',*,*,#6341,.T.);
#6339=EDGE_CURVE('',#259,#323,#6342,.F.);
#6340=EDGE_CURVE('',#323,#339,#6343,.T.);
#6341=EDGE_CURVE('',#339,#259,#6344,.T.);
#6342=LINE('',#258,#6345);
#6343=LINE('',#322,#6346);
#6344=LINE('',#338,#6347);
#6345=VECTOR('',#6348,1.0);
#6346=VECTOR('',#6349,1.0);
#6347=VECTOR('',#6350,1.0);
#6348=DIRECTION('',(0.04901602060029865,-0.9987979924511818,1.3012204039102256E-16));
#6349=DIRECTION('',(-1,0,0));
#6350=DIRECTION('',(0.048987475148448166,0.9987993929105985,-1.3012222284096553E-16));
#6351=FACE_SURFACE('',(#6356),#6352,.T.);
#6352=PLANE('',#6353);
#6353=AXIS2_PLACEMENT_3D('',#258,#6354,#6355);
#6354=DIRECTION('',(-2.0654458960390437E-16,1.9396330512941862E-16,-1));
#6355=DIRECTION('',(-0.9048260441923095,-0.42578143424918913,1.0430094971090785E-16));
#6356=FACE_BOUND('',#6357,.T.);
#6357=EDGE_LOOP('',(#6358,#6359,#6360));
#6358=ORIENTED_EDGE('',*,*,#6361,.T.);
#6359=ORIENTED_EDGE('',*,*,#6362,.T.);
#6360=ORIENTED_EDGE('',*,*,#6363,.T.);
#6361=EDGE_CURVE('',#259,#341,#6364,.F.);
#6362=EDGE_CURVE('',#341,#337,#6365,.T.);
#6363=EDGE_CURVE('',#337,#259,#6366,.T.);
#6364=LINE('',#258,#6367);
#6365=LINE('',#340,#6368);
#6366=LINE('',#336,#6369);
#6367=VECTOR('',#6370,1.0);
#6368=VECTOR('',#6371,1.0);
#6369=VECTOR('',#6372,1.0);
#6370=DIRECTION('',(-0.9048260441923095,-0.42578143424918913,1.0430094971090785E-16));
#6371=DIRECTION('',(0.684556530523921,0.7289597770227463,0));
#6372=DIRECTION('',(0.9297747408671022,0.3681289600744731,-1.2063643246657158E-16));
#6373=FACE_SURFACE('',(#6378),#6374,.T.);
#6374=PLANE('',#6375);
#6375=AXIS2_PLACEMENT_3D('',#258,#6376,#6377);
#6376=DIRECTION('',(-1.598023423814498E-17,-1.2949486396507558E-16,-1));
#6377=DIRECTION('',(-0.048987475148448166,-0.9987993929105985,1.3012222284096553E-16));
#6378=FACE_BOUND('',#6379,.T.);
#6379=EDGE_LOOP('',(#6380,#6381,#6382));
#6380=ORIENTED_EDGE('',*,*,#6383,.T.);
#6381=ORIENTED_EDGE('',*,*,#6384,.T.);
#6382=ORIENTED_EDGE('',*,*,#6385,.T.);
#6383=EDGE_CURVE('',#259,#339,#6386,.F.);
#6384=EDGE_CURVE('',#339,#343,#6387,.T.);
#6385=EDGE_CURVE('',#343,#259,#6388,.T.);
#6386=LINE('',#258,#6389);
#6387=LINE('',#338,#6390);
#6388=LINE('',#342,#6391);
#6389=VECTOR('',#6392,1.0);
#6390=VECTOR('',#6393,1.0);
#6391=VECTOR('',#6394,1.0);
#6392=DIRECTION('',(-0.048987475148448166,-0.9987993929105985,1.3012222284096553E-16));
#6393=DIRECTION('',(-0.9924715563855286,0.12247534350099354,0));
#6394=DIRECTION('',(0.8443243460231618,0.5358324352934974,-8.288004913882532E-17));
#6395=FACE_SURFACE('',(#6400),#6396,.T.);
#6396=PLANE('',#6397);
#6397=AXIS2_PLACEMENT_3D('',#258,#6398,#6399);
#6398=DIRECTION('',(-1.7514803765721148E-16,1.272426460915273E-16,-1));
#6399=DIRECTION('',(-0.8763042740968103,-0.48175805047727244,9.218280488005979E-17));
#6400=FACE_BOUND('',#6401,.T.);
#6401=EDGE_LOOP('',(#6402,#6403,#6404));
#6402=ORIENTED_EDGE('',*,*,#6405,.T.);
#6403=ORIENTED_EDGE('',*,*,#6406,.T.);
#6404=ORIENTED_EDGE('',*,*,#6407,.T.);
#6405=EDGE_CURVE('',#259,#345,#6408,.F.);
#6406=EDGE_CURVE('',#345,#341,#6409,.T.);
#6407=EDGE_CURVE('',#341,#259,#6410,.T.);
#6408=LINE('',#258,#6411);
#6409=LINE('',#344,#6412);
#6410=LINE('',#340,#6413);
#6411=VECTOR('',#6414,1.0);
#6412=VECTOR('',#6415,1.0);
#6413=VECTOR('',#6416,1.0);
#6414=DIRECTION('',(-0.8763042740968103,-0.48175805047727244,9.218280488005979E-17));
#6415=DIRECTION('',(0.587755466589099,0.8090386341174507,0));
#6416=DIRECTION('',(0.9048260441923095,0.42578143424918913,-1.0430094971090785E-16));
#6417=FACE_SURFACE('',(#6422),#6418,.T.);
#6418=PLANE('',#6419);
#6419=AXIS2_PLACEMENT_3D('',#258,#6420,#6421);
#6420=DIRECTION('',(-1.5075766707010604E-16,8.287725153068656E-17,-1));
#6421=DIRECTION('',(-0.8443243460231618,-0.5358324352934974,8.288004913882532E-17));
#6422=FACE_BOUND('',#6423,.T.);
#6423=EDGE_LOOP('',(#6424,#6425,#6426));
#6424=ORIENTED_EDGE('',*,*,#6427,.T.);
#6425=ORIENTED_EDGE('',*,*,#6428,.T.);
#6426=ORIENTED_EDGE('',*,*,#6429,.T.);
#6427=EDGE_CURVE('',#259,#343,#6430,.F.);
#6428=EDGE_CURVE('',#343,#345,#6431,.T.);
#6429=EDGE_CURVE('',#345,#259,#6432,.T.);
#6430=LINE('',#258,#6433);
#6431=LINE('',#342,#6434);
#6432=LINE('',#344,#6435);
#6433=VECTOR('',#6436,1.0);
#6434=VECTOR('',#6437,1.0);
#6435=VECTOR('',#6438,1.0);
#6436=DIRECTION('',(-0.8443243460231618,-0.5358324352934974,8.288004913882532E-17));
#6437=DIRECTION('',(0.4817426162394886,0.8763127590642126,0));
#6438=DIRECTION('',(0.8763042740968103,0.48175805047727244,-9.218280488005979E-17));
#6439=FACE_SURFACE('',(#6444),#6440,.T.);
#6440=PLANE('',#6441);
#6441=AXIS2_PLACEMENT_3D('',#288,#6442,#6443);
#6442=DIRECTION('',(0.05605597290939423,0.9984276277733811,0));
#6443=DIRECTION('',(0.11127506748916412,-0.006247455494169667,-0.99377000792695));
#6444=FACE_BOUND('',#6445,.T.);
#6445=EDGE_LOOP('',(#6446,#6447,#6448));
#6446=ORIENTED_EDGE('',*,*,#6449,.T.);
#6447=ORIENTED_EDGE('',*,*,#6450,.T.);
#6448=ORIENTED_EDGE('',*,*,#6451,.T.);
#6449=EDGE_CURVE('',#289,#263,#6452,.F.);
#6450=EDGE_CURVE('',#263,#261,#6453,.T.);
#6451=EDGE_CURVE('',#261,#289,#6454,.T.);
#6452=LINE('',#288,#6455);
#6453=LINE('',#262,#6456);
#6454=LINE('',#260,#6457);
#6455=VECTOR('',#6458,1.0);
#6456=VECTOR('',#6459,1.0);
#6457=VECTOR('',#6460,1.0);
#6458=DIRECTION('',(0.11127506748916412,-0.006247455494169667,-0.99377000792695));
#6459=DIRECTION('',(-0.9984276277733811,0.056055972909394215,0));
#6460=DIRECTION('',(0,0,1));
#6461=FACE_SURFACE('',(#6466),#6462,.T.);
#6462=PLANE('',#6463);
#6463=AXIS2_PLACEMENT_3D('',#290,#6464,#6465);
#6464=DIRECTION('',(0.05605597290939423,0.9984276277733811,0));
#6465=DIRECTION('',(0,0,-1));
#6466=FACE_BOUND('',#6467,.T.);
#6467=EDGE_LOOP('',(#6468,#6469,#6470));
#6468=ORIENTED_EDGE('',*,*,#6471,.T.);
#6469=ORIENTED_EDGE('',*,*,#6472,.T.);
#6470=ORIENTED_EDGE('',*,*,#6473,.T.);
#6471=EDGE_CURVE('',#291,#263,#6474,.F.);
#6472=EDGE_CURVE('',#263,#289,#6475,.T.);
#6473=EDGE_CURVE('',#289,#291,#6476,.T.);
#6474=LINE('',#290,#6477);
#6475=LINE('',#262,#6478);
#6476=LINE('',#288,#6479);
#6477=VECTOR('',#6480,1.0);
#6478=VECTOR('',#6481,1.0);
#6479=VECTOR('',#6482,1.0);
#6480=DIRECTION('',(0,0,-1));
#6481=DIRECTION('',(-0.11127506748916412,0.006247455494169667,0.99377000792695));
#6482=DIRECTION('',(0.9984276277733811,-0.056055972909394215,0));
#6483=FACE_SURFACE('',(#6488),#6484,.T.);
#6484=PLANE('',#6485);
#6485=AXIS2_PLACEMENT_3D('',#290,#6486,#6487);
#6486=DIRECTION('',(0.16752609111561625,0.985867642635421,0));
#6487=DIRECTION('',(0.10986796528488639,-0.018669596167900378,-0.9937708369554252));
#6488=FACE_BOUND('',#6489,.T.);
#6489=EDGE_LOOP('',(#6490,#6491,#6492));
#6490=ORIENTED_EDGE('',*,*,#6493,.T.);
#6491=ORIENTED_EDGE('',*,*,#6494,.T.);
#6492=ORIENTED_EDGE('',*,*,#6495,.T.);
#6493=EDGE_CURVE('',#291,#265,#6496,.F.);
#6494=EDGE_CURVE('',#265,#263,#6497,.T.);
#6495=EDGE_CURVE('',#263,#291,#6498,.T.);
#6496=LINE('',#290,#6499);
#6497=LINE('',#264,#6500);
#6498=LINE('',#262,#6501);
#6499=VECTOR('',#6502,1.0);
#6500=VECTOR('',#6503,1.0);
#6501=VECTOR('',#6504,1.0);
#6502=DIRECTION('',(0.10986796528488639,-0.018669596167900378,-0.9937708369554252));
#6503=DIRECTION('',(-0.985867642635421,0.1675260911156162,0));
#6504=DIRECTION('',(0,0,1));
#6505=FACE_SURFACE('',(#6510),#6506,.T.);
#6506=PLANE('',#6507);
#6507=AXIS2_PLACEMENT_3D('',#292,#6508,#6509);
#6508=DIRECTION('',(0.16752609111561625,0.985867642635421,0));
#6509=DIRECTION('',(0,0,-1));
#6510=FACE_BOUND('',#6511,.T.);
#6511=EDGE_LOOP('',(#6512,#6513,#6514));
#6512=ORIENTED_EDGE('',*,*,#6515,.T.);
#6513=ORIENTED_EDGE('',*,*,#6516,.T.);
#6514=ORIENTED_EDGE('',*,*,#6517,.T.);
#6515=EDGE_CURVE('',#293,#265,#6518,.F.);
#6516=EDGE_CURVE('',#265,#291,#6519,.T.);
#6517=EDGE_CURVE('',#291,#293,#6520,.T.);
#6518=LINE('',#292,#6521);
#6519=LINE('',#264,#6522);
#6520=LINE('',#290,#6523);
#6521=VECTOR('',#6524,1.0);
#6522=VECTOR('',#6525,1.0);
#6523=VECTOR('',#6526,1.0);
#6524=DIRECTION('',(0,0,-1));
#6525=DIRECTION('',(-0.10986796528488639,0.018669596167900378,0.9937708369554252));
#6526=DIRECTION('',(0.985867642635421,-0.1675260911156162,0));
#6527=FACE_SURFACE('',(#6532),#6528,.T.);
#6528=PLANE('',#6529);
#6529=AXIS2_PLACEMENT_3D('',#292,#6530,#6531);
#6530=DIRECTION('',(0.2768050587650662,0.96092609468266,0));
#6531=DIRECTION('',(0.10709234486142162,-0.030849097528612958,-0.9937703773275557));
#6532=FACE_BOUND('',#6533,.T.);
#6533=EDGE_LOOP('',(#6534,#6535,#6536));
#6534=ORIENTED_EDGE('',*,*,#6537,.T.);
#6535=ORIENTED_EDGE('',*,*,#6538,.T.);
#6536=ORIENTED_EDGE('',*,*,#6539,.T.);
#6537=EDGE_CURVE('',#293,#269,#6540,.F.);
#6538=EDGE_CURVE('',#269,#265,#6541,.T.);
#6539=EDGE_CURVE('',#265,#293,#6542,.T.);
#6540=LINE('',#292,#6543);
#6541=LINE('',#268,#6544);
#6542=LINE('',#264,#6545);
#6543=VECTOR('',#6546,1.0);
#6544=VECTOR('',#6547,1.0);
#6545=VECTOR('',#6548,1.0);
#6546=DIRECTION('',(0.10709234486142162,-0.030849097528612958,-0.9937703773275557));
#6547=DIRECTION('',(-0.9609260946826599,0.27680505876506617,0));
#6548=DIRECTION('',(0,0,1));
#6549=FACE_SURFACE('',(#6554),#6550,.T.);
#6550=PLANE('',#6551);
#6551=AXIS2_PLACEMENT_3D('',#294,#6552,#6553);
#6552=DIRECTION('',(0.38274085872668656,0.9238557436424577,0));
#6553=DIRECTION('',(0,0,-1));
#6554=FACE_BOUND('',#6555,.T.);
#6555=EDGE_LOOP('',(#6556,#6557,#6558));
#6556=ORIENTED_EDGE('',*,*,#6559,.T.);
#6557=ORIENTED_EDGE('',*,*,#6560,.T.);
#6558=ORIENTED_EDGE('',*,*,#6561,.T.);
#6559=EDGE_CURVE('',#295,#267,#6562,.F.);
#6560=EDGE_CURVE('',#267,#297,#6563,.T.);
#6561=EDGE_CURVE('',#297,#295,#6564,.T.);
#6562=LINE('',#294,#6565);
#6563=LINE('',#266,#6566);
#6564=LINE('',#296,#6567);
#6565=VECTOR('',#6568,1.0);
#6566=VECTOR('',#6569,1.0);
#6567=VECTOR('',#6570,1.0);
#6568=DIRECTION('',(0,0,-1));
#6569=DIRECTION('',(-0.10294855605921488,0.0426501854017001,0.9937718835278664));
#6570=DIRECTION('',(0.9238557436424578,-0.38274085872668656,0));
#6571=FACE_SURFACE('',(#6576),#6572,.T.);
#6572=PLANE('',#6573);
#6573=AXIS2_PLACEMENT_3D('',#296,#6574,#6575);
#6574=DIRECTION('',(0.38274085872668656,0.9238557436424577,0));
#6575=DIRECTION('',(0.10294855605921488,-0.0426501854017001,-0.9937718835278664));
#6576=FACE_BOUND('',#6577,.T.);
#6577=EDGE_LOOP('',(#6578,#6579,#6580));
#6578=ORIENTED_EDGE('',*,*,#6581,.T.);
#6579=ORIENTED_EDGE('',*,*,#6582,.T.);
#6580=ORIENTED_EDGE('',*,*,#6583,.T.);
#6581=EDGE_CURVE('',#297,#267,#6584,.F.);
#6582=EDGE_CURVE('',#267,#269,#6585,.T.);
#6583=EDGE_CURVE('',#269,#297,#6586,.T.);
#6584=LINE('',#296,#6587);
#6585=LINE('',#266,#6588);
#6586=LINE('',#268,#6589);
#6587=VECTOR('',#6590,1.0);
#6588=VECTOR('',#6591,1.0);
#6589=VECTOR('',#6592,1.0);
#6590=DIRECTION('',(0.10294855605921488,-0.0426501854017001,-0.9937718835278664));
#6591=DIRECTION('',(-0.9238557436424578,0.38274085872668656,-7.920832428783031E-16));
#6592=DIRECTION('',(0,0,1));
#6593=FACE_SURFACE('',(#6598),#6594,.T.);
#6594=PLANE('',#6595);
#6595=AXIS2_PLACEMENT_3D('',#296,#6596,#6597);
#6596=DIRECTION('',(0.2768050587650662,0.96092609468266,0));
#6597=DIRECTION('',(0,0,-1));
#6598=FACE_BOUND('',#6599,.T.);
#6599=EDGE_LOOP('',(#6600,#6601,#6602));
#6600=ORIENTED_EDGE('',*,*,#6603,.T.);
#6601=ORIENTED_EDGE('',*,*,#6604,.T.);
#6602=ORIENTED_EDGE('',*,*,#6605,.T.);
#6603=EDGE_CURVE('',#297,#269,#6606,.F.);
#6604=EDGE_CURVE('',#269,#293,#6607,.T.);
#6605=EDGE_CURVE('',#293,#297,#6608,.T.);
#6606=LINE('',#296,#6609);
#6607=LINE('',#268,#6610);
#6608=LINE('',#292,#6611);
#6609=VECTOR('',#6612,1.0);
#6610=VECTOR('',#6613,1.0);
#6611=VECTOR('',#6614,1.0);
#6612=DIRECTION('',(0,0,-1));
#6613=DIRECTION('',(-0.10709234486142162,0.030849097528612958,0.9937703773275557));
#6614=DIRECTION('',(0.9609260946826599,-0.27680505876506617,0));
#6615=FACE_SURFACE('',(#6620),#6616,.T.);
#6616=PLANE('',#6617);
#6617=AXIS2_PLACEMENT_3D('',#346,#6618,#6619);
#6618=DIRECTION('',(-1,-0,-0));
#6619=DIRECTION('',(0,0,-1));
#6620=FACE_BOUND('',#6621,.T.);
#6621=EDGE_LOOP('',(#6622,#6623,#6624));
#6622=ORIENTED_EDGE('',*,*,#6625,.T.);
#6623=ORIENTED_EDGE('',*,*,#6626,.T.);
#6624=ORIENTED_EDGE('',*,*,#6627,.T.);
#6625=EDGE_CURVE('',#347,#301,#6628,.F.);
#6626=EDGE_CURVE('',#301,#273,#6629,.T.);
#6627=EDGE_CURVE('',#273,#347,#6630,.T.);
#6628=LINE('',#346,#6631);
#6629=LINE('',#300,#6632);
#6630=LINE('',#272,#6633);
#6631=VECTOR('',#6634,1.0);
#6632=VECTOR('',#6635,1.0);
#6633=VECTOR('',#6636,1.0);
#6634=DIRECTION('',(0,0,-1));
#6635=DIRECTION('',(0,-0.12460237104338051,0.9922067572488951));
#6636=DIRECTION('',(0,1,0));
#6637=FACE_SURFACE('',(#6642),#6638,.T.);
#6638=PLANE('',#6639);
#6639=AXIS2_PLACEMENT_3D('',#348,#6640,#6641);
#6640=DIRECTION('',(0,0,1));
#6641=DIRECTION('',(-0.9957392963486847,0.09221308858847696,0));
#6642=FACE_BOUND('',#6643,.T.);
#6643=EDGE_LOOP('',(#6644,#6645,#6646));
#6644=ORIENTED_EDGE('',*,*,#6647,.T.);
#6645=ORIENTED_EDGE('',*,*,#6648,.T.);
#6646=ORIENTED_EDGE('',*,*,#6649,.T.);
#6647=EDGE_CURVE('',#349,#347,#6650,.F.);
#6648=EDGE_CURVE('',#347,#273,#6651,.T.);
#6649=EDGE_CURVE('',#273,#349,#6652,.T.);
#6650=LINE('',#348,#6653);
#6651=LINE('',#346,#6654);
#6652=LINE('',#272,#6655);
#6653=VECTOR('',#6656,1.0);
#6654=VECTOR('',#6657,1.0);
#6655=VECTOR('',#6658,1.0);
#6656=DIRECTION('',(-0.9957392963486847,0.09221308858847696,0));
#6657=DIRECTION('',(0,-1,0));
#6658=DIRECTION('',(0.9957392963486847,0.09221308858847696,0));
#6659=FACE_SURFACE('',(#6664),#6660,.T.);
#6660=PLANE('',#6661);
#6661=AXIS2_PLACEMENT_3D('',#274,#6662,#6663);
#6662=DIRECTION('',(0,0,1));
#6663=DIRECTION('',(-0.30903655969634947,0.951050158914368,0));
#6664=FACE_BOUND('',#6665,.T.);
#6665=EDGE_LOOP('',(#6666,#6667,#6668));
#6666=ORIENTED_EDGE('',*,*,#6669,.T.);
#6667=ORIENTED_EDGE('',*,*,#6670,.T.);
#6668=ORIENTED_EDGE('',*,*,#6671,.T.);
#6669=EDGE_CURVE('',#275,#351,#6672,.F.);
#6670=EDGE_CURVE('',#351,#273,#6673,.T.);
#6671=EDGE_CURVE('',#273,#275,#6674,.T.);
#6672=LINE('',#274,#6675);
#6673=LINE('',#350,#6676);
#6674=LINE('',#272,#6677);
#6675=VECTOR('',#6678,1.0);
#6676=VECTOR('',#6679,1.0);
#6677=VECTOR('',#6680,1.0);
#6678=DIRECTION('',(-0.30903655969634947,0.951050158914368,0));
#6679=DIRECTION('',(-0.999985094312216,0.005459959101325503,0));
#6680=DIRECTION('',(0.9954748939648211,-0.09502492034055238,0));
#6681=FACE_SURFACE('',(#6686),#6682,.T.);
#6682=PLANE('',#6683);
#6683=AXIS2_PLACEMENT_3D('',#348,#6684,#6685);
#6684=DIRECTION('',(0,0,1));
#6685=DIRECTION('',(-0.9957392963486847,-0.09221308858847696,0));
#6686=FACE_BOUND('',#6687,.T.);
#6687=EDGE_LOOP('',(#6688,#6689,#6690));
#6688=ORIENTED_EDGE('',*,*,#6691,.T.);
#6689=ORIENTED_EDGE('',*,*,#6692,.T.);
#6690=ORIENTED_EDGE('',*,*,#6693,.T.);
#6691=EDGE_CURVE('',#349,#273,#6694,.F.);
#6692=EDGE_CURVE('',#273,#351,#6695,.T.);
#6693=EDGE_CURVE('',#351,#349,#6696,.T.);
#6694=LINE('',#348,#6697);
#6695=LINE('',#272,#6698);
#6696=LINE('',#350,#6699);
#6697=VECTOR('',#6700,1.0);
#6698=VECTOR('',#6701,1.0);
#6699=VECTOR('',#6702,1.0);
#6700=DIRECTION('',(-0.9957392963486847,-0.09221308858847696,0));
#6701=DIRECTION('',(0.999985094312216,-0.005459959101325503,0));
#6702=DIRECTION('',(-0.10452140591741298,0.9945226371003565,0));
#6703=FACE_SURFACE('',(#6708),#6704,.T.);
#6704=PLANE('',#6705);
#6705=AXIS2_PLACEMENT_3D('',#274,#6706,#6707);
#6706=DIRECTION('',(0.9510501589143681,0.3090365596963495,0));
#6707=DIRECTION('',(-0.020627722037433783,0.0634811568605957,-0.9977698330813508));
#6708=FACE_BOUND('',#6709,.T.);
#6709=EDGE_LOOP('',(#6710,#6711,#6712));
#6710=ORIENTED_EDGE('',*,*,#6713,.T.);
#6711=ORIENTED_EDGE('',*,*,#6714,.T.);
#6712=ORIENTED_EDGE('',*,*,#6715,.T.);
#6713=EDGE_CURVE('',#275,#305,#6716,.F.);
#6714=EDGE_CURVE('',#305,#351,#6717,.T.);
#6715=EDGE_CURVE('',#351,#275,#6718,.T.);
#6716=LINE('',#274,#6719);
#6717=LINE('',#304,#6720);
#6718=LINE('',#350,#6721);
#6719=VECTOR('',#6722,1.0);
#6720=VECTOR('',#6723,1.0);
#6721=VECTOR('',#6724,1.0);
#6722=DIRECTION('',(-0.020627722037433783,0.0634811568605957,-0.9977698330813508));
#6723=DIRECTION('',(0,0,1));
#6724=DIRECTION('',(0.30903655969634947,-0.951050158914368,0));
#6725=FACE_SURFACE('',(#6730),#6726,.T.);
#6726=PLANE('',#6727);
#6727=AXIS2_PLACEMENT_3D('',#298,#6728,#6729);
#6728=DIRECTION('',(-0.7431816156225826,0.6690897445041344,0));
#6729=DIRECTION('',(0,0,1));
#6730=FACE_BOUND('',#6731,.T.);
#6731=EDGE_LOOP('',(#6732,#6733,#6734));
#6732=ORIENTED_EDGE('',*,*,#6735,.T.);
#6733=ORIENTED_EDGE('',*,*,#6736,.T.);
#6734=ORIENTED_EDGE('',*,*,#6737,.T.);
#6735=EDGE_CURVE('',#299,#279,#6738,.F.);
#6736=EDGE_CURVE('',#279,#353,#6739,.T.);
#6737=EDGE_CURVE('',#353,#299,#6740,.T.);
#6738=LINE('',#298,#6741);
#6739=LINE('',#278,#6742);
#6740=LINE('',#352,#6743);
#6741=VECTOR('',#6744,1.0);
#6742=VECTOR('',#6745,1.0);
#6743=VECTOR('',#6746,1.0);
#6744=DIRECTION('',(0,0,1));
#6745=DIRECTION('',(0.6690897445041344,0.7431816156225827,0));
#6746=DIRECTION('',(-0.04465606718650202,-0.049601071353455935,-0.9977702989085333));
#6747=FACE_SURFACE('',(#6752),#6748,.T.);
#6748=PLANE('',#6749);
#6749=AXIS2_PLACEMENT_3D('',#354,#6750,#6751);
#6750=DIRECTION('',(0,0,1));
#6751=DIRECTION('',(-1,0,0));
#6752=FACE_BOUND('',#6753,.T.);
#6753=EDGE_LOOP('',(#6754,#6755,#6756));
#6754=ORIENTED_EDGE('',*,*,#6757,.T.);
#6755=ORIENTED_EDGE('',*,*,#6758,.T.);
#6756=ORIENTED_EDGE('',*,*,#6759,.T.);
#6757=EDGE_CURVE('',#355,#353,#6760,.F.);
#6758=EDGE_CURVE('',#353,#279,#6761,.T.);
#6759=EDGE_CURVE('',#279,#355,#6762,.T.);
#6760=LINE('',#354,#6763);
#6761=LINE('',#352,#6764);
#6762=LINE('',#278,#6765);
#6763=VECTOR('',#6766,1.0);
#6764=VECTOR('',#6767,1.0);
#6765=VECTOR('',#6768,1.0);
#6766=DIRECTION('',(-1,0,0));
#6767=DIRECTION('',(-0.6690897445041344,-0.7431816156225827,0));
#6768=DIRECTION('',(0.9998338826628111,0.018226548751969746,0));
#6769=FACE_SURFACE('',(#6774),#6770,.T.);
#6770=PLANE('',#6771);
#6771=AXIS2_PLACEMENT_3D('',#354,#6772,#6773);
#6772=DIRECTION('',(0,0,1));
#6773=DIRECTION('',(-0.9998338826628111,-0.018226548751969746,0));
#6774=FACE_BOUND('',#6775,.T.);
#6775=EDGE_LOOP('',(#6776,#6777,#6778));
#6776=ORIENTED_EDGE('',*,*,#6779,.T.);
#6777=ORIENTED_EDGE('',*,*,#6780,.T.);
#6778=ORIENTED_EDGE('',*,*,#6781,.T.);
#6779=EDGE_CURVE('',#355,#279,#6782,.F.);
#6780=EDGE_CURVE('',#279,#281,#6783,.T.);
#6781=EDGE_CURVE('',#281,#355,#6784,.T.);
#6782=LINE('',#354,#6785);
#6783=LINE('',#278,#6786);
#6784=LINE('',#280,#6787);
#6785=VECTOR('',#6788,1.0);
#6786=VECTOR('',#6789,1.0);
#6787=VECTOR('',#6790,1.0);
#6788=DIRECTION('',(-0.9998338826628111,-0.018226548751969746,0));
#6789=DIRECTION('',(1,0,0));
#6790=DIRECTION('',(-0.6691703678463873,0.7431090221470407,0));
#6791=FACE_SURFACE('',(#6796),#6792,.T.);
#6792=PLANE('',#6793);
#6793=AXIS2_PLACEMENT_3D('',#280,#6794,#6795);
#6794=DIRECTION('',(0.7431090221470406,0.6691703678463872,0));
#6795=DIRECTION('',(0,0,-1));
#6796=FACE_BOUND('',#6797,.T.);
#6797=EDGE_LOOP('',(#6798,#6799,#6800));
#6798=ORIENTED_EDGE('',*,*,#6801,.T.);
#6799=ORIENTED_EDGE('',*,*,#6802,.T.);
#6800=ORIENTED_EDGE('',*,*,#6803,.T.);
#6801=EDGE_CURVE('',#281,#283,#6804,.F.);
#6802=EDGE_CURVE('',#283,#357,#6805,.T.);
#6803=EDGE_CURVE('',#357,#281,#6806,.T.);
#6804=LINE('',#280,#6807);
#6805=LINE('',#282,#6808);
#6806=LINE('',#356,#6809);
#6807=VECTOR('',#6810,1.0);
#6808=VECTOR('',#6811,1.0);
#6809=VECTOR('',#6812,1.0);
#6810=DIRECTION('',(0,0,-1));
#6811=DIRECTION('',(-0.6691703678463873,0.7431090221470407,0));
#6812=DIRECTION('',(0.04466579159989057,-0.04960104976859576,0.9977698647095975));
#6813=FACE_SURFACE('',(#6818),#6814,.T.);
#6814=PLANE('',#6815);
#6815=AXIS2_PLACEMENT_3D('',#280,#6816,#6817);
#6816=DIRECTION('',(0.7431090221470406,0.6691703678463872,0));
#6817=DIRECTION('',(-0.04466579159989057,0.04960104976859576,-0.9977698647095975));
#6818=FACE_BOUND('',#6819,.T.);
#6819=EDGE_LOOP('',(#6820,#6821,#6822));
#6820=ORIENTED_EDGE('',*,*,#6823,.T.);
#6821=ORIENTED_EDGE('',*,*,#6824,.T.);
#6822=ORIENTED_EDGE('',*,*,#6825,.T.);
#6823=EDGE_CURVE('',#281,#357,#6826,.F.);
#6824=EDGE_CURVE('',#357,#355,#6827,.T.);
#6825=EDGE_CURVE('',#355,#281,#6828,.T.);
#6826=LINE('',#280,#6829);
#6827=LINE('',#356,#6830);
#6828=LINE('',#354,#6831);
#6829=VECTOR('',#6832,1.0);
#6830=VECTOR('',#6833,1.0);
#6831=VECTOR('',#6834,1.0);
#6832=DIRECTION('',(-0.04466579159989057,0.04960104976859576,-0.9977698647095975));
#6833=DIRECTION('',(0,0,1));
#6834=DIRECTION('',(0.6691703678463873,-0.7431090221470407,0));
#6835=FACE_SURFACE('',(#6840),#6836,.T.);
#6836=PLANE('',#6837);
#6837=AXIS2_PLACEMENT_3D('',#282,#6838,#6839);
#6838=DIRECTION('',(0,0,-1));
#6839=DIRECTION('',(-1,0,0));
#6840=FACE_BOUND('',#6841,.T.);
#6841=EDGE_LOOP('',(#6842,#6843,#6844));
#6842=ORIENTED_EDGE('',*,*,#6845,.T.);
#6843=ORIENTED_EDGE('',*,*,#6846,.T.);
#6844=ORIENTED_EDGE('',*,*,#6847,.T.);
#6845=EDGE_CURVE('',#283,#299,#6848,.F.);
#6846=EDGE_CURVE('',#299,#357,#6849,.T.);
#6847=EDGE_CURVE('',#357,#283,#6850,.T.);
#6848=LINE('',#282,#6851);
#6849=LINE('',#298,#6852);
#6850=LINE('',#356,#6853);
#6851=VECTOR('',#6854,1.0);
#6852=VECTOR('',#6855,1.0);
#6853=VECTOR('',#6856,1.0);
#6854=DIRECTION('',(-1,0,0));
#6855=DIRECTION('',(0.9998338826628111,0.018226548751969746,0));
#6856=DIRECTION('',(0.6691703678463873,-0.7431090221470407,0));
#6857=FACE_SURFACE('',(#6862),#6858,.T.);
#6858=PLANE('',#6859);
#6859=AXIS2_PLACEMENT_3D('',#358,#6860,#6861);
#6860=DIRECTION('',(0.13045451257138732,-0.9914542955425437,0));
#6861=DIRECTION('',(0,0,-1));
#6862=FACE_BOUND('',#6863,.T.);
#6863=EDGE_LOOP('',(#6864,#6865,#6866));
#6864=ORIENTED_EDGE('',*,*,#6867,.T.);
#6865=ORIENTED_EDGE('',*,*,#6868,.T.);
#6866=ORIENTED_EDGE('',*,*,#6869,.T.);
#6867=EDGE_CURVE('',#359,#311,#6870,.F.);
#6868=EDGE_CURVE('',#311,#285,#6871,.T.);
#6869=EDGE_CURVE('',#285,#359,#6872,.T.);
#6870=LINE('',#358,#6873);
#6871=LINE('',#310,#6874);
#6872=LINE('',#284,#6875);
#6873=VECTOR('',#6876,1.0);
#6874=VECTOR('',#6877,1.0);
#6875=VECTOR('',#6878,1.0);
#6876=DIRECTION('',(0,0,-1));
#6877=DIRECTION('',(0.05169715565533552,0.0068022573230704635,0.9986396414084806));
#6878=DIRECTION('',(-0.9914542955425438,-0.13045451257138735,0));
#6879=FACE_SURFACE('',(#6884),#6880,.T.);
#6880=PLANE('',#6881);
#6881=AXIS2_PLACEMENT_3D('',#284,#6882,#6883);
#6882=DIRECTION('',(0,0,1));
#6883=DIRECTION('',(-0.999995669511139,-0.002942950724808737,0));
#6884=FACE_BOUND('',#6885,.T.);
#6885=EDGE_LOOP('',(#6886,#6887,#6888));
#6886=ORIENTED_EDGE('',*,*,#6889,.T.);
#6887=ORIENTED_EDGE('',*,*,#6890,.T.);
#6888=ORIENTED_EDGE('',*,*,#6891,.T.);
#6889=EDGE_CURVE('',#285,#307,#6892,.F.);
#6890=EDGE_CURVE('',#307,#359,#6893,.T.);
#6891=EDGE_CURVE('',#359,#285,#6894,.T.);
#6892=LINE('',#284,#6895);
#6893=LINE('',#306,#6896);
#6894=LINE('',#358,#6897);
#6895=VECTOR('',#6898,1.0);
#6896=VECTOR('',#6899,1.0);
#6897=VECTOR('',#6900,1.0);
#6898=DIRECTION('',(-0.999995669511139,-0.002942950724808737,0));
#6899=DIRECTION('',(1,0,0));
#6900=DIRECTION('',(0.9914542955425438,0.13045451257138735,0));
#6901=FACE_SURFACE('',(#6906),#6902,.T.);
#6902=PLANE('',#6903);
#6903=AXIS2_PLACEMENT_3D('',#286,#6904,#6905);
#6904=DIRECTION('',(0,0,1));
#6905=DIRECTION('',(-0.9980261626838653,-0.06279951113279991,0));
#6906=FACE_BOUND('',#6907,.T.);
#6907=EDGE_LOOP('',(#6908,#6909,#6910));
#6908=ORIENTED_EDGE('',*,*,#6911,.T.);
#6909=ORIENTED_EDGE('',*,*,#6912,.T.);
#6910=ORIENTED_EDGE('',*,*,#6913,.T.);
#6911=EDGE_CURVE('',#287,#325,#6914,.F.);
#6912=EDGE_CURVE('',#325,#361,#6915,.T.);
#6913=EDGE_CURVE('',#361,#287,#6916,.T.);
#6914=LINE('',#286,#6917);
#6915=LINE('',#324,#6918);
#6916=LINE('',#360,#6919);
#6917=VECTOR('',#6920,1.0);
#6918=VECTOR('',#6921,1.0);
#6919=VECTOR('',#6922,1.0);
#6920=DIRECTION('',(-0.9980261626838653,-0.06279951113279991,0));
#6921=DIRECTION('',(-0.9822862899472372,-0.1873863511083245,0));
#6922=DIRECTION('',(0.9921133817346374,0.1253436786721289,0));
#6923=FACE_SURFACE('',(#6928),#6924,.T.);
#6924=PLANE('',#6925);
#6925=AXIS2_PLACEMENT_3D('',#286,#6926,#6927);
#6926=DIRECTION('',(0,0,1));
#6927=DIRECTION('',(-0.9921133817346374,-0.1253436786721289,0));
#6928=FACE_BOUND('',#6929,.T.);
#6929=EDGE_LOOP('',(#6930,#6931,#6932));
#6930=ORIENTED_EDGE('',*,*,#6933,.T.);
#6931=ORIENTED_EDGE('',*,*,#6934,.T.);
#6932=ORIENTED_EDGE('',*,*,#6935,.T.);
#6933=EDGE_CURVE('',#287,#361,#6936,.F.);
#6934=EDGE_CURVE('',#361,#363,#6937,.T.);
#6935=EDGE_CURVE('',#363,#287,#6938,.T.);
#6936=LINE('',#286,#6939);
#6937=LINE('',#360,#6940);
#6938=LINE('',#362,#6941);
#6939=VECTOR('',#6942,1.0);
#6940=VECTOR('',#6943,1.0);
#6941=VECTOR('',#6944,1.0);
#6942=DIRECTION('',(-0.9921133817346374,-0.1253436786721289,0));
#6943=DIRECTION('',(-0.9510569250426143,-0.30901573637678564,0));
#6944=DIRECTION('',(0.9822858396970272,0.18738871132143048,0));
#6945=FACE_SURFACE('',(#6950),#6946,.T.);
#6946=PLANE('',#6947);
#6947=AXIS2_PLACEMENT_3D('',#286,#6948,#6949);
#6948=DIRECTION('',(0,0,1));
#6949=DIRECTION('',(-0.9822858396970272,-0.18738871132143048,0));
#6950=FACE_BOUND('',#6951,.T.);
#6951=EDGE_LOOP('',(#6952,#6953,#6954));
#6952=ORIENTED_EDGE('',*,*,#6955,.T.);
#6953=ORIENTED_EDGE('',*,*,#6956,.T.);
#6954=ORIENTED_EDGE('',*,*,#6957,.T.);
#6955=EDGE_CURVE('',#287,#363,#6958,.F.);
#6956=EDGE_CURVE('',#363,#365,#6959,.T.);
#6957=EDGE_CURVE('',#365,#287,#6960,.T.);
#6958=LINE('',#286,#6961);
#6959=LINE('',#362,#6962);
#6960=LINE('',#364,#6963);
#6961=VECTOR('',#6964,1.0);
#6962=VECTOR('',#6965,1.0);
#6963=VECTOR('',#6966,1.0);
#6964=DIRECTION('',(-0.9822858396970272,-0.18738871132143048,0));
#6965=DIRECTION('',(-0.9048341217574197,-0.42576426823240915,0));
#6966=DIRECTION('',(0.9685822058333584,0.2486936077646262,0));
#6967=FACE_SURFACE('',(#6972),#6968,.T.);
#6968=PLANE('',#6969);
#6969=AXIS2_PLACEMENT_3D('',#286,#6970,#6971);
#6970=DIRECTION('',(0,0,1));
#6971=DIRECTION('',(-0.048987475148448166,-0.9987993929105985,0));
#6972=FACE_BOUND('',#6973,.T.);
#6973=EDGE_LOOP('',(#6974,#6975,#6976));
#6974=ORIENTED_EDGE('',*,*,#6977,.T.);
#6975=ORIENTED_EDGE('',*,*,#6978,.T.);
#6976=ORIENTED_EDGE('',*,*,#6979,.T.);
#6977=EDGE_CURVE('',#287,#367,#6980,.F.);
#6978=EDGE_CURVE('',#367,#317,#6981,.T.);
#6979=EDGE_CURVE('',#317,#287,#6982,.T.);
#6980=LINE('',#286,#6983);
#6981=LINE('',#366,#6984);
#6982=LINE('',#316,#6985);
#6983=VECTOR('',#6986,1.0);
#6984=VECTOR('',#6987,1.0);
#6985=VECTOR('',#6988,1.0);
#6986=DIRECTION('',(-0.048987475148448166,-0.9987993929105985,0));
#6987=DIRECTION('',(1,0,0));
#6988=DIRECTION('',(-0.04901602060029865,0.9987979924511818,0));
#6989=FACE_SURFACE('',(#6994),#6990,.T.);
#6990=PLANE('',#6991);
#6991=AXIS2_PLACEMENT_3D('',#286,#6992,#6993);
#6992=DIRECTION('',(0,0,1));
#6993=DIRECTION('',(-0.9685822058333584,-0.2486936077646262,0));
#6994=FACE_BOUND('',#6995,.T.);
#6995=EDGE_LOOP('',(#6996,#6997,#6998));
#6996=ORIENTED_EDGE('',*,*,#6999,.T.);
#6997=ORIENTED_EDGE('',*,*,#7000,.T.);
#6998=ORIENTED_EDGE('',*,*,#7001,.T.);
#6999=EDGE_CURVE('',#287,#365,#7002,.F.);
#7000=EDGE_CURVE('',#365,#369,#7003,.T.);
#7001=EDGE_CURVE('',#369,#287,#7004,.T.);
#7002=LINE('',#286,#7005);
#7003=LINE('',#364,#7006);
#7004=LINE('',#368,#7007);
#7005=VECTOR('',#7008,1.0);
#7006=VECTOR('',#7009,1.0);
#7007=VECTOR('',#7010,1.0);
#7008=DIRECTION('',(-0.9685822058333584,-0.2486936077646262,0));
#7009=DIRECTION('',(-0.8443213009418666,-0.5358372334728467,0));
#7010=DIRECTION('',(0.9510554327556426,0.30902032914676886,0));
#7011=FACE_SURFACE('',(#7016),#7012,.T.);
#7012=PLANE('',#7013);
#7013=AXIS2_PLACEMENT_3D('',#286,#7014,#7015);
#7014=DIRECTION('',(0,0,1));
#7015=DIRECTION('',(-0.8443243460231618,-0.5358324352934974,0));
#7016=FACE_BOUND('',#7017,.T.);
#7017=EDGE_LOOP('',(#7018,#7019,#7020));
#7018=ORIENTED_EDGE('',*,*,#7021,.T.);
#7019=ORIENTED_EDGE('',*,*,#7022,.T.);
#7020=ORIENTED_EDGE('',*,*,#7023,.T.);
#7021=EDGE_CURVE('',#287,#371,#7024,.F.);
#7022=EDGE_CURVE('',#371,#367,#7025,.T.);
#7023=EDGE_CURVE('',#367,#287,#7026,.T.);
#7024=LINE('',#286,#7027);
#7025=LINE('',#370,#7028);
#7026=LINE('',#366,#7029);
#7027=VECTOR('',#7030,1.0);
#7028=VECTOR('',#7031,1.0);
#7029=VECTOR('',#7032,1.0);
#7030=DIRECTION('',(-0.8443243460231618,-0.5358324352934974,0));
#7031=DIRECTION('',(0.9924715563855286,-0.12247534350099354,0));
#7032=DIRECTION('',(0.048987475148448166,0.9987993929105985,0));
#7033=FACE_SURFACE('',(#7038),#7034,.T.);
#7034=PLANE('',#7035);
#7035=AXIS2_PLACEMENT_3D('',#286,#7036,#7037);
#7036=DIRECTION('',(0,0,1));
#7037=DIRECTION('',(-0.9510554327556426,-0.30902032914676886,0));
#7038=FACE_BOUND('',#7039,.T.);
#7039=EDGE_LOOP('',(#7040,#7041,#7042));
#7040=ORIENTED_EDGE('',*,*,#7043,.T.);
#7041=ORIENTED_EDGE('',*,*,#7044,.T.);
#7042=ORIENTED_EDGE('',*,*,#7045,.T.);
#7043=EDGE_CURVE('',#287,#369,#7046,.F.);
#7044=EDGE_CURVE('',#369,#373,#7047,.T.);
#7045=EDGE_CURVE('',#373,#287,#7048,.T.);
#7046=LINE('',#286,#7049);
#7047=LINE('',#368,#7050);
#7048=LINE('',#372,#7051);
#7049=VECTOR('',#7052,1.0);
#7050=VECTOR('',#7053,1.0);
#7051=VECTOR('',#7054,1.0);
#7052=DIRECTION('',(-0.9510554327556426,-0.30902032914676886,0));
#7053=DIRECTION('',(-0.770520411690271,-0.6374153239204838,0));
#7054=DIRECTION('',(0.9297747408671022,0.3681289600744731,0));
#7055=FACE_SURFACE('',(#7060),#7056,.T.);
#7056=PLANE('',#7057);
#7057=AXIS2_PLACEMENT_3D('',#286,#7058,#7059);
#7058=DIRECTION('',(0,0,1));
#7059=DIRECTION('',(-0.8763042740968103,-0.48175805047727244,0));
#7060=FACE_BOUND('',#7061,.T.);
#7061=EDGE_LOOP('',(#7062,#7063,#7064));
#7062=ORIENTED_EDGE('',*,*,#7065,.T.);
#7063=ORIENTED_EDGE('',*,*,#7066,.T.);
#7064=ORIENTED_EDGE('',*,*,#7067,.T.);
#7065=EDGE_CURVE('',#287,#375,#7068,.F.);
#7066=EDGE_CURVE('',#375,#371,#7069,.T.);
#7067=EDGE_CURVE('',#371,#287,#7070,.T.);
#7068=LINE('',#286,#7071);
#7069=LINE('',#374,#7072);
#7070=LINE('',#370,#7073);
#7071=VECTOR('',#7074,1.0);
#7072=VECTOR('',#7075,1.0);
#7073=VECTOR('',#7076,1.0);
#7074=DIRECTION('',(-0.8763042740968103,-0.48175805047727244,0));
#7075=DIRECTION('',(-0.4817426162394886,-0.8763127590642126,0));
#7076=DIRECTION('',(0.8443243460231618,0.5358324352934974,0));
#7077=FACE_SURFACE('',(#7082),#7078,.T.);
#7078=PLANE('',#7079);
#7079=AXIS2_PLACEMENT_3D('',#286,#7080,#7081);
#7080=DIRECTION('',(0,0,1));
#7081=DIRECTION('',(-0.9297747408671022,-0.3681289600744731,0));
#7082=FACE_BOUND('',#7083,.T.);
#7083=EDGE_LOOP('',(#7084,#7085,#7086));
#7084=ORIENTED_EDGE('',*,*,#7087,.T.);
#7085=ORIENTED_EDGE('',*,*,#7088,.T.);
#7086=ORIENTED_EDGE('',*,*,#7089,.T.);
#7087=EDGE_CURVE('',#287,#373,#7090,.F.);
#7088=EDGE_CURVE('',#373,#377,#7091,.T.);
#7089=EDGE_CURVE('',#377,#287,#7092,.T.);
#7090=LINE('',#286,#7093);
#7091=LINE('',#372,#7094);
#7092=LINE('',#376,#7095);
#7093=VECTOR('',#7096,1.0);
#7094=VECTOR('',#7097,1.0);
#7095=VECTOR('',#7098,1.0);
#7096=DIRECTION('',(-0.9297747408671022,-0.3681289600744731,0));
#7097=DIRECTION('',(-0.684556530523921,-0.7289597770227463,0));
#7098=DIRECTION('',(0.9048260441923095,0.42578143424918913,0));
#7099=FACE_SURFACE('',(#7104),#7100,.T.);
#7100=PLANE('',#7101);
#7101=AXIS2_PLACEMENT_3D('',#286,#7102,#7103);
#7102=DIRECTION('',(0,0,1));
#7103=DIRECTION('',(-0.9048260441923095,-0.42578143424918913,0));
#7104=FACE_BOUND('',#7105,.T.);
#7105=EDGE_LOOP('',(#7106,#7107,#7108));
#7106=ORIENTED_EDGE('',*,*,#7109,.T.);
#7107=ORIENTED_EDGE('',*,*,#7110,.T.);
#7108=ORIENTED_EDGE('',*,*,#7111,.T.);
#7109=EDGE_CURVE('',#287,#377,#7112,.F.);
#7110=EDGE_CURVE('',#377,#375,#7113,.T.);
#7111=EDGE_CURVE('',#375,#287,#7114,.T.);
#7112=LINE('',#286,#7115);
#7113=LINE('',#376,#7116);
#7114=LINE('',#374,#7117);
#7115=VECTOR('',#7118,1.0);
#7116=VECTOR('',#7119,1.0);
#7117=VECTOR('',#7120,1.0);
#7118=DIRECTION('',(-0.9048260441923095,-0.42578143424918913,0));
#7119=DIRECTION('',(-0.587755466589099,-0.8090386341174507,0));
#7120=DIRECTION('',(0.8763042740968103,0.48175805047727244,0));
#7121=FACE_SURFACE('',(#7126),#7122,.T.);
#7122=PLANE('',#7123);
#7123=AXIS2_PLACEMENT_3D('',#298,#7124,#7125);
#7124=DIRECTION('',(-0.7431816156225826,0.6690897445041344,0));
#7125=DIRECTION('',(0.04465606718650202,0.049601071353455935,0.9977702989085333));
#7126=FACE_BOUND('',#7127,.T.);
#7127=EDGE_LOOP('',(#7128,#7129,#7130));
#7128=ORIENTED_EDGE('',*,*,#7131,.T.);
#7129=ORIENTED_EDGE('',*,*,#7132,.T.);
#7130=ORIENTED_EDGE('',*,*,#7133,.T.);
#7131=EDGE_CURVE('',#299,#353,#7134,.F.);
#7132=EDGE_CURVE('',#353,#379,#7135,.T.);
#7133=EDGE_CURVE('',#379,#299,#7136,.T.);
#7134=LINE('',#298,#7137);
#7135=LINE('',#352,#7138);
#7136=LINE('',#378,#7139);
#7137=VECTOR('',#7140,1.0);
#7138=VECTOR('',#7141,1.0);
#7139=VECTOR('',#7142,1.0);
#7140=DIRECTION('',(0.04465606718650202,0.049601071353455935,0.9977702989085333));
#7141=DIRECTION('',(0,0,-1));
#7142=DIRECTION('',(-0.6690897445041344,-0.7431816156225827,0));
#7143=FACE_SURFACE('',(#7148),#7144,.T.);
#7144=PLANE('',#7145);
#7145=AXIS2_PLACEMENT_3D('',#356,#7146,#7147);
#7146=DIRECTION('',(-0,0,-1));
#7147=DIRECTION('',(-0.9998338826628111,-0.018226548751969746,0));
#7148=FACE_BOUND('',#7149,.T.);
#7149=EDGE_LOOP('',(#7150,#7151,#7152));
#7150=ORIENTED_EDGE('',*,*,#7153,.T.);
#7151=ORIENTED_EDGE('',*,*,#7154,.T.);
#7152=ORIENTED_EDGE('',*,*,#7155,.T.);
#7153=EDGE_CURVE('',#357,#299,#7156,.F.);
#7154=EDGE_CURVE('',#299,#379,#7157,.T.);
#7155=EDGE_CURVE('',#379,#357,#7158,.T.);
#7156=LINE('',#356,#7159);
#7157=LINE('',#298,#7160);
#7158=LINE('',#378,#7161);
#7159=VECTOR('',#7162,1.0);
#7160=VECTOR('',#7163,1.0);
#7161=VECTOR('',#7164,1.0);
#7162=DIRECTION('',(-0.9998338826628111,-0.018226548751969746,0));
#7163=DIRECTION('',(0.6690897445041344,0.7431816156225827,0));
#7164=DIRECTION('',(1,0,0));
#7165=FACE_SURFACE('',(#7170),#7166,.T.);
#7166=PLANE('',#7167);
#7167=AXIS2_PLACEMENT_3D('',#346,#7168,#7169);
#7168=DIRECTION('',(-0.9921118989301813,0.1253554147260897,0));
#7169=DIRECTION('',(0.01561950600819799,0.12361889432542801,-0.9922068332751082));
#7170=FACE_BOUND('',#7171,.T.);
#7171=EDGE_LOOP('',(#7172,#7173,#7174));
#7172=ORIENTED_EDGE('',*,*,#7175,.T.);
#7173=ORIENTED_EDGE('',*,*,#7176,.T.);
#7174=ORIENTED_EDGE('',*,*,#7177,.T.);
#7175=EDGE_CURVE('',#347,#381,#7178,.F.);
#7176=EDGE_CURVE('',#381,#301,#7179,.T.);
#7177=EDGE_CURVE('',#301,#347,#7180,.T.);
#7178=LINE('',#346,#7181);
#7179=LINE('',#380,#7182);
#7180=LINE('',#300,#7183);
#7181=VECTOR('',#7184,1.0);
#7182=VECTOR('',#7185,1.0);
#7183=VECTOR('',#7186,1.0);
#7184=DIRECTION('',(0.01561950600819799,0.12361889432542801,-0.9922068332751082));
#7185=DIRECTION('',(-0.1253554147260897,-0.9921118989301813,0));
#7186=DIRECTION('',(0,0,1));
#7187=FACE_SURFACE('',(#7192),#7188,.T.);
#7188=PLANE('',#7189);
#7189=AXIS2_PLACEMENT_3D('',#382,#7190,#7191);
#7190=DIRECTION('',(-0,0,-1));
#7191=DIRECTION('',(-0.9954748939648211,-0.09502492034055238,0));
#7192=FACE_BOUND('',#7193,.T.);
#7193=EDGE_LOOP('',(#7194,#7195,#7196));
#7194=ORIENTED_EDGE('',*,*,#7197,.T.);
#7195=ORIENTED_EDGE('',*,*,#7198,.T.);
#7196=ORIENTED_EDGE('',*,*,#7199,.T.);
#7197=EDGE_CURVE('',#383,#301,#7200,.F.);
#7198=EDGE_CURVE('',#301,#381,#7201,.T.);
#7199=EDGE_CURVE('',#381,#383,#7202,.T.);
#7200=LINE('',#382,#7203);
#7201=LINE('',#300,#7204);
#7202=LINE('',#380,#7205);
#7203=VECTOR('',#7206,1.0);
#7204=VECTOR('',#7207,1.0);
#7205=VECTOR('',#7208,1.0);
#7206=DIRECTION('',(-0.9954748939648211,-0.09502492034055238,0));
#7207=DIRECTION('',(0.1253554147260897,0.9921118989301813,0));
#7208=DIRECTION('',(0.9965778831160268,-0.08265907623473011,0));
#7209=FACE_SURFACE('',(#7214),#7210,.T.);
#7210=PLANE('',#7211);
#7211=AXIS2_PLACEMENT_3D('',#302,#7212,#7213);
#7212=DIRECTION('',(0,0,-1));
#7213=DIRECTION('',(-0.9957392963486847,0.09221308858847696,0));
#7214=FACE_BOUND('',#7215,.T.);
#7215=EDGE_LOOP('',(#7216,#7217,#7218));
#7216=ORIENTED_EDGE('',*,*,#7219,.T.);
#7217=ORIENTED_EDGE('',*,*,#7220,.T.);
#7218=ORIENTED_EDGE('',*,*,#7221,.T.);
#7219=EDGE_CURVE('',#303,#301,#7222,.F.);
#7220=EDGE_CURVE('',#301,#385,#7223,.T.);
#7221=EDGE_CURVE('',#385,#303,#7224,.T.);
#7222=LINE('',#302,#7225);
#7223=LINE('',#300,#7226);
#7224=LINE('',#384,#7227);
#7225=VECTOR('',#7228,1.0);
#7226=VECTOR('',#7229,1.0);
#7227=VECTOR('',#7230,1.0);
#7228=DIRECTION('',(-0.9957392963486847,0.09221308858847696,0));
#7229=DIRECTION('',(0.999985094312216,0.005459959101325503,0));
#7230=DIRECTION('',(-0.10452140591741298,-0.9945226371003565,0));
#7231=FACE_SURFACE('',(#7236),#7232,.T.);
#7232=PLANE('',#7233);
#7233=AXIS2_PLACEMENT_3D('',#384,#7234,#7235);
#7234=DIRECTION('',(-0,0,-1));
#7235=DIRECTION('',(-0.999985094312216,-0.005459959101325503,0));
#7236=FACE_BOUND('',#7237,.T.);
#7237=EDGE_LOOP('',(#7238,#7239,#7240));
#7238=ORIENTED_EDGE('',*,*,#7241,.T.);
#7239=ORIENTED_EDGE('',*,*,#7242,.T.);
#7240=ORIENTED_EDGE('',*,*,#7243,.T.);
#7241=EDGE_CURVE('',#385,#301,#7244,.F.);
#7242=EDGE_CURVE('',#301,#383,#7245,.T.);
#7243=EDGE_CURVE('',#383,#385,#7246,.T.);
#7244=LINE('',#384,#7247);
#7245=LINE('',#300,#7248);
#7246=LINE('',#382,#7249);
#7247=VECTOR('',#7250,1.0);
#7248=VECTOR('',#7251,1.0);
#7249=VECTOR('',#7252,1.0);
#7250=DIRECTION('',(-0.999985094312216,-0.005459959101325503,0));
#7251=DIRECTION('',(0.9954748939648211,0.09502492034055238,0));
#7252=DIRECTION('',(-0.30903655969634947,-0.951050158914368,0));
#7253=FACE_SURFACE('',(#7258),#7254,.T.);
#7254=PLANE('',#7255);
#7255=AXIS2_PLACEMENT_3D('',#350,#7256,#7257);
#7256=DIRECTION('',(0.9945226371003564,0.10452140591741298,0));
#7257=DIRECTION('',(-0.0069765939850688985,0.06638238920639405,-0.997769866021027));
#7258=FACE_BOUND('',#7259,.T.);
#7259=EDGE_LOOP('',(#7260,#7261,#7262));
#7260=ORIENTED_EDGE('',*,*,#7263,.T.);
#7261=ORIENTED_EDGE('',*,*,#7264,.T.);
#7262=ORIENTED_EDGE('',*,*,#7265,.T.);
#7263=EDGE_CURVE('',#351,#303,#7266,.F.);
#7264=EDGE_CURVE('',#303,#349,#7267,.T.);
#7265=EDGE_CURVE('',#349,#351,#7268,.T.);
#7266=LINE('',#350,#7269);
#7267=LINE('',#302,#7270);
#7268=LINE('',#348,#7271);
#7269=VECTOR('',#7272,1.0);
#7270=VECTOR('',#7273,1.0);
#7271=VECTOR('',#7274,1.0);
#7272=DIRECTION('',(-0.0069765939850688985,0.06638238920639405,-0.997769866021027));
#7273=DIRECTION('',(0,0,1));
#7274=DIRECTION('',(0.10452140591741298,-0.9945226371003565,0));
#7275=FACE_SURFACE('',(#7280),#7276,.T.);
#7276=PLANE('',#7277);
#7277=AXIS2_PLACEMENT_3D('',#384,#7278,#7279);
#7278=DIRECTION('',(0.9945226371003564,-0.10452140591741298,0));
#7279=DIRECTION('',(-0.0069765939850688985,-0.06638238920639405,0.997769866021027));
#7280=FACE_BOUND('',#7281,.T.);
#7281=EDGE_LOOP('',(#7282,#7283,#7284));
#7282=ORIENTED_EDGE('',*,*,#7285,.T.);
#7283=ORIENTED_EDGE('',*,*,#7286,.T.);
#7284=ORIENTED_EDGE('',*,*,#7287,.T.);
#7285=EDGE_CURVE('',#385,#349,#7288,.F.);
#7286=EDGE_CURVE('',#349,#303,#7289,.T.);
#7287=EDGE_CURVE('',#303,#385,#7290,.T.);
#7288=LINE('',#384,#7291);
#7289=LINE('',#348,#7292);
#7290=LINE('',#302,#7293);
#7291=VECTOR('',#7294,1.0);
#7292=VECTOR('',#7295,1.0);
#7293=VECTOR('',#7296,1.0);
#7294=DIRECTION('',(-0.0069765939850688985,-0.06638238920639405,0.997769866021027));
#7295=DIRECTION('',(0,0,-1));
#7296=DIRECTION('',(0.10452140591741298,0.9945226371003565,0));
#7297=FACE_SURFACE('',(#7302),#7298,.T.);
#7298=PLANE('',#7299);
#7299=AXIS2_PLACEMENT_3D('',#350,#7300,#7301);
#7300=DIRECTION('',(0.9945226371003564,0.10452140591741298,0));
#7301=DIRECTION('',(0,0,-1));
#7302=FACE_BOUND('',#7303,.T.);
#7303=EDGE_LOOP('',(#7304,#7305,#7306));
#7304=ORIENTED_EDGE('',*,*,#7307,.T.);
#7305=ORIENTED_EDGE('',*,*,#7308,.T.);
#7306=ORIENTED_EDGE('',*,*,#7309,.T.);
#7307=EDGE_CURVE('',#351,#305,#7310,.F.);
#7308=EDGE_CURVE('',#305,#303,#7311,.T.);
#7309=EDGE_CURVE('',#303,#351,#7312,.T.);
#7310=LINE('',#350,#7313);
#7311=LINE('',#304,#7314);
#7312=LINE('',#302,#7315);
#7313=VECTOR('',#7316,1.0);
#7314=VECTOR('',#7317,1.0);
#7315=VECTOR('',#7318,1.0);
#7316=DIRECTION('',(0,0,-1));
#7317=DIRECTION('',(-0.10452140591741298,0.9945226371003565,0));
#7318=DIRECTION('',(0.0069765939850688985,-0.06638238920639405,0.997769866021027));
#7319=FACE_SURFACE('',(#7324),#7320,.T.);
#7320=PLANE('',#7321);
#7321=AXIS2_PLACEMENT_3D('',#308,#7322,#7323);
#7322=DIRECTION('',(0,-1,0));
#7323=DIRECTION('',(0.9146592819765381,0,0.40422567693574796));
#7324=FACE_BOUND('',#7325,.T.);
#7325=EDGE_LOOP('',(#7326,#7327,#7328));
#7326=ORIENTED_EDGE('',*,*,#7329,.T.);
#7327=ORIENTED_EDGE('',*,*,#7330,.T.);
#7328=ORIENTED_EDGE('',*,*,#7331,.T.);
#7329=EDGE_CURVE('',#309,#359,#7332,.F.);
#7330=EDGE_CURVE('',#359,#307,#7333,.T.);
#7331=EDGE_CURVE('',#307,#309,#7334,.T.);
#7332=LINE('',#308,#7335);
#7333=LINE('',#358,#7336);
#7334=LINE('',#306,#7337);
#7335=VECTOR('',#7338,1.0);
#7336=VECTOR('',#7339,1.0);
#7337=VECTOR('',#7340,1.0);
#7338=DIRECTION('',(0.9146592819765381,0,0.40422567693574796));
#7339=DIRECTION('',(-1,0,0));
#7340=DIRECTION('',(0,0,-1));
#7341=FACE_SURFACE('',(#7346),#7342,.T.);
#7342=PLANE('',#7343);
#7343=AXIS2_PLACEMENT_3D('',#310,#7344,#7345);
#7344=DIRECTION('',(0,-1,0));
#7345=DIRECTION('',(0,0,1));
#7346=FACE_BOUND('',#7347,.T.);
#7347=EDGE_LOOP('',(#7348,#7349,#7350));
#7348=ORIENTED_EDGE('',*,*,#7351,.T.);
#7349=ORIENTED_EDGE('',*,*,#7352,.T.);
#7350=ORIENTED_EDGE('',*,*,#7353,.T.);
#7351=EDGE_CURVE('',#311,#359,#7354,.F.);
#7352=EDGE_CURVE('',#359,#309,#7355,.T.);
#7353=EDGE_CURVE('',#309,#311,#7356,.T.);
#7354=LINE('',#310,#7357);
#7355=LINE('',#358,#7358);
#7356=LINE('',#308,#7359);
#7357=VECTOR('',#7360,1.0);
#7358=VECTOR('',#7361,1.0);
#7359=VECTOR('',#7362,1.0);
#7360=DIRECTION('',(0,0,1));
#7361=DIRECTION('',(-0.9146592819765381,0,-0.40422567693574796));
#7362=DIRECTION('',(1,0,0));
#7363=FACE_SURFACE('',(#7368),#7364,.T.);
#7364=PLANE('',#7365);
#7365=AXIS2_PLACEMENT_3D('',#318,#7366,#7367);
#7366=DIRECTION('',(0.4067377258211822,-0.913544975572529,0));
#7367=DIRECTION('',(0,0,1));
#7368=FACE_BOUND('',#7369,.T.);
#7369=EDGE_LOOP('',(#7370,#7371,#7372));
#7370=ORIENTED_EDGE('',*,*,#7373,.T.);
#7371=ORIENTED_EDGE('',*,*,#7374,.T.);
#7372=ORIENTED_EDGE('',*,*,#7375,.T.);
#7373=EDGE_CURVE('',#319,#313,#7376,.F.);
#7374=EDGE_CURVE('',#313,#387,#7377,.T.);
#7375=EDGE_CURVE('',#387,#319,#7378,.T.);
#7376=LINE('',#318,#7379);
#7377=LINE('',#312,#7380);
#7378=LINE('',#386,#7381);
#7379=VECTOR('',#7382,1.0);
#7380=VECTOR('',#7383,1.0);
#7381=VECTOR('',#7384,1.0);
#7382=DIRECTION('',(0,0,1));
#7383=DIRECTION('',(-0.913544975572529,-0.40673772582118234,0));
#7384=DIRECTION('',(0.06097699179237988,0.027148792486660026,-0.9977698880696231));
#7385=FACE_SURFACE('',(#7390),#7386,.T.);
#7386=PLANE('',#7387);
#7387=AXIS2_PLACEMENT_3D('',#388,#7388,#7389);
#7388=DIRECTION('',(0,0,1));
#7389=DIRECTION('',(1,0,0));
#7390=FACE_BOUND('',#7391,.T.);
#7391=EDGE_LOOP('',(#7392,#7393,#7394));
#7392=ORIENTED_EDGE('',*,*,#7395,.T.);
#7393=ORIENTED_EDGE('',*,*,#7396,.T.);
#7394=ORIENTED_EDGE('',*,*,#7397,.T.);
#7395=EDGE_CURVE('',#389,#387,#7398,.F.);
#7396=EDGE_CURVE('',#387,#313,#7399,.T.);
#7397=EDGE_CURVE('',#313,#389,#7400,.T.);
#7398=LINE('',#388,#7401);
#7399=LINE('',#386,#7402);
#7400=LINE('',#312,#7403);
#7401=VECTOR('',#7404,1.0);
#7402=VECTOR('',#7405,1.0);
#7403=VECTOR('',#7406,1.0);
#7404=DIRECTION('',(1,0,0));
#7405=DIRECTION('',(0.913544975572529,0.40673772582118234,0));
#7406=DIRECTION('',(-0.9999572083657924,-0.00925102358073244,0));
#7407=FACE_SURFACE('',(#7412),#7408,.T.);
#7408=PLANE('',#7409);
#7409=AXIS2_PLACEMENT_3D('',#388,#7410,#7411);
#7410=DIRECTION('',(0,-0,1));
#7411=DIRECTION('',(0.9999572083657924,0.00925102358073244,0));
#7412=FACE_BOUND('',#7413,.T.);
#7413=EDGE_LOOP('',(#7414,#7415,#7416));
#7414=ORIENTED_EDGE('',*,*,#7417,.T.);
#7415=ORIENTED_EDGE('',*,*,#7418,.T.);
#7416=ORIENTED_EDGE('',*,*,#7419,.T.);
#7417=EDGE_CURVE('',#389,#313,#7420,.F.);
#7418=EDGE_CURVE('',#313,#315,#7421,.T.);
#7419=EDGE_CURVE('',#315,#389,#7422,.T.);
#7420=LINE('',#388,#7423);
#7421=LINE('',#312,#7424);
#7422=LINE('',#314,#7425);
#7423=VECTOR('',#7426,1.0);
#7424=VECTOR('',#7427,1.0);
#7425=VECTOR('',#7428,1.0);
#7426=DIRECTION('',(0.9999572083657924,0.00925102358073244,0));
#7427=DIRECTION('',(-1,0,0));
#7428=DIRECTION('',(0.913544975572529,-0.40673772582118234,0));
#7429=FACE_SURFACE('',(#7434),#7430,.T.);
#7430=PLANE('',#7431);
#7431=AXIS2_PLACEMENT_3D('',#314,#7432,#7433);
#7432=DIRECTION('',(-0.4067377258211822,-0.913544975572529,-0));
#7433=DIRECTION('',(0,0,-1));
#7434=FACE_BOUND('',#7435,.T.);
#7435=EDGE_LOOP('',(#7436,#7437,#7438));
#7436=ORIENTED_EDGE('',*,*,#7439,.T.);
#7437=ORIENTED_EDGE('',*,*,#7440,.T.);
#7438=ORIENTED_EDGE('',*,*,#7441,.T.);
#7439=EDGE_CURVE('',#315,#321,#7442,.F.);
#7440=EDGE_CURVE('',#321,#391,#7443,.T.);
#7441=EDGE_CURVE('',#391,#315,#7444,.T.);
#7442=LINE('',#314,#7445);
#7443=LINE('',#320,#7446);
#7444=LINE('',#390,#7447);
#7445=VECTOR('',#7448,1.0);
#7446=VECTOR('',#7449,1.0);
#7447=VECTOR('',#7450,1.0);
#7448=DIRECTION('',(0,0,-1));
#7449=DIRECTION('',(0.913544975572529,-0.40673772582118234,0));
#7450=DIRECTION('',(-0.06097699179237988,0.027148792486660026,0.9977698880696231));
#7451=FACE_SURFACE('',(#7456),#7452,.T.);
#7452=PLANE('',#7453);
#7453=AXIS2_PLACEMENT_3D('',#314,#7454,#7455);
#7454=DIRECTION('',(-0.4067377258211822,-0.913544975572529,0));
#7455=DIRECTION('',(0.06097699179237988,-0.027148792486660026,-0.9977698880696231));
#7456=FACE_BOUND('',#7457,.T.);
#7457=EDGE_LOOP('',(#7458,#7459,#7460));
#7458=ORIENTED_EDGE('',*,*,#7461,.T.);
#7459=ORIENTED_EDGE('',*,*,#7462,.T.);
#7460=ORIENTED_EDGE('',*,*,#7463,.T.);
#7461=EDGE_CURVE('',#315,#391,#7464,.F.);
#7462=EDGE_CURVE('',#391,#389,#7465,.T.);
#7463=EDGE_CURVE('',#389,#315,#7466,.T.);
#7464=LINE('',#314,#7467);
#7465=LINE('',#390,#7468);
#7466=LINE('',#388,#7469);
#7467=VECTOR('',#7470,1.0);
#7468=VECTOR('',#7471,1.0);
#7469=VECTOR('',#7472,1.0);
#7470=DIRECTION('',(0.06097699179237988,-0.027148792486660026,-0.9977698880696231));
#7471=DIRECTION('',(0,0,1));
#7472=DIRECTION('',(-0.913544975572529,0.40673772582118234,0));
#7473=FACE_SURFACE('',(#7478),#7474,.T.);
#7474=PLANE('',#7475);
#7475=AXIS2_PLACEMENT_3D('',#316,#7476,#7477);
#7476=DIRECTION('',(-0.2079338240874614,-0.9781428959003714,0));
#7477=DIRECTION('',(0.06529349459346767,-0.01388010491693698,-0.9977695637025954));
#7478=FACE_BOUND('',#7479,.T.);
#7479=EDGE_LOOP('',(#7480,#7481,#7482));
#7480=ORIENTED_EDGE('',*,*,#7483,.T.);
#7481=ORIENTED_EDGE('',*,*,#7484,.T.);
#7482=ORIENTED_EDGE('',*,*,#7485,.T.);
#7483=EDGE_CURVE('',#317,#321,#7486,.F.);
#7484=EDGE_CURVE('',#321,#315,#7487,.T.);
#7485=EDGE_CURVE('',#315,#317,#7488,.T.);
#7486=LINE('',#316,#7489);
#7487=LINE('',#320,#7490);
#7488=LINE('',#314,#7491);
#7489=VECTOR('',#7492,1.0);
#7490=VECTOR('',#7493,1.0);
#7491=VECTOR('',#7494,1.0);
#7492=DIRECTION('',(0.06529349459346767,-0.01388010491693698,-0.9977695637025954));
#7493=DIRECTION('',(0,0,1));
#7494=DIRECTION('',(-0.9781428959003713,0.20793382408746142,0));
#7495=FACE_SURFACE('',(#7500),#7496,.T.);
#7496=PLANE('',#7497);
#7497=AXIS2_PLACEMENT_3D('',#320,#7498,#7499);
#7498=DIRECTION('',(-0.2079338240874614,-0.9781428959003714,0));
#7499=DIRECTION('',(-0.06529349459346767,0.01388010491693698,0.9977695637025954));
#7500=FACE_BOUND('',#7501,.T.);
#7501=EDGE_LOOP('',(#7502,#7503,#7504));
#7502=ORIENTED_EDGE('',*,*,#7505,.T.);
#7503=ORIENTED_EDGE('',*,*,#7506,.T.);
#7504=ORIENTED_EDGE('',*,*,#7507,.T.);
#7505=EDGE_CURVE('',#321,#317,#7508,.F.);
#7506=EDGE_CURVE('',#317,#323,#7509,.T.);
#7507=EDGE_CURVE('',#323,#321,#7510,.T.);
#7508=LINE('',#320,#7511);
#7509=LINE('',#316,#7512);
#7510=LINE('',#322,#7513);
#7511=VECTOR('',#7514,1.0);
#7512=VECTOR('',#7515,1.0);
#7513=VECTOR('',#7516,1.0);
#7514=DIRECTION('',(-0.06529349459346767,0.01388010491693698,0.9977695637025954));
#7515=DIRECTION('',(0,0,-1));
#7516=DIRECTION('',(0.9781428959003713,-0.20793382408746142,0));
#7517=FACE_SURFACE('',(#7522),#7518,.T.);
#7518=PLANE('',#7519);
#7519=AXIS2_PLACEMENT_3D('',#322,#7520,#7521);
#7520=DIRECTION('',(0,-1,0));
#7521=DIRECTION('',(0,0,1));
#7522=FACE_BOUND('',#7523,.T.);
#7523=EDGE_LOOP('',(#7524,#7525,#7526));
#7524=ORIENTED_EDGE('',*,*,#7527,.T.);
#7525=ORIENTED_EDGE('',*,*,#7528,.T.);
#7526=ORIENTED_EDGE('',*,*,#7529,.T.);
#7527=EDGE_CURVE('',#323,#317,#7530,.F.);
#7528=EDGE_CURVE('',#317,#367,#7531,.T.);
#7529=EDGE_CURVE('',#367,#323,#7532,.T.);
#7530=LINE('',#322,#7533);
#7531=LINE('',#316,#7534);
#7532=LINE('',#366,#7535);
#7533=VECTOR('',#7536,1.0);
#7534=VECTOR('',#7537,1.0);
#7535=VECTOR('',#7538,1.0);
#7536=DIRECTION('',(0,0,1));
#7537=DIRECTION('',(-1,0,0));
#7538=DIRECTION('',(0.06674535926506997,0,-0.9977700421522872));
#7539=FACE_SURFACE('',(#7544),#7540,.T.);
#7540=PLANE('',#7541);
#7541=AXIS2_PLACEMENT_3D('',#318,#7542,#7543);
#7542=DIRECTION('',(0.4067377258211822,-0.913544975572529,0));
#7543=DIRECTION('',(-0.06097699179237988,-0.027148792486660026,0.9977698880696231));
#7544=FACE_BOUND('',#7545,.T.);
#7545=EDGE_LOOP('',(#7546,#7547,#7548));
#7546=ORIENTED_EDGE('',*,*,#7549,.T.);
#7547=ORIENTED_EDGE('',*,*,#7550,.T.);
#7548=ORIENTED_EDGE('',*,*,#7551,.T.);
#7549=EDGE_CURVE('',#319,#387,#7552,.F.);
#7550=EDGE_CURVE('',#387,#393,#7553,.T.);
#7551=EDGE_CURVE('',#393,#319,#7554,.T.);
#7552=LINE('',#318,#7555);
#7553=LINE('',#386,#7556);
#7554=LINE('',#392,#7557);
#7555=VECTOR('',#7558,1.0);
#7556=VECTOR('',#7559,1.0);
#7557=VECTOR('',#7560,1.0);
#7558=DIRECTION('',(-0.06097699179237988,-0.027148792486660026,0.9977698880696231));
#7559=DIRECTION('',(0,0,-1));
#7560=DIRECTION('',(0.913544975572529,0.40673772582118234,0));
#7561=FACE_SURFACE('',(#7566),#7562,.T.);
#7562=PLANE('',#7563);
#7563=AXIS2_PLACEMENT_3D('',#392,#7564,#7565);
#7564=DIRECTION('',(0,0,-1));
#7565=DIRECTION('',(-1,0,0));
#7566=FACE_BOUND('',#7567,.T.);
#7567=EDGE_LOOP('',(#7568,#7569,#7570));
#7568=ORIENTED_EDGE('',*,*,#7571,.T.);
#7569=ORIENTED_EDGE('',*,*,#7572,.T.);
#7570=ORIENTED_EDGE('',*,*,#7573,.T.);
#7571=EDGE_CURVE('',#393,#391,#7574,.F.);
#7572=EDGE_CURVE('',#391,#319,#7575,.T.);
#7573=EDGE_CURVE('',#319,#393,#7576,.T.);
#7574=LINE('',#392,#7577);
#7575=LINE('',#390,#7578);
#7576=LINE('',#318,#7579);
#7577=VECTOR('',#7580,1.0);
#7578=VECTOR('',#7581,1.0);
#7579=VECTOR('',#7582,1.0);
#7580=DIRECTION('',(-1,0,0));
#7581=DIRECTION('',(0.9999572083657924,0.00925102358073244,0));
#7582=DIRECTION('',(-0.913544975572529,-0.40673772582118234,0));
#7583=FACE_SURFACE('',(#7588),#7584,.T.);
#7584=PLANE('',#7585);
#7585=AXIS2_PLACEMENT_3D('',#318,#7586,#7587);
#7586=DIRECTION('',(-0,0,-1));
#7587=DIRECTION('',(-0.9999572083657924,-0.00925102358073244,0));
#7588=FACE_BOUND('',#7589,.T.);
#7589=EDGE_LOOP('',(#7590,#7591,#7592));
#7590=ORIENTED_EDGE('',*,*,#7593,.T.);
#7591=ORIENTED_EDGE('',*,*,#7594,.T.);
#7592=ORIENTED_EDGE('',*,*,#7595,.T.);
#7593=EDGE_CURVE('',#319,#391,#7596,.F.);
#7594=EDGE_CURVE('',#391,#321,#7597,.T.);
#7595=EDGE_CURVE('',#321,#319,#7598,.T.);
#7596=LINE('',#318,#7599);
#7597=LINE('',#390,#7600);
#7598=LINE('',#320,#7601);
#7599=VECTOR('',#7602,1.0);
#7600=VECTOR('',#7603,1.0);
#7601=VECTOR('',#7604,1.0);
#7602=DIRECTION('',(-0.9999572083657924,-0.00925102358073244,0));
#7603=DIRECTION('',(-0.913544975572529,0.40673772582118234,0));
#7604=DIRECTION('',(1,0,0));
#7605=FACE_SURFACE('',(#7610),#7606,.T.);
#7606=PLANE('',#7607);
#7607=AXIS2_PLACEMENT_3D('',#322,#7608,#7609);
#7608=DIRECTION('',(0,-1,0));
#7609=DIRECTION('',(-0.06674535926506997,0,0.9977700421522872));
#7610=FACE_BOUND('',#7611,.T.);
#7611=EDGE_LOOP('',(#7612,#7613,#7614));
#7612=ORIENTED_EDGE('',*,*,#7615,.T.);
#7613=ORIENTED_EDGE('',*,*,#7616,.T.);
#7614=ORIENTED_EDGE('',*,*,#7617,.T.);
#7615=EDGE_CURVE('',#323,#367,#7618,.F.);
#7616=EDGE_CURVE('',#367,#339,#7619,.T.);
#7617=EDGE_CURVE('',#339,#323,#7620,.T.);
#7618=LINE('',#322,#7621);
#7619=LINE('',#366,#7622);
#7620=LINE('',#338,#7623);
#7621=VECTOR('',#7624,1.0);
#7622=VECTOR('',#7625,1.0);
#7623=VECTOR('',#7626,1.0);
#7624=DIRECTION('',(-0.06674535926506997,0,0.9977700421522872));
#7625=DIRECTION('',(0,0,-1));
#7626=DIRECTION('',(1,0,0));
#7627=FACE_SURFACE('',(#7632),#7628,.T.);
#7628=PLANE('',#7629);
#7629=AXIS2_PLACEMENT_3D('',#324,#7630,#7631);
#7630=DIRECTION('',(-0.18738635110832444,0.9822862899472371,0));
#7631=DIRECTION('',(0,0,-1));
#7632=FACE_BOUND('',#7633,.T.);
#7633=EDGE_LOOP('',(#7634,#7635,#7636));
#7634=ORIENTED_EDGE('',*,*,#7637,.T.);
#7635=ORIENTED_EDGE('',*,*,#7638,.T.);
#7636=ORIENTED_EDGE('',*,*,#7639,.T.);
#7637=EDGE_CURVE('',#325,#327,#7640,.F.);
#7638=EDGE_CURVE('',#327,#361,#7641,.T.);
#7639=EDGE_CURVE('',#361,#325,#7642,.T.);
#7640=LINE('',#324,#7643);
#7641=LINE('',#326,#7644);
#7642=LINE('',#360,#7645);
#7643=VECTOR('',#7646,1.0);
#7644=VECTOR('',#7647,1.0);
#7645=VECTOR('',#7648,1.0);
#7646=DIRECTION('',(0,0,-1));
#7647=DIRECTION('',(-0.12239796189885446,-0.023349310377277117,0.9922064042465722));
#7648=DIRECTION('',(0.9822862899472372,0.1873863511083245,0));
#7649=FACE_SURFACE('',(#7654),#7650,.T.);
#7650=PLANE('',#7651);
#7651=AXIS2_PLACEMENT_3D('',#360,#7652,#7653);
#7652=DIRECTION('',(-0.18738635110832444,0.9822862899472371,0));
#7653=DIRECTION('',(0.12239796189885446,0.023349310377277117,-0.9922064042465722));
#7654=FACE_BOUND('',#7655,.T.);
#7655=EDGE_LOOP('',(#7656,#7657,#7658));
#7656=ORIENTED_EDGE('',*,*,#7659,.T.);
#7657=ORIENTED_EDGE('',*,*,#7660,.T.);
#7658=ORIENTED_EDGE('',*,*,#7661,.T.);
#7659=EDGE_CURVE('',#361,#327,#7662,.F.);
#7660=EDGE_CURVE('',#327,#329,#7663,.T.);
#7661=EDGE_CURVE('',#329,#361,#7664,.T.);
#7662=LINE('',#360,#7665);
#7663=LINE('',#326,#7666);
#7664=LINE('',#328,#7667);
#7665=VECTOR('',#7668,1.0);
#7666=VECTOR('',#7669,1.0);
#7667=VECTOR('',#7670,1.0);
#7668=DIRECTION('',(0.12239796189885446,0.023349310377277117,-0.9922064042465722));
#7669=DIRECTION('',(-0.9822862899472372,-0.1873863511083245,0));
#7670=DIRECTION('',(0,0,1));
#7671=FACE_SURFACE('',(#7676),#7672,.T.);
#7672=PLANE('',#7673);
#7673=AXIS2_PLACEMENT_3D('',#360,#7674,#7675);
#7674=DIRECTION('',(-0.3090157363767857,0.9510569250426143,0));
#7675=DIRECTION('',(0,0,-1));
#7676=FACE_BOUND('',#7677,.T.);
#7677=EDGE_LOOP('',(#7678,#7679,#7680));
#7678=ORIENTED_EDGE('',*,*,#7681,.T.);
#7679=ORIENTED_EDGE('',*,*,#7682,.T.);
#7680=ORIENTED_EDGE('',*,*,#7683,.T.);
#7681=EDGE_CURVE('',#361,#329,#7684,.F.);
#7682=EDGE_CURVE('',#329,#363,#7685,.T.);
#7683=EDGE_CURVE('',#363,#361,#7686,.T.);
#7684=LINE('',#360,#7687);
#7685=LINE('',#328,#7688);
#7686=LINE('',#362,#7689);
#7687=VECTOR('',#7690,1.0);
#7688=VECTOR('',#7691,1.0);
#7689=VECTOR('',#7692,1.0);
#7690=DIRECTION('',(0,0,-1));
#7691=DIRECTION('',(-0.11850283629109006,-0.038503732274057165,0.9922069040235181));
#7692=DIRECTION('',(0.9510569250426143,0.30901573637678564,0));
#7693=FACE_SURFACE('',(#7698),#7694,.T.);
#7694=PLANE('',#7695);
#7695=AXIS2_PLACEMENT_3D('',#362,#7696,#7697);
#7696=DIRECTION('',(-0.3090157363767857,0.9510569250426143,0));
#7697=DIRECTION('',(0.11850283629109006,0.038503732274057165,-0.9922069040235181));
#7698=FACE_BOUND('',#7699,.T.);
#7699=EDGE_LOOP('',(#7700,#7701,#7702));
#7700=ORIENTED_EDGE('',*,*,#7703,.T.);
#7701=ORIENTED_EDGE('',*,*,#7704,.T.);
#7702=ORIENTED_EDGE('',*,*,#7705,.T.);
#7703=EDGE_CURVE('',#363,#329,#7706,.F.);
#7704=EDGE_CURVE('',#329,#331,#7707,.T.);
#7705=EDGE_CURVE('',#331,#363,#7708,.T.);
#7706=LINE('',#362,#7709);
#7707=LINE('',#328,#7710);
#7708=LINE('',#330,#7711);
#7709=VECTOR('',#7712,1.0);
#7710=VECTOR('',#7713,1.0);
#7711=VECTOR('',#7714,1.0);
#7712=DIRECTION('',(0.11850283629109006,0.038503732274057165,-0.9922069040235181));
#7713=DIRECTION('',(-0.9510569250426143,-0.30901573637678564,0));
#7714=DIRECTION('',(0,0,1));
#7715=FACE_SURFACE('',(#7720),#7716,.T.);
#7716=PLANE('',#7717);
#7717=AXIS2_PLACEMENT_3D('',#362,#7718,#7719);
#7718=DIRECTION('',(-0.4257642682324092,0.9048341217574198,0));
#7719=DIRECTION('',(0,0,-1));
#7720=FACE_BOUND('',#7721,.T.);
#7721=EDGE_LOOP('',(#7722,#7723,#7724));
#7722=ORIENTED_EDGE('',*,*,#7725,.T.);
#7723=ORIENTED_EDGE('',*,*,#7726,.T.);
#7724=ORIENTED_EDGE('',*,*,#7727,.T.);
#7725=EDGE_CURVE('',#363,#331,#7728,.F.);
#7726=EDGE_CURVE('',#331,#365,#7729,.T.);
#7727=EDGE_CURVE('',#365,#363,#7730,.T.);
#7728=LINE('',#362,#7731);
#7729=LINE('',#330,#7732);
#7730=LINE('',#364,#7733);
#7731=VECTOR('',#7734,1.0);
#7732=VECTOR('',#7735,1.0);
#7733=VECTOR('',#7736,1.0);
#7734=DIRECTION('',(0,0,-1));
#7735=DIRECTION('',(-0.11274720143962097,-0.05305251930923725,0.9922063791180122));
#7736=DIRECTION('',(0.9048341217574197,0.42576426823240915,0));
#7737=FACE_SURFACE('',(#7742),#7738,.T.);
#7738=PLANE('',#7739);
#7739=AXIS2_PLACEMENT_3D('',#364,#7740,#7741);
#7740=DIRECTION('',(-0.4257642682324092,0.9048341217574198,0));
#7741=DIRECTION('',(0.11274720143962097,0.05305251930923725,-0.9922063791180122));
#7742=FACE_BOUND('',#7743,.T.);
#7743=EDGE_LOOP('',(#7744,#7745,#7746));
#7744=ORIENTED_EDGE('',*,*,#7747,.T.);
#7745=ORIENTED_EDGE('',*,*,#7748,.T.);
#7746=ORIENTED_EDGE('',*,*,#7749,.T.);
#7747=EDGE_CURVE('',#365,#331,#7750,.F.);
#7748=EDGE_CURVE('',#331,#333,#7751,.T.);
#7749=EDGE_CURVE('',#333,#365,#7752,.T.);
#7750=LINE('',#364,#7753);
#7751=LINE('',#330,#7754);
#7752=LINE('',#332,#7755);
#7753=VECTOR('',#7756,1.0);
#7754=VECTOR('',#7757,1.0);
#7755=VECTOR('',#7758,1.0);
#7756=DIRECTION('',(0.11274720143962097,0.05305251930923725,-0.9922063791180122));
#7757=DIRECTION('',(-0.9048341217574197,-0.42576426823240915,7.072377446903867E-16));
#7758=DIRECTION('',(0,0,1));
#7759=FACE_SURFACE('',(#7764),#7760,.T.);
#7760=PLANE('',#7761);
#7761=AXIS2_PLACEMENT_3D('',#364,#7762,#7763);
#7762=DIRECTION('',(-0.5358372334728467,0.8443213009418665,0));
#7763=DIRECTION('',(0,0,-1));
#7764=FACE_BOUND('',#7765,.T.);
#7765=EDGE_LOOP('',(#7766,#7767,#7768));
#7766=ORIENTED_EDGE('',*,*,#7769,.T.);
#7767=ORIENTED_EDGE('',*,*,#7770,.T.);
#7768=ORIENTED_EDGE('',*,*,#7771,.T.);
#7769=EDGE_CURVE('',#365,#333,#7772,.F.);
#7770=EDGE_CURVE('',#333,#369,#7773,.T.);
#7771=EDGE_CURVE('',#369,#365,#7774,.T.);
#7772=LINE('',#364,#7775);
#7773=LINE('',#332,#7776);
#7774=LINE('',#368,#7777);
#7775=VECTOR('',#7778,1.0);
#7776=VECTOR('',#7779,1.0);
#7777=VECTOR('',#7780,1.0);
#7778=DIRECTION('',(0,0,-1));
#7779=DIRECTION('',(-0.105199191717596,-0.06676326155771997,0.9922075372461852));
#7780=DIRECTION('',(0.8443213009418666,0.5358372334728467,0));
#7781=FACE_SURFACE('',(#7786),#7782,.T.);
#7782=PLANE('',#7783);
#7783=AXIS2_PLACEMENT_3D('',#368,#7784,#7785);
#7784=DIRECTION('',(-0.5358372334728467,0.8443213009418665,0));
#7785=DIRECTION('',(0.105199191717596,0.06676326155771997,-0.9922075372461852));
#7786=FACE_BOUND('',#7787,.T.);
#7787=EDGE_LOOP('',(#7788,#7789,#7790));
#7788=ORIENTED_EDGE('',*,*,#7791,.T.);
#7789=ORIENTED_EDGE('',*,*,#7792,.T.);
#7790=ORIENTED_EDGE('',*,*,#7793,.T.);
#7791=EDGE_CURVE('',#369,#333,#7794,.F.);
#7792=EDGE_CURVE('',#333,#335,#7795,.T.);
#7793=EDGE_CURVE('',#335,#369,#7796,.T.);
#7794=LINE('',#368,#7797);
#7795=LINE('',#332,#7798);
#7796=LINE('',#334,#7799);
#7797=VECTOR('',#7800,1.0);
#7798=VECTOR('',#7801,1.0);
#7799=VECTOR('',#7802,1.0);
#7800=DIRECTION('',(0.105199191717596,0.06676326155771997,-0.9922075372461852));
#7801=DIRECTION('',(-0.8443213009418666,-0.5358372334728467,0));
#7802=DIRECTION('',(0,0,1));
#7803=FACE_SURFACE('',(#7808),#7804,.T.);
#7804=PLANE('',#7805);
#7805=AXIS2_PLACEMENT_3D('',#368,#7806,#7807);
#7806=DIRECTION('',(-0.6374153239204838,0.770520411690271,0));
#7807=DIRECTION('',(0,0,-1));
#7808=FACE_BOUND('',#7809,.T.);
#7809=EDGE_LOOP('',(#7810,#7811,#7812));
#7810=ORIENTED_EDGE('',*,*,#7813,.T.);
#7811=ORIENTED_EDGE('',*,*,#7814,.T.);
#7812=ORIENTED_EDGE('',*,*,#7815,.T.);
#7813=EDGE_CURVE('',#369,#335,#7816,.F.);
#7814=EDGE_CURVE('',#335,#373,#7817,.T.);
#7815=EDGE_CURVE('',#373,#369,#7818,.T.);
#7816=LINE('',#368,#7819);
#7817=LINE('',#334,#7820);
#7818=LINE('',#372,#7821);
#7819=VECTOR('',#7822,1.0);
#7820=VECTOR('',#7823,1.0);
#7821=VECTOR('',#7824,1.0);
#7822=DIRECTION('',(0,0,-1));
#7823=DIRECTION('',(-0.09601337076254268,-0.07942734922628449,0.9922059911276995));
#7824=DIRECTION('',(0.770520411690271,0.6374153239204838,0));
#7825=FACE_SURFACE('',(#7830),#7826,.T.);
#7826=PLANE('',#7827);
#7827=AXIS2_PLACEMENT_3D('',#372,#7828,#7829);
#7828=DIRECTION('',(-0.6374153239204838,0.770520411690271,0));
#7829=DIRECTION('',(0.09601337076254268,0.07942734922628449,-0.9922059911276995));
#7830=FACE_BOUND('',#7831,.T.);
#7831=EDGE_LOOP('',(#7832,#7833,#7834));
#7832=ORIENTED_EDGE('',*,*,#7835,.T.);
#7833=ORIENTED_EDGE('',*,*,#7836,.T.);
#7834=ORIENTED_EDGE('',*,*,#7837,.T.);
#7835=EDGE_CURVE('',#373,#335,#7838,.F.);
#7836=EDGE_CURVE('',#335,#337,#7839,.T.);
#7837=EDGE_CURVE('',#337,#373,#7840,.T.);
#7838=LINE('',#372,#7841);
#7839=LINE('',#334,#7842);
#7840=LINE('',#336,#7843);
#7841=VECTOR('',#7844,1.0);
#7842=VECTOR('',#7845,1.0);
#7843=VECTOR('',#7846,1.0);
#7844=DIRECTION('',(0.09601337076254268,0.07942734922628449,-0.9922059911276995));
#7845=DIRECTION('',(-0.770520411690271,-0.6374153239204838,0));
#7846=DIRECTION('',(0,0,1));
#7847=FACE_SURFACE('',(#7852),#7848,.T.);
#7848=PLANE('',#7849);
#7849=AXIS2_PLACEMENT_3D('',#372,#7850,#7851);
#7850=DIRECTION('',(-0.7289597770227463,0.6845565305239211,0));
#7851=DIRECTION('',(0,0,-1));
#7852=FACE_BOUND('',#7853,.T.);
#7853=EDGE_LOOP('',(#7854,#7855,#7856));
#7854=ORIENTED_EDGE('',*,*,#7857,.T.);
#7855=ORIENTED_EDGE('',*,*,#7858,.T.);
#7856=ORIENTED_EDGE('',*,*,#7859,.T.);
#7857=EDGE_CURVE('',#373,#337,#7860,.F.);
#7858=EDGE_CURVE('',#337,#377,#7861,.T.);
#7859=EDGE_CURVE('',#377,#373,#7862,.T.);
#7860=LINE('',#372,#7863);
#7861=LINE('',#336,#7864);
#7862=LINE('',#376,#7865);
#7863=VECTOR('',#7866,1.0);
#7864=VECTOR('',#7867,1.0);
#7865=VECTOR('',#7868,1.0);
#7866=DIRECTION('',(0,0,-1));
#7867=DIRECTION('',(-0.08529684498789254,-0.09082956093564747,0.9922068529774166));
#7868=DIRECTION('',(0.684556530523921,0.7289597770227463,0));
#7869=FACE_SURFACE('',(#7874),#7870,.T.);
#7870=PLANE('',#7871);
#7871=AXIS2_PLACEMENT_3D('',#376,#7872,#7873);
#7872=DIRECTION('',(-0.7289597770227463,0.6845565305239211,0));
#7873=DIRECTION('',(0.08529684498789254,0.09082956093564747,-0.9922068529774166));
#7874=FACE_BOUND('',#7875,.T.);
#7875=EDGE_LOOP('',(#7876,#7877,#7878));
#7876=ORIENTED_EDGE('',*,*,#7879,.T.);
#7877=ORIENTED_EDGE('',*,*,#7880,.T.);
#7878=ORIENTED_EDGE('',*,*,#7881,.T.);
#7879=EDGE_CURVE('',#377,#337,#7882,.F.);
#7880=EDGE_CURVE('',#337,#341,#7883,.T.);
#7881=EDGE_CURVE('',#341,#377,#7884,.T.);
#7882=LINE('',#376,#7885);
#7883=LINE('',#336,#7886);
#7884=LINE('',#340,#7887);
#7885=VECTOR('',#7888,1.0);
#7886=VECTOR('',#7889,1.0);
#7887=VECTOR('',#7890,1.0);
#7888=DIRECTION('',(0.08529684498789254,0.09082956093564747,-0.9922068529774166));
#7889=DIRECTION('',(-0.684556530523921,-0.7289597770227463,0));
#7890=DIRECTION('',(0,0,1));
#7891=FACE_SURFACE('',(#7896),#7892,.T.);
#7892=PLANE('',#7893);
#7893=AXIS2_PLACEMENT_3D('',#338,#7894,#7895);
#7894=DIRECTION('',(0.2079338240874614,-0.9781428959003714,0));
#7895=DIRECTION('',(0,0,1));
#7896=FACE_BOUND('',#7897,.T.);
#7897=EDGE_LOOP('',(#7898,#7899,#7900));
#7898=ORIENTED_EDGE('',*,*,#7901,.T.);
#7899=ORIENTED_EDGE('',*,*,#7902,.T.);
#7900=ORIENTED_EDGE('',*,*,#7903,.T.);
#7901=EDGE_CURVE('',#339,#367,#7904,.F.);
#7902=EDGE_CURVE('',#367,#395,#7905,.T.);
#7903=EDGE_CURVE('',#395,#339,#7906,.T.);
#7904=LINE('',#338,#7907);
#7905=LINE('',#366,#7908);
#7906=LINE('',#394,#7909);
#7907=VECTOR('',#7910,1.0);
#7908=VECTOR('',#7911,1.0);
#7909=VECTOR('',#7912,1.0);
#7910=DIRECTION('',(0,0,1));
#7911=DIRECTION('',(-0.9781428959003713,-0.20793382408746142,0));
#7912=DIRECTION('',(0.06529349459346767,0.01388010491693698,-0.9977695637025954));
#7913=FACE_SURFACE('',(#7918),#7914,.T.);
#7914=PLANE('',#7915);
#7915=AXIS2_PLACEMENT_3D('',#338,#7916,#7917);
#7916=DIRECTION('',(0.2079338240874614,-0.9781428959003714,0));
#7917=DIRECTION('',(-0.06529349459346767,-0.01388010491693698,0.9977695637025954));
#7918=FACE_BOUND('',#7919,.T.);
#7919=EDGE_LOOP('',(#7920,#7921,#7922));
#7920=ORIENTED_EDGE('',*,*,#7923,.T.);
#7921=ORIENTED_EDGE('',*,*,#7924,.T.);
#7922=ORIENTED_EDGE('',*,*,#7925,.T.);
#7923=EDGE_CURVE('',#339,#395,#7926,.F.);
#7924=EDGE_CURVE('',#395,#397,#7927,.T.);
#7925=EDGE_CURVE('',#397,#339,#7928,.T.);
#7926=LINE('',#338,#7929);
#7927=LINE('',#394,#7930);
#7928=LINE('',#396,#7931);
#7929=VECTOR('',#7932,1.0);
#7930=VECTOR('',#7933,1.0);
#7931=VECTOR('',#7934,1.0);
#7932=DIRECTION('',(-0.06529349459346767,-0.01388010491693698,0.9977695637025954));
#7933=DIRECTION('',(0,0,-1));
#7934=DIRECTION('',(0.9781428959003713,0.20793382408746142,0));
#7935=FACE_SURFACE('',(#7940),#7936,.T.);
#7936=PLANE('',#7937);
#7937=AXIS2_PLACEMENT_3D('',#398,#7938,#7939);
#7938=DIRECTION('',(0,0,-1));
#7939=DIRECTION('',(0.9999494317777883,0.0100565345561067,0));
#7940=FACE_BOUND('',#7941,.T.);
#7941=EDGE_LOOP('',(#7942,#7943,#7944));
#7942=ORIENTED_EDGE('',*,*,#7945,.T.);
#7943=ORIENTED_EDGE('',*,*,#7946,.T.);
#7944=ORIENTED_EDGE('',*,*,#7947,.T.);
#7945=EDGE_CURVE('',#399,#339,#7948,.F.);
#7946=EDGE_CURVE('',#339,#397,#7949,.T.);
#7947=EDGE_CURVE('',#397,#399,#7950,.T.);
#7948=LINE('',#398,#7951);
#7949=LINE('',#338,#7952);
#7950=LINE('',#396,#7953);
#7951=VECTOR('',#7954,1.0);
#7952=VECTOR('',#7955,1.0);
#7953=VECTOR('',#7956,1.0);
#7954=DIRECTION('',(0.9999494317777883,0.0100565345561067,0));
#7955=DIRECTION('',(-0.9781428959003713,-0.20793382408746142,0));
#7956=DIRECTION('',(-0.999984903470713,0.005494800330199591,0));
#7957=FACE_SURFACE('',(#7962),#7958,.T.);
#7958=PLANE('',#7959);
#7959=AXIS2_PLACEMENT_3D('',#398,#7960,#7961);
#7960=DIRECTION('',(0,0,-1));
#7961=DIRECTION('',(0.3682042621338165,0.9297449227323007,0));
#7962=FACE_BOUND('',#7963,.T.);
#7963=EDGE_LOOP('',(#7964,#7965,#7966));
#7964=ORIENTED_EDGE('',*,*,#7967,.T.);
#7965=ORIENTED_EDGE('',*,*,#7968,.T.);
#7966=ORIENTED_EDGE('',*,*,#7969,.T.);
#7967=EDGE_CURVE('',#399,#343,#7970,.F.);
#7968=EDGE_CURVE('',#343,#339,#7971,.T.);
#7969=EDGE_CURVE('',#339,#399,#7972,.T.);
#7970=LINE('',#398,#7973);
#7971=LINE('',#342,#7974);
#7972=LINE('',#338,#7975);
#7973=VECTOR('',#7976,1.0);
#7974=VECTOR('',#7977,1.0);
#7975=VECTOR('',#7978,1.0);
#7976=DIRECTION('',(0.3682042621338165,0.9297449227323007,0));
#7977=DIRECTION('',(0.9924715563855286,-0.12247534350099354,0));
#7978=DIRECTION('',(-0.9999494317777883,-0.0100565345561067,0));
#7979=FACE_SURFACE('',(#7984),#7980,.T.);
#7980=PLANE('',#7981);
#7981=AXIS2_PLACEMENT_3D('',#376,#7982,#7983);
#7982=DIRECTION('',(-0.8090386341174507,0.587755466589099,0));
#7983=DIRECTION('',(0,0,-1));
#7984=FACE_BOUND('',#7985,.T.);
#7985=EDGE_LOOP('',(#7986,#7987,#7988));
#7986=ORIENTED_EDGE('',*,*,#7989,.T.);
#7987=ORIENTED_EDGE('',*,*,#7990,.T.);
#7988=ORIENTED_EDGE('',*,*,#7991,.T.);
#7989=EDGE_CURVE('',#377,#341,#7992,.F.);
#7990=EDGE_CURVE('',#341,#375,#7993,.T.);
#7991=EDGE_CURVE('',#375,#377,#7994,.T.);
#7992=LINE('',#376,#7995);
#7993=LINE('',#340,#7996);
#7994=LINE('',#374,#7997);
#7995=VECTOR('',#7998,1.0);
#7996=VECTOR('',#7999,1.0);
#7997=VECTOR('',#8000,1.0);
#7998=DIRECTION('',(0,0,-1));
#7999=DIRECTION('',(-0.07323342177898194,-0.10080496209018769,0.9922072492944897));
#8000=DIRECTION('',(0.587755466589099,0.8090386341174507,0));
#8001=FACE_SURFACE('',(#8006),#8002,.T.);
#8002=PLANE('',#8003);
#8003=AXIS2_PLACEMENT_3D('',#374,#8004,#8005);
#8004=DIRECTION('',(-0.8090386341174507,0.587755466589099,0));
#8005=DIRECTION('',(0.07323342177898194,0.10080496209018769,-0.9922072492944897));
#8006=FACE_BOUND('',#8007,.T.);
#8007=EDGE_LOOP('',(#8008,#8009,#8010));
#8008=ORIENTED_EDGE('',*,*,#8011,.T.);
#8009=ORIENTED_EDGE('',*,*,#8012,.T.);
#8010=ORIENTED_EDGE('',*,*,#8013,.T.);
#8011=EDGE_CURVE('',#375,#341,#8014,.F.);
#8012=EDGE_CURVE('',#341,#345,#8015,.T.);
#8013=EDGE_CURVE('',#345,#375,#8016,.T.);
#8014=LINE('',#374,#8017);
#8015=LINE('',#340,#8018);
#8016=LINE('',#344,#8019);
#8017=VECTOR('',#8020,1.0);
#8018=VECTOR('',#8021,1.0);
#8019=VECTOR('',#8022,1.0);
#8020=DIRECTION('',(0.07323342177898194,0.10080496209018769,-0.9922072492944897));
#8021=DIRECTION('',(-0.587755466589099,-0.8090386341174507,0));
#8022=DIRECTION('',(0,0,1));
#8023=FACE_SURFACE('',(#8028),#8024,.T.);
#8024=PLANE('',#8025);
#8025=AXIS2_PLACEMENT_3D('',#370,#8026,#8027);
#8026=DIRECTION('',(-0.9297449227323007,0.3682042621338165,0));
#8027=DIRECTION('',(0,0,-1));
#8028=FACE_BOUND('',#8029,.T.);
#8029=EDGE_LOOP('',(#8030,#8031,#8032));
#8030=ORIENTED_EDGE('',*,*,#8033,.T.);
#8031=ORIENTED_EDGE('',*,*,#8034,.T.);
#8032=ORIENTED_EDGE('',*,*,#8035,.T.);
#8033=EDGE_CURVE('',#371,#343,#8036,.F.);
#8034=EDGE_CURVE('',#343,#401,#8037,.T.);
#8035=EDGE_CURVE('',#401,#371,#8038,.T.);
#8036=LINE('',#370,#8039);
#8037=LINE('',#342,#8040);
#8038=LINE('',#400,#8041);
#8039=VECTOR('',#8042,1.0);
#8040=VECTOR('',#8043,1.0);
#8041=VECTOR('',#8044,1.0);
#8042=DIRECTION('',(0,0,-1));
#8043=DIRECTION('',(-0.04587986137592298,-0.1158502835429523,0.9922065057855364));
#8044=DIRECTION('',(0.3682042621338165,0.9297449227323007,0));
#8045=FACE_SURFACE('',(#8050),#8046,.T.);
#8046=PLANE('',#8047);
#8047=AXIS2_PLACEMENT_3D('',#400,#8048,#8049);
#8048=DIRECTION('',(-0.9297449227323007,0.3682042621338165,0));
#8049=DIRECTION('',(0.04587986137592298,0.1158502835429523,-0.9922065057855364));
#8050=FACE_BOUND('',#8051,.T.);
#8051=EDGE_LOOP('',(#8052,#8053,#8054));
#8052=ORIENTED_EDGE('',*,*,#8055,.T.);
#8053=ORIENTED_EDGE('',*,*,#8056,.T.);
#8054=ORIENTED_EDGE('',*,*,#8057,.T.);
#8055=EDGE_CURVE('',#401,#343,#8058,.F.);
#8056=EDGE_CURVE('',#343,#399,#8059,.T.);
#8057=EDGE_CURVE('',#399,#401,#8060,.T.);
#8058=LINE('',#400,#8061);
#8059=LINE('',#342,#8062);
#8060=LINE('',#398,#8063);
#8061=VECTOR('',#8064,1.0);
#8062=VECTOR('',#8065,1.0);
#8063=VECTOR('',#8066,1.0);
#8064=DIRECTION('',(0.04587986137592298,0.1158502835429523,-0.9922065057855364));
#8065=DIRECTION('',(-0.3682042621338165,-0.9297449227323007,0));
#8066=DIRECTION('',(0,0,1));
#8067=FACE_SURFACE('',(#8072),#8068,.T.);
#8068=PLANE('',#8069);
#8069=AXIS2_PLACEMENT_3D('',#370,#8070,#8071);
#8070=DIRECTION('',(-0.8763127590642126,0.48174261623948866,0));
#8071=DIRECTION('',(0.060026566272258046,0.10919118245715512,-0.9922066805939025));
#8072=FACE_BOUND('',#8073,.T.);
#8073=EDGE_LOOP('',(#8074,#8075,#8076));
#8074=ORIENTED_EDGE('',*,*,#8077,.T.);
#8075=ORIENTED_EDGE('',*,*,#8078,.T.);
#8076=ORIENTED_EDGE('',*,*,#8079,.T.);
#8077=EDGE_CURVE('',#371,#345,#8080,.F.);
#8078=EDGE_CURVE('',#345,#343,#8081,.T.);
#8079=EDGE_CURVE('',#343,#371,#8082,.T.);
#8080=LINE('',#370,#8083);
#8081=LINE('',#344,#8084);
#8082=LINE('',#342,#8085);
#8083=VECTOR('',#8086,1.0);
#8084=VECTOR('',#8087,1.0);
#8085=VECTOR('',#8088,1.0);
#8086=DIRECTION('',(0.060026566272258046,0.10919118245715512,-0.9922066805939025));
#8087=DIRECTION('',(-0.4817426162394886,-0.8763127590642126,0));
#8088=DIRECTION('',(0,0,1));
#8089=FACE_SURFACE('',(#8094),#8090,.T.);
#8090=PLANE('',#8091);
#8091=AXIS2_PLACEMENT_3D('',#374,#8092,#8093);
#8092=DIRECTION('',(-0.8763127590642126,0.48174261623948866,0));
#8093=DIRECTION('',(0,0,-1));
#8094=FACE_BOUND('',#8095,.T.);
#8095=EDGE_LOOP('',(#8096,#8097,#8098));
#8096=ORIENTED_EDGE('',*,*,#8099,.T.);
#8097=ORIENTED_EDGE('',*,*,#8100,.T.);
#8098=ORIENTED_EDGE('',*,*,#8101,.T.);
#8099=EDGE_CURVE('',#375,#345,#8102,.F.);
#8100=EDGE_CURVE('',#345,#371,#8103,.T.);
#8101=EDGE_CURVE('',#371,#375,#8104,.T.);
#8102=LINE('',#374,#8105);
#8103=LINE('',#344,#8106);
#8104=LINE('',#370,#8107);
#8105=VECTOR('',#8108,1.0);
#8106=VECTOR('',#8109,1.0);
#8107=VECTOR('',#8110,1.0);
#8108=DIRECTION('',(0,0,-1));
#8109=DIRECTION('',(-0.060026566272258046,-0.10919118245715512,0.9922066805939025));
#8110=DIRECTION('',(0.4817426162394886,0.8763127590642126,0));
#8111=FACE_SURFACE('',(#8116),#8112,.T.);
#8112=PLANE('',#8113);
#8113=AXIS2_PLACEMENT_3D('',#402,#8114,#8115);
#8114=DIRECTION('',(-0.9921118989301813,0.1253554147260897,0));
#8115=DIRECTION('',(0,0,-1));
#8116=FACE_BOUND('',#8117,.T.);
#8117=EDGE_LOOP('',(#8118,#8119,#8120));
#8118=ORIENTED_EDGE('',*,*,#8121,.T.);
#8119=ORIENTED_EDGE('',*,*,#8122,.T.);
#8120=ORIENTED_EDGE('',*,*,#8123,.T.);
#8121=EDGE_CURVE('',#403,#381,#8124,.F.);
#8122=EDGE_CURVE('',#381,#347,#8125,.T.);
#8123=EDGE_CURVE('',#347,#403,#8126,.T.);
#8124=LINE('',#402,#8127);
#8125=LINE('',#380,#8128);
#8126=LINE('',#346,#8129);
#8127=VECTOR('',#8130,1.0);
#8128=VECTOR('',#8131,1.0);
#8129=VECTOR('',#8132,1.0);
#8130=DIRECTION('',(0,0,-1));
#8131=DIRECTION('',(-0.01561950600819799,-0.12361889432542801,0.9922068332751082));
#8132=DIRECTION('',(0.1253554147260897,0.9921118989301813,0));
#8133=FACE_SURFACE('',(#8138),#8134,.T.);
#8134=PLANE('',#8135);
#8135=AXIS2_PLACEMENT_3D('',#404,#8136,#8137);
#8136=DIRECTION('',(0,0,1));
#8137=DIRECTION('',(-0.9965778831160268,0.08265907623473011,0));
#8138=FACE_BOUND('',#8139,.T.);
#8139=EDGE_LOOP('',(#8140,#8141,#8142));
#8140=ORIENTED_EDGE('',*,*,#8143,.T.);
#8141=ORIENTED_EDGE('',*,*,#8144,.T.);
#8142=ORIENTED_EDGE('',*,*,#8145,.T.);
#8143=EDGE_CURVE('',#405,#403,#8146,.F.);
#8144=EDGE_CURVE('',#403,#347,#8147,.T.);
#8145=EDGE_CURVE('',#347,#405,#8148,.T.);
#8146=LINE('',#404,#8149);
#8147=LINE('',#402,#8150);
#8148=LINE('',#346,#8151);
#8149=VECTOR('',#8152,1.0);
#8150=VECTOR('',#8153,1.0);
#8151=VECTOR('',#8154,1.0);
#8152=DIRECTION('',(-0.9965778831160268,0.08265907623473011,0));
#8153=DIRECTION('',(-0.1253554147260897,-0.9921118989301813,0));
#8154=DIRECTION('',(0.9954748939648211,0.09502492034055238,0));
#8155=FACE_SURFACE('',(#8160),#8156,.T.);
#8156=PLANE('',#8157);
#8157=AXIS2_PLACEMENT_3D('',#406,#8158,#8159);
#8158=DIRECTION('',(0,0,1));
#8159=DIRECTION('',(-0.999985094312216,-0.005459959101325503,0));
#8160=FACE_BOUND('',#8161,.T.);
#8161=EDGE_LOOP('',(#8162,#8163,#8164));
#8162=ORIENTED_EDGE('',*,*,#8165,.T.);
#8163=ORIENTED_EDGE('',*,*,#8166,.T.);
#8164=ORIENTED_EDGE('',*,*,#8167,.T.);
#8165=EDGE_CURVE('',#407,#347,#8168,.F.);
#8166=EDGE_CURVE('',#347,#349,#8169,.T.);
#8167=EDGE_CURVE('',#349,#407,#8170,.T.);
#8168=LINE('',#406,#8171);
#8169=LINE('',#346,#8172);
#8170=LINE('',#348,#8173);
#8171=VECTOR('',#8174,1.0);
#8172=VECTOR('',#8175,1.0);
#8173=VECTOR('',#8176,1.0);
#8174=DIRECTION('',(-0.999985094312216,-0.005459959101325503,0));
#8175=DIRECTION('',(0.9957392963486847,-0.09221308858847696,0));
#8176=DIRECTION('',(0.10452140591741298,0.9945226371003565,0));
#8177=FACE_SURFACE('',(#8182),#8178,.T.);
#8178=PLANE('',#8179);
#8179=AXIS2_PLACEMENT_3D('',#404,#8180,#8181);
#8180=DIRECTION('',(0,0,1));
#8181=DIRECTION('',(-0.9954748939648211,-0.09502492034055238,0));
#8182=FACE_BOUND('',#8183,.T.);
#8183=EDGE_LOOP('',(#8184,#8185,#8186));
#8184=ORIENTED_EDGE('',*,*,#8187,.T.);
#8185=ORIENTED_EDGE('',*,*,#8188,.T.);
#8186=ORIENTED_EDGE('',*,*,#8189,.T.);
#8187=EDGE_CURVE('',#405,#347,#8190,.F.);
#8188=EDGE_CURVE('',#347,#407,#8191,.T.);
#8189=EDGE_CURVE('',#407,#405,#8192,.T.);
#8190=LINE('',#404,#8193);
#8191=LINE('',#346,#8194);
#8192=LINE('',#406,#8195);
#8193=VECTOR('',#8196,1.0);
#8194=VECTOR('',#8197,1.0);
#8195=VECTOR('',#8198,1.0);
#8196=DIRECTION('',(-0.9954748939648211,-0.09502492034055238,0));
#8197=DIRECTION('',(0.999985094312216,0.005459959101325503,0));
#8198=DIRECTION('',(0.30903655969634947,0.951050158914368,0));
#8199=FACE_SURFACE('',(#8204),#8200,.T.);
#8200=PLANE('',#8201);
#8201=AXIS2_PLACEMENT_3D('',#384,#8202,#8203);
#8202=DIRECTION('',(0.9945226371003564,-0.10452140591741298,0));
#8203=DIRECTION('',(0,0,1));
#8204=FACE_BOUND('',#8205,.T.);
#8205=EDGE_LOOP('',(#8206,#8207,#8208));
#8206=ORIENTED_EDGE('',*,*,#8209,.T.);
#8207=ORIENTED_EDGE('',*,*,#8210,.T.);
#8208=ORIENTED_EDGE('',*,*,#8211,.T.);
#8209=EDGE_CURVE('',#385,#407,#8212,.F.);
#8210=EDGE_CURVE('',#407,#349,#8213,.T.);
#8211=EDGE_CURVE('',#349,#385,#8214,.T.);
#8212=LINE('',#384,#8215);
#8213=LINE('',#406,#8216);
#8214=LINE('',#348,#8217);
#8215=VECTOR('',#8218,1.0);
#8216=VECTOR('',#8219,1.0);
#8217=VECTOR('',#8220,1.0);
#8218=DIRECTION('',(0,0,1));
#8219=DIRECTION('',(-0.10452140591741298,-0.9945226371003565,0));
#8220=DIRECTION('',(0.0069765939850688985,0.06638238920639405,-0.997769866021027));
#8221=FACE_SURFACE('',(#8226),#8222,.T.);
#8222=PLANE('',#8223);
#8223=AXIS2_PLACEMENT_3D('',#378,#8224,#8225);
#8224=DIRECTION('',(-0.8659886897354986,0.5000635852071158,0));
#8225=DIRECTION('',(0,0,1));
#8226=FACE_BOUND('',#8227,.T.);
#8227=EDGE_LOOP('',(#8228,#8229,#8230));
#8228=ORIENTED_EDGE('',*,*,#8231,.T.);
#8229=ORIENTED_EDGE('',*,*,#8232,.T.);
#8230=ORIENTED_EDGE('',*,*,#8233,.T.);
#8231=EDGE_CURVE('',#379,#353,#8234,.F.);
#8232=EDGE_CURVE('',#353,#409,#8235,.T.);
#8233=EDGE_CURVE('',#409,#379,#8236,.T.);
#8234=LINE('',#378,#8237);
#8235=LINE('',#352,#8238);
#8236=LINE('',#408,#8239);
#8237=VECTOR('',#8240,1.0);
#8238=VECTOR('',#8241,1.0);
#8239=VECTOR('',#8242,1.0);
#8240=DIRECTION('',(0,0,1));
#8241=DIRECTION('',(0.5000635852071158,0.8659886897354985,0));
#8242=DIRECTION('',(-0.03338239897314191,-0.057810208145840904,-0.9977693096467403));
#8243=FACE_SURFACE('',(#8248),#8244,.T.);
#8244=PLANE('',#8245);
#8245=AXIS2_PLACEMENT_3D('',#410,#8246,#8247);
#8246=DIRECTION('',(0,0,1));
#8247=DIRECTION('',(-1,0,0));
#8248=FACE_BOUND('',#8249,.T.);
#8249=EDGE_LOOP('',(#8250,#8251,#8252));
#8250=ORIENTED_EDGE('',*,*,#8253,.T.);
#8251=ORIENTED_EDGE('',*,*,#8254,.T.);
#8252=ORIENTED_EDGE('',*,*,#8255,.T.);
#8253=EDGE_CURVE('',#411,#409,#8256,.F.);
#8254=EDGE_CURVE('',#409,#353,#8257,.T.);
#8255=EDGE_CURVE('',#353,#411,#8258,.T.);
#8256=LINE('',#410,#8259);
#8257=LINE('',#408,#8260);
#8258=LINE('',#352,#8261);
#8259=VECTOR('',#8262,1.0);
#8260=VECTOR('',#8263,1.0);
#8261=VECTOR('',#8264,1.0);
#8262=DIRECTION('',(-1,0,0));
#8263=DIRECTION('',(-0.5000635852071158,-0.8659886897354985,0));
#8264=DIRECTION('',(0.9997608511892123,0.021868708910710955,0));
#8265=FACE_SURFACE('',(#8270),#8266,.T.);
#8266=PLANE('',#8267);
#8267=AXIS2_PLACEMENT_3D('',#410,#8268,#8269);
#8268=DIRECTION('',(0,0,1));
#8269=DIRECTION('',(-0.9997608511892123,-0.021868708910710955,0));
#8270=FACE_BOUND('',#8271,.T.);
#8271=EDGE_LOOP('',(#8272,#8273,#8274));
#8272=ORIENTED_EDGE('',*,*,#8275,.T.);
#8273=ORIENTED_EDGE('',*,*,#8276,.T.);
#8274=ORIENTED_EDGE('',*,*,#8277,.T.);
#8275=EDGE_CURVE('',#411,#353,#8278,.F.);
#8276=EDGE_CURVE('',#353,#355,#8279,.T.);
#8277=EDGE_CURVE('',#355,#411,#8280,.T.);
#8278=LINE('',#410,#8281);
#8279=LINE('',#352,#8282);
#8280=LINE('',#354,#8283);
#8281=VECTOR('',#8284,1.0);
#8282=VECTOR('',#8285,1.0);
#8283=VECTOR('',#8286,1.0);
#8284=DIRECTION('',(-0.9997608511892123,-0.021868708910710955,0));
#8285=DIRECTION('',(1,0,0));
#8286=DIRECTION('',(-0.49995411149146307,0.8660518959062337,0));
#8287=FACE_SURFACE('',(#8292),#8288,.T.);
#8288=PLANE('',#8289);
#8289=AXIS2_PLACEMENT_3D('',#354,#8290,#8291);
#8290=DIRECTION('',(0.8660518959062337,0.499954111491463,0));
#8291=DIRECTION('',(0,0,-1));
#8292=FACE_BOUND('',#8293,.T.);
#8293=EDGE_LOOP('',(#8294,#8295,#8296));
#8294=ORIENTED_EDGE('',*,*,#8297,.T.);
#8295=ORIENTED_EDGE('',*,*,#8298,.T.);
#8296=ORIENTED_EDGE('',*,*,#8299,.T.);
#8297=EDGE_CURVE('',#355,#357,#8300,.F.);
#8298=EDGE_CURVE('',#357,#413,#8301,.T.);
#8299=EDGE_CURVE('',#413,#355,#8302,.T.);
#8300=LINE('',#354,#8303);
#8301=LINE('',#356,#8304);
#8302=LINE('',#412,#8305);
#8303=VECTOR('',#8306,1.0);
#8304=VECTOR('',#8307,1.0);
#8305=VECTOR('',#8308,1.0);
#8306=DIRECTION('',(0,0,-1));
#8307=DIRECTION('',(-0.49995411149146307,0.8660518959062337,0));
#8308=DIRECTION('',(0.03337266598586491,-0.05781022694719315,0.9977696341467351));
#8309=FACE_SURFACE('',(#8314),#8310,.T.);
#8310=PLANE('',#8311);
#8311=AXIS2_PLACEMENT_3D('',#354,#8312,#8313);
#8312=DIRECTION('',(0.8660518959062337,0.499954111491463,0));
#8313=DIRECTION('',(-0.03337266598586491,0.05781022694719315,-0.9977696341467351));
#8314=FACE_BOUND('',#8315,.T.);
#8315=EDGE_LOOP('',(#8316,#8317,#8318));
#8316=ORIENTED_EDGE('',*,*,#8319,.T.);
#8317=ORIENTED_EDGE('',*,*,#8320,.T.);
#8318=ORIENTED_EDGE('',*,*,#8321,.T.);
#8319=EDGE_CURVE('',#355,#413,#8322,.F.);
#8320=EDGE_CURVE('',#413,#411,#8323,.T.);
#8321=EDGE_CURVE('',#411,#355,#8324,.T.);
#8322=LINE('',#354,#8325);
#8323=LINE('',#412,#8326);
#8324=LINE('',#410,#8327);
#8325=VECTOR('',#8328,1.0);
#8326=VECTOR('',#8329,1.0);
#8327=VECTOR('',#8330,1.0);
#8328=DIRECTION('',(-0.03337266598586491,0.05781022694719315,-0.9977696341467351));
#8329=DIRECTION('',(0,0,1));
#8330=DIRECTION('',(0.49995411149146307,-0.8660518959062337,0));
#8331=FACE_SURFACE('',(#8336),#8332,.T.);
#8332=PLANE('',#8333);
#8333=AXIS2_PLACEMENT_3D('',#356,#8334,#8335);
#8334=DIRECTION('',(0,0,-1));
#8335=DIRECTION('',(-1,0,0));
#8336=FACE_BOUND('',#8337,.T.);
#8337=EDGE_LOOP('',(#8338,#8339,#8340));
#8338=ORIENTED_EDGE('',*,*,#8341,.T.);
#8339=ORIENTED_EDGE('',*,*,#8342,.T.);
#8340=ORIENTED_EDGE('',*,*,#8343,.T.);
#8341=EDGE_CURVE('',#357,#379,#8344,.F.);
#8342=EDGE_CURVE('',#379,#413,#8345,.T.);
#8343=EDGE_CURVE('',#413,#357,#8346,.T.);
#8344=LINE('',#356,#8347);
#8345=LINE('',#378,#8348);
#8346=LINE('',#412,#8349);
#8347=VECTOR('',#8350,1.0);
#8348=VECTOR('',#8351,1.0);
#8349=VECTOR('',#8352,1.0);
#8350=DIRECTION('',(-1,0,0));
#8351=DIRECTION('',(0.9997608511892123,0.021868708910710955,0));
#8352=DIRECTION('',(0.49995411149146307,-0.8660518959062337,0));
#8353=FACE_SURFACE('',(#8358),#8354,.T.);
#8354=PLANE('',#8355);
#8355=AXIS2_PLACEMENT_3D('',#400,#8356,#8357);
#8356=DIRECTION('',(-0,0,1));
#8357=DIRECTION('',(0.999984903470713,-0.005494800330199591,0));
#8358=FACE_BOUND('',#8359,.T.);
#8359=EDGE_LOOP('',(#8360,#8361,#8362));
#8360=ORIENTED_EDGE('',*,*,#8363,.T.);
#8361=ORIENTED_EDGE('',*,*,#8364,.T.);
#8362=ORIENTED_EDGE('',*,*,#8365,.T.);
#8363=EDGE_CURVE('',#401,#395,#8366,.F.);
#8364=EDGE_CURVE('',#395,#367,#8367,.T.);
#8365=EDGE_CURVE('',#367,#401,#8368,.T.);
#8366=LINE('',#400,#8369);
#8367=LINE('',#394,#8370);
#8368=LINE('',#366,#8371);
#8369=VECTOR('',#8372,1.0);
#8370=VECTOR('',#8373,1.0);
#8371=VECTOR('',#8374,1.0);
#8372=DIRECTION('',(0.999984903470713,-0.005494800330199591,0));
#8373=DIRECTION('',(0.9781428959003713,0.20793382408746142,0));
#8374=DIRECTION('',(-0.9999494317777883,-0.0100565345561067,0));
#8375=FACE_SURFACE('',(#8380),#8376,.T.);
#8376=PLANE('',#8377);
#8377=AXIS2_PLACEMENT_3D('',#400,#8378,#8379);
#8378=DIRECTION('',(0,0,1));
#8379=DIRECTION('',(0.9999494317777883,0.0100565345561067,0));
#8380=FACE_BOUND('',#8381,.T.);
#8381=EDGE_LOOP('',(#8382,#8383,#8384));
#8382=ORIENTED_EDGE('',*,*,#8385,.T.);
#8383=ORIENTED_EDGE('',*,*,#8386,.T.);
#8384=ORIENTED_EDGE('',*,*,#8387,.T.);
#8385=EDGE_CURVE('',#401,#367,#8388,.F.);
#8386=EDGE_CURVE('',#367,#371,#8389,.T.);
#8387=EDGE_CURVE('',#371,#401,#8390,.T.);
#8388=LINE('',#400,#8391);
#8389=LINE('',#366,#8392);
#8390=LINE('',#370,#8393);
#8391=VECTOR('',#8394,1.0);
#8392=VECTOR('',#8395,1.0);
#8393=VECTOR('',#8396,1.0);
#8394=DIRECTION('',(0.9999494317777883,0.0100565345561067,0));
#8395=DIRECTION('',(-0.9924715563855286,0.12247534350099354,0));
#8396=DIRECTION('',(-0.3682042621338165,-0.9297449227323007,0));
#8397=FACE_SURFACE('',(#8402),#8398,.T.);
#8398=PLANE('',#8399);
#8399=AXIS2_PLACEMENT_3D('',#378,#8400,#8401);
#8400=DIRECTION('',(-0.8659886897354986,0.5000635852071158,0));
#8401=DIRECTION('',(0.03338239897314191,0.057810208145840904,0.9977693096467403));
#8402=FACE_BOUND('',#8403,.T.);
#8403=EDGE_LOOP('',(#8404,#8405,#8406));
#8404=ORIENTED_EDGE('',*,*,#8407,.T.);
#8405=ORIENTED_EDGE('',*,*,#8408,.T.);
#8406=ORIENTED_EDGE('',*,*,#8409,.T.);
#8407=EDGE_CURVE('',#379,#409,#8410,.F.);
#8408=EDGE_CURVE('',#409,#415,#8411,.T.);
#8409=EDGE_CURVE('',#415,#379,#8412,.T.);
#8410=LINE('',#378,#8413);
#8411=LINE('',#408,#8414);
#8412=LINE('',#414,#8415);
#8413=VECTOR('',#8416,1.0);
#8414=VECTOR('',#8417,1.0);
#8415=VECTOR('',#8418,1.0);
#8416=DIRECTION('',(0.03338239897314191,0.057810208145840904,0.9977693096467403));
#8417=DIRECTION('',(0,0,-1));
#8418=DIRECTION('',(-0.5000635852071158,-0.8659886897354985,0));
#8419=FACE_SURFACE('',(#8424),#8420,.T.);
#8420=PLANE('',#8421);
#8421=AXIS2_PLACEMENT_3D('',#412,#8422,#8423);
#8422=DIRECTION('',(-0,0,-1));
#8423=DIRECTION('',(-0.9997608511892123,-0.021868708910710955,0));
#8424=FACE_BOUND('',#8425,.T.);
#8425=EDGE_LOOP('',(#8426,#8427,#8428));
#8426=ORIENTED_EDGE('',*,*,#8429,.T.);
#8427=ORIENTED_EDGE('',*,*,#8430,.T.);
#8428=ORIENTED_EDGE('',*,*,#8431,.T.);
#8429=EDGE_CURVE('',#413,#379,#8432,.F.);
#8430=EDGE_CURVE('',#379,#415,#8433,.T.);
#8431=EDGE_CURVE('',#415,#413,#8434,.T.);
#8432=LINE('',#412,#8435);
#8433=LINE('',#378,#8436);
#8434=LINE('',#414,#8437);
#8435=VECTOR('',#8438,1.0);
#8436=VECTOR('',#8439,1.0);
#8437=VECTOR('',#8440,1.0);
#8438=DIRECTION('',(-0.9997608511892123,-0.021868708910710955,0));
#8439=DIRECTION('',(0.5000635852071158,0.8659886897354985,0));
#8440=DIRECTION('',(1,0,0));
#8441=FACE_SURFACE('',(#8446),#8442,.T.);
#8442=PLANE('',#8443);
#8443=AXIS2_PLACEMENT_3D('',#402,#8444,#8445);
#8444=DIRECTION('',(-0.9686036319818431,0.24861014482836863,0));
#8445=DIRECTION('',(0.030977392931242347,0.12069022896569341,-0.992206767644422));
#8446=FACE_BOUND('',#8447,.T.);
#8447=EDGE_LOOP('',(#8448,#8449,#8450));
#8448=ORIENTED_EDGE('',*,*,#8451,.T.);
#8449=ORIENTED_EDGE('',*,*,#8452,.T.);
#8450=ORIENTED_EDGE('',*,*,#8453,.T.);
#8451=EDGE_CURVE('',#403,#399,#8454,.F.);
#8452=EDGE_CURVE('',#399,#381,#8455,.T.);
#8453=EDGE_CURVE('',#381,#403,#8456,.T.);
#8454=LINE('',#402,#8457);
#8455=LINE('',#398,#8458);
#8456=LINE('',#380,#8459);
#8457=VECTOR('',#8460,1.0);
#8458=VECTOR('',#8461,1.0);
#8459=VECTOR('',#8462,1.0);
#8460=DIRECTION('',(0.030977392931242347,0.12069022896569341,-0.992206767644422));
#8461=DIRECTION('',(-0.24861014482836857,-0.968603631981843,7.072555818842715E-16));
#8462=DIRECTION('',(0,0,1));
#8463=FACE_SURFACE('',(#8468),#8464,.T.);
#8464=PLANE('',#8465);
#8465=AXIS2_PLACEMENT_3D('',#398,#8466,#8467);
#8466=DIRECTION('',(7.19756328510375E-19,-7.303653395991032E-16,-1));
#8467=DIRECTION('',(0.9850801607944614,-0.1720961266535591,1.2640206366683882E-16));
#8468=FACE_BOUND('',#8469,.T.);
#8469=EDGE_LOOP('',(#8470,#8471,#8472));
#8470=ORIENTED_EDGE('',*,*,#8473,.T.);
#8471=ORIENTED_EDGE('',*,*,#8474,.T.);
#8472=ORIENTED_EDGE('',*,*,#8475,.T.);
#8473=EDGE_CURVE('',#399,#417,#8476,.F.);
#8474=EDGE_CURVE('',#417,#381,#8477,.T.);
#8475=EDGE_CURVE('',#381,#399,#8478,.T.);
#8476=LINE('',#398,#8479);
#8477=LINE('',#416,#8480);
#8478=LINE('',#380,#8481);
#8479=VECTOR('',#8482,1.0);
#8480=VECTOR('',#8483,1.0);
#8481=VECTOR('',#8484,1.0);
#8482=DIRECTION('',(0.9850801607944614,-0.1720961266535591,1.2640206366683882E-16));
#8483=DIRECTION('',(-0.9999995144204792,-0.0009854738991400046,0));
#8484=DIRECTION('',(0.24861014482836857,0.968603631981843,-7.072555818842715E-16));
#8485=FACE_SURFACE('',(#8490),#8486,.T.);
#8486=PLANE('',#8487);
#8487=AXIS2_PLACEMENT_3D('',#382,#8488,#8489);
#8488=DIRECTION('',(0,0,-1));
#8489=DIRECTION('',(-0.9965778831160268,0.08265907623473011,0));
#8490=FACE_BOUND('',#8491,.T.);
#8491=EDGE_LOOP('',(#8492,#8493,#8494));
#8492=ORIENTED_EDGE('',*,*,#8495,.T.);
#8493=ORIENTED_EDGE('',*,*,#8496,.T.);
#8494=ORIENTED_EDGE('',*,*,#8497,.T.);
#8495=EDGE_CURVE('',#383,#381,#8498,.F.);
#8496=EDGE_CURVE('',#381,#417,#8499,.T.);
#8497=EDGE_CURVE('',#417,#383,#8500,.T.);
#8498=LINE('',#382,#8501);
#8499=LINE('',#380,#8502);
#8500=LINE('',#416,#8503);
#8501=VECTOR('',#8504,1.0);
#8502=VECTOR('',#8505,1.0);
#8503=VECTOR('',#8506,1.0);
#8504=DIRECTION('',(-0.9965778831160268,0.08265907623473011,0));
#8505=DIRECTION('',(0.9999995144204792,0.0009854738991400046,0));
#8506=DIRECTION('',(-0.49995411149146307,-0.8660518959062337,0));
#8507=FACE_SURFACE('',(#8512),#8508,.T.);
#8508=PLANE('',#8509);
#8509=AXIS2_PLACEMENT_3D('',#382,#8510,#8511);
#8510=DIRECTION('',(0.9510501589143681,-0.3090365596963495,0));
#8511=DIRECTION('',(0,0,1));
#8512=FACE_BOUND('',#8513,.T.);
#8513=EDGE_LOOP('',(#8514,#8515,#8516));
#8514=ORIENTED_EDGE('',*,*,#8517,.T.);
#8515=ORIENTED_EDGE('',*,*,#8518,.T.);
#8516=ORIENTED_EDGE('',*,*,#8519,.T.);
#8517=EDGE_CURVE('',#383,#405,#8520,.F.);
#8518=EDGE_CURVE('',#405,#407,#8521,.T.);
#8519=EDGE_CURVE('',#407,#383,#8522,.T.);
#8520=LINE('',#382,#8523);
#8521=LINE('',#404,#8524);
#8522=LINE('',#406,#8525);
#8523=VECTOR('',#8526,1.0);
#8524=VECTOR('',#8527,1.0);
#8525=VECTOR('',#8528,1.0);
#8526=DIRECTION('',(0,0,1));
#8527=DIRECTION('',(-0.30903655969634947,-0.951050158914368,0));
#8528=DIRECTION('',(0.020627722037433783,0.0634811568605957,-0.9977698330813508));
#8529=FACE_SURFACE('',(#8534),#8530,.T.);
#8530=PLANE('',#8531);
#8531=AXIS2_PLACEMENT_3D('',#382,#8532,#8533);
#8532=DIRECTION('',(0.9510501589143681,-0.3090365596963495,0));
#8533=DIRECTION('',(-0.020627722037433783,-0.0634811568605957,0.9977698330813508));
#8534=FACE_BOUND('',#8535,.T.);
#8535=EDGE_LOOP('',(#8536,#8537,#8538));
#8536=ORIENTED_EDGE('',*,*,#8539,.T.);
#8537=ORIENTED_EDGE('',*,*,#8540,.T.);
#8538=ORIENTED_EDGE('',*,*,#8541,.T.);
#8539=EDGE_CURVE('',#383,#407,#8542,.F.);
#8540=EDGE_CURVE('',#407,#385,#8543,.T.);
#8541=EDGE_CURVE('',#385,#383,#8544,.T.);
#8542=LINE('',#382,#8545);
#8543=LINE('',#406,#8546);
#8544=LINE('',#384,#8547);
#8545=VECTOR('',#8548,1.0);
#8546=VECTOR('',#8549,1.0);
#8547=VECTOR('',#8550,1.0);
#8548=DIRECTION('',(-0.020627722037433783,-0.0634811568605957,0.9977698330813508));
#8549=DIRECTION('',(0,0,-1));
#8550=DIRECTION('',(0.30903655969634947,0.951050158914368,0));
#8551=FACE_SURFACE('',(#8556),#8552,.T.);
#8552=PLANE('',#8553);
#8553=AXIS2_PLACEMENT_3D('',#416,#8554,#8555);
#8554=DIRECTION('',(0.8660518959062337,-0.499954111491463,0));
#8555=DIRECTION('',(-0.03337266598586491,-0.05781022694719315,0.9977696341467351));
#8556=FACE_BOUND('',#8557,.T.);
#8557=EDGE_LOOP('',(#8558,#8559,#8560));
#8558=ORIENTED_EDGE('',*,*,#8561,.T.);
#8559=ORIENTED_EDGE('',*,*,#8562,.T.);
#8560=ORIENTED_EDGE('',*,*,#8563,.T.);
#8561=EDGE_CURVE('',#417,#405,#8564,.F.);
#8562=EDGE_CURVE('',#405,#383,#8565,.T.);
#8563=EDGE_CURVE('',#383,#417,#8566,.T.);
#8564=LINE('',#416,#8567);
#8565=LINE('',#404,#8568);
#8566=LINE('',#382,#8569);
#8567=VECTOR('',#8570,1.0);
#8568=VECTOR('',#8571,1.0);
#8569=VECTOR('',#8572,1.0);
#8570=DIRECTION('',(-0.03337266598586491,-0.05781022694719315,0.9977696341467351));
#8571=DIRECTION('',(0,0,-1));
#8572=DIRECTION('',(0.49995411149146307,0.8660518959062337,0));
#8573=FACE_SURFACE('',(#8578),#8574,.T.);
#8574=PLANE('',#8575);
#8575=AXIS2_PLACEMENT_3D('',#392,#8576,#8577);
#8576=DIRECTION('',(0.5877853774363002,-0.8090169034526202,0));
#8577=DIRECTION('',(0,0,1));
#8578=FACE_BOUND('',#8579,.T.);
#8579=EDGE_LOOP('',(#8580,#8581,#8582));
#8580=ORIENTED_EDGE('',*,*,#8583,.T.);
#8581=ORIENTED_EDGE('',*,*,#8584,.T.);
#8582=ORIENTED_EDGE('',*,*,#8585,.T.);
#8583=EDGE_CURVE('',#393,#387,#8586,.F.);
#8584=EDGE_CURVE('',#387,#419,#8587,.T.);
#8585=EDGE_CURVE('',#419,#393,#8588,.T.);
#8586=LINE('',#392,#8589);
#8587=LINE('',#386,#8590);
#8588=LINE('',#418,#8591);
#8589=VECTOR('',#8592,1.0);
#8590=VECTOR('',#8593,1.0);
#8591=VECTOR('',#8594,1.0);
#8592=DIRECTION('',(0,0,1));
#8593=DIRECTION('',(-0.8090169034526202,-0.5877853774363001,0));
#8594=DIRECTION('',(0.0540003958249101,0.03923359685835448,-0.997769854289209));
#8595=FACE_SURFACE('',(#8600),#8596,.T.);
#8596=PLANE('',#8597);
#8597=AXIS2_PLACEMENT_3D('',#420,#8598,#8599);
#8598=DIRECTION('',(0,0,1));
#8599=DIRECTION('',(1,0,0));
#8600=FACE_BOUND('',#8601,.T.);
#8601=EDGE_LOOP('',(#8602,#8603,#8604));
#8602=ORIENTED_EDGE('',*,*,#8605,.T.);
#8603=ORIENTED_EDGE('',*,*,#8606,.T.);
#8604=ORIENTED_EDGE('',*,*,#8607,.T.);
#8605=EDGE_CURVE('',#421,#419,#8608,.F.);
#8606=EDGE_CURVE('',#419,#387,#8609,.T.);
#8607=EDGE_CURVE('',#387,#421,#8610,.T.);
#8608=LINE('',#420,#8611);
#8609=LINE('',#418,#8612);
#8610=LINE('',#386,#8613);
#8611=VECTOR('',#8614,1.0);
#8612=VECTOR('',#8615,1.0);
#8613=VECTOR('',#8616,1.0);
#8614=DIRECTION('',(1,0,0));
#8615=DIRECTION('',(0.8090169034526202,0.5877853774363001,0));
#8616=DIRECTION('',(-0.9999032044610244,-0.013913364387332186,0));
#8617=FACE_SURFACE('',(#8622),#8618,.T.);
#8618=PLANE('',#8619);
#8619=AXIS2_PLACEMENT_3D('',#420,#8620,#8621);
#8620=DIRECTION('',(0,-0,1));
#8621=DIRECTION('',(0.9999032044610244,0.013913364387332186,0));
#8622=FACE_BOUND('',#8623,.T.);
#8623=EDGE_LOOP('',(#8624,#8625,#8626));
#8624=ORIENTED_EDGE('',*,*,#8627,.T.);
#8625=ORIENTED_EDGE('',*,*,#8628,.T.);
#8626=ORIENTED_EDGE('',*,*,#8629,.T.);
#8627=EDGE_CURVE('',#421,#387,#8630,.F.);
#8628=EDGE_CURVE('',#387,#389,#8631,.T.);
#8629=EDGE_CURVE('',#389,#421,#8632,.T.);
#8630=LINE('',#420,#8633);
#8631=LINE('',#386,#8634);
#8632=LINE('',#388,#8635);
#8633=VECTOR('',#8636,1.0);
#8634=VECTOR('',#8637,1.0);
#8635=VECTOR('',#8638,1.0);
#8636=DIRECTION('',(0.9999032044610244,0.013913364387332186,0));
#8637=DIRECTION('',(-1,0,0));
#8638=DIRECTION('',(0.8090169034526202,-0.5877853774363001,0));
#8639=FACE_SURFACE('',(#8644),#8640,.T.);
#8640=PLANE('',#8641);
#8641=AXIS2_PLACEMENT_3D('',#388,#8642,#8643);
#8642=DIRECTION('',(-0.5877853774363002,-0.8090169034526202,-0));
#8643=DIRECTION('',(0,0,-1));
#8644=FACE_BOUND('',#8645,.T.);
#8645=EDGE_LOOP('',(#8646,#8647,#8648));
#8646=ORIENTED_EDGE('',*,*,#8649,.T.);
#8647=ORIENTED_EDGE('',*,*,#8650,.T.);
#8648=ORIENTED_EDGE('',*,*,#8651,.T.);
#8649=EDGE_CURVE('',#389,#391,#8652,.F.);
#8650=EDGE_CURVE('',#391,#423,#8653,.T.);
#8651=EDGE_CURVE('',#423,#389,#8654,.T.);
#8652=LINE('',#388,#8655);
#8653=LINE('',#390,#8656);
#8654=LINE('',#422,#8657);
#8655=VECTOR('',#8658,1.0);
#8656=VECTOR('',#8659,1.0);
#8657=VECTOR('',#8660,1.0);
#8658=DIRECTION('',(0,0,-1));
#8659=DIRECTION('',(0.8090169034526202,-0.5877853774363001,0));
#8660=DIRECTION('',(-0.0540003958249101,0.03923359685835448,0.997769854289209));
#8661=FACE_SURFACE('',(#8666),#8662,.T.);
#8662=PLANE('',#8663);
#8663=AXIS2_PLACEMENT_3D('',#388,#8664,#8665);
#8664=DIRECTION('',(-0.5877853774363002,-0.8090169034526202,0));
#8665=DIRECTION('',(0.0540003958249101,-0.03923359685835448,-0.997769854289209));
#8666=FACE_BOUND('',#8667,.T.);
#8667=EDGE_LOOP('',(#8668,#8669,#8670));
#8668=ORIENTED_EDGE('',*,*,#8671,.T.);
#8669=ORIENTED_EDGE('',*,*,#8672,.T.);
#8670=ORIENTED_EDGE('',*,*,#8673,.T.);
#8671=EDGE_CURVE('',#389,#423,#8674,.F.);
#8672=EDGE_CURVE('',#423,#421,#8675,.T.);
#8673=EDGE_CURVE('',#421,#389,#8676,.T.);
#8674=LINE('',#388,#8677);
#8675=LINE('',#422,#8678);
#8676=LINE('',#420,#8679);
#8677=VECTOR('',#8680,1.0);
#8678=VECTOR('',#8681,1.0);
#8679=VECTOR('',#8682,1.0);
#8680=DIRECTION('',(0.0540003958249101,-0.03923359685835448,-0.997769854289209));
#8681=DIRECTION('',(0,0,1));
#8682=DIRECTION('',(-0.8090169034526202,0.5877853774363001,0));
#8683=FACE_SURFACE('',(#8688),#8684,.T.);
#8684=PLANE('',#8685);
#8685=AXIS2_PLACEMENT_3D('',#392,#8686,#8687);
#8686=DIRECTION('',(-0,0,-1));
#8687=DIRECTION('',(-0.9999032044610244,-0.013913364387332186,0));
#8688=FACE_BOUND('',#8689,.T.);
#8689=EDGE_LOOP('',(#8690,#8691,#8692));
#8690=ORIENTED_EDGE('',*,*,#8693,.T.);
#8691=ORIENTED_EDGE('',*,*,#8694,.T.);
#8692=ORIENTED_EDGE('',*,*,#8695,.T.);
#8693=EDGE_CURVE('',#393,#423,#8696,.F.);
#8694=EDGE_CURVE('',#423,#391,#8697,.T.);
#8695=EDGE_CURVE('',#391,#393,#8698,.T.);
#8696=LINE('',#392,#8699);
#8697=LINE('',#422,#8700);
#8698=LINE('',#390,#8701);
#8699=VECTOR('',#8702,1.0);
#8700=VECTOR('',#8703,1.0);
#8701=VECTOR('',#8704,1.0);
#8702=DIRECTION('',(-0.9999032044610244,-0.013913364387332186,0));
#8703=DIRECTION('',(-0.8090169034526202,0.5877853774363001,0));
#8704=DIRECTION('',(1,0,0));
#8705=FACE_SURFACE('',(#8710),#8706,.T.);
#8706=PLANE('',#8707);
#8707=AXIS2_PLACEMENT_3D('',#392,#8708,#8709);
#8708=DIRECTION('',(0.5877853774363002,-0.8090169034526202,0));
#8709=DIRECTION('',(-0.0540003958249101,-0.03923359685835448,0.997769854289209));
#8710=FACE_BOUND('',#8711,.T.);
#8711=EDGE_LOOP('',(#8712,#8713,#8714));
#8712=ORIENTED_EDGE('',*,*,#8715,.T.);
#8713=ORIENTED_EDGE('',*,*,#8716,.T.);
#8714=ORIENTED_EDGE('',*,*,#8717,.T.);
#8715=EDGE_CURVE('',#393,#419,#8718,.F.);
#8716=EDGE_CURVE('',#419,#425,#8719,.T.);
#8717=EDGE_CURVE('',#425,#393,#8720,.T.);
#8718=LINE('',#392,#8721);
#8719=LINE('',#418,#8722);
#8720=LINE('',#424,#8723);
#8721=VECTOR('',#8724,1.0);
#8722=VECTOR('',#8725,1.0);
#8723=VECTOR('',#8726,1.0);
#8724=DIRECTION('',(-0.0540003958249101,-0.03923359685835448,0.997769854289209));
#8725=DIRECTION('',(0,0,-1));
#8726=DIRECTION('',(0.8090169034526202,0.5877853774363001,0));
#8727=FACE_SURFACE('',(#8732),#8728,.T.);
#8728=PLANE('',#8729);
#8729=AXIS2_PLACEMENT_3D('',#424,#8730,#8731);
#8730=DIRECTION('',(0,0,-1));
#8731=DIRECTION('',(-1,0,0));
#8732=FACE_BOUND('',#8733,.T.);
#8733=EDGE_LOOP('',(#8734,#8735,#8736));
#8734=ORIENTED_EDGE('',*,*,#8737,.T.);
#8735=ORIENTED_EDGE('',*,*,#8738,.T.);
#8736=ORIENTED_EDGE('',*,*,#8739,.T.);
#8737=EDGE_CURVE('',#425,#423,#8740,.F.);
#8738=EDGE_CURVE('',#423,#393,#8741,.T.);
#8739=EDGE_CURVE('',#393,#425,#8742,.T.);
#8740=LINE('',#424,#8743);
#8741=LINE('',#422,#8744);
#8742=LINE('',#392,#8745);
#8743=VECTOR('',#8746,1.0);
#8744=VECTOR('',#8747,1.0);
#8745=VECTOR('',#8748,1.0);
#8746=DIRECTION('',(-1,0,0));
#8747=DIRECTION('',(0.9999032044610244,0.013913364387332186,0));
#8748=DIRECTION('',(-0.8090169034526202,-0.5877853774363001,0));
#8749=FACE_SURFACE('',(#8754),#8750,.T.);
#8750=PLANE('',#8751);
#8751=AXIS2_PLACEMENT_3D('',#396,#8752,#8753);
#8752=DIRECTION('',(0.4067377258211822,-0.913544975572529,0));
#8753=DIRECTION('',(0,0,1));
#8754=FACE_BOUND('',#8755,.T.);
#8755=EDGE_LOOP('',(#8756,#8757,#8758));
#8756=ORIENTED_EDGE('',*,*,#8759,.T.);
#8757=ORIENTED_EDGE('',*,*,#8760,.T.);
#8758=ORIENTED_EDGE('',*,*,#8761,.T.);
#8759=EDGE_CURVE('',#397,#395,#8762,.F.);
#8760=EDGE_CURVE('',#395,#427,#8763,.T.);
#8761=EDGE_CURVE('',#427,#397,#8764,.T.);
#8762=LINE('',#396,#8765);
#8763=LINE('',#394,#8766);
#8764=LINE('',#426,#8767);
#8765=VECTOR('',#8768,1.0);
#8766=VECTOR('',#8769,1.0);
#8767=VECTOR('',#8770,1.0);
#8768=DIRECTION('',(0,0,1));
#8769=DIRECTION('',(-0.913544975572529,-0.40673772582118234,0));
#8770=DIRECTION('',(0.06097699179237988,0.027148792486660026,-0.9977698880696231));
#8771=FACE_SURFACE('',(#8776),#8772,.T.);
#8772=PLANE('',#8773);
#8773=AXIS2_PLACEMENT_3D('',#400,#8774,#8775);
#8774=DIRECTION('',(0,0,1));
#8775=DIRECTION('',(0.9991883230520678,-0.04028268953777286,0));
#8776=FACE_BOUND('',#8777,.T.);
#8777=EDGE_LOOP('',(#8778,#8779,#8780));
#8778=ORIENTED_EDGE('',*,*,#8781,.T.);
#8779=ORIENTED_EDGE('',*,*,#8782,.T.);
#8780=ORIENTED_EDGE('',*,*,#8783,.T.);
#8781=EDGE_CURVE('',#401,#427,#8784,.F.);
#8782=EDGE_CURVE('',#427,#395,#8785,.T.);
#8783=EDGE_CURVE('',#395,#401,#8786,.T.);
#8784=LINE('',#400,#8787);
#8785=LINE('',#426,#8788);
#8786=LINE('',#394,#8789);
#8787=VECTOR('',#8790,1.0);
#8788=VECTOR('',#8791,1.0);
#8789=VECTOR('',#8792,1.0);
#8790=DIRECTION('',(0.9991883230520678,-0.04028268953777286,0));
#8791=DIRECTION('',(0.913544975572529,0.40673772582118234,0));
#8792=DIRECTION('',(-0.999984903470713,0.005494800330199591,0));
#8793=FACE_SURFACE('',(#8798),#8794,.T.);
#8794=PLANE('',#8795);
#8795=AXIS2_PLACEMENT_3D('',#396,#8796,#8797);
#8796=DIRECTION('',(0.4067377258211822,-0.913544975572529,0));
#8797=DIRECTION('',(-0.06097699179237988,-0.027148792486660026,0.9977698880696231));
#8798=FACE_BOUND('',#8799,.T.);
#8799=EDGE_LOOP('',(#8800,#8801,#8802));
#8800=ORIENTED_EDGE('',*,*,#8803,.T.);
#8801=ORIENTED_EDGE('',*,*,#8804,.T.);
#8802=ORIENTED_EDGE('',*,*,#8805,.T.);
#8803=EDGE_CURVE('',#397,#427,#8806,.F.);
#8804=EDGE_CURVE('',#427,#429,#8807,.T.);
#8805=EDGE_CURVE('',#429,#397,#8808,.T.);
#8806=LINE('',#396,#8809);
#8807=LINE('',#426,#8810);
#8808=LINE('',#428,#8811);
#8809=VECTOR('',#8812,1.0);
#8810=VECTOR('',#8813,1.0);
#8811=VECTOR('',#8814,1.0);
#8812=DIRECTION('',(-0.06097699179237988,-0.027148792486660026,0.9977698880696231));
#8813=DIRECTION('',(0,0,-1));
#8814=DIRECTION('',(0.913544975572529,0.40673772582118234,0));
#8815=FACE_SURFACE('',(#8820),#8816,.T.);
#8816=PLANE('',#8817);
#8817=AXIS2_PLACEMENT_3D('',#398,#8818,#8819);
#8818=DIRECTION('',(0,0,-1));
#8819=DIRECTION('',(0.999984903470713,-0.005494800330199591,0));
#8820=FACE_BOUND('',#8821,.T.);
#8821=EDGE_LOOP('',(#8822,#8823,#8824));
#8822=ORIENTED_EDGE('',*,*,#8825,.T.);
#8823=ORIENTED_EDGE('',*,*,#8826,.T.);
#8824=ORIENTED_EDGE('',*,*,#8827,.T.);
#8825=EDGE_CURVE('',#399,#397,#8828,.F.);
#8826=EDGE_CURVE('',#397,#429,#8829,.T.);
#8827=EDGE_CURVE('',#429,#399,#8830,.T.);
#8828=LINE('',#398,#8831);
#8829=LINE('',#396,#8832);
#8830=LINE('',#428,#8833);
#8831=VECTOR('',#8834,1.0);
#8832=VECTOR('',#8835,1.0);
#8833=VECTOR('',#8836,1.0);
#8834=DIRECTION('',(0.999984903470713,-0.005494800330199591,0));
#8835=DIRECTION('',(-0.913544975572529,-0.40673772582118234,0));
#8836=DIRECTION('',(-0.9991883230520678,0.04028268953777286,0));
#8837=FACE_SURFACE('',(#8842),#8838,.T.);
#8838=PLANE('',#8839);
#8839=AXIS2_PLACEMENT_3D('',#400,#8840,#8841);
#8840=DIRECTION('',(-0.968603631981843,0.24861014482836857,0));
#8841=DIRECTION('',(0,0,-1));
#8842=FACE_BOUND('',#8843,.T.);
#8843=EDGE_LOOP('',(#8844,#8845,#8846));
#8844=ORIENTED_EDGE('',*,*,#8847,.T.);
#8845=ORIENTED_EDGE('',*,*,#8848,.T.);
#8846=ORIENTED_EDGE('',*,*,#8849,.T.);
#8847=EDGE_CURVE('',#401,#399,#8850,.F.);
#8848=EDGE_CURVE('',#399,#403,#8851,.T.);
#8849=EDGE_CURVE('',#403,#401,#8852,.T.);
#8850=LINE('',#400,#8853);
#8851=LINE('',#398,#8854);
#8852=LINE('',#402,#8855);
#8853=VECTOR('',#8856,1.0);
#8854=VECTOR('',#8857,1.0);
#8855=VECTOR('',#8858,1.0);
#8856=DIRECTION('',(0,0,-1));
#8857=DIRECTION('',(-0.030977392931242347,-0.12069022896569341,0.992206767644422));
#8858=DIRECTION('',(0.24861014482836857,0.968603631981843,0));
#8859=FACE_SURFACE('',(#8864),#8860,.T.);
#8860=PLANE('',#8861);
#8861=AXIS2_PLACEMENT_3D('',#398,#8862,#8863);
#8862=DIRECTION('',(-1.5882917292930033E-16,-1.6436252016543306E-15,-1));
#8863=DIRECTION('',(0.9953634353293876,-0.09618540226708092,0));
#8864=FACE_BOUND('',#8865,.T.);
#8865=EDGE_LOOP('',(#8866,#8867,#8868));
#8866=ORIENTED_EDGE('',*,*,#8869,.T.);
#8867=ORIENTED_EDGE('',*,*,#8870,.T.);
#8868=ORIENTED_EDGE('',*,*,#8871,.T.);
#8869=EDGE_CURVE('',#399,#431,#8872,.F.);
#8870=EDGE_CURVE('',#431,#417,#8873,.T.);
#8871=EDGE_CURVE('',#417,#399,#8874,.T.);
#8872=LINE('',#398,#8875);
#8873=LINE('',#430,#8876);
#8874=LINE('',#416,#8877);
#8875=VECTOR('',#8878,1.0);
#8876=VECTOR('',#8879,1.0);
#8877=VECTOR('',#8880,1.0);
#8878=DIRECTION('',(0.9953634353293876,-0.09618540226708092,0));
#8879=DIRECTION('',(-0.6691703678463873,-0.7431090221470407,1.3276764924514193E-15));
#8880=DIRECTION('',(-0.9850801607944614,0.1720961266535591,-1.2640206366683882E-16));
#8881=FACE_SURFACE('',(#8886),#8882,.T.);
#8882=PLANE('',#8883);
#8883=AXIS2_PLACEMENT_3D('',#398,#8884,#8885);
#8884=DIRECTION('',(0,0,-1));
#8885=DIRECTION('',(0.9991883230520678,-0.04028268953777286,0));
#8886=FACE_BOUND('',#8887,.T.);
#8887=EDGE_LOOP('',(#8888,#8889,#8890));
#8888=ORIENTED_EDGE('',*,*,#8891,.T.);
#8889=ORIENTED_EDGE('',*,*,#8892,.T.);
#8890=ORIENTED_EDGE('',*,*,#8893,.T.);
#8891=EDGE_CURVE('',#399,#429,#8894,.F.);
#8892=EDGE_CURVE('',#429,#431,#8895,.T.);
#8893=EDGE_CURVE('',#431,#399,#8896,.T.);
#8894=LINE('',#398,#8897);
#8895=LINE('',#428,#8898);
#8896=LINE('',#430,#8899);
#8897=VECTOR('',#8900,1.0);
#8898=VECTOR('',#8901,1.0);
#8899=VECTOR('',#8902,1.0);
#8900=DIRECTION('',(0.9991883230520678,-0.04028268953777286,0));
#8901=DIRECTION('',(-0.8090169034526202,-0.5877853774363001,0));
#8902=DIRECTION('',(-0.9953634353293876,0.09618540226708092,0));
#8903=FACE_SURFACE('',(#8908),#8904,.T.);
#8904=PLANE('',#8905);
#8905=AXIS2_PLACEMENT_3D('',#400,#8906,#8907);
#8906=DIRECTION('',(0,0,1));
#8907=DIRECTION('',(-0.24861014482836857,-0.968603631981843,0));
#8908=FACE_BOUND('',#8909,.T.);
#8909=EDGE_LOOP('',(#8910,#8911,#8912));
#8910=ORIENTED_EDGE('',*,*,#8913,.T.);
#8911=ORIENTED_EDGE('',*,*,#8914,.T.);
#8912=ORIENTED_EDGE('',*,*,#8915,.T.);
#8913=EDGE_CURVE('',#401,#403,#8916,.F.);
#8914=EDGE_CURVE('',#403,#433,#8917,.T.);
#8915=EDGE_CURVE('',#433,#401,#8918,.T.);
#8916=LINE('',#400,#8919);
#8917=LINE('',#402,#8920);
#8918=LINE('',#432,#8921);
#8919=VECTOR('',#8922,1.0);
#8920=VECTOR('',#8923,1.0);
#8921=VECTOR('',#8924,1.0);
#8922=DIRECTION('',(-0.24861014482836857,-0.968603631981843,0));
#8923=DIRECTION('',(0.9999995144204792,0.0009854738991400046,0));
#8924=DIRECTION('',(-0.9850801607944614,0.1720961266535591,0));
#8925=FACE_SURFACE('',(#8930),#8926,.T.);
#8926=PLANE('',#8927);
#8927=AXIS2_PLACEMENT_3D('',#400,#8928,#8929);
#8928=DIRECTION('',(0,0,1));
#8929=DIRECTION('',(0.9850801607944614,-0.1720961266535591,0));
#8930=FACE_BOUND('',#8931,.T.);
#8931=EDGE_LOOP('',(#8932,#8933,#8934));
#8932=ORIENTED_EDGE('',*,*,#8935,.T.);
#8933=ORIENTED_EDGE('',*,*,#8936,.T.);
#8934=ORIENTED_EDGE('',*,*,#8937,.T.);
#8935=EDGE_CURVE('',#401,#433,#8938,.F.);
#8936=EDGE_CURVE('',#433,#435,#8939,.T.);
#8937=EDGE_CURVE('',#435,#401,#8940,.T.);
#8938=LINE('',#400,#8941);
#8939=LINE('',#432,#8942);
#8940=LINE('',#434,#8943);
#8941=VECTOR('',#8944,1.0);
#8942=VECTOR('',#8945,1.0);
#8943=VECTOR('',#8946,1.0);
#8944=DIRECTION('',(0.9850801607944614,-0.1720961266535591,0));
#8945=DIRECTION('',(0.6691703678463873,0.7431090221470407,0));
#8946=DIRECTION('',(-0.9953634353293876,0.09618540226708092,0));
#8947=FACE_SURFACE('',(#8952),#8948,.T.);
#8948=PLANE('',#8949);
#8949=AXIS2_PLACEMENT_3D('',#400,#8950,#8951);
#8950=DIRECTION('',(0,0,1));
#8951=DIRECTION('',(0.9953634353293876,-0.09618540226708092,0));
#8952=FACE_BOUND('',#8953,.T.);
#8953=EDGE_LOOP('',(#8954,#8955,#8956));
#8954=ORIENTED_EDGE('',*,*,#8957,.T.);
#8955=ORIENTED_EDGE('',*,*,#8958,.T.);
#8956=ORIENTED_EDGE('',*,*,#8959,.T.);
#8957=EDGE_CURVE('',#401,#435,#8960,.F.);
#8958=EDGE_CURVE('',#435,#427,#8961,.T.);
#8959=EDGE_CURVE('',#427,#401,#8962,.T.);
#8960=LINE('',#400,#8963);
#8961=LINE('',#434,#8964);
#8962=LINE('',#426,#8965);
#8963=VECTOR('',#8966,1.0);
#8964=VECTOR('',#8967,1.0);
#8965=VECTOR('',#8968,1.0);
#8966=DIRECTION('',(0.9953634353293876,-0.09618540226708092,0));
#8967=DIRECTION('',(0.8090169034526202,0.5877853774363001,0));
#8968=DIRECTION('',(-0.9991883230520678,0.04028268953777286,0));
#8969=FACE_SURFACE('',(#8974),#8970,.T.);
#8970=PLANE('',#8971);
#8971=AXIS2_PLACEMENT_3D('',#432,#8972,#8973);
#8972=DIRECTION('',(0,0,1));
#8973=DIRECTION('',(-0.9999995144204792,-0.0009854738991400046,0));
#8974=FACE_BOUND('',#8975,.T.);
#8975=EDGE_LOOP('',(#8976,#8977,#8978));
#8976=ORIENTED_EDGE('',*,*,#8979,.T.);
#8977=ORIENTED_EDGE('',*,*,#8980,.T.);
#8978=ORIENTED_EDGE('',*,*,#8981,.T.);
#8979=EDGE_CURVE('',#433,#403,#8982,.F.);
#8980=EDGE_CURVE('',#403,#405,#8983,.T.);
#8981=EDGE_CURVE('',#405,#433,#8984,.T.);
#8982=LINE('',#432,#8985);
#8983=LINE('',#402,#8986);
#8984=LINE('',#404,#8987);
#8985=VECTOR('',#8988,1.0);
#8986=VECTOR('',#8989,1.0);
#8987=VECTOR('',#8990,1.0);
#8988=DIRECTION('',(-0.9999995144204792,-0.0009854738991400046,0));
#8989=DIRECTION('',(0.9965778831160268,-0.08265907623473011,0));
#8990=DIRECTION('',(0.49995411149146307,0.8660518959062337,0));
#8991=FACE_SURFACE('',(#8996),#8992,.T.);
#8992=PLANE('',#8993);
#8993=AXIS2_PLACEMENT_3D('',#416,#8994,#8995);
#8994=DIRECTION('',(0.8660518959062337,-0.499954111491463,0));
#8995=DIRECTION('',(0,0,1));
#8996=FACE_BOUND('',#8997,.T.);
#8997=EDGE_LOOP('',(#8998,#8999,#9000));
#8998=ORIENTED_EDGE('',*,*,#9001,.T.);
#8999=ORIENTED_EDGE('',*,*,#9002,.T.);
#9000=ORIENTED_EDGE('',*,*,#9003,.T.);
#9001=EDGE_CURVE('',#417,#433,#9004,.F.);
#9002=EDGE_CURVE('',#433,#405,#9005,.T.);
#9003=EDGE_CURVE('',#405,#417,#9006,.T.);
#9004=LINE('',#416,#9007);
#9005=LINE('',#432,#9008);
#9006=LINE('',#404,#9009);
#9007=VECTOR('',#9010,1.0);
#9008=VECTOR('',#9011,1.0);
#9009=VECTOR('',#9012,1.0);
#9010=DIRECTION('',(0,0,1));
#9011=DIRECTION('',(-0.49995411149146307,-0.8660518959062337,0));
#9012=DIRECTION('',(0.03337266598586491,0.05781022694719315,-0.9977696341467351));
#9013=FACE_SURFACE('',(#9018),#9014,.T.);
#9014=PLANE('',#9015);
#9015=AXIS2_PLACEMENT_3D('',#414,#9016,#9017);
#9016=DIRECTION('',(-0.9510501589143681,0.3090365596963495,0));
#9017=DIRECTION('',(0,0,1));
#9018=FACE_BOUND('',#9019,.T.);
#9019=EDGE_LOOP('',(#9020,#9021,#9022));
#9020=ORIENTED_EDGE('',*,*,#9023,.T.);
#9021=ORIENTED_EDGE('',*,*,#9024,.T.);
#9022=ORIENTED_EDGE('',*,*,#9025,.T.);
#9023=EDGE_CURVE('',#415,#409,#9026,.F.);
#9024=EDGE_CURVE('',#409,#437,#9027,.T.);
#9025=EDGE_CURVE('',#437,#415,#9028,.T.);
#9026=LINE('',#414,#9029);
#9027=LINE('',#408,#9030);
#9028=LINE('',#436,#9031);
#9029=VECTOR('',#9032,1.0);
#9030=VECTOR('',#9033,1.0);
#9031=VECTOR('',#9034,1.0);
#9032=DIRECTION('',(0,0,1));
#9033=DIRECTION('',(0.30903655969634947,0.951050158914368,0));
#9034=DIRECTION('',(-0.020627722037433783,-0.0634811568605957,-0.9977698330813508));
#9035=FACE_SURFACE('',(#9040),#9036,.T.);
#9036=PLANE('',#9037);
#9037=AXIS2_PLACEMENT_3D('',#438,#9038,#9039);
#9038=DIRECTION('',(0,0,1));
#9039=DIRECTION('',(-1,0,0));
#9040=FACE_BOUND('',#9041,.T.);
#9041=EDGE_LOOP('',(#9042,#9043,#9044));
#9042=ORIENTED_EDGE('',*,*,#9045,.T.);
#9043=ORIENTED_EDGE('',*,*,#9046,.T.);
#9044=ORIENTED_EDGE('',*,*,#9047,.T.);
#9045=EDGE_CURVE('',#439,#437,#9048,.F.);
#9046=EDGE_CURVE('',#437,#409,#9049,.T.);
#9047=EDGE_CURVE('',#409,#439,#9050,.T.);
#9048=LINE('',#438,#9051);
#9049=LINE('',#436,#9052);
#9050=LINE('',#408,#9053);
#9051=VECTOR('',#9054,1.0);
#9052=VECTOR('',#9055,1.0);
#9053=VECTOR('',#9056,1.0);
#9054=DIRECTION('',(-1,0,0));
#9055=DIRECTION('',(-0.30903655969634947,-0.951050158914368,0));
#9056=DIRECTION('',(0.9996995011408664,0.02451341303659767,0));
#9057=FACE_SURFACE('',(#9062),#9058,.T.);
#9058=PLANE('',#9059);
#9059=AXIS2_PLACEMENT_3D('',#438,#9060,#9061);
#9060=DIRECTION('',(0,0,1));
#9061=DIRECTION('',(-0.9996995011408664,-0.02451341303659767,0));
#9062=FACE_BOUND('',#9063,.T.);
#9063=EDGE_LOOP('',(#9064,#9065,#9066));
#9064=ORIENTED_EDGE('',*,*,#9067,.T.);
#9065=ORIENTED_EDGE('',*,*,#9068,.T.);
#9066=ORIENTED_EDGE('',*,*,#9069,.T.);
#9067=EDGE_CURVE('',#439,#409,#9070,.F.);
#9068=EDGE_CURVE('',#409,#411,#9071,.T.);
#9069=EDGE_CURVE('',#411,#439,#9072,.T.);
#9070=LINE('',#438,#9073);
#9071=LINE('',#408,#9074);
#9072=LINE('',#410,#9075);
#9073=VECTOR('',#9076,1.0);
#9074=VECTOR('',#9077,1.0);
#9075=VECTOR('',#9078,1.0);
#9076=DIRECTION('',(-0.9996995011408664,-0.02451341303659767,0));
#9077=DIRECTION('',(1,0,0));
#9078=DIRECTION('',(-0.30903655969634947,0.951050158914368,0));
#9079=FACE_SURFACE('',(#9084),#9080,.T.);
#9080=PLANE('',#9081);
#9081=AXIS2_PLACEMENT_3D('',#410,#9082,#9083);
#9082=DIRECTION('',(0.9510501589143681,0.3090365596963495,0));
#9083=DIRECTION('',(0,0,-1));
#9084=FACE_BOUND('',#9085,.T.);
#9085=EDGE_LOOP('',(#9086,#9087,#9088));
#9086=ORIENTED_EDGE('',*,*,#9089,.T.);
#9087=ORIENTED_EDGE('',*,*,#9090,.T.);
#9088=ORIENTED_EDGE('',*,*,#9091,.T.);
#9089=EDGE_CURVE('',#411,#413,#9092,.F.);
#9090=EDGE_CURVE('',#413,#441,#9093,.T.);
#9091=EDGE_CURVE('',#441,#411,#9094,.T.);
#9092=LINE('',#410,#9095);
#9093=LINE('',#412,#9096);
#9094=LINE('',#440,#9097);
#9095=VECTOR('',#9098,1.0);
#9096=VECTOR('',#9099,1.0);
#9097=VECTOR('',#9100,1.0);
#9098=DIRECTION('',(0,0,-1));
#9099=DIRECTION('',(-0.30903655969634947,0.951050158914368,0));
#9100=DIRECTION('',(0.020627722037433783,-0.0634811568605957,0.9977698330813508));
#9101=FACE_SURFACE('',(#9106),#9102,.T.);
#9102=PLANE('',#9103);
#9103=AXIS2_PLACEMENT_3D('',#410,#9104,#9105);
#9104=DIRECTION('',(0.9510501589143681,0.3090365596963495,0));
#9105=DIRECTION('',(-0.020627722037433783,0.0634811568605957,-0.9977698330813508));
#9106=FACE_BOUND('',#9107,.T.);
#9107=EDGE_LOOP('',(#9108,#9109,#9110));
#9108=ORIENTED_EDGE('',*,*,#9111,.T.);
#9109=ORIENTED_EDGE('',*,*,#9112,.T.);
#9110=ORIENTED_EDGE('',*,*,#9113,.T.);
#9111=EDGE_CURVE('',#411,#441,#9114,.F.);
#9112=EDGE_CURVE('',#441,#439,#9115,.T.);
#9113=EDGE_CURVE('',#439,#411,#9116,.T.);
#9114=LINE('',#410,#9117);
#9115=LINE('',#440,#9118);
#9116=LINE('',#438,#9119);
#9117=VECTOR('',#9120,1.0);
#9118=VECTOR('',#9121,1.0);
#9119=VECTOR('',#9122,1.0);
#9120=DIRECTION('',(-0.020627722037433783,0.0634811568605957,-0.9977698330813508));
#9121=DIRECTION('',(0,0,1));
#9122=DIRECTION('',(0.30903655969634947,-0.951050158914368,0));
#9123=FACE_SURFACE('',(#9128),#9124,.T.);
#9124=PLANE('',#9125);
#9125=AXIS2_PLACEMENT_3D('',#412,#9126,#9127);
#9126=DIRECTION('',(0,0,-1));
#9127=DIRECTION('',(-1,0,0));
#9128=FACE_BOUND('',#9129,.T.);
#9129=EDGE_LOOP('',(#9130,#9131,#9132));
#9130=ORIENTED_EDGE('',*,*,#9133,.T.);
#9131=ORIENTED_EDGE('',*,*,#9134,.T.);
#9132=ORIENTED_EDGE('',*,*,#9135,.T.);
#9133=EDGE_CURVE('',#413,#415,#9136,.F.);
#9134=EDGE_CURVE('',#415,#441,#9137,.T.);
#9135=EDGE_CURVE('',#441,#413,#9138,.T.);
#9136=LINE('',#412,#9139);
#9137=LINE('',#414,#9140);
#9138=LINE('',#440,#9141);
#9139=VECTOR('',#9142,1.0);
#9140=VECTOR('',#9143,1.0);
#9141=VECTOR('',#9144,1.0);
#9142=DIRECTION('',(-1,0,0));
#9143=DIRECTION('',(0.9996995011408664,0.02451341303659767,0));
#9144=DIRECTION('',(0.30903655969634947,-0.951050158914368,0));
#9145=FACE_SURFACE('',(#9150),#9146,.T.);
#9146=PLANE('',#9147);
#9147=AXIS2_PLACEMENT_3D('',#414,#9148,#9149);
#9148=DIRECTION('',(-0.9510501589143681,0.3090365596963495,0));
#9149=DIRECTION('',(0.020627722037433783,0.0634811568605957,0.9977698330813508));
#9150=FACE_BOUND('',#9151,.T.);
#9151=EDGE_LOOP('',(#9152,#9153,#9154));
#9152=ORIENTED_EDGE('',*,*,#9155,.T.);
#9153=ORIENTED_EDGE('',*,*,#9156,.T.);
#9154=ORIENTED_EDGE('',*,*,#9157,.T.);
#9155=EDGE_CURVE('',#415,#437,#9158,.F.);
#9156=EDGE_CURVE('',#437,#443,#9159,.T.);
#9157=EDGE_CURVE('',#443,#415,#9160,.T.);
#9158=LINE('',#414,#9161);
#9159=LINE('',#436,#9162);
#9160=LINE('',#442,#9163);
#9161=VECTOR('',#9164,1.0);
#9162=VECTOR('',#9165,1.0);
#9163=VECTOR('',#9166,1.0);
#9164=DIRECTION('',(0.020627722037433783,0.0634811568605957,0.9977698330813508));
#9165=DIRECTION('',(0,0,-1));
#9166=DIRECTION('',(-0.30903655969634947,-0.951050158914368,0));
#9167=FACE_SURFACE('',(#9172),#9168,.T.);
#9168=PLANE('',#9169);
#9169=AXIS2_PLACEMENT_3D('',#440,#9170,#9171);
#9170=DIRECTION('',(-0,0,-1));
#9171=DIRECTION('',(-0.9996995011408664,-0.02451341303659767,0));
#9172=FACE_BOUND('',#9173,.T.);
#9173=EDGE_LOOP('',(#9174,#9175,#9176));
#9174=ORIENTED_EDGE('',*,*,#9177,.T.);
#9175=ORIENTED_EDGE('',*,*,#9178,.T.);
#9176=ORIENTED_EDGE('',*,*,#9179,.T.);
#9177=EDGE_CURVE('',#441,#415,#9180,.F.);
#9178=EDGE_CURVE('',#415,#443,#9181,.T.);
#9179=EDGE_CURVE('',#443,#441,#9182,.T.);
#9180=LINE('',#440,#9183);
#9181=LINE('',#414,#9184);
#9182=LINE('',#442,#9185);
#9183=VECTOR('',#9186,1.0);
#9184=VECTOR('',#9187,1.0);
#9185=VECTOR('',#9188,1.0);
#9186=DIRECTION('',(-0.9996995011408664,-0.02451341303659767,0));
#9187=DIRECTION('',(0.30903655969634947,0.951050158914368,0));
#9188=DIRECTION('',(1,0,0));
#9189=FACE_SURFACE('',(#9194),#9190,.T.);
#9190=PLANE('',#9191);
#9191=AXIS2_PLACEMENT_3D('',#430,#9192,#9193);
#9192=DIRECTION('',(0.7431090221470406,-0.6691703678463872,0));
#9193=DIRECTION('',(-0.044665791599890564,-0.04960104976859575,0.9977698647095975));
#9194=FACE_BOUND('',#9195,.T.);
#9195=EDGE_LOOP('',(#9196,#9197,#9198));
#9196=ORIENTED_EDGE('',*,*,#9199,.T.);
#9197=ORIENTED_EDGE('',*,*,#9200,.T.);
#9198=ORIENTED_EDGE('',*,*,#9201,.T.);
#9199=EDGE_CURVE('',#431,#433,#9202,.F.);
#9200=EDGE_CURVE('',#433,#417,#9203,.T.);
#9201=EDGE_CURVE('',#417,#431,#9204,.T.);
#9202=LINE('',#430,#9205);
#9203=LINE('',#432,#9206);
#9204=LINE('',#416,#9207);
#9205=VECTOR('',#9208,1.0);
#9206=VECTOR('',#9209,1.0);
#9207=VECTOR('',#9210,1.0);
#9208=DIRECTION('',(-0.044665791599890564,-0.04960104976859575,0.9977698647095975));
#9209=DIRECTION('',(0,0,-1));
#9210=DIRECTION('',(0.6691703678463873,0.7431090221470407,-1.3276764924514193E-15));
#9211=FACE_SURFACE('',(#9216),#9212,.T.);
#9212=PLANE('',#9213);
#9213=AXIS2_PLACEMENT_3D('',#424,#9214,#9215);
#9214=DIRECTION('',(0.7431090221470406,-0.6691703678463873,0));
#9215=DIRECTION('',(0,0,1));
#9216=FACE_BOUND('',#9217,.T.);
#9217=EDGE_LOOP('',(#9218,#9219,#9220));
#9218=ORIENTED_EDGE('',*,*,#9221,.T.);
#9219=ORIENTED_EDGE('',*,*,#9222,.T.);
#9220=ORIENTED_EDGE('',*,*,#9223,.T.);
#9221=EDGE_CURVE('',#425,#419,#9224,.F.);
#9222=EDGE_CURVE('',#419,#445,#9225,.T.);
#9223=EDGE_CURVE('',#445,#425,#9226,.T.);
#9224=LINE('',#424,#9227);
#9225=LINE('',#418,#9228);
#9226=LINE('',#444,#9229);
#9227=VECTOR('',#9230,1.0);
#9228=VECTOR('',#9231,1.0);
#9229=VECTOR('',#9232,1.0);
#9230=DIRECTION('',(0,0,1));
#9231=DIRECTION('',(-0.6691703678463873,-0.7431090221470407,0));
#9232=DIRECTION('',(0.044665791599890564,0.04960104976859575,-0.9977698647095975));
#9233=FACE_SURFACE('',(#9238),#9234,.T.);
#9234=PLANE('',#9235);
#9235=AXIS2_PLACEMENT_3D('',#446,#9236,#9237);
#9236=DIRECTION('',(0,0,1));
#9237=DIRECTION('',(1,0,0));
#9238=FACE_BOUND('',#9239,.T.);
#9239=EDGE_LOOP('',(#9240,#9241,#9242));
#9240=ORIENTED_EDGE('',*,*,#9243,.T.);
#9241=ORIENTED_EDGE('',*,*,#9244,.T.);
#9242=ORIENTED_EDGE('',*,*,#9245,.T.);
#9243=EDGE_CURVE('',#447,#445,#9246,.F.);
#9244=EDGE_CURVE('',#445,#419,#9247,.T.);
#9245=EDGE_CURVE('',#419,#447,#9248,.T.);
#9246=LINE('',#446,#9249);
#9247=LINE('',#444,#9250);
#9248=LINE('',#418,#9251);
#9249=VECTOR('',#9252,1.0);
#9250=VECTOR('',#9253,1.0);
#9251=VECTOR('',#9254,1.0);
#9252=DIRECTION('',(1,0,0));
#9253=DIRECTION('',(0.6691703678463873,0.7431090221470407,0));
#9254=DIRECTION('',(-0.9998338838522731,-0.018226483502837995,0));
#9255=FACE_SURFACE('',(#9260),#9256,.T.);
#9256=PLANE('',#9257);
#9257=AXIS2_PLACEMENT_3D('',#446,#9258,#9259);
#9258=DIRECTION('',(0,-0,1));
#9259=DIRECTION('',(0.9998338838522731,0.018226483502837995,0));
#9260=FACE_BOUND('',#9261,.T.);
#9261=EDGE_LOOP('',(#9262,#9263,#9264));
#9262=ORIENTED_EDGE('',*,*,#9265,.T.);
#9263=ORIENTED_EDGE('',*,*,#9266,.T.);
#9264=ORIENTED_EDGE('',*,*,#9267,.T.);
#9265=EDGE_CURVE('',#447,#419,#9268,.F.);
#9266=EDGE_CURVE('',#419,#421,#9269,.T.);
#9267=EDGE_CURVE('',#421,#447,#9270,.T.);
#9268=LINE('',#446,#9271);
#9269=LINE('',#418,#9272);
#9270=LINE('',#420,#9273);
#9271=VECTOR('',#9274,1.0);
#9272=VECTOR('',#9275,1.0);
#9273=VECTOR('',#9276,1.0);
#9274=DIRECTION('',(0.9998338838522731,0.018226483502837995,0));
#9275=DIRECTION('',(-1,0,0));
#9276=DIRECTION('',(0.6690897445041344,-0.7431816156225827,0));
#9277=FACE_SURFACE('',(#9282),#9278,.T.);
#9278=PLANE('',#9279);
#9279=AXIS2_PLACEMENT_3D('',#420,#9280,#9281);
#9280=DIRECTION('',(-0.7431816156225827,-0.6690897445041345,-0));
#9281=DIRECTION('',(0,0,-1));
#9282=FACE_BOUND('',#9283,.T.);
#9283=EDGE_LOOP('',(#9284,#9285,#9286));
#9284=ORIENTED_EDGE('',*,*,#9287,.T.);
#9285=ORIENTED_EDGE('',*,*,#9288,.T.);
#9286=ORIENTED_EDGE('',*,*,#9289,.T.);
#9287=EDGE_CURVE('',#421,#423,#9290,.F.);
#9288=EDGE_CURVE('',#423,#449,#9291,.T.);
#9289=EDGE_CURVE('',#449,#421,#9292,.T.);
#9290=LINE('',#420,#9293);
#9291=LINE('',#422,#9294);
#9292=LINE('',#448,#9295);
#9293=VECTOR('',#9296,1.0);
#9294=VECTOR('',#9297,1.0);
#9295=VECTOR('',#9298,1.0);
#9296=DIRECTION('',(0,0,-1));
#9297=DIRECTION('',(0.6690897445041344,-0.7431816156225827,1.327806191658548E-15));
#9298=DIRECTION('',(-0.04465606718650202,0.049601071353455935,0.9977702989085333));
#9299=FACE_SURFACE('',(#9304),#9300,.T.);
#9300=PLANE('',#9301);
#9301=AXIS2_PLACEMENT_3D('',#420,#9302,#9303);
#9302=DIRECTION('',(-0.7431816156225826,-0.6690897445041344,0));
#9303=DIRECTION('',(0.04465606718650202,-0.049601071353455935,-0.9977702989085333));
#9304=FACE_BOUND('',#9305,.T.);
#9305=EDGE_LOOP('',(#9306,#9307,#9308));
#9306=ORIENTED_EDGE('',*,*,#9309,.T.);
#9307=ORIENTED_EDGE('',*,*,#9310,.T.);
#9308=ORIENTED_EDGE('',*,*,#9311,.T.);
#9309=EDGE_CURVE('',#421,#449,#9312,.F.);
#9310=EDGE_CURVE('',#449,#447,#9313,.T.);
#9311=EDGE_CURVE('',#447,#421,#9314,.T.);
#9312=LINE('',#420,#9315);
#9313=LINE('',#448,#9316);
#9314=LINE('',#446,#9317);
#9315=VECTOR('',#9318,1.0);
#9316=VECTOR('',#9319,1.0);
#9317=VECTOR('',#9320,1.0);
#9318=DIRECTION('',(0.04465606718650202,-0.049601071353455935,-0.9977702989085333));
#9319=DIRECTION('',(0,0,1));
#9320=DIRECTION('',(-0.6690897445041344,0.7431816156225827,0));
#9321=FACE_SURFACE('',(#9326),#9322,.T.);
#9322=PLANE('',#9323);
#9323=AXIS2_PLACEMENT_3D('',#424,#9324,#9325);
#9324=DIRECTION('',(-0,-1.7866510200823655E-15,-1));
#9325=DIRECTION('',(-0.9998338838522731,-0.018226483502837995,3.256436534285991E-17));
#9326=FACE_BOUND('',#9327,.T.);
#9327=EDGE_LOOP('',(#9328,#9329,#9330));
#9328=ORIENTED_EDGE('',*,*,#9331,.T.);
#9329=ORIENTED_EDGE('',*,*,#9332,.T.);
#9330=ORIENTED_EDGE('',*,*,#9333,.T.);
#9331=EDGE_CURVE('',#425,#449,#9334,.F.);
#9332=EDGE_CURVE('',#449,#423,#9335,.T.);
#9333=EDGE_CURVE('',#423,#425,#9336,.T.);
#9334=LINE('',#424,#9337);
#9335=LINE('',#448,#9338);
#9336=LINE('',#422,#9339);
#9337=VECTOR('',#9340,1.0);
#9338=VECTOR('',#9341,1.0);
#9339=VECTOR('',#9342,1.0);
#9340=DIRECTION('',(-0.9998338838522731,-0.018226483502837995,3.256436534285991E-17));
#9341=DIRECTION('',(-0.6690897445041344,0.7431816156225827,-1.327806191658548E-15));
#9342=DIRECTION('',(1,0,0));
#9343=FACE_SURFACE('',(#9348),#9344,.T.);
#9344=PLANE('',#9345);
#9345=AXIS2_PLACEMENT_3D('',#424,#9346,#9347);
#9346=DIRECTION('',(0.7431090221470406,-0.6691703678463872,0));
#9347=DIRECTION('',(-0.044665791599890564,-0.04960104976859575,0.9977698647095975));
#9348=FACE_BOUND('',#9349,.T.);
#9349=EDGE_LOOP('',(#9350,#9351,#9352));
#9350=ORIENTED_EDGE('',*,*,#9353,.T.);
#9351=ORIENTED_EDGE('',*,*,#9354,.T.);
#9352=ORIENTED_EDGE('',*,*,#9355,.T.);
#9353=EDGE_CURVE('',#425,#445,#9356,.F.);
#9354=EDGE_CURVE('',#445,#451,#9357,.T.);
#9355=EDGE_CURVE('',#451,#425,#9358,.T.);
#9356=LINE('',#424,#9359);
#9357=LINE('',#444,#9360);
#9358=LINE('',#450,#9361);
#9359=VECTOR('',#9362,1.0);
#9360=VECTOR('',#9363,1.0);
#9361=VECTOR('',#9364,1.0);
#9362=DIRECTION('',(-0.044665791599890564,-0.04960104976859575,0.9977698647095975));
#9363=DIRECTION('',(0,0,-1));
#9364=DIRECTION('',(0.6691703678463873,0.7431090221470407,-1.3276764924514193E-15));
#9365=FACE_SURFACE('',(#9370),#9366,.T.);
#9366=PLANE('',#9367);
#9367=AXIS2_PLACEMENT_3D('',#450,#9368,#9369);
#9368=DIRECTION('',(-0,-1.7866510200823655E-15,-1));
#9369=DIRECTION('',(-1,0,0));
#9370=FACE_BOUND('',#9371,.T.);
#9371=EDGE_LOOP('',(#9372,#9373,#9374));
#9372=ORIENTED_EDGE('',*,*,#9375,.T.);
#9373=ORIENTED_EDGE('',*,*,#9376,.T.);
#9374=ORIENTED_EDGE('',*,*,#9377,.T.);
#9375=EDGE_CURVE('',#451,#449,#9378,.F.);
#9376=EDGE_CURVE('',#449,#425,#9379,.T.);
#9377=EDGE_CURVE('',#425,#451,#9380,.T.);
#9378=LINE('',#450,#9381);
#9379=LINE('',#448,#9382);
#9380=LINE('',#424,#9383);
#9381=VECTOR('',#9384,1.0);
#9382=VECTOR('',#9385,1.0);
#9383=VECTOR('',#9386,1.0);
#9384=DIRECTION('',(-1,0,0));
#9385=DIRECTION('',(0.9998338838522731,0.018226483502837995,-3.256436534285991E-17));
#9386=DIRECTION('',(-0.6691703678463873,-0.7431090221470407,1.3276764924514193E-15));
#9387=FACE_SURFACE('',(#9392),#9388,.T.);
#9388=PLANE('',#9389);
#9389=AXIS2_PLACEMENT_3D('',#428,#9390,#9391);
#9390=DIRECTION('',(0.5877853774363002,-0.8090169034526202,0));
#9391=DIRECTION('',(0,0,1));
#9392=FACE_BOUND('',#9393,.T.);
#9393=EDGE_LOOP('',(#9394,#9395,#9396));
#9394=ORIENTED_EDGE('',*,*,#9397,.T.);
#9395=ORIENTED_EDGE('',*,*,#9398,.T.);
#9396=ORIENTED_EDGE('',*,*,#9399,.T.);
#9397=EDGE_CURVE('',#429,#427,#9400,.F.);
#9398=EDGE_CURVE('',#427,#435,#9401,.T.);
#9399=EDGE_CURVE('',#435,#429,#9402,.T.);
#9400=LINE('',#428,#9403);
#9401=LINE('',#426,#9404);
#9402=LINE('',#434,#9405);
#9403=VECTOR('',#9406,1.0);
#9404=VECTOR('',#9407,1.0);
#9405=VECTOR('',#9408,1.0);
#9406=DIRECTION('',(0,0,1));
#9407=DIRECTION('',(-0.8090169034526202,-0.5877853774363001,0));
#9408=DIRECTION('',(0.0540003958249101,0.03923359685835448,-0.997769854289209));
#9409=FACE_SURFACE('',(#9414),#9410,.T.);
#9410=PLANE('',#9411);
#9411=AXIS2_PLACEMENT_3D('',#428,#9412,#9413);
#9412=DIRECTION('',(0.5877853774363002,-0.8090169034526202,0));
#9413=DIRECTION('',(-0.0540003958249101,-0.03923359685835448,0.997769854289209));
#9414=FACE_BOUND('',#9415,.T.);
#9415=EDGE_LOOP('',(#9416,#9417,#9418));
#9416=ORIENTED_EDGE('',*,*,#9419,.T.);
#9417=ORIENTED_EDGE('',*,*,#9420,.T.);
#9418=ORIENTED_EDGE('',*,*,#9421,.T.);
#9419=EDGE_CURVE('',#429,#435,#9422,.F.);
#9420=EDGE_CURVE('',#435,#431,#9423,.T.);
#9421=EDGE_CURVE('',#431,#429,#9424,.T.);
#9422=LINE('',#428,#9425);
#9423=LINE('',#434,#9426);
#9424=LINE('',#430,#9427);
#9425=VECTOR('',#9428,1.0);
#9426=VECTOR('',#9429,1.0);
#9427=VECTOR('',#9430,1.0);
#9428=DIRECTION('',(-0.0540003958249101,-0.03923359685835448,0.997769854289209));
#9429=DIRECTION('',(0,0,-1));
#9430=DIRECTION('',(0.8090169034526202,0.5877853774363001,0));
#9431=FACE_SURFACE('',(#9436),#9432,.T.);
#9432=PLANE('',#9433);
#9433=AXIS2_PLACEMENT_3D('',#430,#9434,#9435);
#9434=DIRECTION('',(0.7431090221470406,-0.6691703678463873,0));
#9435=DIRECTION('',(0,0,1));
#9436=FACE_BOUND('',#9437,.T.);
#9437=EDGE_LOOP('',(#9438,#9439,#9440));
#9438=ORIENTED_EDGE('',*,*,#9441,.T.);
#9439=ORIENTED_EDGE('',*,*,#9442,.T.);
#9440=ORIENTED_EDGE('',*,*,#9443,.T.);
#9441=EDGE_CURVE('',#431,#435,#9444,.F.);
#9442=EDGE_CURVE('',#435,#433,#9445,.T.);
#9443=EDGE_CURVE('',#433,#431,#9446,.T.);
#9444=LINE('',#430,#9447);
#9445=LINE('',#434,#9448);
#9446=LINE('',#432,#9449);
#9447=VECTOR('',#9450,1.0);
#9448=VECTOR('',#9451,1.0);
#9449=VECTOR('',#9452,1.0);
#9450=DIRECTION('',(0,0,1));
#9451=DIRECTION('',(-0.6691703678463873,-0.7431090221470407,0));
#9452=DIRECTION('',(0.044665791599890564,0.04960104976859575,-0.9977698647095975));
#9453=FACE_SURFACE('',(#9458),#9454,.T.);
#9454=PLANE('',#9455);
#9455=AXIS2_PLACEMENT_3D('',#442,#9456,#9457);
#9456=DIRECTION('',(-0.9945226371003564,0.10452140591741298,0));
#9457=DIRECTION('',(0,0,1));
#9458=FACE_BOUND('',#9459,.T.);
#9459=EDGE_LOOP('',(#9460,#9461,#9462));
#9460=ORIENTED_EDGE('',*,*,#9463,.T.);
#9461=ORIENTED_EDGE('',*,*,#9464,.T.);
#9462=ORIENTED_EDGE('',*,*,#9465,.T.);
#9463=EDGE_CURVE('',#443,#437,#9466,.F.);
#9464=EDGE_CURVE('',#437,#453,#9467,.T.);
#9465=EDGE_CURVE('',#453,#443,#9468,.T.);
#9466=LINE('',#442,#9469);
#9467=LINE('',#436,#9470);
#9468=LINE('',#452,#9471);
#9469=VECTOR('',#9472,1.0);
#9470=VECTOR('',#9473,1.0);
#9471=VECTOR('',#9474,1.0);
#9472=DIRECTION('',(0,0,1));
#9473=DIRECTION('',(0.10452140591741298,0.9945226371003565,0));
#9474=DIRECTION('',(-0.0069765939850688985,-0.06638238920639405,-0.997769866021027));
#9475=FACE_SURFACE('',(#9480),#9476,.T.);
#9476=PLANE('',#9477);
#9477=AXIS2_PLACEMENT_3D('',#436,#9478,#9479);
#9478=DIRECTION('',(0,0,1));
#9479=DIRECTION('',(0.9996643032224888,0.025909088418850378,0));
#9480=FACE_BOUND('',#9481,.T.);
#9481=EDGE_LOOP('',(#9482,#9483,#9484));
#9482=ORIENTED_EDGE('',*,*,#9485,.T.);
#9483=ORIENTED_EDGE('',*,*,#9486,.T.);
#9484=ORIENTED_EDGE('',*,*,#9487,.T.);
#9485=EDGE_CURVE('',#437,#455,#9488,.F.);
#9486=EDGE_CURVE('',#455,#453,#9489,.T.);
#9487=EDGE_CURVE('',#453,#437,#9490,.T.);
#9488=LINE('',#436,#9491);
#9489=LINE('',#454,#9492);
#9490=LINE('',#452,#9493);
#9491=VECTOR('',#9494,1.0);
#9492=VECTOR('',#9495,1.0);
#9493=VECTOR('',#9496,1.0);
#9494=DIRECTION('',(0.9996643032224888,0.025909088418850378,0));
#9495=DIRECTION('',(-1,0,0));
#9496=DIRECTION('',(-0.10452140591741298,-0.9945226371003565,0));
#9497=FACE_SURFACE('',(#9502),#9498,.T.);
#9498=PLANE('',#9499);
#9499=AXIS2_PLACEMENT_3D('',#454,#9500,#9501);
#9500=DIRECTION('',(0,0,1));
#9501=DIRECTION('',(-0.9996643032224888,-0.025909088418850378,0));
#9502=FACE_BOUND('',#9503,.T.);
#9503=EDGE_LOOP('',(#9504,#9505,#9506));
#9504=ORIENTED_EDGE('',*,*,#9507,.T.);
#9505=ORIENTED_EDGE('',*,*,#9508,.T.);
#9506=ORIENTED_EDGE('',*,*,#9509,.T.);
#9507=EDGE_CURVE('',#455,#437,#9510,.F.);
#9508=EDGE_CURVE('',#437,#439,#9511,.T.);
#9509=EDGE_CURVE('',#439,#455,#9512,.T.);
#9510=LINE('',#454,#9513);
#9511=LINE('',#436,#9514);
#9512=LINE('',#438,#9515);
#9513=VECTOR('',#9516,1.0);
#9514=VECTOR('',#9517,1.0);
#9515=VECTOR('',#9518,1.0);
#9516=DIRECTION('',(-0.9996643032224888,-0.025909088418850378,0));
#9517=DIRECTION('',(1,0,0));
#9518=DIRECTION('',(-0.10452140591741298,0.9945226371003565,0));
#9519=FACE_SURFACE('',(#9524),#9520,.T.);
#9520=PLANE('',#9521);
#9521=AXIS2_PLACEMENT_3D('',#438,#9522,#9523);
#9522=DIRECTION('',(0.9945226371003564,0.10452140591741298,0));
#9523=DIRECTION('',(0,0,-1));
#9524=FACE_BOUND('',#9525,.T.);
#9525=EDGE_LOOP('',(#9526,#9527,#9528));
#9526=ORIENTED_EDGE('',*,*,#9529,.T.);
#9527=ORIENTED_EDGE('',*,*,#9530,.T.);
#9528=ORIENTED_EDGE('',*,*,#9531,.T.);
#9529=EDGE_CURVE('',#439,#441,#9532,.F.);
#9530=EDGE_CURVE('',#441,#457,#9533,.T.);
#9531=EDGE_CURVE('',#457,#439,#9534,.T.);
#9532=LINE('',#438,#9535);
#9533=LINE('',#440,#9536);
#9534=LINE('',#456,#9537);
#9535=VECTOR('',#9538,1.0);
#9536=VECTOR('',#9539,1.0);
#9537=VECTOR('',#9540,1.0);
#9538=DIRECTION('',(0,0,-1));
#9539=DIRECTION('',(-0.10452140591741298,0.9945226371003565,0));
#9540=DIRECTION('',(0.0069765939850688985,-0.06638238920639405,0.997769866021027));
#9541=FACE_SURFACE('',(#9546),#9542,.T.);
#9542=PLANE('',#9543);
#9543=AXIS2_PLACEMENT_3D('',#438,#9544,#9545);
#9544=DIRECTION('',(0.9945226371003564,0.10452140591741298,0));
#9545=DIRECTION('',(-0.0069765939850688985,0.06638238920639405,-0.997769866021027));
#9546=FACE_BOUND('',#9547,.T.);
#9547=EDGE_LOOP('',(#9548,#9549,#9550));
#9548=ORIENTED_EDGE('',*,*,#9551,.T.);
#9549=ORIENTED_EDGE('',*,*,#9552,.T.);
#9550=ORIENTED_EDGE('',*,*,#9553,.T.);
#9551=EDGE_CURVE('',#439,#457,#9554,.F.);
#9552=EDGE_CURVE('',#457,#455,#9555,.T.);
#9553=EDGE_CURVE('',#455,#439,#9556,.T.);
#9554=LINE('',#438,#9557);
#9555=LINE('',#456,#9558);
#9556=LINE('',#454,#9559);
#9557=VECTOR('',#9560,1.0);
#9558=VECTOR('',#9561,1.0);
#9559=VECTOR('',#9562,1.0);
#9560=DIRECTION('',(-0.0069765939850688985,0.06638238920639405,-0.997769866021027));
#9561=DIRECTION('',(0,0,1));
#9562=DIRECTION('',(0.10452140591741298,-0.9945226371003565,0));
#9563=FACE_SURFACE('',(#9568),#9564,.T.);
#9564=PLANE('',#9565);
#9565=AXIS2_PLACEMENT_3D('',#440,#9566,#9567);
#9566=DIRECTION('',(0,0,-1));
#9567=DIRECTION('',(-1,0,0));
#9568=FACE_BOUND('',#9569,.T.);
#9569=EDGE_LOOP('',(#9570,#9571,#9572));
#9570=ORIENTED_EDGE('',*,*,#9573,.T.);
#9571=ORIENTED_EDGE('',*,*,#9574,.T.);
#9572=ORIENTED_EDGE('',*,*,#9575,.T.);
#9573=EDGE_CURVE('',#441,#443,#9576,.F.);
#9574=EDGE_CURVE('',#443,#457,#9577,.T.);
#9575=EDGE_CURVE('',#457,#441,#9578,.T.);
#9576=LINE('',#440,#9579);
#9577=LINE('',#442,#9580);
#9578=LINE('',#456,#9581);
#9579=VECTOR('',#9582,1.0);
#9580=VECTOR('',#9583,1.0);
#9581=VECTOR('',#9584,1.0);
#9582=DIRECTION('',(-1,0,0));
#9583=DIRECTION('',(0.9996643032224888,0.025909088418850378,0));
#9584=DIRECTION('',(0.10452140591741298,-0.9945226371003565,0));
#9585=FACE_SURFACE('',(#9590),#9586,.T.);
#9586=PLANE('',#9587);
#9587=AXIS2_PLACEMENT_3D('',#442,#9588,#9589);
#9588=DIRECTION('',(-0.9945226371003564,0.10452140591741298,0));
#9589=DIRECTION('',(0.0069765939850688985,0.06638238920639405,0.997769866021027));
#9590=FACE_BOUND('',#9591,.T.);
#9591=EDGE_LOOP('',(#9592,#9593,#9594));
#9592=ORIENTED_EDGE('',*,*,#9595,.T.);
#9593=ORIENTED_EDGE('',*,*,#9596,.T.);
#9594=ORIENTED_EDGE('',*,*,#9597,.T.);
#9595=EDGE_CURVE('',#443,#453,#9598,.F.);
#9596=EDGE_CURVE('',#453,#459,#9599,.T.);
#9597=EDGE_CURVE('',#459,#443,#9600,.T.);
#9598=LINE('',#442,#9601);
#9599=LINE('',#452,#9602);
#9600=LINE('',#458,#9603);
#9601=VECTOR('',#9604,1.0);
#9602=VECTOR('',#9605,1.0);
#9603=VECTOR('',#9606,1.0);
#9604=DIRECTION('',(0.0069765939850688985,0.06638238920639405,0.997769866021027));
#9605=DIRECTION('',(0,0,-1));
#9606=DIRECTION('',(-0.10452140591741298,-0.9945226371003565,0));
#9607=FACE_SURFACE('',(#9612),#9608,.T.);
#9608=PLANE('',#9609);
#9609=AXIS2_PLACEMENT_3D('',#456,#9610,#9611);
#9610=DIRECTION('',(-0,0,-1));
#9611=DIRECTION('',(-0.9996643032224888,-0.025909088418850378,0));
#9612=FACE_BOUND('',#9613,.T.);
#9613=EDGE_LOOP('',(#9614,#9615,#9616));
#9614=ORIENTED_EDGE('',*,*,#9617,.T.);
#9615=ORIENTED_EDGE('',*,*,#9618,.T.);
#9616=ORIENTED_EDGE('',*,*,#9619,.T.);
#9617=EDGE_CURVE('',#457,#443,#9620,.F.);
#9618=EDGE_CURVE('',#443,#459,#9621,.T.);
#9619=EDGE_CURVE('',#459,#457,#9622,.T.);
#9620=LINE('',#456,#9623);
#9621=LINE('',#442,#9624);
#9622=LINE('',#458,#9625);
#9623=VECTOR('',#9626,1.0);
#9624=VECTOR('',#9627,1.0);
#9625=VECTOR('',#9628,1.0);
#9626=DIRECTION('',(-0.9996643032224888,-0.025909088418850378,0));
#9627=DIRECTION('',(0.10452140591741298,0.9945226371003565,0));
#9628=DIRECTION('',(1,0,0));
#9629=FACE_SURFACE('',(#9634),#9630,.T.);
#9630=PLANE('',#9631);
#9631=AXIS2_PLACEMENT_3D('',#450,#9632,#9633);
#9632=DIRECTION('',(0.8660518959062337,-0.499954111491463,0));
#9633=DIRECTION('',(0,0,1));
#9634=FACE_BOUND('',#9635,.T.);
#9635=EDGE_LOOP('',(#9636,#9637,#9638));
#9636=ORIENTED_EDGE('',*,*,#9639,.T.);
#9637=ORIENTED_EDGE('',*,*,#9640,.T.);
#9638=ORIENTED_EDGE('',*,*,#9641,.T.);
#9639=EDGE_CURVE('',#451,#445,#9642,.F.);
#9640=EDGE_CURVE('',#445,#461,#9643,.T.);
#9641=EDGE_CURVE('',#461,#451,#9644,.T.);
#9642=LINE('',#450,#9645);
#9643=LINE('',#444,#9646);
#9644=LINE('',#460,#9647);
#9645=VECTOR('',#9648,1.0);
#9646=VECTOR('',#9649,1.0);
#9647=VECTOR('',#9650,1.0);
#9648=DIRECTION('',(0,0,1));
#9649=DIRECTION('',(-0.49995411149146307,-0.8660518959062337,0));
#9650=DIRECTION('',(0.03337266598586491,0.05781022694719315,-0.9977696341467351));
#9651=FACE_SURFACE('',(#9656),#9652,.T.);
#9652=PLANE('',#9653);
#9653=AXIS2_PLACEMENT_3D('',#462,#9654,#9655);
#9654=DIRECTION('',(0,0,1));
#9655=DIRECTION('',(1,0,0));
#9656=FACE_BOUND('',#9657,.T.);
#9657=EDGE_LOOP('',(#9658,#9659,#9660));
#9658=ORIENTED_EDGE('',*,*,#9661,.T.);
#9659=ORIENTED_EDGE('',*,*,#9662,.T.);
#9660=ORIENTED_EDGE('',*,*,#9663,.T.);
#9661=EDGE_CURVE('',#463,#461,#9664,.F.);
#9662=EDGE_CURVE('',#461,#445,#9665,.T.);
#9663=EDGE_CURVE('',#445,#463,#9666,.T.);
#9664=LINE('',#462,#9667);
#9665=LINE('',#460,#9668);
#9666=LINE('',#444,#9669);
#9667=VECTOR('',#9670,1.0);
#9668=VECTOR('',#9671,1.0);
#9669=VECTOR('',#9672,1.0);
#9670=DIRECTION('',(1,0,0));
#9671=DIRECTION('',(0.49995411149146307,0.8660518959062337,0));
#9672=DIRECTION('',(-0.999760849426435,-0.021868789498578865,0));
#9673=FACE_SURFACE('',(#9678),#9674,.T.);
#9674=PLANE('',#9675);
#9675=AXIS2_PLACEMENT_3D('',#462,#9676,#9677);
#9676=DIRECTION('',(0,-0,1));
#9677=DIRECTION('',(0.999760849426435,0.021868789498578865,0));
#9678=FACE_BOUND('',#9679,.T.);
#9679=EDGE_LOOP('',(#9680,#9681,#9682));
#9680=ORIENTED_EDGE('',*,*,#9683,.T.);
#9681=ORIENTED_EDGE('',*,*,#9684,.T.);
#9682=ORIENTED_EDGE('',*,*,#9685,.T.);
#9683=EDGE_CURVE('',#463,#445,#9686,.F.);
#9684=EDGE_CURVE('',#445,#447,#9687,.T.);
#9685=EDGE_CURVE('',#447,#463,#9688,.T.);
#9686=LINE('',#462,#9689);
#9687=LINE('',#444,#9690);
#9688=LINE('',#446,#9691);
#9689=VECTOR('',#9692,1.0);
#9690=VECTOR('',#9693,1.0);
#9691=VECTOR('',#9694,1.0);
#9692=DIRECTION('',(0.999760849426435,0.021868789498578865,0));
#9693=DIRECTION('',(-1,0,0));
#9694=DIRECTION('',(0.5000635852071158,-0.8659886897354985,0));
#9695=FACE_SURFACE('',(#9700),#9696,.T.);
#9696=PLANE('',#9697);
#9697=AXIS2_PLACEMENT_3D('',#446,#9698,#9699);
#9698=DIRECTION('',(-0.8659886897354986,-0.5000635852071158,-0));
#9699=DIRECTION('',(0,0,-1));
#9700=FACE_BOUND('',#9701,.T.);
#9701=EDGE_LOOP('',(#9702,#9703,#9704));
#9702=ORIENTED_EDGE('',*,*,#9705,.T.);
#9703=ORIENTED_EDGE('',*,*,#9706,.T.);
#9704=ORIENTED_EDGE('',*,*,#9707,.T.);
#9705=EDGE_CURVE('',#447,#449,#9708,.F.);
#9706=EDGE_CURVE('',#449,#465,#9709,.T.);
#9707=EDGE_CURVE('',#465,#447,#9710,.T.);
#9708=LINE('',#446,#9711);
#9709=LINE('',#448,#9712);
#9710=LINE('',#464,#9713);
#9711=VECTOR('',#9714,1.0);
#9712=VECTOR('',#9715,1.0);
#9713=VECTOR('',#9716,1.0);
#9714=DIRECTION('',(0,0,-1));
#9715=DIRECTION('',(0.5000635852071158,-0.8659886897354985,0));
#9716=DIRECTION('',(-0.03338239897314191,0.057810208145840904,0.9977693096467403));
#9717=FACE_SURFACE('',(#9722),#9718,.T.);
#9718=PLANE('',#9719);
#9719=AXIS2_PLACEMENT_3D('',#446,#9720,#9721);
#9720=DIRECTION('',(-0.8659886897354986,-0.5000635852071158,0));
#9721=DIRECTION('',(0.03338239897314191,-0.057810208145840904,-0.9977693096467403));
#9722=FACE_BOUND('',#9723,.T.);
#9723=EDGE_LOOP('',(#9724,#9725,#9726));
#9724=ORIENTED_EDGE('',*,*,#9727,.T.);
#9725=ORIENTED_EDGE('',*,*,#9728,.T.);
#9726=ORIENTED_EDGE('',*,*,#9729,.T.);
#9727=EDGE_CURVE('',#447,#465,#9730,.F.);
#9728=EDGE_CURVE('',#465,#463,#9731,.T.);
#9729=EDGE_CURVE('',#463,#447,#9732,.T.);
#9730=LINE('',#446,#9733);
#9731=LINE('',#464,#9734);
#9732=LINE('',#462,#9735);
#9733=VECTOR('',#9736,1.0);
#9734=VECTOR('',#9737,1.0);
#9735=VECTOR('',#9738,1.0);
#9736=DIRECTION('',(0.03338239897314191,-0.057810208145840904,-0.9977693096467403));
#9737=DIRECTION('',(0,0,1));
#9738=DIRECTION('',(-0.5000635852071158,0.8659886897354985,0));
#9739=FACE_SURFACE('',(#9744),#9740,.T.);
#9740=PLANE('',#9741);
#9741=AXIS2_PLACEMENT_3D('',#450,#9742,#9743);
#9742=DIRECTION('',(-0,0,-1));
#9743=DIRECTION('',(-0.999760849426435,-0.021868789498578865,0));
#9744=FACE_BOUND('',#9745,.T.);
#9745=EDGE_LOOP('',(#9746,#9747,#9748));
#9746=ORIENTED_EDGE('',*,*,#9749,.T.);
#9747=ORIENTED_EDGE('',*,*,#9750,.T.);
#9748=ORIENTED_EDGE('',*,*,#9751,.T.);
#9749=EDGE_CURVE('',#451,#465,#9752,.F.);
#9750=EDGE_CURVE('',#465,#449,#9753,.T.);
#9751=EDGE_CURVE('',#449,#451,#9754,.T.);
#9752=LINE('',#450,#9755);
#9753=LINE('',#464,#9756);
#9754=LINE('',#448,#9757);
#9755=VECTOR('',#9758,1.0);
#9756=VECTOR('',#9759,1.0);
#9757=VECTOR('',#9760,1.0);
#9758=DIRECTION('',(-0.999760849426435,-0.021868789498578865,0));
#9759=DIRECTION('',(-0.5000635852071158,0.8659886897354985,0));
#9760=DIRECTION('',(1,0,0));
#9761=FACE_SURFACE('',(#9766),#9762,.T.);
#9762=PLANE('',#9763);
#9763=AXIS2_PLACEMENT_3D('',#450,#9764,#9765);
#9764=DIRECTION('',(0.8660518959062337,-0.499954111491463,0));
#9765=DIRECTION('',(-0.03337266598586491,-0.05781022694719315,0.9977696341467351));
#9766=FACE_BOUND('',#9767,.T.);
#9767=EDGE_LOOP('',(#9768,#9769,#9770));
#9768=ORIENTED_EDGE('',*,*,#9771,.T.);
#9769=ORIENTED_EDGE('',*,*,#9772,.T.);
#9770=ORIENTED_EDGE('',*,*,#9773,.T.);
#9771=EDGE_CURVE('',#451,#461,#9774,.F.);
#9772=EDGE_CURVE('',#461,#467,#9775,.T.);
#9773=EDGE_CURVE('',#467,#451,#9776,.T.);
#9774=LINE('',#450,#9777);
#9775=LINE('',#460,#9778);
#9776=LINE('',#466,#9779);
#9777=VECTOR('',#9780,1.0);
#9778=VECTOR('',#9781,1.0);
#9779=VECTOR('',#9782,1.0);
#9780=DIRECTION('',(-0.03337266598586491,-0.05781022694719315,0.9977696341467351));
#9781=DIRECTION('',(0,0,-1));
#9782=DIRECTION('',(0.49995411149146307,0.8660518959062337,0));
#9783=FACE_SURFACE('',(#9788),#9784,.T.);
#9784=PLANE('',#9785);
#9785=AXIS2_PLACEMENT_3D('',#466,#9786,#9787);
#9786=DIRECTION('',(0,0,-1));
#9787=DIRECTION('',(-1,0,0));
#9788=FACE_BOUND('',#9789,.T.);
#9789=EDGE_LOOP('',(#9790,#9791,#9792));
#9790=ORIENTED_EDGE('',*,*,#9793,.T.);
#9791=ORIENTED_EDGE('',*,*,#9794,.T.);
#9792=ORIENTED_EDGE('',*,*,#9795,.T.);
#9793=EDGE_CURVE('',#467,#465,#9796,.F.);
#9794=EDGE_CURVE('',#465,#451,#9797,.T.);
#9795=EDGE_CURVE('',#451,#467,#9798,.T.);
#9796=LINE('',#466,#9799);
#9797=LINE('',#464,#9800);
#9798=LINE('',#450,#9801);
#9799=VECTOR('',#9802,1.0);
#9800=VECTOR('',#9803,1.0);
#9801=VECTOR('',#9804,1.0);
#9802=DIRECTION('',(-1,0,0));
#9803=DIRECTION('',(0.999760849426435,0.021868789498578865,0));
#9804=DIRECTION('',(-0.49995411149146307,-0.8660518959062337,0));
#9805=FACE_SURFACE('',(#9810),#9806,.T.);
#9806=PLANE('',#9807);
#9807=AXIS2_PLACEMENT_3D('',#468,#9808,#9809);
#9808=DIRECTION('',(-0.9945226371003564,-0.10452140591741298,0));
#9809=DIRECTION('',(0.0069765939850688985,-0.06638238920639405,-0.997769866021027));
#9810=FACE_BOUND('',#9811,.T.);
#9811=EDGE_LOOP('',(#9812,#9813,#9814));
#9812=ORIENTED_EDGE('',*,*,#9815,.T.);
#9813=ORIENTED_EDGE('',*,*,#9816,.T.);
#9814=ORIENTED_EDGE('',*,*,#9817,.T.);
#9815=EDGE_CURVE('',#469,#459,#9818,.F.);
#9816=EDGE_CURVE('',#459,#453,#9819,.T.);
#9817=EDGE_CURVE('',#453,#469,#9820,.T.);
#9818=LINE('',#468,#9821);
#9819=LINE('',#458,#9822);
#9820=LINE('',#452,#9823);
#9821=VECTOR('',#9824,1.0);
#9822=VECTOR('',#9825,1.0);
#9823=VECTOR('',#9826,1.0);
#9824=DIRECTION('',(0.0069765939850688985,-0.06638238920639405,-0.997769866021027));
#9825=DIRECTION('',(0,0,1));
#9826=DIRECTION('',(-0.10452140591741298,0.9945226371003565,0));
#9827=FACE_SURFACE('',(#9832),#9828,.T.);
#9828=PLANE('',#9829);
#9829=AXIS2_PLACEMENT_3D('',#452,#9830,#9831);
#9830=DIRECTION('',(0,-0,1));
#9831=DIRECTION('',(0.9996643032224888,0.025909088418850378,0));
#9832=FACE_BOUND('',#9833,.T.);
#9833=EDGE_LOOP('',(#9834,#9835,#9836));
#9834=ORIENTED_EDGE('',*,*,#9837,.T.);
#9835=ORIENTED_EDGE('',*,*,#9838,.T.);
#9836=ORIENTED_EDGE('',*,*,#9839,.T.);
#9837=EDGE_CURVE('',#453,#471,#9840,.F.);
#9838=EDGE_CURVE('',#471,#469,#9841,.T.);
#9839=EDGE_CURVE('',#469,#453,#9842,.T.);
#9840=LINE('',#452,#9843);
#9841=LINE('',#470,#9844);
#9842=LINE('',#468,#9845);
#9843=VECTOR('',#9846,1.0);
#9844=VECTOR('',#9847,1.0);
#9845=VECTOR('',#9848,1.0);
#9846=DIRECTION('',(0.9996643032224888,0.025909088418850378,0));
#9847=DIRECTION('',(-1,0,0));
#9848=DIRECTION('',(0.10452140591741298,-0.9945226371003565,0));
#9849=FACE_SURFACE('',(#9854),#9850,.T.);
#9850=PLANE('',#9851);
#9851=AXIS2_PLACEMENT_3D('',#452,#9852,#9853);
#9852=DIRECTION('',(0,0,1));
#9853=DIRECTION('',(1,0,0));
#9854=FACE_BOUND('',#9855,.T.);
#9855=EDGE_LOOP('',(#9856,#9857,#9858));
#9856=ORIENTED_EDGE('',*,*,#9859,.T.);
#9857=ORIENTED_EDGE('',*,*,#9860,.T.);
#9858=ORIENTED_EDGE('',*,*,#9861,.T.);
#9859=EDGE_CURVE('',#453,#455,#9862,.F.);
#9860=EDGE_CURVE('',#455,#471,#9863,.T.);
#9861=EDGE_CURVE('',#471,#453,#9864,.T.);
#9862=LINE('',#452,#9865);
#9863=LINE('',#454,#9866);
#9864=LINE('',#470,#9867);
#9865=VECTOR('',#9868,1.0);
#9866=VECTOR('',#9869,1.0);
#9867=VECTOR('',#9870,1.0);
#9868=DIRECTION('',(1,0,0));
#9869=DIRECTION('',(0.10452140591741298,0.9945226371003565,0));
#9870=DIRECTION('',(-0.9996643032224888,-0.025909088418850378,0));
#9871=FACE_SURFACE('',(#9876),#9872,.T.);
#9872=PLANE('',#9873);
#9873=AXIS2_PLACEMENT_3D('',#472,#9874,#9875);
#9874=DIRECTION('',(0.9945226371003564,-0.10452140591741298,0));
#9875=DIRECTION('',(0,0,1));
#9876=FACE_BOUND('',#9877,.T.);
#9877=EDGE_LOOP('',(#9878,#9879,#9880));
#9878=ORIENTED_EDGE('',*,*,#9881,.T.);
#9879=ORIENTED_EDGE('',*,*,#9882,.T.);
#9880=ORIENTED_EDGE('',*,*,#9883,.T.);
#9881=EDGE_CURVE('',#473,#471,#9884,.F.);
#9882=EDGE_CURVE('',#471,#455,#9885,.T.);
#9883=EDGE_CURVE('',#455,#473,#9886,.T.);
#9884=LINE('',#472,#9887);
#9885=LINE('',#470,#9888);
#9886=LINE('',#454,#9889);
#9887=VECTOR('',#9890,1.0);
#9888=VECTOR('',#9891,1.0);
#9889=VECTOR('',#9892,1.0);
#9890=DIRECTION('',(0,0,1));
#9891=DIRECTION('',(-0.10452140591741298,-0.9945226371003565,0));
#9892=DIRECTION('',(0.0069765939850688985,0.06638238920639405,-0.997769866021027));
#9893=FACE_SURFACE('',(#9898),#9894,.T.);
#9894=PLANE('',#9895);
#9895=AXIS2_PLACEMENT_3D('',#472,#9896,#9897);
#9896=DIRECTION('',(0.9945226371003564,-0.10452140591741298,0));
#9897=DIRECTION('',(-0.0069765939850688985,-0.06638238920639405,0.997769866021027));
#9898=FACE_BOUND('',#9899,.T.);
#9899=EDGE_LOOP('',(#9900,#9901,#9902));
#9900=ORIENTED_EDGE('',*,*,#9903,.T.);
#9901=ORIENTED_EDGE('',*,*,#9904,.T.);
#9902=ORIENTED_EDGE('',*,*,#9905,.T.);
#9903=EDGE_CURVE('',#473,#455,#9906,.F.);
#9904=EDGE_CURVE('',#455,#457,#9907,.T.);
#9905=EDGE_CURVE('',#457,#473,#9908,.T.);
#9906=LINE('',#472,#9909);
#9907=LINE('',#454,#9910);
#9908=LINE('',#456,#9911);
#9909=VECTOR('',#9912,1.0);
#9910=VECTOR('',#9913,1.0);
#9911=VECTOR('',#9914,1.0);
#9912=DIRECTION('',(-0.0069765939850688985,-0.06638238920639405,0.997769866021027));
#9913=DIRECTION('',(0,0,-1));
#9914=DIRECTION('',(0.10452140591741298,0.9945226371003565,0));
#9915=FACE_SURFACE('',(#9920),#9916,.T.);
#9916=PLANE('',#9917);
#9917=AXIS2_PLACEMENT_3D('',#456,#9918,#9919);
#9918=DIRECTION('',(0,0,-1));
#9919=DIRECTION('',(-1,0,0));
#9920=FACE_BOUND('',#9921,.T.);
#9921=EDGE_LOOP('',(#9922,#9923,#9924));
#9922=ORIENTED_EDGE('',*,*,#9925,.T.);
#9923=ORIENTED_EDGE('',*,*,#9926,.T.);
#9924=ORIENTED_EDGE('',*,*,#9927,.T.);
#9925=EDGE_CURVE('',#457,#459,#9928,.F.);
#9926=EDGE_CURVE('',#459,#473,#9929,.T.);
#9927=EDGE_CURVE('',#473,#457,#9930,.T.);
#9928=LINE('',#456,#9931);
#9929=LINE('',#458,#9932);
#9930=LINE('',#472,#9933);
#9931=VECTOR('',#9934,1.0);
#9932=VECTOR('',#9935,1.0);
#9933=VECTOR('',#9936,1.0);
#9934=DIRECTION('',(-1,0,0));
#9935=DIRECTION('',(0.9996643032224888,0.025909088418850378,0));
#9936=DIRECTION('',(-0.10452140591741298,-0.9945226371003565,0));
#9937=FACE_SURFACE('',(#9942),#9938,.T.);
#9938=PLANE('',#9939);
#9939=AXIS2_PLACEMENT_3D('',#468,#9940,#9941);
#9940=DIRECTION('',(-0.9945226371003564,-0.10452140591741298,-0));
#9941=DIRECTION('',(0,0,-1));
#9942=FACE_BOUND('',#9943,.T.);
#9943=EDGE_LOOP('',(#9944,#9945,#9946));
#9944=ORIENTED_EDGE('',*,*,#9947,.T.);
#9945=ORIENTED_EDGE('',*,*,#9948,.T.);
#9946=ORIENTED_EDGE('',*,*,#9949,.T.);
#9947=EDGE_CURVE('',#469,#475,#9950,.F.);
#9948=EDGE_CURVE('',#475,#459,#9951,.T.);
#9949=EDGE_CURVE('',#459,#469,#9952,.T.);
#9950=LINE('',#468,#9953);
#9951=LINE('',#474,#9954);
#9952=LINE('',#458,#9955);
#9953=VECTOR('',#9956,1.0);
#9954=VECTOR('',#9957,1.0);
#9955=VECTOR('',#9958,1.0);
#9956=DIRECTION('',(0,0,-1));
#9957=DIRECTION('',(0.10452140591741298,-0.9945226371003565,0));
#9958=DIRECTION('',(-0.0069765939850688985,0.06638238920639405,0.997769866021027));
#9959=FACE_SURFACE('',(#9964),#9960,.T.);
#9960=PLANE('',#9961);
#9961=AXIS2_PLACEMENT_3D('',#472,#9962,#9963);
#9962=DIRECTION('',(-0,0,-1));
#9963=DIRECTION('',(-0.9996643032224888,-0.025909088418850378,0));
#9964=FACE_BOUND('',#9965,.T.);
#9965=EDGE_LOOP('',(#9966,#9967,#9968));
#9966=ORIENTED_EDGE('',*,*,#9969,.T.);
#9967=ORIENTED_EDGE('',*,*,#9970,.T.);
#9968=ORIENTED_EDGE('',*,*,#9971,.T.);
#9969=EDGE_CURVE('',#473,#459,#9972,.F.);
#9970=EDGE_CURVE('',#459,#475,#9973,.T.);
#9971=EDGE_CURVE('',#475,#473,#9974,.T.);
#9972=LINE('',#472,#9975);
#9973=LINE('',#458,#9976);
#9974=LINE('',#474,#9977);
#9975=VECTOR('',#9978,1.0);
#9976=VECTOR('',#9979,1.0);
#9977=VECTOR('',#9980,1.0);
#9978=DIRECTION('',(-0.9996643032224888,-0.025909088418850378,0));
#9979=DIRECTION('',(-0.10452140591741298,0.9945226371003565,0));
#9980=DIRECTION('',(1,0,0));
#9981=FACE_SURFACE('',(#9986),#9982,.T.);
#9982=PLANE('',#9983);
#9983=AXIS2_PLACEMENT_3D('',#466,#9984,#9985);
#9984=DIRECTION('',(0.9510501589143681,-0.3090365596963495,0));
#9985=DIRECTION('',(0,0,1));
#9986=FACE_BOUND('',#9987,.T.);
#9987=EDGE_LOOP('',(#9988,#9989,#9990));
#9988=ORIENTED_EDGE('',*,*,#9991,.T.);
#9989=ORIENTED_EDGE('',*,*,#9992,.T.);
#9990=ORIENTED_EDGE('',*,*,#9993,.T.);
#9991=EDGE_CURVE('',#467,#461,#9994,.F.);
#9992=EDGE_CURVE('',#461,#471,#9995,.T.);
#9993=EDGE_CURVE('',#471,#467,#9996,.T.);
#9994=LINE('',#466,#9997);
#9995=LINE('',#460,#9998);
#9996=LINE('',#470,#9999);
#9997=VECTOR('',#10000,1.0);
#9998=VECTOR('',#10001,1.0);
#9999=VECTOR('',#10002,1.0);
#10000=DIRECTION('',(0,0,1));
#10001=DIRECTION('',(-0.30903655969634947,-0.951050158914368,0));
#10002=DIRECTION('',(0.020627722037433783,0.0634811568605957,-0.9977698330813508));
#10003=FACE_SURFACE('',(#10008),#10004,.T.);
#10004=PLANE('',#10005);
#10005=AXIS2_PLACEMENT_3D('',#468,#10006,#10007);
#10006=DIRECTION('',(0,0,1));
#10007=DIRECTION('',(1,0,0));
#10008=FACE_BOUND('',#10009,.T.);
#10009=EDGE_LOOP('',(#10010,#10011,#10012));
#10010=ORIENTED_EDGE('',*,*,#10013,.T.);
#10011=ORIENTED_EDGE('',*,*,#10014,.T.);
#10012=ORIENTED_EDGE('',*,*,#10015,.T.);
#10013=EDGE_CURVE('',#469,#471,#10016,.F.);
#10014=EDGE_CURVE('',#471,#461,#10017,.T.);
#10015=EDGE_CURVE('',#461,#469,#10018,.T.);
#10016=LINE('',#468,#10019);
#10017=LINE('',#470,#10020);
#10018=LINE('',#460,#10021);
#10019=VECTOR('',#10022,1.0);
#10020=VECTOR('',#10023,1.0);
#10021=VECTOR('',#10024,1.0);
#10022=DIRECTION('',(1,0,0));
#10023=DIRECTION('',(0.30903655969634947,0.951050158914368,0));
#10024=DIRECTION('',(-0.9996995011408664,-0.02451341303659767,0));
#10025=FACE_SURFACE('',(#10030),#10026,.T.);
#10026=PLANE('',#10027);
#10027=AXIS2_PLACEMENT_3D('',#468,#10028,#10029);
#10028=DIRECTION('',(0,-0,1));
#10029=DIRECTION('',(0.9996995011408664,0.02451341303659767,0));
#10030=FACE_BOUND('',#10031,.T.);
#10031=EDGE_LOOP('',(#10032,#10033,#10034));
#10032=ORIENTED_EDGE('',*,*,#10035,.T.);
#10033=ORIENTED_EDGE('',*,*,#10036,.T.);
#10034=ORIENTED_EDGE('',*,*,#10037,.T.);
#10035=EDGE_CURVE('',#469,#461,#10038,.F.);
#10036=EDGE_CURVE('',#461,#463,#10039,.T.);
#10037=EDGE_CURVE('',#463,#469,#10040,.T.);
#10038=LINE('',#468,#10041);
#10039=LINE('',#460,#10042);
#10040=LINE('',#462,#10043);
#10041=VECTOR('',#10044,1.0);
#10042=VECTOR('',#10045,1.0);
#10043=VECTOR('',#10046,1.0);
#10044=DIRECTION('',(0.9996995011408664,0.02451341303659767,0));
#10045=DIRECTION('',(-1,0,0));
#10046=DIRECTION('',(0.30903655969634947,-0.951050158914368,0));
#10047=FACE_SURFACE('',(#10052),#10048,.T.);
#10048=PLANE('',#10049);
#10049=AXIS2_PLACEMENT_3D('',#462,#10050,#10051);
#10050=DIRECTION('',(-0.9510501589143681,-0.3090365596963495,-0));
#10051=DIRECTION('',(0,0,-1));
#10052=FACE_BOUND('',#10053,.T.);
#10053=EDGE_LOOP('',(#10054,#10055,#10056));
#10054=ORIENTED_EDGE('',*,*,#10057,.T.);
#10055=ORIENTED_EDGE('',*,*,#10058,.T.);
#10056=ORIENTED_EDGE('',*,*,#10059,.T.);
#10057=EDGE_CURVE('',#463,#465,#10060,.F.);
#10058=EDGE_CURVE('',#465,#475,#10061,.T.);
#10059=EDGE_CURVE('',#475,#463,#10062,.T.);
#10060=LINE('',#462,#10063);
#10061=LINE('',#464,#10064);
#10062=LINE('',#474,#10065);
#10063=VECTOR('',#10066,1.0);
#10064=VECTOR('',#10067,1.0);
#10065=VECTOR('',#10068,1.0);
#10066=DIRECTION('',(0,0,-1));
#10067=DIRECTION('',(0.30903655969634947,-0.951050158914368,0));
#10068=DIRECTION('',(-0.020627722037433783,0.0634811568605957,0.9977698330813508));
#10069=FACE_SURFACE('',(#10074),#10070,.T.);
#10070=PLANE('',#10071);
#10071=AXIS2_PLACEMENT_3D('',#462,#10072,#10073);
#10072=DIRECTION('',(-0.9510501589143681,-0.3090365596963495,0));
#10073=DIRECTION('',(0.020627722037433783,-0.0634811568605957,-0.9977698330813508));
#10074=FACE_BOUND('',#10075,.T.);
#10075=EDGE_LOOP('',(#10076,#10077,#10078));
#10076=ORIENTED_EDGE('',*,*,#10079,.T.);
#10077=ORIENTED_EDGE('',*,*,#10080,.T.);
#10078=ORIENTED_EDGE('',*,*,#10081,.T.);
#10079=EDGE_CURVE('',#463,#475,#10082,.F.);
#10080=EDGE_CURVE('',#475,#469,#10083,.T.);
#10081=EDGE_CURVE('',#469,#463,#10084,.T.);
#10082=LINE('',#462,#10085);
#10083=LINE('',#474,#10086);
#10084=LINE('',#468,#10087);
#10085=VECTOR('',#10088,1.0);
#10086=VECTOR('',#10089,1.0);
#10087=VECTOR('',#10090,1.0);
#10088=DIRECTION('',(0.020627722037433783,-0.0634811568605957,-0.9977698330813508));
#10089=DIRECTION('',(0,0,1));
#10090=DIRECTION('',(-0.30903655969634947,0.951050158914368,0));
#10091=FACE_SURFACE('',(#10096),#10092,.T.);
#10092=PLANE('',#10093);
#10093=AXIS2_PLACEMENT_3D('',#466,#10094,#10095);
#10094=DIRECTION('',(-0,0,-1));
#10095=DIRECTION('',(-0.9996995011408664,-0.02451341303659767,0));
#10096=FACE_BOUND('',#10097,.T.);
#10097=EDGE_LOOP('',(#10098,#10099,#10100));
#10098=ORIENTED_EDGE('',*,*,#10101,.T.);
#10099=ORIENTED_EDGE('',*,*,#10102,.T.);
#10100=ORIENTED_EDGE('',*,*,#10103,.T.);
#10101=EDGE_CURVE('',#467,#475,#10104,.F.);
#10102=EDGE_CURVE('',#475,#465,#10105,.T.);
#10103=EDGE_CURVE('',#465,#467,#10106,.T.);
#10104=LINE('',#466,#10107);
#10105=LINE('',#474,#10108);
#10106=LINE('',#464,#10109);
#10107=VECTOR('',#10110,1.0);
#10108=VECTOR('',#10111,1.0);
#10109=VECTOR('',#10112,1.0);
#10110=DIRECTION('',(-0.9996995011408664,-0.02451341303659767,0));
#10111=DIRECTION('',(-0.30903655969634947,0.951050158914368,0));
#10112=DIRECTION('',(1,0,0));
#10113=FACE_SURFACE('',(#10118),#10114,.T.);
#10114=PLANE('',#10115);
#10115=AXIS2_PLACEMENT_3D('',#466,#10116,#10117);
#10116=DIRECTION('',(0.9510501589143681,-0.3090365596963495,0));
#10117=DIRECTION('',(-0.020627722037433783,-0.0634811568605957,0.9977698330813508));
#10118=FACE_BOUND('',#10119,.T.);
#10119=EDGE_LOOP('',(#10120,#10121,#10122));
#10120=ORIENTED_EDGE('',*,*,#10123,.T.);
#10121=ORIENTED_EDGE('',*,*,#10124,.T.);
#10122=ORIENTED_EDGE('',*,*,#10125,.T.);
#10123=EDGE_CURVE('',#467,#471,#10126,.F.);
#10124=EDGE_CURVE('',#471,#473,#10127,.T.);
#10125=EDGE_CURVE('',#473,#467,#10128,.T.);
#10126=LINE('',#466,#10129);
#10127=LINE('',#470,#10130);
#10128=LINE('',#472,#10131);
#10129=VECTOR('',#10132,1.0);
#10130=VECTOR('',#10133,1.0);
#10131=VECTOR('',#10134,1.0);
#10132=DIRECTION('',(-0.020627722037433783,-0.0634811568605957,0.9977698330813508));
#10133=DIRECTION('',(0,0,-1));
#10134=DIRECTION('',(0.30903655969634947,0.951050158914368,0));
#10135=FACE_SURFACE('',(#10140),#10136,.T.);
#10136=PLANE('',#10137);
#10137=AXIS2_PLACEMENT_3D('',#472,#10138,#10139);
#10138=DIRECTION('',(0,0,-1));
#10139=DIRECTION('',(-1,0,0));
#10140=FACE_BOUND('',#10141,.T.);
#10141=EDGE_LOOP('',(#10142,#10143,#10144));
#10142=ORIENTED_EDGE('',*,*,#10145,.T.);
#10143=ORIENTED_EDGE('',*,*,#10146,.T.);
#10144=ORIENTED_EDGE('',*,*,#10147,.T.);
#10145=EDGE_CURVE('',#473,#475,#10148,.F.);
#10146=EDGE_CURVE('',#475,#467,#10149,.T.);
#10147=EDGE_CURVE('',#467,#473,#10150,.T.);
#10148=LINE('',#472,#10151);
#10149=LINE('',#474,#10152);
#10150=LINE('',#466,#10153);
#10151=VECTOR('',#10154,1.0);
#10152=VECTOR('',#10155,1.0);
#10153=VECTOR('',#10156,1.0);
#10154=DIRECTION('',(-1,0,0));
#10155=DIRECTION('',(0.9996995011408664,0.02451341303659767,0));
#10156=DIRECTION('',(-0.30903655969634947,-0.951050158914368,0));
ENDSEC;
END-ISO-10303-21;
