ISO-10303-21;
HEADER;
FILE_DESCRIPTION((''),'2;1');
FILE_NAME('MeshBody1 (8)', '2026-08-24T02:49:05', (''), (''), 'ImageToStl.com STEP Converter','', '');
FILE_SCHEMA(('AUTOMOTIVE_DESIGN_CC2'));
ENDSEC;
DATA;
#1=PRODUCT_DEFINITION_CONTEXT('',#4,'design');
#2=APPLICATION_PROTOCOL_DEFINITION('INTERNATIONAL STANDARD','automotive_design',1994,#4);
#3=(GEOMETRIC_REPRESENTATION_CONTEXT(3)GLOBAL_UNCERTAINTY_ASSIGNED_CONTEXT((#5))GLOBAL_UNIT_ASSIGNED_CONTEXT((#6,#7,#8))REPRESENTATION_CONTEXT('NONE','WORKSPACE'));
#4=APPLICATION_CONTEXT(' ');
#5=UNCERTAINTY_MEASURE_WITH_UNIT(LENGTH_MEASURE(1.0E-006),#6,'','');
#6=(CONVERSION_BASED_UNIT('METRE',#10)LENGTH_UNIT()NAMED_UNIT(#11));
#7=(NAMED_UNIT(#12)PLANE_ANGLE_UNIT()SI_UNIT($,.RADIAN.));
#8=(NAMED_UNIT(#12)SOLID_ANGLE_UNIT()SI_UNIT($,.STERADIAN.));
#9=AXIS2_PLACEMENT_3D('',#14,#15,#16);
#10=LENGTH_MEASURE_WITH_UNIT(LENGTH_MEASURE(1.0),#17);
#11=DIMENSIONAL_EXPONENTS(1.0,0.0,0.0,0.0,0.0,0.0,0.0);
#12=DIMENSIONAL_EXPONENTS(0.0,0.0,0.0,0.0,0.0,0.0,0.0);
#13=PRODUCT_CONTEXT('',#4,'mechanical');
#14=CARTESIAN_POINT('',(0.0,0.0,0.0));
#15=DIRECTION('',(0.0,0.0,1.0));
#16=DIRECTION('',(1.0,0.0,0.0));
#17=(NAMED_UNIT(#11)LENGTH_UNIT()SI_UNIT(.MILLI.,.METRE.));
#18=PRESENTATION_STYLE_ASSIGNMENT((#19));
#19=SURFACE_STYLE_USAGE(.BOTH.,#20);
#20=SURFACE_SIDE_STYLE('',(#21));
#21=SURFACE_STYLE_FILL_AREA(#22);
#22=FILL_AREA_STYLE('',(#23));
#23=FILL_AREA_STYLE_COLOUR('',#24);
#24=COLOUR_RGB('',0.62745,0.62745,0.62745);
#25=PRESENTATION_STYLE_ASSIGNMENT((#26));
#26=SURFACE_STYLE_USAGE(.BOTH.,#27);
#27=SURFACE_SIDE_STYLE('',(#28));
#28=SURFACE_STYLE_FILL_AREA(#29);
#29=FILL_AREA_STYLE('',(#30));
#30=FILL_AREA_STYLE_COLOUR('',#31);
#31=COLOUR_RGB('',0.59608,0.59608,0.59608);
#32=SHAPE_DEFINITION_REPRESENTATION(#33,#34);
#33=PRODUCT_DEFINITION_SHAPE('productshape0','',#37);
#34=MANIFOLD_SURFACE_SHAPE_REPRESENTATION('',(#35,#9),#3);
#35=SHELL_BASED_SURFACE_MODEL('shell0',(#39));
#36=PRODUCT('product0','','',(#13));
#37=PRODUCT_DEFINITION('mesh0','',#38,#2);
#38=PRODUCT_DEFINITION_FORMATION_WITH_SPECIFIED_SOURCE('prodsource0','',#36,.NOT_KNOWN.);
#39=CLOSED_SHELL('',(#281,#303,#325,#347,#369,#391,#413,#435,#457,#479,#501,#523,#545,#567,#589,#611,#633,#655,#677,#699,#721,#743,#765,#787,#809,#831,#853,#875,#897,#919,#941,#963,#985,#1007,#1029,#1051,#1073,#1095,#1117,#1139,#1161,#1183,#1205,#1227,#1249,#1271,#1293,#1315,#1337,#1359,#1381,#1403,#1425,#1447,#1469,#1491,#1513,#1535,#1557,#1579,#1601,#1623,#1645,#1667,#1689,#1711,#1733,#1755,#1777,#1799,#1821,#1843,#1865,#1887,#1909,#1931,#1953,#1975,#1997,#2019,#2041,#2063,#2085,#2107,#2129,#2151,#2173,#2195,#2217,#2239,#2261,#2283,#2305,#2327,#2349,#2371,#2393,#2415,#2437,#2459,#2481,#2503,#2525,#2547,#2569,#2591,#2613,#2635,#2657,#2679,#2701,#2723,#2745,#2767,#2789,#2811,#2833,#2855,#2877,#2899,#2921,#2943,#2965,#2987,#3009,#3031,#3053,#3075,#3097,#3119,#3141,#3163,#3185,#3207,#3229,#3251,#3273,#3295,#3317,#3339,#3361,#3383,#3405,#3427,#3449,#3471,#3493,#3515,#3537,#3559,#3581,#3603,#3625,#3647,#3669,#3691,#3713,#3735,#3757,#3779,#3801,#3823,#3845,#3867,#3889,#3911,#3933,#3955,#3977,#3999,#4021,#4043,#4065,#4087,#4109,#4131,#4153,#4175,#4197,#4219,#4241,#4263,#4285,#4307,#4329,#4351,#4373,#4395,#4417,#4439,#4461,#4483,#4505,#4527,#4549,#4571,#4593,#4615,#4637,#4659,#4681,#4703,#4725,#4747,#4769,#4791,#4813,#4835,#4857,#4879,#4901,#4923,#4945,#4967,#4989,#5011,#5033,#5055,#5077,#5099,#5121,#5143,#5165,#5187,#5209,#5231,#5253,#5275,#5297,#5319,#5341,#5363,#5385,#5407,#5429,#5451));
#40=CARTESIAN_POINT('',(4383.365234375,-1892.648193359375,0));
#41=VERTEX_POINT('',#40);
#42=CARTESIAN_POINT('',(4393.47216796875,-1893.4056396484375,0));
#43=VERTEX_POINT('',#42);
#44=CARTESIAN_POINT('',(4388.39013671875,-1893.4056396484375,0));
#45=VERTEX_POINT('',#44);
#46=CARTESIAN_POINT('',(4398.49658203125,-1892.648193359375,0));
#47=VERTEX_POINT('',#46);
#48=CARTESIAN_POINT('',(4393.47216796875,-1893.4056396484375,270));
#49=VERTEX_POINT('',#48);
#50=CARTESIAN_POINT('',(4388.39013671875,-1893.4056396484375,270));
#51=VERTEX_POINT('',#50);
#52=CARTESIAN_POINT('',(4378.509765625,-1891.150390625,0));
#53=VERTEX_POINT('',#52);
#54=CARTESIAN_POINT('',(4383.365234375,-1892.648193359375,270));
#55=VERTEX_POINT('',#54);
#56=CARTESIAN_POINT('',(4398.49658203125,-1892.648193359375,270));
#57=VERTEX_POINT('',#56);
#58=CARTESIAN_POINT('',(4403.3525390625,-1891.150390625,0));
#59=VERTEX_POINT('',#58);
#60=CARTESIAN_POINT('',(4403.3525390625,-1891.150390625,270));
#61=VERTEX_POINT('',#60);
#62=CARTESIAN_POINT('',(4390.93115234375,-1883.500732421875,280));
#63=VERTEX_POINT('',#62);
#64=CARTESIAN_POINT('',(4395.0986328125,-1883.135986328125,280));
#65=VERTEX_POINT('',#64);
#66=CARTESIAN_POINT('',(4386.76318359375,-1883.135986328125,280));
#67=VERTEX_POINT('',#66);
#68=CARTESIAN_POINT('',(4373.93115234375,-1888.9454345703125,0));
#69=VERTEX_POINT('',#68);
#70=CARTESIAN_POINT('',(4378.509765625,-1891.150390625,270));
#71=VERTEX_POINT('',#70);
#72=CARTESIAN_POINT('',(4382.72265625,-1882.05322265625,280));
#73=VERTEX_POINT('',#72);
#74=CARTESIAN_POINT('',(4399.1396484375,-1882.05322265625,280));
#75=VERTEX_POINT('',#74);
#76=CARTESIAN_POINT('',(4407.9306640625,-1888.9454345703125,0));
#77=VERTEX_POINT('',#76);
#78=CARTESIAN_POINT('',(4407.9306640625,-1888.9454345703125,270));
#79=VERTEX_POINT('',#78);
#80=CARTESIAN_POINT('',(4402.9306640625,-1880.28515625,280));
#81=VERTEX_POINT('',#80);
#82=CARTESIAN_POINT('',(4369.732421875,-1886.0828857421875,0));
#83=VERTEX_POINT('',#82);
#84=CARTESIAN_POINT('',(4373.93115234375,-1888.9454345703125,270));
#85=VERTEX_POINT('',#84);
#86=CARTESIAN_POINT('',(4378.93115234375,-1880.28515625,280));
#87=VERTEX_POINT('',#86);
#88=CARTESIAN_POINT('',(4412.12939453125,-1886.0828857421875,0));
#89=VERTEX_POINT('',#88);
#90=CARTESIAN_POINT('',(4412.12939453125,-1886.0828857421875,270));
#91=VERTEX_POINT('',#90);
#92=CARTESIAN_POINT('',(4406.35791015625,-1877.8857421875,280));
#93=VERTEX_POINT('',#92);
#94=CARTESIAN_POINT('',(4375.50390625,-1877.8857421875,280));
#95=VERTEX_POINT('',#94);
#96=CARTESIAN_POINT('',(4366.00732421875,-1882.62646484375,0));
#97=VERTEX_POINT('',#96);
#98=CARTESIAN_POINT('',(4369.732421875,-1886.0828857421875,270));
#99=VERTEX_POINT('',#98);
#100=CARTESIAN_POINT('',(4415.85498046875,-1882.62646484375,0));
#101=VERTEX_POINT('',#100);
#102=CARTESIAN_POINT('',(4415.85498046875,-1882.62646484375,270));
#103=VERTEX_POINT('',#102);
#104=CARTESIAN_POINT('',(4409.31591796875,-1874.927490234375,280));
#105=VERTEX_POINT('',#104);
#106=CARTESIAN_POINT('',(4372.5458984375,-1874.927490234375,280));
#107=VERTEX_POINT('',#106);
#108=CARTESIAN_POINT('',(4366.00732421875,-1882.62646484375,270));
#109=VERTEX_POINT('',#108);
#110=CARTESIAN_POINT('',(4362.8388671875,-1878.653564453125,0));
#111=VERTEX_POINT('',#110);
#112=CARTESIAN_POINT('',(4419.02294921875,-1878.653564453125,0));
#113=VERTEX_POINT('',#112);
#114=CARTESIAN_POINT('',(4419.02294921875,-1878.653564453125,270));
#115=VERTEX_POINT('',#114);
#116=CARTESIAN_POINT('',(4411.7158203125,-1871.500732421875,280));
#117=VERTEX_POINT('',#116);
#118=CARTESIAN_POINT('',(4370.146484375,-1871.500732421875,280));
#119=VERTEX_POINT('',#118);
#120=CARTESIAN_POINT('',(4362.8388671875,-1878.653564453125,270));
#121=VERTEX_POINT('',#120);
#122=CARTESIAN_POINT('',(4360.29833984375,-1874.252685546875,0));
#123=VERTEX_POINT('',#122);
#124=CARTESIAN_POINT('',(4421.56396484375,-1874.252685546875,0));
#125=VERTEX_POINT('',#124);
#126=CARTESIAN_POINT('',(4421.56396484375,-1874.252685546875,270));
#127=VERTEX_POINT('',#126);
#128=CARTESIAN_POINT('',(4413.4833984375,-1867.709228515625,280));
#129=VERTEX_POINT('',#128);
#130=CARTESIAN_POINT('',(4368.37841796875,-1867.709228515625,280));
#131=VERTEX_POINT('',#130);
#132=CARTESIAN_POINT('',(4360.29833984375,-1874.252685546875,270));
#133=VERTEX_POINT('',#132);
#134=CARTESIAN_POINT('',(4358.44140625,-1869.5224609375,0));
#135=VERTEX_POINT('',#134);
#136=CARTESIAN_POINT('',(4423.42041015625,-1869.5224609375,0));
#137=VERTEX_POINT('',#136);
#138=CARTESIAN_POINT('',(4423.42041015625,-1869.5224609375,270));
#139=VERTEX_POINT('',#138);
#140=CARTESIAN_POINT('',(4414.56640625,-1863.668212890625,280));
#141=VERTEX_POINT('',#140);
#142=CARTESIAN_POINT('',(4367.29541015625,-1863.668212890625,280));
#143=VERTEX_POINT('',#142);
#144=CARTESIAN_POINT('',(4358.44140625,-1869.5224609375,270));
#145=VERTEX_POINT('',#144);
#146=CARTESIAN_POINT('',(4357.310546875,-1864.5679931640625,0));
#147=VERTEX_POINT('',#146);
#148=CARTESIAN_POINT('',(4424.55126953125,-1864.5679931640625,0));
#149=VERTEX_POINT('',#148);
#150=CARTESIAN_POINT('',(4424.55126953125,-1864.5679931640625,270));
#151=VERTEX_POINT('',#150);
#152=CARTESIAN_POINT('',(4414.93115234375,-1859.5006103515625,280));
#153=VERTEX_POINT('',#152);
#154=CARTESIAN_POINT('',(4366.93115234375,-1859.5006103515625,280));
#155=VERTEX_POINT('',#154);
#156=CARTESIAN_POINT('',(4357.310546875,-1864.5679931640625,270));
#157=VERTEX_POINT('',#156);
#158=CARTESIAN_POINT('',(4356.93115234375,-1859.5006103515625,0));
#159=VERTEX_POINT('',#158);
#160=CARTESIAN_POINT('',(4424.93115234375,-1859.5006103515625,0));
#161=VERTEX_POINT('',#160);
#162=CARTESIAN_POINT('',(4424.93115234375,-1859.5006103515625,270));
#163=VERTEX_POINT('',#162);
#164=CARTESIAN_POINT('',(4414.56640625,-1855.3331298828125,280));
#165=VERTEX_POINT('',#164);
#166=CARTESIAN_POINT('',(4367.29541015625,-1855.3331298828125,280));
#167=VERTEX_POINT('',#166);
#168=CARTESIAN_POINT('',(4424.55126953125,-1854.433349609375,270));
#169=VERTEX_POINT('',#168);
#170=CARTESIAN_POINT('',(4356.93115234375,-1859.5006103515625,270));
#171=VERTEX_POINT('',#170);
#172=CARTESIAN_POINT('',(4357.310546875,-1854.433349609375,270));
#173=VERTEX_POINT('',#172);
#174=CARTESIAN_POINT('',(4357.310546875,-1854.433349609375,0));
#175=VERTEX_POINT('',#174);
#176=CARTESIAN_POINT('',(4424.55126953125,-1854.433349609375,0));
#177=VERTEX_POINT('',#176);
#178=CARTESIAN_POINT('',(4368.37841796875,-1851.2921142578125,280));
#179=VERTEX_POINT('',#178);
#180=CARTESIAN_POINT('',(4423.42041015625,-1849.4788818359375,270));
#181=VERTEX_POINT('',#180);
#182=CARTESIAN_POINT('',(4413.4833984375,-1851.2921142578125,280));
#183=VERTEX_POINT('',#182);
#184=CARTESIAN_POINT('',(4358.44140625,-1849.4788818359375,270));
#185=VERTEX_POINT('',#184);
#186=CARTESIAN_POINT('',(4358.44140625,-1849.4788818359375,0));
#187=VERTEX_POINT('',#186);
#188=CARTESIAN_POINT('',(4423.42041015625,-1849.4788818359375,0));
#189=VERTEX_POINT('',#188);
#190=CARTESIAN_POINT('',(4360.29833984375,-1844.74853515625,270));
#191=VERTEX_POINT('',#190);
#192=CARTESIAN_POINT('',(4370.146484375,-1847.5006103515625,280));
#193=VERTEX_POINT('',#192);
#194=CARTESIAN_POINT('',(4421.56396484375,-1844.74853515625,270));
#195=VERTEX_POINT('',#194);
#196=CARTESIAN_POINT('',(4411.7158203125,-1847.5006103515625,280));
#197=VERTEX_POINT('',#196);
#198=CARTESIAN_POINT('',(4360.29833984375,-1844.74853515625,0));
#199=VERTEX_POINT('',#198);
#200=CARTESIAN_POINT('',(4421.56396484375,-1844.74853515625,0));
#201=VERTEX_POINT('',#200);
#202=CARTESIAN_POINT('',(4362.8388671875,-1840.3477783203125,270));
#203=VERTEX_POINT('',#202);
#204=CARTESIAN_POINT('',(4362.8388671875,-1840.3477783203125,0));
#205=VERTEX_POINT('',#204);
#206=CARTESIAN_POINT('',(4372.5458984375,-1844.07373046875,280));
#207=VERTEX_POINT('',#206);
#208=CARTESIAN_POINT('',(4419.02294921875,-1840.3477783203125,270));
#209=VERTEX_POINT('',#208);
#210=CARTESIAN_POINT('',(4409.31591796875,-1844.07373046875,280));
#211=VERTEX_POINT('',#210);
#212=CARTESIAN_POINT('',(4419.02294921875,-1840.3477783203125,0));
#213=VERTEX_POINT('',#212);
#214=CARTESIAN_POINT('',(4366.00732421875,-1836.374755859375,270));
#215=VERTEX_POINT('',#214);
#216=CARTESIAN_POINT('',(4366.00732421875,-1836.374755859375,0));
#217=VERTEX_POINT('',#216);
#218=CARTESIAN_POINT('',(4375.50390625,-1841.1156005859375,280));
#219=VERTEX_POINT('',#218);
#220=CARTESIAN_POINT('',(4415.85498046875,-1836.374755859375,270));
#221=VERTEX_POINT('',#220);
#222=CARTESIAN_POINT('',(4406.35791015625,-1841.1156005859375,280));
#223=VERTEX_POINT('',#222);
#224=CARTESIAN_POINT('',(4415.85498046875,-1836.374755859375,0));
#225=VERTEX_POINT('',#224);
#226=CARTESIAN_POINT('',(4369.732421875,-1832.91845703125,270));
#227=VERTEX_POINT('',#226);
#228=CARTESIAN_POINT('',(4369.732421875,-1832.91845703125,0));
#229=VERTEX_POINT('',#228);
#230=CARTESIAN_POINT('',(4378.93115234375,-1838.7159423828125,280));
#231=VERTEX_POINT('',#230);
#232=CARTESIAN_POINT('',(4412.12939453125,-1832.91845703125,270));
#233=VERTEX_POINT('',#232);
#234=CARTESIAN_POINT('',(4402.9306640625,-1838.7159423828125,280));
#235=VERTEX_POINT('',#234);
#236=CARTESIAN_POINT('',(4412.12939453125,-1832.91845703125,0));
#237=VERTEX_POINT('',#236);
#238=CARTESIAN_POINT('',(4373.93115234375,-1830.055908203125,0));
#239=VERTEX_POINT('',#238);
#240=CARTESIAN_POINT('',(4373.93115234375,-1830.055908203125,270));
#241=VERTEX_POINT('',#240);
#242=CARTESIAN_POINT('',(4378.509765625,-1827.8509521484375,270));
#243=VERTEX_POINT('',#242);
#244=CARTESIAN_POINT('',(4382.72265625,-1836.9481201171875,280));
#245=VERTEX_POINT('',#244);
#246=CARTESIAN_POINT('',(4407.9306640625,-1830.055908203125,270));
#247=VERTEX_POINT('',#246);
#248=CARTESIAN_POINT('',(4403.3525390625,-1827.8509521484375,270));
#249=VERTEX_POINT('',#248);
#250=CARTESIAN_POINT('',(4399.1396484375,-1836.9481201171875,280));
#251=VERTEX_POINT('',#250);
#252=CARTESIAN_POINT('',(4407.9306640625,-1830.055908203125,0));
#253=VERTEX_POINT('',#252);
#254=CARTESIAN_POINT('',(4378.509765625,-1827.8509521484375,0));
#255=VERTEX_POINT('',#254);
#256=CARTESIAN_POINT('',(4383.365234375,-1826.3531494140625,270));
#257=VERTEX_POINT('',#256);
#258=CARTESIAN_POINT('',(4383.365234375,-1826.3531494140625,0));
#259=VERTEX_POINT('',#258);
#260=CARTESIAN_POINT('',(4386.76318359375,-1835.8653564453125,280));
#261=VERTEX_POINT('',#260);
#262=CARTESIAN_POINT('',(4398.49658203125,-1826.3531494140625,270));
#263=VERTEX_POINT('',#262);
#264=CARTESIAN_POINT('',(4403.3525390625,-1827.8509521484375,0));
#265=VERTEX_POINT('',#264);
#266=CARTESIAN_POINT('',(4395.0986328125,-1835.8653564453125,280));
#267=VERTEX_POINT('',#266);
#268=CARTESIAN_POINT('',(4388.39013671875,-1825.595703125,270));
#269=VERTEX_POINT('',#268);
#270=CARTESIAN_POINT('',(4388.39013671875,-1825.595703125,0));
#271=VERTEX_POINT('',#270);
#272=CARTESIAN_POINT('',(4398.49658203125,-1826.3531494140625,0));
#273=VERTEX_POINT('',#272);
#274=CARTESIAN_POINT('',(4390.93115234375,-1835.5006103515625,280));
#275=VERTEX_POINT('',#274);
#276=CARTESIAN_POINT('',(4393.47216796875,-1825.595703125,270));
#277=VERTEX_POINT('',#276);
#278=CARTESIAN_POINT('',(4393.47216796875,-1825.595703125,0));
#279=VERTEX_POINT('',#278);
#280=STYLED_ITEM('',(#25),#281);
#281=FACE_SURFACE('',(#286),#282,.T.);
#282=PLANE('',#283);
#283=AXIS2_PLACEMENT_3D('',#40,#284,#285);
#284=DIRECTION('',(0,0,-1));
#285=DIRECTION('',(0.9972035300982854,-0.074733657474514,0));
#286=FACE_BOUND('',#287,.T.);
#287=EDGE_LOOP('',(#288,#289,#290));
#288=ORIENTED_EDGE('',*,*,#291,.T.);
#289=ORIENTED_EDGE('',*,*,#292,.T.);
#290=ORIENTED_EDGE('',*,*,#293,.T.);
#291=EDGE_CURVE('',#41,#43,#294,.F.);
#292=EDGE_CURVE('',#43,#45,#295,.T.);
#293=EDGE_CURVE('',#45,#41,#296,.T.);
#294=LINE('',#40,#297);
#295=LINE('',#42,#298);
#296=LINE('',#44,#299);
#297=VECTOR('',#300,1.0);
#298=VECTOR('',#301,1.0);
#299=VECTOR('',#302,1.0);
#300=DIRECTION('',(0.9972035300982854,-0.074733657474514,0));
#301=DIRECTION('',(-1,0,0));
#302=DIRECTION('',(-0.9888289664535426,0.14905460443213078,0));
#303=FACE_SURFACE('',(#308),#304,.T.);
#304=PLANE('',#305);
#305=AXIS2_PLACEMENT_3D('',#40,#306,#307);
#306=DIRECTION('',(0,0,-1));
#307=DIRECTION('',(1,0,0));
#308=FACE_BOUND('',#309,.T.);
#309=EDGE_LOOP('',(#310,#311,#312));
#310=ORIENTED_EDGE('',*,*,#313,.T.);
#311=ORIENTED_EDGE('',*,*,#314,.T.);
#312=ORIENTED_EDGE('',*,*,#315,.T.);
#313=EDGE_CURVE('',#41,#47,#316,.F.);
#314=EDGE_CURVE('',#47,#43,#317,.T.);
#315=EDGE_CURVE('',#43,#41,#318,.T.);
#316=LINE('',#40,#319);
#317=LINE('',#46,#320);
#318=LINE('',#42,#321);
#319=VECTOR('',#322,1.0);
#320=VECTOR('',#323,1.0);
#321=VECTOR('',#324,1.0);
#322=DIRECTION('',(1,0,0));
#323=DIRECTION('',(-0.9888268313630161,-0.149068767944789,0));
#324=DIRECTION('',(-0.9972035300982854,0.074733657474514,0));
#325=FACE_SURFACE('',(#330),#326,.T.);
#326=PLANE('',#327);
#327=AXIS2_PLACEMENT_3D('',#42,#328,#329);
#328=DIRECTION('',(0,-1,0));
#329=DIRECTION('',(0,0,1));
#330=FACE_BOUND('',#331,.T.);
#331=EDGE_LOOP('',(#332,#333,#334));
#332=ORIENTED_EDGE('',*,*,#335,.T.);
#333=ORIENTED_EDGE('',*,*,#336,.T.);
#334=ORIENTED_EDGE('',*,*,#337,.T.);
#335=EDGE_CURVE('',#43,#49,#338,.F.);
#336=EDGE_CURVE('',#49,#45,#339,.T.);
#337=EDGE_CURVE('',#45,#43,#340,.T.);
#338=LINE('',#42,#341);
#339=LINE('',#48,#342);
#340=LINE('',#44,#343);
#341=VECTOR('',#344,1.0);
#342=VECTOR('',#345,1.0);
#343=VECTOR('',#346,1.0);
#344=DIRECTION('',(0,0,1));
#345=DIRECTION('',(-0.018819004655859485,0,-0.9998229068508897));
#346=DIRECTION('',(1,0,0));
#347=FACE_SURFACE('',(#352),#348,.T.);
#348=PLANE('',#349);
#349=AXIS2_PLACEMENT_3D('',#44,#350,#351);
#350=DIRECTION('',(-0.14905460443213076,-0.9888289664535423,0));
#351=DIRECTION('',(0,0,1));
#352=FACE_BOUND('',#353,.T.);
#353=EDGE_LOOP('',(#354,#355,#356));
#354=ORIENTED_EDGE('',*,*,#357,.T.);
#355=ORIENTED_EDGE('',*,*,#358,.T.);
#356=ORIENTED_EDGE('',*,*,#359,.T.);
#357=EDGE_CURVE('',#45,#51,#360,.F.);
#358=EDGE_CURVE('',#51,#41,#361,.T.);
#359=EDGE_CURVE('',#41,#45,#362,.T.);
#360=LINE('',#44,#363);
#361=LINE('',#50,#364);
#362=LINE('',#40,#365);
#363=VECTOR('',#366,1.0);
#364=VECTOR('',#367,1.0);
#365=VECTOR('',#368,1.0);
#366=DIRECTION('',(0,0,1));
#367=DIRECTION('',(-0.01860745405369085,0.0028048598873567127,-0.9998229320307932));
#368=DIRECTION('',(0.9888289664535426,-0.14905460443213078,0));
#369=FACE_SURFACE('',(#374),#370,.T.);
#370=PLANE('',#371);
#371=AXIS2_PLACEMENT_3D('',#52,#372,#373);
#372=DIRECTION('',(0,0,-1));
#373=DIRECTION('',(0.9972038049602974,-0.07472998978124526,0));
#374=FACE_BOUND('',#375,.T.);
#375=EDGE_LOOP('',(#376,#377,#378));
#376=ORIENTED_EDGE('',*,*,#379,.T.);
#377=ORIENTED_EDGE('',*,*,#380,.T.);
#378=ORIENTED_EDGE('',*,*,#381,.T.);
#379=EDGE_CURVE('',#53,#47,#382,.F.);
#380=EDGE_CURVE('',#47,#41,#383,.T.);
#381=EDGE_CURVE('',#41,#53,#384,.T.);
#382=LINE('',#52,#385);
#383=LINE('',#46,#386);
#384=LINE('',#40,#387);
#385=VECTOR('',#388,1.0);
#386=VECTOR('',#389,1.0);
#387=VECTOR('',#390,1.0);
#388=DIRECTION('',(0.9972038049602974,-0.07472998978124526,0));
#389=DIRECTION('',(-1,0,0));
#390=DIRECTION('',(-0.9555678735850553,0.294771163739155,0));
#391=FACE_SURFACE('',(#396),#392,.T.);
#392=PLANE('',#393);
#393=AXIS2_PLACEMENT_3D('',#40,#394,#395);
#394=DIRECTION('',(-0.294771163739155,-0.9555678735850553,0));
#395=DIRECTION('',(0,0,1));
#396=FACE_BOUND('',#397,.T.);
#397=EDGE_LOOP('',(#398,#399,#400));
#398=ORIENTED_EDGE('',*,*,#401,.T.);
#399=ORIENTED_EDGE('',*,*,#402,.T.);
#400=ORIENTED_EDGE('',*,*,#403,.T.);
#401=EDGE_CURVE('',#41,#55,#404,.F.);
#402=EDGE_CURVE('',#55,#53,#405,.T.);
#403=EDGE_CURVE('',#53,#41,#406,.T.);
#404=LINE('',#40,#407);
#405=LINE('',#54,#408);
#406=LINE('',#52,#409);
#407=VECTOR('',#410,1.0);
#408=VECTOR('',#411,1.0);
#409=VECTOR('',#412,1.0);
#410=DIRECTION('',(0,0,1));
#411=DIRECTION('',(-0.017980033880554667,0.005546435431275286,-0.9998229620466119));
#412=DIRECTION('',(0.9555678735850553,-0.294771163739155,0));
#413=FACE_SURFACE('',(#418),#414,.T.);
#414=PLANE('',#415);
#415=AXIS2_PLACEMENT_3D('',#40,#416,#417);
#416=DIRECTION('',(-0.14905460443213076,-0.9888289664535423,0));
#417=DIRECTION('',(0.01860745405369085,-0.0028048598873567127,0.9998229320307932));
#418=FACE_BOUND('',#419,.T.);
#419=EDGE_LOOP('',(#420,#421,#422));
#420=ORIENTED_EDGE('',*,*,#423,.T.);
#421=ORIENTED_EDGE('',*,*,#424,.T.);
#422=ORIENTED_EDGE('',*,*,#425,.T.);
#423=EDGE_CURVE('',#41,#51,#426,.F.);
#424=EDGE_CURVE('',#51,#55,#427,.T.);
#425=EDGE_CURVE('',#55,#41,#428,.T.);
#426=LINE('',#40,#429);
#427=LINE('',#50,#430);
#428=LINE('',#54,#431);
#429=VECTOR('',#432,1.0);
#430=VECTOR('',#433,1.0);
#431=VECTOR('',#434,1.0);
#432=DIRECTION('',(0.01860745405369085,-0.0028048598873567127,0.9998229320307932));
#433=DIRECTION('',(-0.9888289664535426,0.14905460443213078,0));
#434=DIRECTION('',(0,0,-1));
#435=FACE_SURFACE('',(#440),#436,.T.);
#436=PLANE('',#437);
#437=AXIS2_PLACEMENT_3D('',#46,#438,#439);
#438=DIRECTION('',(0.149068767944789,-0.9888268313630162,0));
#439=DIRECTION('',(0,0,1));
#440=FACE_BOUND('',#441,.T.);
#441=EDGE_LOOP('',(#442,#443,#444));
#442=ORIENTED_EDGE('',*,*,#445,.T.);
#443=ORIENTED_EDGE('',*,*,#446,.T.);
#444=ORIENTED_EDGE('',*,*,#447,.T.);
#445=EDGE_CURVE('',#47,#57,#448,.F.);
#446=EDGE_CURVE('',#57,#43,#449,.T.);
#447=EDGE_CURVE('',#43,#47,#450,.T.);
#448=LINE('',#46,#451);
#449=LINE('',#56,#452);
#450=LINE('',#42,#453);
#451=VECTOR('',#454,1.0);
#452=VECTOR('',#455,1.0);
#453=VECTOR('',#456,1.0);
#454=DIRECTION('',(0,0,1));
#455=DIRECTION('',(-0.018605646550785702,-0.0028048599817207306,-0.9998229656678778));
#456=DIRECTION('',(0.9888268313630161,0.149068767944789,0));
#457=FACE_SURFACE('',(#462),#458,.T.);
#458=PLANE('',#459);
#459=AXIS2_PLACEMENT_3D('',#42,#460,#461);
#460=DIRECTION('',(0.149068767944789,-0.9888268313630162,0));
#461=DIRECTION('',(0.018605646550785702,0.0028048599817207306,0.9998229656678778));
#462=FACE_BOUND('',#463,.T.);
#463=EDGE_LOOP('',(#464,#465,#466));
#464=ORIENTED_EDGE('',*,*,#467,.T.);
#465=ORIENTED_EDGE('',*,*,#468,.T.);
#466=ORIENTED_EDGE('',*,*,#469,.T.);
#467=EDGE_CURVE('',#43,#57,#470,.F.);
#468=EDGE_CURVE('',#57,#49,#471,.T.);
#469=EDGE_CURVE('',#49,#43,#472,.T.);
#470=LINE('',#42,#473);
#471=LINE('',#56,#474);
#472=LINE('',#48,#475);
#473=VECTOR('',#476,1.0);
#474=VECTOR('',#477,1.0);
#475=VECTOR('',#478,1.0);
#476=DIRECTION('',(0.018605646550785702,0.0028048599817207306,0.9998229656678778));
#477=DIRECTION('',(-0.9888268313630161,-0.149068767944789,0));
#478=DIRECTION('',(0,0,-1));
#479=FACE_SURFACE('',(#484),#480,.T.);
#480=PLANE('',#481);
#481=AXIS2_PLACEMENT_3D('',#44,#482,#483);
#482=DIRECTION('',(0,-1,0));
#483=DIRECTION('',(0.018819004655859485,0,0.9998229068508897));
#484=FACE_BOUND('',#485,.T.);
#485=EDGE_LOOP('',(#486,#487,#488));
#486=ORIENTED_EDGE('',*,*,#489,.T.);
#487=ORIENTED_EDGE('',*,*,#490,.T.);
#488=ORIENTED_EDGE('',*,*,#491,.T.);
#489=EDGE_CURVE('',#45,#49,#492,.F.);
#490=EDGE_CURVE('',#49,#51,#493,.T.);
#491=EDGE_CURVE('',#51,#45,#494,.T.);
#492=LINE('',#44,#495);
#493=LINE('',#48,#496);
#494=LINE('',#50,#497);
#495=VECTOR('',#498,1.0);
#496=VECTOR('',#499,1.0);
#497=VECTOR('',#500,1.0);
#498=DIRECTION('',(0.018819004655859485,0,0.9998229068508897));
#499=DIRECTION('',(-1,0,0));
#500=DIRECTION('',(0,0,-1));
#501=FACE_SURFACE('',(#506),#502,.T.);
#502=PLANE('',#503);
#503=AXIS2_PLACEMENT_3D('',#52,#504,#505);
#504=DIRECTION('',(0,0,-1));
#505=DIRECTION('',(1,0,0));
#506=FACE_BOUND('',#507,.T.);
#507=EDGE_LOOP('',(#508,#509,#510));
#508=ORIENTED_EDGE('',*,*,#511,.T.);
#509=ORIENTED_EDGE('',*,*,#512,.T.);
#510=ORIENTED_EDGE('',*,*,#513,.T.);
#511=EDGE_CURVE('',#53,#59,#514,.F.);
#512=EDGE_CURVE('',#59,#47,#515,.T.);
#513=EDGE_CURVE('',#47,#53,#516,.T.);
#514=LINE('',#52,#517);
#515=LINE('',#58,#518);
#516=LINE('',#46,#519);
#517=VECTOR('',#520,1.0);
#518=VECTOR('',#521,1.0);
#519=VECTOR('',#522,1.0);
#520=DIRECTION('',(1,0,0));
#521=DIRECTION('',(-0.955576222126373,-0.29474409868000495,0));
#522=DIRECTION('',(-0.9972038049602974,0.07472998978124526,0));
#523=FACE_SURFACE('',(#528),#524,.T.);
#524=PLANE('',#525);
#525=AXIS2_PLACEMENT_3D('',#58,#526,#527);
#526=DIRECTION('',(0.29474409868000495,-0.955576222126373,0));
#527=DIRECTION('',(0,0,1));
#528=FACE_BOUND('',#529,.T.);
#529=EDGE_LOOP('',(#530,#531,#532));
#530=ORIENTED_EDGE('',*,*,#533,.T.);
#531=ORIENTED_EDGE('',*,*,#534,.T.);
#532=ORIENTED_EDGE('',*,*,#535,.T.);
#533=EDGE_CURVE('',#59,#61,#536,.F.);
#534=EDGE_CURVE('',#61,#47,#537,.T.);
#535=EDGE_CURVE('',#47,#59,#538,.T.);
#536=LINE('',#58,#539);
#537=LINE('',#60,#540);
#538=LINE('',#46,#541);
#539=VECTOR('',#542,1.0);
#540=VECTOR('',#543,1.0);
#541=VECTOR('',#544,1.0);
#542=DIRECTION('',(0,0,1));
#543=DIRECTION('',(-0.017981841424841633,-0.005546435250950397,-0.9998229295405157));
#544=DIRECTION('',(0.955576222126373,0.29474409868000495,0));
#545=FACE_SURFACE('',(#550),#546,.T.);
#546=PLANE('',#547);
#547=AXIS2_PLACEMENT_3D('',#46,#548,#549);
#548=DIRECTION('',(0.29474409868000495,-0.955576222126373,0));
#549=DIRECTION('',(0.017981841424841633,0.005546435250950397,0.9998229295405157));
#550=FACE_BOUND('',#551,.T.);
#551=EDGE_LOOP('',(#552,#553,#554));
#552=ORIENTED_EDGE('',*,*,#555,.T.);
#553=ORIENTED_EDGE('',*,*,#556,.T.);
#554=ORIENTED_EDGE('',*,*,#557,.T.);
#555=EDGE_CURVE('',#47,#61,#558,.F.);
#556=EDGE_CURVE('',#61,#57,#559,.T.);
#557=EDGE_CURVE('',#57,#47,#560,.T.);
#558=LINE('',#46,#561);
#559=LINE('',#60,#562);
#560=LINE('',#56,#563);
#561=VECTOR('',#564,1.0);
#562=VECTOR('',#565,1.0);
#563=VECTOR('',#566,1.0);
#564=DIRECTION('',(0.017981841424841633,0.005546435250950397,0.9998229295405157));
#565=DIRECTION('',(-0.955576222126373,-0.29474409868000495,0));
#566=DIRECTION('',(0,0,-1));
#567=FACE_SURFACE('',(#572),#568,.T.);
#568=PLANE('',#569);
#569=AXIS2_PLACEMENT_3D('',#50,#570,#571);
#570=DIRECTION('',(0,-0.7104767724766895,0.7037206518009163));
#571=DIRECTION('',(1,0,0));
#572=FACE_BOUND('',#573,.T.);
#573=EDGE_LOOP('',(#574,#575,#576));
#574=ORIENTED_EDGE('',*,*,#577,.T.);
#575=ORIENTED_EDGE('',*,*,#578,.T.);
#576=ORIENTED_EDGE('',*,*,#579,.T.);
#577=EDGE_CURVE('',#51,#49,#580,.F.);
#578=EDGE_CURVE('',#49,#63,#581,.T.);
#579=EDGE_CURVE('',#63,#51,#582,.T.);
#580=LINE('',#50,#583);
#581=LINE('',#48,#584);
#582=LINE('',#62,#585);
#583=VECTOR('',#586,1.0);
#584=VECTOR('',#587,1.0);
#585=VECTOR('',#588,1.0);
#586=DIRECTION('',(1,0,0));
#587=DIRECTION('',(-0.177661280360745,0.6925256509296315,0.6991742931952455));
#588=DIRECTION('',(-0.177661280360745,-0.6925256509296315,-0.6991742931952455));
#589=FACE_SURFACE('',(#594),#590,.T.);
#590=PLANE('',#591);
#591=AXIS2_PLACEMENT_3D('',#62,#592,#593);
#592=DIRECTION('',(0.06137877423987549,-0.7012956333833164,0.7102232611442006));
#593=DIRECTION('',(0.177661280360745,-0.6925256509296315,-0.6991742931952455));
#594=FACE_BOUND('',#595,.T.);
#595=EDGE_LOOP('',(#596,#597,#598));
#596=ORIENTED_EDGE('',*,*,#599,.T.);
#597=ORIENTED_EDGE('',*,*,#600,.T.);
#598=ORIENTED_EDGE('',*,*,#601,.T.);
#599=EDGE_CURVE('',#63,#49,#602,.F.);
#600=EDGE_CURVE('',#49,#65,#603,.T.);
#601=EDGE_CURVE('',#65,#63,#604,.T.);
#602=LINE('',#62,#605);
#603=LINE('',#48,#606);
#604=LINE('',#64,#607);
#605=VECTOR('',#608,1.0);
#606=VECTOR('',#609,1.0);
#607=VECTOR('',#610,1.0);
#608=DIRECTION('',(0.177661280360745,-0.6925256509296315,-0.6991742931952455));
#609=DIRECTION('',(0.11274492132501837,0.7118821289517016,0.6931900296416621));
#610=DIRECTION('',(-0.9961918168972399,-0.08718866868450359,0));
#611=FACE_SURFACE('',(#616),#612,.T.);
#612=PLANE('',#613);
#613=AXIS2_PLACEMENT_3D('',#48,#614,#615);
#614=DIRECTION('',(0.10586994434488996,-0.7022734744940645,0.7039911376618633));
#615=DIRECTION('',(0.9888268313630161,0.149068767944789,0));
#616=FACE_BOUND('',#617,.T.);
#617=EDGE_LOOP('',(#618,#619,#620));
#618=ORIENTED_EDGE('',*,*,#621,.T.);
#619=ORIENTED_EDGE('',*,*,#622,.T.);
#620=ORIENTED_EDGE('',*,*,#623,.T.);
#621=EDGE_CURVE('',#49,#57,#624,.F.);
#622=EDGE_CURVE('',#57,#65,#625,.T.);
#623=EDGE_CURVE('',#65,#49,#626,.T.);
#624=LINE('',#48,#627);
#625=LINE('',#56,#628);
#626=LINE('',#64,#629);
#627=VECTOR('',#630,1.0);
#628=VECTOR('',#631,1.0);
#629=VECTOR('',#632,1.0);
#630=DIRECTION('',(0.9888268313630161,0.149068767944789,0));
#631=DIRECTION('',(-0.23906222092413115,0.6692299361722946,0.7035485392335401));
#632=DIRECTION('',(-0.11274492132501837,-0.7118821289517016,-0.6931900296416621));
#633=FACE_SURFACE('',(#638),#634,.T.);
#634=PLANE('',#635);
#635=AXIS2_PLACEMENT_3D('',#54,#636,#637);
#636=DIRECTION('',(-0.10586003252631149,-0.7022759675927617,0.7039901411633395));
#637=DIRECTION('',(0.9888289664535426,-0.14905460443213078,0));
#638=FACE_BOUND('',#639,.T.);
#639=EDGE_LOOP('',(#640,#641,#642));
#640=ORIENTED_EDGE('',*,*,#643,.T.);
#641=ORIENTED_EDGE('',*,*,#644,.T.);
#642=ORIENTED_EDGE('',*,*,#645,.T.);
#643=EDGE_CURVE('',#55,#51,#646,.F.);
#644=EDGE_CURVE('',#51,#67,#647,.T.);
#645=EDGE_CURVE('',#67,#55,#648,.T.);
#646=LINE('',#54,#649);
#647=LINE('',#50,#650);
#648=LINE('',#66,#651);
#649=VECTOR('',#652,1.0);
#650=VECTOR('',#653,1.0);
#651=VECTOR('',#654,1.0);
#652=DIRECTION('',(0.9888289664535426,-0.14905460443213078,0));
#653=DIRECTION('',(-0.11277833805763889,0.7118794119486122,0.6931873839797252));
#654=DIRECTION('',(-0.23906222092413115,-0.6692299361722946,-0.7035485392335401));
#655=FACE_SURFACE('',(#660),#656,.T.);
#656=PLANE('',#657);
#657=AXIS2_PLACEMENT_3D('',#66,#658,#659);
#658=DIRECTION('',(-0.061371690387080326,-0.7012968529372392,0.7102226690829833));
#659=DIRECTION('',(0.11277833805763889,-0.7118794119486122,-0.6931873839797252));
#660=FACE_BOUND('',#661,.T.);
#661=EDGE_LOOP('',(#662,#663,#664));
#662=ORIENTED_EDGE('',*,*,#665,.T.);
#663=ORIENTED_EDGE('',*,*,#666,.T.);
#664=ORIENTED_EDGE('',*,*,#667,.T.);
#665=EDGE_CURVE('',#67,#51,#668,.F.);
#666=EDGE_CURVE('',#51,#63,#669,.T.);
#667=EDGE_CURVE('',#63,#67,#670,.T.);
#668=LINE('',#66,#671);
#669=LINE('',#50,#672);
#670=LINE('',#62,#673);
#671=VECTOR('',#674,1.0);
#672=VECTOR('',#675,1.0);
#673=VECTOR('',#676,1.0);
#674=DIRECTION('',(0.11277833805763889,-0.7118794119486122,-0.6931873839797252));
#675=DIRECTION('',(0.177661280360745,0.6925256509296315,0.6991742931952455));
#676=DIRECTION('',(-0.9961927040201528,0.08717853208798666,0));
#677=FACE_SURFACE('',(#682),#678,.T.);
#678=PLANE('',#679);
#679=AXIS2_PLACEMENT_3D('',#68,#680,#681);
#680=DIRECTION('',(0,0,-1));
#681=DIRECTION('',(0.9972034740577411,-0.07473440524398381,0));
#682=FACE_BOUND('',#683,.T.);
#683=EDGE_LOOP('',(#684,#685,#686));
#684=ORIENTED_EDGE('',*,*,#687,.T.);
#685=ORIENTED_EDGE('',*,*,#688,.T.);
#686=ORIENTED_EDGE('',*,*,#689,.T.);
#687=EDGE_CURVE('',#69,#59,#690,.F.);
#688=EDGE_CURVE('',#59,#53,#691,.T.);
#689=EDGE_CURVE('',#53,#69,#692,.T.);
#690=LINE('',#68,#693);
#691=LINE('',#58,#694);
#692=LINE('',#52,#695);
#693=VECTOR('',#696,1.0);
#694=VECTOR('',#697,1.0);
#695=VECTOR('',#698,1.0);
#696=DIRECTION('',(0.9972034740577411,-0.07473440524398381,0));
#697=DIRECTION('',(-1,0,0));
#698=DIRECTION('',(-0.9009679364268856,0.4338856733411228,0));
#699=FACE_SURFACE('',(#704),#700,.T.);
#700=PLANE('',#701);
#701=AXIS2_PLACEMENT_3D('',#52,#702,#703);
#702=DIRECTION('',(-0.43388567334112277,-0.9009679364268854,0));
#703=DIRECTION('',(0,0,1));
#704=FACE_BOUND('',#705,.T.);
#705=EDGE_LOOP('',(#706,#707,#708));
#706=ORIENTED_EDGE('',*,*,#709,.T.);
#707=ORIENTED_EDGE('',*,*,#710,.T.);
#708=ORIENTED_EDGE('',*,*,#711,.T.);
#709=EDGE_CURVE('',#53,#71,#712,.F.);
#710=EDGE_CURVE('',#71,#69,#713,.T.);
#711=EDGE_CURVE('',#69,#53,#714,.T.);
#712=LINE('',#52,#715);
#713=LINE('',#70,#716);
#714=LINE('',#68,#717);
#715=VECTOR('',#718,1.0);
#716=VECTOR('',#719,1.0);
#717=VECTOR('',#720,1.0);
#718=DIRECTION('',(0,0,1));
#719=DIRECTION('',(-0.016954824028243946,0.00816505775893597,-0.9998229172078247));
#720=DIRECTION('',(0.9009679364268856,-0.4338856733411228,0));
#721=FACE_SURFACE('',(#726),#722,.T.);
#722=PLANE('',#723);
#723=AXIS2_PLACEMENT_3D('',#52,#724,#725);
#724=DIRECTION('',(-0.294771163739155,-0.9555678735850553,0));
#725=DIRECTION('',(0.017980033880554667,-0.005546435431275286,0.9998229620466119));
#726=FACE_BOUND('',#727,.T.);
#727=EDGE_LOOP('',(#728,#729,#730));
#728=ORIENTED_EDGE('',*,*,#731,.T.);
#729=ORIENTED_EDGE('',*,*,#732,.T.);
#730=ORIENTED_EDGE('',*,*,#733,.T.);
#731=EDGE_CURVE('',#53,#55,#734,.F.);
#732=EDGE_CURVE('',#55,#71,#735,.T.);
#733=EDGE_CURVE('',#71,#53,#736,.T.);
#734=LINE('',#52,#737);
#735=LINE('',#54,#738);
#736=LINE('',#70,#739);
#737=VECTOR('',#740,1.0);
#738=VECTOR('',#741,1.0);
#739=VECTOR('',#742,1.0);
#740=DIRECTION('',(0.017980033880554667,-0.005546435431275286,0.9998229620466119));
#741=DIRECTION('',(-0.9555678735850553,0.294771163739155,0));
#742=DIRECTION('',(0,0,-1));
#743=FACE_SURFACE('',(#748),#744,.T.);
#744=PLANE('',#745);
#745=AXIS2_PLACEMENT_3D('',#70,#746,#747);
#746=DIRECTION('',(-0.2091152885005394,-0.6778948423306809,0.7047903084299595));
#747=DIRECTION('',(0.9555678735850553,-0.294771163739155,0));
#748=FACE_BOUND('',#749,.T.);
#749=EDGE_LOOP('',(#750,#751,#752));
#750=ORIENTED_EDGE('',*,*,#753,.T.);
#751=ORIENTED_EDGE('',*,*,#754,.T.);
#752=ORIENTED_EDGE('',*,*,#755,.T.);
#753=EDGE_CURVE('',#71,#55,#756,.F.);
#754=EDGE_CURVE('',#55,#73,#757,.T.);
#755=EDGE_CURVE('',#73,#71,#758,.T.);
#756=LINE('',#70,#759);
#757=LINE('',#54,#760);
#758=LINE('',#72,#761);
#759=VECTOR('',#762,1.0);
#760=VECTOR('',#763,1.0);
#761=VECTOR('',#764,1.0);
#762=DIRECTION('',(0.9555678735850553,-0.294771163739155,0));
#763=DIRECTION('',(-0.04406325626725792,0.7265247462880668,0.6857260549798193));
#764=DIRECTION('',(-0.297519550614035,-0.6424532623423836,-0.7062123779062861));
#765=FACE_SURFACE('',(#770),#766,.T.);
#766=PLANE('',#767);
#767=AXIS2_PLACEMENT_3D('',#72,#768,#769);
#768=DIRECTION('',(-0.18241244357501354,-0.6807048345358453,0.7094833533413731));
#769=DIRECTION('',(0.04406325626725792,-0.7265247462880668,-0.6857260549798193));
#770=FACE_BOUND('',#771,.T.);
#771=EDGE_LOOP('',(#772,#773,#774));
#772=ORIENTED_EDGE('',*,*,#775,.T.);
#773=ORIENTED_EDGE('',*,*,#776,.T.);
#774=ORIENTED_EDGE('',*,*,#777,.T.);
#775=EDGE_CURVE('',#73,#55,#778,.F.);
#776=EDGE_CURVE('',#55,#67,#779,.T.);
#777=EDGE_CURVE('',#67,#73,#780,.T.);
#778=LINE('',#72,#781);
#779=LINE('',#54,#782);
#780=LINE('',#66,#783);
#781=VECTOR('',#784,1.0);
#782=VECTOR('',#785,1.0);
#783=VECTOR('',#786,1.0);
#784=DIRECTION('',(0.04406325626725792,-0.7265247462880668,-0.6857260549798193));
#785=DIRECTION('',(0.23906222092413115,0.6692299361722946,0.7035485392335401));
#786=DIRECTION('',(-0.9659193933576669,0.25884305193602736,0));
#787=FACE_SURFACE('',(#792),#788,.T.);
#788=PLANE('',#789);
#789=AXIS2_PLACEMENT_3D('',#64,#790,#791);
#790=DIRECTION('',(0.18239210488698498,-0.6807111882952368,0.7094824861859393));
#791=DIRECTION('',(0.23906222092413115,-0.6692299361722946,-0.7035485392335401));
#792=FACE_BOUND('',#793,.T.);
#793=EDGE_LOOP('',(#794,#795,#796));
#794=ORIENTED_EDGE('',*,*,#797,.T.);
#795=ORIENTED_EDGE('',*,*,#798,.T.);
#796=ORIENTED_EDGE('',*,*,#799,.T.);
#797=EDGE_CURVE('',#65,#57,#800,.F.);
#798=EDGE_CURVE('',#57,#75,#801,.T.);
#799=EDGE_CURVE('',#75,#65,#802,.T.);
#800=LINE('',#64,#803);
#801=LINE('',#56,#804);
#802=LINE('',#74,#805);
#803=VECTOR('',#806,1.0);
#804=VECTOR('',#807,1.0);
#805=VECTOR('',#808,1.0);
#806=DIRECTION('',(0.23906222092413115,-0.6692299361722946,-0.7035485392335401));
#807=DIRECTION('',(0.044096673901754695,0.726523673999411,0.6857250429065574));
#808=DIRECTION('',(-0.9659272127402385,-0.2588138707408747,0));
#809=FACE_SURFACE('',(#814),#810,.T.);
#810=PLANE('',#811);
#811=AXIS2_PLACEMENT_3D('',#56,#812,#813);
#812=DIRECTION('',(0.20909648617154608,-0.6779020554119073,0.704788949075554));
#813=DIRECTION('',(0.955576222126373,0.29474409868000495,0));
#814=FACE_BOUND('',#815,.T.);
#815=EDGE_LOOP('',(#816,#817,#818));
#816=ORIENTED_EDGE('',*,*,#819,.T.);
#817=ORIENTED_EDGE('',*,*,#820,.T.);
#818=ORIENTED_EDGE('',*,*,#821,.T.);
#819=EDGE_CURVE('',#57,#61,#822,.F.);
#820=EDGE_CURVE('',#61,#75,#823,.T.);
#821=EDGE_CURVE('',#75,#57,#824,.T.);
#822=LINE('',#56,#825);
#823=LINE('',#60,#826);
#824=LINE('',#74,#827);
#825=VECTOR('',#828,1.0);
#826=VECTOR('',#829,1.0);
#827=VECTOR('',#830,1.0);
#828=DIRECTION('',(0.955576222126373,0.29474409868000495,0));
#829=DIRECTION('',(-0.297519550614035,0.6424532623423836,0.7062123779062861));
#830=DIRECTION('',(-0.044096673901754695,-0.726523673999411,-0.6857250429065574));
#831=FACE_SURFACE('',(#836),#832,.T.);
#832=PLANE('',#833);
#833=AXIS2_PLACEMENT_3D('',#68,#834,#835);
#834=DIRECTION('',(0,0,-1));
#835=DIRECTION('',(1,0,0));
#836=FACE_BOUND('',#837,.T.);
#837=EDGE_LOOP('',(#838,#839,#840));
#838=ORIENTED_EDGE('',*,*,#841,.T.);
#839=ORIENTED_EDGE('',*,*,#842,.T.);
#840=ORIENTED_EDGE('',*,*,#843,.T.);
#841=EDGE_CURVE('',#69,#77,#844,.F.);
#842=EDGE_CURVE('',#77,#59,#845,.T.);
#843=EDGE_CURVE('',#59,#69,#846,.T.);
#844=LINE('',#68,#847);
#845=LINE('',#76,#848);
#846=LINE('',#58,#849);
#847=VECTOR('',#850,1.0);
#848=VECTOR('',#851,1.0);
#849=VECTOR('',#852,1.0);
#850=DIRECTION('',(1,0,0));
#851=DIRECTION('',(-0.9009498458491676,-0.43392323660338933,0));
#852=DIRECTION('',(-0.9972034740577411,0.07473440524398381,0));
#853=FACE_SURFACE('',(#858),#854,.T.);
#854=PLANE('',#855);
#855=AXIS2_PLACEMENT_3D('',#76,#856,#857);
#856=DIRECTION('',(0.4339232366033894,-0.9009498458491676,0));
#857=DIRECTION('',(0,0,1));
#858=FACE_BOUND('',#859,.T.);
#859=EDGE_LOOP('',(#860,#861,#862));
#860=ORIENTED_EDGE('',*,*,#863,.T.);
#861=ORIENTED_EDGE('',*,*,#864,.T.);
#862=ORIENTED_EDGE('',*,*,#865,.T.);
#863=EDGE_CURVE('',#77,#79,#866,.F.);
#864=EDGE_CURVE('',#79,#59,#867,.T.);
#865=EDGE_CURVE('',#59,#77,#868,.T.);
#866=LINE('',#76,#869);
#867=LINE('',#78,#870);
#868=LINE('',#58,#871);
#869=VECTOR('',#872,1.0);
#870=VECTOR('',#873,1.0);
#871=VECTOR('',#874,1.0);
#872=DIRECTION('',(0,0,1));
#873=DIRECTION('',(-0.01695301641910763,-0.008165058009234779,-0.9998229478572691));
#874=DIRECTION('',(0.9009498458491676,0.43392323660338933,0));
#875=FACE_SURFACE('',(#880),#876,.T.);
#876=PLANE('',#877);
#877=AXIS2_PLACEMENT_3D('',#58,#878,#879);
#878=DIRECTION('',(0.4339232366033894,-0.9009498458491676,0));
#879=DIRECTION('',(0.01695301641910763,0.008165058009234779,0.9998229478572691));
#880=FACE_BOUND('',#881,.T.);
#881=EDGE_LOOP('',(#882,#883,#884));
#882=ORIENTED_EDGE('',*,*,#885,.T.);
#883=ORIENTED_EDGE('',*,*,#886,.T.);
#884=ORIENTED_EDGE('',*,*,#887,.T.);
#885=EDGE_CURVE('',#59,#79,#888,.F.);
#886=EDGE_CURVE('',#79,#61,#889,.T.);
#887=EDGE_CURVE('',#61,#59,#890,.T.);
#888=LINE('',#58,#891);
#889=LINE('',#78,#892);
#890=LINE('',#60,#893);
#891=VECTOR('',#894,1.0);
#892=VECTOR('',#895,1.0);
#893=VECTOR('',#896,1.0);
#894=DIRECTION('',(0.01695301641910763,0.008165058009234779,0.9998229478572691));
#895=DIRECTION('',(-0.9009498458491676,-0.43392323660338933,0));
#896=DIRECTION('',(0,0,-1));
#897=FACE_SURFACE('',(#902),#898,.T.);
#898=PLANE('',#899);
#899=AXIS2_PLACEMENT_3D('',#74,#900,#901);
#900=DIRECTION('',(0.29849856270797176,-0.640028401233,0.707998766719551));
#901=DIRECTION('',(0.297519550614035,-0.6424532623423836,-0.7062123779062861));
#902=FACE_BOUND('',#903,.T.);
#903=EDGE_LOOP('',(#904,#905,#906));
#904=ORIENTED_EDGE('',*,*,#907,.T.);
#905=ORIENTED_EDGE('',*,*,#908,.T.);
#906=ORIENTED_EDGE('',*,*,#909,.T.);
#907=EDGE_CURVE('',#75,#61,#910,.F.);
#908=EDGE_CURVE('',#61,#81,#911,.T.);
#909=EDGE_CURVE('',#81,#75,#912,.T.);
#910=LINE('',#74,#913);
#911=LINE('',#60,#914);
#912=LINE('',#80,#915);
#913=VECTOR('',#916,1.0);
#914=VECTOR('',#917,1.0);
#915=VECTOR('',#918,1.0);
#916=DIRECTION('',(0.297519550614035,-0.6424532623423836,-0.7062123779062861));
#917=DIRECTION('',(-0.028557834586892934,0.7354964528096546,0.6769264494670918));
#918=DIRECTION('',(-0.9062815254098316,-0.42267457541331793,0));
#919=FACE_SURFACE('',(#924),#920,.T.);
#920=PLANE('',#921);
#921=AXIS2_PLACEMENT_3D('',#60,#922,#923);
#922=DIRECTION('',(0.30725850286005935,-0.6379573100406171,0.7061180375729932));
#923=DIRECTION('',(0.9009498458491676,0.43392323660338933,0));
#924=FACE_BOUND('',#925,.T.);
#925=EDGE_LOOP('',(#926,#927,#928));
#926=ORIENTED_EDGE('',*,*,#929,.T.);
#927=ORIENTED_EDGE('',*,*,#930,.T.);
#928=ORIENTED_EDGE('',*,*,#931,.T.);
#929=EDGE_CURVE('',#61,#79,#932,.F.);
#930=EDGE_CURVE('',#79,#81,#933,.T.);
#931=EDGE_CURVE('',#81,#61,#934,.T.);
#932=LINE('',#60,#935);
#933=LINE('',#78,#936);
#934=LINE('',#80,#937);
#935=VECTOR('',#938,1.0);
#936=VECTOR('',#939,1.0);
#937=VECTOR('',#940,1.0);
#938=DIRECTION('',(0.9009498458491676,0.43392323660338933,0));
#939=DIRECTION('',(-0.35355301884548535,0.6123735088377187,0.7071060376909707));
#940=DIRECTION('',(0.028557834586892934,-0.7354964528096546,-0.6769264494670918));
#941=FACE_SURFACE('',(#946),#942,.T.);
#942=PLANE('',#943);
#943=AXIS2_PLACEMENT_3D('',#64,#944,#945);
#944=DIRECTION('',(0,0,1));
#945=DIRECTION('',(-1,0,0));
#946=FACE_BOUND('',#947,.T.);
#947=EDGE_LOOP('',(#948,#949,#950));
#948=ORIENTED_EDGE('',*,*,#951,.T.);
#949=ORIENTED_EDGE('',*,*,#952,.T.);
#950=ORIENTED_EDGE('',*,*,#953,.T.);
#951=EDGE_CURVE('',#65,#67,#954,.F.);
#952=EDGE_CURVE('',#67,#63,#955,.T.);
#953=EDGE_CURVE('',#63,#65,#956,.T.);
#954=LINE('',#64,#957);
#955=LINE('',#66,#958);
#956=LINE('',#62,#959);
#957=VECTOR('',#960,1.0);
#958=VECTOR('',#961,1.0);
#959=VECTOR('',#962,1.0);
#960=DIRECTION('',(-1,0,0));
#961=DIRECTION('',(0.9961927040201528,-0.08717853208798666,0));
#962=DIRECTION('',(0.9961918168972399,0.08718866868450359,0));
#963=FACE_SURFACE('',(#968),#964,.T.);
#964=PLANE('',#965);
#965=AXIS2_PLACEMENT_3D('',#74,#966,#967);
#966=DIRECTION('',(0,0,1));
#967=DIRECTION('',(-1,0,0));
#968=FACE_BOUND('',#969,.T.);
#969=EDGE_LOOP('',(#970,#971,#972));
#970=ORIENTED_EDGE('',*,*,#973,.T.);
#971=ORIENTED_EDGE('',*,*,#974,.T.);
#972=ORIENTED_EDGE('',*,*,#975,.T.);
#973=EDGE_CURVE('',#75,#73,#976,.F.);
#974=EDGE_CURVE('',#73,#65,#977,.T.);
#975=EDGE_CURVE('',#65,#75,#978,.T.);
#976=LINE('',#74,#979);
#977=LINE('',#72,#980);
#978=LINE('',#64,#981);
#979=VECTOR('',#982,1.0);
#980=VECTOR('',#983,1.0);
#981=VECTOR('',#984,1.0);
#982=DIRECTION('',(-1,0,0));
#983=DIRECTION('',(0.9961946560006986,-0.08715622384918918,0));
#984=DIRECTION('',(0.9659272127402385,0.2588138707408747,0));
#985=FACE_SURFACE('',(#990),#986,.T.);
#986=PLANE('',#987);
#987=AXIS2_PLACEMENT_3D('',#64,#988,#989);
#988=DIRECTION('',(0,0,1));
#989=DIRECTION('',(-0.9961946560006986,0.08715622384918918,0));
#990=FACE_BOUND('',#991,.T.);
#991=EDGE_LOOP('',(#992,#993,#994));
#992=ORIENTED_EDGE('',*,*,#995,.T.);
#993=ORIENTED_EDGE('',*,*,#996,.T.);
#994=ORIENTED_EDGE('',*,*,#997,.T.);
#995=EDGE_CURVE('',#65,#73,#998,.F.);
#996=EDGE_CURVE('',#73,#67,#999,.T.);
#997=EDGE_CURVE('',#67,#65,#1000,.T.);
#998=LINE('',#64,#1001);
#999=LINE('',#72,#1002);
#1000=LINE('',#66,#1003);
#1001=VECTOR('',#1004,1.0);
#1002=VECTOR('',#1005,1.0);
#1003=VECTOR('',#1006,1.0);
#1004=DIRECTION('',(-0.9961946560006986,0.08715622384918918,0));
#1005=DIRECTION('',(0.9659193933576669,-0.25884305193602736,0));
#1006=DIRECTION('',(1,0,0));
#1007=FACE_SURFACE('',(#1012),#1008,.T.);
#1008=PLANE('',#1009);
#1009=AXIS2_PLACEMENT_3D('',#82,#1010,#1011);
#1010=DIRECTION('',(0,0,-1));
#1011=DIRECTION('',(0.9972038238158176,-0.07472973817103708,0));
#1012=FACE_BOUND('',#1013,.T.);
#1013=EDGE_LOOP('',(#1014,#1015,#1016));
#1014=ORIENTED_EDGE('',*,*,#1017,.T.);
#1015=ORIENTED_EDGE('',*,*,#1018,.T.);
#1016=ORIENTED_EDGE('',*,*,#1019,.T.);
#1017=EDGE_CURVE('',#83,#77,#1020,.F.);
#1018=EDGE_CURVE('',#77,#69,#1021,.T.);
#1019=EDGE_CURVE('',#69,#83,#1022,.T.);
#1020=LINE('',#82,#1023);
#1021=LINE('',#76,#1024);
#1022=LINE('',#68,#1025);
#1023=VECTOR('',#1026,1.0);
#1024=VECTOR('',#1027,1.0);
#1025=VECTOR('',#1028,1.0);
#1026=DIRECTION('',(0.9972038238158176,-0.07472973817103708,0));
#1027=DIRECTION('',(-1,0,0));
#1028=DIRECTION('',(-0.8262476708626958,0.5633070090048324,0));
#1029=FACE_SURFACE('',(#1034),#1030,.T.);
#1030=PLANE('',#1031);
#1031=AXIS2_PLACEMENT_3D('',#68,#1032,#1033);
#1032=DIRECTION('',(-0.5633070090048324,-0.8262476708626958,0));
#1033=DIRECTION('',(0,0,1));
#1034=FACE_BOUND('',#1035,.T.);
#1035=EDGE_LOOP('',(#1036,#1037,#1038));
#1036=ORIENTED_EDGE('',*,*,#1039,.T.);
#1037=ORIENTED_EDGE('',*,*,#1040,.T.);
#1038=ORIENTED_EDGE('',*,*,#1041,.T.);
#1039=EDGE_CURVE('',#69,#85,#1042,.F.);
#1040=EDGE_CURVE('',#85,#83,#1043,.T.);
#1041=EDGE_CURVE('',#83,#69,#1044,.T.);
#1042=LINE('',#68,#1045);
#1043=LINE('',#84,#1046);
#1044=LINE('',#82,#1047);
#1045=VECTOR('',#1048,1.0);
#1046=VECTOR('',#1049,1.0);
#1047=VECTOR('',#1050,1.0);
#1048=DIRECTION('',(0,0,1));
#1049=DIRECTION('',(-0.015548100013386293,0.010600155405102587,-0.9998229309689597));
#1050=DIRECTION('',(0.8262476708626958,-0.5633070090048324,0));
#1051=FACE_SURFACE('',(#1056),#1052,.T.);
#1052=PLANE('',#1053);
#1053=AXIS2_PLACEMENT_3D('',#68,#1054,#1055);
#1054=DIRECTION('',(-0.43388567334112277,-0.9009679364268854,0));
#1055=DIRECTION('',(0.016954824028243946,-0.00816505775893597,0.9998229172078247));
#1056=FACE_BOUND('',#1057,.T.);
#1057=EDGE_LOOP('',(#1058,#1059,#1060));
#1058=ORIENTED_EDGE('',*,*,#1061,.T.);
#1059=ORIENTED_EDGE('',*,*,#1062,.T.);
#1060=ORIENTED_EDGE('',*,*,#1063,.T.);
#1061=EDGE_CURVE('',#69,#71,#1064,.F.);
#1062=EDGE_CURVE('',#71,#85,#1065,.T.);
#1063=EDGE_CURVE('',#85,#69,#1066,.T.);
#1064=LINE('',#68,#1067);
#1065=LINE('',#70,#1068);
#1066=LINE('',#84,#1069);
#1067=VECTOR('',#1070,1.0);
#1068=VECTOR('',#1071,1.0);
#1069=VECTOR('',#1072,1.0);
#1070=DIRECTION('',(0.016954824028243946,-0.00816505775893597,0.9998229172078247));
#1071=DIRECTION('',(-0.9009679364268856,0.4338856733411228,0));
#1072=DIRECTION('',(0,0,-1));
#1073=FACE_SURFACE('',(#1078),#1074,.T.);
#1074=PLANE('',#1075);
#1075=AXIS2_PLACEMENT_3D('',#84,#1076,#1077);
#1076=DIRECTION('',(-0.30723238299817485,-0.6379711134083785,0.7061169317427083));
#1077=DIRECTION('',(0.9009679364268856,-0.4338856733411228,0));
#1078=FACE_BOUND('',#1079,.T.);
#1079=EDGE_LOOP('',(#1080,#1081,#1082));
#1080=ORIENTED_EDGE('',*,*,#1083,.T.);
#1081=ORIENTED_EDGE('',*,*,#1084,.T.);
#1082=ORIENTED_EDGE('',*,*,#1085,.T.);
#1083=EDGE_CURVE('',#85,#71,#1086,.F.);
#1084=EDGE_CURVE('',#71,#87,#1087,.T.);
#1085=EDGE_CURVE('',#87,#85,#1088,.T.);
#1086=LINE('',#84,#1089);
#1087=LINE('',#70,#1090);
#1088=LINE('',#86,#1091);
#1089=VECTOR('',#1092,1.0);
#1090=VECTOR('',#1093,1.0);
#1091=VECTOR('',#1094,1.0);
#1092=DIRECTION('',(0.9009679364268856,-0.4338856733411228,0));
#1093=DIRECTION('',(0.028524808447270938,0.7354971466612664,0.676927088065016));
#1094=DIRECTION('',(-0.35355301884548535,-0.6123735088377187,-0.7071060376909707));
#1095=FACE_SURFACE('',(#1100),#1096,.T.);
#1096=PLANE('',#1097);
#1097=AXIS2_PLACEMENT_3D('',#86,#1098,#1099);
#1098=DIRECTION('',(-0.29846696805280526,-0.640043083935386,0.7079988133378798));
#1099=DIRECTION('',(-0.028524808447270938,-0.7354971466612664,-0.676927088065016));
#1100=FACE_BOUND('',#1101,.T.);
#1101=EDGE_LOOP('',(#1102,#1103,#1104));
#1102=ORIENTED_EDGE('',*,*,#1105,.T.);
#1103=ORIENTED_EDGE('',*,*,#1106,.T.);
#1104=ORIENTED_EDGE('',*,*,#1107,.T.);
#1105=EDGE_CURVE('',#87,#71,#1108,.F.);
#1106=EDGE_CURVE('',#71,#73,#1109,.T.);
#1107=EDGE_CURVE('',#73,#87,#1110,.T.);
#1108=LINE('',#86,#1111);
#1109=LINE('',#70,#1112);
#1110=LINE('',#72,#1113);
#1111=VECTOR('',#1114,1.0);
#1112=VECTOR('',#1115,1.0);
#1113=VECTOR('',#1116,1.0);
#1114=DIRECTION('',(-0.028524808447270938,-0.7354971466612664,-0.676927088065016));
#1115=DIRECTION('',(0.297519550614035,0.6424532623423836,0.7062123779062861));
#1116=DIRECTION('',(-0.906302376124188,0.4226298652859864,0));
#1117=FACE_SURFACE('',(#1122),#1118,.T.);
#1118=PLANE('',#1119);
#1119=AXIS2_PLACEMENT_3D('',#74,#1120,#1121);
#1120=DIRECTION('',(0,0,1));
#1121=DIRECTION('',(-0.9961944751350235,0.08715829111711214,0));
#1122=FACE_BOUND('',#1123,.T.);
#1123=EDGE_LOOP('',(#1124,#1125,#1126));
#1124=ORIENTED_EDGE('',*,*,#1127,.T.);
#1125=ORIENTED_EDGE('',*,*,#1128,.T.);
#1126=ORIENTED_EDGE('',*,*,#1129,.T.);
#1127=EDGE_CURVE('',#75,#87,#1130,.F.);
#1128=EDGE_CURVE('',#87,#73,#1131,.T.);
#1129=EDGE_CURVE('',#73,#75,#1132,.T.);
#1130=LINE('',#74,#1133);
#1131=LINE('',#86,#1134);
#1132=LINE('',#72,#1135);
#1133=VECTOR('',#1136,1.0);
#1134=VECTOR('',#1137,1.0);
#1135=VECTOR('',#1138,1.0);
#1136=DIRECTION('',(-0.9961944751350235,0.08715829111711214,0));
#1137=DIRECTION('',(0.906302376124188,-0.4226298652859864,0));
#1138=DIRECTION('',(1,0,0));
#1139=FACE_SURFACE('',(#1144),#1140,.T.);
#1140=PLANE('',#1141);
#1141=AXIS2_PLACEMENT_3D('',#80,#1142,#1143);
#1142=DIRECTION('',(0,0,1));
#1143=DIRECTION('',(-1,0,0));
#1144=FACE_BOUND('',#1145,.T.);
#1145=EDGE_LOOP('',(#1146,#1147,#1148));
#1146=ORIENTED_EDGE('',*,*,#1149,.T.);
#1147=ORIENTED_EDGE('',*,*,#1150,.T.);
#1148=ORIENTED_EDGE('',*,*,#1151,.T.);
#1149=EDGE_CURVE('',#81,#87,#1152,.F.);
#1150=EDGE_CURVE('',#87,#75,#1153,.T.);
#1151=EDGE_CURVE('',#75,#81,#1154,.T.);
#1152=LINE('',#80,#1155);
#1153=LINE('',#86,#1156);
#1154=LINE('',#74,#1157);
#1155=VECTOR('',#1158,1.0);
#1156=VECTOR('',#1159,1.0);
#1157=VECTOR('',#1160,1.0);
#1158=DIRECTION('',(-1,0,0));
#1159=DIRECTION('',(0.9961944751350235,-0.08715829111711214,0));
#1160=DIRECTION('',(0.9062815254098316,0.42267457541331793,0));
#1161=FACE_SURFACE('',(#1166),#1162,.T.);
#1162=PLANE('',#1163);
#1163=AXIS2_PLACEMENT_3D('',#82,#1164,#1165);
#1164=DIRECTION('',(0,0,-1));
#1165=DIRECTION('',(1,0,0));
#1166=FACE_BOUND('',#1167,.T.);
#1167=EDGE_LOOP('',(#1168,#1169,#1170));
#1168=ORIENTED_EDGE('',*,*,#1171,.T.);
#1169=ORIENTED_EDGE('',*,*,#1172,.T.);
#1170=ORIENTED_EDGE('',*,*,#1173,.T.);
#1171=EDGE_CURVE('',#83,#89,#1174,.F.);
#1172=EDGE_CURVE('',#89,#77,#1175,.T.);
#1173=EDGE_CURVE('',#77,#83,#1176,.T.);
#1174=LINE('',#82,#1177);
#1175=LINE('',#88,#1178);
#1176=LINE('',#76,#1179);
#1177=VECTOR('',#1180,1.0);
#1178=VECTOR('',#1181,1.0);
#1179=VECTOR('',#1182,1.0);
#1180=DIRECTION('',(1,0,0));
#1181=DIRECTION('',(-0.8262476708626958,-0.5633070090048324,0));
#1182=DIRECTION('',(-0.9972038238158176,0.07472973817103708,0));
#1183=FACE_SURFACE('',(#1188),#1184,.T.);
#1184=PLANE('',#1185);
#1185=AXIS2_PLACEMENT_3D('',#88,#1186,#1187);
#1186=DIRECTION('',(0.5633070090048324,-0.8262476708626958,0));
#1187=DIRECTION('',(0,0,1));
#1188=FACE_BOUND('',#1189,.T.);
#1189=EDGE_LOOP('',(#1190,#1191,#1192));
#1190=ORIENTED_EDGE('',*,*,#1193,.T.);
#1191=ORIENTED_EDGE('',*,*,#1194,.T.);
#1192=ORIENTED_EDGE('',*,*,#1195,.T.);
#1193=EDGE_CURVE('',#89,#91,#1196,.F.);
#1194=EDGE_CURVE('',#91,#77,#1197,.T.);
#1195=EDGE_CURVE('',#77,#89,#1198,.T.);
#1196=LINE('',#88,#1199);
#1197=LINE('',#90,#1200);
#1198=LINE('',#76,#1201);
#1199=VECTOR('',#1202,1.0);
#1200=VECTOR('',#1203,1.0);
#1201=VECTOR('',#1204,1.0);
#1202=DIRECTION('',(0,0,1));
#1203=DIRECTION('',(-0.015548100013386293,-0.010600155405102587,-0.9998229309689597));
#1204=DIRECTION('',(0.8262476708626958,0.5633070090048324,0));
#1205=FACE_SURFACE('',(#1210),#1206,.T.);
#1206=PLANE('',#1207);
#1207=AXIS2_PLACEMENT_3D('',#76,#1208,#1209);
#1208=DIRECTION('',(0.5633070090048324,-0.8262476708626958,0));
#1209=DIRECTION('',(0.015548100013386293,0.010600155405102587,0.9998229309689597));
#1210=FACE_BOUND('',#1211,.T.);
#1211=EDGE_LOOP('',(#1212,#1213,#1214));
#1212=ORIENTED_EDGE('',*,*,#1215,.T.);
#1213=ORIENTED_EDGE('',*,*,#1216,.T.);
#1214=ORIENTED_EDGE('',*,*,#1217,.T.);
#1215=EDGE_CURVE('',#77,#91,#1218,.F.);
#1216=EDGE_CURVE('',#91,#79,#1219,.T.);
#1217=EDGE_CURVE('',#79,#77,#1220,.T.);
#1218=LINE('',#76,#1221);
#1219=LINE('',#90,#1222);
#1220=LINE('',#78,#1223);
#1221=VECTOR('',#1224,1.0);
#1222=VECTOR('',#1225,1.0);
#1223=VECTOR('',#1226,1.0);
#1224=DIRECTION('',(0.015548100013386293,0.010600155405102587,0.9998229309689597));
#1225=DIRECTION('',(-0.8262476708626958,-0.5633070090048324,0));
#1226=DIRECTION('',(0,0,-1));
#1227=FACE_SURFACE('',(#1232),#1228,.T.);
#1228=PLANE('',#1229);
#1229=AXIS2_PLACEMENT_3D('',#78,#1230,#1231);
#1230=DIRECTION('',(0.39887484845617094,-0.5850618033048383,0.7061172293484681));
#1231=DIRECTION('',(0.8262476708626958,0.5633070090048324,0));
#1232=FACE_BOUND('',#1233,.T.);
#1233=EDGE_LOOP('',(#1234,#1235,#1236));
#1234=ORIENTED_EDGE('',*,*,#1237,.T.);
#1235=ORIENTED_EDGE('',*,*,#1238,.T.);
#1236=ORIENTED_EDGE('',*,*,#1239,.T.);
#1237=EDGE_CURVE('',#79,#91,#1240,.F.);
#1238=EDGE_CURVE('',#91,#81,#1241,.T.);
#1239=EDGE_CURVE('',#81,#79,#1242,.T.);
#1240=LINE('',#78,#1243);
#1241=LINE('',#90,#1244);
#1242=LINE('',#80,#1245);
#1243=VECTOR('',#1246,1.0);
#1244=VECTOR('',#1247,1.0);
#1245=VECTOR('',#1248,1.0);
#1246=DIRECTION('',(0.8262476708626958,0.5633070090048324,0));
#1247=DIRECTION('',(-0.6226878037600464,0.3924645315513483,0.6769279803071155));
#1248=DIRECTION('',(0.35355301884548535,-0.6123735088377187,-0.7071060376909707));
#1249=FACE_SURFACE('',(#1254),#1250,.T.);
#1250=PLANE('',#1251);
#1251=AXIS2_PLACEMENT_3D('',#80,#1252,#1253);
#1252=DIRECTION('',(0.4050294056509908,-0.5785310130777991,0.707992265116774));
#1253=DIRECTION('',(0.6226878037600464,-0.3924645315513483,-0.6769279803071155));
#1254=FACE_BOUND('',#1255,.T.);
#1255=EDGE_LOOP('',(#1256,#1257,#1258));
#1256=ORIENTED_EDGE('',*,*,#1259,.T.);
#1257=ORIENTED_EDGE('',*,*,#1260,.T.);
#1258=ORIENTED_EDGE('',*,*,#1261,.T.);
#1259=EDGE_CURVE('',#81,#91,#1262,.F.);
#1260=EDGE_CURVE('',#91,#93,#1263,.T.);
#1261=EDGE_CURVE('',#93,#81,#1264,.T.);
#1262=LINE('',#80,#1265);
#1263=LINE('',#90,#1266);
#1264=LINE('',#92,#1267);
#1265=VECTOR('',#1268,1.0);
#1266=VECTOR('',#1269,1.0);
#1267=VECTOR('',#1270,1.0);
#1268=DIRECTION('',(0.6226878037600464,-0.3924645315513483,-0.6769279803071155));
#1269=DIRECTION('',(-0.40759314959436155,0.5788977916330578,0.7062189258623117));
#1270=DIRECTION('',(-0.8191935372598839,-0.5735171736850078,0));
#1271=FACE_SURFACE('',(#1276),#1272,.T.);
#1272=PLANE('',#1273);
#1273=AXIS2_PLACEMENT_3D('',#92,#1274,#1275);
#1274=DIRECTION('',(0,0,1));
#1275=DIRECTION('',(-1,0,0));
#1276=FACE_BOUND('',#1277,.T.);
#1277=EDGE_LOOP('',(#1278,#1279,#1280));
#1278=ORIENTED_EDGE('',*,*,#1281,.T.);
#1279=ORIENTED_EDGE('',*,*,#1282,.T.);
#1280=ORIENTED_EDGE('',*,*,#1283,.T.);
#1281=EDGE_CURVE('',#93,#95,#1284,.F.);
#1282=EDGE_CURVE('',#95,#81,#1285,.T.);
#1283=EDGE_CURVE('',#81,#93,#1286,.T.);
#1284=LINE('',#92,#1287);
#1285=LINE('',#94,#1288);
#1286=LINE('',#80,#1289);
#1287=VECTOR('',#1290,1.0);
#1288=VECTOR('',#1291,1.0);
#1289=VECTOR('',#1292,1.0);
#1290=DIRECTION('',(-1,0,0));
#1291=DIRECTION('',(0.9961950649232764,-0.08715154974244223,0));
#1292=DIRECTION('',(0.8191935372598839,0.5735171736850078,0));
#1293=FACE_SURFACE('',(#1298),#1294,.T.);
#1294=PLANE('',#1295);
#1295=AXIS2_PLACEMENT_3D('',#80,#1296,#1297);
#1296=DIRECTION('',(0,0,1));
#1297=DIRECTION('',(-0.9961950649232764,0.08715154974244223,0));
#1298=FACE_BOUND('',#1299,.T.);
#1299=EDGE_LOOP('',(#1300,#1301,#1302));
#1300=ORIENTED_EDGE('',*,*,#1303,.T.);
#1301=ORIENTED_EDGE('',*,*,#1304,.T.);
#1302=ORIENTED_EDGE('',*,*,#1305,.T.);
#1303=EDGE_CURVE('',#81,#95,#1306,.F.);
#1304=EDGE_CURVE('',#95,#87,#1307,.T.);
#1305=EDGE_CURVE('',#87,#81,#1308,.T.);
#1306=LINE('',#80,#1309);
#1307=LINE('',#94,#1310);
#1308=LINE('',#86,#1311);
#1309=VECTOR('',#1312,1.0);
#1310=VECTOR('',#1313,1.0);
#1311=VECTOR('',#1314,1.0);
#1312=DIRECTION('',(-0.9961950649232764,0.08715154974244223,0));
#1313=DIRECTION('',(0.8191935372598839,-0.5735171736850078,0));
#1314=DIRECTION('',(1,0,0));
#1315=FACE_SURFACE('',(#1320),#1316,.T.);
#1316=PLANE('',#1317);
#1317=AXIS2_PLACEMENT_3D('',#96,#1318,#1319);
#1318=DIRECTION('',(0,0,-1));
#1319=DIRECTION('',(0.9972037173410354,-0.07473115897147785,0));
#1320=FACE_BOUND('',#1321,.T.);
#1321=EDGE_LOOP('',(#1322,#1323,#1324));
#1322=ORIENTED_EDGE('',*,*,#1325,.T.);
#1323=ORIENTED_EDGE('',*,*,#1326,.T.);
#1324=ORIENTED_EDGE('',*,*,#1327,.T.);
#1325=EDGE_CURVE('',#97,#89,#1328,.F.);
#1326=EDGE_CURVE('',#89,#83,#1329,.T.);
#1327=EDGE_CURVE('',#83,#97,#1330,.T.);
#1328=LINE('',#96,#1331);
#1329=LINE('',#88,#1332);
#1330=LINE('',#82,#1333);
#1331=VECTOR('',#1334,1.0);
#1332=VECTOR('',#1335,1.0);
#1333=VECTOR('',#1336,1.0);
#1334=DIRECTION('',(0.9972037173410354,-0.07473115897147785,0));
#1335=DIRECTION('',(-1,0,0));
#1336=DIRECTION('',(-0.7330484000367972,0.6801764794547749,0));
#1337=FACE_SURFACE('',(#1342),#1338,.T.);
#1338=PLANE('',#1339);
#1339=AXIS2_PLACEMENT_3D('',#82,#1340,#1341);
#1340=DIRECTION('',(-0.6801764794547749,-0.7330484000367972,0));
#1341=DIRECTION('',(0,0,1));
#1342=FACE_BOUND('',#1343,.T.);
#1343=EDGE_LOOP('',(#1344,#1345,#1346));
#1344=ORIENTED_EDGE('',*,*,#1347,.T.);
#1345=ORIENTED_EDGE('',*,*,#1348,.T.);
#1346=ORIENTED_EDGE('',*,*,#1349,.T.);
#1347=EDGE_CURVE('',#83,#99,#1350,.F.);
#1348=EDGE_CURVE('',#99,#97,#1351,.T.);
#1349=EDGE_CURVE('',#97,#83,#1352,.T.);
#1350=LINE('',#82,#1353);
#1351=LINE('',#98,#1354);
#1352=LINE('',#96,#1355);
#1353=VECTOR('',#1356,1.0);
#1354=VECTOR('',#1357,1.0);
#1355=VECTOR('',#1358,1.0);
#1356=DIRECTION('',(0,0,1));
#1357=DIRECTION('',(-0.013794215056022147,0.012799292152027367,-0.9998229331993718));
#1358=DIRECTION('',(0.7330484000367972,-0.6801764794547749,0));
#1359=FACE_SURFACE('',(#1364),#1360,.T.);
#1360=PLANE('',#1361);
#1361=AXIS2_PLACEMENT_3D('',#82,#1362,#1363);
#1362=DIRECTION('',(-0.5633070090048324,-0.8262476708626958,0));
#1363=DIRECTION('',(0.015548100013386293,-0.010600155405102587,0.9998229309689597));
#1364=FACE_BOUND('',#1365,.T.);
#1365=EDGE_LOOP('',(#1366,#1367,#1368));
#1366=ORIENTED_EDGE('',*,*,#1369,.T.);
#1367=ORIENTED_EDGE('',*,*,#1370,.T.);
#1368=ORIENTED_EDGE('',*,*,#1371,.T.);
#1369=EDGE_CURVE('',#83,#85,#1372,.F.);
#1370=EDGE_CURVE('',#85,#99,#1373,.T.);
#1371=EDGE_CURVE('',#99,#83,#1374,.T.);
#1372=LINE('',#82,#1375);
#1373=LINE('',#84,#1376);
#1374=LINE('',#98,#1377);
#1375=VECTOR('',#1378,1.0);
#1376=VECTOR('',#1379,1.0);
#1377=VECTOR('',#1380,1.0);
#1378=DIRECTION('',(0.015548100013386293,-0.010600155405102587,0.9998229309689597));
#1379=DIRECTION('',(-0.8262476708626958,0.5633070090048324,0));
#1380=DIRECTION('',(0,0,-1));
#1381=FACE_SURFACE('',(#1386),#1382,.T.);
#1382=PLANE('',#1383);
#1383=AXIS2_PLACEMENT_3D('',#98,#1384,#1385);
#1384=DIRECTION('',(-0.39887484845617094,-0.5850618033048383,0.7061172293484681));
#1385=DIRECTION('',(0.8262476708626958,-0.5633070090048324,0));
#1386=FACE_BOUND('',#1387,.T.);
#1387=EDGE_LOOP('',(#1388,#1389,#1390));
#1388=ORIENTED_EDGE('',*,*,#1391,.T.);
#1389=ORIENTED_EDGE('',*,*,#1392,.T.);
#1390=ORIENTED_EDGE('',*,*,#1393,.T.);
#1391=EDGE_CURVE('',#99,#85,#1394,.F.);
#1392=EDGE_CURVE('',#85,#87,#1395,.T.);
#1393=EDGE_CURVE('',#87,#99,#1396,.T.);
#1394=LINE('',#98,#1397);
#1395=LINE('',#84,#1398);
#1396=LINE('',#86,#1399);
#1397=VECTOR('',#1400,1.0);
#1398=VECTOR('',#1401,1.0);
#1399=VECTOR('',#1402,1.0);
#1400=DIRECTION('',(0.8262476708626958,-0.5633070090048324,0));
#1401=DIRECTION('',(0.35355301884548535,0.6123735088377187,0.7071060376909707));
#1402=DIRECTION('',(-0.6226878037600464,-0.3924645315513483,-0.6769279803071155));
#1403=FACE_SURFACE('',(#1408),#1404,.T.);
#1404=PLANE('',#1405);
#1405=AXIS2_PLACEMENT_3D('',#94,#1406,#1407);
#1406=DIRECTION('',(-0.4050294056509908,-0.5785310130777991,0.707992265116774));
#1407=DIRECTION('',(-0.40759314959436155,-0.5788977916330578,-0.7062189258623117));
#1408=FACE_BOUND('',#1409,.T.);
#1409=EDGE_LOOP('',(#1410,#1411,#1412));
#1410=ORIENTED_EDGE('',*,*,#1413,.T.);
#1411=ORIENTED_EDGE('',*,*,#1414,.T.);
#1412=ORIENTED_EDGE('',*,*,#1415,.T.);
#1413=EDGE_CURVE('',#95,#99,#1416,.F.);
#1414=EDGE_CURVE('',#99,#87,#1417,.T.);
#1415=EDGE_CURVE('',#87,#95,#1418,.T.);
#1416=LINE('',#94,#1419);
#1417=LINE('',#98,#1420);
#1418=LINE('',#86,#1421);
#1419=VECTOR('',#1422,1.0);
#1420=VECTOR('',#1423,1.0);
#1421=VECTOR('',#1424,1.0);
#1422=DIRECTION('',(-0.40759314959436155,-0.5788977916330578,-0.7062189258623117));
#1423=DIRECTION('',(0.6226878037600464,0.3924645315513483,0.6769279803071155));
#1424=DIRECTION('',(-0.8191935372598839,0.5735171736850078,0));
#1425=FACE_SURFACE('',(#1430),#1426,.T.);
#1426=PLANE('',#1427);
#1427=AXIS2_PLACEMENT_3D('',#96,#1428,#1429);
#1428=DIRECTION('',(0,0,-1));
#1429=DIRECTION('',(1,0,0));
#1430=FACE_BOUND('',#1431,.T.);
#1431=EDGE_LOOP('',(#1432,#1433,#1434));
#1432=ORIENTED_EDGE('',*,*,#1435,.T.);
#1433=ORIENTED_EDGE('',*,*,#1436,.T.);
#1434=ORIENTED_EDGE('',*,*,#1437,.T.);
#1435=EDGE_CURVE('',#97,#101,#1438,.F.);
#1436=EDGE_CURVE('',#101,#89,#1439,.T.);
#1437=EDGE_CURVE('',#89,#97,#1440,.T.);
#1438=LINE('',#96,#1441);
#1439=LINE('',#100,#1442);
#1440=LINE('',#88,#1443);
#1441=VECTOR('',#1444,1.0);
#1442=VECTOR('',#1445,1.0);
#1443=VECTOR('',#1446,1.0);
#1444=DIRECTION('',(1,0,0));
#1445=DIRECTION('',(-0.7330928490752843,-0.680128572135212,0));
#1446=DIRECTION('',(-0.9972037173410354,0.07473115897147785,0));
#1447=FACE_SURFACE('',(#1452),#1448,.T.);
#1448=PLANE('',#1449);
#1449=AXIS2_PLACEMENT_3D('',#100,#1450,#1451);
#1450=DIRECTION('',(0.6801285721352122,-0.7330928490752843,0));
#1451=DIRECTION('',(0,0,1));
#1452=FACE_BOUND('',#1453,.T.);
#1453=EDGE_LOOP('',(#1454,#1455,#1456));
#1454=ORIENTED_EDGE('',*,*,#1457,.T.);
#1455=ORIENTED_EDGE('',*,*,#1458,.T.);
#1456=ORIENTED_EDGE('',*,*,#1459,.T.);
#1457=EDGE_CURVE('',#101,#103,#1460,.F.);
#1458=EDGE_CURVE('',#103,#89,#1461,.T.);
#1459=EDGE_CURVE('',#89,#101,#1462,.T.);
#1460=LINE('',#100,#1463);
#1461=LINE('',#102,#1464);
#1462=LINE('',#88,#1465);
#1463=VECTOR('',#1466,1.0);
#1464=VECTOR('',#1467,1.0);
#1465=VECTOR('',#1468,1.0);
#1466=DIRECTION('',(0,0,1));
#1467=DIRECTION('',(-0.013796022840760865,-0.012799291832770116,-0.9998229082604362));
#1468=DIRECTION('',(0.7330928490752843,0.680128572135212,0));
#1469=FACE_SURFACE('',(#1474),#1470,.T.);
#1470=PLANE('',#1471);
#1471=AXIS2_PLACEMENT_3D('',#88,#1472,#1473);
#1472=DIRECTION('',(0.6801285721352122,-0.7330928490752843,0));
#1473=DIRECTION('',(0.013796022840760865,0.012799291832770116,0.9998229082604362));
#1474=FACE_BOUND('',#1475,.T.);
#1475=EDGE_LOOP('',(#1476,#1477,#1478));
#1476=ORIENTED_EDGE('',*,*,#1479,.T.);
#1477=ORIENTED_EDGE('',*,*,#1480,.T.);
#1478=ORIENTED_EDGE('',*,*,#1481,.T.);
#1479=EDGE_CURVE('',#89,#103,#1482,.F.);
#1480=EDGE_CURVE('',#103,#91,#1483,.T.);
#1481=EDGE_CURVE('',#91,#89,#1484,.T.);
#1482=LINE('',#88,#1485);
#1483=LINE('',#102,#1486);
#1484=LINE('',#90,#1487);
#1485=VECTOR('',#1488,1.0);
#1486=VECTOR('',#1489,1.0);
#1487=VECTOR('',#1490,1.0);
#1488=DIRECTION('',(0.013796022840760865,0.012799291832770116,0.9998229082604362));
#1489=DIRECTION('',(-0.7330928490752843,-0.680128572135212,0));
#1490=DIRECTION('',(0,0,-1));
#1491=FACE_SURFACE('',(#1496),#1492,.T.);
#1492=PLANE('',#1493);
#1493=AXIS2_PLACEMENT_3D('',#90,#1494,#1495);
#1494=DIRECTION('',(0.4824982557705373,-0.5200722855771428,0.7047838327834682));
#1495=DIRECTION('',(0.7330928490752843,0.680128572135212,0));
#1496=FACE_BOUND('',#1497,.T.);
#1497=EDGE_LOOP('',(#1498,#1499,#1500));
#1498=ORIENTED_EDGE('',*,*,#1501,.T.);
#1499=ORIENTED_EDGE('',*,*,#1502,.T.);
#1500=ORIENTED_EDGE('',*,*,#1503,.T.);
#1501=EDGE_CURVE('',#91,#103,#1504,.F.);
#1502=EDGE_CURVE('',#103,#93,#1505,.T.);
#1503=EDGE_CURVE('',#93,#91,#1506,.T.);
#1504=LINE('',#90,#1507);
#1505=LINE('',#102,#1508);
#1506=LINE('',#92,#1509);
#1507=VECTOR('',#1510,1.0);
#1508=VECTOR('',#1511,1.0);
#1509=VECTOR('',#1512,1.0);
#1510=DIRECTION('',(0.7330928490752843,0.680128572135212,0));
#1511=DIRECTION('',(-0.651235051139772,0.325081805219334,0.6857220487065568));
#1512=DIRECTION('',(0.40759314959436155,-0.5788977916330578,-0.7062189258623117));
#1513=FACE_SURFACE('',(#1518),#1514,.T.);
#1514=PLANE('',#1515);
#1515=AXIS2_PLACEMENT_3D('',#92,#1516,#1517);
#1516=DIRECTION('',(0.49832897522358927,-0.49828784879169824,0.7094909810555375));
#1517=DIRECTION('',(0.651235051139772,-0.325081805219334,-0.6857220487065568));
#1518=FACE_BOUND('',#1519,.T.);
#1519=EDGE_LOOP('',(#1520,#1521,#1522));
#1520=ORIENTED_EDGE('',*,*,#1523,.T.);
#1521=ORIENTED_EDGE('',*,*,#1524,.T.);
#1522=ORIENTED_EDGE('',*,*,#1525,.T.);
#1523=EDGE_CURVE('',#93,#103,#1526,.F.);
#1524=EDGE_CURVE('',#103,#105,#1527,.T.);
#1525=EDGE_CURVE('',#105,#93,#1528,.T.);
#1526=LINE('',#92,#1529);
#1527=LINE('',#102,#1530);
#1528=LINE('',#104,#1531);
#1529=VECTOR('',#1532,1.0);
#1530=VECTOR('',#1533,1.0);
#1531=VECTOR('',#1534,1.0);
#1532=DIRECTION('',(0.651235051139772,-0.325081805219334,-0.6857220487065568));
#1533=DIRECTION('',(-0.46004863084150116,0.5416529858716673,0.7035391248233231));
#1534=DIRECTION('',(-0.7070776010862573,-0.7071359600827154,0));
#1535=FACE_SURFACE('',(#1540),#1536,.T.);
#1536=PLANE('',#1537);
#1537=AXIS2_PLACEMENT_3D('',#104,#1538,#1539);
#1538=DIRECTION('',(0,0,1));
#1539=DIRECTION('',(-1,0,0));
#1540=FACE_BOUND('',#1541,.T.);
#1541=EDGE_LOOP('',(#1542,#1543,#1544));
#1542=ORIENTED_EDGE('',*,*,#1545,.T.);
#1543=ORIENTED_EDGE('',*,*,#1546,.T.);
#1544=ORIENTED_EDGE('',*,*,#1547,.T.);
#1545=EDGE_CURVE('',#105,#107,#1548,.F.);
#1546=EDGE_CURVE('',#107,#93,#1549,.T.);
#1547=EDGE_CURVE('',#93,#105,#1550,.T.);
#1548=LINE('',#104,#1551);
#1549=LINE('',#106,#1552);
#1550=LINE('',#92,#1553);
#1551=VECTOR('',#1554,1.0);
#1552=VECTOR('',#1555,1.0);
#1553=VECTOR('',#1556,1.0);
#1554=DIRECTION('',(-1,0,0));
#1555=DIRECTION('',(0.9961944826047902,-0.08715820573975944,0));
#1556=DIRECTION('',(0.7070776010862573,0.7071359600827154,0));
#1557=FACE_SURFACE('',(#1562),#1558,.T.);
#1558=PLANE('',#1559);
#1559=AXIS2_PLACEMENT_3D('',#92,#1560,#1561);
#1560=DIRECTION('',(0,0,1));
#1561=DIRECTION('',(-0.9961944826047902,0.08715820573975944,0));
#1562=FACE_BOUND('',#1563,.T.);
#1563=EDGE_LOOP('',(#1564,#1565,#1566));
#1564=ORIENTED_EDGE('',*,*,#1567,.T.);
#1565=ORIENTED_EDGE('',*,*,#1568,.T.);
#1566=ORIENTED_EDGE('',*,*,#1569,.T.);
#1567=EDGE_CURVE('',#93,#107,#1570,.F.);
#1568=EDGE_CURVE('',#107,#95,#1571,.T.);
#1569=EDGE_CURVE('',#95,#93,#1572,.T.);
#1570=LINE('',#92,#1573);
#1571=LINE('',#106,#1574);
#1572=LINE('',#94,#1575);
#1573=VECTOR('',#1576,1.0);
#1574=VECTOR('',#1577,1.0);
#1575=VECTOR('',#1578,1.0);
#1576=DIRECTION('',(-0.9961944826047902,0.08715820573975944,0));
#1577=DIRECTION('',(0.7070776010862573,-0.7071359600827154,0));
#1578=DIRECTION('',(1,0,0));
#1579=FACE_SURFACE('',(#1584),#1580,.T.);
#1580=PLANE('',#1581);
#1581=AXIS2_PLACEMENT_3D('',#108,#1582,#1583);
#1582=DIRECTION('',(-0.4825343619771565,-0.5200430369095853,0.7047806958715274));
#1583=DIRECTION('',(0.7330484000367972,-0.6801764794547749,0));
#1584=FACE_BOUND('',#1585,.T.);
#1585=EDGE_LOOP('',(#1586,#1587,#1588));
#1586=ORIENTED_EDGE('',*,*,#1589,.T.);
#1587=ORIENTED_EDGE('',*,*,#1590,.T.);
#1588=ORIENTED_EDGE('',*,*,#1591,.T.);
#1589=EDGE_CURVE('',#109,#99,#1592,.F.);
#1590=EDGE_CURVE('',#99,#95,#1593,.T.);
#1591=EDGE_CURVE('',#95,#109,#1594,.T.);
#1592=LINE('',#108,#1595);
#1593=LINE('',#98,#1596);
#1594=LINE('',#94,#1597);
#1595=VECTOR('',#1598,1.0);
#1596=VECTOR('',#1599,1.0);
#1597=VECTOR('',#1600,1.0);
#1598=DIRECTION('',(0.7330484000367972,-0.6801764794547749,0));
#1599=DIRECTION('',(0.40759314959436155,0.5788977916330578,0.7062189258623117));
#1600=DIRECTION('',(-0.6512157681621675,-0.3250888936750725,-0.6857370009749185));
#1601=FACE_SURFACE('',(#1606),#1602,.T.);
#1602=PLANE('',#1603);
#1603=AXIS2_PLACEMENT_3D('',#106,#1604,#1605);
#1604=DIRECTION('',(-0.49833757828465386,-0.49829645114276355,0.7094788966896154));
#1605=DIRECTION('',(-0.4600215482284212,-0.5416615459406788,-0.7035502432766833));
#1606=FACE_BOUND('',#1607,.T.);
#1607=EDGE_LOOP('',(#1608,#1609,#1610));
#1608=ORIENTED_EDGE('',*,*,#1611,.T.);
#1609=ORIENTED_EDGE('',*,*,#1612,.T.);
#1610=ORIENTED_EDGE('',*,*,#1613,.T.);
#1611=EDGE_CURVE('',#107,#109,#1614,.F.);
#1612=EDGE_CURVE('',#109,#95,#1615,.T.);
#1613=EDGE_CURVE('',#95,#107,#1616,.T.);
#1614=LINE('',#106,#1617);
#1615=LINE('',#108,#1618);
#1616=LINE('',#94,#1619);
#1617=VECTOR('',#1620,1.0);
#1618=VECTOR('',#1621,1.0);
#1619=VECTOR('',#1622,1.0);
#1620=DIRECTION('',(-0.4600215482284212,-0.5416615459406788,-0.7035502432766833));
#1621=DIRECTION('',(0.6512157681621675,0.3250888936750725,0.6857370009749185));
#1622=DIRECTION('',(-0.7070776010862573,0.7071359600827154,0));
#1623=FACE_SURFACE('',(#1628),#1624,.T.);
#1624=PLANE('',#1625);
#1625=AXIS2_PLACEMENT_3D('',#110,#1626,#1627);
#1626=DIRECTION('',(0,0,-1));
#1627=DIRECTION('',(0.9972039486384273,-0.07472807250243205,0));
#1628=FACE_BOUND('',#1629,.T.);
#1629=EDGE_LOOP('',(#1630,#1631,#1632));
#1630=ORIENTED_EDGE('',*,*,#1633,.T.);
#1631=ORIENTED_EDGE('',*,*,#1634,.T.);
#1632=ORIENTED_EDGE('',*,*,#1635,.T.);
#1633=EDGE_CURVE('',#111,#101,#1636,.F.);
#1634=EDGE_CURVE('',#101,#97,#1637,.T.);
#1635=EDGE_CURVE('',#97,#111,#1638,.T.);
#1636=LINE('',#110,#1639);
#1637=LINE('',#100,#1640);
#1638=LINE('',#96,#1641);
#1639=VECTOR('',#1642,1.0);
#1640=VECTOR('',#1643,1.0);
#1641=VECTOR('',#1644,1.0);
#1642=DIRECTION('',(0.9972039486384273,-0.07472807250243205,0));
#1643=DIRECTION('',(-1,0,0));
#1644=DIRECTION('',(-0.6235108151190727,0.7818147244901118,0));
#1645=FACE_SURFACE('',(#1650),#1646,.T.);
#1646=PLANE('',#1647);
#1647=AXIS2_PLACEMENT_3D('',#96,#1648,#1649);
#1648=DIRECTION('',(-0.7818147244901118,-0.6235108151190728,0));
#1649=DIRECTION('',(0,0,1));
#1650=FACE_BOUND('',#1651,.T.);
#1651=EDGE_LOOP('',(#1652,#1653,#1654));
#1652=ORIENTED_EDGE('',*,*,#1655,.T.);
#1653=ORIENTED_EDGE('',*,*,#1656,.T.);
#1654=ORIENTED_EDGE('',*,*,#1657,.T.);
#1655=EDGE_CURVE('',#97,#109,#1658,.F.);
#1656=EDGE_CURVE('',#109,#111,#1659,.T.);
#1657=EDGE_CURVE('',#111,#97,#1660,.T.);
#1658=LINE('',#96,#1661);
#1659=LINE('',#108,#1662);
#1660=LINE('',#110,#1663);
#1661=VECTOR('',#1664,1.0);
#1662=VECTOR('',#1665,1.0);
#1663=VECTOR('',#1666,1.0);
#1664=DIRECTION('',(0,0,1));
#1665=DIRECTION('',(-0.011732948169452863,0.014711840465519066,-0.9998229341625297));
#1666=DIRECTION('',(0.6235108151190727,-0.7818147244901118,0));
#1667=FACE_SURFACE('',(#1672),#1668,.T.);
#1668=PLANE('',#1669);
#1669=AXIS2_PLACEMENT_3D('',#96,#1670,#1671);
#1670=DIRECTION('',(-0.6801764794547749,-0.7330484000367972,0));
#1671=DIRECTION('',(0.013794215056022147,-0.012799292152027367,0.9998229331993718));
#1672=FACE_BOUND('',#1673,.T.);
#1673=EDGE_LOOP('',(#1674,#1675,#1676));
#1674=ORIENTED_EDGE('',*,*,#1677,.T.);
#1675=ORIENTED_EDGE('',*,*,#1678,.T.);
#1676=ORIENTED_EDGE('',*,*,#1679,.T.);
#1677=EDGE_CURVE('',#97,#99,#1680,.F.);
#1678=EDGE_CURVE('',#99,#109,#1681,.T.);
#1679=EDGE_CURVE('',#109,#97,#1682,.T.);
#1680=LINE('',#96,#1683);
#1681=LINE('',#98,#1684);
#1682=LINE('',#108,#1685);
#1683=VECTOR('',#1686,1.0);
#1684=VECTOR('',#1687,1.0);
#1685=VECTOR('',#1688,1.0);
#1686=DIRECTION('',(0.013794215056022147,-0.012799292152027367,0.9998229331993718));
#1687=DIRECTION('',(-0.7330484000367972,0.6801764794547749,0));
#1688=DIRECTION('',(0,0,-1));
#1689=FACE_SURFACE('',(#1694),#1690,.T.);
#1690=PLANE('',#1691);
#1691=AXIS2_PLACEMENT_3D('',#110,#1692,#1693);
#1692=DIRECTION('',(0,0,-1));
#1693=DIRECTION('',(1,0,0));
#1694=FACE_BOUND('',#1695,.T.);
#1695=EDGE_LOOP('',(#1696,#1697,#1698));
#1696=ORIENTED_EDGE('',*,*,#1699,.T.);
#1697=ORIENTED_EDGE('',*,*,#1700,.T.);
#1698=ORIENTED_EDGE('',*,*,#1701,.T.);
#1699=EDGE_CURVE('',#111,#113,#1702,.F.);
#1700=EDGE_CURVE('',#113,#101,#1703,.T.);
#1701=EDGE_CURVE('',#101,#111,#1704,.T.);
#1702=LINE('',#110,#1705);
#1703=LINE('',#112,#1706);
#1704=LINE('',#100,#1707);
#1705=VECTOR('',#1708,1.0);
#1706=VECTOR('',#1709,1.0);
#1707=VECTOR('',#1710,1.0);
#1708=DIRECTION('',(1,0,0));
#1709=DIRECTION('',(-0.6234520779600506,-0.7818615647845178,0));
#1710=DIRECTION('',(-0.9972039486384273,0.07472807250243205,0));
#1711=FACE_SURFACE('',(#1716),#1712,.T.);
#1712=PLANE('',#1713);
#1713=AXIS2_PLACEMENT_3D('',#112,#1714,#1715);
#1714=DIRECTION('',(0.7818615647845178,-0.6234520779600506,0));
#1715=DIRECTION('',(0,0,1));
#1716=FACE_BOUND('',#1717,.T.);
#1717=EDGE_LOOP('',(#1718,#1719,#1720));
#1718=ORIENTED_EDGE('',*,*,#1721,.T.);
#1719=ORIENTED_EDGE('',*,*,#1722,.T.);
#1720=ORIENTED_EDGE('',*,*,#1723,.T.);
#1721=EDGE_CURVE('',#113,#115,#1724,.F.);
#1722=EDGE_CURVE('',#115,#101,#1725,.T.);
#1723=EDGE_CURVE('',#101,#113,#1726,.T.);
#1724=LINE('',#112,#1727);
#1725=LINE('',#114,#1728);
#1726=LINE('',#100,#1729);
#1727=VECTOR('',#1730,1.0);
#1728=VECTOR('',#1731,1.0);
#1729=VECTOR('',#1732,1.0);
#1730=DIRECTION('',(0,0,1));
#1731=DIRECTION('',(-0.011731140289446577,-0.014711840777602046,-0.9998229553718216));
#1732=DIRECTION('',(0.6234520779600506,0.7818615647845178,0));
#1733=FACE_SURFACE('',(#1738),#1734,.T.);
#1734=PLANE('',#1735);
#1735=AXIS2_PLACEMENT_3D('',#100,#1736,#1737);
#1736=DIRECTION('',(0.7818615647845178,-0.6234520779600506,0));
#1737=DIRECTION('',(0.011731140289446577,0.014711840777602046,0.9998229553718216));
#1738=FACE_BOUND('',#1739,.T.);
#1739=EDGE_LOOP('',(#1740,#1741,#1742));
#1740=ORIENTED_EDGE('',*,*,#1743,.T.);
#1741=ORIENTED_EDGE('',*,*,#1744,.T.);
#1742=ORIENTED_EDGE('',*,*,#1745,.T.);
#1743=EDGE_CURVE('',#101,#115,#1746,.F.);
#1744=EDGE_CURVE('',#115,#103,#1747,.T.);
#1745=EDGE_CURVE('',#103,#101,#1748,.T.);
#1746=LINE('',#100,#1749);
#1747=LINE('',#114,#1750);
#1748=LINE('',#102,#1751);
#1749=VECTOR('',#1752,1.0);
#1750=VECTOR('',#1753,1.0);
#1751=VECTOR('',#1754,1.0);
#1752=DIRECTION('',(0.011731140289446577,0.014711840777602046,0.9998229553718216));
#1753=DIRECTION('',(-0.6234520779600506,-0.7818615647845178,0));
#1754=DIRECTION('',(0,0,-1));
#1755=FACE_SURFACE('',(#1760),#1756,.T.);
#1756=PLANE('',#1757);
#1757=AXIS2_PLACEMENT_3D('',#102,#1758,#1759);
#1758=DIRECTION('',(0.5552813285405858,-0.4427782534961372,0.7039957843660092));
#1759=DIRECTION('',(0.6234520779600506,0.7818615647845178,0));
#1760=FACE_BOUND('',#1761,.T.);
#1761=EDGE_LOOP('',(#1762,#1763,#1764));
#1762=ORIENTED_EDGE('',*,*,#1765,.T.);
#1763=ORIENTED_EDGE('',*,*,#1766,.T.);
#1764=ORIENTED_EDGE('',*,*,#1767,.T.);
#1765=EDGE_CURVE('',#103,#115,#1768,.F.);
#1766=EDGE_CURVE('',#115,#105,#1769,.T.);
#1767=EDGE_CURVE('',#105,#103,#1770,.T.);
#1768=LINE('',#102,#1771);
#1769=LINE('',#114,#1772);
#1770=LINE('',#104,#1773);
#1771=VECTOR('',#1774,1.0);
#1772=VECTOR('',#1775,1.0);
#1773=VECTOR('',#1776,1.0);
#1774=DIRECTION('',(0.6234520779600506,0.7818615647845178,0));
#1775=DIRECTION('',(-0.6728834779070919,0.2582884215245985,0.6931918323710886));
#1776=DIRECTION('',(0.46004863084150116,-0.5416529858716673,-0.7035391248233231));
#1777=FACE_SURFACE('',(#1782),#1778,.T.);
#1778=PLANE('',#1779);
#1779=AXIS2_PLACEMENT_3D('',#104,#1780,#1781);
#1780=DIRECTION('',(0.5766342689900675,-0.4038411843952952,0.7102149094552266));
#1781=DIRECTION('',(0.6728834779070919,-0.2582884215245985,-0.6931918323710886));
#1782=FACE_BOUND('',#1783,.T.);
#1783=EDGE_LOOP('',(#1784,#1785,#1786));
#1784=ORIENTED_EDGE('',*,*,#1787,.T.);
#1785=ORIENTED_EDGE('',*,*,#1788,.T.);
#1786=ORIENTED_EDGE('',*,*,#1789,.T.);
#1787=EDGE_CURVE('',#105,#115,#1790,.F.);
#1788=EDGE_CURVE('',#115,#117,#1791,.T.);
#1789=EDGE_CURVE('',#117,#105,#1792,.T.);
#1790=LINE('',#104,#1793);
#1791=LINE('',#114,#1794);
#1792=LINE('',#116,#1795);
#1793=VECTOR('',#1796,1.0);
#1794=VECTOR('',#1797,1.0);
#1795=VECTOR('',#1798,1.0);
#1796=DIRECTION('',(0.6728834779070919,-0.2582884215245985,-0.6931918323710886));
#1797=DIRECTION('',(-0.510904171303226,0.5001159509135287,0.6991859290537967));
#1798=DIRECTION('',(-0.5736503253013985,-0.8191003017223224,0));
#1799=FACE_SURFACE('',(#1804),#1800,.T.);
#1800=PLANE('',#1801);
#1801=AXIS2_PLACEMENT_3D('',#116,#1802,#1803);
#1802=DIRECTION('',(0,0,1));
#1803=DIRECTION('',(-1,0,0));
#1804=FACE_BOUND('',#1805,.T.);
#1805=EDGE_LOOP('',(#1806,#1807,#1808));
#1806=ORIENTED_EDGE('',*,*,#1809,.T.);
#1807=ORIENTED_EDGE('',*,*,#1810,.T.);
#1808=ORIENTED_EDGE('',*,*,#1811,.T.);
#1809=EDGE_CURVE('',#117,#119,#1812,.F.);
#1810=EDGE_CURVE('',#119,#105,#1813,.T.);
#1811=EDGE_CURVE('',#105,#117,#1814,.T.);
#1812=LINE('',#116,#1815);
#1813=LINE('',#118,#1816);
#1814=LINE('',#104,#1817);
#1815=VECTOR('',#1818,1.0);
#1816=VECTOR('',#1819,1.0);
#1817=VECTOR('',#1820,1.0);
#1818=DIRECTION('',(-1,0,0));
#1819=DIRECTION('',(0.9961949709836522,-0.08715262352264763,0));
#1820=DIRECTION('',(0.5736503253013985,0.8191003017223224,0));
#1821=FACE_SURFACE('',(#1826),#1822,.T.);
#1822=PLANE('',#1823);
#1823=AXIS2_PLACEMENT_3D('',#104,#1824,#1825);
#1824=DIRECTION('',(0,0,1));
#1825=DIRECTION('',(-0.9961949709836522,0.08715262352264763,0));
#1826=FACE_BOUND('',#1827,.T.);
#1827=EDGE_LOOP('',(#1828,#1829,#1830));
#1828=ORIENTED_EDGE('',*,*,#1831,.T.);
#1829=ORIENTED_EDGE('',*,*,#1832,.T.);
#1830=ORIENTED_EDGE('',*,*,#1833,.T.);
#1831=EDGE_CURVE('',#105,#119,#1834,.F.);
#1832=EDGE_CURVE('',#119,#107,#1835,.T.);
#1833=EDGE_CURVE('',#107,#105,#1836,.T.);
#1834=LINE('',#104,#1837);
#1835=LINE('',#118,#1838);
#1836=LINE('',#106,#1839);
#1837=VECTOR('',#1840,1.0);
#1838=VECTOR('',#1841,1.0);
#1839=VECTOR('',#1842,1.0);
#1840=DIRECTION('',(-0.9961949709836522,0.08715262352264763,0));
#1841=DIRECTION('',(0.5735720109221952,-0.8191551429898181,0));
#1842=DIRECTION('',(1,0,0));
#1843=FACE_SURFACE('',(#1848),#1844,.T.);
#1844=PLANE('',#1845);
#1845=AXIS2_PLACEMENT_3D('',#120,#1846,#1847);
#1846=DIRECTION('',(-0.5552546091175221,-0.4428251900158054,0.7039873366341284));
#1847=DIRECTION('',(0.6235108151190727,-0.7818147244901118,0));
#1848=FACE_BOUND('',#1849,.T.);
#1849=EDGE_LOOP('',(#1850,#1851,#1852));
#1850=ORIENTED_EDGE('',*,*,#1853,.T.);
#1851=ORIENTED_EDGE('',*,*,#1854,.T.);
#1852=ORIENTED_EDGE('',*,*,#1855,.T.);
#1853=EDGE_CURVE('',#121,#109,#1856,.F.);
#1854=EDGE_CURVE('',#109,#107,#1857,.T.);
#1855=EDGE_CURVE('',#107,#121,#1858,.T.);
#1856=LINE('',#120,#1859);
#1857=LINE('',#108,#1860);
#1858=LINE('',#106,#1861);
#1859=VECTOR('',#1862,1.0);
#1860=VECTOR('',#1863,1.0);
#1861=VECTOR('',#1864,1.0);
#1862=DIRECTION('',(0.6235108151190727,-0.7818147244901118,0));
#1863=DIRECTION('',(0.4600215482284212,0.5416615459406788,0.7035502432766833));
#1864=DIRECTION('',(-0.6728834779070919,-0.2582884215245985,-0.6931918323710886));
#1865=FACE_SURFACE('',(#1870),#1866,.T.);
#1866=PLANE('',#1867);
#1867=AXIS2_PLACEMENT_3D('',#118,#1868,#1869);
#1868=DIRECTION('',(-0.5766659410624788,-0.40378119612154756,0.7102233015588676));
#1869=DIRECTION('',(-0.5109293992696188,-0.500107227709518,-0.6991737335989437));
#1870=FACE_BOUND('',#1871,.T.);
#1871=EDGE_LOOP('',(#1872,#1873,#1874));
#1872=ORIENTED_EDGE('',*,*,#1875,.T.);
#1873=ORIENTED_EDGE('',*,*,#1876,.T.);
#1874=ORIENTED_EDGE('',*,*,#1877,.T.);
#1875=EDGE_CURVE('',#119,#121,#1878,.F.);
#1876=EDGE_CURVE('',#121,#107,#1879,.T.);
#1877=EDGE_CURVE('',#107,#119,#1880,.T.);
#1878=LINE('',#118,#1881);
#1879=LINE('',#120,#1882);
#1880=LINE('',#106,#1883);
#1881=VECTOR('',#1884,1.0);
#1882=VECTOR('',#1885,1.0);
#1883=VECTOR('',#1886,1.0);
#1884=DIRECTION('',(-0.5109293992696188,-0.500107227709518,-0.6991737335989437));
#1885=DIRECTION('',(0.6728834779070919,0.2582884215245985,0.6931918323710886));
#1886=DIRECTION('',(-0.5735720109221952,0.8191551429898181,0));
#1887=FACE_SURFACE('',(#1892),#1888,.T.);
#1888=PLANE('',#1889);
#1889=AXIS2_PLACEMENT_3D('',#110,#1890,#1891);
#1890=DIRECTION('',(-0.7818147244901118,-0.6235108151190728,0));
#1891=DIRECTION('',(0.011732948169452863,-0.014711840465519066,0.9998229341625297));
#1892=FACE_BOUND('',#1893,.T.);
#1893=EDGE_LOOP('',(#1894,#1895,#1896));
#1894=ORIENTED_EDGE('',*,*,#1897,.T.);
#1895=ORIENTED_EDGE('',*,*,#1898,.T.);
#1896=ORIENTED_EDGE('',*,*,#1899,.T.);
#1897=EDGE_CURVE('',#111,#109,#1900,.F.);
#1898=EDGE_CURVE('',#109,#121,#1901,.T.);
#1899=EDGE_CURVE('',#121,#111,#1902,.T.);
#1900=LINE('',#110,#1903);
#1901=LINE('',#108,#1904);
#1902=LINE('',#120,#1905);
#1903=VECTOR('',#1906,1.0);
#1904=VECTOR('',#1907,1.0);
#1905=VECTOR('',#1908,1.0);
#1906=DIRECTION('',(0.011732948169452863,-0.014711840465519066,0.9998229341625297));
#1907=DIRECTION('',(-0.6235108151190727,0.7818147244901118,0));
#1908=DIRECTION('',(0,0,-1));
#1909=FACE_SURFACE('',(#1914),#1910,.T.);
#1910=PLANE('',#1911);
#1911=AXIS2_PLACEMENT_3D('',#122,#1912,#1913);
#1912=DIRECTION('',(0,0,-1));
#1913=DIRECTION('',(0.997203698704129,-0.07473140765972923,0));
#1914=FACE_BOUND('',#1915,.T.);
#1915=EDGE_LOOP('',(#1916,#1917,#1918));
#1916=ORIENTED_EDGE('',*,*,#1919,.T.);
#1917=ORIENTED_EDGE('',*,*,#1920,.T.);
#1918=ORIENTED_EDGE('',*,*,#1921,.T.);
#1919=EDGE_CURVE('',#123,#113,#1922,.F.);
#1920=EDGE_CURVE('',#113,#111,#1923,.T.);
#1921=EDGE_CURVE('',#111,#123,#1924,.T.);
#1922=LINE('',#122,#1925);
#1923=LINE('',#112,#1926);
#1924=LINE('',#110,#1927);
#1925=VECTOR('',#1928,1.0);
#1926=VECTOR('',#1929,1.0);
#1927=VECTOR('',#1930,1.0);
#1928=DIRECTION('',(0.997203698704129,-0.07473140765972923,0));
#1929=DIRECTION('',(-1,0,0));
#1930=DIRECTION('',(-0.4999525809001623,0.8660527794835985,0));
#1931=FACE_SURFACE('',(#1936),#1932,.T.);
#1932=PLANE('',#1933);
#1933=AXIS2_PLACEMENT_3D('',#110,#1934,#1935);
#1934=DIRECTION('',(-0.8660527794835986,-0.49995258090016237,0));
#1935=DIRECTION('',(0,0,1));
#1936=FACE_BOUND('',#1937,.T.);
#1937=EDGE_LOOP('',(#1938,#1939,#1940));
#1938=ORIENTED_EDGE('',*,*,#1941,.T.);
#1939=ORIENTED_EDGE('',*,*,#1942,.T.);
#1940=ORIENTED_EDGE('',*,*,#1943,.T.);
#1941=EDGE_CURVE('',#111,#121,#1944,.F.);
#1942=EDGE_CURVE('',#121,#123,#1945,.T.);
#1943=EDGE_CURVE('',#123,#111,#1946,.T.);
#1944=LINE('',#110,#1947);
#1945=LINE('',#120,#1948);
#1946=LINE('',#122,#1949);
#1947=VECTOR('',#1950,1.0);
#1948=VECTOR('',#1951,1.0);
#1949=VECTOR('',#1952,1.0);
#1950=DIRECTION('',(0,0,1));
#1951=DIRECTION('',(-0.009407694523389147,0.01629666552744693,-0.9998229413133313));
#1952=DIRECTION('',(0.4999525809001623,-0.8660527794835985,0));
#1953=FACE_SURFACE('',(#1958),#1954,.T.);
#1954=PLANE('',#1955);
#1955=AXIS2_PLACEMENT_3D('',#122,#1956,#1957);
#1956=DIRECTION('',(0,0,-1));
#1957=DIRECTION('',(1,0,0));
#1958=FACE_BOUND('',#1959,.T.);
#1959=EDGE_LOOP('',(#1960,#1961,#1962));
#1960=ORIENTED_EDGE('',*,*,#1963,.T.);
#1961=ORIENTED_EDGE('',*,*,#1964,.T.);
#1962=ORIENTED_EDGE('',*,*,#1965,.T.);
#1963=EDGE_CURVE('',#123,#125,#1966,.F.);
#1964=EDGE_CURVE('',#125,#113,#1967,.T.);
#1965=EDGE_CURVE('',#113,#123,#1968,.T.);
#1966=LINE('',#122,#1969);
#1967=LINE('',#124,#1970);
#1968=LINE('',#112,#1971);
#1969=VECTOR('',#1972,1.0);
#1970=VECTOR('',#1973,1.0);
#1971=VECTOR('',#1974,1.0);
#1972=DIRECTION('',(1,0,0));
#1973=DIRECTION('',(-0.5000246472312385,-0.8660111732311977,0));
#1974=DIRECTION('',(-0.997203698704129,0.07473140765972923,0));
#1975=FACE_SURFACE('',(#1980),#1976,.T.);
#1976=PLANE('',#1977);
#1977=AXIS2_PLACEMENT_3D('',#124,#1978,#1979);
#1978=DIRECTION('',(0.8660111732311977,-0.5000246472312385,0));
#1979=DIRECTION('',(0,0,1));
#1980=FACE_BOUND('',#1981,.T.);
#1981=EDGE_LOOP('',(#1982,#1983,#1984));
#1982=ORIENTED_EDGE('',*,*,#1985,.T.);
#1983=ORIENTED_EDGE('',*,*,#1986,.T.);
#1984=ORIENTED_EDGE('',*,*,#1987,.T.);
#1985=EDGE_CURVE('',#125,#127,#1988,.F.);
#1986=EDGE_CURVE('',#127,#113,#1989,.T.);
#1987=EDGE_CURVE('',#113,#125,#1990,.T.);
#1988=LINE('',#124,#1991);
#1989=LINE('',#126,#1992);
#1990=LINE('',#112,#1993);
#1991=VECTOR('',#1994,1.0);
#1992=VECTOR('',#1995,1.0);
#1993=VECTOR('',#1996,1.0);
#1994=DIRECTION('',(0,0,1));
#1995=DIRECTION('',(-0.009409502492187536,-0.016296665250208734,-0.999822924304385));
#1996=DIRECTION('',(0.5000246472312385,0.8660111732311977,0));
#1997=FACE_SURFACE('',(#2002),#1998,.T.);
#1998=PLANE('',#1999);
#1999=AXIS2_PLACEMENT_3D('',#112,#2000,#2001);
#2000=DIRECTION('',(0.8660111732311977,-0.5000246472312385,0));
#2001=DIRECTION('',(0.009409502492187536,0.016296665250208734,0.999822924304385));
#2002=FACE_BOUND('',#2003,.T.);
#2003=EDGE_LOOP('',(#2004,#2005,#2006));
#2004=ORIENTED_EDGE('',*,*,#2007,.T.);
#2005=ORIENTED_EDGE('',*,*,#2008,.T.);
#2006=ORIENTED_EDGE('',*,*,#2009,.T.);
#2007=EDGE_CURVE('',#113,#127,#2010,.F.);
#2008=EDGE_CURVE('',#127,#115,#2011,.T.);
#2009=EDGE_CURVE('',#115,#113,#2012,.T.);
#2010=LINE('',#112,#2013);
#2011=LINE('',#126,#2014);
#2012=LINE('',#114,#2015);
#2013=VECTOR('',#2016,1.0);
#2014=VECTOR('',#2017,1.0);
#2015=VECTOR('',#2018,1.0);
#2016=DIRECTION('',(0.009409502492187536,0.016296665250208734,0.999822924304385));
#2017=DIRECTION('',(-0.5000246472312385,-0.8660111732311977,0));
#2018=DIRECTION('',(0,0,-1));
#2019=FACE_SURFACE('',(#2024),#2020,.T.);
#2020=PLANE('',#2021);
#2021=AXIS2_PLACEMENT_3D('',#114,#2022,#2023);
#2022=DIRECTION('',(0.6152888104365628,-0.3552605092102378,0.7037113402150359));
#2023=DIRECTION('',(0.5000246472312385,0.8660111732311977,0));
#2024=FACE_BOUND('',#2025,.T.);
#2025=EDGE_LOOP('',(#2026,#2027,#2028));
#2026=ORIENTED_EDGE('',*,*,#2029,.T.);
#2027=ORIENTED_EDGE('',*,*,#2030,.T.);
#2028=ORIENTED_EDGE('',*,*,#2031,.T.);
#2029=EDGE_CURVE('',#115,#127,#2032,.F.);
#2030=EDGE_CURVE('',#127,#117,#2033,.T.);
#2031=EDGE_CURVE('',#117,#115,#2034,.T.);
#2032=LINE('',#114,#2035);
#2033=LINE('',#126,#2036);
#2034=LINE('',#116,#2037);
#2035=VECTOR('',#2038,1.0);
#2036=VECTOR('',#2039,1.0);
#2037=VECTOR('',#2040,1.0);
#2038=DIRECTION('',(0.5000246472312385,0.8660111732311977,0));
#2039=DIRECTION('',(-0.6885649449718354,0.19241172243845825,0.6991824122674991));
#2040=DIRECTION('',(0.510904171303226,-0.5001159509135287,-0.6991859290537967));
#2041=FACE_SURFACE('',(#2046),#2042,.T.);
#2042=PLANE('',#2043);
#2043=AXIS2_PLACEMENT_3D('',#116,#2044,#2045);
#2044=DIRECTION('',(0.6380503836497795,-0.29745555554567954,0.7102196142035084));
#2045=DIRECTION('',(0.6885649449718354,-0.19241172243845825,-0.6991824122674991));
#2046=FACE_BOUND('',#2047,.T.);
#2047=EDGE_LOOP('',(#2048,#2049,#2050));
#2048=ORIENTED_EDGE('',*,*,#2051,.T.);
#2049=ORIENTED_EDGE('',*,*,#2052,.T.);
#2050=ORIENTED_EDGE('',*,*,#2053,.T.);
#2051=EDGE_CURVE('',#117,#127,#2054,.F.);
#2052=EDGE_CURVE('',#127,#129,#2055,.T.);
#2053=EDGE_CURVE('',#129,#117,#2056,.T.);
#2054=LINE('',#116,#2057);
#2055=LINE('',#126,#2058);
#2056=LINE('',#128,#2059);
#2057=VECTOR('',#2060,1.0);
#2058=VECTOR('',#2061,1.0);
#2059=VECTOR('',#2062,1.0);
#2060=DIRECTION('',(0.6885649449718354,-0.19241172243845825,-0.6991824122674991));
#2061=DIRECTION('',(-0.5601351700128029,0.4535845920201566,0.6931880042215363));
#2062=DIRECTION('',(-0.42253398925910923,-0.9063470791704373,0));
#2063=FACE_SURFACE('',(#2068),#2064,.T.);
#2064=PLANE('',#2065);
#2065=AXIS2_PLACEMENT_3D('',#128,#2066,#2067);
#2066=DIRECTION('',(0,0,1));
#2067=DIRECTION('',(-1,0,0));
#2068=FACE_BOUND('',#2069,.T.);
#2069=EDGE_LOOP('',(#2070,#2071,#2072));
#2070=ORIENTED_EDGE('',*,*,#2073,.T.);
#2071=ORIENTED_EDGE('',*,*,#2074,.T.);
#2072=ORIENTED_EDGE('',*,*,#2075,.T.);
#2073=EDGE_CURVE('',#129,#131,#2076,.F.);
#2074=EDGE_CURVE('',#131,#117,#2077,.T.);
#2075=EDGE_CURVE('',#117,#129,#2078,.T.);
#2076=LINE('',#128,#2079);
#2077=LINE('',#130,#2080);
#2078=LINE('',#116,#2081);
#2079=VECTOR('',#2082,1.0);
#2080=VECTOR('',#2083,1.0);
#2081=VECTOR('',#2084,1.0);
#2082=DIRECTION('',(-1,0,0));
#2083=DIRECTION('',(0.9961947529875849,-0.08715511528306683,0));
#2084=DIRECTION('',(0.42253398925910923,0.9063470791704373,0));
#2085=FACE_SURFACE('',(#2090),#2086,.T.);
#2086=PLANE('',#2087);
#2087=AXIS2_PLACEMENT_3D('',#116,#2088,#2089);
#2088=DIRECTION('',(0,0,1));
#2089=DIRECTION('',(-0.9961947529875849,0.08715511528306683,0));
#2090=FACE_BOUND('',#2091,.T.);
#2091=EDGE_LOOP('',(#2092,#2093,#2094));
#2092=ORIENTED_EDGE('',*,*,#2095,.T.);
#2093=ORIENTED_EDGE('',*,*,#2096,.T.);
#2094=ORIENTED_EDGE('',*,*,#2097,.T.);
#2095=EDGE_CURVE('',#117,#131,#2098,.F.);
#2096=EDGE_CURVE('',#131,#119,#2099,.T.);
#2097=EDGE_CURVE('',#119,#117,#2100,.T.);
#2098=LINE('',#116,#2101);
#2099=LINE('',#130,#2102);
#2100=LINE('',#118,#2103);
#2101=VECTOR('',#2104,1.0);
#2102=VECTOR('',#2105,1.0);
#2103=VECTOR('',#2106,1.0);
#2104=DIRECTION('',(-0.9961947529875849,0.08715511528306683,0));
#2105=DIRECTION('',(0.4226298652859864,-0.906302376124188,0));
#2106=DIRECTION('',(1,0,0));
#2107=FACE_SURFACE('',(#2112),#2108,.T.);
#2108=PLANE('',#2109);
#2109=AXIS2_PLACEMENT_3D('',#132,#2110,#2111);
#2110=DIRECTION('',(-0.6153118668603622,-0.35520555234377726,0.7037189226423913));
#2111=DIRECTION('',(0.4999525809001623,-0.8660527794835985,0));
#2112=FACE_BOUND('',#2113,.T.);
#2113=EDGE_LOOP('',(#2114,#2115,#2116));
#2114=ORIENTED_EDGE('',*,*,#2117,.T.);
#2115=ORIENTED_EDGE('',*,*,#2118,.T.);
#2116=ORIENTED_EDGE('',*,*,#2119,.T.);
#2117=EDGE_CURVE('',#133,#121,#2120,.F.);
#2118=EDGE_CURVE('',#121,#119,#2121,.T.);
#2119=EDGE_CURVE('',#119,#133,#2122,.T.);
#2120=LINE('',#132,#2123);
#2121=LINE('',#120,#2124);
#2122=LINE('',#118,#2125);
#2123=VECTOR('',#2126,1.0);
#2124=VECTOR('',#2127,1.0);
#2125=VECTOR('',#2128,1.0);
#2126=DIRECTION('',(0.4999525809001623,-0.8660527794835985,0));
#2127=DIRECTION('',(0.5109293992696188,0.500107227709518,0.6991737335989437));
#2128=DIRECTION('',(-0.6885649449718354,-0.19241172243845825,-0.6991824122674991));
#2129=FACE_SURFACE('',(#2134),#2130,.T.);
#2130=PLANE('',#2131);
#2131=AXIS2_PLACEMENT_3D('',#130,#2132,#2133);
#2132=DIRECTION('',(-0.6380245405877877,-0.29752567436811067,0.7102134599537969));
#2133=DIRECTION('',(-0.5601119418477787,-0.45359319148550165,-0.6932011463042366));
#2134=FACE_BOUND('',#2135,.T.);
#2135=EDGE_LOOP('',(#2136,#2137,#2138));
#2136=ORIENTED_EDGE('',*,*,#2139,.T.);
#2137=ORIENTED_EDGE('',*,*,#2140,.T.);
#2138=ORIENTED_EDGE('',*,*,#2141,.T.);
#2139=EDGE_CURVE('',#131,#133,#2142,.F.);
#2140=EDGE_CURVE('',#133,#119,#2143,.T.);
#2141=EDGE_CURVE('',#119,#131,#2144,.T.);
#2142=LINE('',#130,#2145);
#2143=LINE('',#132,#2146);
#2144=LINE('',#118,#2147);
#2145=VECTOR('',#2148,1.0);
#2146=VECTOR('',#2149,1.0);
#2147=VECTOR('',#2150,1.0);
#2148=DIRECTION('',(-0.5601119418477787,-0.45359319148550165,-0.6932011463042366));
#2149=DIRECTION('',(0.6885649449718354,0.19241172243845825,0.6991824122674991));
#2150=DIRECTION('',(-0.4226298652859864,0.906302376124188,0));
#2151=FACE_SURFACE('',(#2156),#2152,.T.);
#2152=PLANE('',#2153);
#2153=AXIS2_PLACEMENT_3D('',#122,#2154,#2155);
#2154=DIRECTION('',(-0.8660527794835986,-0.49995258090016237,0));
#2155=DIRECTION('',(0.009407694523389147,-0.01629666552744693,0.9998229413133313));
#2156=FACE_BOUND('',#2157,.T.);
#2157=EDGE_LOOP('',(#2158,#2159,#2160));
#2158=ORIENTED_EDGE('',*,*,#2161,.T.);
#2159=ORIENTED_EDGE('',*,*,#2162,.T.);
#2160=ORIENTED_EDGE('',*,*,#2163,.T.);
#2161=EDGE_CURVE('',#123,#121,#2164,.F.);
#2162=EDGE_CURVE('',#121,#133,#2165,.T.);
#2163=EDGE_CURVE('',#133,#123,#2166,.T.);
#2164=LINE('',#122,#2167);
#2165=LINE('',#120,#2168);
#2166=LINE('',#132,#2169);
#2167=VECTOR('',#2170,1.0);
#2168=VECTOR('',#2171,1.0);
#2169=VECTOR('',#2172,1.0);
#2170=DIRECTION('',(0.009407694523389147,-0.01629666552744693,0.9998229413133313));
#2171=DIRECTION('',(-0.4999525809001623,0.8660527794835985,0));
#2172=DIRECTION('',(0,0,-1));
#2173=FACE_SURFACE('',(#2178),#2174,.T.);
#2174=PLANE('',#2175);
#2175=AXIS2_PLACEMENT_3D('',#134,#2176,#2177);
#2176=DIRECTION('',(0,0,-1));
#2177=DIRECTION('',(0.9972039822564226,-0.07472762388790635,0));
#2178=FACE_BOUND('',#2179,.T.);
#2179=EDGE_LOOP('',(#2180,#2181,#2182));
#2180=ORIENTED_EDGE('',*,*,#2183,.T.);
#2181=ORIENTED_EDGE('',*,*,#2184,.T.);
#2182=ORIENTED_EDGE('',*,*,#2185,.T.);
#2183=EDGE_CURVE('',#135,#125,#2186,.F.);
#2184=EDGE_CURVE('',#125,#123,#2187,.T.);
#2185=EDGE_CURVE('',#123,#135,#2188,.T.);
#2186=LINE('',#134,#2189);
#2187=LINE('',#124,#2190);
#2188=LINE('',#122,#2191);
#2189=VECTOR('',#2192,1.0);
#2190=VECTOR('',#2193,1.0);
#2191=VECTOR('',#2194,1.0);
#2192=DIRECTION('',(0.9972039822564226,-0.07472762388790635,0));
#2193=DIRECTION('',(-1,0,0));
#2194=DIRECTION('',(-0.36541899153546187,0.9308431450170357,0));
#2195=FACE_SURFACE('',(#2200),#2196,.T.);
#2196=PLANE('',#2197);
#2197=AXIS2_PLACEMENT_3D('',#122,#2198,#2199);
#2198=DIRECTION('',(-0.9308431450170356,-0.3654189915354618,0));
#2199=DIRECTION('',(0,0,1));
#2200=FACE_BOUND('',#2201,.T.);
#2201=EDGE_LOOP('',(#2202,#2203,#2204));
#2202=ORIENTED_EDGE('',*,*,#2205,.T.);
#2203=ORIENTED_EDGE('',*,*,#2206,.T.);
#2204=ORIENTED_EDGE('',*,*,#2207,.T.);
#2205=EDGE_CURVE('',#123,#133,#2208,.F.);
#2206=EDGE_CURVE('',#133,#135,#2209,.T.);
#2207=EDGE_CURVE('',#135,#123,#2210,.T.);
#2208=LINE('',#122,#2211);
#2209=LINE('',#132,#2212);
#2210=LINE('',#134,#2213);
#2211=VECTOR('',#2214,1.0);
#2212=VECTOR('',#2215,1.0);
#2213=VECTOR('',#2216,1.0);
#2214=DIRECTION('',(0,0,1));
#2215=DIRECTION('',(-0.0068763140447675114,0.017516248306254343,-0.9998229329988544));
#2216=DIRECTION('',(0.36541899153546187,-0.9308431450170357,0));
#2217=FACE_SURFACE('',(#2222),#2218,.T.);
#2218=PLANE('',#2219);
#2219=AXIS2_PLACEMENT_3D('',#134,#2220,#2221);
#2220=DIRECTION('',(0,0,-1));
#2221=DIRECTION('',(1,0,0));
#2222=FACE_BOUND('',#2223,.T.);
#2223=EDGE_LOOP('',(#2224,#2225,#2226));
#2224=ORIENTED_EDGE('',*,*,#2227,.T.);
#2225=ORIENTED_EDGE('',*,*,#2228,.T.);
#2226=ORIENTED_EDGE('',*,*,#2229,.T.);
#2227=EDGE_CURVE('',#135,#137,#2230,.F.);
#2228=EDGE_CURVE('',#137,#125,#2231,.T.);
#2229=EDGE_CURVE('',#125,#135,#2232,.T.);
#2230=LINE('',#134,#2233);
#2231=LINE('',#136,#2234);
#2232=LINE('',#124,#2235);
#2233=VECTOR('',#2236,1.0);
#2234=VECTOR('',#2237,1.0);
#2235=VECTOR('',#2238,1.0);
#2236=DIRECTION('',(1,0,0));
#2237=DIRECTION('',(-0.36533573071787584,-0.9308758262307791,0));
#2238=DIRECTION('',(-0.9972039822564226,0.07472762388790635,0));
#2239=FACE_SURFACE('',(#2244),#2240,.T.);
#2240=PLANE('',#2241);
#2241=AXIS2_PLACEMENT_3D('',#136,#2242,#2243);
#2242=DIRECTION('',(0.9308758262307791,-0.3653357307178759,0));
#2243=DIRECTION('',(0,0,1));
#2244=FACE_BOUND('',#2245,.T.);
#2245=EDGE_LOOP('',(#2246,#2247,#2248));
#2246=ORIENTED_EDGE('',*,*,#2249,.T.);
#2247=ORIENTED_EDGE('',*,*,#2250,.T.);
#2248=ORIENTED_EDGE('',*,*,#2251,.T.);
#2249=EDGE_CURVE('',#137,#139,#2252,.F.);
#2250=EDGE_CURVE('',#139,#125,#2253,.T.);
#2251=EDGE_CURVE('',#125,#137,#2254,.T.);
#2252=LINE('',#136,#2255);
#2253=LINE('',#138,#2256);
#2254=LINE('',#124,#2257);
#2255=VECTOR('',#2258,1.0);
#2256=VECTOR('',#2259,1.0);
#2257=VECTOR('',#2260,1.0);
#2258=DIRECTION('',(0,0,1));
#2259=DIRECTION('',(-0.006874506001371387,-0.017516248524009813,-0.9998229454282804));
#2260=DIRECTION('',(0.36533573071787584,0.9308758262307791,0));
#2261=FACE_SURFACE('',(#2266),#2262,.T.);
#2262=PLANE('',#2263);
#2263=AXIS2_PLACEMENT_3D('',#124,#2264,#2265);
#2264=DIRECTION('',(0.9308758262307791,-0.3653357307178759,0));
#2265=DIRECTION('',(0.006874506001371387,0.017516248524009813,0.9998229454282804));
#2266=FACE_BOUND('',#2267,.T.);
#2267=EDGE_LOOP('',(#2268,#2269,#2270));
#2268=ORIENTED_EDGE('',*,*,#2271,.T.);
#2269=ORIENTED_EDGE('',*,*,#2272,.T.);
#2270=ORIENTED_EDGE('',*,*,#2273,.T.);
#2271=EDGE_CURVE('',#125,#139,#2274,.F.);
#2272=EDGE_CURVE('',#139,#127,#2275,.T.);
#2273=EDGE_CURVE('',#127,#125,#2276,.T.);
#2274=LINE('',#124,#2277);
#2275=LINE('',#138,#2278);
#2276=LINE('',#126,#2279);
#2277=VECTOR('',#2280,1.0);
#2278=VECTOR('',#2281,1.0);
#2279=VECTOR('',#2282,1.0);
#2280=DIRECTION('',(0.006874506001371387,0.017516248524009813,0.9998229454282804));
#2281=DIRECTION('',(-0.36533573071787584,-0.9308758262307791,0));
#2282=DIRECTION('',(0,0,-1));
#2283=FACE_SURFACE('',(#2288),#2284,.T.);
#2284=PLANE('',#2285);
#2285=AXIS2_PLACEMENT_3D('',#126,#2286,#2287);
#2286=DIRECTION('',(0.6611125620996736,-0.25946322179127324,0.7039950403033375));
#2287=DIRECTION('',(0.36533573071787584,0.9308758262307791,0));
#2288=FACE_BOUND('',#2289,.T.);
#2289=EDGE_LOOP('',(#2290,#2291,#2292));
#2290=ORIENTED_EDGE('',*,*,#2293,.T.);
#2291=ORIENTED_EDGE('',*,*,#2294,.T.);
#2292=ORIENTED_EDGE('',*,*,#2295,.T.);
#2293=EDGE_CURVE('',#127,#139,#2296,.F.);
#2294=EDGE_CURVE('',#139,#129,#2297,.T.);
#2295=EDGE_CURVE('',#129,#127,#2298,.T.);
#2296=LINE('',#126,#2299);
#2297=LINE('',#138,#2300);
#2298=LINE('',#128,#2301);
#2299=VECTOR('',#2302,1.0);
#2300=VECTOR('',#2303,1.0);
#2301=VECTOR('',#2304,1.0);
#2302=DIRECTION('',(0.36533573071787584,0.9308758262307791,0));
#2303=DIRECTION('',(-0.6991103081155094,0.1275684796416365,0.7035417969733986));
#2304=DIRECTION('',(0.5601351700128029,-0.4535845920201566,-0.6931880042215363));
#2305=FACE_SURFACE('',(#2310),#2306,.T.);
#2306=PLANE('',#2307);
#2307=AXIS2_PLACEMENT_3D('',#128,#2308,#2309);
#2308=DIRECTION('',(0.6806962278171466,-0.18242922103654313,0.7094872971008765));
#2309=DIRECTION('',(0.6991103081155094,-0.1275684796416365,-0.7035417969733986));
#2310=FACE_BOUND('',#2311,.T.);
#2311=EDGE_LOOP('',(#2312,#2313,#2314));
#2312=ORIENTED_EDGE('',*,*,#2315,.T.);
#2313=ORIENTED_EDGE('',*,*,#2316,.T.);
#2314=ORIENTED_EDGE('',*,*,#2317,.T.);
#2315=EDGE_CURVE('',#129,#139,#2318,.F.);
#2316=EDGE_CURVE('',#139,#141,#2319,.T.);
#2317=EDGE_CURVE('',#141,#129,#2320,.T.);
#2318=LINE('',#128,#2321);
#2319=LINE('',#138,#2322);
#2320=LINE('',#140,#2323);
#2321=VECTOR('',#2324,1.0);
#2322=VECTOR('',#2325,1.0);
#2323=VECTOR('',#2326,1.0);
#2324=DIRECTION('',(0.6991103081155094,-0.1275684796416365,-0.7035417969733986));
#2325=DIRECTION('',(-0.6071431239833937,0.4014417076600065,0.6857271923663983));
#2326=DIRECTION('',(-0.25886831760693735,-0.9659126224143433,0));
#2327=FACE_SURFACE('',(#2332),#2328,.T.);
#2328=PLANE('',#2329);
#2329=AXIS2_PLACEMENT_3D('',#140,#2330,#2331);
#2330=DIRECTION('',(0,0,1));
#2331=DIRECTION('',(-1,0,0));
#2332=FACE_BOUND('',#2333,.T.);
#2333=EDGE_LOOP('',(#2334,#2335,#2336));
#2334=ORIENTED_EDGE('',*,*,#2337,.T.);
#2335=ORIENTED_EDGE('',*,*,#2338,.T.);
#2336=ORIENTED_EDGE('',*,*,#2339,.T.);
#2337=EDGE_CURVE('',#141,#143,#2340,.F.);
#2338=EDGE_CURVE('',#143,#129,#2341,.T.);
#2339=EDGE_CURVE('',#129,#141,#2342,.T.);
#2340=LINE('',#140,#2343);
#2341=LINE('',#142,#2344);
#2342=LINE('',#128,#2345);
#2343=VECTOR('',#2346,1.0);
#2344=VECTOR('',#2347,1.0);
#2345=VECTOR('',#2348,1.0);
#2346=DIRECTION('',(-1,0,0));
#2347=DIRECTION('',(0.9961945290662485,-0.08715767469635462,0));
#2348=DIRECTION('',(0.25886831760693735,0.9659126224143433,0));
#2349=FACE_SURFACE('',(#2354),#2350,.T.);
#2350=PLANE('',#2351);
#2351=AXIS2_PLACEMENT_3D('',#128,#2352,#2353);
#2352=DIRECTION('',(0,0,1));
#2353=DIRECTION('',(-0.9961945290662485,0.08715767469635462,0));
#2354=FACE_BOUND('',#2355,.T.);
#2355=EDGE_LOOP('',(#2356,#2357,#2358));
#2356=ORIENTED_EDGE('',*,*,#2359,.T.);
#2357=ORIENTED_EDGE('',*,*,#2360,.T.);
#2358=ORIENTED_EDGE('',*,*,#2361,.T.);
#2359=EDGE_CURVE('',#129,#143,#2362,.F.);
#2360=EDGE_CURVE('',#143,#131,#2363,.T.);
#2361=EDGE_CURVE('',#131,#129,#2364,.T.);
#2362=LINE('',#128,#2365);
#2363=LINE('',#142,#2366);
#2364=LINE('',#130,#2367);
#2365=VECTOR('',#2368,1.0);
#2366=VECTOR('',#2369,1.0);
#2367=VECTOR('',#2370,1.0);
#2368=DIRECTION('',(-0.9961945290662485,0.08715767469635462,0));
#2369=DIRECTION('',(0.25886831760693735,-0.9659126224143433,0));
#2370=DIRECTION('',(1,0,0));
#2371=FACE_SURFACE('',(#2376),#2372,.T.);
#2372=PLANE('',#2373);
#2373=AXIS2_PLACEMENT_3D('',#144,#2374,#2375);
#2374=DIRECTION('',(-0.6610950958292989,-0.2595246089743302,0.7039888149730584));
#2375=DIRECTION('',(0.36541899153546187,-0.9308431450170357,0));
#2376=FACE_BOUND('',#2377,.T.);
#2377=EDGE_LOOP('',(#2378,#2379,#2380));
#2378=ORIENTED_EDGE('',*,*,#2381,.T.);
#2379=ORIENTED_EDGE('',*,*,#2382,.T.);
#2380=ORIENTED_EDGE('',*,*,#2383,.T.);
#2381=EDGE_CURVE('',#145,#133,#2384,.F.);
#2382=EDGE_CURVE('',#133,#131,#2385,.T.);
#2383=EDGE_CURVE('',#131,#145,#2386,.T.);
#2384=LINE('',#144,#2387);
#2385=LINE('',#132,#2388);
#2386=LINE('',#130,#2389);
#2387=VECTOR('',#2390,1.0);
#2388=VECTOR('',#2391,1.0);
#2389=VECTOR('',#2392,1.0);
#2390=DIRECTION('',(0.36541899153546187,-0.9308431450170357,0));
#2391=DIRECTION('',(0.5601119418477787,0.45359319148550165,0.6932011463042366));
#2392=DIRECTION('',(-0.6991103081155094,-0.1275684796416365,-0.7035417969733986));
#2393=FACE_SURFACE('',(#2398),#2394,.T.);
#2394=PLANE('',#2395);
#2395=AXIS2_PLACEMENT_3D('',#142,#2396,#2397);
#2396=DIRECTION('',(-0.6806962278171466,-0.18242922103654313,0.7094872971008765));
#2397=DIRECTION('',(-0.6071431239833937,-0.4014417076600065,-0.6857271923663983));
#2398=FACE_BOUND('',#2399,.T.);
#2399=EDGE_LOOP('',(#2400,#2401,#2402));
#2400=ORIENTED_EDGE('',*,*,#2403,.T.);
#2401=ORIENTED_EDGE('',*,*,#2404,.T.);
#2402=ORIENTED_EDGE('',*,*,#2405,.T.);
#2403=EDGE_CURVE('',#143,#145,#2406,.F.);
#2404=EDGE_CURVE('',#145,#131,#2407,.T.);
#2405=EDGE_CURVE('',#131,#143,#2408,.T.);
#2406=LINE('',#142,#2409);
#2407=LINE('',#144,#2410);
#2408=LINE('',#130,#2411);
#2409=VECTOR('',#2412,1.0);
#2410=VECTOR('',#2413,1.0);
#2411=VECTOR('',#2414,1.0);
#2412=DIRECTION('',(-0.6071431239833937,-0.4014417076600065,-0.6857271923663983));
#2413=DIRECTION('',(0.6991103081155094,0.1275684796416365,0.7035417969733986));
#2414=DIRECTION('',(-0.25886831760693735,0.9659126224143433,0));
#2415=FACE_SURFACE('',(#2420),#2416,.T.);
#2416=PLANE('',#2417);
#2417=AXIS2_PLACEMENT_3D('',#134,#2418,#2419);
#2418=DIRECTION('',(-0.9308431450170356,-0.3654189915354618,0));
#2419=DIRECTION('',(0.0068763140447675114,-0.017516248306254343,0.9998229329988544));
#2420=FACE_BOUND('',#2421,.T.);
#2421=EDGE_LOOP('',(#2422,#2423,#2424));
#2422=ORIENTED_EDGE('',*,*,#2425,.T.);
#2423=ORIENTED_EDGE('',*,*,#2426,.T.);
#2424=ORIENTED_EDGE('',*,*,#2427,.T.);
#2425=EDGE_CURVE('',#135,#133,#2428,.F.);
#2426=EDGE_CURVE('',#133,#145,#2429,.T.);
#2427=EDGE_CURVE('',#145,#135,#2430,.T.);
#2428=LINE('',#134,#2431);
#2429=LINE('',#132,#2432);
#2430=LINE('',#144,#2433);
#2431=VECTOR('',#2434,1.0);
#2432=VECTOR('',#2435,1.0);
#2433=VECTOR('',#2436,1.0);
#2434=DIRECTION('',(0.0068763140447675114,-0.017516248306254343,0.9998229329988544));
#2435=DIRECTION('',(-0.36541899153546187,0.9308431450170357,0));
#2436=DIRECTION('',(0,0,-1));
#2437=FACE_SURFACE('',(#2442),#2438,.T.);
#2438=PLANE('',#2439);
#2439=AXIS2_PLACEMENT_3D('',#146,#2440,#2441);
#2440=DIRECTION('',(0,0,-1));
#2441=DIRECTION('',(0.9972035516572547,-0.07473336980330039,0));
#2442=FACE_BOUND('',#2443,.T.);
#2443=EDGE_LOOP('',(#2444,#2445,#2446));
#2444=ORIENTED_EDGE('',*,*,#2447,.T.);
#2445=ORIENTED_EDGE('',*,*,#2448,.T.);
#2446=ORIENTED_EDGE('',*,*,#2449,.T.);
#2447=EDGE_CURVE('',#147,#137,#2450,.F.);
#2448=EDGE_CURVE('',#137,#135,#2451,.T.);
#2449=EDGE_CURVE('',#135,#147,#2452,.T.);
#2450=LINE('',#146,#2453);
#2451=LINE('',#136,#2454);
#2452=LINE('',#134,#2455);
#2453=VECTOR('',#2456,1.0);
#2454=VECTOR('',#2457,1.0);
#2455=VECTOR('',#2458,1.0);
#2456=DIRECTION('',(0.9972035516572547,-0.07473336980330039,0));
#2457=DIRECTION('',(-1,0,0));
#2458=DIRECTION('',(-0.22252737476279563,0.9749264420873905,0));
#2459=FACE_SURFACE('',(#2464),#2460,.T.);
#2460=PLANE('',#2461);
#2461=AXIS2_PLACEMENT_3D('',#134,#2462,#2463);
#2462=DIRECTION('',(-0.9749264420873908,-0.22252737476279566,0));
#2463=DIRECTION('',(0,0,1));
#2464=FACE_BOUND('',#2465,.T.);
#2465=EDGE_LOOP('',(#2466,#2467,#2468));
#2466=ORIENTED_EDGE('',*,*,#2469,.T.);
#2467=ORIENTED_EDGE('',*,*,#2470,.T.);
#2468=ORIENTED_EDGE('',*,*,#2471,.T.);
#2469=EDGE_CURVE('',#135,#145,#2472,.F.);
#2470=EDGE_CURVE('',#145,#147,#2473,.T.);
#2471=EDGE_CURVE('',#147,#135,#2474,.T.);
#2472=LINE('',#134,#2475);
#2473=LINE('',#144,#2476);
#2474=LINE('',#146,#2477);
#2475=VECTOR('',#2478,1.0);
#2476=VECTOR('',#2479,1.0);
#2477=VECTOR('',#2480,1.0);
#2478=DIRECTION('',(0,0,1));
#2479=DIRECTION('',(-0.00418762636583502,0.018346631186328365,-0.9998229167755323));
#2480=DIRECTION('',(0.22252737476279563,-0.9749264420873905,0));
#2481=FACE_SURFACE('',(#2486),#2482,.T.);
#2482=PLANE('',#2483);
#2483=AXIS2_PLACEMENT_3D('',#146,#2484,#2485);
#2484=DIRECTION('',(0,0,-1));
#2485=DIRECTION('',(1,0,0));
#2486=FACE_BOUND('',#2487,.T.);
#2487=EDGE_LOOP('',(#2488,#2489,#2490));
#2488=ORIENTED_EDGE('',*,*,#2491,.T.);
#2489=ORIENTED_EDGE('',*,*,#2492,.T.);
#2490=ORIENTED_EDGE('',*,*,#2493,.T.);
#2491=EDGE_CURVE('',#147,#149,#2494,.F.);
#2492=EDGE_CURVE('',#149,#137,#2495,.T.);
#2493=EDGE_CURVE('',#137,#147,#2496,.T.);
#2494=LINE('',#146,#2497);
#2495=LINE('',#148,#2498);
#2496=LINE('',#136,#2499);
#2497=VECTOR('',#2500,1.0);
#2498=VECTOR('',#2501,1.0);
#2499=VECTOR('',#2502,1.0);
#2500=DIRECTION('',(1,0,0));
#2501=DIRECTION('',(-0.22252737476279563,-0.9749264420873905,0));
#2502=DIRECTION('',(-0.9972035516572547,0.07473336980330039,0));
#2503=FACE_SURFACE('',(#2508),#2504,.T.);
#2504=PLANE('',#2505);
#2505=AXIS2_PLACEMENT_3D('',#148,#2506,#2507);
#2506=DIRECTION('',(0.9749264420873908,-0.22252737476279566,0));
#2507=DIRECTION('',(0,0,1));
#2508=FACE_BOUND('',#2509,.T.);
#2509=EDGE_LOOP('',(#2510,#2511,#2512));
#2510=ORIENTED_EDGE('',*,*,#2513,.T.);
#2511=ORIENTED_EDGE('',*,*,#2514,.T.);
#2512=ORIENTED_EDGE('',*,*,#2515,.T.);
#2513=EDGE_CURVE('',#149,#151,#2516,.F.);
#2514=EDGE_CURVE('',#151,#137,#2517,.T.);
#2515=EDGE_CURVE('',#137,#149,#2518,.T.);
#2516=LINE('',#148,#2519);
#2517=LINE('',#150,#2520);
#2518=LINE('',#136,#2521);
#2519=VECTOR('',#2522,1.0);
#2520=VECTOR('',#2523,1.0);
#2521=VECTOR('',#2524,1.0);
#2522=DIRECTION('',(0,0,1));
#2523=DIRECTION('',(-0.00418762636583502,-0.018346631186328365,-0.9998229167755323));
#2524=DIRECTION('',(0.22252737476279563,0.9749264420873905,0));
#2525=FACE_SURFACE('',(#2530),#2526,.T.);
#2526=PLANE('',#2527);
#2527=AXIS2_PLACEMENT_3D('',#136,#2528,#2529);
#2528=DIRECTION('',(0.9749264420873908,-0.22252737476279566,0));
#2529=DIRECTION('',(0.00418762636583502,0.018346631186328365,0.9998229167755323));
#2530=FACE_BOUND('',#2531,.T.);
#2531=EDGE_LOOP('',(#2532,#2533,#2534));
#2532=ORIENTED_EDGE('',*,*,#2535,.T.);
#2533=ORIENTED_EDGE('',*,*,#2536,.T.);
#2534=ORIENTED_EDGE('',*,*,#2537,.T.);
#2535=EDGE_CURVE('',#137,#151,#2538,.F.);
#2536=EDGE_CURVE('',#151,#139,#2539,.T.);
#2537=EDGE_CURVE('',#139,#137,#2540,.T.);
#2538=LINE('',#136,#2541);
#2539=LINE('',#150,#2542);
#2540=LINE('',#138,#2543);
#2541=VECTOR('',#2544,1.0);
#2542=VECTOR('',#2545,1.0);
#2543=VECTOR('',#2546,1.0);
#2544=DIRECTION('',(0.00418762636583502,0.018346631186328365,0.9998229167755323));
#2545=DIRECTION('',(-0.22252737476279563,-0.9749264420873905,0));
#2546=DIRECTION('',(0,0,-1));
#2547=FACE_SURFACE('',(#2552),#2548,.T.);
#2548=PLANE('',#2549);
#2549=AXIS2_PLACEMENT_3D('',#138,#2550,#2551);
#2550=DIRECTION('',(0.6916304365928122,-0.15786494110419128,0.7047879110403401));
#2551=DIRECTION('',(0.22252737476279563,0.9749264420873905,0));
#2552=FACE_BOUND('',#2553,.T.);
#2553=EDGE_LOOP('',(#2554,#2555,#2556));
#2554=ORIENTED_EDGE('',*,*,#2557,.T.);
#2555=ORIENTED_EDGE('',*,*,#2558,.T.);
#2556=ORIENTED_EDGE('',*,*,#2559,.T.);
#2557=EDGE_CURVE('',#139,#151,#2560,.F.);
#2558=EDGE_CURVE('',#151,#141,#2561,.T.);
#2559=EDGE_CURVE('',#141,#139,#2562,.T.);
#2560=LINE('',#138,#2563);
#2561=LINE('',#150,#2564);
#2562=LINE('',#140,#2565);
#2563=VECTOR('',#2566,1.0);
#2564=VECTOR('',#2567,1.0);
#2565=VECTOR('',#2568,1.0);
#2566=DIRECTION('',(0.22252737476279563,0.9749264420873905,0));
#2567=DIRECTION('',(-0.7051430755949741,0.06354356704741741,0.7062120489111972));
#2568=DIRECTION('',(0.6071431239833937,-0.4014417076600065,-0.6857271923663983));
#2569=FACE_SURFACE('',(#2574),#2570,.T.);
#2570=PLANE('',#2571);
#2571=AXIS2_PLACEMENT_3D('',#140,#2572,#2573);
#2572=DIRECTION('',(0.7035239896536106,-0.06157200085190793,0.7079992123533465));
#2573=DIRECTION('',(0.7051430755949741,-0.06354356704741741,-0.7062120489111972));
#2574=FACE_BOUND('',#2575,.T.);
#2575=EDGE_LOOP('',(#2576,#2577,#2578));
#2576=ORIENTED_EDGE('',*,*,#2579,.T.);
#2577=ORIENTED_EDGE('',*,*,#2580,.T.);
#2578=ORIENTED_EDGE('',*,*,#2581,.T.);
#2579=EDGE_CURVE('',#141,#151,#2582,.F.);
#2580=EDGE_CURVE('',#151,#153,#2583,.T.);
#2581=EDGE_CURVE('',#153,#141,#2584,.T.);
#2582=LINE('',#140,#2585);
#2583=LINE('',#150,#2586);
#2584=LINE('',#152,#2587);
#2585=VECTOR('',#2588,1.0);
#2586=VECTOR('',#2589,1.0);
#2587=VECTOR('',#2590,1.0);
#2588=DIRECTION('',(0.7051430755949741,-0.06354356704741741,-0.7062120489111972));
#2589=DIRECTION('',(-0.6512205371684808,0.3430294759280527,0.6769361791295547));
#2590=DIRECTION('',(-0.08718613431523538,-0.9961920387069783,0));
#2591=FACE_SURFACE('',(#2596),#2592,.T.);
#2592=PLANE('',#2593);
#2593=AXIS2_PLACEMENT_3D('',#152,#2594,#2595);
#2594=DIRECTION('',(0,0,1));
#2595=DIRECTION('',(-1,0,0));
#2596=FACE_BOUND('',#2597,.T.);
#2597=EDGE_LOOP('',(#2598,#2599,#2600));
#2598=ORIENTED_EDGE('',*,*,#2601,.T.);
#2599=ORIENTED_EDGE('',*,*,#2602,.T.);
#2600=ORIENTED_EDGE('',*,*,#2603,.T.);
#2601=EDGE_CURVE('',#153,#155,#2604,.F.);
#2602=EDGE_CURVE('',#155,#141,#2605,.T.);
#2603=EDGE_CURVE('',#141,#153,#2606,.T.);
#2604=LINE('',#152,#2607);
#2605=LINE('',#154,#2608);
#2606=LINE('',#140,#2609);
#2607=VECTOR('',#2610,1.0);
#2608=VECTOR('',#2611,1.0);
#2609=VECTOR('',#2612,1.0);
#2610=DIRECTION('',(-1,0,0));
#2611=DIRECTION('',(0.9961945930715462,-0.08715694312569999,0));
#2612=DIRECTION('',(0.08718613431523538,0.9961920387069783,0));
#2613=FACE_SURFACE('',(#2618),#2614,.T.);
#2614=PLANE('',#2615);
#2615=AXIS2_PLACEMENT_3D('',#140,#2616,#2617);
#2616=DIRECTION('',(0,0,1));
#2617=DIRECTION('',(-0.9961945930715462,0.08715694312569999,0));
#2618=FACE_BOUND('',#2619,.T.);
#2619=EDGE_LOOP('',(#2620,#2621,#2622));
#2620=ORIENTED_EDGE('',*,*,#2623,.T.);
#2621=ORIENTED_EDGE('',*,*,#2624,.T.);
#2622=ORIENTED_EDGE('',*,*,#2625,.T.);
#2623=EDGE_CURVE('',#141,#155,#2626,.F.);
#2624=EDGE_CURVE('',#155,#143,#2627,.T.);
#2625=EDGE_CURVE('',#143,#141,#2628,.T.);
#2626=LINE('',#140,#2629);
#2627=LINE('',#154,#2630);
#2628=LINE('',#142,#2631);
#2629=VECTOR('',#2632,1.0);
#2630=VECTOR('',#2633,1.0);
#2631=VECTOR('',#2634,1.0);
#2632=DIRECTION('',(-0.9961945930715462,0.08715694312569999,0));
#2633=DIRECTION('',(0.0870703047090349,-0.9962021692597722,0));
#2634=DIRECTION('',(1,0,0));
#2635=FACE_SURFACE('',(#2640),#2636,.T.);
#2636=PLANE('',#2637);
#2637=AXIS2_PLACEMENT_3D('',#156,#2638,#2639);
#2638=DIRECTION('',(-0.6916304365928122,-0.15786494110419128,0.7047879110403401));
#2639=DIRECTION('',(0.22252737476279563,-0.9749264420873905,0));
#2640=FACE_BOUND('',#2641,.T.);
#2641=EDGE_LOOP('',(#2642,#2643,#2644));
#2642=ORIENTED_EDGE('',*,*,#2645,.T.);
#2643=ORIENTED_EDGE('',*,*,#2646,.T.);
#2644=ORIENTED_EDGE('',*,*,#2647,.T.);
#2645=EDGE_CURVE('',#157,#145,#2648,.F.);
#2646=EDGE_CURVE('',#145,#143,#2649,.T.);
#2647=EDGE_CURVE('',#143,#157,#2650,.T.);
#2648=LINE('',#156,#2651);
#2649=LINE('',#144,#2652);
#2650=LINE('',#142,#2653);
#2651=VECTOR('',#2654,1.0);
#2652=VECTOR('',#2655,1.0);
#2653=VECTOR('',#2656,1.0);
#2654=DIRECTION('',(0.22252737476279563,-0.9749264420873905,0));
#2655=DIRECTION('',(0.6071431239833937,0.4014417076600065,0.6857271923663983));
#2656=DIRECTION('',(-0.7051430755949741,-0.06354356704741741,-0.7062120489111972));
#2657=FACE_SURFACE('',(#2662),#2658,.T.);
#2658=PLANE('',#2659);
#2659=AXIS2_PLACEMENT_3D('',#156,#2660,#2661);
#2660=DIRECTION('',(-0.7035312519408168,-0.061490209888152,0.7079991042582595));
#2661=DIRECTION('',(0.7051430755949741,0.06354356704741741,0.7062120489111972));
#2662=FACE_BOUND('',#2663,.T.);
#2663=EDGE_LOOP('',(#2664,#2665,#2666));
#2664=ORIENTED_EDGE('',*,*,#2667,.T.);
#2665=ORIENTED_EDGE('',*,*,#2668,.T.);
#2666=ORIENTED_EDGE('',*,*,#2669,.T.);
#2667=EDGE_CURVE('',#157,#143,#2670,.F.);
#2668=EDGE_CURVE('',#143,#155,#2671,.T.);
#2669=EDGE_CURVE('',#155,#157,#2672,.T.);
#2670=LINE('',#156,#2673);
#2671=LINE('',#142,#2674);
#2672=LINE('',#154,#2675);
#2673=VECTOR('',#2676,1.0);
#2674=VECTOR('',#2677,1.0);
#2675=VECTOR('',#2678,1.0);
#2676=DIRECTION('',(0.7051430755949741,0.06354356704741741,0.7062120489111972));
#2677=DIRECTION('',(-0.0870703047090349,0.9962021692597722,0));
#2678=DIRECTION('',(-0.6512395724689793,-0.34302209222367497,-0.6769216080883469));
#2679=FACE_SURFACE('',(#2684),#2680,.T.);
#2680=PLANE('',#2681);
#2681=AXIS2_PLACEMENT_3D('',#146,#2682,#2683);
#2682=DIRECTION('',(-0.9749264420873908,-0.22252737476279566,0));
#2683=DIRECTION('',(0.00418762636583502,-0.018346631186328365,0.9998229167755323));
#2684=FACE_BOUND('',#2685,.T.);
#2685=EDGE_LOOP('',(#2686,#2687,#2688));
#2686=ORIENTED_EDGE('',*,*,#2689,.T.);
#2687=ORIENTED_EDGE('',*,*,#2690,.T.);
#2688=ORIENTED_EDGE('',*,*,#2691,.T.);
#2689=EDGE_CURVE('',#147,#145,#2692,.F.);
#2690=EDGE_CURVE('',#145,#157,#2693,.T.);
#2691=EDGE_CURVE('',#157,#147,#2694,.T.);
#2692=LINE('',#146,#2695);
#2693=LINE('',#144,#2696);
#2694=LINE('',#156,#2697);
#2695=VECTOR('',#2698,1.0);
#2696=VECTOR('',#2699,1.0);
#2697=VECTOR('',#2700,1.0);
#2698=DIRECTION('',(0.00418762636583502,-0.018346631186328365,0.9998229167755323));
#2699=DIRECTION('',(-0.22252737476279563,0.9749264420873905,0));
#2700=DIRECTION('',(0,0,-1));
#2701=FACE_SURFACE('',(#2706),#2702,.T.);
#2702=PLANE('',#2703);
#2703=AXIS2_PLACEMENT_3D('',#158,#2704,#2705);
#2704=DIRECTION('',(0,0,-1));
#2705=DIRECTION('',(0.9972038460057288,-0.07472944206524453,0));
#2706=FACE_BOUND('',#2707,.T.);
#2707=EDGE_LOOP('',(#2708,#2709,#2710));
#2708=ORIENTED_EDGE('',*,*,#2711,.T.);
#2709=ORIENTED_EDGE('',*,*,#2712,.T.);
#2710=ORIENTED_EDGE('',*,*,#2713,.T.);
#2711=EDGE_CURVE('',#159,#149,#2714,.F.);
#2712=EDGE_CURVE('',#149,#147,#2715,.T.);
#2713=EDGE_CURVE('',#147,#159,#2716,.T.);
#2714=LINE('',#158,#2717);
#2715=LINE('',#148,#2718);
#2716=LINE('',#146,#2719);
#2717=VECTOR('',#2720,1.0);
#2718=VECTOR('',#2721,1.0);
#2719=VECTOR('',#2722,1.0);
#2720=DIRECTION('',(0.9972038460057288,-0.07472944206524453,0));
#2721=DIRECTION('',(-1,0,0));
#2722=DIRECTION('',(-0.07466095340512234,0.997208976111145,0));
#2723=FACE_SURFACE('',(#2728),#2724,.T.);
#2724=PLANE('',#2725);
#2725=AXIS2_PLACEMENT_3D('',#146,#2726,#2727);
#2726=DIRECTION('',(-0.997208976111145,-0.07466095340512234,0));
#2727=DIRECTION('',(0,0,1));
#2728=FACE_BOUND('',#2729,.T.);
#2729=EDGE_LOOP('',(#2730,#2731,#2732));
#2730=ORIENTED_EDGE('',*,*,#2733,.T.);
#2731=ORIENTED_EDGE('',*,*,#2734,.T.);
#2732=ORIENTED_EDGE('',*,*,#2735,.T.);
#2733=EDGE_CURVE('',#147,#157,#2736,.F.);
#2734=EDGE_CURVE('',#157,#159,#2737,.T.);
#2735=EDGE_CURVE('',#159,#147,#2738,.T.);
#2736=LINE('',#146,#2739);
#2737=LINE('',#156,#2740);
#2738=LINE('',#158,#2741);
#2739=VECTOR('',#2742,1.0);
#2740=VECTOR('',#2743,1.0);
#2741=VECTOR('',#2744,1.0);
#2742=DIRECTION('',(0,0,1));
#2743=DIRECTION('',(-0.001404916131062138,0.01876476140046701,-0.9998229392948775));
#2744=DIRECTION('',(0.07466095340512234,-0.997208976111145,0));
#2745=FACE_SURFACE('',(#2750),#2746,.T.);
#2746=PLANE('',#2747);
#2747=AXIS2_PLACEMENT_3D('',#158,#2748,#2749);
#2748=DIRECTION('',(0,0,-1));
#2749=DIRECTION('',(1,0,0));
#2750=FACE_BOUND('',#2751,.T.);
#2751=EDGE_LOOP('',(#2752,#2753,#2754));
#2752=ORIENTED_EDGE('',*,*,#2755,.T.);
#2753=ORIENTED_EDGE('',*,*,#2756,.T.);
#2754=ORIENTED_EDGE('',*,*,#2757,.T.);
#2755=EDGE_CURVE('',#159,#161,#2758,.F.);
#2756=EDGE_CURVE('',#161,#149,#2759,.T.);
#2757=EDGE_CURVE('',#149,#159,#2760,.T.);
#2758=LINE('',#158,#2761);
#2759=LINE('',#160,#2762);
#2760=LINE('',#148,#2763);
#2761=VECTOR('',#2764,1.0);
#2762=VECTOR('',#2765,1.0);
#2763=VECTOR('',#2766,1.0);
#2764=DIRECTION('',(1,0,0));
#2765=DIRECTION('',(-0.07475650549611494,-0.9972018175304381,0));
#2766=DIRECTION('',(-0.9972038460057288,0.07472944206524453,0));
#2767=FACE_SURFACE('',(#2772),#2768,.T.);
#2768=PLANE('',#2769);
#2769=AXIS2_PLACEMENT_3D('',#160,#2770,#2771);
#2770=DIRECTION('',(0.9972018175304382,-0.07475650549611496,0));
#2771=DIRECTION('',(0,0,1));
#2772=FACE_BOUND('',#2773,.T.);
#2773=EDGE_LOOP('',(#2774,#2775,#2776));
#2774=ORIENTED_EDGE('',*,*,#2777,.T.);
#2775=ORIENTED_EDGE('',*,*,#2778,.T.);
#2776=ORIENTED_EDGE('',*,*,#2779,.T.);
#2777=EDGE_CURVE('',#161,#163,#2780,.F.);
#2778=EDGE_CURVE('',#163,#149,#2781,.T.);
#2779=EDGE_CURVE('',#149,#161,#2782,.T.);
#2780=LINE('',#160,#2783);
#2781=LINE('',#162,#2784);
#2782=LINE('',#148,#2785);
#2783=VECTOR('',#2786,1.0);
#2784=VECTOR('',#2787,1.0);
#2785=VECTOR('',#2788,1.0);
#2786=DIRECTION('',(0,0,1));
#2787=DIRECTION('',(-0.0014067242563551856,-0.018764761352768788,-0.9998229367534234));
#2788=DIRECTION('',(0.07475650549611494,0.9972018175304381,0));
#2789=FACE_SURFACE('',(#2794),#2790,.T.);
#2790=PLANE('',#2791);
#2791=AXIS2_PLACEMENT_3D('',#148,#2792,#2793);
#2792=DIRECTION('',(0.9972018175304382,-0.07475650549611496,0));
#2793=DIRECTION('',(0.0014067242563551856,0.018764761352768788,0.9998229367534234));
#2794=FACE_BOUND('',#2795,.T.);
#2795=EDGE_LOOP('',(#2796,#2797,#2798));
#2796=ORIENTED_EDGE('',*,*,#2799,.T.);
#2797=ORIENTED_EDGE('',*,*,#2800,.T.);
#2798=ORIENTED_EDGE('',*,*,#2801,.T.);
#2799=EDGE_CURVE('',#149,#163,#2802,.F.);
#2800=EDGE_CURVE('',#163,#151,#2803,.T.);
#2801=EDGE_CURVE('',#151,#149,#2804,.T.);
#2802=LINE('',#148,#2805);
#2803=LINE('',#162,#2806);
#2804=LINE('',#150,#2807);
#2805=VECTOR('',#2808,1.0);
#2806=VECTOR('',#2809,1.0);
#2807=VECTOR('',#2810,1.0);
#2808=DIRECTION('',(0.0014067242563551856,0.018764761352768788,0.9998229367534234));
#2809=DIRECTION('',(-0.07475650549611494,-0.9972018175304381,0));
#2810=DIRECTION('',(0,0,-1));
#2811=FACE_SURFACE('',(#2816),#2812,.T.);
#2812=PLANE('',#2813);
#2813=AXIS2_PLACEMENT_3D('',#150,#2814,#2815);
#2814=DIRECTION('',(0.706115395184541,-0.05293484076446068,0.706115395184541));
#2815=DIRECTION('',(0.07475650549611494,0.9972018175304381,0));
#2816=FACE_BOUND('',#2817,.T.);
#2817=EDGE_LOOP('',(#2818,#2819,#2820));
#2818=ORIENTED_EDGE('',*,*,#2821,.T.);
#2819=ORIENTED_EDGE('',*,*,#2822,.T.);
#2820=ORIENTED_EDGE('',*,*,#2823,.T.);
#2821=EDGE_CURVE('',#151,#163,#2824,.F.);
#2822=EDGE_CURVE('',#163,#153,#2825,.T.);
#2823=EDGE_CURVE('',#153,#151,#2826,.T.);
#2824=LINE('',#150,#2827);
#2825=LINE('',#162,#2828);
#2826=LINE('',#152,#2829);
#2827=VECTOR('',#2830,1.0);
#2828=VECTOR('',#2831,1.0);
#2829=VECTOR('',#2832,1.0);
#2830=DIRECTION('',(0.07475650549611494,0.9972018175304381,0));
#2831=DIRECTION('',(-0.7071067811865475,0,0.7071067811865475));
#2832=DIRECTION('',(0.6512205371684808,-0.3430294759280527,-0.6769361791295547));
#2833=FACE_SURFACE('',(#2838),#2834,.T.);
#2834=PLANE('',#2835);
#2835=AXIS2_PLACEMENT_3D('',#164,#2836,#2837);
#2836=DIRECTION('',(0,0,1));
#2837=DIRECTION('',(-1,0,0));
#2838=FACE_BOUND('',#2839,.T.);
#2839=EDGE_LOOP('',(#2840,#2841,#2842));
#2840=ORIENTED_EDGE('',*,*,#2843,.T.);
#2841=ORIENTED_EDGE('',*,*,#2844,.T.);
#2842=ORIENTED_EDGE('',*,*,#2845,.T.);
#2843=EDGE_CURVE('',#165,#167,#2846,.F.);
#2844=EDGE_CURVE('',#167,#153,#2847,.T.);
#2845=EDGE_CURVE('',#153,#165,#2848,.T.);
#2846=LINE('',#164,#2849);
#2847=LINE('',#166,#2850);
#2848=LINE('',#152,#2851);
#2849=VECTOR('',#2852,1.0);
#2850=VECTOR('',#2853,1.0);
#2851=VECTOR('',#2854,1.0);
#2852=DIRECTION('',(-1,0,0));
#2853=DIRECTION('',(0.9961948922841083,-0.08715352309031411,0));
#2854=DIRECTION('',(-0.08718866868450359,0.9961918168972399,0));
#2855=FACE_SURFACE('',(#2860),#2856,.T.);
#2856=PLANE('',#2857);
#2857=AXIS2_PLACEMENT_3D('',#168,#2858,#2859);
#2858=DIRECTION('',(0.7035238306998388,0.06157379045492438,0.7079992146651277));
#2859=DIRECTION('',(-0.7051430755949741,-0.06354356704741741,0.7062120489111972));
#2860=FACE_BOUND('',#2861,.T.);
#2861=EDGE_LOOP('',(#2862,#2863,#2864));
#2862=ORIENTED_EDGE('',*,*,#2865,.T.);
#2863=ORIENTED_EDGE('',*,*,#2866,.T.);
#2864=ORIENTED_EDGE('',*,*,#2867,.T.);
#2865=EDGE_CURVE('',#169,#165,#2868,.F.);
#2866=EDGE_CURVE('',#165,#153,#2869,.T.);
#2867=EDGE_CURVE('',#153,#169,#2870,.T.);
#2868=LINE('',#168,#2871);
#2869=LINE('',#164,#2872);
#2870=LINE('',#152,#2873);
#2871=VECTOR('',#2874,1.0);
#2872=VECTOR('',#2875,1.0);
#2873=VECTOR('',#2876,1.0);
#2874=DIRECTION('',(-0.7051430755949741,-0.06354356704741741,0.7062120489111972));
#2875=DIRECTION('',(0.08718866868450359,-0.9961918168972399,0));
#2876=DIRECTION('',(0.6512223830929456,0.3430221848615783,-0.6769380979465803));
#2877=FACE_SURFACE('',(#2882),#2878,.T.);
#2878=PLANE('',#2879);
#2879=AXIS2_PLACEMENT_3D('',#152,#2880,#2881);
#2880=DIRECTION('',(0,0,1));
#2881=DIRECTION('',(-0.9961948922841083,0.08715352309031411,0));
#2882=FACE_BOUND('',#2883,.T.);
#2883=EDGE_LOOP('',(#2884,#2885,#2886));
#2884=ORIENTED_EDGE('',*,*,#2887,.T.);
#2885=ORIENTED_EDGE('',*,*,#2888,.T.);
#2886=ORIENTED_EDGE('',*,*,#2889,.T.);
#2887=EDGE_CURVE('',#153,#167,#2890,.F.);
#2888=EDGE_CURVE('',#167,#155,#2891,.T.);
#2889=EDGE_CURVE('',#155,#153,#2892,.T.);
#2890=LINE('',#152,#2893);
#2891=LINE('',#166,#2894);
#2892=LINE('',#154,#2895);
#2893=VECTOR('',#2896,1.0);
#2894=VECTOR('',#2897,1.0);
#2895=VECTOR('',#2898,1.0);
#2896=DIRECTION('',(-0.9961948922841083,0.08715352309031411,0));
#2897=DIRECTION('',(-0.08707283576279079,-0.9962019480367552,0));
#2898=DIRECTION('',(1,0,0));
#2899=FACE_SURFACE('',(#2904),#2900,.T.);
#2900=PLANE('',#2901);
#2901=AXIS2_PLACEMENT_3D('',#162,#2902,#2903);
#2902=DIRECTION('',(0.7061153475193988,0.05293611239142321,0.7061153475193988));
#2903=DIRECTION('',(-0.07475829631568393,0.9972016832777492,0));
#2904=FACE_BOUND('',#2905,.T.);
#2905=EDGE_LOOP('',(#2906,#2907,#2908));
#2906=ORIENTED_EDGE('',*,*,#2909,.T.);
#2907=ORIENTED_EDGE('',*,*,#2910,.T.);
#2908=ORIENTED_EDGE('',*,*,#2911,.T.);
#2909=EDGE_CURVE('',#163,#169,#2912,.F.);
#2910=EDGE_CURVE('',#169,#153,#2913,.T.);
#2911=EDGE_CURVE('',#153,#163,#2914,.T.);
#2912=LINE('',#162,#2915);
#2913=LINE('',#168,#2916);
#2914=LINE('',#152,#2917);
#2915=VECTOR('',#2918,1.0);
#2916=VECTOR('',#2919,1.0);
#2917=VECTOR('',#2920,1.0);
#2918=DIRECTION('',(-0.07475829631568393,0.9972016832777492,0));
#2919=DIRECTION('',(-0.6512223830929456,-0.3430221848615783,0.6769380979465803));
#2920=DIRECTION('',(0.7071067811865475,0,-0.7071067811865475));
#2921=FACE_SURFACE('',(#2926),#2922,.T.);
#2922=PLANE('',#2923);
#2923=AXIS2_PLACEMENT_3D('',#170,#2924,#2925);
#2924=DIRECTION('',(-0.7061179367567374,-0.05286699141067498,0.7061179367567374));
#2925=DIRECTION('',(0.07466095340512234,-0.997208976111145,0));
#2926=FACE_BOUND('',#2927,.T.);
#2927=EDGE_LOOP('',(#2928,#2929,#2930));
#2928=ORIENTED_EDGE('',*,*,#2931,.T.);
#2929=ORIENTED_EDGE('',*,*,#2932,.T.);
#2930=ORIENTED_EDGE('',*,*,#2933,.T.);
#2931=EDGE_CURVE('',#171,#157,#2934,.F.);
#2932=EDGE_CURVE('',#157,#155,#2935,.T.);
#2933=EDGE_CURVE('',#155,#171,#2936,.T.);
#2934=LINE('',#170,#2937);
#2935=LINE('',#156,#2938);
#2936=LINE('',#154,#2939);
#2937=VECTOR('',#2940,1.0);
#2938=VECTOR('',#2941,1.0);
#2939=VECTOR('',#2942,1.0);
#2940=DIRECTION('',(0.07466095340512234,-0.997208976111145,0));
#2941=DIRECTION('',(0.6512395724689793,0.34302209222367497,0.6769216080883469));
#2942=DIRECTION('',(-0.7071067811865475,0,-0.7071067811865475));
#2943=FACE_SURFACE('',(#2948),#2944,.T.);
#2944=PLANE('',#2945);
#2945=AXIS2_PLACEMENT_3D('',#172,#2946,#2947);
#2946=DIRECTION('',(-0.7061178892135356,0.05286826141686947,0.7061178892135356));
#2947=DIRECTION('',(-0.0746627419613854,-0.9972088422004729,0));
#2948=FACE_BOUND('',#2949,.T.);
#2949=EDGE_LOOP('',(#2950,#2951,#2952));
#2950=ORIENTED_EDGE('',*,*,#2953,.T.);
#2951=ORIENTED_EDGE('',*,*,#2954,.T.);
#2952=ORIENTED_EDGE('',*,*,#2955,.T.);
#2953=EDGE_CURVE('',#173,#171,#2956,.F.);
#2954=EDGE_CURVE('',#171,#155,#2957,.T.);
#2955=EDGE_CURVE('',#155,#173,#2958,.T.);
#2956=LINE('',#172,#2959);
#2957=LINE('',#170,#2960);
#2958=LINE('',#154,#2961);
#2959=VECTOR('',#2962,1.0);
#2960=VECTOR('',#2963,1.0);
#2961=VECTOR('',#2964,1.0);
#2962=DIRECTION('',(-0.0746627419613854,-0.9972088422004729,0));
#2963=DIRECTION('',(0.7071067811865475,0,0.7071067811865475));
#2964=DIRECTION('',(-0.651241418367932,0.34301480127228373,-0.6769235267814672));
#2965=FACE_SURFACE('',(#2970),#2966,.T.);
#2966=PLANE('',#2967);
#2967=AXIS2_PLACEMENT_3D('',#166,#2968,#2969);
#2968=DIRECTION('',(-0.7035310933002119,0.06149199714141278,0.7079991066713072));
#2969=DIRECTION('',(-0.7051430755949741,0.06354356704741741,-0.7062120489111972));
#2970=FACE_BOUND('',#2971,.T.);
#2971=EDGE_LOOP('',(#2972,#2973,#2974));
#2972=ORIENTED_EDGE('',*,*,#2975,.T.);
#2973=ORIENTED_EDGE('',*,*,#2976,.T.);
#2974=ORIENTED_EDGE('',*,*,#2977,.T.);
#2975=EDGE_CURVE('',#167,#173,#2978,.F.);
#2976=EDGE_CURVE('',#173,#155,#2979,.T.);
#2977=EDGE_CURVE('',#155,#167,#2980,.T.);
#2978=LINE('',#166,#2981);
#2979=LINE('',#172,#2982);
#2980=LINE('',#154,#2983);
#2981=VECTOR('',#2984,1.0);
#2982=VECTOR('',#2985,1.0);
#2983=VECTOR('',#2986,1.0);
#2984=DIRECTION('',(-0.7051430755949741,0.06354356704741741,-0.7062120489111972));
#2985=DIRECTION('',(0.651241418367932,-0.34301480127228373,0.6769235267814672));
#2986=DIRECTION('',(0.08707283576279079,0.9962019480367552,0));
#2987=FACE_SURFACE('',(#2992),#2988,.T.);
#2988=PLANE('',#2989);
#2989=AXIS2_PLACEMENT_3D('',#158,#2990,#2991);
#2990=DIRECTION('',(-0.997208976111145,-0.07466095340512234,0));
#2991=DIRECTION('',(0.001404916131062138,-0.01876476140046701,0.9998229392948775));
#2992=FACE_BOUND('',#2993,.T.);
#2993=EDGE_LOOP('',(#2994,#2995,#2996));
#2994=ORIENTED_EDGE('',*,*,#2997,.T.);
#2995=ORIENTED_EDGE('',*,*,#2998,.T.);
#2996=ORIENTED_EDGE('',*,*,#2999,.T.);
#2997=EDGE_CURVE('',#159,#157,#3000,.F.);
#2998=EDGE_CURVE('',#157,#171,#3001,.T.);
#2999=EDGE_CURVE('',#171,#159,#3002,.T.);
#3000=LINE('',#158,#3003);
#3001=LINE('',#156,#3004);
#3002=LINE('',#170,#3005);
#3003=VECTOR('',#3006,1.0);
#3004=VECTOR('',#3007,1.0);
#3005=VECTOR('',#3008,1.0);
#3006=DIRECTION('',(0.001404916131062138,-0.01876476140046701,0.9998229392948775));
#3007=DIRECTION('',(-0.07466095340512234,0.997208976111145,0));
#3008=DIRECTION('',(0,0,-1));
#3009=FACE_SURFACE('',(#3014),#3010,.T.);
#3010=PLANE('',#3011);
#3011=AXIS2_PLACEMENT_3D('',#174,#3012,#3013);
#3012=DIRECTION('',(0,-0,-1));
#3013=DIRECTION('',(0.9972040203652847,-0.07472711534184315,0));
#3014=FACE_BOUND('',#3015,.T.);
#3015=EDGE_LOOP('',(#3016,#3017,#3018));
#3016=ORIENTED_EDGE('',*,*,#3019,.T.);
#3017=ORIENTED_EDGE('',*,*,#3020,.T.);
#3018=ORIENTED_EDGE('',*,*,#3021,.T.);
#3019=EDGE_CURVE('',#175,#161,#3022,.F.);
#3020=EDGE_CURVE('',#161,#159,#3023,.T.);
#3021=EDGE_CURVE('',#159,#175,#3024,.T.);
#3022=LINE('',#174,#3025);
#3023=LINE('',#160,#3026);
#3024=LINE('',#158,#3027);
#3025=VECTOR('',#3028,1.0);
#3026=VECTOR('',#3029,1.0);
#3027=VECTOR('',#3030,1.0);
#3028=DIRECTION('',(0.9972040203652847,-0.07472711534184315,0));
#3029=DIRECTION('',(-1,0,0));
#3030=DIRECTION('',(0.0746627419613854,0.9972088422004729,0));
#3031=FACE_SURFACE('',(#3036),#3032,.T.);
#3032=PLANE('',#3033);
#3033=AXIS2_PLACEMENT_3D('',#158,#3034,#3035);
#3034=DIRECTION('',(-0.9972088422004728,0.0746627419613854,0));
#3035=DIRECTION('',(0,0,1));
#3036=FACE_BOUND('',#3037,.T.);
#3037=EDGE_LOOP('',(#3038,#3039,#3040));
#3038=ORIENTED_EDGE('',*,*,#3041,.T.);
#3039=ORIENTED_EDGE('',*,*,#3042,.T.);
#3040=ORIENTED_EDGE('',*,*,#3043,.T.);
#3041=EDGE_CURVE('',#159,#171,#3044,.F.);
#3042=EDGE_CURVE('',#171,#175,#3045,.T.);
#3043=EDGE_CURVE('',#175,#159,#3046,.T.);
#3044=LINE('',#158,#3047);
#3045=LINE('',#170,#3048);
#3046=LINE('',#174,#3049);
#3047=VECTOR('',#3050,1.0);
#3048=VECTOR('',#3051,1.0);
#3049=VECTOR('',#3052,1.0);
#3050=DIRECTION('',(0,0,1));
#3051=DIRECTION('',(0.001404916142978882,0.018764309527411958,-0.9998229477755503));
#3052=DIRECTION('',(-0.0746627419613854,-0.9972088422004729,0));
#3053=FACE_SURFACE('',(#3058),#3054,.T.);
#3054=PLANE('',#3055);
#3055=AXIS2_PLACEMENT_3D('',#160,#3056,#3057);
#3056=DIRECTION('',(0,0,-1));
#3057=DIRECTION('',(-0.9972040203652847,0.07472711534184315,0));
#3058=FACE_BOUND('',#3059,.T.);
#3059=EDGE_LOOP('',(#3060,#3061,#3062));
#3060=ORIENTED_EDGE('',*,*,#3063,.T.);
#3061=ORIENTED_EDGE('',*,*,#3064,.T.);
#3062=ORIENTED_EDGE('',*,*,#3065,.T.);
#3063=EDGE_CURVE('',#161,#175,#3066,.F.);
#3064=EDGE_CURVE('',#175,#177,#3067,.T.);
#3065=EDGE_CURVE('',#177,#161,#3068,.T.);
#3066=LINE('',#160,#3069);
#3067=LINE('',#174,#3070);
#3068=LINE('',#176,#3071);
#3069=VECTOR('',#3072,1.0);
#3070=VECTOR('',#3073,1.0);
#3071=VECTOR('',#3074,1.0);
#3072=DIRECTION('',(-0.9972040203652847,0.07472711534184315,0));
#3073=DIRECTION('',(1,0,0));
#3074=DIRECTION('',(0.07475829631568393,-0.9972016832777492,0));
#3075=FACE_SURFACE('',(#3080),#3076,.T.);
#3076=PLANE('',#3077);
#3077=AXIS2_PLACEMENT_3D('',#176,#3078,#3079);
#3078=DIRECTION('',(0.9972016832777492,0.07475829631568393,-0));
#3079=DIRECTION('',(0,0,1));
#3080=FACE_BOUND('',#3081,.T.);
#3081=EDGE_LOOP('',(#3082,#3083,#3084));
#3082=ORIENTED_EDGE('',*,*,#3085,.T.);
#3083=ORIENTED_EDGE('',*,*,#3086,.T.);
#3084=ORIENTED_EDGE('',*,*,#3087,.T.);
#3085=EDGE_CURVE('',#177,#169,#3088,.F.);
#3086=EDGE_CURVE('',#169,#161,#3089,.T.);
#3087=EDGE_CURVE('',#161,#177,#3090,.T.);
#3088=LINE('',#176,#3091);
#3089=LINE('',#168,#3092);
#3090=LINE('',#160,#3093);
#3091=VECTOR('',#3094,1.0);
#3092=VECTOR('',#3095,1.0);
#3093=VECTOR('',#3096,1.0);
#3094=DIRECTION('',(0,0,1));
#3095=DIRECTION('',(0.0014067242682872664,-0.018764309479714882,-0.9998229452340961));
#3096=DIRECTION('',(-0.07475829631568393,0.9972016832777492,0));
#3097=FACE_SURFACE('',(#3102),#3098,.T.);
#3098=PLANE('',#3099);
#3099=AXIS2_PLACEMENT_3D('',#160,#3100,#3101);
#3100=DIRECTION('',(0.9972016832777492,0.07475829631568393,-0));
#3101=DIRECTION('',(-0.0014067242682872664,0.018764309479714882,0.9998229452340961));
#3102=FACE_BOUND('',#3103,.T.);
#3103=EDGE_LOOP('',(#3104,#3105,#3106));
#3104=ORIENTED_EDGE('',*,*,#3107,.T.);
#3105=ORIENTED_EDGE('',*,*,#3108,.T.);
#3106=ORIENTED_EDGE('',*,*,#3109,.T.);
#3107=EDGE_CURVE('',#161,#169,#3110,.F.);
#3108=EDGE_CURVE('',#169,#163,#3111,.T.);
#3109=EDGE_CURVE('',#163,#161,#3112,.T.);
#3110=LINE('',#160,#3113);
#3111=LINE('',#168,#3114);
#3112=LINE('',#162,#3115);
#3113=VECTOR('',#3116,1.0);
#3114=VECTOR('',#3117,1.0);
#3115=VECTOR('',#3118,1.0);
#3116=DIRECTION('',(-0.0014067242682872664,0.018764309479714882,0.9998229452340961));
#3117=DIRECTION('',(0.07475829631568393,-0.9972016832777492,0));
#3118=DIRECTION('',(0,0,-1));
#3119=FACE_SURFACE('',(#3124),#3120,.T.);
#3120=PLANE('',#3121);
#3121=AXIS2_PLACEMENT_3D('',#164,#3122,#3123);
#3122=DIRECTION('',(0,0,1));
#3123=DIRECTION('',(-0.9961945290662485,0.08715767469635462,0));
#3124=FACE_BOUND('',#3125,.T.);
#3125=EDGE_LOOP('',(#3126,#3127,#3128));
#3126=ORIENTED_EDGE('',*,*,#3129,.T.);
#3127=ORIENTED_EDGE('',*,*,#3130,.T.);
#3128=ORIENTED_EDGE('',*,*,#3131,.T.);
#3129=EDGE_CURVE('',#165,#179,#3132,.F.);
#3130=EDGE_CURVE('',#179,#167,#3133,.T.);
#3131=EDGE_CURVE('',#167,#165,#3134,.T.);
#3132=LINE('',#164,#3135);
#3133=LINE('',#178,#3136);
#3134=LINE('',#166,#3137);
#3135=VECTOR('',#3138,1.0);
#3136=VECTOR('',#3139,1.0);
#3137=VECTOR('',#3140,1.0);
#3138=DIRECTION('',(-0.9961945290662485,0.08715767469635462,0));
#3139=DIRECTION('',(-0.25886831760693735,-0.9659126224143433,0));
#3140=DIRECTION('',(1,0,0));
#3141=FACE_SURFACE('',(#3146),#3142,.T.);
#3142=PLANE('',#3143);
#3143=AXIS2_PLACEMENT_3D('',#168,#3144,#3145);
#3144=DIRECTION('',(0.6916304365928122,0.15786494110419128,0.7047879110403401));
#3145=DIRECTION('',(-0.22252737476279563,0.9749264420873905,0));
#3146=FACE_BOUND('',#3147,.T.);
#3147=EDGE_LOOP('',(#3148,#3149,#3150));
#3148=ORIENTED_EDGE('',*,*,#3151,.T.);
#3149=ORIENTED_EDGE('',*,*,#3152,.T.);
#3150=ORIENTED_EDGE('',*,*,#3153,.T.);
#3151=EDGE_CURVE('',#169,#181,#3154,.F.);
#3152=EDGE_CURVE('',#181,#165,#3155,.T.);
#3153=EDGE_CURVE('',#165,#169,#3156,.T.);
#3154=LINE('',#168,#3157);
#3155=LINE('',#180,#3158);
#3156=LINE('',#164,#3159);
#3157=VECTOR('',#3160,1.0);
#3158=VECTOR('',#3161,1.0);
#3159=VECTOR('',#3162,1.0);
#3160=DIRECTION('',(-0.22252737476279563,0.9749264420873905,0));
#3161=DIRECTION('',(-0.6071431239833937,-0.4014417076600065,0.6857271923663983));
#3162=DIRECTION('',(0.7051430755949741,0.06354356704741741,-0.7062120489111972));
#3163=FACE_SURFACE('',(#3168),#3164,.T.);
#3164=PLANE('',#3165);
#3165=AXIS2_PLACEMENT_3D('',#164,#3166,#3167);
#3166=DIRECTION('',(0.6806962278171466,0.18242922103654313,0.7094872971008765));
#3167=DIRECTION('',(0.6071431239833937,0.4014417076600065,-0.6857271923663983));
#3168=FACE_BOUND('',#3169,.T.);
#3169=EDGE_LOOP('',(#3170,#3171,#3172));
#3170=ORIENTED_EDGE('',*,*,#3173,.T.);
#3171=ORIENTED_EDGE('',*,*,#3174,.T.);
#3172=ORIENTED_EDGE('',*,*,#3175,.T.);
#3173=EDGE_CURVE('',#165,#181,#3176,.F.);
#3174=EDGE_CURVE('',#181,#183,#3177,.T.);
#3175=EDGE_CURVE('',#183,#165,#3178,.T.);
#3176=LINE('',#164,#3179);
#3177=LINE('',#180,#3180);
#3178=LINE('',#182,#3181);
#3179=VECTOR('',#3182,1.0);
#3180=VECTOR('',#3183,1.0);
#3181=VECTOR('',#3184,1.0);
#3182=DIRECTION('',(0.6071431239833937,0.4014417076600065,-0.6857271923663983));
#3183=DIRECTION('',(-0.6991103081155094,-0.1275684796416365,0.7035417969733986));
#3184=DIRECTION('',(0.25886831760693735,-0.9659126224143433,0));
#3185=FACE_SURFACE('',(#3190),#3186,.T.);
#3186=PLANE('',#3187);
#3187=AXIS2_PLACEMENT_3D('',#182,#3188,#3189);
#3188=DIRECTION('',(0,0,1));
#3189=DIRECTION('',(-1,0,0));
#3190=FACE_BOUND('',#3191,.T.);
#3191=EDGE_LOOP('',(#3192,#3193,#3194));
#3192=ORIENTED_EDGE('',*,*,#3195,.T.);
#3193=ORIENTED_EDGE('',*,*,#3196,.T.);
#3194=ORIENTED_EDGE('',*,*,#3197,.T.);
#3195=EDGE_CURVE('',#183,#179,#3198,.F.);
#3196=EDGE_CURVE('',#179,#165,#3199,.T.);
#3197=EDGE_CURVE('',#165,#183,#3200,.T.);
#3198=LINE('',#182,#3201);
#3199=LINE('',#178,#3202);
#3200=LINE('',#164,#3203);
#3201=VECTOR('',#3204,1.0);
#3202=VECTOR('',#3205,1.0);
#3203=VECTOR('',#3206,1.0);
#3204=DIRECTION('',(-1,0,0));
#3205=DIRECTION('',(0.9961945290662485,-0.08715767469635462,0));
#3206=DIRECTION('',(-0.25886831760693735,0.9659126224143433,0));
#3207=FACE_SURFACE('',(#3212),#3208,.T.);
#3208=PLANE('',#3209);
#3209=AXIS2_PLACEMENT_3D('',#184,#3210,#3211);
#3210=DIRECTION('',(-0.6916304365928122,0.15786494110419128,0.7047879110403401));
#3211=DIRECTION('',(-0.22252737476279563,-0.9749264420873905,0));
#3212=FACE_BOUND('',#3213,.T.);
#3213=EDGE_LOOP('',(#3214,#3215,#3216));
#3214=ORIENTED_EDGE('',*,*,#3217,.T.);
#3215=ORIENTED_EDGE('',*,*,#3218,.T.);
#3216=ORIENTED_EDGE('',*,*,#3219,.T.);
#3217=EDGE_CURVE('',#185,#173,#3220,.F.);
#3218=EDGE_CURVE('',#173,#167,#3221,.T.);
#3219=EDGE_CURVE('',#167,#185,#3222,.T.);
#3220=LINE('',#184,#3223);
#3221=LINE('',#172,#3224);
#3222=LINE('',#166,#3225);
#3223=VECTOR('',#3226,1.0);
#3224=VECTOR('',#3227,1.0);
#3225=VECTOR('',#3228,1.0);
#3226=DIRECTION('',(-0.22252737476279563,-0.9749264420873905,0));
#3227=DIRECTION('',(0.7051430755949741,-0.06354356704741741,0.7062120489111972));
#3228=DIRECTION('',(-0.6071431239833937,0.4014417076600065,-0.6857271923663983));
#3229=FACE_SURFACE('',(#3234),#3230,.T.);
#3230=PLANE('',#3231);
#3231=AXIS2_PLACEMENT_3D('',#178,#3232,#3233);
#3232=DIRECTION('',(-0.6806962278171466,0.18242922103654313,0.7094872971008765));
#3233=DIRECTION('',(-0.6991103081155094,0.1275684796416365,-0.7035417969733986));
#3234=FACE_BOUND('',#3235,.T.);
#3235=EDGE_LOOP('',(#3236,#3237,#3238));
#3236=ORIENTED_EDGE('',*,*,#3239,.T.);
#3237=ORIENTED_EDGE('',*,*,#3240,.T.);
#3238=ORIENTED_EDGE('',*,*,#3241,.T.);
#3239=EDGE_CURVE('',#179,#185,#3242,.F.);
#3240=EDGE_CURVE('',#185,#167,#3243,.T.);
#3241=EDGE_CURVE('',#167,#179,#3244,.T.);
#3242=LINE('',#178,#3245);
#3243=LINE('',#184,#3246);
#3244=LINE('',#166,#3247);
#3245=VECTOR('',#3248,1.0);
#3246=VECTOR('',#3249,1.0);
#3247=VECTOR('',#3250,1.0);
#3248=DIRECTION('',(-0.6991103081155094,0.1275684796416365,-0.7035417969733986));
#3249=DIRECTION('',(0.6071431239833937,-0.4014417076600065,0.6857271923663983));
#3250=DIRECTION('',(0.25886831760693735,0.9659126224143433,0));
#3251=FACE_SURFACE('',(#3256),#3252,.T.);
#3252=PLANE('',#3253);
#3253=AXIS2_PLACEMENT_3D('',#176,#3254,#3255);
#3254=DIRECTION('',(0.9749264420873908,0.22252737476279566,-0));
#3255=DIRECTION('',(-0.00418762636583502,0.018346631186328365,0.9998229167755323));
#3256=FACE_BOUND('',#3257,.T.);
#3257=EDGE_LOOP('',(#3258,#3259,#3260));
#3258=ORIENTED_EDGE('',*,*,#3261,.T.);
#3259=ORIENTED_EDGE('',*,*,#3262,.T.);
#3260=ORIENTED_EDGE('',*,*,#3263,.T.);
#3261=EDGE_CURVE('',#177,#181,#3264,.F.);
#3262=EDGE_CURVE('',#181,#169,#3265,.T.);
#3263=EDGE_CURVE('',#169,#177,#3266,.T.);
#3264=LINE('',#176,#3267);
#3265=LINE('',#180,#3268);
#3266=LINE('',#168,#3269);
#3267=VECTOR('',#3270,1.0);
#3268=VECTOR('',#3271,1.0);
#3269=VECTOR('',#3272,1.0);
#3270=DIRECTION('',(-0.00418762636583502,0.018346631186328365,0.9998229167755323));
#3271=DIRECTION('',(0.22252737476279563,-0.9749264420873905,0));
#3272=DIRECTION('',(0,0,-1));
#3273=FACE_SURFACE('',(#3278),#3274,.T.);
#3274=PLANE('',#3275);
#3275=AXIS2_PLACEMENT_3D('',#174,#3276,#3277);
#3276=DIRECTION('',(-0.9972088422004728,0.0746627419613854,0));
#3277=DIRECTION('',(-0.001404916142978882,-0.018764309527411958,0.9998229477755503));
#3278=FACE_BOUND('',#3279,.T.);
#3279=EDGE_LOOP('',(#3280,#3281,#3282));
#3280=ORIENTED_EDGE('',*,*,#3283,.T.);
#3281=ORIENTED_EDGE('',*,*,#3284,.T.);
#3282=ORIENTED_EDGE('',*,*,#3285,.T.);
#3283=EDGE_CURVE('',#175,#171,#3286,.F.);
#3284=EDGE_CURVE('',#171,#173,#3287,.T.);
#3285=EDGE_CURVE('',#173,#175,#3288,.T.);
#3286=LINE('',#174,#3289);
#3287=LINE('',#170,#3290);
#3288=LINE('',#172,#3291);
#3289=VECTOR('',#3292,1.0);
#3290=VECTOR('',#3293,1.0);
#3291=VECTOR('',#3294,1.0);
#3292=DIRECTION('',(-0.001404916142978882,-0.018764309527411958,0.9998229477755503));
#3293=DIRECTION('',(0.0746627419613854,0.9972088422004729,0));
#3294=DIRECTION('',(0,0,-1));
#3295=FACE_SURFACE('',(#3300),#3296,.T.);
#3296=PLANE('',#3297);
#3297=AXIS2_PLACEMENT_3D('',#186,#3298,#3299);
#3298=DIRECTION('',(-0.9749264420873908,0.22252737476279566,0));
#3299=DIRECTION('',(-0.00418762636583502,-0.018346631186328365,0.9998229167755323));
#3300=FACE_BOUND('',#3301,.T.);
#3301=EDGE_LOOP('',(#3302,#3303,#3304));
#3302=ORIENTED_EDGE('',*,*,#3305,.T.);
#3303=ORIENTED_EDGE('',*,*,#3306,.T.);
#3304=ORIENTED_EDGE('',*,*,#3307,.T.);
#3305=EDGE_CURVE('',#187,#173,#3308,.F.);
#3306=EDGE_CURVE('',#173,#185,#3309,.T.);
#3307=EDGE_CURVE('',#185,#187,#3310,.T.);
#3308=LINE('',#186,#3311);
#3309=LINE('',#172,#3312);
#3310=LINE('',#184,#3313);
#3311=VECTOR('',#3314,1.0);
#3312=VECTOR('',#3315,1.0);
#3313=VECTOR('',#3316,1.0);
#3314=DIRECTION('',(-0.00418762636583502,-0.018346631186328365,0.9998229167755323));
#3315=DIRECTION('',(0.22252737476279563,0.9749264420873905,0));
#3316=DIRECTION('',(0,0,-1));
#3317=FACE_SURFACE('',(#3322),#3318,.T.);
#3318=PLANE('',#3319);
#3319=AXIS2_PLACEMENT_3D('',#174,#3320,#3321);
#3320=DIRECTION('',(-0.9749264420873908,0.22252737476279566,0));
#3321=DIRECTION('',(0,0,1));
#3322=FACE_BOUND('',#3323,.T.);
#3323=EDGE_LOOP('',(#3324,#3325,#3326));
#3324=ORIENTED_EDGE('',*,*,#3327,.T.);
#3325=ORIENTED_EDGE('',*,*,#3328,.T.);
#3326=ORIENTED_EDGE('',*,*,#3329,.T.);
#3327=EDGE_CURVE('',#175,#173,#3330,.F.);
#3328=EDGE_CURVE('',#173,#187,#3331,.T.);
#3329=EDGE_CURVE('',#187,#175,#3332,.T.);
#3330=LINE('',#174,#3333);
#3331=LINE('',#172,#3334);
#3332=LINE('',#186,#3335);
#3333=VECTOR('',#3336,1.0);
#3334=VECTOR('',#3337,1.0);
#3335=VECTOR('',#3338,1.0);
#3336=DIRECTION('',(0,0,1));
#3337=DIRECTION('',(0.00418762636583502,0.018346631186328365,-0.9998229167755323));
#3338=DIRECTION('',(-0.22252737476279563,-0.9749264420873905,0));
#3339=FACE_SURFACE('',(#3344),#3340,.T.);
#3340=PLANE('',#3341);
#3341=AXIS2_PLACEMENT_3D('',#176,#3342,#3343);
#3342=DIRECTION('',(0,0,-1));
#3343=DIRECTION('',(-1,0,0));
#3344=FACE_BOUND('',#3345,.T.);
#3345=EDGE_LOOP('',(#3346,#3347,#3348));
#3346=ORIENTED_EDGE('',*,*,#3349,.T.);
#3347=ORIENTED_EDGE('',*,*,#3350,.T.);
#3348=ORIENTED_EDGE('',*,*,#3351,.T.);
#3349=EDGE_CURVE('',#177,#175,#3352,.F.);
#3350=EDGE_CURVE('',#175,#187,#3353,.T.);
#3351=EDGE_CURVE('',#187,#177,#3354,.T.);
#3352=LINE('',#176,#3355);
#3353=LINE('',#174,#3356);
#3354=LINE('',#186,#3357);
#3355=VECTOR('',#3358,1.0);
#3356=VECTOR('',#3359,1.0);
#3357=VECTOR('',#3360,1.0);
#3358=DIRECTION('',(-1,0,0));
#3359=DIRECTION('',(0.22252737476279563,0.9749264420873905,0));
#3360=DIRECTION('',(0.9972035516572547,-0.07473336980330039,0));
#3361=FACE_SURFACE('',(#3366),#3362,.T.);
#3362=PLANE('',#3363);
#3363=AXIS2_PLACEMENT_3D('',#176,#3364,#3365);
#3364=DIRECTION('',(0,0,-1));
#3365=DIRECTION('',(-0.9972035516572547,0.07473336980330039,0));
#3366=FACE_BOUND('',#3367,.T.);
#3367=EDGE_LOOP('',(#3368,#3369,#3370));
#3368=ORIENTED_EDGE('',*,*,#3371,.T.);
#3369=ORIENTED_EDGE('',*,*,#3372,.T.);
#3370=ORIENTED_EDGE('',*,*,#3373,.T.);
#3371=EDGE_CURVE('',#177,#187,#3374,.F.);
#3372=EDGE_CURVE('',#187,#189,#3375,.T.);
#3373=EDGE_CURVE('',#189,#177,#3376,.T.);
#3374=LINE('',#176,#3377);
#3375=LINE('',#186,#3378);
#3376=LINE('',#188,#3379);
#3377=VECTOR('',#3380,1.0);
#3378=VECTOR('',#3381,1.0);
#3379=VECTOR('',#3382,1.0);
#3380=DIRECTION('',(-0.9972035516572547,0.07473336980330039,0));
#3381=DIRECTION('',(1,0,0));
#3382=DIRECTION('',(0.22252737476279563,-0.9749264420873905,0));
#3383=FACE_SURFACE('',(#3388),#3384,.T.);
#3384=PLANE('',#3385);
#3385=AXIS2_PLACEMENT_3D('',#188,#3386,#3387);
#3386=DIRECTION('',(0.9749264420873908,0.22252737476279566,-0));
#3387=DIRECTION('',(0,0,1));
#3388=FACE_BOUND('',#3389,.T.);
#3389=EDGE_LOOP('',(#3390,#3391,#3392));
#3390=ORIENTED_EDGE('',*,*,#3393,.T.);
#3391=ORIENTED_EDGE('',*,*,#3394,.T.);
#3392=ORIENTED_EDGE('',*,*,#3395,.T.);
#3393=EDGE_CURVE('',#189,#181,#3396,.F.);
#3394=EDGE_CURVE('',#181,#177,#3397,.T.);
#3395=EDGE_CURVE('',#177,#189,#3398,.T.);
#3396=LINE('',#188,#3399);
#3397=LINE('',#180,#3400);
#3398=LINE('',#176,#3401);
#3399=VECTOR('',#3402,1.0);
#3400=VECTOR('',#3403,1.0);
#3401=VECTOR('',#3404,1.0);
#3402=DIRECTION('',(0,0,1));
#3403=DIRECTION('',(0.00418762636583502,-0.018346631186328365,-0.9998229167755323));
#3404=DIRECTION('',(-0.22252737476279563,0.9749264420873905,0));
#3405=FACE_SURFACE('',(#3410),#3406,.T.);
#3406=PLANE('',#3407);
#3407=AXIS2_PLACEMENT_3D('',#190,#3408,#3409);
#3408=DIRECTION('',(-0.6610968100381065,0.2595185846636132,0.7039894260368083));
#3409=DIRECTION('',(-0.3654108207566341,-0.9308463525598428,0));
#3410=FACE_BOUND('',#3411,.T.);
#3411=EDGE_LOOP('',(#3412,#3413,#3414));
#3412=ORIENTED_EDGE('',*,*,#3415,.T.);
#3413=ORIENTED_EDGE('',*,*,#3416,.T.);
#3414=ORIENTED_EDGE('',*,*,#3417,.T.);
#3415=EDGE_CURVE('',#191,#185,#3418,.F.);
#3416=EDGE_CURVE('',#185,#179,#3419,.T.);
#3417=EDGE_CURVE('',#179,#191,#3420,.T.);
#3418=LINE('',#190,#3421);
#3419=LINE('',#184,#3422);
#3420=LINE('',#178,#3423);
#3421=VECTOR('',#3424,1.0);
#3422=VECTOR('',#3425,1.0);
#3423=VECTOR('',#3426,1.0);
#3424=DIRECTION('',(-0.3654108207566341,-0.9308463525598428,0));
#3425=DIRECTION('',(0.6991103081155094,-0.1275684796416365,0.7035417969733986));
#3426=DIRECTION('',(-0.5601097919775863,0.45359991236038366,-0.6931984855995267));
#3427=FACE_SURFACE('',(#3432),#3428,.T.);
#3428=PLANE('',#3429);
#3429=AXIS2_PLACEMENT_3D('',#192,#3430,#3431);
#3430=DIRECTION('',(-0.638022894851607,0.29752490692307393,0.7102152599075799));
#3431=DIRECTION('',(-0.6885638141724858,0.19241994137684929,-0.6991812640315588));
#3432=FACE_BOUND('',#3433,.T.);
#3433=EDGE_LOOP('',(#3434,#3435,#3436));
#3434=ORIENTED_EDGE('',*,*,#3437,.T.);
#3435=ORIENTED_EDGE('',*,*,#3438,.T.);
#3436=ORIENTED_EDGE('',*,*,#3439,.T.);
#3437=EDGE_CURVE('',#193,#191,#3440,.F.);
#3438=EDGE_CURVE('',#191,#179,#3441,.T.);
#3439=EDGE_CURVE('',#179,#193,#3442,.T.);
#3440=LINE('',#192,#3443);
#3441=LINE('',#190,#3444);
#3442=LINE('',#178,#3445);
#3443=VECTOR('',#3446,1.0);
#3444=VECTOR('',#3447,1.0);
#3445=VECTOR('',#3448,1.0);
#3446=DIRECTION('',(-0.6885638141724858,0.19241994137684929,-0.6991812640315588));
#3447=DIRECTION('',(0.5601097919775863,-0.45359991236038366,0.6931984855995267));
#3448=DIRECTION('',(0.4226298652859864,0.906302376124188,0));
#3449=FACE_SURFACE('',(#3454),#3450,.T.);
#3450=PLANE('',#3451);
#3451=AXIS2_PLACEMENT_3D('',#182,#3452,#3453);
#3452=DIRECTION('',(0,0,1));
#3453=DIRECTION('',(-0.9961946677277536,0.0871560898089777,0));
#3454=FACE_BOUND('',#3455,.T.);
#3455=EDGE_LOOP('',(#3456,#3457,#3458));
#3456=ORIENTED_EDGE('',*,*,#3459,.T.);
#3457=ORIENTED_EDGE('',*,*,#3460,.T.);
#3458=ORIENTED_EDGE('',*,*,#3461,.T.);
#3459=EDGE_CURVE('',#183,#193,#3462,.F.);
#3460=EDGE_CURVE('',#193,#179,#3463,.T.);
#3461=EDGE_CURVE('',#179,#183,#3464,.T.);
#3462=LINE('',#182,#3465);
#3463=LINE('',#192,#3466);
#3464=LINE('',#178,#3467);
#3465=VECTOR('',#3468,1.0);
#3466=VECTOR('',#3469,1.0);
#3467=VECTOR('',#3470,1.0);
#3468=DIRECTION('',(-0.9961946677277536,0.0871560898089777,0));
#3469=DIRECTION('',(-0.4226298652859864,-0.906302376124188,0));
#3470=DIRECTION('',(1,0,0));
#3471=FACE_SURFACE('',(#3476),#3472,.T.);
#3472=PLANE('',#3473);
#3473=AXIS2_PLACEMENT_3D('',#180,#3474,#3475);
#3474=DIRECTION('',(0.6611142756815479,0.25945719864171196,0.7039956509546473));
#3475=DIRECTION('',(-0.3653275612271622,0.9308790324246293,0));
#3476=FACE_BOUND('',#3477,.T.);
#3477=EDGE_LOOP('',(#3478,#3479,#3480));
#3478=ORIENTED_EDGE('',*,*,#3481,.T.);
#3479=ORIENTED_EDGE('',*,*,#3482,.T.);
#3480=ORIENTED_EDGE('',*,*,#3483,.T.);
#3481=EDGE_CURVE('',#181,#195,#3484,.F.);
#3482=EDGE_CURVE('',#195,#183,#3485,.T.);
#3483=EDGE_CURVE('',#183,#181,#3486,.T.);
#3484=LINE('',#180,#3487);
#3485=LINE('',#194,#3488);
#3486=LINE('',#182,#3489);
#3487=VECTOR('',#3490,1.0);
#3488=VECTOR('',#3491,1.0);
#3489=VECTOR('',#3492,1.0);
#3490=DIRECTION('',(-0.3653275612271622,0.9308790324246293,0));
#3491=DIRECTION('',(-0.5601330201349731,-0.45359131283363396,0.6931853436681521));
#3492=DIRECTION('',(0.6991103081155094,0.1275684796416365,-0.7035417969733986));
#3493=FACE_SURFACE('',(#3498),#3494,.T.);
#3494=PLANE('',#3495);
#3495=AXIS2_PLACEMENT_3D('',#188,#3496,#3497);
#3496=DIRECTION('',(0.9308790324246292,0.3653275612271622,-0));
#3497=DIRECTION('',(-0.006874505946938974,0.017516700417532362,0.9998229375116715));
#3498=FACE_BOUND('',#3499,.T.);
#3499=EDGE_LOOP('',(#3500,#3501,#3502));
#3500=ORIENTED_EDGE('',*,*,#3503,.T.);
#3501=ORIENTED_EDGE('',*,*,#3504,.T.);
#3502=ORIENTED_EDGE('',*,*,#3505,.T.);
#3503=EDGE_CURVE('',#189,#195,#3506,.F.);
#3504=EDGE_CURVE('',#195,#181,#3507,.T.);
#3505=EDGE_CURVE('',#181,#189,#3508,.T.);
#3506=LINE('',#188,#3509);
#3507=LINE('',#194,#3510);
#3508=LINE('',#180,#3511);
#3509=VECTOR('',#3512,1.0);
#3510=VECTOR('',#3513,1.0);
#3511=VECTOR('',#3514,1.0);
#3512=DIRECTION('',(-0.006874505946938974,0.017516700417532362,0.9998229375116715));
#3513=DIRECTION('',(0.3653275612271622,-0.9308790324246293,0));
#3514=DIRECTION('',(0,0,-1));
#3515=FACE_SURFACE('',(#3520),#3516,.T.);
#3516=PLANE('',#3517);
#3517=AXIS2_PLACEMENT_3D('',#182,#3518,#3519);
#3518=DIRECTION('',(0.6380487382205517,0.2974547884556854,0.7102214137013508));
#3519=DIRECTION('',(0.5601330201349731,0.45359131283363396,-0.6931853436681521));
#3520=FACE_BOUND('',#3521,.T.);
#3521=EDGE_LOOP('',(#3522,#3523,#3524));
#3522=ORIENTED_EDGE('',*,*,#3525,.T.);
#3523=ORIENTED_EDGE('',*,*,#3526,.T.);
#3524=ORIENTED_EDGE('',*,*,#3527,.T.);
#3525=EDGE_CURVE('',#183,#195,#3528,.F.);
#3526=EDGE_CURVE('',#195,#197,#3529,.T.);
#3527=EDGE_CURVE('',#197,#183,#3530,.T.);
#3528=LINE('',#182,#3531);
#3529=LINE('',#194,#3532);
#3530=LINE('',#196,#3533);
#3531=VECTOR('',#3534,1.0);
#3532=VECTOR('',#3535,1.0);
#3533=VECTOR('',#3536,1.0);
#3534=DIRECTION('',(0.5601330201349731,0.45359131283363396,-0.6931853436681521));
#3535=DIRECTION('',(-0.6885638141724858,-0.19241994137684929,0.6991812640315588));
#3536=DIRECTION('',(0.42253398925910923,-0.9063470791704373,0));
#3537=FACE_SURFACE('',(#3542),#3538,.T.);
#3538=PLANE('',#3539);
#3539=AXIS2_PLACEMENT_3D('',#196,#3540,#3541);
#3540=DIRECTION('',(0,0,1));
#3541=DIRECTION('',(-1,0,0));
#3542=FACE_BOUND('',#3543,.T.);
#3543=EDGE_LOOP('',(#3544,#3545,#3546));
#3544=ORIENTED_EDGE('',*,*,#3547,.T.);
#3545=ORIENTED_EDGE('',*,*,#3548,.T.);
#3546=ORIENTED_EDGE('',*,*,#3549,.T.);
#3547=EDGE_CURVE('',#197,#193,#3550,.F.);
#3548=EDGE_CURVE('',#193,#183,#3551,.T.);
#3549=EDGE_CURVE('',#183,#197,#3552,.T.);
#3550=LINE('',#196,#3553);
#3551=LINE('',#192,#3554);
#3552=LINE('',#182,#3555);
#3553=VECTOR('',#3556,1.0);
#3554=VECTOR('',#3557,1.0);
#3555=VECTOR('',#3558,1.0);
#3556=DIRECTION('',(-1,0,0));
#3557=DIRECTION('',(0.9961946677277536,-0.0871560898089777,0));
#3558=DIRECTION('',(-0.42253398925910923,0.9063470791704373,0));
#3559=FACE_SURFACE('',(#3564),#3560,.T.);
#3560=PLANE('',#3561);
#3561=AXIS2_PLACEMENT_3D('',#198,#3562,#3563);
#3562=DIRECTION('',(-0.9308463525598427,0.36541082075663406,0));
#3563=DIRECTION('',(-0.006876313990320782,-0.017516700199771276,0.9998229250822456));
#3564=FACE_BOUND('',#3565,.T.);
#3565=EDGE_LOOP('',(#3566,#3567,#3568));
#3566=ORIENTED_EDGE('',*,*,#3569,.T.);
#3567=ORIENTED_EDGE('',*,*,#3570,.T.);
#3568=ORIENTED_EDGE('',*,*,#3571,.T.);
#3569=EDGE_CURVE('',#199,#185,#3572,.F.);
#3570=EDGE_CURVE('',#185,#191,#3573,.T.);
#3571=EDGE_CURVE('',#191,#199,#3574,.T.);
#3572=LINE('',#198,#3575);
#3573=LINE('',#184,#3576);
#3574=LINE('',#190,#3577);
#3575=VECTOR('',#3578,1.0);
#3576=VECTOR('',#3579,1.0);
#3577=VECTOR('',#3580,1.0);
#3578=DIRECTION('',(-0.006876313990320782,-0.017516700199771276,0.9998229250822456));
#3579=DIRECTION('',(0.3654108207566341,0.9308463525598428,0));
#3580=DIRECTION('',(0,0,-1));
#3581=FACE_SURFACE('',(#3586),#3582,.T.);
#3582=PLANE('',#3583);
#3583=AXIS2_PLACEMENT_3D('',#186,#3584,#3585);
#3584=DIRECTION('',(-0.9308463525598427,0.36541082075663406,0));
#3585=DIRECTION('',(0,0,1));
#3586=FACE_BOUND('',#3587,.T.);
#3587=EDGE_LOOP('',(#3588,#3589,#3590));
#3588=ORIENTED_EDGE('',*,*,#3591,.T.);
#3589=ORIENTED_EDGE('',*,*,#3592,.T.);
#3590=ORIENTED_EDGE('',*,*,#3593,.T.);
#3591=EDGE_CURVE('',#187,#185,#3594,.F.);
#3592=EDGE_CURVE('',#185,#199,#3595,.T.);
#3593=EDGE_CURVE('',#199,#187,#3596,.T.);
#3594=LINE('',#186,#3597);
#3595=LINE('',#184,#3598);
#3596=LINE('',#198,#3599);
#3597=VECTOR('',#3600,1.0);
#3598=VECTOR('',#3601,1.0);
#3599=VECTOR('',#3602,1.0);
#3600=DIRECTION('',(0,0,1));
#3601=DIRECTION('',(0.006876313990320782,0.017516700199771276,-0.9998229250822456));
#3602=DIRECTION('',(-0.3654108207566341,-0.9308463525598428,0));
#3603=FACE_SURFACE('',(#3608),#3604,.T.);
#3604=PLANE('',#3605);
#3605=AXIS2_PLACEMENT_3D('',#188,#3606,#3607);
#3606=DIRECTION('',(0,0,-1));
#3607=DIRECTION('',(-1,0,0));
#3608=FACE_BOUND('',#3609,.T.);
#3609=EDGE_LOOP('',(#3610,#3611,#3612));
#3610=ORIENTED_EDGE('',*,*,#3613,.T.);
#3611=ORIENTED_EDGE('',*,*,#3614,.T.);
#3612=ORIENTED_EDGE('',*,*,#3615,.T.);
#3613=EDGE_CURVE('',#189,#187,#3616,.F.);
#3614=EDGE_CURVE('',#187,#199,#3617,.T.);
#3615=EDGE_CURVE('',#199,#189,#3618,.T.);
#3616=LINE('',#188,#3619);
#3617=LINE('',#186,#3620);
#3618=LINE('',#198,#3621);
#3619=VECTOR('',#3622,1.0);
#3620=VECTOR('',#3623,1.0);
#3621=VECTOR('',#3624,1.0);
#3622=DIRECTION('',(-1,0,0));
#3623=DIRECTION('',(0.3654108207566341,0.9308463525598428,0));
#3624=DIRECTION('',(0.9972037954703363,-0.07473011641604461,0));
#3625=FACE_SURFACE('',(#3630),#3626,.T.);
#3626=PLANE('',#3627);
#3627=AXIS2_PLACEMENT_3D('',#188,#3628,#3629);
#3628=DIRECTION('',(0,0,-1));
#3629=DIRECTION('',(-0.9972037954703363,0.07473011641604461,0));
#3630=FACE_BOUND('',#3631,.T.);
#3631=EDGE_LOOP('',(#3632,#3633,#3634));
#3632=ORIENTED_EDGE('',*,*,#3635,.T.);
#3633=ORIENTED_EDGE('',*,*,#3636,.T.);
#3634=ORIENTED_EDGE('',*,*,#3637,.T.);
#3635=EDGE_CURVE('',#189,#199,#3638,.F.);
#3636=EDGE_CURVE('',#199,#201,#3639,.T.);
#3637=EDGE_CURVE('',#201,#189,#3640,.T.);
#3638=LINE('',#188,#3641);
#3639=LINE('',#198,#3642);
#3640=LINE('',#200,#3643);
#3641=VECTOR('',#3644,1.0);
#3642=VECTOR('',#3645,1.0);
#3643=VECTOR('',#3646,1.0);
#3644=DIRECTION('',(-0.9972037954703363,0.07473011641604461,0));
#3645=DIRECTION('',(1,0,0));
#3646=DIRECTION('',(0.3653275612271622,-0.9308790324246293,0));
#3647=FACE_SURFACE('',(#3652),#3648,.T.);
#3648=PLANE('',#3649);
#3649=AXIS2_PLACEMENT_3D('',#200,#3650,#3651);
#3650=DIRECTION('',(0.9308790324246292,0.3653275612271622,-0));
#3651=DIRECTION('',(0,0,1));
#3652=FACE_BOUND('',#3653,.T.);
#3653=EDGE_LOOP('',(#3654,#3655,#3656));
#3654=ORIENTED_EDGE('',*,*,#3657,.T.);
#3655=ORIENTED_EDGE('',*,*,#3658,.T.);
#3656=ORIENTED_EDGE('',*,*,#3659,.T.);
#3657=EDGE_CURVE('',#201,#195,#3660,.F.);
#3658=EDGE_CURVE('',#195,#189,#3661,.T.);
#3659=EDGE_CURVE('',#189,#201,#3662,.T.);
#3660=LINE('',#200,#3663);
#3661=LINE('',#194,#3664);
#3662=LINE('',#188,#3665);
#3663=VECTOR('',#3666,1.0);
#3664=VECTOR('',#3667,1.0);
#3665=VECTOR('',#3668,1.0);
#3666=DIRECTION('',(0,0,1));
#3667=DIRECTION('',(0.006874505946938974,-0.017516700417532362,-0.9998229375116715));
#3668=DIRECTION('',(-0.3653275612271622,0.9308790324246293,0));
#3669=FACE_SURFACE('',(#3674),#3670,.T.);
#3670=PLANE('',#3671);
#3671=AXIS2_PLACEMENT_3D('',#202,#3672,#3673);
#3672=DIRECTION('',(-0.6153066617662135,0.3552124003405852,0.7037200172159368));
#3673=DIRECTION('',(-0.49996298239365766,-0.8660467748545913,0));
#3674=FACE_BOUND('',#3675,.T.);
#3675=EDGE_LOOP('',(#3676,#3677,#3678));
#3676=ORIENTED_EDGE('',*,*,#3679,.T.);
#3677=ORIENTED_EDGE('',*,*,#3680,.T.);
#3678=ORIENTED_EDGE('',*,*,#3681,.T.);
#3679=EDGE_CURVE('',#203,#191,#3682,.F.);
#3680=EDGE_CURVE('',#191,#193,#3683,.T.);
#3681=EDGE_CURVE('',#193,#203,#3684,.T.);
#3682=LINE('',#202,#3685);
#3683=LINE('',#190,#3686);
#3684=LINE('',#192,#3687);
#3685=VECTOR('',#3688,1.0);
#3686=VECTOR('',#3689,1.0);
#3687=VECTOR('',#3690,1.0);
#3688=DIRECTION('',(-0.49996298239365766,-0.8660467748545913,0));
#3689=DIRECTION('',(0.6885638141724858,-0.19241994137684929,0.6991812640315588));
#3690=DIRECTION('',(-0.5109293992696188,0.500107227709518,-0.6991737335989437));
#3691=FACE_SURFACE('',(#3696),#3692,.T.);
#3692=PLANE('',#3693);
#3693=AXIS2_PLACEMENT_3D('',#204,#3694,#3695);
#3694=DIRECTION('',(-0.8660467748545913,0.49996298239365766,0));
#3695=DIRECTION('',(-0.009407694592691078,-0.016296213615275133,0.9998229486785428));
#3696=FACE_BOUND('',#3697,.T.);
#3697=EDGE_LOOP('',(#3698,#3699,#3700));
#3698=ORIENTED_EDGE('',*,*,#3701,.T.);
#3699=ORIENTED_EDGE('',*,*,#3702,.T.);
#3700=ORIENTED_EDGE('',*,*,#3703,.T.);
#3701=EDGE_CURVE('',#205,#191,#3704,.F.);
#3702=EDGE_CURVE('',#191,#203,#3705,.T.);
#3703=EDGE_CURVE('',#203,#205,#3706,.T.);
#3704=LINE('',#204,#3707);
#3705=LINE('',#190,#3708);
#3706=LINE('',#202,#3709);
#3707=VECTOR('',#3710,1.0);
#3708=VECTOR('',#3711,1.0);
#3709=VECTOR('',#3712,1.0);
#3710=DIRECTION('',(-0.009407694592691078,-0.016296213615275133,0.9998229486785428));
#3711=DIRECTION('',(0.49996298239365766,0.8660467748545913,0));
#3712=DIRECTION('',(0,0,-1));
#3713=FACE_SURFACE('',(#3718),#3714,.T.);
#3714=PLANE('',#3715);
#3715=AXIS2_PLACEMENT_3D('',#198,#3716,#3717);
#3716=DIRECTION('',(-0.8660467748545913,0.49996298239365766,0));
#3717=DIRECTION('',(0,0,1));
#3718=FACE_BOUND('',#3719,.T.);
#3719=EDGE_LOOP('',(#3720,#3721,#3722));
#3720=ORIENTED_EDGE('',*,*,#3723,.T.);
#3721=ORIENTED_EDGE('',*,*,#3724,.T.);
#3722=ORIENTED_EDGE('',*,*,#3725,.T.);
#3723=EDGE_CURVE('',#199,#191,#3726,.F.);
#3724=EDGE_CURVE('',#191,#205,#3727,.T.);
#3725=EDGE_CURVE('',#205,#199,#3728,.T.);
#3726=LINE('',#198,#3729);
#3727=LINE('',#190,#3730);
#3728=LINE('',#204,#3731);
#3729=VECTOR('',#3732,1.0);
#3730=VECTOR('',#3733,1.0);
#3731=VECTOR('',#3734,1.0);
#3732=DIRECTION('',(0,0,1));
#3733=DIRECTION('',(0.009407694592691078,0.016296213615275133,-0.9998229486785428));
#3734=DIRECTION('',(-0.49996298239365766,-0.8660467748545913,0));
#3735=FACE_SURFACE('',(#3740),#3736,.T.);
#3736=PLANE('',#3737);
#3737=AXIS2_PLACEMENT_3D('',#206,#3738,#3739);
#3738=DIRECTION('',(-0.5766735038292347,0.4037721081205228,0.7102223276448176));
#3739=DIRECTION('',(-0.6728849485343315,0.2582805241965971,-0.6931933473834562));
#3740=FACE_BOUND('',#3741,.T.);
#3741=EDGE_LOOP('',(#3742,#3743,#3744));
#3742=ORIENTED_EDGE('',*,*,#3745,.T.);
#3743=ORIENTED_EDGE('',*,*,#3746,.T.);
#3744=ORIENTED_EDGE('',*,*,#3747,.T.);
#3745=EDGE_CURVE('',#207,#203,#3748,.F.);
#3746=EDGE_CURVE('',#203,#193,#3749,.T.);
#3747=EDGE_CURVE('',#193,#207,#3750,.T.);
#3748=LINE('',#206,#3751);
#3749=LINE('',#202,#3752);
#3750=LINE('',#192,#3753);
#3751=VECTOR('',#3754,1.0);
#3752=VECTOR('',#3755,1.0);
#3753=VECTOR('',#3756,1.0);
#3754=DIRECTION('',(-0.6728849485343315,0.2582805241965971,-0.6931933473834562));
#3755=DIRECTION('',(0.5109293992696188,-0.500107227709518,0.6991737335989437));
#3756=DIRECTION('',(0.5735583008707759,0.8191647425898092,0));
#3757=FACE_SURFACE('',(#3762),#3758,.T.);
#3758=PLANE('',#3759);
#3759=AXIS2_PLACEMENT_3D('',#196,#3760,#3761);
#3760=DIRECTION('',(0,0,1));
#3761=DIRECTION('',(-0.9961947957637213,0.0871546263446614,0));
#3762=FACE_BOUND('',#3763,.T.);
#3763=EDGE_LOOP('',(#3764,#3765,#3766));
#3764=ORIENTED_EDGE('',*,*,#3767,.T.);
#3765=ORIENTED_EDGE('',*,*,#3768,.T.);
#3766=ORIENTED_EDGE('',*,*,#3769,.T.);
#3767=EDGE_CURVE('',#197,#207,#3770,.F.);
#3768=EDGE_CURVE('',#207,#193,#3771,.T.);
#3769=EDGE_CURVE('',#193,#197,#3772,.T.);
#3770=LINE('',#196,#3773);
#3771=LINE('',#206,#3774);
#3772=LINE('',#192,#3775);
#3773=VECTOR('',#3776,1.0);
#3774=VECTOR('',#3777,1.0);
#3775=VECTOR('',#3778,1.0);
#3776=DIRECTION('',(-0.9961947957637213,0.0871546263446614,0));
#3777=DIRECTION('',(-0.5735583008707759,-0.8191647425898092,0));
#3778=DIRECTION('',(1,0,0));
#3779=FACE_SURFACE('',(#3784),#3780,.T.);
#3780=PLANE('',#3781);
#3781=AXIS2_PLACEMENT_3D('',#194,#3782,#3783);
#3782=DIRECTION('',(0.6152836044318367,0.3552673576281688,0.7037124346785879));
#3783=DIRECTION('',(-0.5000350492245184,0.8660051671595461,0));
#3784=FACE_BOUND('',#3785,.T.);
#3785=EDGE_LOOP('',(#3786,#3787,#3788));
#3786=ORIENTED_EDGE('',*,*,#3789,.T.);
#3787=ORIENTED_EDGE('',*,*,#3790,.T.);
#3788=ORIENTED_EDGE('',*,*,#3791,.T.);
#3789=EDGE_CURVE('',#195,#209,#3792,.F.);
#3790=EDGE_CURVE('',#209,#197,#3793,.T.);
#3791=EDGE_CURVE('',#197,#195,#3794,.T.);
#3792=LINE('',#194,#3795);
#3793=LINE('',#208,#3796);
#3794=LINE('',#196,#3797);
#3795=VECTOR('',#3798,1.0);
#3796=VECTOR('',#3799,1.0);
#3797=VECTOR('',#3800,1.0);
#3798=DIRECTION('',(-0.5000350492245184,0.8660051671595461,0));
#3799=DIRECTION('',(-0.510904171303226,-0.5001159509135287,0.6991859290537967));
#3800=DIRECTION('',(0.6885638141724858,0.19241994137684929,-0.6991812640315588));
#3801=FACE_SURFACE('',(#3806),#3802,.T.);
#3802=PLANE('',#3803);
#3803=AXIS2_PLACEMENT_3D('',#200,#3804,#3805);
#3804=DIRECTION('',(0.8660051671595462,0.5000350492245185,-0));
#3805=DIRECTION('',(-0.009409502561502782,0.01629621333804462,0.9998229316695961));
#3806=FACE_BOUND('',#3807,.T.);
#3807=EDGE_LOOP('',(#3808,#3809,#3810));
#3808=ORIENTED_EDGE('',*,*,#3811,.T.);
#3809=ORIENTED_EDGE('',*,*,#3812,.T.);
#3810=ORIENTED_EDGE('',*,*,#3813,.T.);
#3811=EDGE_CURVE('',#201,#209,#3814,.F.);
#3812=EDGE_CURVE('',#209,#195,#3815,.T.);
#3813=EDGE_CURVE('',#195,#201,#3816,.T.);
#3814=LINE('',#200,#3817);
#3815=LINE('',#208,#3818);
#3816=LINE('',#194,#3819);
#3817=VECTOR('',#3820,1.0);
#3818=VECTOR('',#3821,1.0);
#3819=VECTOR('',#3822,1.0);
#3820=DIRECTION('',(-0.009409502561502782,0.01629621333804462,0.9998229316695961));
#3821=DIRECTION('',(0.5000350492245184,-0.8660051671595461,0));
#3822=DIRECTION('',(0,0,-1));
#3823=FACE_SURFACE('',(#3828),#3824,.T.);
#3824=PLANE('',#3825);
#3825=AXIS2_PLACEMENT_3D('',#196,#3826,#3827);
#3826=DIRECTION('',(0.5766418329128085,0.40383209614454507,0.7102139358379697));
#3827=DIRECTION('',(0.510904171303226,0.5001159509135287,-0.6991859290537967));
#3828=FACE_BOUND('',#3829,.T.);
#3829=EDGE_LOOP('',(#3830,#3831,#3832));
#3830=ORIENTED_EDGE('',*,*,#3833,.T.);
#3831=ORIENTED_EDGE('',*,*,#3834,.T.);
#3832=ORIENTED_EDGE('',*,*,#3835,.T.);
#3833=EDGE_CURVE('',#197,#209,#3836,.F.);
#3834=EDGE_CURVE('',#209,#211,#3837,.T.);
#3835=EDGE_CURVE('',#211,#197,#3838,.T.);
#3836=LINE('',#196,#3839);
#3837=LINE('',#208,#3840);
#3838=LINE('',#210,#3841);
#3839=VECTOR('',#3842,1.0);
#3840=VECTOR('',#3843,1.0);
#3841=VECTOR('',#3844,1.0);
#3842=DIRECTION('',(0.510904171303226,0.5001159509135287,-0.6991859290537967));
#3843=DIRECTION('',(-0.6728849485343315,-0.2582805241965971,0.6931933473834562));
#3844=DIRECTION('',(0.5736366152138963,-0.8191099033011043,0));
#3845=FACE_SURFACE('',(#3850),#3846,.T.);
#3846=PLANE('',#3847);
#3847=AXIS2_PLACEMENT_3D('',#210,#3848,#3849);
#3848=DIRECTION('',(0,0,1));
#3849=DIRECTION('',(-1,0,0));
#3850=FACE_BOUND('',#3851,.T.);
#3851=EDGE_LOOP('',(#3852,#3853,#3854));
#3852=ORIENTED_EDGE('',*,*,#3855,.T.);
#3853=ORIENTED_EDGE('',*,*,#3856,.T.);
#3854=ORIENTED_EDGE('',*,*,#3857,.T.);
#3855=EDGE_CURVE('',#211,#207,#3858,.F.);
#3856=EDGE_CURVE('',#207,#197,#3859,.T.);
#3857=EDGE_CURVE('',#197,#211,#3860,.T.);
#3858=LINE('',#210,#3861);
#3859=LINE('',#206,#3862);
#3860=LINE('',#196,#3863);
#3861=VECTOR('',#3864,1.0);
#3862=VECTOR('',#3865,1.0);
#3863=VECTOR('',#3866,1.0);
#3864=DIRECTION('',(-1,0,0));
#3865=DIRECTION('',(0.9961947957637213,-0.0871546263446614,0));
#3866=DIRECTION('',(-0.5736366152138963,0.8191099033011043,0));
#3867=FACE_SURFACE('',(#3872),#3868,.T.);
#3868=PLANE('',#3869);
#3869=AXIS2_PLACEMENT_3D('',#200,#3870,#3871);
#3870=DIRECTION('',(0,0,-1));
#3871=DIRECTION('',(-1,0,0));
#3872=FACE_BOUND('',#3873,.T.);
#3873=EDGE_LOOP('',(#3874,#3875,#3876));
#3874=ORIENTED_EDGE('',*,*,#3877,.T.);
#3875=ORIENTED_EDGE('',*,*,#3878,.T.);
#3876=ORIENTED_EDGE('',*,*,#3879,.T.);
#3877=EDGE_CURVE('',#201,#199,#3880,.F.);
#3878=EDGE_CURVE('',#199,#205,#3881,.T.);
#3879=EDGE_CURVE('',#205,#201,#3882,.T.);
#3880=LINE('',#200,#3883);
#3881=LINE('',#198,#3884);
#3882=LINE('',#204,#3885);
#3883=VECTOR('',#3886,1.0);
#3884=VECTOR('',#3887,1.0);
#3885=VECTOR('',#3888,1.0);
#3886=DIRECTION('',(-1,0,0));
#3887=DIRECTION('',(0.49996298239365766,0.8660467748545913,0));
#3888=DIRECTION('',(0.9972038994811439,-0.0747287284757392,0));
#3889=FACE_SURFACE('',(#3894),#3890,.T.);
#3890=PLANE('',#3891);
#3891=AXIS2_PLACEMENT_3D('',#200,#3892,#3893);
#3892=DIRECTION('',(0,0,-1));
#3893=DIRECTION('',(-0.9972038994811439,0.0747287284757392,0));
#3894=FACE_BOUND('',#3895,.T.);
#3895=EDGE_LOOP('',(#3896,#3897,#3898));
#3896=ORIENTED_EDGE('',*,*,#3899,.T.);
#3897=ORIENTED_EDGE('',*,*,#3900,.T.);
#3898=ORIENTED_EDGE('',*,*,#3901,.T.);
#3899=EDGE_CURVE('',#201,#205,#3902,.F.);
#3900=EDGE_CURVE('',#205,#213,#3903,.T.);
#3901=EDGE_CURVE('',#213,#201,#3904,.T.);
#3902=LINE('',#200,#3905);
#3903=LINE('',#204,#3906);
#3904=LINE('',#212,#3907);
#3905=VECTOR('',#3908,1.0);
#3906=VECTOR('',#3909,1.0);
#3907=VECTOR('',#3910,1.0);
#3908=DIRECTION('',(-0.9972038994811439,0.0747287284757392,0));
#3909=DIRECTION('',(1,0,0));
#3910=DIRECTION('',(0.5000350492245184,-0.8660051671595461,0));
#3911=FACE_SURFACE('',(#3916),#3912,.T.);
#3912=PLANE('',#3913);
#3913=AXIS2_PLACEMENT_3D('',#212,#3914,#3915);
#3914=DIRECTION('',(0.8660051671595462,0.5000350492245185,-0));
#3915=DIRECTION('',(0,0,1));
#3916=FACE_BOUND('',#3917,.T.);
#3917=EDGE_LOOP('',(#3918,#3919,#3920));
#3918=ORIENTED_EDGE('',*,*,#3921,.T.);
#3919=ORIENTED_EDGE('',*,*,#3922,.T.);
#3920=ORIENTED_EDGE('',*,*,#3923,.T.);
#3921=EDGE_CURVE('',#213,#209,#3924,.F.);
#3922=EDGE_CURVE('',#209,#201,#3925,.T.);
#3923=EDGE_CURVE('',#201,#213,#3926,.T.);
#3924=LINE('',#212,#3927);
#3925=LINE('',#208,#3928);
#3926=LINE('',#200,#3929);
#3927=VECTOR('',#3930,1.0);
#3928=VECTOR('',#3931,1.0);
#3929=VECTOR('',#3932,1.0);
#3930=DIRECTION('',(0,0,1));
#3931=DIRECTION('',(0.009409502561502782,-0.01629621333804462,-0.9998229316695961));
#3932=DIRECTION('',(-0.5000350492245184,0.8660051671595461,0));
#3933=FACE_SURFACE('',(#3938),#3934,.T.);
#3934=PLANE('',#3935);
#3935=AXIS2_PLACEMENT_3D('',#214,#3936,#3937);
#3936=DIRECTION('',(-0.5552620491660963,0.4428175176868896,0.703986294458556));
#3937=DIRECTION('',(-0.6234991053454438,-0.7818240630943967,0));
#3938=FACE_BOUND('',#3939,.T.);
#3939=EDGE_LOOP('',(#3940,#3941,#3942));
#3940=ORIENTED_EDGE('',*,*,#3943,.T.);
#3941=ORIENTED_EDGE('',*,*,#3944,.T.);
#3942=ORIENTED_EDGE('',*,*,#3945,.T.);
#3943=EDGE_CURVE('',#215,#203,#3946,.F.);
#3944=EDGE_CURVE('',#203,#207,#3947,.T.);
#3945=EDGE_CURVE('',#207,#215,#3948,.T.);
#3946=LINE('',#214,#3949);
#3947=LINE('',#202,#3950);
#3948=LINE('',#206,#3951);
#3949=VECTOR('',#3952,1.0);
#3950=VECTOR('',#3953,1.0);
#3951=VECTOR('',#3954,1.0);
#3952=DIRECTION('',(-0.6234991053454438,-0.7818240630943967,0));
#3953=DIRECTION('',(0.6728849485343315,-0.2582805241965971,0.6931933473834562));
#3954=DIRECTION('',(-0.4600215482284212,0.5416615459406788,-0.7035502432766833));
#3955=FACE_SURFACE('',(#3960),#3956,.T.);
#3956=PLANE('',#3957);
#3957=AXIS2_PLACEMENT_3D('',#216,#3958,#3959);
#3958=DIRECTION('',(-0.7818240630943967,0.6234991053454438,0));
#3959=DIRECTION('',(-0.01173294809142491,-0.014712292399892378,0.9998229275133793));
#3960=FACE_BOUND('',#3961,.T.);
#3961=EDGE_LOOP('',(#3962,#3963,#3964));
#3962=ORIENTED_EDGE('',*,*,#3965,.T.);
#3963=ORIENTED_EDGE('',*,*,#3966,.T.);
#3964=ORIENTED_EDGE('',*,*,#3967,.T.);
#3965=EDGE_CURVE('',#217,#203,#3968,.F.);
#3966=EDGE_CURVE('',#203,#215,#3969,.T.);
#3967=EDGE_CURVE('',#215,#217,#3970,.T.);
#3968=LINE('',#216,#3971);
#3969=LINE('',#202,#3972);
#3970=LINE('',#214,#3973);
#3971=VECTOR('',#3974,1.0);
#3972=VECTOR('',#3975,1.0);
#3973=VECTOR('',#3976,1.0);
#3974=DIRECTION('',(-0.01173294809142491,-0.014712292399892378,0.9998229275133793));
#3975=DIRECTION('',(0.6234991053454438,0.7818240630943967,0));
#3976=DIRECTION('',(0,0,-1));
#3977=FACE_SURFACE('',(#3982),#3978,.T.);
#3978=PLANE('',#3979);
#3979=AXIS2_PLACEMENT_3D('',#204,#3980,#3981);
#3980=DIRECTION('',(-0.7818240630943967,0.6234991053454438,0));
#3981=DIRECTION('',(0,0,1));
#3982=FACE_BOUND('',#3983,.T.);
#3983=EDGE_LOOP('',(#3984,#3985,#3986));
#3984=ORIENTED_EDGE('',*,*,#3987,.T.);
#3985=ORIENTED_EDGE('',*,*,#3988,.T.);
#3986=ORIENTED_EDGE('',*,*,#3989,.T.);
#3987=EDGE_CURVE('',#205,#203,#3990,.F.);
#3988=EDGE_CURVE('',#203,#217,#3991,.T.);
#3989=EDGE_CURVE('',#217,#205,#3992,.T.);
#3990=LINE('',#204,#3993);
#3991=LINE('',#202,#3994);
#3992=LINE('',#216,#3995);
#3993=VECTOR('',#3996,1.0);
#3994=VECTOR('',#3997,1.0);
#3995=VECTOR('',#3998,1.0);
#3996=DIRECTION('',(0,0,1));
#3997=DIRECTION('',(0.01173294809142491,0.014712292399892378,-0.9998229275133793));
#3998=DIRECTION('',(-0.6234991053454438,-0.7818240630943967,0));
#3999=FACE_SURFACE('',(#4004),#4000,.T.);
#4000=PLANE('',#4001);
#4001=AXIS2_PLACEMENT_3D('',#212,#4002,#4003);
#4002=DIRECTION('',(0,0,-1));
#4003=DIRECTION('',(-1,0,0));
#4004=FACE_BOUND('',#4005,.T.);
#4005=EDGE_LOOP('',(#4006,#4007,#4008));
#4006=ORIENTED_EDGE('',*,*,#4009,.T.);
#4007=ORIENTED_EDGE('',*,*,#4010,.T.);
#4008=ORIENTED_EDGE('',*,*,#4011,.T.);
#4009=EDGE_CURVE('',#213,#205,#4012,.F.);
#4010=EDGE_CURVE('',#205,#217,#4013,.T.);
#4011=EDGE_CURVE('',#217,#213,#4014,.T.);
#4012=LINE('',#212,#4015);
#4013=LINE('',#204,#4016);
#4014=LINE('',#216,#4017);
#4015=VECTOR('',#4018,1.0);
#4016=VECTOR('',#4019,1.0);
#4017=VECTOR('',#4020,1.0);
#4018=DIRECTION('',(-1,0,0));
#4019=DIRECTION('',(0.6234991053454438,0.7818240630943967,0));
#4020=DIRECTION('',(0.9972037262427104,-0.07473104018848893,0));
#4021=FACE_SURFACE('',(#4026),#4022,.T.);
#4022=PLANE('',#4023);
#4023=AXIS2_PLACEMENT_3D('',#218,#4024,#4025);
#4024=DIRECTION('',(-0.49832687505495554,0.4983063110771131,0.7094794894418599));
#4025=DIRECTION('',(-0.6512139960202473,0.32509637980665257,-0.6857351348909797));
#4026=FACE_BOUND('',#4027,.T.);
#4027=EDGE_LOOP('',(#4028,#4029,#4030));
#4028=ORIENTED_EDGE('',*,*,#4031,.T.);
#4029=ORIENTED_EDGE('',*,*,#4032,.T.);
#4030=ORIENTED_EDGE('',*,*,#4033,.T.);
#4031=EDGE_CURVE('',#219,#215,#4034,.F.);
#4032=EDGE_CURVE('',#215,#207,#4035,.T.);
#4033=EDGE_CURVE('',#207,#219,#4036,.T.);
#4034=LINE('',#218,#4037);
#4035=LINE('',#214,#4038);
#4036=LINE('',#206,#4039);
#4037=VECTOR('',#4040,1.0);
#4038=VECTOR('',#4041,1.0);
#4039=VECTOR('',#4042,1.0);
#4040=DIRECTION('',(-0.6512139960202473,0.32509637980665257,-0.6857351348909797));
#4041=DIRECTION('',(0.4600215482284212,-0.5416615459406788,0.7035502432766833));
#4042=DIRECTION('',(0.7070921909858653,0.7071213710861866,0));
#4043=FACE_SURFACE('',(#4048),#4044,.T.);
#4044=PLANE('',#4045);
#4045=AXIS2_PLACEMENT_3D('',#210,#4046,#4047);
#4046=DIRECTION('',(0,0,1));
#4047=DIRECTION('',(-0.9961947948723249,0.08715463653349982,0));
#4048=FACE_BOUND('',#4049,.T.);
#4049=EDGE_LOOP('',(#4050,#4051,#4052));
#4050=ORIENTED_EDGE('',*,*,#4053,.T.);
#4051=ORIENTED_EDGE('',*,*,#4054,.T.);
#4052=ORIENTED_EDGE('',*,*,#4055,.T.);
#4053=EDGE_CURVE('',#211,#219,#4056,.F.);
#4054=EDGE_CURVE('',#219,#207,#4057,.T.);
#4055=EDGE_CURVE('',#207,#211,#4058,.T.);
#4056=LINE('',#210,#4059);
#4057=LINE('',#218,#4060);
#4058=LINE('',#206,#4061);
#4059=VECTOR('',#4062,1.0);
#4060=VECTOR('',#4063,1.0);
#4061=VECTOR('',#4064,1.0);
#4062=DIRECTION('',(-0.9961947948723249,0.08715463653349982,0));
#4063=DIRECTION('',(-0.7070921909858653,-0.7071213710861866,0));
#4064=DIRECTION('',(1,0,0));
#4065=FACE_SURFACE('',(#4070),#4066,.T.);
#4066=PLANE('',#4067);
#4067=AXIS2_PLACEMENT_3D('',#208,#4068,#4069);
#4068=DIRECTION('',(0.5552887678530937,0.4427705811080434,0.7039947420268411));
#4069=DIRECTION('',(-0.6234403678865397,0.7818709021887795,0));
#4070=FACE_BOUND('',#4071,.T.);
#4071=EDGE_LOOP('',(#4072,#4073,#4074));
#4072=ORIENTED_EDGE('',*,*,#4075,.T.);
#4073=ORIENTED_EDGE('',*,*,#4076,.T.);
#4074=ORIENTED_EDGE('',*,*,#4077,.T.);
#4075=EDGE_CURVE('',#209,#221,#4078,.F.);
#4076=EDGE_CURVE('',#221,#211,#4079,.T.);
#4077=EDGE_CURVE('',#211,#209,#4080,.T.);
#4078=LINE('',#208,#4081);
#4079=LINE('',#220,#4082);
#4080=LINE('',#210,#4083);
#4081=VECTOR('',#4084,1.0);
#4082=VECTOR('',#4085,1.0);
#4083=VECTOR('',#4086,1.0);
#4084=DIRECTION('',(-0.6234403678865397,0.7818709021887795,0));
#4085=DIRECTION('',(-0.46004863084150116,-0.5416529858716673,0.7035391248233231));
#4086=DIRECTION('',(0.6728849485343315,0.2582805241965971,-0.6931933473834562));
#4087=FACE_SURFACE('',(#4092),#4088,.T.);
#4088=PLANE('',#4089);
#4089=AXIS2_PLACEMENT_3D('',#212,#4090,#4091);
#4090=DIRECTION('',(0.7818709021887796,0.6234403678865397,-0));
#4091=DIRECTION('',(-0.011731140211430645,0.014712292711984942,0.999822948722671));
#4092=FACE_BOUND('',#4093,.T.);
#4093=EDGE_LOOP('',(#4094,#4095,#4096));
#4094=ORIENTED_EDGE('',*,*,#4097,.T.);
#4095=ORIENTED_EDGE('',*,*,#4098,.T.);
#4096=ORIENTED_EDGE('',*,*,#4099,.T.);
#4097=EDGE_CURVE('',#213,#221,#4100,.F.);
#4098=EDGE_CURVE('',#221,#209,#4101,.T.);
#4099=EDGE_CURVE('',#209,#213,#4102,.T.);
#4100=LINE('',#212,#4103);
#4101=LINE('',#220,#4104);
#4102=LINE('',#208,#4105);
#4103=VECTOR('',#4106,1.0);
#4104=VECTOR('',#4107,1.0);
#4105=VECTOR('',#4108,1.0);
#4106=DIRECTION('',(-0.011731140211430645,0.014712292711984942,0.999822948722671));
#4107=DIRECTION('',(0.6234403678865397,-0.7818709021887795,0));
#4108=DIRECTION('',(0,0,-1));
#4109=FACE_SURFACE('',(#4114),#4110,.T.);
#4110=PLANE('',#4111);
#4111=AXIS2_PLACEMENT_3D('',#210,#4112,#4113);
#4112=DIRECTION('',(0.49831827235624915,0.49829770873340606,0.7094915735277768));
#4113=DIRECTION('',(0.46004863084150116,0.5416529858716673,-0.7035391248233231));
#4114=FACE_BOUND('',#4115,.T.);
#4115=EDGE_LOOP('',(#4116,#4117,#4118));
#4116=ORIENTED_EDGE('',*,*,#4119,.T.);
#4117=ORIENTED_EDGE('',*,*,#4120,.T.);
#4118=ORIENTED_EDGE('',*,*,#4121,.T.);
#4119=EDGE_CURVE('',#211,#221,#4122,.F.);
#4120=EDGE_CURVE('',#221,#223,#4123,.T.);
#4121=EDGE_CURVE('',#223,#211,#4124,.T.);
#4122=LINE('',#210,#4125);
#4123=LINE('',#220,#4126);
#4124=LINE('',#222,#4127);
#4125=VECTOR('',#4128,1.0);
#4126=VECTOR('',#4129,1.0);
#4127=VECTOR('',#4130,1.0);
#4128=DIRECTION('',(0.46004863084150116,0.5416529858716673,-0.7035391248233231));
#4129=DIRECTION('',(-0.6512332790226604,-0.3250892912262604,0.6857201827446829));
#4130=DIRECTION('',(0.7070921909858653,-0.7071213710861866,0));
#4131=FACE_SURFACE('',(#4136),#4132,.T.);
#4132=PLANE('',#4133);
#4133=AXIS2_PLACEMENT_3D('',#222,#4134,#4135);
#4134=DIRECTION('',(0,0,1));
#4135=DIRECTION('',(-1,0,0));
#4136=FACE_BOUND('',#4137,.T.);
#4137=EDGE_LOOP('',(#4138,#4139,#4140));
#4138=ORIENTED_EDGE('',*,*,#4141,.T.);
#4139=ORIENTED_EDGE('',*,*,#4142,.T.);
#4140=ORIENTED_EDGE('',*,*,#4143,.T.);
#4141=EDGE_CURVE('',#223,#219,#4144,.F.);
#4142=EDGE_CURVE('',#219,#211,#4145,.T.);
#4143=EDGE_CURVE('',#211,#223,#4146,.T.);
#4144=LINE('',#222,#4147);
#4145=LINE('',#218,#4148);
#4146=LINE('',#210,#4149);
#4147=VECTOR('',#4150,1.0);
#4148=VECTOR('',#4151,1.0);
#4149=VECTOR('',#4152,1.0);
#4150=DIRECTION('',(-1,0,0));
#4151=DIRECTION('',(0.9961947948723249,-0.08715463653349982,0));
#4152=DIRECTION('',(-0.7070921909858653,0.7071213710861866,0));
#4153=FACE_SURFACE('',(#4158),#4154,.T.);
#4154=PLANE('',#4155);
#4155=AXIS2_PLACEMENT_3D('',#212,#4156,#4157);
#4156=DIRECTION('',(0,0,-1));
#4157=DIRECTION('',(-0.9972037262427104,0.07473104018848893,0));
#4158=FACE_BOUND('',#4159,.T.);
#4159=EDGE_LOOP('',(#4160,#4161,#4162));
#4160=ORIENTED_EDGE('',*,*,#4163,.T.);
#4161=ORIENTED_EDGE('',*,*,#4164,.T.);
#4162=ORIENTED_EDGE('',*,*,#4165,.T.);
#4163=EDGE_CURVE('',#213,#217,#4166,.F.);
#4164=EDGE_CURVE('',#217,#225,#4167,.T.);
#4165=EDGE_CURVE('',#225,#213,#4168,.T.);
#4166=LINE('',#212,#4169);
#4167=LINE('',#216,#4170);
#4168=LINE('',#224,#4171);
#4169=VECTOR('',#4172,1.0);
#4170=VECTOR('',#4173,1.0);
#4171=VECTOR('',#4174,1.0);
#4172=DIRECTION('',(-0.9972037262427104,0.07473104018848893,0));
#4173=DIRECTION('',(1,0,0));
#4174=DIRECTION('',(0.6234403678865397,-0.7818709021887795,0));
#4175=FACE_SURFACE('',(#4180),#4176,.T.);
#4176=PLANE('',#4177);
#4177=AXIS2_PLACEMENT_3D('',#224,#4178,#4179);
#4178=DIRECTION('',(0.7818709021887796,0.6234403678865397,-0));
#4179=DIRECTION('',(0,0,1));
#4180=FACE_BOUND('',#4181,.T.);
#4181=EDGE_LOOP('',(#4182,#4183,#4184));
#4182=ORIENTED_EDGE('',*,*,#4185,.T.);
#4183=ORIENTED_EDGE('',*,*,#4186,.T.);
#4184=ORIENTED_EDGE('',*,*,#4187,.T.);
#4185=EDGE_CURVE('',#225,#221,#4188,.F.);
#4186=EDGE_CURVE('',#221,#213,#4189,.T.);
#4187=EDGE_CURVE('',#213,#225,#4190,.T.);
#4188=LINE('',#224,#4191);
#4189=LINE('',#220,#4192);
#4190=LINE('',#212,#4193);
#4191=VECTOR('',#4194,1.0);
#4192=VECTOR('',#4195,1.0);
#4193=VECTOR('',#4196,1.0);
#4194=DIRECTION('',(0,0,1));
#4195=DIRECTION('',(0.011731140211430645,-0.014712292711984942,-0.999822948722671));
#4196=DIRECTION('',(-0.6234403678865397,0.7818709021887795,0));
#4197=FACE_SURFACE('',(#4202),#4198,.T.);
#4198=PLANE('',#4199);
#4199=AXIS2_PLACEMENT_3D('',#226,#4200,#4201);
#4200=DIRECTION('',(-0.4825246329953052,0.5200509182907654,0.7047815412861477));
#4201=DIRECTION('',(-0.7330603774292223,-0.6801635707999409,0));
#4202=FACE_BOUND('',#4203,.T.);
#4203=EDGE_LOOP('',(#4204,#4205,#4206));
#4204=ORIENTED_EDGE('',*,*,#4207,.T.);
#4205=ORIENTED_EDGE('',*,*,#4208,.T.);
#4206=ORIENTED_EDGE('',*,*,#4209,.T.);
#4207=EDGE_CURVE('',#227,#215,#4210,.F.);
#4208=EDGE_CURVE('',#215,#219,#4211,.T.);
#4209=EDGE_CURVE('',#219,#227,#4212,.T.);
#4210=LINE('',#226,#4213);
#4211=LINE('',#214,#4214);
#4212=LINE('',#218,#4215);
#4213=VECTOR('',#4216,1.0);
#4214=VECTOR('',#4217,1.0);
#4215=VECTOR('',#4218,1.0);
#4216=DIRECTION('',(-0.7330603774292223,-0.6801635707999409,0));
#4217=DIRECTION('',(0.6512139960202473,-0.32509637980665257,0.6857351348909797));
#4218=DIRECTION('',(-0.40759314959436155,0.5788977916330578,-0.7062189258623117));
#4219=FACE_SURFACE('',(#4224),#4220,.T.);
#4220=PLANE('',#4221);
#4221=AXIS2_PLACEMENT_3D('',#228,#4222,#4223);
#4222=DIRECTION('',(-0.6801635707999409,0.7330603774292223,0));
#4223=DIRECTION('',(-0.013794215135829823,-0.012798840193861766,0.9998229389839375));
#4224=FACE_BOUND('',#4225,.T.);
#4225=EDGE_LOOP('',(#4226,#4227,#4228));
#4226=ORIENTED_EDGE('',*,*,#4229,.T.);
#4227=ORIENTED_EDGE('',*,*,#4230,.T.);
#4228=ORIENTED_EDGE('',*,*,#4231,.T.);
#4229=EDGE_CURVE('',#229,#215,#4232,.F.);
#4230=EDGE_CURVE('',#215,#227,#4233,.T.);
#4231=EDGE_CURVE('',#227,#229,#4234,.T.);
#4232=LINE('',#228,#4235);
#4233=LINE('',#214,#4236);
#4234=LINE('',#226,#4237);
#4235=VECTOR('',#4238,1.0);
#4236=VECTOR('',#4239,1.0);
#4237=VECTOR('',#4240,1.0);
#4238=DIRECTION('',(-0.013794215135829823,-0.012798840193861766,0.9998229389839375));
#4239=DIRECTION('',(0.7330603774292223,0.6801635707999409,0));
#4240=DIRECTION('',(0,0,-1));
#4241=FACE_SURFACE('',(#4246),#4242,.T.);
#4242=PLANE('',#4243);
#4243=AXIS2_PLACEMENT_3D('',#216,#4244,#4245);
#4244=DIRECTION('',(-0.6801635707999409,0.7330603774292223,0));
#4245=DIRECTION('',(0,0,1));
#4246=FACE_BOUND('',#4247,.T.);
#4247=EDGE_LOOP('',(#4248,#4249,#4250));
#4248=ORIENTED_EDGE('',*,*,#4251,.T.);
#4249=ORIENTED_EDGE('',*,*,#4252,.T.);
#4250=ORIENTED_EDGE('',*,*,#4253,.T.);
#4251=EDGE_CURVE('',#217,#215,#4254,.F.);
#4252=EDGE_CURVE('',#215,#229,#4255,.T.);
#4253=EDGE_CURVE('',#229,#217,#4256,.T.);
#4254=LINE('',#216,#4257);
#4255=LINE('',#214,#4258);
#4256=LINE('',#228,#4259);
#4257=VECTOR('',#4260,1.0);
#4258=VECTOR('',#4261,1.0);
#4259=VECTOR('',#4262,1.0);
#4260=DIRECTION('',(0,0,1));
#4261=DIRECTION('',(0.013794215135829823,0.012798840193861766,-0.9998229389839375));
#4262=DIRECTION('',(-0.7330603774292223,-0.6801635707999409,0));
#4263=FACE_SURFACE('',(#4268),#4264,.T.);
#4264=PLANE('',#4265);
#4265=AXIS2_PLACEMENT_3D('',#224,#4266,#4267);
#4266=DIRECTION('',(0,0,-1));
#4267=DIRECTION('',(-1,0,0));
#4268=FACE_BOUND('',#4269,.T.);
#4269=EDGE_LOOP('',(#4270,#4271,#4272));
#4270=ORIENTED_EDGE('',*,*,#4273,.T.);
#4271=ORIENTED_EDGE('',*,*,#4274,.T.);
#4272=ORIENTED_EDGE('',*,*,#4275,.T.);
#4273=EDGE_CURVE('',#225,#217,#4276,.F.);
#4274=EDGE_CURVE('',#217,#229,#4277,.T.);
#4275=EDGE_CURVE('',#229,#225,#4278,.T.);
#4276=LINE('',#224,#4279);
#4277=LINE('',#216,#4280);
#4278=LINE('',#228,#4281);
#4279=VECTOR('',#4282,1.0);
#4280=VECTOR('',#4283,1.0);
#4281=VECTOR('',#4284,1.0);
#4282=DIRECTION('',(-1,0,0));
#4283=DIRECTION('',(0.7330603774292223,0.6801635707999409,0));
#4284=DIRECTION('',(0.9972039729761338,-0.0747277477287666,0));
#4285=FACE_SURFACE('',(#4290),#4286,.T.);
#4286=PLANE('',#4287);
#4287=AXIS2_PLACEMENT_3D('',#230,#4288,#4289);
#4288=DIRECTION('',(-0.40505703491028167,0.5785116142100452,0.7079923097702254));
#4289=DIRECTION('',(-0.6226918425230793,0.3924505504133527,-0.6769323708727992));
#4290=FACE_BOUND('',#4291,.T.);
#4291=EDGE_LOOP('',(#4292,#4293,#4294));
#4292=ORIENTED_EDGE('',*,*,#4295,.T.);
#4293=ORIENTED_EDGE('',*,*,#4296,.T.);
#4294=ORIENTED_EDGE('',*,*,#4297,.T.);
#4295=EDGE_CURVE('',#231,#227,#4298,.F.);
#4296=EDGE_CURVE('',#227,#219,#4299,.T.);
#4297=EDGE_CURVE('',#219,#231,#4300,.T.);
#4298=LINE('',#230,#4301);
#4299=LINE('',#226,#4302);
#4300=LINE('',#218,#4303);
#4301=VECTOR('',#4304,1.0);
#4302=VECTOR('',#4305,1.0);
#4303=VECTOR('',#4306,1.0);
#4304=DIRECTION('',(-0.6226918425230793,0.3924505504133527,-0.6769323708727992));
#4305=DIRECTION('',(0.40759314959436155,-0.5788977916330578,0.7062189258623117));
#4306=DIRECTION('',(0.8191661206018375,0.5735563327678772,0));
#4307=FACE_SURFACE('',(#4312),#4308,.T.);
#4308=PLANE('',#4309);
#4309=AXIS2_PLACEMENT_3D('',#222,#4310,#4311);
#4310=DIRECTION('',(0,0,1));
#4311=DIRECTION('',(-0.9961942949936039,0.08716035005779003,0));
#4312=FACE_BOUND('',#4313,.T.);
#4313=EDGE_LOOP('',(#4314,#4315,#4316));
#4314=ORIENTED_EDGE('',*,*,#4317,.T.);
#4315=ORIENTED_EDGE('',*,*,#4318,.T.);
#4316=ORIENTED_EDGE('',*,*,#4319,.T.);
#4317=EDGE_CURVE('',#223,#231,#4320,.F.);
#4318=EDGE_CURVE('',#231,#219,#4321,.T.);
#4319=EDGE_CURVE('',#219,#223,#4322,.T.);
#4320=LINE('',#222,#4323);
#4321=LINE('',#230,#4324);
#4322=LINE('',#218,#4325);
#4323=VECTOR('',#4326,1.0);
#4324=VECTOR('',#4327,1.0);
#4325=VECTOR('',#4328,1.0);
#4326=DIRECTION('',(-0.9961942949936039,0.08716035005779003,0));
#4327=DIRECTION('',(-0.8191661206018375,-0.5735563327678772,0));
#4328=DIRECTION('',(1,0,0));
#4329=FACE_SURFACE('',(#4334),#4330,.T.);
#4330=PLANE('',#4331);
#4331=AXIS2_PLACEMENT_3D('',#220,#4332,#4333);
#4332=DIRECTION('',(0.48248852668754416,0.5200801665078706,0.7047846777704725));
#4333=DIRECTION('',(-0.7331048255066617,0.6801156628242339,0));
#4334=FACE_BOUND('',#4335,.T.);
#4335=EDGE_LOOP('',(#4336,#4337,#4338));
#4336=ORIENTED_EDGE('',*,*,#4339,.T.);
#4337=ORIENTED_EDGE('',*,*,#4340,.T.);
#4338=ORIENTED_EDGE('',*,*,#4341,.T.);
#4339=EDGE_CURVE('',#221,#233,#4342,.F.);
#4340=EDGE_CURVE('',#233,#223,#4343,.T.);
#4341=EDGE_CURVE('',#223,#221,#4344,.T.);
#4342=LINE('',#220,#4345);
#4343=LINE('',#232,#4346);
#4344=LINE('',#222,#4347);
#4345=VECTOR('',#4348,1.0);
#4346=VECTOR('',#4349,1.0);
#4347=VECTOR('',#4350,1.0);
#4348=DIRECTION('',(-0.7331048255066617,0.6801156628242339,0));
#4349=DIRECTION('',(-0.40759314959436155,-0.5788977916330578,0.7062189258623117));
#4350=DIRECTION('',(0.6512332790226604,0.3250892912262604,-0.6857201827446829));
#4351=FACE_SURFACE('',(#4356),#4352,.T.);
#4352=PLANE('',#4353);
#4353=AXIS2_PLACEMENT_3D('',#224,#4354,#4355);
#4354=DIRECTION('',(0.680115662824234,0.7331048255066617,-0));
#4355=DIRECTION('',(-0.013796022920578998,0.012798839874615785,0.9998229140450017));
#4356=FACE_BOUND('',#4357,.T.);
#4357=EDGE_LOOP('',(#4358,#4359,#4360));
#4358=ORIENTED_EDGE('',*,*,#4361,.T.);
#4359=ORIENTED_EDGE('',*,*,#4362,.T.);
#4360=ORIENTED_EDGE('',*,*,#4363,.T.);
#4361=EDGE_CURVE('',#225,#233,#4364,.F.);
#4362=EDGE_CURVE('',#233,#221,#4365,.T.);
#4363=EDGE_CURVE('',#221,#225,#4366,.T.);
#4364=LINE('',#224,#4367);
#4365=LINE('',#232,#4368);
#4366=LINE('',#220,#4369);
#4367=VECTOR('',#4370,1.0);
#4368=VECTOR('',#4371,1.0);
#4369=VECTOR('',#4372,1.0);
#4370=DIRECTION('',(-0.013796022920578998,0.012798839874615785,0.9998229140450017));
#4371=DIRECTION('',(0.7331048255066617,-0.6801156628242339,0));
#4372=DIRECTION('',(0,0,-1));
#4373=FACE_SURFACE('',(#4378),#4374,.T.);
#4374=PLANE('',#4375);
#4375=AXIS2_PLACEMENT_3D('',#222,#4376,#4377);
#4376=DIRECTION('',(0.40505703491028167,0.5785116142100452,0.7079923097702254));
#4377=DIRECTION('',(0.40759314959436155,0.5788977916330578,-0.7062189258623117));
#4378=FACE_BOUND('',#4379,.T.);
#4379=EDGE_LOOP('',(#4380,#4381,#4382));
#4380=ORIENTED_EDGE('',*,*,#4383,.T.);
#4381=ORIENTED_EDGE('',*,*,#4384,.T.);
#4382=ORIENTED_EDGE('',*,*,#4385,.T.);
#4383=EDGE_CURVE('',#223,#233,#4386,.F.);
#4384=EDGE_CURVE('',#233,#235,#4387,.T.);
#4385=EDGE_CURVE('',#235,#223,#4388,.T.);
#4386=LINE('',#222,#4389);
#4387=LINE('',#232,#4390);
#4388=LINE('',#234,#4391);
#4389=VECTOR('',#4392,1.0);
#4390=VECTOR('',#4393,1.0);
#4391=VECTOR('',#4394,1.0);
#4392=DIRECTION('',(0.40759314959436155,0.5788977916330578,-0.7062189258623117));
#4393=DIRECTION('',(-0.6226918425230793,-0.3924505504133527,0.6769323708727992));
#4394=DIRECTION('',(0.8191661206018375,-0.5735563327678772,0));
#4395=FACE_SURFACE('',(#4400),#4396,.T.);
#4396=PLANE('',#4397);
#4397=AXIS2_PLACEMENT_3D('',#234,#4398,#4399);
#4398=DIRECTION('',(0,0,1));
#4399=DIRECTION('',(-1,0,0));
#4400=FACE_BOUND('',#4401,.T.);
#4401=EDGE_LOOP('',(#4402,#4403,#4404));
#4402=ORIENTED_EDGE('',*,*,#4405,.T.);
#4403=ORIENTED_EDGE('',*,*,#4406,.T.);
#4404=ORIENTED_EDGE('',*,*,#4407,.T.);
#4405=EDGE_CURVE('',#235,#231,#4408,.F.);
#4406=EDGE_CURVE('',#231,#223,#4409,.T.);
#4407=EDGE_CURVE('',#223,#235,#4410,.T.);
#4408=LINE('',#234,#4411);
#4409=LINE('',#230,#4412);
#4410=LINE('',#222,#4413);
#4411=VECTOR('',#4414,1.0);
#4412=VECTOR('',#4415,1.0);
#4413=VECTOR('',#4416,1.0);
#4414=DIRECTION('',(-1,0,0));
#4415=DIRECTION('',(0.9961942949936039,-0.08716035005779003,0));
#4416=DIRECTION('',(-0.8191661206018375,0.5735563327678772,0));
#4417=FACE_SURFACE('',(#4422),#4418,.T.);
#4418=PLANE('',#4419);
#4419=AXIS2_PLACEMENT_3D('',#224,#4420,#4421);
#4420=DIRECTION('',(0,0,-1));
#4421=DIRECTION('',(-0.9972039729761338,0.0747277477287666,0));
#4422=FACE_BOUND('',#4423,.T.);
#4423=EDGE_LOOP('',(#4424,#4425,#4426));
#4424=ORIENTED_EDGE('',*,*,#4427,.T.);
#4425=ORIENTED_EDGE('',*,*,#4428,.T.);
#4426=ORIENTED_EDGE('',*,*,#4429,.T.);
#4427=EDGE_CURVE('',#225,#229,#4430,.F.);
#4428=EDGE_CURVE('',#229,#237,#4431,.T.);
#4429=EDGE_CURVE('',#237,#225,#4432,.T.);
#4430=LINE('',#224,#4433);
#4431=LINE('',#228,#4434);
#4432=LINE('',#236,#4435);
#4433=VECTOR('',#4436,1.0);
#4434=VECTOR('',#4437,1.0);
#4435=VECTOR('',#4438,1.0);
#4436=DIRECTION('',(-0.9972039729761338,0.0747277477287666,0));
#4437=DIRECTION('',(1,0,0));
#4438=DIRECTION('',(0.7331048255066617,-0.6801156628242339,0));
#4439=FACE_SURFACE('',(#4444),#4440,.T.);
#4440=PLANE('',#4441);
#4441=AXIS2_PLACEMENT_3D('',#236,#4442,#4443);
#4442=DIRECTION('',(0.680115662824234,0.7331048255066617,-0));
#4443=DIRECTION('',(0,0,1));
#4444=FACE_BOUND('',#4445,.T.);
#4445=EDGE_LOOP('',(#4446,#4447,#4448));
#4446=ORIENTED_EDGE('',*,*,#4449,.T.);
#4447=ORIENTED_EDGE('',*,*,#4450,.T.);
#4448=ORIENTED_EDGE('',*,*,#4451,.T.);
#4449=EDGE_CURVE('',#237,#233,#4452,.F.);
#4450=EDGE_CURVE('',#233,#225,#4453,.T.);
#4451=EDGE_CURVE('',#225,#237,#4454,.T.);
#4452=LINE('',#236,#4455);
#4453=LINE('',#232,#4456);
#4454=LINE('',#224,#4457);
#4455=VECTOR('',#4458,1.0);
#4456=VECTOR('',#4459,1.0);
#4457=VECTOR('',#4460,1.0);
#4458=DIRECTION('',(0,0,1));
#4459=DIRECTION('',(0.013796022920578998,-0.012798839874615785,-0.9998229140450017));
#4460=DIRECTION('',(-0.7331048255066617,0.6801156628242339,0));
#4461=FACE_SURFACE('',(#4466),#4462,.T.);
#4462=PLANE('',#4463);
#4463=AXIS2_PLACEMENT_3D('',#238,#4464,#4465);
#4464=DIRECTION('',(-0.5633070090048324,0.8262476708626958,0));
#4465=DIRECTION('',(-0.015548100013386293,-0.010600155405102587,0.9998229309689597));
#4466=FACE_BOUND('',#4467,.T.);
#4467=EDGE_LOOP('',(#4468,#4469,#4470));
#4468=ORIENTED_EDGE('',*,*,#4471,.T.);
#4469=ORIENTED_EDGE('',*,*,#4472,.T.);
#4470=ORIENTED_EDGE('',*,*,#4473,.T.);
#4471=EDGE_CURVE('',#239,#227,#4474,.F.);
#4472=EDGE_CURVE('',#227,#241,#4475,.T.);
#4473=EDGE_CURVE('',#241,#239,#4476,.T.);
#4474=LINE('',#238,#4477);
#4475=LINE('',#226,#4478);
#4476=LINE('',#240,#4479);
#4477=VECTOR('',#4480,1.0);
#4478=VECTOR('',#4481,1.0);
#4479=VECTOR('',#4482,1.0);
#4480=DIRECTION('',(-0.015548100013386293,-0.010600155405102587,0.9998229309689597));
#4481=DIRECTION('',(0.8262476708626958,0.5633070090048324,0));
#4482=DIRECTION('',(0,0,-1));
#4483=FACE_SURFACE('',(#4488),#4484,.T.);
#4484=PLANE('',#4485);
#4485=AXIS2_PLACEMENT_3D('',#240,#4486,#4487);
#4486=DIRECTION('',(-0.3988788715247513,0.5850677042629145,0.7061100673971895));
#4487=DIRECTION('',(-0.8262476708626958,-0.5633070090048324,0));
#4488=FACE_BOUND('',#4489,.T.);
#4489=EDGE_LOOP('',(#4490,#4491,#4492));
#4490=ORIENTED_EDGE('',*,*,#4493,.T.);
#4491=ORIENTED_EDGE('',*,*,#4494,.T.);
#4492=ORIENTED_EDGE('',*,*,#4495,.T.);
#4493=EDGE_CURVE('',#241,#227,#4496,.F.);
#4494=EDGE_CURVE('',#227,#231,#4497,.T.);
#4495=EDGE_CURVE('',#231,#241,#4498,.T.);
#4496=LINE('',#240,#4499);
#4497=LINE('',#226,#4500);
#4498=LINE('',#230,#4501);
#4499=VECTOR('',#4502,1.0);
#4500=VECTOR('',#4503,1.0);
#4501=VECTOR('',#4504,1.0);
#4502=DIRECTION('',(-0.8262476708626958,-0.5633070090048324,0));
#4503=DIRECTION('',(0.6226918425230793,-0.3924505504133527,0.6769323708727992));
#4504=DIRECTION('',(-0.3535567564754899,0.6123627191074384,-0.7071135129509798));
#4505=FACE_SURFACE('',(#4510),#4506,.T.);
#4506=PLANE('',#4507);
#4507=AXIS2_PLACEMENT_3D('',#228,#4508,#4509);
#4508=DIRECTION('',(-0.5633070090048324,0.8262476708626958,0));
#4509=DIRECTION('',(0,0,1));
#4510=FACE_BOUND('',#4511,.T.);
#4511=EDGE_LOOP('',(#4512,#4513,#4514));
#4512=ORIENTED_EDGE('',*,*,#4515,.T.);
#4513=ORIENTED_EDGE('',*,*,#4516,.T.);
#4514=ORIENTED_EDGE('',*,*,#4517,.T.);
#4515=EDGE_CURVE('',#229,#227,#4518,.F.);
#4516=EDGE_CURVE('',#227,#239,#4519,.T.);
#4517=EDGE_CURVE('',#239,#229,#4520,.T.);
#4518=LINE('',#228,#4521);
#4519=LINE('',#226,#4522);
#4520=LINE('',#238,#4523);
#4521=VECTOR('',#4524,1.0);
#4522=VECTOR('',#4525,1.0);
#4523=VECTOR('',#4526,1.0);
#4524=DIRECTION('',(0,0,1));
#4525=DIRECTION('',(0.015548100013386293,0.010600155405102587,-0.9998229309689597));
#4526=DIRECTION('',(-0.8262476708626958,-0.5633070090048324,0));
#4527=FACE_SURFACE('',(#4532),#4528,.T.);
#4528=PLANE('',#4529);
#4529=AXIS2_PLACEMENT_3D('',#236,#4530,#4531);
#4530=DIRECTION('',(0,0,-1));
#4531=DIRECTION('',(-1,0,0));
#4532=FACE_BOUND('',#4533,.T.);
#4533=EDGE_LOOP('',(#4534,#4535,#4536));
#4534=ORIENTED_EDGE('',*,*,#4537,.T.);
#4535=ORIENTED_EDGE('',*,*,#4538,.T.);
#4536=ORIENTED_EDGE('',*,*,#4539,.T.);
#4537=EDGE_CURVE('',#237,#229,#4540,.F.);
#4538=EDGE_CURVE('',#229,#239,#4541,.T.);
#4539=EDGE_CURVE('',#239,#237,#4542,.T.);
#4540=LINE('',#236,#4543);
#4541=LINE('',#228,#4544);
#4542=LINE('',#238,#4545);
#4543=VECTOR('',#4546,1.0);
#4544=VECTOR('',#4547,1.0);
#4545=VECTOR('',#4548,1.0);
#4546=DIRECTION('',(-1,0,0));
#4547=DIRECTION('',(0.8262476708626958,0.5633070090048324,0));
#4548=DIRECTION('',(0.9972038238158176,-0.07472973817103708,0));
#4549=FACE_SURFACE('',(#4554),#4550,.T.);
#4550=PLANE('',#4551);
#4551=AXIS2_PLACEMENT_3D('',#242,#4552,#4553);
#4552=DIRECTION('',(-0.30723576198934155,0.6379781299173019,0.7061091220923654));
#4553=DIRECTION('',(-0.9009679364268856,-0.4338856733411228,0));
#4554=FACE_BOUND('',#4555,.T.);
#4555=EDGE_LOOP('',(#4556,#4557,#4558));
#4556=ORIENTED_EDGE('',*,*,#4559,.T.);
#4557=ORIENTED_EDGE('',*,*,#4560,.T.);
#4558=ORIENTED_EDGE('',*,*,#4561,.T.);
#4559=EDGE_CURVE('',#243,#241,#4562,.F.);
#4560=EDGE_CURVE('',#241,#231,#4563,.T.);
#4561=EDGE_CURVE('',#231,#243,#4564,.T.);
#4562=LINE('',#242,#4565);
#4563=LINE('',#240,#4566);
#4564=LINE('',#230,#4567);
#4565=VECTOR('',#4568,1.0);
#4566=VECTOR('',#4569,1.0);
#4567=VECTOR('',#4570,1.0);
#4568=DIRECTION('',(-0.9009679364268856,-0.4338856733411228,0));
#4569=DIRECTION('',(0.3535567564754899,-0.6123627191074384,0.7071135129509798));
#4570=DIRECTION('',(-0.028525155175110336,0.7354895601146787,-0.6769353163224331));
#4571=FACE_SURFACE('',(#4576),#4572,.T.);
#4572=PLANE('',#4573);
#4573=AXIS2_PLACEMENT_3D('',#244,#4574,#4575);
#4574=DIRECTION('',(-0.29843309405703483,0.6400588248454289,0.7079988623642227));
#4575=DIRECTION('',(-0.297519550614035,0.6424532623423836,-0.7062123779062861));
#4576=FACE_BOUND('',#4577,.T.);
#4577=EDGE_LOOP('',(#4578,#4579,#4580));
#4578=ORIENTED_EDGE('',*,*,#4581,.T.);
#4579=ORIENTED_EDGE('',*,*,#4582,.T.);
#4580=ORIENTED_EDGE('',*,*,#4583,.T.);
#4581=EDGE_CURVE('',#245,#243,#4584,.F.);
#4582=EDGE_CURVE('',#243,#231,#4585,.T.);
#4583=EDGE_CURVE('',#231,#245,#4586,.T.);
#4584=LINE('',#244,#4587);
#4585=LINE('',#242,#4588);
#4586=LINE('',#230,#4589);
#4587=VECTOR('',#4590,1.0);
#4588=VECTOR('',#4591,1.0);
#4589=VECTOR('',#4592,1.0);
#4590=DIRECTION('',(-0.297519550614035,0.6424532623423836,-0.7062123779062861));
#4591=DIRECTION('',(0.028525155175110336,-0.7354895601146787,0.6769353163224331));
#4592=DIRECTION('',(0.9063247283638725,0.4225819290458983,0));
#4593=FACE_SURFACE('',(#4598),#4594,.T.);
#4594=PLANE('',#4595);
#4595=AXIS2_PLACEMENT_3D('',#234,#4596,#4597);
#4596=DIRECTION('',(0,0,1));
#4597=DIRECTION('',(-0.9961953372248299,0.08714843711454348,0));
#4598=FACE_BOUND('',#4599,.T.);
#4599=EDGE_LOOP('',(#4600,#4601,#4602));
#4600=ORIENTED_EDGE('',*,*,#4603,.T.);
#4601=ORIENTED_EDGE('',*,*,#4604,.T.);
#4602=ORIENTED_EDGE('',*,*,#4605,.T.);
#4603=EDGE_CURVE('',#235,#245,#4606,.F.);
#4604=EDGE_CURVE('',#245,#231,#4607,.T.);
#4605=EDGE_CURVE('',#231,#235,#4608,.T.);
#4606=LINE('',#234,#4609);
#4607=LINE('',#244,#4610);
#4608=LINE('',#230,#4611);
#4609=VECTOR('',#4612,1.0);
#4610=VECTOR('',#4613,1.0);
#4611=VECTOR('',#4614,1.0);
#4612=DIRECTION('',(-0.9961953372248299,0.08714843711454348,0));
#4613=DIRECTION('',(-0.9063247283638725,-0.4225819290458983,0));
#4614=DIRECTION('',(1,0,0));
#4615=FACE_SURFACE('',(#4620),#4616,.T.);
#4616=PLANE('',#4617);
#4617=AXIS2_PLACEMENT_3D('',#232,#4618,#4619);
#4618=DIRECTION('',(0.3988788715247513,0.5850677042629145,0.7061100673971895));
#4619=DIRECTION('',(-0.8262476708626958,0.5633070090048324,0));
#4620=FACE_BOUND('',#4621,.T.);
#4621=EDGE_LOOP('',(#4622,#4623,#4624));
#4622=ORIENTED_EDGE('',*,*,#4625,.T.);
#4623=ORIENTED_EDGE('',*,*,#4626,.T.);
#4624=ORIENTED_EDGE('',*,*,#4627,.T.);
#4625=EDGE_CURVE('',#233,#247,#4628,.F.);
#4626=EDGE_CURVE('',#247,#235,#4629,.T.);
#4627=EDGE_CURVE('',#235,#233,#4630,.T.);
#4628=LINE('',#232,#4631);
#4629=LINE('',#246,#4632);
#4630=LINE('',#234,#4633);
#4631=VECTOR('',#4634,1.0);
#4632=VECTOR('',#4635,1.0);
#4633=VECTOR('',#4636,1.0);
#4634=DIRECTION('',(-0.8262476708626958,0.5633070090048324,0));
#4635=DIRECTION('',(-0.3535567564754899,-0.6123627191074384,0.7071135129509798));
#4636=DIRECTION('',(0.6226918425230793,0.3924505504133527,-0.6769323708727992));
#4637=FACE_SURFACE('',(#4642),#4638,.T.);
#4638=PLANE('',#4639);
#4639=AXIS2_PLACEMENT_3D('',#236,#4640,#4641);
#4640=DIRECTION('',(0.5633070090048324,0.8262476708626958,-0));
#4641=DIRECTION('',(-0.015548100013386293,0.010600155405102587,0.9998229309689597));
#4642=FACE_BOUND('',#4643,.T.);
#4643=EDGE_LOOP('',(#4644,#4645,#4646));
#4644=ORIENTED_EDGE('',*,*,#4647,.T.);
#4645=ORIENTED_EDGE('',*,*,#4648,.T.);
#4646=ORIENTED_EDGE('',*,*,#4649,.T.);
#4647=EDGE_CURVE('',#237,#247,#4650,.F.);
#4648=EDGE_CURVE('',#247,#233,#4651,.T.);
#4649=EDGE_CURVE('',#233,#237,#4652,.T.);
#4650=LINE('',#236,#4653);
#4651=LINE('',#246,#4654);
#4652=LINE('',#232,#4655);
#4653=VECTOR('',#4656,1.0);
#4654=VECTOR('',#4657,1.0);
#4655=VECTOR('',#4658,1.0);
#4656=DIRECTION('',(-0.015548100013386293,0.010600155405102587,0.9998229309689597));
#4657=DIRECTION('',(0.8262476708626958,-0.5633070090048324,0));
#4658=DIRECTION('',(0,0,-1));
#4659=FACE_SURFACE('',(#4664),#4660,.T.);
#4660=PLANE('',#4661);
#4661=AXIS2_PLACEMENT_3D('',#234,#4662,#4663);
#4662=DIRECTION('',(0.2984646862918717,0.640044144281202,0.7079988166713547));
#4663=DIRECTION('',(0.02855818171552028,0.735488866253356,-0.6769346777012214));
#4664=FACE_BOUND('',#4665,.T.);
#4665=EDGE_LOOP('',(#4666,#4667,#4668));
#4666=ORIENTED_EDGE('',*,*,#4669,.T.);
#4667=ORIENTED_EDGE('',*,*,#4670,.T.);
#4668=ORIENTED_EDGE('',*,*,#4671,.T.);
#4669=EDGE_CURVE('',#235,#249,#4672,.F.);
#4670=EDGE_CURVE('',#249,#251,#4673,.T.);
#4671=EDGE_CURVE('',#251,#235,#4674,.T.);
#4672=LINE('',#234,#4675);
#4673=LINE('',#248,#4676);
#4674=LINE('',#250,#4677);
#4675=VECTOR('',#4678,1.0);
#4676=VECTOR('',#4679,1.0);
#4677=VECTOR('',#4680,1.0);
#4678=DIRECTION('',(0.02855818171552028,0.735488866253356,-0.6769346777012214));
#4679=DIRECTION('',(-0.297519550614035,-0.6424532623423836,0.7062123779062861));
#4680=DIRECTION('',(0.9063038818648881,-0.42262663630755115,0));
#4681=FACE_SURFACE('',(#4686),#4682,.T.);
#4682=PLANE('',#4683);
#4683=AXIS2_PLACEMENT_3D('',#246,#4684,#4685);
#4684=DIRECTION('',(0.307261882070673,0.6379643262569076,0.7061102281159491));
#4685=DIRECTION('',(-0.9009498458491676,0.43392323660338933,0));
#4686=FACE_BOUND('',#4687,.T.);
#4687=EDGE_LOOP('',(#4688,#4689,#4690));
#4688=ORIENTED_EDGE('',*,*,#4691,.T.);
#4689=ORIENTED_EDGE('',*,*,#4692,.T.);
#4690=ORIENTED_EDGE('',*,*,#4693,.T.);
#4691=EDGE_CURVE('',#247,#249,#4694,.F.);
#4692=EDGE_CURVE('',#249,#235,#4695,.T.);
#4693=EDGE_CURVE('',#235,#247,#4696,.T.);
#4694=LINE('',#246,#4697);
#4695=LINE('',#248,#4698);
#4696=LINE('',#234,#4699);
#4697=VECTOR('',#4700,1.0);
#4698=VECTOR('',#4701,1.0);
#4699=VECTOR('',#4702,1.0);
#4700=DIRECTION('',(-0.9009498458491676,0.43392323660338933,0));
#4701=DIRECTION('',(-0.02855818171552028,-0.735488866253356,0.6769346777012214));
#4702=DIRECTION('',(0.3535567564754899,0.6123627191074384,-0.7071135129509798));
#4703=FACE_SURFACE('',(#4708),#4704,.T.);
#4704=PLANE('',#4705);
#4705=AXIS2_PLACEMENT_3D('',#250,#4706,#4707);
#4706=DIRECTION('',(0,0,1));
#4707=DIRECTION('',(-1,0,0));
#4708=FACE_BOUND('',#4709,.T.);
#4709=EDGE_LOOP('',(#4710,#4711,#4712));
#4710=ORIENTED_EDGE('',*,*,#4713,.T.);
#4711=ORIENTED_EDGE('',*,*,#4714,.T.);
#4712=ORIENTED_EDGE('',*,*,#4715,.T.);
#4713=EDGE_CURVE('',#251,#245,#4716,.F.);
#4714=EDGE_CURVE('',#245,#235,#4717,.T.);
#4715=EDGE_CURVE('',#235,#251,#4718,.T.);
#4716=LINE('',#250,#4719);
#4717=LINE('',#244,#4720);
#4718=LINE('',#234,#4721);
#4719=VECTOR('',#4722,1.0);
#4720=VECTOR('',#4723,1.0);
#4721=VECTOR('',#4724,1.0);
#4722=DIRECTION('',(-1,0,0));
#4723=DIRECTION('',(0.9961953372248299,-0.08714843711454348,0));
#4724=DIRECTION('',(-0.9063038818648881,0.42262663630755115,0));
#4725=FACE_SURFACE('',(#4730),#4726,.T.);
#4726=PLANE('',#4727);
#4727=AXIS2_PLACEMENT_3D('',#236,#4728,#4729);
#4728=DIRECTION('',(0,0,-1));
#4729=DIRECTION('',(-0.9972038238158176,0.07472973817103708,0));
#4730=FACE_BOUND('',#4731,.T.);
#4731=EDGE_LOOP('',(#4732,#4733,#4734));
#4732=ORIENTED_EDGE('',*,*,#4735,.T.);
#4733=ORIENTED_EDGE('',*,*,#4736,.T.);
#4734=ORIENTED_EDGE('',*,*,#4737,.T.);
#4735=EDGE_CURVE('',#237,#239,#4738,.F.);
#4736=EDGE_CURVE('',#239,#253,#4739,.T.);
#4737=EDGE_CURVE('',#253,#237,#4740,.T.);
#4738=LINE('',#236,#4741);
#4739=LINE('',#238,#4742);
#4740=LINE('',#252,#4743);
#4741=VECTOR('',#4744,1.0);
#4742=VECTOR('',#4745,1.0);
#4743=VECTOR('',#4746,1.0);
#4744=DIRECTION('',(-0.9972038238158176,0.07472973817103708,0));
#4745=DIRECTION('',(1,0,0));
#4746=DIRECTION('',(0.8262476708626958,-0.5633070090048324,0));
#4747=FACE_SURFACE('',(#4752),#4748,.T.);
#4748=PLANE('',#4749);
#4749=AXIS2_PLACEMENT_3D('',#252,#4750,#4751);
#4750=DIRECTION('',(0.5633070090048324,0.8262476708626958,-0));
#4751=DIRECTION('',(0,0,1));
#4752=FACE_BOUND('',#4753,.T.);
#4753=EDGE_LOOP('',(#4754,#4755,#4756));
#4754=ORIENTED_EDGE('',*,*,#4757,.T.);
#4755=ORIENTED_EDGE('',*,*,#4758,.T.);
#4756=ORIENTED_EDGE('',*,*,#4759,.T.);
#4757=EDGE_CURVE('',#253,#247,#4760,.F.);
#4758=EDGE_CURVE('',#247,#237,#4761,.T.);
#4759=EDGE_CURVE('',#237,#253,#4762,.T.);
#4760=LINE('',#252,#4763);
#4761=LINE('',#246,#4764);
#4762=LINE('',#236,#4765);
#4763=VECTOR('',#4766,1.0);
#4764=VECTOR('',#4767,1.0);
#4765=VECTOR('',#4768,1.0);
#4766=DIRECTION('',(0,0,1));
#4767=DIRECTION('',(0.015548100013386293,-0.010600155405102587,-0.9998229309689597));
#4768=DIRECTION('',(-0.8262476708626958,0.5633070090048324,0));
#4769=FACE_SURFACE('',(#4774),#4770,.T.);
#4770=PLANE('',#4771);
#4771=AXIS2_PLACEMENT_3D('',#238,#4772,#4773);
#4772=DIRECTION('',(-0.43388567334112277,0.9009679364268854,0));
#4773=DIRECTION('',(0,0,1));
#4774=FACE_BOUND('',#4775,.T.);
#4775=EDGE_LOOP('',(#4776,#4777,#4778));
#4776=ORIENTED_EDGE('',*,*,#4779,.T.);
#4777=ORIENTED_EDGE('',*,*,#4780,.T.);
#4778=ORIENTED_EDGE('',*,*,#4781,.T.);
#4779=EDGE_CURVE('',#239,#241,#4782,.F.);
#4780=EDGE_CURVE('',#241,#255,#4783,.T.);
#4781=EDGE_CURVE('',#255,#239,#4784,.T.);
#4782=LINE('',#238,#4785);
#4783=LINE('',#240,#4786);
#4784=LINE('',#254,#4787);
#4785=VECTOR('',#4788,1.0);
#4786=VECTOR('',#4789,1.0);
#4787=VECTOR('',#4790,1.0);
#4788=DIRECTION('',(0,0,1));
#4789=DIRECTION('',(0.016954824028243946,0.00816505775893597,-0.9998229172078247));
#4790=DIRECTION('',(-0.9009679364268856,-0.4338856733411228,0));
#4791=FACE_SURFACE('',(#4796),#4792,.T.);
#4792=PLANE('',#4793);
#4793=AXIS2_PLACEMENT_3D('',#252,#4794,#4795);
#4794=DIRECTION('',(0,0,-1));
#4795=DIRECTION('',(-1,0,0));
#4796=FACE_BOUND('',#4797,.T.);
#4797=EDGE_LOOP('',(#4798,#4799,#4800));
#4798=ORIENTED_EDGE('',*,*,#4801,.T.);
#4799=ORIENTED_EDGE('',*,*,#4802,.T.);
#4800=ORIENTED_EDGE('',*,*,#4803,.T.);
#4801=EDGE_CURVE('',#253,#239,#4804,.F.);
#4802=EDGE_CURVE('',#239,#255,#4805,.T.);
#4803=EDGE_CURVE('',#255,#253,#4806,.T.);
#4804=LINE('',#252,#4807);
#4805=LINE('',#238,#4808);
#4806=LINE('',#254,#4809);
#4807=VECTOR('',#4810,1.0);
#4808=VECTOR('',#4811,1.0);
#4809=VECTOR('',#4812,1.0);
#4810=DIRECTION('',(-1,0,0));
#4811=DIRECTION('',(0.9009679364268856,0.4338856733411228,0));
#4812=DIRECTION('',(0.9972033816214294,-0.07473563863904421,0));
#4813=FACE_SURFACE('',(#4818),#4814,.T.);
#4814=PLANE('',#4815);
#4815=AXIS2_PLACEMENT_3D('',#254,#4816,#4817);
#4816=DIRECTION('',(-0.43388567334112277,0.9009679364268854,0));
#4817=DIRECTION('',(-0.016954824028243946,-0.00816505775893597,0.9998229172078247));
#4818=FACE_BOUND('',#4819,.T.);
#4819=EDGE_LOOP('',(#4820,#4821,#4822));
#4820=ORIENTED_EDGE('',*,*,#4823,.T.);
#4821=ORIENTED_EDGE('',*,*,#4824,.T.);
#4822=ORIENTED_EDGE('',*,*,#4825,.T.);
#4823=EDGE_CURVE('',#255,#241,#4826,.F.);
#4824=EDGE_CURVE('',#241,#243,#4827,.T.);
#4825=EDGE_CURVE('',#243,#255,#4828,.T.);
#4826=LINE('',#254,#4829);
#4827=LINE('',#240,#4830);
#4828=LINE('',#242,#4831);
#4829=VECTOR('',#4832,1.0);
#4830=VECTOR('',#4833,1.0);
#4831=VECTOR('',#4834,1.0);
#4832=DIRECTION('',(-0.016954824028243946,-0.00816505775893597,0.9998229172078247));
#4833=DIRECTION('',(0.9009679364268856,0.4338856733411228,0));
#4834=DIRECTION('',(0,0,-1));
#4835=FACE_SURFACE('',(#4840),#4836,.T.);
#4836=PLANE('',#4837);
#4837=AXIS2_PLACEMENT_3D('',#256,#4838,#4839);
#4838=DIRECTION('',(-0.2091152885005394,0.6778948423306809,0.7047903084299595));
#4839=DIRECTION('',(-0.9555678735850553,-0.294771163739155,0));
#4840=FACE_BOUND('',#4841,.T.);
#4841=EDGE_LOOP('',(#4842,#4843,#4844));
#4842=ORIENTED_EDGE('',*,*,#4845,.T.);
#4843=ORIENTED_EDGE('',*,*,#4846,.T.);
#4844=ORIENTED_EDGE('',*,*,#4847,.T.);
#4845=EDGE_CURVE('',#257,#243,#4848,.F.);
#4846=EDGE_CURVE('',#243,#245,#4849,.T.);
#4847=EDGE_CURVE('',#245,#257,#4850,.T.);
#4848=LINE('',#256,#4851);
#4849=LINE('',#242,#4852);
#4850=LINE('',#244,#4853);
#4851=VECTOR('',#4854,1.0);
#4852=VECTOR('',#4855,1.0);
#4853=VECTOR('',#4856,1.0);
#4854=DIRECTION('',(-0.9555678735850553,-0.294771163739155,0));
#4855=DIRECTION('',(0.297519550614035,-0.6424532623423836,0.7062123779062861));
#4856=DIRECTION('',(0.04406325626725792,0.7265247462880668,-0.6857260549798193));
#4857=FACE_SURFACE('',(#4862),#4858,.T.);
#4858=PLANE('',#4859);
#4859=AXIS2_PLACEMENT_3D('',#258,#4860,#4861);
#4860=DIRECTION('',(-0.294771163739155,0.9555678735850553,0));
#4861=DIRECTION('',(-0.017980033880554667,-0.005546435431275286,0.9998229620466119));
#4862=FACE_BOUND('',#4863,.T.);
#4863=EDGE_LOOP('',(#4864,#4865,#4866));
#4864=ORIENTED_EDGE('',*,*,#4867,.T.);
#4865=ORIENTED_EDGE('',*,*,#4868,.T.);
#4866=ORIENTED_EDGE('',*,*,#4869,.T.);
#4867=EDGE_CURVE('',#259,#243,#4870,.F.);
#4868=EDGE_CURVE('',#243,#257,#4871,.T.);
#4869=EDGE_CURVE('',#257,#259,#4872,.T.);
#4870=LINE('',#258,#4873);
#4871=LINE('',#242,#4874);
#4872=LINE('',#256,#4875);
#4873=VECTOR('',#4876,1.0);
#4874=VECTOR('',#4877,1.0);
#4875=VECTOR('',#4878,1.0);
#4876=DIRECTION('',(-0.017980033880554667,-0.005546435431275286,0.9998229620466119));
#4877=DIRECTION('',(0.9555678735850553,0.294771163739155,0));
#4878=DIRECTION('',(0,0,-1));
#4879=FACE_SURFACE('',(#4884),#4880,.T.);
#4880=PLANE('',#4881);
#4881=AXIS2_PLACEMENT_3D('',#254,#4882,#4883);
#4882=DIRECTION('',(-0.294771163739155,0.9555678735850553,0));
#4883=DIRECTION('',(0,0,1));
#4884=FACE_BOUND('',#4885,.T.);
#4885=EDGE_LOOP('',(#4886,#4887,#4888));
#4886=ORIENTED_EDGE('',*,*,#4889,.T.);
#4887=ORIENTED_EDGE('',*,*,#4890,.T.);
#4888=ORIENTED_EDGE('',*,*,#4891,.T.);
#4889=EDGE_CURVE('',#255,#243,#4892,.F.);
#4890=EDGE_CURVE('',#243,#259,#4893,.T.);
#4891=EDGE_CURVE('',#259,#255,#4894,.T.);
#4892=LINE('',#254,#4895);
#4893=LINE('',#242,#4896);
#4894=LINE('',#258,#4897);
#4895=VECTOR('',#4898,1.0);
#4896=VECTOR('',#4899,1.0);
#4897=VECTOR('',#4900,1.0);
#4898=DIRECTION('',(0,0,1));
#4899=DIRECTION('',(0.017980033880554667,0.005546435431275286,-0.9998229620466119));
#4900=DIRECTION('',(-0.9555678735850553,-0.294771163739155,0));
#4901=FACE_SURFACE('',(#4906),#4902,.T.);
#4902=PLANE('',#4903);
#4903=AXIS2_PLACEMENT_3D('',#260,#4904,#4905);
#4904=DIRECTION('',(-0.18241244357501354,0.6807048345358453,0.7094833533413731));
#4905=DIRECTION('',(-0.23906222092413115,0.6692299361722946,-0.7035485392335401));
#4906=FACE_BOUND('',#4907,.T.);
#4907=EDGE_LOOP('',(#4908,#4909,#4910));
#4908=ORIENTED_EDGE('',*,*,#4911,.T.);
#4909=ORIENTED_EDGE('',*,*,#4912,.T.);
#4910=ORIENTED_EDGE('',*,*,#4913,.T.);
#4911=EDGE_CURVE('',#261,#257,#4914,.F.);
#4912=EDGE_CURVE('',#257,#245,#4915,.T.);
#4913=EDGE_CURVE('',#245,#261,#4916,.T.);
#4914=LINE('',#260,#4917);
#4915=LINE('',#256,#4918);
#4916=LINE('',#244,#4919);
#4917=VECTOR('',#4920,1.0);
#4918=VECTOR('',#4921,1.0);
#4919=VECTOR('',#4922,1.0);
#4920=DIRECTION('',(-0.23906222092413115,0.6692299361722946,-0.7035485392335401));
#4921=DIRECTION('',(-0.04406325626725792,-0.7265247462880668,0.6857260549798193));
#4922=DIRECTION('',(0.9659193933576669,0.25884305193602736,0));
#4923=FACE_SURFACE('',(#4928),#4924,.T.);
#4924=PLANE('',#4925);
#4925=AXIS2_PLACEMENT_3D('',#250,#4926,#4927);
#4926=DIRECTION('',(0,0,1));
#4927=DIRECTION('',(-0.9961949545431414,0.0871528114451184,0));
#4928=FACE_BOUND('',#4929,.T.);
#4929=EDGE_LOOP('',(#4930,#4931,#4932));
#4930=ORIENTED_EDGE('',*,*,#4933,.T.);
#4931=ORIENTED_EDGE('',*,*,#4934,.T.);
#4932=ORIENTED_EDGE('',*,*,#4935,.T.);
#4933=EDGE_CURVE('',#251,#261,#4936,.F.);
#4934=EDGE_CURVE('',#261,#245,#4937,.T.);
#4935=EDGE_CURVE('',#245,#251,#4938,.T.);
#4936=LINE('',#250,#4939);
#4937=LINE('',#260,#4940);
#4938=LINE('',#244,#4941);
#4939=VECTOR('',#4942,1.0);
#4940=VECTOR('',#4943,1.0);
#4941=VECTOR('',#4944,1.0);
#4942=DIRECTION('',(-0.9961949545431414,0.0871528114451184,0));
#4943=DIRECTION('',(-0.9659193933576669,-0.25884305193602736,0));
#4944=DIRECTION('',(1,0,0));
#4945=FACE_SURFACE('',(#4950),#4946,.T.);
#4946=PLANE('',#4947);
#4947=AXIS2_PLACEMENT_3D('',#252,#4948,#4949);
#4948=DIRECTION('',(0.4339232366033894,0.9009498458491676,-0));
#4949=DIRECTION('',(-0.01695301641910763,0.008165058009234779,0.9998229478572691));
#4950=FACE_BOUND('',#4951,.T.);
#4951=EDGE_LOOP('',(#4952,#4953,#4954));
#4952=ORIENTED_EDGE('',*,*,#4955,.T.);
#4953=ORIENTED_EDGE('',*,*,#4956,.T.);
#4954=ORIENTED_EDGE('',*,*,#4957,.T.);
#4955=EDGE_CURVE('',#253,#249,#4958,.F.);
#4956=EDGE_CURVE('',#249,#247,#4959,.T.);
#4957=EDGE_CURVE('',#247,#253,#4960,.T.);
#4958=LINE('',#252,#4961);
#4959=LINE('',#248,#4962);
#4960=LINE('',#246,#4963);
#4961=VECTOR('',#4964,1.0);
#4962=VECTOR('',#4965,1.0);
#4963=VECTOR('',#4966,1.0);
#4964=DIRECTION('',(-0.01695301641910763,0.008165058009234779,0.9998229478572691));
#4965=DIRECTION('',(0.9009498458491676,-0.43392323660338933,0));
#4966=DIRECTION('',(0,0,-1));
#4967=FACE_SURFACE('',(#4972),#4968,.T.);
#4968=PLANE('',#4969);
#4969=AXIS2_PLACEMENT_3D('',#248,#4970,#4971);
#4970=DIRECTION('',(0.20909648617154608,0.6779020554119073,0.704788949075554));
#4971=DIRECTION('',(-0.955576222126373,0.29474409868000495,0));
#4972=FACE_BOUND('',#4973,.T.);
#4973=EDGE_LOOP('',(#4974,#4975,#4976));
#4974=ORIENTED_EDGE('',*,*,#4977,.T.);
#4975=ORIENTED_EDGE('',*,*,#4978,.T.);
#4976=ORIENTED_EDGE('',*,*,#4979,.T.);
#4977=EDGE_CURVE('',#249,#263,#4980,.F.);
#4978=EDGE_CURVE('',#263,#251,#4981,.T.);
#4979=EDGE_CURVE('',#251,#249,#4982,.T.);
#4980=LINE('',#248,#4983);
#4981=LINE('',#262,#4984);
#4982=LINE('',#250,#4985);
#4983=VECTOR('',#4986,1.0);
#4984=VECTOR('',#4987,1.0);
#4985=VECTOR('',#4988,1.0);
#4986=DIRECTION('',(-0.955576222126373,0.29474409868000495,0));
#4987=DIRECTION('',(0.044096673901754695,-0.726523673999411,0.6857250429065574));
#4988=DIRECTION('',(0.297519550614035,0.6424532623423836,-0.7062123779062861));
#4989=FACE_SURFACE('',(#4994),#4990,.T.);
#4990=PLANE('',#4991);
#4991=AXIS2_PLACEMENT_3D('',#264,#4992,#4993);
#4992=DIRECTION('',(0.4339232366033894,0.9009498458491676,-0));
#4993=DIRECTION('',(0,0,1));
#4994=FACE_BOUND('',#4995,.T.);
#4995=EDGE_LOOP('',(#4996,#4997,#4998));
#4996=ORIENTED_EDGE('',*,*,#4999,.T.);
#4997=ORIENTED_EDGE('',*,*,#5000,.T.);
#4998=ORIENTED_EDGE('',*,*,#5001,.T.);
#4999=EDGE_CURVE('',#265,#249,#5002,.F.);
#5000=EDGE_CURVE('',#249,#253,#5003,.T.);
#5001=EDGE_CURVE('',#253,#265,#5004,.T.);
#5002=LINE('',#264,#5005);
#5003=LINE('',#248,#5006);
#5004=LINE('',#252,#5007);
#5005=VECTOR('',#5008,1.0);
#5006=VECTOR('',#5009,1.0);
#5007=VECTOR('',#5010,1.0);
#5008=DIRECTION('',(0,0,1));
#5009=DIRECTION('',(0.01695301641910763,-0.008165058009234779,-0.9998229478572691));
#5010=DIRECTION('',(-0.9009498458491676,0.43392323660338933,0));
#5011=FACE_SURFACE('',(#5016),#5012,.T.);
#5012=PLANE('',#5013);
#5013=AXIS2_PLACEMENT_3D('',#264,#5014,#5015);
#5014=DIRECTION('',(0.29474409868000495,0.955576222126373,-0));
#5015=DIRECTION('',(-0.017981841424841633,0.005546435250950397,0.9998229295405157));
#5016=FACE_BOUND('',#5017,.T.);
#5017=EDGE_LOOP('',(#5018,#5019,#5020));
#5018=ORIENTED_EDGE('',*,*,#5021,.T.);
#5019=ORIENTED_EDGE('',*,*,#5022,.T.);
#5020=ORIENTED_EDGE('',*,*,#5023,.T.);
#5021=EDGE_CURVE('',#265,#263,#5024,.F.);
#5022=EDGE_CURVE('',#263,#249,#5025,.T.);
#5023=EDGE_CURVE('',#249,#265,#5026,.T.);
#5024=LINE('',#264,#5027);
#5025=LINE('',#262,#5028);
#5026=LINE('',#248,#5029);
#5027=VECTOR('',#5030,1.0);
#5028=VECTOR('',#5031,1.0);
#5029=VECTOR('',#5032,1.0);
#5030=DIRECTION('',(-0.017981841424841633,0.005546435250950397,0.9998229295405157));
#5031=DIRECTION('',(0.955576222126373,-0.29474409868000495,0));
#5032=DIRECTION('',(0,0,-1));
#5033=FACE_SURFACE('',(#5038),#5034,.T.);
#5034=PLANE('',#5035);
#5035=AXIS2_PLACEMENT_3D('',#250,#5036,#5037);
#5036=DIRECTION('',(0.18239210488698498,0.6807111882952368,0.7094824861859393));
#5037=DIRECTION('',(-0.044096673901754695,0.726523673999411,-0.6857250429065574));
#5038=FACE_BOUND('',#5039,.T.);
#5039=EDGE_LOOP('',(#5040,#5041,#5042));
#5040=ORIENTED_EDGE('',*,*,#5043,.T.);
#5041=ORIENTED_EDGE('',*,*,#5044,.T.);
#5042=ORIENTED_EDGE('',*,*,#5045,.T.);
#5043=EDGE_CURVE('',#251,#263,#5046,.F.);
#5044=EDGE_CURVE('',#263,#267,#5047,.T.);
#5045=EDGE_CURVE('',#267,#251,#5048,.T.);
#5046=LINE('',#250,#5049);
#5047=LINE('',#262,#5050);
#5048=LINE('',#266,#5051);
#5049=VECTOR('',#5052,1.0);
#5050=VECTOR('',#5053,1.0);
#5051=VECTOR('',#5054,1.0);
#5052=DIRECTION('',(-0.044096673901754695,0.726523673999411,-0.6857250429065574));
#5053=DIRECTION('',(-0.23906222092413115,-0.6692299361722946,0.7035485392335401));
#5054=DIRECTION('',(0.9659272127402385,-0.2588138707408747,0));
#5055=FACE_SURFACE('',(#5060),#5056,.T.);
#5056=PLANE('',#5057);
#5057=AXIS2_PLACEMENT_3D('',#266,#5058,#5059);
#5058=DIRECTION('',(0,0,1));
#5059=DIRECTION('',(-1,0,0));
#5060=FACE_BOUND('',#5061,.T.);
#5061=EDGE_LOOP('',(#5062,#5063,#5064));
#5062=ORIENTED_EDGE('',*,*,#5065,.T.);
#5063=ORIENTED_EDGE('',*,*,#5066,.T.);
#5064=ORIENTED_EDGE('',*,*,#5067,.T.);
#5065=EDGE_CURVE('',#267,#261,#5068,.F.);
#5066=EDGE_CURVE('',#261,#251,#5069,.T.);
#5067=EDGE_CURVE('',#251,#267,#5070,.T.);
#5068=LINE('',#266,#5071);
#5069=LINE('',#260,#5072);
#5070=LINE('',#250,#5073);
#5071=VECTOR('',#5074,1.0);
#5072=VECTOR('',#5075,1.0);
#5073=VECTOR('',#5076,1.0);
#5074=DIRECTION('',(-1,0,0));
#5075=DIRECTION('',(0.9961949545431414,-0.0871528114451184,0));
#5076=DIRECTION('',(-0.9659272127402385,0.2588138707408747,0));
#5077=FACE_SURFACE('',(#5082),#5078,.T.);
#5078=PLANE('',#5079);
#5079=AXIS2_PLACEMENT_3D('',#252,#5080,#5081);
#5080=DIRECTION('',(0,0,-1));
#5081=DIRECTION('',(-0.9972033816214294,0.07473563863904421,0));
#5082=FACE_BOUND('',#5083,.T.);
#5083=EDGE_LOOP('',(#5084,#5085,#5086));
#5084=ORIENTED_EDGE('',*,*,#5087,.T.);
#5085=ORIENTED_EDGE('',*,*,#5088,.T.);
#5086=ORIENTED_EDGE('',*,*,#5089,.T.);
#5087=EDGE_CURVE('',#253,#255,#5090,.F.);
#5088=EDGE_CURVE('',#255,#265,#5091,.T.);
#5089=EDGE_CURVE('',#265,#253,#5092,.T.);
#5090=LINE('',#252,#5093);
#5091=LINE('',#254,#5094);
#5092=LINE('',#264,#5095);
#5093=VECTOR('',#5096,1.0);
#5094=VECTOR('',#5097,1.0);
#5095=VECTOR('',#5098,1.0);
#5096=DIRECTION('',(-0.9972033816214294,0.07473563863904421,0));
#5097=DIRECTION('',(1,0,0));
#5098=DIRECTION('',(0.9009498458491676,-0.43392323660338933,0));
#5099=FACE_SURFACE('',(#5104),#5100,.T.);
#5100=PLANE('',#5101);
#5101=AXIS2_PLACEMENT_3D('',#264,#5102,#5103);
#5102=DIRECTION('',(0,0,-1));
#5103=DIRECTION('',(-1,0,0));
#5104=FACE_BOUND('',#5105,.T.);
#5105=EDGE_LOOP('',(#5106,#5107,#5108));
#5106=ORIENTED_EDGE('',*,*,#5109,.T.);
#5107=ORIENTED_EDGE('',*,*,#5110,.T.);
#5108=ORIENTED_EDGE('',*,*,#5111,.T.);
#5109=EDGE_CURVE('',#265,#255,#5112,.F.);
#5110=EDGE_CURVE('',#255,#259,#5113,.T.);
#5111=EDGE_CURVE('',#259,#265,#5114,.T.);
#5112=LINE('',#264,#5115);
#5113=LINE('',#254,#5116);
#5114=LINE('',#258,#5117);
#5115=VECTOR('',#5118,1.0);
#5116=VECTOR('',#5119,1.0);
#5117=VECTOR('',#5120,1.0);
#5118=DIRECTION('',(-1,0,0));
#5119=DIRECTION('',(0.9555678735850553,0.294771163739155,0));
#5120=DIRECTION('',(0.9972039410058571,-0.07472817435470432,0));
#5121=FACE_SURFACE('',(#5126),#5122,.T.);
#5122=PLANE('',#5123);
#5123=AXIS2_PLACEMENT_3D('',#268,#5124,#5125);
#5124=DIRECTION('',(-0.10586003252631149,0.7022759675927617,0.7039901411633395));
#5125=DIRECTION('',(-0.9888289664535426,-0.14905460443213078,0));
#5126=FACE_BOUND('',#5127,.T.);
#5127=EDGE_LOOP('',(#5128,#5129,#5130));
#5128=ORIENTED_EDGE('',*,*,#5131,.T.);
#5129=ORIENTED_EDGE('',*,*,#5132,.T.);
#5130=ORIENTED_EDGE('',*,*,#5133,.T.);
#5131=EDGE_CURVE('',#269,#257,#5134,.F.);
#5132=EDGE_CURVE('',#257,#261,#5135,.T.);
#5133=EDGE_CURVE('',#261,#269,#5136,.T.);
#5134=LINE('',#268,#5137);
#5135=LINE('',#256,#5138);
#5136=LINE('',#260,#5139);
#5137=VECTOR('',#5140,1.0);
#5138=VECTOR('',#5141,1.0);
#5139=VECTOR('',#5142,1.0);
#5140=DIRECTION('',(-0.9888289664535426,-0.14905460443213078,0));
#5141=DIRECTION('',(0.23906222092413115,-0.6692299361722946,0.7035485392335401));
#5142=DIRECTION('',(0.11277833805763889,0.7118794119486122,-0.6931873839797252));
#5143=FACE_SURFACE('',(#5148),#5144,.T.);
#5144=PLANE('',#5145);
#5145=AXIS2_PLACEMENT_3D('',#270,#5146,#5147);
#5146=DIRECTION('',(-0.14905460443213076,0.9888289664535423,0));
#5147=DIRECTION('',(-0.01860745405369085,-0.0028048598873567127,0.9998229320307932));
#5148=FACE_BOUND('',#5149,.T.);
#5149=EDGE_LOOP('',(#5150,#5151,#5152));
#5150=ORIENTED_EDGE('',*,*,#5153,.T.);
#5151=ORIENTED_EDGE('',*,*,#5154,.T.);
#5152=ORIENTED_EDGE('',*,*,#5155,.T.);
#5153=EDGE_CURVE('',#271,#257,#5156,.F.);
#5154=EDGE_CURVE('',#257,#269,#5157,.T.);
#5155=EDGE_CURVE('',#269,#271,#5158,.T.);
#5156=LINE('',#270,#5159);
#5157=LINE('',#256,#5160);
#5158=LINE('',#268,#5161);
#5159=VECTOR('',#5162,1.0);
#5160=VECTOR('',#5163,1.0);
#5161=VECTOR('',#5164,1.0);
#5162=DIRECTION('',(-0.01860745405369085,-0.0028048598873567127,0.9998229320307932));
#5163=DIRECTION('',(0.9888289664535426,0.14905460443213078,0));
#5164=DIRECTION('',(0,0,-1));
#5165=FACE_SURFACE('',(#5170),#5166,.T.);
#5166=PLANE('',#5167);
#5167=AXIS2_PLACEMENT_3D('',#258,#5168,#5169);
#5168=DIRECTION('',(-0.14905460443213076,0.9888289664535423,0));
#5169=DIRECTION('',(0,0,1));
#5170=FACE_BOUND('',#5171,.T.);
#5171=EDGE_LOOP('',(#5172,#5173,#5174));
#5172=ORIENTED_EDGE('',*,*,#5175,.T.);
#5173=ORIENTED_EDGE('',*,*,#5176,.T.);
#5174=ORIENTED_EDGE('',*,*,#5177,.T.);
#5175=EDGE_CURVE('',#259,#257,#5178,.F.);
#5176=EDGE_CURVE('',#257,#271,#5179,.T.);
#5177=EDGE_CURVE('',#271,#259,#5180,.T.);
#5178=LINE('',#258,#5181);
#5179=LINE('',#256,#5182);
#5180=LINE('',#270,#5183);
#5181=VECTOR('',#5184,1.0);
#5182=VECTOR('',#5185,1.0);
#5183=VECTOR('',#5186,1.0);
#5184=DIRECTION('',(0,0,1));
#5185=DIRECTION('',(0.01860745405369085,0.0028048598873567127,-0.9998229320307932));
#5186=DIRECTION('',(-0.9888289664535426,-0.14905460443213078,0));
#5187=FACE_SURFACE('',(#5192),#5188,.T.);
#5188=PLANE('',#5189);
#5189=AXIS2_PLACEMENT_3D('',#264,#5190,#5191);
#5190=DIRECTION('',(0,0,-1));
#5191=DIRECTION('',(-0.9972039410058571,0.07472817435470432,0));
#5192=FACE_BOUND('',#5193,.T.);
#5193=EDGE_LOOP('',(#5194,#5195,#5196));
#5194=ORIENTED_EDGE('',*,*,#5197,.T.);
#5195=ORIENTED_EDGE('',*,*,#5198,.T.);
#5196=ORIENTED_EDGE('',*,*,#5199,.T.);
#5197=EDGE_CURVE('',#265,#259,#5200,.F.);
#5198=EDGE_CURVE('',#259,#273,#5201,.T.);
#5199=EDGE_CURVE('',#273,#265,#5202,.T.);
#5200=LINE('',#264,#5203);
#5201=LINE('',#258,#5204);
#5202=LINE('',#272,#5205);
#5203=VECTOR('',#5206,1.0);
#5204=VECTOR('',#5207,1.0);
#5205=VECTOR('',#5208,1.0);
#5206=DIRECTION('',(-0.9972039410058571,0.07472817435470432,0));
#5207=DIRECTION('',(1,0,0));
#5208=DIRECTION('',(0.955576222126373,-0.29474409868000495,0));
#5209=FACE_SURFACE('',(#5214),#5210,.T.);
#5210=PLANE('',#5211);
#5211=AXIS2_PLACEMENT_3D('',#272,#5212,#5213);
#5212=DIRECTION('',(0,0,-1));
#5213=DIRECTION('',(-1,0,0));
#5214=FACE_BOUND('',#5215,.T.);
#5215=EDGE_LOOP('',(#5216,#5217,#5218));
#5216=ORIENTED_EDGE('',*,*,#5219,.T.);
#5217=ORIENTED_EDGE('',*,*,#5220,.T.);
#5218=ORIENTED_EDGE('',*,*,#5221,.T.);
#5219=EDGE_CURVE('',#273,#259,#5222,.F.);
#5220=EDGE_CURVE('',#259,#271,#5223,.T.);
#5221=EDGE_CURVE('',#271,#273,#5224,.T.);
#5222=LINE('',#272,#5225);
#5223=LINE('',#258,#5226);
#5224=LINE('',#270,#5227);
#5225=VECTOR('',#5228,1.0);
#5226=VECTOR('',#5229,1.0);
#5227=VECTOR('',#5230,1.0);
#5228=DIRECTION('',(-1,0,0));
#5229=DIRECTION('',(0.9888289664535426,0.14905460443213078,0));
#5230=DIRECTION('',(0.9972032610078793,-0.07473724797750858,0));
#5231=FACE_SURFACE('',(#5236),#5232,.T.);
#5232=PLANE('',#5233);
#5233=AXIS2_PLACEMENT_3D('',#274,#5234,#5235);
#5234=DIRECTION('',(-0.061371690387080326,0.7012968529372392,0.7102226690829833));
#5235=DIRECTION('',(-0.177661280360745,0.6925256509296315,-0.6991742931952455));
#5236=FACE_BOUND('',#5237,.T.);
#5237=EDGE_LOOP('',(#5238,#5239,#5240));
#5238=ORIENTED_EDGE('',*,*,#5241,.T.);
#5239=ORIENTED_EDGE('',*,*,#5242,.T.);
#5240=ORIENTED_EDGE('',*,*,#5243,.T.);
#5241=EDGE_CURVE('',#275,#269,#5244,.F.);
#5242=EDGE_CURVE('',#269,#261,#5245,.T.);
#5243=EDGE_CURVE('',#261,#275,#5246,.T.);
#5244=LINE('',#274,#5247);
#5245=LINE('',#268,#5248);
#5246=LINE('',#260,#5249);
#5247=VECTOR('',#5250,1.0);
#5248=VECTOR('',#5251,1.0);
#5249=VECTOR('',#5252,1.0);
#5250=DIRECTION('',(-0.177661280360745,0.6925256509296315,-0.6991742931952455));
#5251=DIRECTION('',(-0.11277833805763889,-0.7118794119486122,0.6931873839797252));
#5252=DIRECTION('',(0.9961927040201528,0.08717853208798666,0));
#5253=FACE_SURFACE('',(#5258),#5254,.T.);
#5254=PLANE('',#5255);
#5255=AXIS2_PLACEMENT_3D('',#260,#5256,#5257);
#5256=DIRECTION('',(0,0,1));
#5257=DIRECTION('',(1,0,0));
#5258=FACE_BOUND('',#5259,.T.);
#5259=EDGE_LOOP('',(#5260,#5261,#5262));
#5260=ORIENTED_EDGE('',*,*,#5263,.T.);
#5261=ORIENTED_EDGE('',*,*,#5264,.T.);
#5262=ORIENTED_EDGE('',*,*,#5265,.T.);
#5263=EDGE_CURVE('',#261,#267,#5266,.F.);
#5264=EDGE_CURVE('',#267,#275,#5267,.T.);
#5265=EDGE_CURVE('',#275,#261,#5268,.T.);
#5266=LINE('',#260,#5269);
#5267=LINE('',#266,#5270);
#5268=LINE('',#274,#5271);
#5269=VECTOR('',#5272,1.0);
#5270=VECTOR('',#5273,1.0);
#5271=VECTOR('',#5274,1.0);
#5272=DIRECTION('',(1,0,0));
#5273=DIRECTION('',(-0.9961918168972399,0.08718866868450359,0));
#5274=DIRECTION('',(-0.9961927040201528,-0.08717853208798666,0));
#5275=FACE_SURFACE('',(#5280),#5276,.T.);
#5276=PLANE('',#5277);
#5277=AXIS2_PLACEMENT_3D('',#262,#5278,#5279);
#5278=DIRECTION('',(0.10586994434488996,0.7022734744940645,0.7039911376618633));
#5279=DIRECTION('',(-0.9888268313630161,0.149068767944789,0));
#5280=FACE_BOUND('',#5281,.T.);
#5281=EDGE_LOOP('',(#5282,#5283,#5284));
#5282=ORIENTED_EDGE('',*,*,#5285,.T.);
#5283=ORIENTED_EDGE('',*,*,#5286,.T.);
#5284=ORIENTED_EDGE('',*,*,#5287,.T.);
#5285=EDGE_CURVE('',#263,#277,#5288,.F.);
#5286=EDGE_CURVE('',#277,#267,#5289,.T.);
#5287=EDGE_CURVE('',#267,#263,#5290,.T.);
#5288=LINE('',#262,#5291);
#5289=LINE('',#276,#5292);
#5290=LINE('',#266,#5293);
#5291=VECTOR('',#5294,1.0);
#5292=VECTOR('',#5295,1.0);
#5293=VECTOR('',#5296,1.0);
#5294=DIRECTION('',(-0.9888268313630161,0.149068767944789,0));
#5295=DIRECTION('',(0.11274492132501837,-0.7118821289517016,0.6931900296416621));
#5296=DIRECTION('',(0.23906222092413115,0.6692299361722946,-0.7035485392335401));
#5297=FACE_SURFACE('',(#5302),#5298,.T.);
#5298=PLANE('',#5299);
#5299=AXIS2_PLACEMENT_3D('',#272,#5300,#5301);
#5300=DIRECTION('',(0.29474409868000495,0.955576222126373,-0));
#5301=DIRECTION('',(0,0,1));
#5302=FACE_BOUND('',#5303,.T.);
#5303=EDGE_LOOP('',(#5304,#5305,#5306));
#5304=ORIENTED_EDGE('',*,*,#5307,.T.);
#5305=ORIENTED_EDGE('',*,*,#5308,.T.);
#5306=ORIENTED_EDGE('',*,*,#5309,.T.);
#5307=EDGE_CURVE('',#273,#263,#5310,.F.);
#5308=EDGE_CURVE('',#263,#265,#5311,.T.);
#5309=EDGE_CURVE('',#265,#273,#5312,.T.);
#5310=LINE('',#272,#5313);
#5311=LINE('',#262,#5314);
#5312=LINE('',#264,#5315);
#5313=VECTOR('',#5316,1.0);
#5314=VECTOR('',#5317,1.0);
#5315=VECTOR('',#5318,1.0);
#5316=DIRECTION('',(0,0,1));
#5317=DIRECTION('',(0.017981841424841633,-0.005546435250950397,-0.9998229295405157));
#5318=DIRECTION('',(-0.955576222126373,0.29474409868000495,0));
#5319=FACE_SURFACE('',(#5324),#5320,.T.);
#5320=PLANE('',#5321);
#5321=AXIS2_PLACEMENT_3D('',#272,#5322,#5323);
#5322=DIRECTION('',(0.149068767944789,0.9888268313630162,-0));
#5323=DIRECTION('',(-0.018605646550785702,0.0028048599817207306,0.9998229656678778));
#5324=FACE_BOUND('',#5325,.T.);
#5325=EDGE_LOOP('',(#5326,#5327,#5328));
#5326=ORIENTED_EDGE('',*,*,#5329,.T.);
#5327=ORIENTED_EDGE('',*,*,#5330,.T.);
#5328=ORIENTED_EDGE('',*,*,#5331,.T.);
#5329=EDGE_CURVE('',#273,#277,#5332,.F.);
#5330=EDGE_CURVE('',#277,#263,#5333,.T.);
#5331=EDGE_CURVE('',#263,#273,#5334,.T.);
#5332=LINE('',#272,#5335);
#5333=LINE('',#276,#5336);
#5334=LINE('',#262,#5337);
#5335=VECTOR('',#5338,1.0);
#5336=VECTOR('',#5339,1.0);
#5337=VECTOR('',#5340,1.0);
#5338=DIRECTION('',(-0.018605646550785702,0.0028048599817207306,0.9998229656678778));
#5339=DIRECTION('',(0.9888268313630161,-0.149068767944789,0));
#5340=DIRECTION('',(0,0,-1));
#5341=FACE_SURFACE('',(#5346),#5342,.T.);
#5342=PLANE('',#5343);
#5343=AXIS2_PLACEMENT_3D('',#266,#5344,#5345);
#5344=DIRECTION('',(0.06137877423987549,0.7012956333833164,0.7102232611442006));
#5345=DIRECTION('',(-0.11274492132501837,0.7118821289517016,-0.6931900296416621));
#5346=FACE_BOUND('',#5347,.T.);
#5347=EDGE_LOOP('',(#5348,#5349,#5350));
#5348=ORIENTED_EDGE('',*,*,#5351,.T.);
#5349=ORIENTED_EDGE('',*,*,#5352,.T.);
#5350=ORIENTED_EDGE('',*,*,#5353,.T.);
#5351=EDGE_CURVE('',#267,#277,#5354,.F.);
#5352=EDGE_CURVE('',#277,#275,#5355,.T.);
#5353=EDGE_CURVE('',#275,#267,#5356,.T.);
#5354=LINE('',#266,#5357);
#5355=LINE('',#276,#5358);
#5356=LINE('',#274,#5359);
#5357=VECTOR('',#5360,1.0);
#5358=VECTOR('',#5361,1.0);
#5359=VECTOR('',#5362,1.0);
#5360=DIRECTION('',(-0.11274492132501837,0.7118821289517016,-0.6931900296416621));
#5361=DIRECTION('',(-0.177661280360745,-0.6925256509296315,0.6991742931952455));
#5362=DIRECTION('',(0.9961918168972399,-0.08718866868450359,0));
#5363=FACE_SURFACE('',(#5368),#5364,.T.);
#5364=PLANE('',#5365);
#5365=AXIS2_PLACEMENT_3D('',#276,#5366,#5367);
#5366=DIRECTION('',(0,0.7104767724766895,0.7037206518009163));
#5367=DIRECTION('',(-1,0,0));
#5368=FACE_BOUND('',#5369,.T.);
#5369=EDGE_LOOP('',(#5370,#5371,#5372));
#5370=ORIENTED_EDGE('',*,*,#5373,.T.);
#5371=ORIENTED_EDGE('',*,*,#5374,.T.);
#5372=ORIENTED_EDGE('',*,*,#5375,.T.);
#5373=EDGE_CURVE('',#277,#269,#5376,.F.);
#5374=EDGE_CURVE('',#269,#275,#5377,.T.);
#5375=EDGE_CURVE('',#275,#277,#5378,.T.);
#5376=LINE('',#276,#5379);
#5377=LINE('',#268,#5380);
#5378=LINE('',#274,#5381);
#5379=VECTOR('',#5382,1.0);
#5380=VECTOR('',#5383,1.0);
#5381=VECTOR('',#5384,1.0);
#5382=DIRECTION('',(-1,0,0));
#5383=DIRECTION('',(0.177661280360745,-0.6925256509296315,0.6991742931952455));
#5384=DIRECTION('',(0.177661280360745,0.6925256509296315,-0.6991742931952455));
#5385=FACE_SURFACE('',(#5390),#5386,.T.);
#5386=PLANE('',#5387);
#5387=AXIS2_PLACEMENT_3D('',#278,#5388,#5389);
#5388=DIRECTION('',(0,1,-0));
#5389=DIRECTION('',(-0.018819004655859485,0,0.9998229068508897));
#5390=FACE_BOUND('',#5391,.T.);
#5391=EDGE_LOOP('',(#5392,#5393,#5394));
#5392=ORIENTED_EDGE('',*,*,#5395,.T.);
#5393=ORIENTED_EDGE('',*,*,#5396,.T.);
#5394=ORIENTED_EDGE('',*,*,#5397,.T.);
#5395=EDGE_CURVE('',#279,#269,#5398,.F.);
#5396=EDGE_CURVE('',#269,#277,#5399,.T.);
#5397=EDGE_CURVE('',#277,#279,#5400,.T.);
#5398=LINE('',#278,#5401);
#5399=LINE('',#268,#5402);
#5400=LINE('',#276,#5403);
#5401=VECTOR('',#5404,1.0);
#5402=VECTOR('',#5405,1.0);
#5403=VECTOR('',#5406,1.0);
#5404=DIRECTION('',(-0.018819004655859485,0,0.9998229068508897));
#5405=DIRECTION('',(1,0,0));
#5406=DIRECTION('',(0,0,-1));
#5407=FACE_SURFACE('',(#5412),#5408,.T.);
#5408=PLANE('',#5409);
#5409=AXIS2_PLACEMENT_3D('',#270,#5410,#5411);
#5410=DIRECTION('',(0,1,0));
#5411=DIRECTION('',(0,0,1));
#5412=FACE_BOUND('',#5413,.T.);
#5413=EDGE_LOOP('',(#5414,#5415,#5416));
#5414=ORIENTED_EDGE('',*,*,#5417,.T.);
#5415=ORIENTED_EDGE('',*,*,#5418,.T.);
#5416=ORIENTED_EDGE('',*,*,#5419,.T.);
#5417=EDGE_CURVE('',#271,#269,#5420,.F.);
#5418=EDGE_CURVE('',#269,#279,#5421,.T.);
#5419=EDGE_CURVE('',#279,#271,#5422,.T.);
#5420=LINE('',#270,#5423);
#5421=LINE('',#268,#5424);
#5422=LINE('',#278,#5425);
#5423=VECTOR('',#5426,1.0);
#5424=VECTOR('',#5427,1.0);
#5425=VECTOR('',#5428,1.0);
#5426=DIRECTION('',(0,0,1));
#5427=DIRECTION('',(0.018819004655859485,0,-0.9998229068508897));
#5428=DIRECTION('',(-1,0,0));
#5429=FACE_SURFACE('',(#5434),#5430,.T.);
#5430=PLANE('',#5431);
#5431=AXIS2_PLACEMENT_3D('',#272,#5432,#5433);
#5432=DIRECTION('',(0,0,-1));
#5433=DIRECTION('',(-0.9972032610078793,0.07473724797750858,0));
#5434=FACE_BOUND('',#5435,.T.);
#5435=EDGE_LOOP('',(#5436,#5437,#5438));
#5436=ORIENTED_EDGE('',*,*,#5439,.T.);
#5437=ORIENTED_EDGE('',*,*,#5440,.T.);
#5438=ORIENTED_EDGE('',*,*,#5441,.T.);
#5439=EDGE_CURVE('',#273,#271,#5442,.F.);
#5440=EDGE_CURVE('',#271,#279,#5443,.T.);
#5441=EDGE_CURVE('',#279,#273,#5444,.T.);
#5442=LINE('',#272,#5445);
#5443=LINE('',#270,#5446);
#5444=LINE('',#278,#5447);
#5445=VECTOR('',#5448,1.0);
#5446=VECTOR('',#5449,1.0);
#5447=VECTOR('',#5450,1.0);
#5448=DIRECTION('',(-0.9972032610078793,0.07473724797750858,0));
#5449=DIRECTION('',(1,0,0));
#5450=DIRECTION('',(0.9888268313630161,-0.149068767944789,0));
#5451=FACE_SURFACE('',(#5456),#5452,.T.);
#5452=PLANE('',#5453);
#5453=AXIS2_PLACEMENT_3D('',#278,#5454,#5455);
#5454=DIRECTION('',(0.149068767944789,0.9888268313630162,-0));
#5455=DIRECTION('',(0,0,1));
#5456=FACE_BOUND('',#5457,.T.);
#5457=EDGE_LOOP('',(#5458,#5459,#5460));
#5458=ORIENTED_EDGE('',*,*,#5461,.T.);
#5459=ORIENTED_EDGE('',*,*,#5462,.T.);
#5460=ORIENTED_EDGE('',*,*,#5463,.T.);
#5461=EDGE_CURVE('',#279,#277,#5464,.F.);
#5462=EDGE_CURVE('',#277,#273,#5465,.T.);
#5463=EDGE_CURVE('',#273,#279,#5466,.T.);
#5464=LINE('',#278,#5467);
#5465=LINE('',#276,#5468);
#5466=LINE('',#272,#5469);
#5467=VECTOR('',#5470,1.0);
#5468=VECTOR('',#5471,1.0);
#5469=VECTOR('',#5472,1.0);
#5470=DIRECTION('',(0,0,1));
#5471=DIRECTION('',(0.018605646550785702,-0.0028048599817207306,-0.9998229656678778));
#5472=DIRECTION('',(-0.9888268313630161,0.149068767944789,0));
ENDSEC;
END-ISO-10303-21;
