ISO-10303-21;
HEADER;
FILE_DESCRIPTION((''),'2;1');
FILE_NAME('MeshBody1 (21)', '2026-08-24T02:49:00', (''), (''), 'ImageToStl.com STEP Converter','', '');
FILE_SCHEMA(('AUTOMOTIVE_DESIGN_CC2'));
ENDSEC;
DATA;
#1=PRODUCT_DEFINITION_CONTEXT('',#4,'design');
#2=APPLICATION_PROTOCOL_DEFINITION('INTERNATIONAL STANDARD','automotive_design',1994,#4);
#3=(GEOMETRIC_REPRESENTATION_CONTEXT(3)GLOBAL_UNCERTAINTY_ASSIGNED_CONTEXT((#5))GLOBAL_UNIT_ASSIGNED_CONTEXT((#6,#7,#8))REPRESENTATION_CONTEXT('NONE','WORKSPACE'));
#4=APPLICATION_CONTEXT(' ');
#5=UNCERTAINTY_MEASURE_WITH_UNIT(LENGTH_MEASURE(1.0E-006),#6,'','');
#6=(CONVERSION_BASED_UNIT('METRE',#10)LENGTH_UNIT()NAMED_UNIT(#11));
#7=(NAMED_UNIT(#12)PLANE_ANGLE_UNIT()SI_UNIT($,.RADIAN.));
#8=(NAMED_UNIT(#12)SOLID_ANGLE_UNIT()SI_UNIT($,.STERADIAN.));
#9=AXIS2_PLACEMENT_3D('',#14,#15,#16);
#10=LENGTH_MEASURE_WITH_UNIT(LENGTH_MEASURE(1.0),#17);
#11=DIMENSIONAL_EXPONENTS(1.0,0.0,0.0,0.0,0.0,0.0,0.0);
#12=DIMENSIONAL_EXPONENTS(0.0,0.0,0.0,0.0,0.0,0.0,0.0);
#13=PRODUCT_CONTEXT('',#4,'mechanical');
#14=CARTESIAN_POINT('',(0.0,0.0,0.0));
#15=DIRECTION('',(0.0,0.0,1.0));
#16=DIRECTION('',(1.0,0.0,0.0));
#17=(NAMED_UNIT(#11)LENGTH_UNIT()SI_UNIT(.MILLI.,.METRE.));
#18=PRESENTATION_STYLE_ASSIGNMENT((#19));
#19=SURFACE_STYLE_USAGE(.BOTH.,#20);
#20=SURFACE_SIDE_STYLE('',(#21));
#21=SURFACE_STYLE_FILL_AREA(#22);
#22=FILL_AREA_STYLE('',(#23));
#23=FILL_AREA_STYLE_COLOUR('',#24);
#24=COLOUR_RGB('',0.62745,0.62745,0.62745);
#25=PRESENTATION_STYLE_ASSIGNMENT((#26));
#26=SURFACE_STYLE_USAGE(.BOTH.,#27);
#27=SURFACE_SIDE_STYLE('',(#28));
#28=SURFACE_STYLE_FILL_AREA(#29);
#29=FILL_AREA_STYLE('',(#30));
#30=FILL_AREA_STYLE_COLOUR('',#31);
#31=COLOUR_RGB('',0.59608,0.59608,0.59608);
#32=SHAPE_DEFINITION_REPRESENTATION(#33,#34);
#33=PRODUCT_DEFINITION_SHAPE('productshape0','',#37);
#34=MANIFOLD_SURFACE_SHAPE_REPRESENTATION('',(#35,#9),#3);
#35=SHELL_BASED_SURFACE_MODEL('shell0',(#39));
#36=PRODUCT('product0','','',(#13));
#37=PRODUCT_DEFINITION('mesh0','',#38,#2);
#38=PRODUCT_DEFINITION_FORMATION_WITH_SPECIFIED_SOURCE('prodsource0','',#36,.NOT_KNOWN.);
#39=CLOSED_SHELL('',(#749,#771,#793,#815,#837,#859,#881,#903,#925,#947,#969,#991,#1013,#1035,#1057,#1079,#1101,#1123,#1145,#1167,#1189,#1211,#1233,#1255,#1277,#1299,#1321,#1343,#1365,#1387,#1409,#1431,#1453,#1475,#1497,#1519,#1541,#1563,#1585,#1607,#1629,#1651,#1673,#1695,#1717,#1739,#1761,#1783,#1805,#1827,#1849,#1871,#1893,#1915,#1937,#1959,#1981,#2003,#2025,#2047,#2069,#2091,#2113,#2135,#2157,#2179,#2201,#2223,#2245,#2267,#2289,#2311,#2333,#2355,#2377,#2399,#2421,#2443,#2465,#2487,#2509,#2531,#2553,#2575,#2597,#2619,#2641,#2663,#2685,#2707,#2729,#2751,#2773,#2795,#2817,#2839,#2861,#2883,#2905,#2927,#2949,#2971,#2993,#3015,#3037,#3059,#3081,#3103,#3125,#3147,#3169,#3191,#3213,#3235,#3257,#3279,#3301,#3323,#3345,#3367,#3389,#3411,#3433,#3455,#3477,#3499,#3521,#3543,#3565,#3587,#3609,#3631,#3653,#3675,#3697,#3719,#3741,#3763,#3785,#3807,#3829,#3851,#3873,#3895,#3917,#3939,#3961,#3983,#4005,#4027,#4049,#4071,#4093,#4115,#4137,#4159,#4181,#4203,#4225,#4247,#4269,#4291,#4313,#4335,#4357,#4379,#4401,#4423,#4445,#4467,#4489,#4511,#4533,#4555,#4577,#4599,#4621,#4643,#4665,#4687,#4709,#4731,#4753,#4775,#4797,#4819,#4841,#4863,#4885,#4907,#4929,#4951,#4973,#4995,#5017,#5039,#5061,#5083,#5105,#5127,#5149,#5171,#5193,#5215,#5237,#5259,#5281,#5303,#5325,#5347,#5369,#5391,#5413,#5435,#5457,#5479,#5501,#5523,#5545,#5567,#5589,#5611,#5633,#5655,#5677,#5699,#5721,#5743,#5765,#5787,#5809,#5831,#5853,#5875,#5897,#5919,#5941,#5963,#5985,#6007,#6029,#6051,#6073,#6095,#6117,#6139,#6161,#6183,#6205,#6227,#6249,#6271,#6293,#6315,#6337,#6359,#6381,#6403,#6425,#6447,#6469,#6491,#6513,#6535,#6557,#6579,#6601,#6623,#6645,#6667,#6689,#6711,#6733,#6755,#6777,#6799,#6821,#6843,#6865,#6887,#6909,#6931,#6953,#6975,#6997,#7019,#7041,#7063,#7085,#7107,#7129,#7151,#7173,#7195,#7217,#7239,#7261,#7283,#7305,#7327,#7349,#7371,#7393,#7415,#7437,#7459,#7481,#7503,#7525,#7547,#7569,#7591,#7613,#7635,#7657,#7679,#7701,#7723,#7745,#7767,#7789,#7811,#7833,#7855,#7877,#7899,#7921,#7943,#7965,#7987,#8009,#8031,#8053,#8075,#8097,#8119,#8141,#8163,#8185,#8207,#8229,#8251,#8273,#8295,#8317,#8339,#8361,#8383,#8405,#8427,#8449,#8471,#8493,#8515,#8537,#8559,#8581,#8603,#8625,#8647,#8669,#8691,#8713,#8735,#8757,#8779,#8801,#8823,#8845,#8867,#8889,#8911,#8933,#8955,#8977,#8999,#9021,#9043,#9065,#9087,#9109,#9131,#9153,#9175,#9197,#9219,#9241,#9263,#9285,#9307,#9329,#9351,#9373,#9395,#9417,#9439,#9461,#9483,#9505,#9527,#9549,#9571,#9593,#9615,#9637,#9659,#9681,#9703,#9725,#9747,#9769,#9791,#9813,#9835,#9857,#9879,#9901,#9923,#9945,#9967,#9989,#10011,#10033,#10055,#10077,#10099,#10121,#10143,#10165,#10187,#10209,#10231,#10253,#10275,#10297,#10319,#10341,#10363,#10385,#10407,#10429,#10451,#10473,#10495,#10517,#10539,#10561,#10583,#10605,#10627,#10649,#10671,#10693,#10715,#10737,#10759,#10781,#10803,#10825,#10847,#10869,#10891,#10913,#10935,#10957,#10979,#11001,#11023,#11045,#11067,#11089,#11111,#11133,#11155,#11177,#11199,#11221,#11243,#11265,#11287,#11309,#11331,#11353,#11375,#11397,#11419,#11441,#11463,#11485,#11507,#11529,#11551,#11573,#11595,#11617,#11639,#11661,#11683,#11705,#11727,#11749,#11771,#11793,#11815,#11837,#11859,#11881,#11903,#11925,#11947,#11969,#11991,#12013,#12035,#12057,#12079,#12101,#12123,#12145,#12167,#12189,#12211,#12233,#12255,#12277,#12299,#12321,#12343,#12365,#12387,#12409,#12431,#12453,#12475,#12497,#12519,#12541,#12563,#12585,#12607,#12629,#12651,#12673,#12695,#12717,#12739,#12761,#12783,#12805,#12827,#12849,#12871,#12893,#12915,#12937,#12959,#12981,#13003,#13025,#13047,#13069,#13091,#13113,#13135,#13157,#13179,#13201,#13223,#13245,#13267,#13289,#13311,#13333,#13355,#13377,#13399,#13421,#13443,#13465,#13487,#13509,#13531,#13553,#13575,#13597,#13619,#13641,#13663,#13685,#13707,#13729,#13751,#13773,#13795,#13817,#13839,#13861,#13883,#13905,#13927,#13949,#13971,#13993,#14015,#14037,#14059,#14081,#14103,#14125,#14147,#14169,#14191,#14213,#14235,#14257,#14279,#14301,#14323,#14345,#14367,#14389,#14411,#14433,#14455,#14477,#14499,#14521,#14543,#14565,#14587,#14609,#14631,#14653,#14675,#14697,#14719,#14741,#14763,#14785,#14807,#14829,#14851,#14873,#14895,#14917,#14939,#14961,#14983,#15005,#15027,#15049,#15071,#15093,#15115,#15137,#15159,#15181,#15203,#15225,#15247,#15269,#15291,#15313,#15335,#15357,#15379,#15401,#15423,#15445,#15467,#15489,#15511,#15533,#15555,#15577,#15599,#15621,#15643,#15665,#15687,#15709,#15731,#15753,#15775,#15797,#15819,#15841,#15863,#15885,#15907,#15929,#15951,#15973,#15995,#16017,#16039,#16061,#16083,#16105,#16127,#16149,#16171,#16193,#16215,#16237,#16259,#16281,#16303,#16325,#16347,#16369,#16391,#16413,#16435,#16457,#16479));
#40=CARTESIAN_POINT('',(4974.0205078125,-1160.485107421875,0));
#41=VERTEX_POINT('',#40);
#42=CARTESIAN_POINT('',(4967.75341796875,-1160.8792724609375,120));
#43=VERTEX_POINT('',#42);
#44=CARTESIAN_POINT('',(4974.0205078125,-1160.485107421875,120));
#45=VERTEX_POINT('',#44);
#46=CARTESIAN_POINT('',(4967.75341796875,-1160.8792724609375,0));
#47=VERTEX_POINT('',#46);
#48=CARTESIAN_POINT('',(4974.0205078125,-1195.485107421875,120));
#49=VERTEX_POINT('',#48);
#50=CARTESIAN_POINT('',(5034.0205078125,-1160.485107421875,77.5));
#51=VERTEX_POINT('',#50);
#52=CARTESIAN_POINT('',(4974.0205078125,-1195.485107421875,0));
#53=VERTEX_POINT('',#52);
#54=CARTESIAN_POINT('',(5174.0205078125,-1160.485107421875,0));
#55=VERTEX_POINT('',#54);
#56=CARTESIAN_POINT('',(5034.0205078125,-1160.485107421875,42.5));
#57=VERTEX_POINT('',#56);
#58=CARTESIAN_POINT('',(5174.0205078125,-1160.485107421875,32.5));
#59=VERTEX_POINT('',#58);
#60=CARTESIAN_POINT('',(5034.361328125,-1160.485107421875,39.911808013916016));
#61=VERTEX_POINT('',#60);
#62=CARTESIAN_POINT('',(5044.0205078125,-1160.485107421875,32.5));
#63=VERTEX_POINT('',#62);
#64=CARTESIAN_POINT('',(5035.3603515625,-1160.485107421875,37.5));
#65=VERTEX_POINT('',#64);
#66=CARTESIAN_POINT('',(5041.43212890625,-1160.485107421875,32.84074020385742));
#67=VERTEX_POINT('',#66);
#68=CARTESIAN_POINT('',(5036.94921875,-1160.485107421875,35.42892837524414));
#69=VERTEX_POINT('',#68);
#70=CARTESIAN_POINT('',(5039.0205078125,-1160.485107421875,33.839752197265625));
#71=VERTEX_POINT('',#70);
#72=CARTESIAN_POINT('',(4961.5859375,-1162.055908203125,120));
#73=VERTEX_POINT('',#72);
#74=CARTESIAN_POINT('',(5174.0205078125,-1160.485107421875,120));
#75=VERTEX_POINT('',#74);
#76=CARTESIAN_POINT('',(5174.0205078125,-1160.485107421875,87.5));
#77=VERTEX_POINT('',#76);
#78=CARTESIAN_POINT('',(5034.361328125,-1160.485107421875,80.08818817138672));
#79=VERTEX_POINT('',#78);
#80=CARTESIAN_POINT('',(5044.0205078125,-1160.485107421875,87.5));
#81=VERTEX_POINT('',#80);
#82=CARTESIAN_POINT('',(5035.3603515625,-1160.485107421875,82.5));
#83=VERTEX_POINT('',#82);
#84=CARTESIAN_POINT('',(5041.43212890625,-1160.485107421875,87.15926361083984));
#85=VERTEX_POINT('',#84);
#86=CARTESIAN_POINT('',(5036.94921875,-1160.485107421875,84.57107543945312));
#87=VERTEX_POINT('',#86);
#88=CARTESIAN_POINT('',(5039.0205078125,-1160.485107421875,86.16024780273438));
#89=VERTEX_POINT('',#88);
#90=CARTESIAN_POINT('',(4961.5859375,-1162.055908203125,0));
#91=VERTEX_POINT('',#90);
#92=CARTESIAN_POINT('',(4977.35791015625,-1195.861083984375,0));
#93=VERTEX_POINT('',#92);
#94=CARTESIAN_POINT('',(4977.35791015625,-1195.861083984375,120));
#95=VERTEX_POINT('',#94);
#96=CARTESIAN_POINT('',(4970.6826171875,-1195.861083984375,120));
#97=VERTEX_POINT('',#96);
#98=CARTESIAN_POINT('',(5170.6826171875,-1195.861083984375,120));
#99=VERTEX_POINT('',#98);
#100=CARTESIAN_POINT('',(4926.4677734375,-1195.0341796875,120));
#101=VERTEX_POINT('',#100);
#102=CARTESIAN_POINT('',(5174.0205078125,-1195.485107421875,120));
#103=VERTEX_POINT('',#102);
#104=CARTESIAN_POINT('',(4928.77880859375,-1189.196044921875,120));
#105=VERTEX_POINT('',#104);
#106=CARTESIAN_POINT('',(4931.8037109375,-1183.6937255859375,120));
#107=VERTEX_POINT('',#106);
#108=CARTESIAN_POINT('',(4935.49462890625,-1178.6138916015625,120));
#109=VERTEX_POINT('',#108);
#110=CARTESIAN_POINT('',(4939.79296875,-1174.03662109375,120));
#111=VERTEX_POINT('',#110);
#112=CARTESIAN_POINT('',(4944.630859375,-1170.0341796875,120));
#113=VERTEX_POINT('',#112);
#114=CARTESIAN_POINT('',(4955.6142578125,-1163.996337890625,120));
#115=VERTEX_POINT('',#114);
#116=CARTESIAN_POINT('',(4949.9326171875,-1166.669677734375,120));
#117=VERTEX_POINT('',#116);
#118=CARTESIAN_POINT('',(5034.0205078125,-1260.485107421875,77.5));
#119=VERTEX_POINT('',#118);
#120=CARTESIAN_POINT('',(4970.6826171875,-1195.861083984375,0));
#121=VERTEX_POINT('',#120);
#122=CARTESIAN_POINT('',(5170.6826171875,-1195.861083984375,0));
#123=VERTEX_POINT('',#122);
#124=CARTESIAN_POINT('',(4926.4677734375,-1195.0341796875,0));
#125=VERTEX_POINT('',#124);
#126=CARTESIAN_POINT('',(5174.0205078125,-1195.485107421875,0));
#127=VERTEX_POINT('',#126);
#128=CARTESIAN_POINT('',(4928.77880859375,-1189.196044921875,0));
#129=VERTEX_POINT('',#128);
#130=CARTESIAN_POINT('',(4931.8037109375,-1183.6937255859375,0));
#131=VERTEX_POINT('',#130);
#132=CARTESIAN_POINT('',(4935.49462890625,-1178.6138916015625,0));
#133=VERTEX_POINT('',#132);
#134=CARTESIAN_POINT('',(4939.79296875,-1174.03662109375,0));
#135=VERTEX_POINT('',#134);
#136=CARTESIAN_POINT('',(4944.630859375,-1170.0341796875,0));
#137=VERTEX_POINT('',#136);
#138=CARTESIAN_POINT('',(4955.6142578125,-1163.996337890625,0));
#139=VERTEX_POINT('',#138);
#140=CARTESIAN_POINT('',(4949.9326171875,-1166.669677734375,0));
#141=VERTEX_POINT('',#140);
#142=CARTESIAN_POINT('',(5180.287109375,-1160.8792724609375,0));
#143=VERTEX_POINT('',#142);
#144=CARTESIAN_POINT('',(5034.361328125,-1260.485107421875,39.911808013916016));
#145=VERTEX_POINT('',#144);
#146=CARTESIAN_POINT('',(5034.0205078125,-1260.485107421875,42.5));
#147=VERTEX_POINT('',#146);
#148=CARTESIAN_POINT('',(5180.046875,-1160.849609375,32.5));
#149=VERTEX_POINT('',#148);
#150=CARTESIAN_POINT('',(5180.5283203125,-1196.970458984375,32.5));
#151=VERTEX_POINT('',#150);
#152=CARTESIAN_POINT('',(5177.3583984375,-1195.861083984375,32.5));
#153=VERTEX_POINT('',#152);
#154=CARTESIAN_POINT('',(5174.0205078125,-1195.485107421875,32.5));
#155=VERTEX_POINT('',#154);
#156=CARTESIAN_POINT('',(5035.3603515625,-1260.485107421875,37.5));
#157=VERTEX_POINT('',#156);
#158=CARTESIAN_POINT('',(5044.0205078125,-1260.485107421875,32.5));
#159=VERTEX_POINT('',#158);
#160=CARTESIAN_POINT('',(5159.0205078125,-1210.485107421875,32.5));
#161=VERTEX_POINT('',#160);
#162=CARTESIAN_POINT('',(5159.396484375,-1207.147216796875,32.5));
#163=VERTEX_POINT('',#162);
#164=CARTESIAN_POINT('',(5160.505859375,-1203.976806640625,32.5));
#165=VERTEX_POINT('',#164);
#166=CARTESIAN_POINT('',(5162.29296875,-1201.1326904296875,32.5));
#167=VERTEX_POINT('',#166);
#168=CARTESIAN_POINT('',(5164.66796875,-1198.757568359375,32.5));
#169=VERTEX_POINT('',#168);
#170=CARTESIAN_POINT('',(5170.6826171875,-1195.861083984375,32.5));
#171=VERTEX_POINT('',#170);
#172=CARTESIAN_POINT('',(5167.51220703125,-1196.970458984375,32.5));
#173=VERTEX_POINT('',#172);
#174=CARTESIAN_POINT('',(5036.94921875,-1260.485107421875,35.42892837524414));
#175=VERTEX_POINT('',#174);
#176=CARTESIAN_POINT('',(5041.43212890625,-1260.485107421875,32.84074020385742));
#177=VERTEX_POINT('',#176);
#178=CARTESIAN_POINT('',(5039.0205078125,-1260.485107421875,33.839752197265625));
#179=VERTEX_POINT('',#178);
#180=CARTESIAN_POINT('',(5180.046875,-1160.849609375,87.5));
#181=VERTEX_POINT('',#180);
#182=CARTESIAN_POINT('',(5180.287109375,-1160.8792724609375,120));
#183=VERTEX_POINT('',#182);
#184=CARTESIAN_POINT('',(5177.3583984375,-1195.861083984375,87.5));
#185=VERTEX_POINT('',#184);
#186=CARTESIAN_POINT('',(5159.396484375,-1207.147216796875,87.5));
#187=VERTEX_POINT('',#186);
#188=CARTESIAN_POINT('',(5174.0205078125,-1195.485107421875,87.5));
#189=VERTEX_POINT('',#188);
#190=CARTESIAN_POINT('',(5160.505859375,-1203.976806640625,87.5));
#191=VERTEX_POINT('',#190);
#192=CARTESIAN_POINT('',(5170.6826171875,-1195.861083984375,87.5));
#193=VERTEX_POINT('',#192);
#194=CARTESIAN_POINT('',(5162.29296875,-1201.1326904296875,87.5));
#195=VERTEX_POINT('',#194);
#196=CARTESIAN_POINT('',(5167.51220703125,-1196.970458984375,87.5));
#197=VERTEX_POINT('',#196);
#198=CARTESIAN_POINT('',(5164.66796875,-1198.757568359375,87.5));
#199=VERTEX_POINT('',#198);
#200=CARTESIAN_POINT('',(5034.361328125,-1260.485107421875,80.08818817138672));
#201=VERTEX_POINT('',#200);
#202=CARTESIAN_POINT('',(5041.43212890625,-1260.485107421875,87.15926361083984));
#203=VERTEX_POINT('',#202);
#204=CARTESIAN_POINT('',(5044.0205078125,-1260.485107421875,87.5));
#205=VERTEX_POINT('',#204);
#206=CARTESIAN_POINT('',(5174.0205078125,-1260.485107421875,87.5));
#207=VERTEX_POINT('',#206);
#208=CARTESIAN_POINT('',(5159.396484375,-1213.8228759765625,87.5));
#209=VERTEX_POINT('',#208);
#210=CARTESIAN_POINT('',(5159.0205078125,-1210.485107421875,87.5));
#211=VERTEX_POINT('',#210);
#212=CARTESIAN_POINT('',(5035.3603515625,-1260.485107421875,82.5));
#213=VERTEX_POINT('',#212);
#214=CARTESIAN_POINT('',(5039.0205078125,-1260.485107421875,86.16024780273438));
#215=VERTEX_POINT('',#214);
#216=CARTESIAN_POINT('',(5036.94921875,-1260.485107421875,84.57107543945312));
#217=VERTEX_POINT('',#216);
#218=CARTESIAN_POINT('',(4980.5283203125,-1196.970458984375,0));
#219=VERTEX_POINT('',#218);
#220=CARTESIAN_POINT('',(5167.51220703125,-1196.970458984375,0));
#221=VERTEX_POINT('',#220);
#222=CARTESIAN_POINT('',(4980.5283203125,-1196.970458984375,120));
#223=VERTEX_POINT('',#222);
#224=CARTESIAN_POINT('',(5167.51220703125,-1196.970458984375,120));
#225=VERTEX_POINT('',#224);
#226=CARTESIAN_POINT('',(4967.51220703125,-1196.970458984375,120));
#227=VERTEX_POINT('',#226);
#228=CARTESIAN_POINT('',(4924.90625,-1201.115966796875,120));
#229=VERTEX_POINT('',#228);
#230=CARTESIAN_POINT('',(5186.455078125,-1162.055908203125,120));
#231=VERTEX_POINT('',#230);
#232=CARTESIAN_POINT('',(5192.4267578125,-1163.996337890625,120));
#233=VERTEX_POINT('',#232);
#234=CARTESIAN_POINT('',(5198.10791015625,-1166.669677734375,120));
#235=VERTEX_POINT('',#234);
#236=CARTESIAN_POINT('',(5203.4091796875,-1170.0341796875,120));
#237=VERTEX_POINT('',#236);
#238=CARTESIAN_POINT('',(5208.24755859375,-1174.03662109375,120));
#239=VERTEX_POINT('',#238);
#240=CARTESIAN_POINT('',(5212.54638671875,-1178.6138916015625,120));
#241=VERTEX_POINT('',#240);
#242=CARTESIAN_POINT('',(5177.3583984375,-1195.861083984375,120));
#243=VERTEX_POINT('',#242);
#244=CARTESIAN_POINT('',(5216.236328125,-1183.6937255859375,120));
#245=VERTEX_POINT('',#244);
#246=CARTESIAN_POINT('',(5221.57275390625,-1195.0341796875,120));
#247=VERTEX_POINT('',#246);
#248=CARTESIAN_POINT('',(5219.26220703125,-1189.196044921875,120));
#249=VERTEX_POINT('',#248);
#250=CARTESIAN_POINT('',(4974.0205078125,-1260.485107421875,120));
#251=VERTEX_POINT('',#250);
#252=CARTESIAN_POINT('',(4974.0205078125,-1260.485107421875,0));
#253=VERTEX_POINT('',#252);
#254=CARTESIAN_POINT('',(4967.51220703125,-1196.970458984375,0));
#255=VERTEX_POINT('',#254);
#256=CARTESIAN_POINT('',(4924.90625,-1201.115966796875,0));
#257=VERTEX_POINT('',#256);
#258=CARTESIAN_POINT('',(5219.26220703125,-1189.196044921875,0));
#259=VERTEX_POINT('',#258);
#260=CARTESIAN_POINT('',(5221.57275390625,-1195.0341796875,0));
#261=VERTEX_POINT('',#260);
#262=CARTESIAN_POINT('',(5177.3583984375,-1195.861083984375,0));
#263=VERTEX_POINT('',#262);
#264=CARTESIAN_POINT('',(5216.236328125,-1183.6937255859375,0));
#265=VERTEX_POINT('',#264);
#266=CARTESIAN_POINT('',(5212.54638671875,-1178.6138916015625,0));
#267=VERTEX_POINT('',#266);
#268=CARTESIAN_POINT('',(5208.24755859375,-1174.03662109375,0));
#269=VERTEX_POINT('',#268);
#270=CARTESIAN_POINT('',(5203.4091796875,-1170.0341796875,0));
#271=VERTEX_POINT('',#270);
#272=CARTESIAN_POINT('',(5198.10791015625,-1166.669677734375,0));
#273=VERTEX_POINT('',#272);
#274=CARTESIAN_POINT('',(5192.4267578125,-1163.996337890625,0));
#275=VERTEX_POINT('',#274);
#276=CARTESIAN_POINT('',(5186.455078125,-1162.055908203125,0));
#277=VERTEX_POINT('',#276);
#278=CARTESIAN_POINT('',(5185.986328125,-1161.93798828125,32.5));
#279=VERTEX_POINT('',#278);
#280=CARTESIAN_POINT('',(5185.74755859375,-1201.1326904296875,32.5));
#281=VERTEX_POINT('',#280);
#282=CARTESIAN_POINT('',(5183.373046875,-1198.757568359375,32.5));
#283=VERTEX_POINT('',#282);
#284=CARTESIAN_POINT('',(5180.5283203125,-1196.970458984375,0));
#285=VERTEX_POINT('',#284);
#286=CARTESIAN_POINT('',(5183.373046875,-1198.757568359375,0));
#287=VERTEX_POINT('',#286);
#288=CARTESIAN_POINT('',(5159.396484375,-1213.8228759765625,32.5));
#289=VERTEX_POINT('',#288);
#290=CARTESIAN_POINT('',(5174.0205078125,-1260.485107421875,32.5));
#291=VERTEX_POINT('',#290);
#292=CARTESIAN_POINT('',(5174.0205078125,-1225.485107421875,32.5));
#293=VERTEX_POINT('',#292);
#294=CARTESIAN_POINT('',(5160.505859375,-1216.9932861328125,32.5));
#295=VERTEX_POINT('',#294);
#296=CARTESIAN_POINT('',(5170.6826171875,-1225.10888671875,32.5));
#297=VERTEX_POINT('',#296);
#298=CARTESIAN_POINT('',(5162.29296875,-1219.83740234375,32.5));
#299=VERTEX_POINT('',#298);
#300=CARTESIAN_POINT('',(5167.51220703125,-1223.99951171875,32.5));
#301=VERTEX_POINT('',#300);
#302=CARTESIAN_POINT('',(5164.66796875,-1222.2125244140625,32.5));
#303=VERTEX_POINT('',#302);
#304=CARTESIAN_POINT('',(5159.396484375,-1207.147216796875,0));
#305=VERTEX_POINT('',#304);
#306=CARTESIAN_POINT('',(5159.0205078125,-1210.485107421875,0));
#307=VERTEX_POINT('',#306);
#308=CARTESIAN_POINT('',(5160.505859375,-1203.976806640625,0));
#309=VERTEX_POINT('',#308);
#310=CARTESIAN_POINT('',(5162.29296875,-1201.1326904296875,0));
#311=VERTEX_POINT('',#310);
#312=CARTESIAN_POINT('',(5164.66796875,-1198.757568359375,0));
#313=VERTEX_POINT('',#312);
#314=CARTESIAN_POINT('',(5185.986328125,-1161.93798828125,87.5));
#315=VERTEX_POINT('',#314);
#316=CARTESIAN_POINT('',(5180.5283203125,-1196.970458984375,87.5));
#317=VERTEX_POINT('',#316);
#318=CARTESIAN_POINT('',(5159.396484375,-1207.147216796875,120));
#319=VERTEX_POINT('',#318);
#320=CARTESIAN_POINT('',(5159.0205078125,-1210.485107421875,120));
#321=VERTEX_POINT('',#320);
#322=CARTESIAN_POINT('',(5160.505859375,-1203.976806640625,120));
#323=VERTEX_POINT('',#322);
#324=CARTESIAN_POINT('',(5162.29296875,-1201.1326904296875,120));
#325=VERTEX_POINT('',#324);
#326=CARTESIAN_POINT('',(5164.66796875,-1198.757568359375,120));
#327=VERTEX_POINT('',#326);
#328=CARTESIAN_POINT('',(5174.0205078125,-1260.485107421875,120));
#329=VERTEX_POINT('',#328);
#330=CARTESIAN_POINT('',(5180.287109375,-1260.0908203125,120));
#331=VERTEX_POINT('',#330);
#332=CARTESIAN_POINT('',(5180.046875,-1260.1204833984375,87.5));
#333=VERTEX_POINT('',#332);
#334=CARTESIAN_POINT('',(5177.3583984375,-1225.10888671875,87.5));
#335=VERTEX_POINT('',#334);
#336=CARTESIAN_POINT('',(5174.0205078125,-1225.485107421875,87.5));
#337=VERTEX_POINT('',#336);
#338=CARTESIAN_POINT('',(5170.6826171875,-1225.10888671875,87.5));
#339=VERTEX_POINT('',#338);
#340=CARTESIAN_POINT('',(5167.51220703125,-1223.99951171875,87.5));
#341=VERTEX_POINT('',#340);
#342=CARTESIAN_POINT('',(5160.505859375,-1216.9932861328125,87.5));
#343=VERTEX_POINT('',#342);
#344=CARTESIAN_POINT('',(5164.66796875,-1222.2125244140625,87.5));
#345=VERTEX_POINT('',#344);
#346=CARTESIAN_POINT('',(5162.29296875,-1219.83740234375,87.5));
#347=VERTEX_POINT('',#346);
#348=CARTESIAN_POINT('',(5160.505859375,-1216.9932861328125,120));
#349=VERTEX_POINT('',#348);
#350=CARTESIAN_POINT('',(5159.396484375,-1213.8228759765625,120));
#351=VERTEX_POINT('',#350);
#352=CARTESIAN_POINT('',(4983.373046875,-1198.757568359375,0));
#353=VERTEX_POINT('',#352);
#354=CARTESIAN_POINT('',(4983.373046875,-1198.757568359375,120));
#355=VERTEX_POINT('',#354);
#356=CARTESIAN_POINT('',(4964.66796875,-1198.757568359375,120));
#357=VERTEX_POINT('',#356);
#358=CARTESIAN_POINT('',(4924.119140625,-1207.345458984375,120));
#359=VERTEX_POINT('',#358);
#360=CARTESIAN_POINT('',(4962.29296875,-1201.1326904296875,120));
#361=VERTEX_POINT('',#360);
#362=CARTESIAN_POINT('',(5191.75048828125,-1163.7342529296875,87.5));
#363=VERTEX_POINT('',#362);
#364=CARTESIAN_POINT('',(5197.25634765625,-1166.2122802734375,87.5));
#365=VERTEX_POINT('',#364);
#366=CARTESIAN_POINT('',(5202.423828125,-1169.3358154296875,87.5));
#367=VERTEX_POINT('',#366);
#368=CARTESIAN_POINT('',(5207.1767578125,-1173.0595703125,87.5));
#369=VERTEX_POINT('',#368);
#370=CARTESIAN_POINT('',(5211.44580078125,-1177.3289794921875,87.5));
#371=VERTEX_POINT('',#370);
#372=CARTESIAN_POINT('',(5215.169921875,-1182.081787109375,87.5));
#373=VERTEX_POINT('',#372);
#374=CARTESIAN_POINT('',(5223.134765625,-1201.115966796875,120));
#375=VERTEX_POINT('',#374);
#376=CARTESIAN_POINT('',(5180.5283203125,-1196.970458984375,120));
#377=VERTEX_POINT('',#376);
#378=CARTESIAN_POINT('',(5218.29345703125,-1187.2489013671875,87.5));
#379=VERTEX_POINT('',#378);
#380=CARTESIAN_POINT('',(5222.56787109375,-1198.519287109375,87.5));
#381=VERTEX_POINT('',#380);
#382=CARTESIAN_POINT('',(5220.77099609375,-1192.7548828125,87.5));
#383=VERTEX_POINT('',#382);
#384=CARTESIAN_POINT('',(4967.75341796875,-1260.0908203125,0));
#385=VERTEX_POINT('',#384);
#386=CARTESIAN_POINT('',(4967.75341796875,-1260.0908203125,120));
#387=VERTEX_POINT('',#386);
#388=CARTESIAN_POINT('',(4961.5859375,-1258.9141845703125,120));
#389=VERTEX_POINT('',#388);
#390=CARTESIAN_POINT('',(4955.6142578125,-1256.973876953125,120));
#391=VERTEX_POINT('',#390);
#392=CARTESIAN_POINT('',(4949.9326171875,-1254.3004150390625,120));
#393=VERTEX_POINT('',#392);
#394=CARTESIAN_POINT('',(4944.630859375,-1250.9359130859375,120));
#395=VERTEX_POINT('',#394);
#396=CARTESIAN_POINT('',(4939.79296875,-1246.9334716796875,120));
#397=VERTEX_POINT('',#396);
#398=CARTESIAN_POINT('',(4935.49462890625,-1242.356201171875,120));
#399=VERTEX_POINT('',#398);
#400=CARTESIAN_POINT('',(4931.8037109375,-1237.2763671875,120));
#401=VERTEX_POINT('',#400);
#402=CARTESIAN_POINT('',(4928.77880859375,-1231.77392578125,120));
#403=VERTEX_POINT('',#402);
#404=CARTESIAN_POINT('',(4926.4677734375,-1225.9359130859375,120));
#405=VERTEX_POINT('',#404);
#406=CARTESIAN_POINT('',(4974.0205078125,-1225.485107421875,120));
#407=VERTEX_POINT('',#406);
#408=CARTESIAN_POINT('',(4961.5859375,-1258.9141845703125,0));
#409=VERTEX_POINT('',#408);
#410=CARTESIAN_POINT('',(4955.6142578125,-1256.973876953125,0));
#411=VERTEX_POINT('',#410);
#412=CARTESIAN_POINT('',(4949.9326171875,-1254.3004150390625,0));
#413=VERTEX_POINT('',#412);
#414=CARTESIAN_POINT('',(4944.630859375,-1250.9359130859375,0));
#415=VERTEX_POINT('',#414);
#416=CARTESIAN_POINT('',(4939.79296875,-1246.9334716796875,0));
#417=VERTEX_POINT('',#416);
#418=CARTESIAN_POINT('',(4935.49462890625,-1242.356201171875,0));
#419=VERTEX_POINT('',#418);
#420=CARTESIAN_POINT('',(4931.8037109375,-1237.2763671875,0));
#421=VERTEX_POINT('',#420);
#422=CARTESIAN_POINT('',(4928.77880859375,-1231.77392578125,0));
#423=VERTEX_POINT('',#422);
#424=CARTESIAN_POINT('',(5174.0205078125,-1260.485107421875,0));
#425=VERTEX_POINT('',#424);
#426=CARTESIAN_POINT('',(4926.4677734375,-1225.9359130859375,0));
#427=VERTEX_POINT('',#426);
#428=CARTESIAN_POINT('',(4974.0205078125,-1225.485107421875,0));
#429=VERTEX_POINT('',#428);
#430=CARTESIAN_POINT('',(4964.66796875,-1198.757568359375,0));
#431=VERTEX_POINT('',#430);
#432=CARTESIAN_POINT('',(4924.119140625,-1207.345458984375,0));
#433=VERTEX_POINT('',#432);
#434=CARTESIAN_POINT('',(4962.29296875,-1201.1326904296875,0));
#435=VERTEX_POINT('',#434);
#436=CARTESIAN_POINT('',(5220.77099609375,-1192.7548828125,32.5));
#437=VERTEX_POINT('',#436);
#438=CARTESIAN_POINT('',(5218.29345703125,-1187.2489013671875,32.5));
#439=VERTEX_POINT('',#438);
#440=CARTESIAN_POINT('',(5223.134765625,-1201.115966796875,0));
#441=VERTEX_POINT('',#440);
#442=CARTESIAN_POINT('',(5222.56787109375,-1198.519287109375,32.5));
#443=VERTEX_POINT('',#442);
#444=CARTESIAN_POINT('',(5215.169921875,-1182.081787109375,32.5));
#445=VERTEX_POINT('',#444);
#446=CARTESIAN_POINT('',(5211.44580078125,-1177.3289794921875,32.5));
#447=VERTEX_POINT('',#446);
#448=CARTESIAN_POINT('',(5207.1767578125,-1173.0595703125,32.5));
#449=VERTEX_POINT('',#448);
#450=CARTESIAN_POINT('',(5202.423828125,-1169.3358154296875,32.5));
#451=VERTEX_POINT('',#450);
#452=CARTESIAN_POINT('',(5197.25634765625,-1166.2122802734375,32.5));
#453=VERTEX_POINT('',#452);
#454=CARTESIAN_POINT('',(5191.75048828125,-1163.7342529296875,32.5));
#455=VERTEX_POINT('',#454);
#456=CARTESIAN_POINT('',(5187.53466796875,-1203.976806640625,32.5));
#457=VERTEX_POINT('',#456);
#458=CARTESIAN_POINT('',(5188.64453125,-1207.147216796875,32.5));
#459=VERTEX_POINT('',#458);
#460=CARTESIAN_POINT('',(5189.0205078125,-1210.485107421875,32.5));
#461=VERTEX_POINT('',#460);
#462=CARTESIAN_POINT('',(5185.74755859375,-1201.1326904296875,0));
#463=VERTEX_POINT('',#462);
#464=CARTESIAN_POINT('',(5187.53466796875,-1203.976806640625,0));
#465=VERTEX_POINT('',#464);
#466=CARTESIAN_POINT('',(5159.396484375,-1213.8228759765625,0));
#467=VERTEX_POINT('',#466);
#468=CARTESIAN_POINT('',(5180.046875,-1260.1204833984375,32.5));
#469=VERTEX_POINT('',#468);
#470=CARTESIAN_POINT('',(5177.3583984375,-1225.10888671875,32.5));
#471=VERTEX_POINT('',#470);
#472=CARTESIAN_POINT('',(5174.0205078125,-1225.485107421875,0));
#473=VERTEX_POINT('',#472);
#474=CARTESIAN_POINT('',(5170.6826171875,-1225.10888671875,0));
#475=VERTEX_POINT('',#474);
#476=CARTESIAN_POINT('',(5160.505859375,-1216.9932861328125,0));
#477=VERTEX_POINT('',#476);
#478=CARTESIAN_POINT('',(5167.51220703125,-1223.99951171875,0));
#479=VERTEX_POINT('',#478);
#480=CARTESIAN_POINT('',(5162.29296875,-1219.83740234375,0));
#481=VERTEX_POINT('',#480);
#482=CARTESIAN_POINT('',(5164.66796875,-1222.2125244140625,0));
#483=VERTEX_POINT('',#482);
#484=CARTESIAN_POINT('',(4988.64453125,-1207.147216796875,0));
#485=VERTEX_POINT('',#484);
#486=CARTESIAN_POINT('',(4987.53466796875,-1203.976806640625,0));
#487=VERTEX_POINT('',#486);
#488=CARTESIAN_POINT('',(4989.0205078125,-1210.485107421875,0));
#489=VERTEX_POINT('',#488);
#490=CARTESIAN_POINT('',(4985.748046875,-1201.1326904296875,0));
#491=VERTEX_POINT('',#490);
#492=CARTESIAN_POINT('',(5185.74755859375,-1201.1326904296875,87.5));
#493=VERTEX_POINT('',#492);
#494=CARTESIAN_POINT('',(5183.373046875,-1198.757568359375,87.5));
#495=VERTEX_POINT('',#494);
#496=CARTESIAN_POINT('',(4988.64453125,-1207.147216796875,120));
#497=VERTEX_POINT('',#496);
#498=CARTESIAN_POINT('',(4987.53466796875,-1203.976806640625,120));
#499=VERTEX_POINT('',#498);
#500=CARTESIAN_POINT('',(4989.0205078125,-1210.485107421875,120));
#501=VERTEX_POINT('',#500);
#502=CARTESIAN_POINT('',(4985.748046875,-1201.1326904296875,120));
#503=VERTEX_POINT('',#502);
#504=CARTESIAN_POINT('',(5186.455078125,-1258.9141845703125,120));
#505=VERTEX_POINT('',#504);
#506=CARTESIAN_POINT('',(5174.0205078125,-1225.485107421875,120));
#507=VERTEX_POINT('',#506);
#508=CARTESIAN_POINT('',(5221.57275390625,-1225.9359130859375,120));
#509=VERTEX_POINT('',#508);
#510=CARTESIAN_POINT('',(5219.26220703125,-1231.77392578125,120));
#511=VERTEX_POINT('',#510);
#512=CARTESIAN_POINT('',(5216.236328125,-1237.2763671875,120));
#513=VERTEX_POINT('',#512);
#514=CARTESIAN_POINT('',(5212.54638671875,-1242.356201171875,120));
#515=VERTEX_POINT('',#514);
#516=CARTESIAN_POINT('',(5192.4267578125,-1256.973876953125,120));
#517=VERTEX_POINT('',#516);
#518=CARTESIAN_POINT('',(5208.24755859375,-1246.9334716796875,120));
#519=VERTEX_POINT('',#518);
#520=CARTESIAN_POINT('',(5198.10791015625,-1254.3004150390625,120));
#521=VERTEX_POINT('',#520);
#522=CARTESIAN_POINT('',(5203.4091796875,-1250.9359130859375,120));
#523=VERTEX_POINT('',#522);
#524=CARTESIAN_POINT('',(5185.986328125,-1259.0321044921875,87.5));
#525=VERTEX_POINT('',#524);
#526=CARTESIAN_POINT('',(5180.5283203125,-1223.99951171875,87.5));
#527=VERTEX_POINT('',#526);
#528=CARTESIAN_POINT('',(5177.3583984375,-1225.10888671875,120));
#529=VERTEX_POINT('',#528);
#530=CARTESIAN_POINT('',(5180.5283203125,-1223.99951171875,120));
#531=VERTEX_POINT('',#530);
#532=CARTESIAN_POINT('',(5170.6826171875,-1225.10888671875,120));
#533=VERTEX_POINT('',#532);
#534=CARTESIAN_POINT('',(5167.51220703125,-1223.99951171875,120));
#535=VERTEX_POINT('',#534);
#536=CARTESIAN_POINT('',(5162.29296875,-1219.83740234375,120));
#537=VERTEX_POINT('',#536);
#538=CARTESIAN_POINT('',(5164.66796875,-1222.2125244140625,120));
#539=VERTEX_POINT('',#538);
#540=CARTESIAN_POINT('',(4988.64453125,-1213.8228759765625,120));
#541=VERTEX_POINT('',#540);
#542=CARTESIAN_POINT('',(4987.53466796875,-1216.9932861328125,120));
#543=VERTEX_POINT('',#542);
#544=CARTESIAN_POINT('',(4924.119140625,-1213.62451171875,120));
#545=VERTEX_POINT('',#544);
#546=CARTESIAN_POINT('',(4959.0205078125,-1210.485107421875,120));
#547=VERTEX_POINT('',#546);
#548=CARTESIAN_POINT('',(4960.505859375,-1203.976806640625,120));
#549=VERTEX_POINT('',#548);
#550=CARTESIAN_POINT('',(4959.396484375,-1207.147216796875,120));
#551=VERTEX_POINT('',#550);
#552=CARTESIAN_POINT('',(5224.0205078125,-1210.485107421875,87.5));
#553=VERTEX_POINT('',#552);
#554=CARTESIAN_POINT('',(5189.0205078125,-1210.485107421875,87.5));
#555=VERTEX_POINT('',#554);
#556=CARTESIAN_POINT('',(5188.64453125,-1207.147216796875,87.5));
#557=VERTEX_POINT('',#556);
#558=CARTESIAN_POINT('',(5187.53466796875,-1203.976806640625,87.5));
#559=VERTEX_POINT('',#558);
#560=CARTESIAN_POINT('',(5183.373046875,-1198.757568359375,120));
#561=VERTEX_POINT('',#560);
#562=CARTESIAN_POINT('',(5185.74755859375,-1201.1326904296875,120));
#563=VERTEX_POINT('',#562);
#564=CARTESIAN_POINT('',(5223.92138671875,-1207.345458984375,120));
#565=VERTEX_POINT('',#564);
#566=CARTESIAN_POINT('',(5223.65625,-1204.458251953125,87.5));
#567=VERTEX_POINT('',#566);
#568=CARTESIAN_POINT('',(4924.90625,-1219.8541259765625,0));
#569=VERTEX_POINT('',#568);
#570=CARTESIAN_POINT('',(4924.90625,-1219.8541259765625,120));
#571=VERTEX_POINT('',#570);
#572=CARTESIAN_POINT('',(4964.66796875,-1222.2125244140625,120));
#573=VERTEX_POINT('',#572);
#574=CARTESIAN_POINT('',(4967.51220703125,-1223.99951171875,120));
#575=VERTEX_POINT('',#574);
#576=CARTESIAN_POINT('',(4970.6826171875,-1225.10888671875,120));
#577=VERTEX_POINT('',#576);
#578=CARTESIAN_POINT('',(4970.6826171875,-1225.10888671875,0));
#579=VERTEX_POINT('',#578);
#580=CARTESIAN_POINT('',(4977.35791015625,-1225.10888671875,120));
#581=VERTEX_POINT('',#580);
#582=CARTESIAN_POINT('',(5192.4267578125,-1256.973876953125,0));
#583=VERTEX_POINT('',#582);
#584=CARTESIAN_POINT('',(5186.455078125,-1258.9141845703125,0));
#585=VERTEX_POINT('',#584);
#586=CARTESIAN_POINT('',(5180.287109375,-1260.0908203125,0));
#587=VERTEX_POINT('',#586);
#588=CARTESIAN_POINT('',(5198.10791015625,-1254.3004150390625,0));
#589=VERTEX_POINT('',#588);
#590=CARTESIAN_POINT('',(5203.4091796875,-1250.9359130859375,0));
#591=VERTEX_POINT('',#590);
#592=CARTESIAN_POINT('',(5208.24755859375,-1246.9334716796875,0));
#593=VERTEX_POINT('',#592);
#594=CARTESIAN_POINT('',(5212.54638671875,-1242.356201171875,0));
#595=VERTEX_POINT('',#594);
#596=CARTESIAN_POINT('',(5216.236328125,-1237.2763671875,0));
#597=VERTEX_POINT('',#596);
#598=CARTESIAN_POINT('',(5219.26220703125,-1231.77392578125,0));
#599=VERTEX_POINT('',#598);
#600=CARTESIAN_POINT('',(5221.57275390625,-1225.9359130859375,0));
#601=VERTEX_POINT('',#600);
#602=CARTESIAN_POINT('',(4964.66796875,-1222.2125244140625,0));
#603=VERTEX_POINT('',#602);
#604=CARTESIAN_POINT('',(4967.51220703125,-1223.99951171875,0));
#605=VERTEX_POINT('',#604);
#606=CARTESIAN_POINT('',(4977.35791015625,-1225.10888671875,0));
#607=VERTEX_POINT('',#606);
#608=CARTESIAN_POINT('',(4924.119140625,-1213.62451171875,0));
#609=VERTEX_POINT('',#608);
#610=CARTESIAN_POINT('',(4959.0205078125,-1210.485107421875,0));
#611=VERTEX_POINT('',#610);
#612=CARTESIAN_POINT('',(4960.505859375,-1203.976806640625,0));
#613=VERTEX_POINT('',#612);
#614=CARTESIAN_POINT('',(4959.396484375,-1207.147216796875,0));
#615=VERTEX_POINT('',#614);
#616=CARTESIAN_POINT('',(5223.92138671875,-1207.345458984375,0));
#617=VERTEX_POINT('',#616);
#618=CARTESIAN_POINT('',(5223.65625,-1204.458251953125,32.5));
#619=VERTEX_POINT('',#618);
#620=CARTESIAN_POINT('',(5188.64453125,-1207.147216796875,0));
#621=VERTEX_POINT('',#620);
#622=CARTESIAN_POINT('',(5189.0205078125,-1210.485107421875,0));
#623=VERTEX_POINT('',#622);
#624=CARTESIAN_POINT('',(5188.64453125,-1213.8228759765625,0));
#625=VERTEX_POINT('',#624);
#626=CARTESIAN_POINT('',(5188.64453125,-1213.8228759765625,32.5));
#627=VERTEX_POINT('',#626);
#628=CARTESIAN_POINT('',(5185.986328125,-1259.0321044921875,32.5));
#629=VERTEX_POINT('',#628);
#630=CARTESIAN_POINT('',(5191.75048828125,-1257.23583984375,32.5));
#631=VERTEX_POINT('',#630);
#632=CARTESIAN_POINT('',(5197.25634765625,-1254.7578125,32.5));
#633=VERTEX_POINT('',#632);
#634=CARTESIAN_POINT('',(5202.423828125,-1251.63427734375,32.5));
#635=VERTEX_POINT('',#634);
#636=CARTESIAN_POINT('',(5207.1767578125,-1247.91064453125,32.5));
#637=VERTEX_POINT('',#636);
#638=CARTESIAN_POINT('',(5211.44580078125,-1243.6412353515625,32.5));
#639=VERTEX_POINT('',#638);
#640=CARTESIAN_POINT('',(5215.169921875,-1238.8883056640625,32.5));
#641=VERTEX_POINT('',#640);
#642=CARTESIAN_POINT('',(5218.29345703125,-1233.72119140625,32.5));
#643=VERTEX_POINT('',#642);
#644=CARTESIAN_POINT('',(5220.77099609375,-1228.21533203125,32.5));
#645=VERTEX_POINT('',#644);
#646=CARTESIAN_POINT('',(5222.56787109375,-1222.450927734375,32.5));
#647=VERTEX_POINT('',#646);
#648=CARTESIAN_POINT('',(5223.65625,-1216.511962890625,32.5));
#649=VERTEX_POINT('',#648);
#650=CARTESIAN_POINT('',(5224.0205078125,-1210.485107421875,32.5));
#651=VERTEX_POINT('',#650);
#652=CARTESIAN_POINT('',(4988.64453125,-1213.8228759765625,0));
#653=VERTEX_POINT('',#652);
#654=CARTESIAN_POINT('',(5185.74755859375,-1219.83740234375,32.5));
#655=VERTEX_POINT('',#654);
#656=CARTESIAN_POINT('',(5183.373046875,-1222.2125244140625,32.5));
#657=VERTEX_POINT('',#656);
#658=CARTESIAN_POINT('',(5180.5283203125,-1223.99951171875,32.5));
#659=VERTEX_POINT('',#658);
#660=CARTESIAN_POINT('',(5177.3583984375,-1225.10888671875,0));
#661=VERTEX_POINT('',#660);
#662=CARTESIAN_POINT('',(4980.5283203125,-1223.99951171875,0));
#663=VERTEX_POINT('',#662);
#664=CARTESIAN_POINT('',(4987.53466796875,-1216.9932861328125,0));
#665=VERTEX_POINT('',#664);
#666=CARTESIAN_POINT('',(4983.373046875,-1222.2125244140625,0));
#667=VERTEX_POINT('',#666);
#668=CARTESIAN_POINT('',(4985.748046875,-1219.83740234375,0));
#669=VERTEX_POINT('',#668);
#670=CARTESIAN_POINT('',(5191.75048828125,-1257.23583984375,87.5));
#671=VERTEX_POINT('',#670);
#672=CARTESIAN_POINT('',(5220.77099609375,-1228.21533203125,87.5));
#673=VERTEX_POINT('',#672);
#674=CARTESIAN_POINT('',(5222.56787109375,-1222.450927734375,87.5));
#675=VERTEX_POINT('',#674);
#676=CARTESIAN_POINT('',(5223.134765625,-1219.8541259765625,120));
#677=VERTEX_POINT('',#676);
#678=CARTESIAN_POINT('',(5183.373046875,-1222.2125244140625,120));
#679=VERTEX_POINT('',#678);
#680=CARTESIAN_POINT('',(5185.74755859375,-1219.83740234375,120));
#681=VERTEX_POINT('',#680);
#682=CARTESIAN_POINT('',(5218.29345703125,-1233.72119140625,87.5));
#683=VERTEX_POINT('',#682);
#684=CARTESIAN_POINT('',(5215.169921875,-1238.8883056640625,87.5));
#685=VERTEX_POINT('',#684);
#686=CARTESIAN_POINT('',(5211.44580078125,-1243.6412353515625,87.5));
#687=VERTEX_POINT('',#686);
#688=CARTESIAN_POINT('',(5197.25634765625,-1254.7578125,87.5));
#689=VERTEX_POINT('',#688);
#690=CARTESIAN_POINT('',(5207.1767578125,-1247.91064453125,87.5));
#691=VERTEX_POINT('',#690);
#692=CARTESIAN_POINT('',(5202.423828125,-1251.63427734375,87.5));
#693=VERTEX_POINT('',#692);
#694=CARTESIAN_POINT('',(5183.373046875,-1222.2125244140625,87.5));
#695=VERTEX_POINT('',#694);
#696=CARTESIAN_POINT('',(5185.74755859375,-1219.83740234375,87.5));
#697=VERTEX_POINT('',#696);
#698=CARTESIAN_POINT('',(5187.53466796875,-1216.9932861328125,87.5));
#699=VERTEX_POINT('',#698);
#700=CARTESIAN_POINT('',(4980.5283203125,-1223.99951171875,120));
#701=VERTEX_POINT('',#700);
#702=CARTESIAN_POINT('',(4983.373046875,-1222.2125244140625,120));
#703=VERTEX_POINT('',#702);
#704=CARTESIAN_POINT('',(4985.748046875,-1219.83740234375,120));
#705=VERTEX_POINT('',#704);
#706=CARTESIAN_POINT('',(4959.396484375,-1213.8228759765625,120));
#707=VERTEX_POINT('',#706);
#708=CARTESIAN_POINT('',(5223.92138671875,-1213.62451171875,120));
#709=VERTEX_POINT('',#708);
#710=CARTESIAN_POINT('',(5223.65625,-1216.511962890625,87.5));
#711=VERTEX_POINT('',#710);
#712=CARTESIAN_POINT('',(5188.64453125,-1213.8228759765625,87.5));
#713=VERTEX_POINT('',#712);
#714=CARTESIAN_POINT('',(5188.64453125,-1207.147216796875,120));
#715=VERTEX_POINT('',#714);
#716=CARTESIAN_POINT('',(5189.0205078125,-1210.485107421875,120));
#717=VERTEX_POINT('',#716);
#718=CARTESIAN_POINT('',(5187.53466796875,-1203.976806640625,120));
#719=VERTEX_POINT('',#718);
#720=CARTESIAN_POINT('',(4959.396484375,-1213.8228759765625,0));
#721=VERTEX_POINT('',#720);
#722=CARTESIAN_POINT('',(4960.505859375,-1216.9932861328125,0));
#723=VERTEX_POINT('',#722);
#724=CARTESIAN_POINT('',(4962.29296875,-1219.83740234375,0));
#725=VERTEX_POINT('',#724);
#726=CARTESIAN_POINT('',(4960.505859375,-1216.9932861328125,120));
#727=VERTEX_POINT('',#726);
#728=CARTESIAN_POINT('',(4962.29296875,-1219.83740234375,120));
#729=VERTEX_POINT('',#728);
#730=CARTESIAN_POINT('',(5180.5283203125,-1223.99951171875,0));
#731=VERTEX_POINT('',#730);
#732=CARTESIAN_POINT('',(5183.373046875,-1222.2125244140625,0));
#733=VERTEX_POINT('',#732);
#734=CARTESIAN_POINT('',(5223.134765625,-1219.8541259765625,0));
#735=VERTEX_POINT('',#734);
#736=CARTESIAN_POINT('',(5185.74755859375,-1219.83740234375,0));
#737=VERTEX_POINT('',#736);
#738=CARTESIAN_POINT('',(5223.92138671875,-1213.62451171875,0));
#739=VERTEX_POINT('',#738);
#740=CARTESIAN_POINT('',(5187.53466796875,-1216.9932861328125,0));
#741=VERTEX_POINT('',#740);
#742=CARTESIAN_POINT('',(5187.53466796875,-1216.9932861328125,32.5));
#743=VERTEX_POINT('',#742);
#744=CARTESIAN_POINT('',(5188.64453125,-1213.8228759765625,120));
#745=VERTEX_POINT('',#744);
#746=CARTESIAN_POINT('',(5187.53466796875,-1216.9932861328125,120));
#747=VERTEX_POINT('',#746);
#748=STYLED_ITEM('',(#25),#749);
#749=FACE_SURFACE('',(#754),#750,.T.);
#750=PLANE('',#751);
#751=AXIS2_PLACEMENT_3D('',#40,#752,#753);
#752=DIRECTION('',(-0.06277040110100565,0.9980279939689162,0));
#753=DIRECTION('',(-0.05215438985945548,-0.0032802205854340033,0.998633646424603));
#754=FACE_BOUND('',#755,.T.);
#755=EDGE_LOOP('',(#756,#757,#758));
#756=ORIENTED_EDGE('',*,*,#759,.T.);
#757=ORIENTED_EDGE('',*,*,#760,.T.);
#758=ORIENTED_EDGE('',*,*,#761,.T.);
#759=EDGE_CURVE('',#41,#43,#762,.F.);
#760=EDGE_CURVE('',#43,#45,#763,.T.);
#761=EDGE_CURVE('',#45,#41,#764,.T.);
#762=LINE('',#40,#765);
#763=LINE('',#42,#766);
#764=LINE('',#44,#767);
#765=VECTOR('',#768,1.0);
#766=VECTOR('',#769,1.0);
#767=VECTOR('',#770,1.0);
#768=DIRECTION('',(-0.05215438985945548,-0.0032802205854340033,0.998633646424603));
#769=DIRECTION('',(0.9980279939689161,0.06277040110100565,0));
#770=DIRECTION('',(0,0,-1));
#771=FACE_SURFACE('',(#776),#772,.T.);
#772=PLANE('',#773);
#773=AXIS2_PLACEMENT_3D('',#46,#774,#775);
#774=DIRECTION('',(-0.06277040110100565,0.9980279939689162,0));
#775=DIRECTION('',(0,0,1));
#776=FACE_BOUND('',#777,.T.);
#777=EDGE_LOOP('',(#778,#779,#780));
#778=ORIENTED_EDGE('',*,*,#781,.T.);
#779=ORIENTED_EDGE('',*,*,#782,.T.);
#780=ORIENTED_EDGE('',*,*,#783,.T.);
#781=EDGE_CURVE('',#47,#43,#784,.F.);
#782=EDGE_CURVE('',#43,#41,#785,.T.);
#783=EDGE_CURVE('',#41,#47,#786,.T.);
#784=LINE('',#46,#787);
#785=LINE('',#42,#788);
#786=LINE('',#40,#789);
#787=VECTOR('',#790,1.0);
#788=VECTOR('',#791,1.0);
#789=VECTOR('',#792,1.0);
#790=DIRECTION('',(0,0,1));
#791=DIRECTION('',(0.05215438985945548,0.0032802205854340033,-0.998633646424603));
#792=DIRECTION('',(-0.9980279939689161,-0.06277040110100565,0));
#793=FACE_SURFACE('',(#798),#794,.T.);
#794=PLANE('',#795);
#795=AXIS2_PLACEMENT_3D('',#48,#796,#797);
#796=DIRECTION('',(0,-0,1));
#797=DIRECTION('',(0,1,0));
#798=FACE_BOUND('',#799,.T.);
#799=EDGE_LOOP('',(#800,#801,#802));
#800=ORIENTED_EDGE('',*,*,#803,.T.);
#801=ORIENTED_EDGE('',*,*,#804,.T.);
#802=ORIENTED_EDGE('',*,*,#805,.T.);
#803=EDGE_CURVE('',#49,#45,#806,.F.);
#804=EDGE_CURVE('',#45,#43,#807,.T.);
#805=EDGE_CURVE('',#43,#49,#808,.T.);
#806=LINE('',#48,#809);
#807=LINE('',#44,#810);
#808=LINE('',#42,#811);
#809=VECTOR('',#812,1.0);
#810=VECTOR('',#813,1.0);
#811=VECTOR('',#814,1.0);
#812=DIRECTION('',(0,1,0));
#813=DIRECTION('',(-0.9980279939689161,-0.06277040110100565,0));
#814=DIRECTION('',(0.1782005825936548,-0.9839941830942304,0));
#815=FACE_SURFACE('',(#820),#816,.T.);
#816=PLANE('',#817);
#817=AXIS2_PLACEMENT_3D('',#40,#818,#819);
#818=DIRECTION('',(0,1,0));
#819=DIRECTION('',(0,0,1));
#820=FACE_BOUND('',#821,.T.);
#821=EDGE_LOOP('',(#822,#823,#824));
#822=ORIENTED_EDGE('',*,*,#825,.T.);
#823=ORIENTED_EDGE('',*,*,#826,.T.);
#824=ORIENTED_EDGE('',*,*,#827,.T.);
#825=EDGE_CURVE('',#41,#45,#828,.F.);
#826=EDGE_CURVE('',#45,#51,#829,.T.);
#827=EDGE_CURVE('',#51,#41,#830,.T.);
#828=LINE('',#40,#831);
#829=LINE('',#44,#832);
#830=LINE('',#50,#833);
#831=VECTOR('',#834,1.0);
#832=VECTOR('',#835,1.0);
#833=VECTOR('',#836,1.0);
#834=DIRECTION('',(0,0,1));
#835=DIRECTION('',(0.8160244811016552,0,-0.5780173407803391));
#836=DIRECTION('',(-0.6121731929914168,0,-0.7907237076139134));
#837=FACE_SURFACE('',(#842),#838,.T.);
#838=PLANE('',#839);
#839=AXIS2_PLACEMENT_3D('',#52,#840,#841);
#840=DIRECTION('',(0,0,-1));
#841=DIRECTION('',(-0.1782005825936548,0.9839941830942304,0));
#842=FACE_BOUND('',#843,.T.);
#843=EDGE_LOOP('',(#844,#845,#846));
#844=ORIENTED_EDGE('',*,*,#847,.T.);
#845=ORIENTED_EDGE('',*,*,#848,.T.);
#846=ORIENTED_EDGE('',*,*,#849,.T.);
#847=EDGE_CURVE('',#53,#47,#850,.F.);
#848=EDGE_CURVE('',#47,#41,#851,.T.);
#849=EDGE_CURVE('',#41,#53,#852,.T.);
#850=LINE('',#52,#853);
#851=LINE('',#46,#854);
#852=LINE('',#40,#855);
#853=VECTOR('',#856,1.0);
#854=VECTOR('',#857,1.0);
#855=VECTOR('',#858,1.0);
#856=DIRECTION('',(-0.1782005825936548,0.9839941830942304,0));
#857=DIRECTION('',(0.9980279939689161,0.06277040110100565,0));
#858=DIRECTION('',(0,-1,0));
#859=FACE_SURFACE('',(#864),#860,.T.);
#860=PLANE('',#861);
#861=AXIS2_PLACEMENT_3D('',#52,#862,#863);
#862=DIRECTION('',(0,0,-1));
#863=DIRECTION('',(0,1,0));
#864=FACE_BOUND('',#865,.T.);
#865=EDGE_LOOP('',(#866,#867,#868));
#866=ORIENTED_EDGE('',*,*,#869,.T.);
#867=ORIENTED_EDGE('',*,*,#870,.T.);
#868=ORIENTED_EDGE('',*,*,#871,.T.);
#869=EDGE_CURVE('',#53,#41,#872,.F.);
#870=EDGE_CURVE('',#41,#55,#873,.T.);
#871=EDGE_CURVE('',#55,#53,#874,.T.);
#872=LINE('',#52,#875);
#873=LINE('',#40,#876);
#874=LINE('',#54,#877);
#875=VECTOR('',#878,1.0);
#876=VECTOR('',#879,1.0);
#877=VECTOR('',#880,1.0);
#878=DIRECTION('',(0,1,0));
#879=DIRECTION('',(1,0,0));
#880=DIRECTION('',(-0.9850304671557042,-0.17238033175224823,0));
#881=FACE_SURFACE('',(#886),#882,.T.);
#882=PLANE('',#883);
#883=AXIS2_PLACEMENT_3D('',#40,#884,#885);
#884=DIRECTION('',(0,1,0));
#885=DIRECTION('',(0.6121731929914168,0,0.7907237076139134));
#886=FACE_BOUND('',#887,.T.);
#887=EDGE_LOOP('',(#888,#889,#890));
#888=ORIENTED_EDGE('',*,*,#891,.T.);
#889=ORIENTED_EDGE('',*,*,#892,.T.);
#890=ORIENTED_EDGE('',*,*,#893,.T.);
#891=EDGE_CURVE('',#41,#51,#894,.F.);
#892=EDGE_CURVE('',#51,#57,#895,.T.);
#893=EDGE_CURVE('',#57,#41,#896,.T.);
#894=LINE('',#40,#897);
#895=LINE('',#50,#898);
#896=LINE('',#56,#899);
#897=VECTOR('',#900,1.0);
#898=VECTOR('',#901,1.0);
#899=VECTOR('',#902,1.0);
#900=DIRECTION('',(0.6121731929914168,0,0.7907237076139134));
#901=DIRECTION('',(0,0,-1));
#902=DIRECTION('',(-0.8160244811016552,0,-0.5780173407803391));
#903=FACE_SURFACE('',(#908),#904,.T.);
#904=PLANE('',#905);
#905=AXIS2_PLACEMENT_3D('',#40,#906,#907);
#906=DIRECTION('',(0,1,0));
#907=DIRECTION('',(0.9870527346239429,0,0.16039606937639073));
#908=FACE_BOUND('',#909,.T.);
#909=EDGE_LOOP('',(#910,#911,#912));
#910=ORIENTED_EDGE('',*,*,#913,.T.);
#911=ORIENTED_EDGE('',*,*,#914,.T.);
#912=ORIENTED_EDGE('',*,*,#915,.T.);
#913=EDGE_CURVE('',#41,#59,#916,.F.);
#914=EDGE_CURVE('',#59,#55,#917,.T.);
#915=EDGE_CURVE('',#55,#41,#918,.T.);
#916=LINE('',#40,#919);
#917=LINE('',#58,#920);
#918=LINE('',#54,#921);
#919=VECTOR('',#922,1.0);
#920=VECTOR('',#923,1.0);
#921=VECTOR('',#924,1.0);
#922=DIRECTION('',(0.9870527346239429,0,0.16039606937639073));
#923=DIRECTION('',(0,0,-1));
#924=DIRECTION('',(-1,0,0));
#925=FACE_SURFACE('',(#930),#926,.T.);
#926=PLANE('',#927);
#927=AXIS2_PLACEMENT_3D('',#40,#928,#929);
#928=DIRECTION('',(0,1,0));
#929=DIRECTION('',(0.8160244811016552,0,0.5780173407803391));
#930=FACE_BOUND('',#931,.T.);
#931=EDGE_LOOP('',(#932,#933,#934));
#932=ORIENTED_EDGE('',*,*,#935,.T.);
#933=ORIENTED_EDGE('',*,*,#936,.T.);
#934=ORIENTED_EDGE('',*,*,#937,.T.);
#935=EDGE_CURVE('',#41,#57,#938,.F.);
#936=EDGE_CURVE('',#57,#61,#939,.T.);
#937=EDGE_CURVE('',#61,#41,#940,.T.);
#938=LINE('',#40,#941);
#939=LINE('',#56,#942);
#940=LINE('',#60,#943);
#941=VECTOR('',#944,1.0);
#942=VECTOR('',#945,1.0);
#943=VECTOR('',#946,1.0);
#944=DIRECTION('',(0.8160244811016552,0,0.5780173407803391));
#945=DIRECTION('',(0.1305557025979464,0,-0.9914409758120534));
#946=DIRECTION('',(-0.8340569763252355,0,-0.5516783122828065));
#947=FACE_SURFACE('',(#952),#948,.T.);
#948=PLANE('',#949);
#949=AXIS2_PLACEMENT_3D('',#40,#950,#951);
#950=DIRECTION('',(0,1,0));
#951=DIRECTION('',(0.9070089677484316,0,0.42111130645462896));
#952=FACE_BOUND('',#953,.T.);
#953=EDGE_LOOP('',(#954,#955,#956));
#954=ORIENTED_EDGE('',*,*,#957,.T.);
#955=ORIENTED_EDGE('',*,*,#958,.T.);
#956=ORIENTED_EDGE('',*,*,#959,.T.);
#957=EDGE_CURVE('',#41,#63,#960,.F.);
#958=EDGE_CURVE('',#63,#59,#961,.T.);
#959=EDGE_CURVE('',#59,#41,#962,.T.);
#960=LINE('',#40,#963);
#961=LINE('',#62,#964);
#962=LINE('',#58,#965);
#963=VECTOR('',#966,1.0);
#964=VECTOR('',#967,1.0);
#965=VECTOR('',#968,1.0);
#966=DIRECTION('',(0.9070089677484316,0,0.42111130645462896));
#967=DIRECTION('',(1,0,0));
#968=DIRECTION('',(-0.9870527346239429,0,-0.16039606937639073));
#969=FACE_SURFACE('',(#974),#970,.T.);
#970=PLANE('',#971);
#971=AXIS2_PLACEMENT_3D('',#40,#972,#973);
#972=DIRECTION('',(0,1,0));
#973=DIRECTION('',(0.8340569763252355,0,0.5516783122828065));
#974=FACE_BOUND('',#975,.T.);
#975=EDGE_LOOP('',(#976,#977,#978));
#976=ORIENTED_EDGE('',*,*,#979,.T.);
#977=ORIENTED_EDGE('',*,*,#980,.T.);
#978=ORIENTED_EDGE('',*,*,#981,.T.);
#979=EDGE_CURVE('',#41,#61,#982,.F.);
#980=EDGE_CURVE('',#61,#65,#983,.T.);
#981=EDGE_CURVE('',#65,#41,#984,.T.);
#982=LINE('',#40,#985);
#983=LINE('',#60,#986);
#984=LINE('',#64,#987);
#985=VECTOR('',#988,1.0);
#986=VECTOR('',#989,1.0);
#987=VECTOR('',#990,1.0);
#988=DIRECTION('',(0.8340569763252355,0,0.5516783122828065));
#989=DIRECTION('',(0.38268992206527563,0,-0.9238768443627502));
#990=DIRECTION('',(-0.8531918356533722,0,-0.5215972503516763));
#991=FACE_SURFACE('',(#996),#992,.T.);
#992=PLANE('',#993);
#993=AXIS2_PLACEMENT_3D('',#40,#994,#995);
#994=DIRECTION('',(0,1,0));
#995=DIRECTION('',(0.8989941680519273,0,0.4379605984659155));
#996=FACE_BOUND('',#997,.T.);
#997=EDGE_LOOP('',(#998,#999,#1000));
#998=ORIENTED_EDGE('',*,*,#1001,.T.);
#999=ORIENTED_EDGE('',*,*,#1002,.T.);
#1000=ORIENTED_EDGE('',*,*,#1003,.T.);
#1001=EDGE_CURVE('',#41,#67,#1004,.F.);
#1002=EDGE_CURVE('',#67,#63,#1005,.T.);
#1003=EDGE_CURVE('',#63,#41,#1006,.T.);
#1004=LINE('',#40,#1007);
#1005=LINE('',#66,#1008);
#1006=LINE('',#62,#1009);
#1007=VECTOR('',#1010,1.0);
#1008=VECTOR('',#1011,1.0);
#1009=VECTOR('',#1012,1.0);
#1010=DIRECTION('',(0.8989941680519273,0,0.4379605984659155));
#1011=DIRECTION('',(0.9914461671547132,0,-0.13051627344598962));
#1012=DIRECTION('',(-0.9070089677484316,0,-0.42111130645462896));
#1013=FACE_SURFACE('',(#1018),#1014,.T.);
#1014=PLANE('',#1015);
#1015=AXIS2_PLACEMENT_3D('',#40,#1016,#1017);
#1016=DIRECTION('',(0,1,0));
#1017=DIRECTION('',(0.8531918356533722,0,0.5215972503516763));
#1018=FACE_BOUND('',#1019,.T.);
#1019=EDGE_LOOP('',(#1020,#1021,#1022));
#1020=ORIENTED_EDGE('',*,*,#1023,.T.);
#1021=ORIENTED_EDGE('',*,*,#1024,.T.);
#1022=ORIENTED_EDGE('',*,*,#1025,.T.);
#1023=EDGE_CURVE('',#41,#65,#1026,.F.);
#1024=EDGE_CURVE('',#65,#69,#1027,.T.);
#1025=EDGE_CURVE('',#69,#41,#1028,.T.);
#1026=LINE('',#40,#1029);
#1027=LINE('',#64,#1030);
#1028=LINE('',#68,#1031);
#1029=VECTOR('',#1032,1.0);
#1030=VECTOR('',#1033,1.0);
#1031=VECTOR('',#1034,1.0);
#1032=DIRECTION('',(0.8531918356533722,0,0.5215972503516763));
#1033=DIRECTION('',(0.6086837933295017,0,-0.7934129062083679));
#1034=DIRECTION('',(-0.8713889225344806,0,-0.4905928512363352));
#1035=FACE_SURFACE('',(#1040),#1036,.T.);
#1036=PLANE('',#1037);
#1037=AXIS2_PLACEMENT_3D('',#40,#1038,#1039);
#1038=DIRECTION('',(0,1,0));
#1039=DIRECTION('',(0.8869946582629701,0,0.46177968362949556));
#1040=FACE_BOUND('',#1041,.T.);
#1041=EDGE_LOOP('',(#1042,#1043,#1044));
#1042=ORIENTED_EDGE('',*,*,#1045,.T.);
#1043=ORIENTED_EDGE('',*,*,#1046,.T.);
#1044=ORIENTED_EDGE('',*,*,#1047,.T.);
#1045=EDGE_CURVE('',#41,#71,#1048,.F.);
#1046=EDGE_CURVE('',#71,#67,#1049,.T.);
#1047=EDGE_CURVE('',#67,#41,#1050,.T.);
#1048=LINE('',#40,#1051);
#1049=LINE('',#70,#1052);
#1050=LINE('',#66,#1053);
#1051=VECTOR('',#1054,1.0);
#1052=VECTOR('',#1055,1.0);
#1053=VECTOR('',#1056,1.0);
#1054=DIRECTION('',(0.8869946582629701,0,0.46177968362949556));
#1055=DIRECTION('',(0.9238679071581274,0,-0.38271149724467596));
#1056=DIRECTION('',(-0.8989941680519273,0,-0.4379605984659155));
#1057=FACE_SURFACE('',(#1062),#1058,.T.);
#1058=PLANE('',#1059);
#1059=AXIS2_PLACEMENT_3D('',#40,#1060,#1061);
#1060=DIRECTION('',(0,1,0));
#1061=DIRECTION('',(0.8713889225344806,0,0.4905928512363352));
#1062=FACE_BOUND('',#1063,.T.);
#1063=EDGE_LOOP('',(#1064,#1065,#1066));
#1064=ORIENTED_EDGE('',*,*,#1067,.T.);
#1065=ORIENTED_EDGE('',*,*,#1068,.T.);
#1066=ORIENTED_EDGE('',*,*,#1069,.T.);
#1067=EDGE_CURVE('',#41,#69,#1070,.F.);
#1068=EDGE_CURVE('',#69,#71,#1071,.T.);
#1069=EDGE_CURVE('',#71,#41,#1072,.T.);
#1070=LINE('',#40,#1073);
#1071=LINE('',#68,#1074);
#1072=LINE('',#70,#1075);
#1073=VECTOR('',#1076,1.0);
#1074=VECTOR('',#1077,1.0);
#1075=VECTOR('',#1078,1.0);
#1076=DIRECTION('',(0.8713889225344806,0,0.4905928512363352));
#1077=DIRECTION('',(0.7933866046730623,0,-0.6087180755697582));
#1078=DIRECTION('',(-0.8869946582629701,0,-0.46177968362949556));
#1079=FACE_SURFACE('',(#1084),#1080,.T.);
#1080=PLANE('',#1081);
#1081=AXIS2_PLACEMENT_3D('',#46,#1082,#1083);
#1082=DIRECTION('',(-0.1874006655552731,0.9822835591362815,0));
#1083=DIRECTION('',(-0.0513254627883785,-0.009791903566961847,0.9986339747345341));
#1084=FACE_BOUND('',#1085,.T.);
#1085=EDGE_LOOP('',(#1086,#1087,#1088));
#1086=ORIENTED_EDGE('',*,*,#1089,.T.);
#1087=ORIENTED_EDGE('',*,*,#1090,.T.);
#1088=ORIENTED_EDGE('',*,*,#1091,.T.);
#1089=EDGE_CURVE('',#47,#73,#1092,.F.);
#1090=EDGE_CURVE('',#73,#43,#1093,.T.);
#1091=EDGE_CURVE('',#43,#47,#1094,.T.);
#1092=LINE('',#46,#1095);
#1093=LINE('',#72,#1096);
#1094=LINE('',#42,#1097);
#1095=VECTOR('',#1098,1.0);
#1096=VECTOR('',#1099,1.0);
#1097=VECTOR('',#1100,1.0);
#1098=DIRECTION('',(-0.0513254627883785,-0.009791903566961847,0.9986339747345341));
#1099=DIRECTION('',(0.9822835591362816,0.1874006655552731,0));
#1100=DIRECTION('',(0,0,-1));
#1101=FACE_SURFACE('',(#1106),#1102,.T.);
#1102=PLANE('',#1103);
#1103=AXIS2_PLACEMENT_3D('',#48,#1104,#1105);
#1104=DIRECTION('',(0,0,1));
#1105=DIRECTION('',(-0.1782005825936548,0.9839941830942304,0));
#1106=FACE_BOUND('',#1107,.T.);
#1107=EDGE_LOOP('',(#1108,#1109,#1110));
#1108=ORIENTED_EDGE('',*,*,#1111,.T.);
#1109=ORIENTED_EDGE('',*,*,#1112,.T.);
#1110=ORIENTED_EDGE('',*,*,#1113,.T.);
#1111=EDGE_CURVE('',#49,#43,#1114,.F.);
#1112=EDGE_CURVE('',#43,#73,#1115,.T.);
#1113=EDGE_CURVE('',#73,#49,#1116,.T.);
#1114=LINE('',#48,#1117);
#1115=LINE('',#42,#1118);
#1116=LINE('',#72,#1119);
#1117=VECTOR('',#1120,1.0);
#1118=VECTOR('',#1121,1.0);
#1119=VECTOR('',#1122,1.0);
#1120=DIRECTION('',(-0.1782005825936548,0.9839941830942304,0));
#1121=DIRECTION('',(-0.9822835591362816,-0.1874006655552731,0));
#1122=DIRECTION('',(0.3486302380024755,-0.9372603465154904,0));
#1123=FACE_SURFACE('',(#1128),#1124,.T.);
#1124=PLANE('',#1125);
#1125=AXIS2_PLACEMENT_3D('',#48,#1126,#1127);
#1126=DIRECTION('',(0,0,1));
#1127=DIRECTION('',(0.9850304671557042,0.17238033175224823,0));
#1128=FACE_BOUND('',#1129,.T.);
#1129=EDGE_LOOP('',(#1130,#1131,#1132));
#1130=ORIENTED_EDGE('',*,*,#1133,.T.);
#1131=ORIENTED_EDGE('',*,*,#1134,.T.);
#1132=ORIENTED_EDGE('',*,*,#1135,.T.);
#1133=EDGE_CURVE('',#49,#75,#1136,.F.);
#1134=EDGE_CURVE('',#75,#45,#1137,.T.);
#1135=EDGE_CURVE('',#45,#49,#1138,.T.);
#1136=LINE('',#48,#1139);
#1137=LINE('',#74,#1140);
#1138=LINE('',#44,#1141);
#1139=VECTOR('',#1142,1.0);
#1140=VECTOR('',#1143,1.0);
#1141=VECTOR('',#1144,1.0);
#1142=DIRECTION('',(0.9850304671557042,0.17238033175224823,0));
#1143=DIRECTION('',(-1,0,0));
#1144=DIRECTION('',(0,-1,0));
#1145=FACE_SURFACE('',(#1150),#1146,.T.);
#1146=PLANE('',#1147);
#1147=AXIS2_PLACEMENT_3D('',#44,#1148,#1149);
#1148=DIRECTION('',(-0,1,0));
#1149=DIRECTION('',(1,0,0));
#1150=FACE_BOUND('',#1151,.T.);
#1151=EDGE_LOOP('',(#1152,#1153,#1154));
#1152=ORIENTED_EDGE('',*,*,#1155,.T.);
#1153=ORIENTED_EDGE('',*,*,#1156,.T.);
#1154=ORIENTED_EDGE('',*,*,#1157,.T.);
#1155=EDGE_CURVE('',#45,#75,#1158,.F.);
#1156=EDGE_CURVE('',#75,#77,#1159,.T.);
#1157=EDGE_CURVE('',#77,#45,#1160,.T.);
#1158=LINE('',#44,#1161);
#1159=LINE('',#74,#1162);
#1160=LINE('',#76,#1163);
#1161=VECTOR('',#1164,1.0);
#1162=VECTOR('',#1165,1.0);
#1163=VECTOR('',#1166,1.0);
#1164=DIRECTION('',(1,0,0));
#1165=DIRECTION('',(0,0,-1));
#1166=DIRECTION('',(-0.9870527346239429,0,0.16039606937639073));
#1167=FACE_SURFACE('',(#1172),#1168,.T.);
#1168=PLANE('',#1169);
#1169=AXIS2_PLACEMENT_3D('',#44,#1170,#1171);
#1170=DIRECTION('',(0,1,0));
#1171=DIRECTION('',(0.8340569520632565,0,-0.5516783489633706));
#1172=FACE_BOUND('',#1173,.T.);
#1173=EDGE_LOOP('',(#1174,#1175,#1176));
#1174=ORIENTED_EDGE('',*,*,#1177,.T.);
#1175=ORIENTED_EDGE('',*,*,#1178,.T.);
#1176=ORIENTED_EDGE('',*,*,#1179,.T.);
#1177=EDGE_CURVE('',#45,#79,#1180,.F.);
#1178=EDGE_CURVE('',#79,#51,#1181,.T.);
#1179=EDGE_CURVE('',#51,#45,#1182,.T.);
#1180=LINE('',#44,#1183);
#1181=LINE('',#78,#1184);
#1182=LINE('',#50,#1185);
#1183=VECTOR('',#1186,1.0);
#1184=VECTOR('',#1187,1.0);
#1185=VECTOR('',#1188,1.0);
#1186=DIRECTION('',(0.8340569520632565,0,-0.5516783489633706));
#1187=DIRECTION('',(-0.1305558917424773,0,-0.9914409509049575));
#1188=DIRECTION('',(-0.8160244811016552,0,0.5780173407803391));
#1189=FACE_SURFACE('',(#1194),#1190,.T.);
#1190=PLANE('',#1191);
#1191=AXIS2_PLACEMENT_3D('',#44,#1192,#1193);
#1192=DIRECTION('',(0,1,0));
#1193=DIRECTION('',(0.9870527346239429,0,-0.16039606937639073));
#1194=FACE_BOUND('',#1195,.T.);
#1195=EDGE_LOOP('',(#1196,#1197,#1198));
#1196=ORIENTED_EDGE('',*,*,#1199,.T.);
#1197=ORIENTED_EDGE('',*,*,#1200,.T.);
#1198=ORIENTED_EDGE('',*,*,#1201,.T.);
#1199=EDGE_CURVE('',#45,#77,#1202,.F.);
#1200=EDGE_CURVE('',#77,#81,#1203,.T.);
#1201=EDGE_CURVE('',#81,#45,#1204,.T.);
#1202=LINE('',#44,#1205);
#1203=LINE('',#76,#1206);
#1204=LINE('',#80,#1207);
#1205=VECTOR('',#1208,1.0);
#1206=VECTOR('',#1209,1.0);
#1207=VECTOR('',#1210,1.0);
#1208=DIRECTION('',(0.9870527346239429,0,-0.16039606937639073));
#1209=DIRECTION('',(-1,0,0));
#1210=DIRECTION('',(-0.9070089677484316,0,0.42111130645462896));
#1211=FACE_SURFACE('',(#1216),#1212,.T.);
#1212=PLANE('',#1213);
#1213=AXIS2_PLACEMENT_3D('',#44,#1214,#1215);
#1214=DIRECTION('',(0,1,0));
#1215=DIRECTION('',(0.8531918356533722,0,-0.5215972503516763));
#1216=FACE_BOUND('',#1217,.T.);
#1217=EDGE_LOOP('',(#1218,#1219,#1220));
#1218=ORIENTED_EDGE('',*,*,#1221,.T.);
#1219=ORIENTED_EDGE('',*,*,#1222,.T.);
#1220=ORIENTED_EDGE('',*,*,#1223,.T.);
#1221=EDGE_CURVE('',#45,#83,#1224,.F.);
#1222=EDGE_CURVE('',#83,#79,#1225,.T.);
#1223=EDGE_CURVE('',#79,#45,#1226,.T.);
#1224=LINE('',#44,#1227);
#1225=LINE('',#82,#1228);
#1226=LINE('',#78,#1229);
#1227=VECTOR('',#1230,1.0);
#1228=VECTOR('',#1231,1.0);
#1229=VECTOR('',#1232,1.0);
#1230=DIRECTION('',(0.8531918356533722,0,-0.5215972503516763));
#1231=DIRECTION('',(-0.38268940542055224,0,-0.923877058368084));
#1232=DIRECTION('',(-0.8340569520632565,0,0.5516783489633706));
#1233=FACE_SURFACE('',(#1238),#1234,.T.);
#1234=PLANE('',#1235);
#1235=AXIS2_PLACEMENT_3D('',#44,#1236,#1237);
#1236=DIRECTION('',(0,1,0));
#1237=DIRECTION('',(0.9070089677484316,0,-0.42111130645462896));
#1238=FACE_BOUND('',#1239,.T.);
#1239=EDGE_LOOP('',(#1240,#1241,#1242));
#1240=ORIENTED_EDGE('',*,*,#1243,.T.);
#1241=ORIENTED_EDGE('',*,*,#1244,.T.);
#1242=ORIENTED_EDGE('',*,*,#1245,.T.);
#1243=EDGE_CURVE('',#45,#81,#1246,.F.);
#1244=EDGE_CURVE('',#81,#85,#1247,.T.);
#1245=EDGE_CURVE('',#85,#45,#1248,.T.);
#1246=LINE('',#44,#1249);
#1247=LINE('',#80,#1250);
#1248=LINE('',#84,#1251);
#1249=VECTOR('',#1252,1.0);
#1250=VECTOR('',#1253,1.0);
#1251=VECTOR('',#1254,1.0);
#1252=DIRECTION('',(0.9070089677484316,0,-0.42111130645462896));
#1253=DIRECTION('',(-0.9914463562291699,0,-0.13051483716383394));
#1254=DIRECTION('',(-0.8989941880816109,0,0.4379605573513274));
#1255=FACE_SURFACE('',(#1260),#1256,.T.);
#1256=PLANE('',#1257);
#1257=AXIS2_PLACEMENT_3D('',#44,#1258,#1259);
#1258=DIRECTION('',(0,1,0));
#1259=DIRECTION('',(0.8713889451161748,0,-0.4905928111268246));
#1260=FACE_BOUND('',#1261,.T.);
#1261=EDGE_LOOP('',(#1262,#1263,#1264));
#1262=ORIENTED_EDGE('',*,*,#1265,.T.);
#1263=ORIENTED_EDGE('',*,*,#1266,.T.);
#1264=ORIENTED_EDGE('',*,*,#1267,.T.);
#1265=EDGE_CURVE('',#45,#87,#1268,.F.);
#1266=EDGE_CURVE('',#87,#83,#1269,.T.);
#1267=EDGE_CURVE('',#83,#45,#1270,.T.);
#1268=LINE('',#44,#1271);
#1269=LINE('',#86,#1272);
#1270=LINE('',#82,#1273);
#1271=VECTOR('',#1274,1.0);
#1272=VECTOR('',#1275,1.0);
#1273=VECTOR('',#1276,1.0);
#1274=DIRECTION('',(0.8713889451161748,0,-0.4905928111268246));
#1275=DIRECTION('',(-0.6086830875730385,0,-0.7934134476441352));
#1276=DIRECTION('',(-0.8531918356533722,0,0.5215972503516763));
#1277=FACE_SURFACE('',(#1282),#1278,.T.);
#1278=PLANE('',#1279);
#1279=AXIS2_PLACEMENT_3D('',#44,#1280,#1281);
#1280=DIRECTION('',(0,1,0));
#1281=DIRECTION('',(0.8989941880816109,0,-0.4379605573513274));
#1282=FACE_BOUND('',#1283,.T.);
#1283=EDGE_LOOP('',(#1284,#1285,#1286));
#1284=ORIENTED_EDGE('',*,*,#1287,.T.);
#1285=ORIENTED_EDGE('',*,*,#1288,.T.);
#1286=ORIENTED_EDGE('',*,*,#1289,.T.);
#1287=EDGE_CURVE('',#45,#85,#1290,.F.);
#1288=EDGE_CURVE('',#85,#89,#1291,.T.);
#1289=EDGE_CURVE('',#89,#45,#1292,.T.);
#1290=LINE('',#44,#1293);
#1291=LINE('',#84,#1294);
#1292=LINE('',#88,#1295);
#1293=VECTOR('',#1296,1.0);
#1294=VECTOR('',#1297,1.0);
#1295=VECTOR('',#1298,1.0);
#1296=DIRECTION('',(0.8989941880816109,0,-0.4379605573513274));
#1297=DIRECTION('',(-0.9238673904530366,0,-0.3827127445715604));
#1298=DIRECTION('',(-0.8869946582629701,0,0.46177968362949556));
#1299=FACE_SURFACE('',(#1304),#1300,.T.);
#1300=PLANE('',#1301);
#1301=AXIS2_PLACEMENT_3D('',#44,#1302,#1303);
#1302=DIRECTION('',(0,1,0));
#1303=DIRECTION('',(0.8869946582629701,0,-0.46177968362949556));
#1304=FACE_BOUND('',#1305,.T.);
#1305=EDGE_LOOP('',(#1306,#1307,#1308));
#1306=ORIENTED_EDGE('',*,*,#1309,.T.);
#1307=ORIENTED_EDGE('',*,*,#1310,.T.);
#1308=ORIENTED_EDGE('',*,*,#1311,.T.);
#1309=EDGE_CURVE('',#45,#89,#1312,.F.);
#1310=EDGE_CURVE('',#89,#87,#1313,.T.);
#1311=EDGE_CURVE('',#87,#45,#1314,.T.);
#1312=LINE('',#44,#1315);
#1313=LINE('',#88,#1316);
#1314=LINE('',#86,#1317);
#1315=VECTOR('',#1318,1.0);
#1316=VECTOR('',#1319,1.0);
#1317=VECTOR('',#1320,1.0);
#1318=DIRECTION('',(0.8869946582629701,0,-0.46177968362949556));
#1319=DIRECTION('',(-0.7933873103490664,0,-0.6087171558097195));
#1320=DIRECTION('',(-0.8713889451161748,0,0.4905928111268246));
#1321=FACE_SURFACE('',(#1326),#1322,.T.);
#1322=PLANE('',#1323);
#1323=AXIS2_PLACEMENT_3D('',#90,#1324,#1325);
#1324=DIRECTION('',(-0.1874006655552731,0.9822835591362815,0));
#1325=DIRECTION('',(0,0,1));
#1326=FACE_BOUND('',#1327,.T.);
#1327=EDGE_LOOP('',(#1328,#1329,#1330));
#1328=ORIENTED_EDGE('',*,*,#1331,.T.);
#1329=ORIENTED_EDGE('',*,*,#1332,.T.);
#1330=ORIENTED_EDGE('',*,*,#1333,.T.);
#1331=EDGE_CURVE('',#91,#73,#1334,.F.);
#1332=EDGE_CURVE('',#73,#47,#1335,.T.);
#1333=EDGE_CURVE('',#47,#91,#1336,.T.);
#1334=LINE('',#90,#1337);
#1335=LINE('',#72,#1338);
#1336=LINE('',#46,#1339);
#1337=VECTOR('',#1340,1.0);
#1338=VECTOR('',#1341,1.0);
#1339=VECTOR('',#1342,1.0);
#1340=DIRECTION('',(0,0,1));
#1341=DIRECTION('',(0.0513254627883785,0.009791903566961847,-0.9986339747345341));
#1342=DIRECTION('',(-0.9822835591362816,-0.1874006655552731,0));
#1343=FACE_SURFACE('',(#1348),#1344,.T.);
#1344=PLANE('',#1345);
#1345=AXIS2_PLACEMENT_3D('',#52,#1346,#1347);
#1346=DIRECTION('',(0,0,-1));
#1347=DIRECTION('',(-0.3486302380024755,0.9372603465154904,0));
#1348=FACE_BOUND('',#1349,.T.);
#1349=EDGE_LOOP('',(#1350,#1351,#1352));
#1350=ORIENTED_EDGE('',*,*,#1353,.T.);
#1351=ORIENTED_EDGE('',*,*,#1354,.T.);
#1352=ORIENTED_EDGE('',*,*,#1355,.T.);
#1353=EDGE_CURVE('',#53,#91,#1356,.F.);
#1354=EDGE_CURVE('',#91,#47,#1357,.T.);
#1355=EDGE_CURVE('',#47,#53,#1358,.T.);
#1356=LINE('',#52,#1359);
#1357=LINE('',#90,#1360);
#1358=LINE('',#46,#1361);
#1359=VECTOR('',#1362,1.0);
#1360=VECTOR('',#1363,1.0);
#1361=VECTOR('',#1364,1.0);
#1362=DIRECTION('',(-0.3486302380024755,0.9372603465154904,0));
#1363=DIRECTION('',(0.9822835591362816,0.1874006655552731,0));
#1364=DIRECTION('',(0.1782005825936548,-0.9839941830942304,0));
#1365=FACE_SURFACE('',(#1370),#1366,.T.);
#1366=PLANE('',#1367);
#1367=AXIS2_PLACEMENT_3D('',#48,#1368,#1369);
#1368=DIRECTION('',(-0.11194731389378434,-0.9937141434597611,-0));
#1369=DIRECTION('',(0,0,-1));
#1370=FACE_BOUND('',#1371,.T.);
#1371=EDGE_LOOP('',(#1372,#1373,#1374));
#1372=ORIENTED_EDGE('',*,*,#1375,.T.);
#1373=ORIENTED_EDGE('',*,*,#1376,.T.);
#1374=ORIENTED_EDGE('',*,*,#1377,.T.);
#1375=EDGE_CURVE('',#49,#53,#1378,.F.);
#1376=EDGE_CURVE('',#53,#93,#1379,.T.);
#1377=EDGE_CURVE('',#93,#49,#1380,.T.);
#1378=LINE('',#48,#1381);
#1379=LINE('',#52,#1382);
#1380=LINE('',#92,#1383);
#1381=VECTOR('',#1384,1.0);
#1382=VECTOR('',#1385,1.0);
#1383=VECTOR('',#1386,1.0);
#1384=DIRECTION('',(0,0,-1));
#1385=DIRECTION('',(0.9937141434597611,-0.11194731389378434,0));
#1386=DIRECTION('',(-0.0278008000563928,0.003131911637662393,0.9996085767167658));
#1387=FACE_SURFACE('',(#1392),#1388,.T.);
#1388=PLANE('',#1389);
#1389=AXIS2_PLACEMENT_3D('',#48,#1390,#1391);
#1390=DIRECTION('',(-0.11194731389378434,-0.9937141434597611,0));
#1391=DIRECTION('',(0.0278008000563928,-0.003131911637662393,-0.9996085767167658));
#1392=FACE_BOUND('',#1393,.T.);
#1393=EDGE_LOOP('',(#1394,#1395,#1396));
#1394=ORIENTED_EDGE('',*,*,#1397,.T.);
#1395=ORIENTED_EDGE('',*,*,#1398,.T.);
#1396=ORIENTED_EDGE('',*,*,#1399,.T.);
#1397=EDGE_CURVE('',#49,#93,#1400,.F.);
#1398=EDGE_CURVE('',#93,#95,#1401,.T.);
#1399=EDGE_CURVE('',#95,#49,#1402,.T.);
#1400=LINE('',#48,#1403);
#1401=LINE('',#92,#1404);
#1402=LINE('',#94,#1405);
#1403=VECTOR('',#1406,1.0);
#1404=VECTOR('',#1407,1.0);
#1405=VECTOR('',#1408,1.0);
#1406=DIRECTION('',(0.0278008000563928,-0.003131911637662393,-0.9996085767167658));
#1407=DIRECTION('',(0,0,1));
#1408=DIRECTION('',(-0.9937141434597611,0.11194731389378434,0));
#1409=FACE_SURFACE('',(#1414),#1410,.T.);
#1410=PLANE('',#1411);
#1411=AXIS2_PLACEMENT_3D('',#96,#1412,#1413);
#1412=DIRECTION('',(0.11193114293538518,-0.993715965073108,0));
#1413=DIRECTION('',(0.027804864329770612,0.0031319112834879126,-0.999608463675311));
#1414=FACE_BOUND('',#1415,.T.);
#1415=EDGE_LOOP('',(#1416,#1417,#1418));
#1416=ORIENTED_EDGE('',*,*,#1419,.T.);
#1417=ORIENTED_EDGE('',*,*,#1420,.T.);
#1418=ORIENTED_EDGE('',*,*,#1421,.T.);
#1419=EDGE_CURVE('',#97,#53,#1422,.F.);
#1420=EDGE_CURVE('',#53,#49,#1423,.T.);
#1421=EDGE_CURVE('',#49,#97,#1424,.T.);
#1422=LINE('',#96,#1425);
#1423=LINE('',#52,#1426);
#1424=LINE('',#48,#1427);
#1425=VECTOR('',#1428,1.0);
#1426=VECTOR('',#1429,1.0);
#1427=VECTOR('',#1430,1.0);
#1428=DIRECTION('',(0.027804864329770612,0.0031319112834879126,-0.999608463675311));
#1429=DIRECTION('',(0,0,1));
#1430=DIRECTION('',(-0.993715965073108,-0.1119311429353852,0));
#1431=FACE_SURFACE('',(#1436),#1432,.T.);
#1432=PLANE('',#1433);
#1433=AXIS2_PLACEMENT_3D('',#48,#1434,#1435);
#1434=DIRECTION('',(0,0,1));
#1435=DIRECTION('',(0.9937141434597611,-0.11194731389378434,0));
#1436=FACE_BOUND('',#1437,.T.);
#1437=EDGE_LOOP('',(#1438,#1439,#1440));
#1438=ORIENTED_EDGE('',*,*,#1441,.T.);
#1439=ORIENTED_EDGE('',*,*,#1442,.T.);
#1440=ORIENTED_EDGE('',*,*,#1443,.T.);
#1441=EDGE_CURVE('',#49,#95,#1444,.F.);
#1442=EDGE_CURVE('',#95,#99,#1445,.T.);
#1443=EDGE_CURVE('',#99,#49,#1446,.T.);
#1444=LINE('',#48,#1447);
#1445=LINE('',#94,#1448);
#1446=LINE('',#98,#1449);
#1447=VECTOR('',#1450,1.0);
#1448=VECTOR('',#1451,1.0);
#1449=VECTOR('',#1452,1.0);
#1450=DIRECTION('',(0.9937141434597611,-0.11194731389378434,0));
#1451=DIRECTION('',(1,0,0));
#1452=DIRECTION('',(-0.9999981725353977,0.0019117860405901625,0));
#1453=FACE_SURFACE('',(#1458),#1454,.T.);
#1454=PLANE('',#1455);
#1455=AXIS2_PLACEMENT_3D('',#48,#1456,#1457);
#1456=DIRECTION('',(0,0,1));
#1457=DIRECTION('',(-0.9999550423479594,0.009482261486100346,0));
#1458=FACE_BOUND('',#1459,.T.);
#1459=EDGE_LOOP('',(#1460,#1461,#1462));
#1460=ORIENTED_EDGE('',*,*,#1463,.T.);
#1461=ORIENTED_EDGE('',*,*,#1464,.T.);
#1462=ORIENTED_EDGE('',*,*,#1465,.T.);
#1463=EDGE_CURVE('',#49,#101,#1466,.F.);
#1464=EDGE_CURVE('',#101,#97,#1467,.T.);
#1465=EDGE_CURVE('',#97,#49,#1468,.T.);
#1466=LINE('',#48,#1469);
#1467=LINE('',#100,#1470);
#1468=LINE('',#96,#1471);
#1469=VECTOR('',#1472,1.0);
#1470=VECTOR('',#1473,1.0);
#1471=VECTOR('',#1474,1.0);
#1472=DIRECTION('',(-0.9999550423479594,0.009482261486100346,0));
#1473=DIRECTION('',(0.9998251641837268,-0.018698691531331624,0));
#1474=DIRECTION('',(0.993715965073108,0.1119311429353852,0));
#1475=FACE_SURFACE('',(#1480),#1476,.T.);
#1476=PLANE('',#1477);
#1477=AXIS2_PLACEMENT_3D('',#48,#1478,#1479);
#1478=DIRECTION('',(-0,0,1));
#1479=DIRECTION('',(0.9999981725353977,-0.0019117860405901625,0));
#1480=FACE_BOUND('',#1481,.T.);
#1481=EDGE_LOOP('',(#1482,#1483,#1484));
#1482=ORIENTED_EDGE('',*,*,#1485,.T.);
#1483=ORIENTED_EDGE('',*,*,#1486,.T.);
#1484=ORIENTED_EDGE('',*,*,#1487,.T.);
#1485=EDGE_CURVE('',#49,#99,#1488,.F.);
#1486=EDGE_CURVE('',#99,#103,#1489,.T.);
#1487=EDGE_CURVE('',#103,#49,#1490,.T.);
#1488=LINE('',#48,#1491);
#1489=LINE('',#98,#1492);
#1490=LINE('',#102,#1493);
#1491=VECTOR('',#1494,1.0);
#1492=VECTOR('',#1495,1.0);
#1493=VECTOR('',#1496,1.0);
#1494=DIRECTION('',(0.9999981725353977,-0.0019117860405901625,0));
#1495=DIRECTION('',(0.993715965073108,0.1119311429353852,0));
#1496=DIRECTION('',(-1,0,0));
#1497=FACE_SURFACE('',(#1502),#1498,.T.);
#1498=PLANE('',#1499);
#1499=AXIS2_PLACEMENT_3D('',#48,#1500,#1501);
#1500=DIRECTION('',(0,0,1));
#1501=DIRECTION('',(-0.9904758792336414,0.13768635610090443,0));
#1502=FACE_BOUND('',#1503,.T.);
#1503=EDGE_LOOP('',(#1504,#1505,#1506));
#1504=ORIENTED_EDGE('',*,*,#1507,.T.);
#1505=ORIENTED_EDGE('',*,*,#1508,.T.);
#1506=ORIENTED_EDGE('',*,*,#1509,.T.);
#1507=EDGE_CURVE('',#49,#105,#1510,.F.);
#1508=EDGE_CURVE('',#105,#101,#1511,.T.);
#1509=EDGE_CURVE('',#101,#49,#1512,.T.);
#1510=LINE('',#48,#1513);
#1511=LINE('',#104,#1514);
#1512=LINE('',#100,#1515);
#1513=VECTOR('',#1516,1.0);
#1514=VECTOR('',#1517,1.0);
#1515=VECTOR('',#1518,1.0);
#1516=DIRECTION('',(-0.9904758792336414,0.13768635610090443,0));
#1517=DIRECTION('',(-0.36806315779452614,-0.9298007915001588,0));
#1518=DIRECTION('',(0.9999550423479594,-0.009482261486100346,0));
#1519=FACE_SURFACE('',(#1524),#1520,.T.);
#1520=PLANE('',#1521);
#1521=AXIS2_PLACEMENT_3D('',#48,#1522,#1523);
#1522=DIRECTION('',(0,0,1));
#1523=DIRECTION('',(1,0,0));
#1524=FACE_BOUND('',#1525,.T.);
#1525=EDGE_LOOP('',(#1526,#1527,#1528));
#1526=ORIENTED_EDGE('',*,*,#1529,.T.);
#1527=ORIENTED_EDGE('',*,*,#1530,.T.);
#1528=ORIENTED_EDGE('',*,*,#1531,.T.);
#1529=EDGE_CURVE('',#49,#103,#1532,.F.);
#1530=EDGE_CURVE('',#103,#75,#1533,.T.);
#1531=EDGE_CURVE('',#75,#49,#1534,.T.);
#1532=LINE('',#48,#1535);
#1533=LINE('',#102,#1536);
#1534=LINE('',#74,#1537);
#1535=VECTOR('',#1538,1.0);
#1536=VECTOR('',#1539,1.0);
#1537=VECTOR('',#1540,1.0);
#1538=DIRECTION('',(1,0,0));
#1539=DIRECTION('',(0,1,0));
#1540=DIRECTION('',(-0.9850304671557042,-0.17238033175224823,0));
#1541=FACE_SURFACE('',(#1546),#1542,.T.);
#1542=PLANE('',#1543);
#1543=AXIS2_PLACEMENT_3D('',#48,#1544,#1545);
#1544=DIRECTION('',(0,0,1));
#1545=DIRECTION('',(-0.963137505690597,0.2690095632725631,0));
#1546=FACE_BOUND('',#1547,.T.);
#1547=EDGE_LOOP('',(#1548,#1549,#1550));
#1548=ORIENTED_EDGE('',*,*,#1551,.T.);
#1549=ORIENTED_EDGE('',*,*,#1552,.T.);
#1550=ORIENTED_EDGE('',*,*,#1553,.T.);
#1551=EDGE_CURVE('',#49,#107,#1554,.F.);
#1552=EDGE_CURVE('',#107,#105,#1555,.T.);
#1553=EDGE_CURVE('',#105,#49,#1556,.T.);
#1554=LINE('',#48,#1557);
#1555=LINE('',#106,#1558);
#1556=LINE('',#104,#1559);
#1557=VECTOR('',#1560,1.0);
#1558=VECTOR('',#1561,1.0);
#1559=VECTOR('',#1562,1.0);
#1560=DIRECTION('',(-0.963137505690597,0.2690095632725631,0));
#1561=DIRECTION('',(-0.4817508234249503,-0.876308247210639,0));
#1562=DIRECTION('',(0.9904758792336414,-0.13768635610090443,0));
#1563=FACE_SURFACE('',(#1568),#1564,.T.);
#1564=PLANE('',#1565);
#1565=AXIS2_PLACEMENT_3D('',#48,#1566,#1567);
#1566=DIRECTION('',(0,0,1));
#1567=DIRECTION('',(-0.9160163251702758,0.4011409877107345,0));
#1568=FACE_BOUND('',#1569,.T.);
#1569=EDGE_LOOP('',(#1570,#1571,#1572));
#1570=ORIENTED_EDGE('',*,*,#1573,.T.);
#1571=ORIENTED_EDGE('',*,*,#1574,.T.);
#1572=ORIENTED_EDGE('',*,*,#1575,.T.);
#1573=EDGE_CURVE('',#49,#109,#1576,.F.);
#1574=EDGE_CURVE('',#109,#107,#1577,.T.);
#1575=EDGE_CURVE('',#107,#49,#1578,.T.);
#1576=LINE('',#48,#1579);
#1577=LINE('',#108,#1580);
#1578=LINE('',#106,#1581);
#1579=VECTOR('',#1582,1.0);
#1580=VECTOR('',#1583,1.0);
#1581=VECTOR('',#1584,1.0);
#1582=DIRECTION('',(-0.9160163251702758,0.4011409877107345,0));
#1583=DIRECTION('',(-0.5878063643334237,-0.8090016551584566,0));
#1584=DIRECTION('',(0.963137505690597,-0.2690095632725631,0));
#1585=FACE_SURFACE('',(#1590),#1586,.T.);
#1586=PLANE('',#1587);
#1587=AXIS2_PLACEMENT_3D('',#48,#1588,#1589);
#1588=DIRECTION('',(0,0,1));
#1589=DIRECTION('',(-0.8473715610664398,0.5310004119544776,0));
#1590=FACE_BOUND('',#1591,.T.);
#1591=EDGE_LOOP('',(#1592,#1593,#1594));
#1592=ORIENTED_EDGE('',*,*,#1595,.T.);
#1593=ORIENTED_EDGE('',*,*,#1596,.T.);
#1594=ORIENTED_EDGE('',*,*,#1597,.T.);
#1595=EDGE_CURVE('',#49,#111,#1598,.F.);
#1596=EDGE_CURVE('',#111,#109,#1599,.T.);
#1597=EDGE_CURVE('',#109,#49,#1600,.T.);
#1598=LINE('',#48,#1601);
#1599=LINE('',#110,#1602);
#1600=LINE('',#108,#1603);
#1601=VECTOR('',#1604,1.0);
#1602=VECTOR('',#1605,1.0);
#1603=VECTOR('',#1606,1.0);
#1604=DIRECTION('',(-0.8473715610664398,0.5310004119544776,0));
#1605=DIRECTION('',(-0.6845468292656447,-0.7289688872252039,0));
#1606=DIRECTION('',(0.9160163251702758,-0.4011409877107345,0));
#1607=FACE_SURFACE('',(#1612),#1608,.T.);
#1608=PLANE('',#1609);
#1609=AXIS2_PLACEMENT_3D('',#48,#1610,#1611);
#1610=DIRECTION('',(0,0,1));
#1611=DIRECTION('',(-0.755944913097291,0.6546352330590903,0));
#1612=FACE_BOUND('',#1613,.T.);
#1613=EDGE_LOOP('',(#1614,#1615,#1616));
#1614=ORIENTED_EDGE('',*,*,#1617,.T.);
#1615=ORIENTED_EDGE('',*,*,#1618,.T.);
#1616=ORIENTED_EDGE('',*,*,#1619,.T.);
#1617=EDGE_CURVE('',#49,#113,#1620,.F.);
#1618=EDGE_CURVE('',#113,#111,#1621,.T.);
#1619=EDGE_CURVE('',#111,#49,#1622,.T.);
#1620=LINE('',#48,#1623);
#1621=LINE('',#112,#1624);
#1622=LINE('',#110,#1625);
#1623=VECTOR('',#1626,1.0);
#1624=VECTOR('',#1627,1.0);
#1625=VECTOR('',#1628,1.0);
#1626=DIRECTION('',(-0.755944913097291,0.6546352330590903,0));
#1627=DIRECTION('',(-0.7704983637689478,-0.6374419749509552,0));
#1628=DIRECTION('',(0.8473715610664398,-0.5310004119544776,0));
#1629=FACE_SURFACE('',(#1634),#1630,.T.);
#1630=PLANE('',#1631);
#1631=AXIS2_PLACEMENT_3D('',#48,#1632,#1633);
#1632=DIRECTION('',(0,0,1));
#1633=DIRECTION('',(-0.3486302380024755,0.9372603465154904,0));
#1634=FACE_BOUND('',#1635,.T.);
#1635=EDGE_LOOP('',(#1636,#1637,#1638));
#1636=ORIENTED_EDGE('',*,*,#1639,.T.);
#1637=ORIENTED_EDGE('',*,*,#1640,.T.);
#1638=ORIENTED_EDGE('',*,*,#1641,.T.);
#1639=EDGE_CURVE('',#49,#73,#1642,.F.);
#1640=EDGE_CURVE('',#73,#115,#1643,.T.);
#1641=EDGE_CURVE('',#115,#49,#1644,.T.);
#1642=LINE('',#48,#1645);
#1643=LINE('',#72,#1646);
#1644=LINE('',#114,#1647);
#1645=VECTOR('',#1648,1.0);
#1646=VECTOR('',#1649,1.0);
#1647=VECTOR('',#1650,1.0);
#1648=DIRECTION('',(-0.3486302380024755,0.9372603465154904,0));
#1649=DIRECTION('',(-0.9510512113493804,-0.30903332084239066,0));
#1650=DIRECTION('',(0.504644090795008,-0.8633274822601674,0));
#1651=FACE_SURFACE('',(#1656),#1652,.T.);
#1652=PLANE('',#1653);
#1653=AXIS2_PLACEMENT_3D('',#48,#1654,#1655);
#1654=DIRECTION('',(0,0,1));
#1655=DIRECTION('',(-0.6413626823261164,0.7672378442956587,0));
#1656=FACE_BOUND('',#1657,.T.);
#1657=EDGE_LOOP('',(#1658,#1659,#1660));
#1658=ORIENTED_EDGE('',*,*,#1661,.T.);
#1659=ORIENTED_EDGE('',*,*,#1662,.T.);
#1660=ORIENTED_EDGE('',*,*,#1663,.T.);
#1661=EDGE_CURVE('',#49,#117,#1664,.F.);
#1662=EDGE_CURVE('',#117,#113,#1665,.T.);
#1663=EDGE_CURVE('',#113,#49,#1666,.T.);
#1664=LINE('',#48,#1667);
#1665=LINE('',#116,#1668);
#1666=LINE('',#112,#1669);
#1667=VECTOR('',#1670,1.0);
#1668=VECTOR('',#1671,1.0);
#1669=VECTOR('',#1672,1.0);
#1670=DIRECTION('',(-0.6413626823261164,0.7672378442956587,0));
#1671=DIRECTION('',(-0.8443348324908536,-0.5358159111510615,0));
#1672=DIRECTION('',(0.755944913097291,-0.6546352330590903,0));
#1673=FACE_SURFACE('',(#1678),#1674,.T.);
#1674=PLANE('',#1675);
#1675=AXIS2_PLACEMENT_3D('',#48,#1676,#1677);
#1676=DIRECTION('',(0,0,1));
#1677=DIRECTION('',(-0.504644090795008,0.8633274822601674,0));
#1678=FACE_BOUND('',#1679,.T.);
#1679=EDGE_LOOP('',(#1680,#1681,#1682));
#1680=ORIENTED_EDGE('',*,*,#1683,.T.);
#1681=ORIENTED_EDGE('',*,*,#1684,.T.);
#1682=ORIENTED_EDGE('',*,*,#1685,.T.);
#1683=EDGE_CURVE('',#49,#115,#1686,.F.);
#1684=EDGE_CURVE('',#115,#117,#1687,.T.);
#1685=EDGE_CURVE('',#117,#49,#1688,.T.);
#1686=LINE('',#48,#1689);
#1687=LINE('',#114,#1690);
#1688=LINE('',#116,#1691);
#1689=VECTOR('',#1692,1.0);
#1690=VECTOR('',#1693,1.0);
#1691=VECTOR('',#1694,1.0);
#1692=DIRECTION('',(-0.504644090795008,0.8633274822601674,0));
#1693=DIRECTION('',(-0.9048416110176843,-0.425748351694897,0));
#1694=DIRECTION('',(0.6413626823261164,-0.7672378442956587,0));
#1695=FACE_SURFACE('',(#1700),#1696,.T.);
#1696=PLANE('',#1697);
#1697=AXIS2_PLACEMENT_3D('',#50,#1698,#1699);
#1698=DIRECTION('',(1,0,0));
#1699=DIRECTION('',(0,-1,0));
#1700=FACE_BOUND('',#1701,.T.);
#1701=EDGE_LOOP('',(#1702,#1703,#1704));
#1702=ORIENTED_EDGE('',*,*,#1705,.T.);
#1703=ORIENTED_EDGE('',*,*,#1706,.T.);
#1704=ORIENTED_EDGE('',*,*,#1707,.T.);
#1705=EDGE_CURVE('',#51,#119,#1708,.F.);
#1706=EDGE_CURVE('',#119,#57,#1709,.T.);
#1707=EDGE_CURVE('',#57,#51,#1710,.T.);
#1708=LINE('',#50,#1711);
#1709=LINE('',#118,#1712);
#1710=LINE('',#56,#1713);
#1711=VECTOR('',#1714,1.0);
#1712=VECTOR('',#1715,1.0);
#1713=VECTOR('',#1716,1.0);
#1714=DIRECTION('',(0,-1,0));
#1715=DIRECTION('',(0,0.9438583563660174,-0.3303504247281061));
#1716=DIRECTION('',(0,0,1));
#1717=FACE_SURFACE('',(#1722),#1718,.T.);
#1718=PLANE('',#1719);
#1719=AXIS2_PLACEMENT_3D('',#78,#1720,#1721);
#1720=DIRECTION('',(0.9914409509049575,0,-0.1305558917424773));
#1721=DIRECTION('',(-0.0034070423940656723,-0.9996594302358879,-0.025873067127517118));
#1722=FACE_BOUND('',#1723,.T.);
#1723=EDGE_LOOP('',(#1724,#1725,#1726));
#1724=ORIENTED_EDGE('',*,*,#1727,.T.);
#1725=ORIENTED_EDGE('',*,*,#1728,.T.);
#1726=ORIENTED_EDGE('',*,*,#1729,.T.);
#1727=EDGE_CURVE('',#79,#119,#1730,.F.);
#1728=EDGE_CURVE('',#119,#51,#1731,.T.);
#1729=EDGE_CURVE('',#51,#79,#1732,.T.);
#1730=LINE('',#78,#1733);
#1731=LINE('',#118,#1734);
#1732=LINE('',#50,#1735);
#1733=VECTOR('',#1736,1.0);
#1734=VECTOR('',#1737,1.0);
#1735=VECTOR('',#1738,1.0);
#1736=DIRECTION('',(-0.0034070423940656723,-0.9996594302358879,-0.025873067127517118));
#1737=DIRECTION('',(0,1,0));
#1738=DIRECTION('',(0.1305558917424773,0,0.9914409509049575));
#1739=FACE_SURFACE('',(#1744),#1740,.T.);
#1740=PLANE('',#1741);
#1741=AXIS2_PLACEMENT_3D('',#52,#1742,#1743);
#1742=DIRECTION('',(0.11193114293538518,-0.993715965073108,0));
#1743=DIRECTION('',(-0.027804864329770612,-0.0031319112834879126,0.999608463675311));
#1744=FACE_BOUND('',#1745,.T.);
#1745=EDGE_LOOP('',(#1746,#1747,#1748));
#1746=ORIENTED_EDGE('',*,*,#1749,.T.);
#1747=ORIENTED_EDGE('',*,*,#1750,.T.);
#1748=ORIENTED_EDGE('',*,*,#1751,.T.);
#1749=EDGE_CURVE('',#53,#97,#1752,.F.);
#1750=EDGE_CURVE('',#97,#121,#1753,.T.);
#1751=EDGE_CURVE('',#121,#53,#1754,.T.);
#1752=LINE('',#52,#1755);
#1753=LINE('',#96,#1756);
#1754=LINE('',#120,#1757);
#1755=VECTOR('',#1758,1.0);
#1756=VECTOR('',#1759,1.0);
#1757=VECTOR('',#1760,1.0);
#1758=DIRECTION('',(-0.027804864329770612,-0.0031319112834879126,0.999608463675311));
#1759=DIRECTION('',(0,0,-1));
#1760=DIRECTION('',(0.993715965073108,0.1119311429353852,0));
#1761=FACE_SURFACE('',(#1766),#1762,.T.);
#1762=PLANE('',#1763);
#1763=AXIS2_PLACEMENT_3D('',#52,#1764,#1765);
#1764=DIRECTION('',(0,0,-1));
#1765=DIRECTION('',(0.9999981725353977,-0.0019117860405901625,0));
#1766=FACE_BOUND('',#1767,.T.);
#1767=EDGE_LOOP('',(#1768,#1769,#1770));
#1768=ORIENTED_EDGE('',*,*,#1771,.T.);
#1769=ORIENTED_EDGE('',*,*,#1772,.T.);
#1770=ORIENTED_EDGE('',*,*,#1773,.T.);
#1771=EDGE_CURVE('',#53,#123,#1774,.F.);
#1772=EDGE_CURVE('',#123,#93,#1775,.T.);
#1773=EDGE_CURVE('',#93,#53,#1776,.T.);
#1774=LINE('',#52,#1777);
#1775=LINE('',#122,#1778);
#1776=LINE('',#92,#1779);
#1777=VECTOR('',#1780,1.0);
#1778=VECTOR('',#1781,1.0);
#1779=VECTOR('',#1782,1.0);
#1780=DIRECTION('',(0.9999981725353977,-0.0019117860405901625,0));
#1781=DIRECTION('',(-1,0,0));
#1782=DIRECTION('',(-0.9937141434597611,0.11194731389378434,0));
#1783=FACE_SURFACE('',(#1788),#1784,.T.);
#1784=PLANE('',#1785);
#1785=AXIS2_PLACEMENT_3D('',#52,#1786,#1787);
#1786=DIRECTION('',(-0,0,-1));
#1787=DIRECTION('',(-0.993715965073108,-0.1119311429353852,0));
#1788=FACE_BOUND('',#1789,.T.);
#1789=EDGE_LOOP('',(#1790,#1791,#1792));
#1790=ORIENTED_EDGE('',*,*,#1793,.T.);
#1791=ORIENTED_EDGE('',*,*,#1794,.T.);
#1792=ORIENTED_EDGE('',*,*,#1795,.T.);
#1793=EDGE_CURVE('',#53,#121,#1796,.F.);
#1794=EDGE_CURVE('',#121,#125,#1797,.T.);
#1795=EDGE_CURVE('',#125,#53,#1798,.T.);
#1796=LINE('',#52,#1799);
#1797=LINE('',#120,#1800);
#1798=LINE('',#124,#1801);
#1799=VECTOR('',#1802,1.0);
#1800=VECTOR('',#1803,1.0);
#1801=VECTOR('',#1804,1.0);
#1802=DIRECTION('',(-0.993715965073108,-0.1119311429353852,0));
#1803=DIRECTION('',(-0.9998251641837268,0.018698691531331624,0));
#1804=DIRECTION('',(0.9999550423479594,-0.009482261486100346,0));
#1805=FACE_SURFACE('',(#1810),#1806,.T.);
#1806=PLANE('',#1807);
#1807=AXIS2_PLACEMENT_3D('',#52,#1808,#1809);
#1808=DIRECTION('',(0,0,-1));
#1809=DIRECTION('',(1,0,0));
#1810=FACE_BOUND('',#1811,.T.);
#1811=EDGE_LOOP('',(#1812,#1813,#1814));
#1812=ORIENTED_EDGE('',*,*,#1815,.T.);
#1813=ORIENTED_EDGE('',*,*,#1816,.T.);
#1814=ORIENTED_EDGE('',*,*,#1817,.T.);
#1815=EDGE_CURVE('',#53,#127,#1818,.F.);
#1816=EDGE_CURVE('',#127,#123,#1819,.T.);
#1817=EDGE_CURVE('',#123,#53,#1820,.T.);
#1818=LINE('',#52,#1821);
#1819=LINE('',#126,#1822);
#1820=LINE('',#122,#1823);
#1821=VECTOR('',#1824,1.0);
#1822=VECTOR('',#1825,1.0);
#1823=VECTOR('',#1826,1.0);
#1824=DIRECTION('',(1,0,0));
#1825=DIRECTION('',(-0.993715965073108,-0.1119311429353852,0));
#1826=DIRECTION('',(-0.9999981725353977,0.0019117860405901625,0));
#1827=FACE_SURFACE('',(#1832),#1828,.T.);
#1828=PLANE('',#1829);
#1829=AXIS2_PLACEMENT_3D('',#52,#1830,#1831);
#1830=DIRECTION('',(0,0,-1));
#1831=DIRECTION('',(-0.9999550423479594,0.009482261486100346,0));
#1832=FACE_BOUND('',#1833,.T.);
#1833=EDGE_LOOP('',(#1834,#1835,#1836));
#1834=ORIENTED_EDGE('',*,*,#1837,.T.);
#1835=ORIENTED_EDGE('',*,*,#1838,.T.);
#1836=ORIENTED_EDGE('',*,*,#1839,.T.);
#1837=EDGE_CURVE('',#53,#125,#1840,.F.);
#1838=EDGE_CURVE('',#125,#129,#1841,.T.);
#1839=EDGE_CURVE('',#129,#53,#1842,.T.);
#1840=LINE('',#52,#1843);
#1841=LINE('',#124,#1844);
#1842=LINE('',#128,#1845);
#1843=VECTOR('',#1846,1.0);
#1844=VECTOR('',#1847,1.0);
#1845=VECTOR('',#1848,1.0);
#1846=DIRECTION('',(-0.9999550423479594,0.009482261486100346,0));
#1847=DIRECTION('',(0.36806315779452614,0.9298007915001588,0));
#1848=DIRECTION('',(0.9904758792336414,-0.13768635610090443,0));
#1849=FACE_SURFACE('',(#1854),#1850,.T.);
#1850=PLANE('',#1851);
#1851=AXIS2_PLACEMENT_3D('',#52,#1852,#1853);
#1852=DIRECTION('',(0,0,-1));
#1853=DIRECTION('',(0.9850304671557042,0.17238033175224823,0));
#1854=FACE_BOUND('',#1855,.T.);
#1855=EDGE_LOOP('',(#1856,#1857,#1858));
#1856=ORIENTED_EDGE('',*,*,#1859,.T.);
#1857=ORIENTED_EDGE('',*,*,#1860,.T.);
#1858=ORIENTED_EDGE('',*,*,#1861,.T.);
#1859=EDGE_CURVE('',#53,#55,#1862,.F.);
#1860=EDGE_CURVE('',#55,#127,#1863,.T.);
#1861=EDGE_CURVE('',#127,#53,#1864,.T.);
#1862=LINE('',#52,#1865);
#1863=LINE('',#54,#1866);
#1864=LINE('',#126,#1867);
#1865=VECTOR('',#1868,1.0);
#1866=VECTOR('',#1869,1.0);
#1867=VECTOR('',#1870,1.0);
#1868=DIRECTION('',(0.9850304671557042,0.17238033175224823,0));
#1869=DIRECTION('',(0,-1,0));
#1870=DIRECTION('',(-1,0,0));
#1871=FACE_SURFACE('',(#1876),#1872,.T.);
#1872=PLANE('',#1873);
#1873=AXIS2_PLACEMENT_3D('',#52,#1874,#1875);
#1874=DIRECTION('',(0,0,-1));
#1875=DIRECTION('',(-0.9904758792336414,0.13768635610090443,0));
#1876=FACE_BOUND('',#1877,.T.);
#1877=EDGE_LOOP('',(#1878,#1879,#1880));
#1878=ORIENTED_EDGE('',*,*,#1881,.T.);
#1879=ORIENTED_EDGE('',*,*,#1882,.T.);
#1880=ORIENTED_EDGE('',*,*,#1883,.T.);
#1881=EDGE_CURVE('',#53,#129,#1884,.F.);
#1882=EDGE_CURVE('',#129,#131,#1885,.T.);
#1883=EDGE_CURVE('',#131,#53,#1886,.T.);
#1884=LINE('',#52,#1887);
#1885=LINE('',#128,#1888);
#1886=LINE('',#130,#1889);
#1887=VECTOR('',#1890,1.0);
#1888=VECTOR('',#1891,1.0);
#1889=VECTOR('',#1892,1.0);
#1890=DIRECTION('',(-0.9904758792336414,0.13768635610090443,0));
#1891=DIRECTION('',(0.4817508234249503,0.876308247210639,0));
#1892=DIRECTION('',(0.963137505690597,-0.2690095632725631,0));
#1893=FACE_SURFACE('',(#1898),#1894,.T.);
#1894=PLANE('',#1895);
#1895=AXIS2_PLACEMENT_3D('',#52,#1896,#1897);
#1896=DIRECTION('',(0,0,-1));
#1897=DIRECTION('',(-0.963137505690597,0.2690095632725631,0));
#1898=FACE_BOUND('',#1899,.T.);
#1899=EDGE_LOOP('',(#1900,#1901,#1902));
#1900=ORIENTED_EDGE('',*,*,#1903,.T.);
#1901=ORIENTED_EDGE('',*,*,#1904,.T.);
#1902=ORIENTED_EDGE('',*,*,#1905,.T.);
#1903=EDGE_CURVE('',#53,#131,#1906,.F.);
#1904=EDGE_CURVE('',#131,#133,#1907,.T.);
#1905=EDGE_CURVE('',#133,#53,#1908,.T.);
#1906=LINE('',#52,#1909);
#1907=LINE('',#130,#1910);
#1908=LINE('',#132,#1911);
#1909=VECTOR('',#1912,1.0);
#1910=VECTOR('',#1913,1.0);
#1911=VECTOR('',#1914,1.0);
#1912=DIRECTION('',(-0.963137505690597,0.2690095632725631,0));
#1913=DIRECTION('',(0.5878063643334237,0.8090016551584566,0));
#1914=DIRECTION('',(0.9160163251702758,-0.4011409877107345,0));
#1915=FACE_SURFACE('',(#1920),#1916,.T.);
#1916=PLANE('',#1917);
#1917=AXIS2_PLACEMENT_3D('',#52,#1918,#1919);
#1918=DIRECTION('',(0,0,-1));
#1919=DIRECTION('',(-0.9160163251702758,0.4011409877107345,0));
#1920=FACE_BOUND('',#1921,.T.);
#1921=EDGE_LOOP('',(#1922,#1923,#1924));
#1922=ORIENTED_EDGE('',*,*,#1925,.T.);
#1923=ORIENTED_EDGE('',*,*,#1926,.T.);
#1924=ORIENTED_EDGE('',*,*,#1927,.T.);
#1925=EDGE_CURVE('',#53,#133,#1928,.F.);
#1926=EDGE_CURVE('',#133,#135,#1929,.T.);
#1927=EDGE_CURVE('',#135,#53,#1930,.T.);
#1928=LINE('',#52,#1931);
#1929=LINE('',#132,#1932);
#1930=LINE('',#134,#1933);
#1931=VECTOR('',#1934,1.0);
#1932=VECTOR('',#1935,1.0);
#1933=VECTOR('',#1936,1.0);
#1934=DIRECTION('',(-0.9160163251702758,0.4011409877107345,0));
#1935=DIRECTION('',(0.6845468292656447,0.7289688872252039,0));
#1936=DIRECTION('',(0.8473715610664398,-0.5310004119544776,0));
#1937=FACE_SURFACE('',(#1942),#1938,.T.);
#1938=PLANE('',#1939);
#1939=AXIS2_PLACEMENT_3D('',#52,#1940,#1941);
#1940=DIRECTION('',(0,0,-1));
#1941=DIRECTION('',(-0.8473715610664398,0.5310004119544776,0));
#1942=FACE_BOUND('',#1943,.T.);
#1943=EDGE_LOOP('',(#1944,#1945,#1946));
#1944=ORIENTED_EDGE('',*,*,#1947,.T.);
#1945=ORIENTED_EDGE('',*,*,#1948,.T.);
#1946=ORIENTED_EDGE('',*,*,#1949,.T.);
#1947=EDGE_CURVE('',#53,#135,#1950,.F.);
#1948=EDGE_CURVE('',#135,#137,#1951,.T.);
#1949=EDGE_CURVE('',#137,#53,#1952,.T.);
#1950=LINE('',#52,#1953);
#1951=LINE('',#134,#1954);
#1952=LINE('',#136,#1955);
#1953=VECTOR('',#1956,1.0);
#1954=VECTOR('',#1957,1.0);
#1955=VECTOR('',#1958,1.0);
#1956=DIRECTION('',(-0.8473715610664398,0.5310004119544776,0));
#1957=DIRECTION('',(0.7704983637689478,0.6374419749509552,0));
#1958=DIRECTION('',(0.755944913097291,-0.6546352330590903,0));
#1959=FACE_SURFACE('',(#1964),#1960,.T.);
#1960=PLANE('',#1961);
#1961=AXIS2_PLACEMENT_3D('',#52,#1962,#1963);
#1962=DIRECTION('',(0,0,-1));
#1963=DIRECTION('',(-0.504644090795008,0.8633274822601674,0));
#1964=FACE_BOUND('',#1965,.T.);
#1965=EDGE_LOOP('',(#1966,#1967,#1968));
#1966=ORIENTED_EDGE('',*,*,#1969,.T.);
#1967=ORIENTED_EDGE('',*,*,#1970,.T.);
#1968=ORIENTED_EDGE('',*,*,#1971,.T.);
#1969=EDGE_CURVE('',#53,#139,#1972,.F.);
#1970=EDGE_CURVE('',#139,#91,#1973,.T.);
#1971=EDGE_CURVE('',#91,#53,#1974,.T.);
#1972=LINE('',#52,#1975);
#1973=LINE('',#138,#1976);
#1974=LINE('',#90,#1977);
#1975=VECTOR('',#1978,1.0);
#1976=VECTOR('',#1979,1.0);
#1977=VECTOR('',#1980,1.0);
#1978=DIRECTION('',(-0.504644090795008,0.8633274822601674,0));
#1979=DIRECTION('',(0.9510512113493804,0.30903332084239066,0));
#1980=DIRECTION('',(0.3486302380024755,-0.9372603465154904,0));
#1981=FACE_SURFACE('',(#1986),#1982,.T.);
#1982=PLANE('',#1983);
#1983=AXIS2_PLACEMENT_3D('',#52,#1984,#1985);
#1984=DIRECTION('',(0,0,-1));
#1985=DIRECTION('',(-0.755944913097291,0.6546352330590903,0));
#1986=FACE_BOUND('',#1987,.T.);
#1987=EDGE_LOOP('',(#1988,#1989,#1990));
#1988=ORIENTED_EDGE('',*,*,#1991,.T.);
#1989=ORIENTED_EDGE('',*,*,#1992,.T.);
#1990=ORIENTED_EDGE('',*,*,#1993,.T.);
#1991=EDGE_CURVE('',#53,#137,#1994,.F.);
#1992=EDGE_CURVE('',#137,#141,#1995,.T.);
#1993=EDGE_CURVE('',#141,#53,#1996,.T.);
#1994=LINE('',#52,#1997);
#1995=LINE('',#136,#1998);
#1996=LINE('',#140,#1999);
#1997=VECTOR('',#2000,1.0);
#1998=VECTOR('',#2001,1.0);
#1999=VECTOR('',#2002,1.0);
#2000=DIRECTION('',(-0.755944913097291,0.6546352330590903,0));
#2001=DIRECTION('',(0.8443348324908536,0.5358159111510615,0));
#2002=DIRECTION('',(0.6413626823261164,-0.7672378442956587,0));
#2003=FACE_SURFACE('',(#2008),#2004,.T.);
#2004=PLANE('',#2005);
#2005=AXIS2_PLACEMENT_3D('',#52,#2006,#2007);
#2006=DIRECTION('',(0,0,-1));
#2007=DIRECTION('',(-0.6413626823261164,0.7672378442956587,0));
#2008=FACE_BOUND('',#2009,.T.);
#2009=EDGE_LOOP('',(#2010,#2011,#2012));
#2010=ORIENTED_EDGE('',*,*,#2013,.T.);
#2011=ORIENTED_EDGE('',*,*,#2014,.T.);
#2012=ORIENTED_EDGE('',*,*,#2015,.T.);
#2013=EDGE_CURVE('',#53,#141,#2016,.F.);
#2014=EDGE_CURVE('',#141,#139,#2017,.T.);
#2015=EDGE_CURVE('',#139,#53,#2018,.T.);
#2016=LINE('',#52,#2019);
#2017=LINE('',#140,#2020);
#2018=LINE('',#138,#2021);
#2019=VECTOR('',#2022,1.0);
#2020=VECTOR('',#2023,1.0);
#2021=VECTOR('',#2024,1.0);
#2022=DIRECTION('',(-0.6413626823261164,0.7672378442956587,0));
#2023=DIRECTION('',(0.9048416110176843,0.425748351694897,0));
#2024=DIRECTION('',(0.504644090795008,-0.8633274822601674,0));
#2025=FACE_SURFACE('',(#2030),#2026,.T.);
#2026=PLANE('',#2027);
#2027=AXIS2_PLACEMENT_3D('',#126,#2028,#2029);
#2028=DIRECTION('',(0,0,-1));
#2029=DIRECTION('',(0,1,0));
#2030=FACE_BOUND('',#2031,.T.);
#2031=EDGE_LOOP('',(#2032,#2033,#2034));
#2032=ORIENTED_EDGE('',*,*,#2035,.T.);
#2033=ORIENTED_EDGE('',*,*,#2036,.T.);
#2034=ORIENTED_EDGE('',*,*,#2037,.T.);
#2035=EDGE_CURVE('',#127,#55,#2038,.F.);
#2036=EDGE_CURVE('',#55,#143,#2039,.T.);
#2037=EDGE_CURVE('',#143,#127,#2040,.T.);
#2038=LINE('',#126,#2041);
#2039=LINE('',#54,#2042);
#2040=LINE('',#142,#2043);
#2041=VECTOR('',#2044,1.0);
#2042=VECTOR('',#2045,1.0);
#2043=VECTOR('',#2046,1.0);
#2044=DIRECTION('',(0,1,0));
#2045=DIRECTION('',(0.9980276875558963,-0.0627752727738427,0));
#2046=DIRECTION('',(-0.17818713947845058,-0.983996617537117,0));
#2047=FACE_SURFACE('',(#2052),#2048,.T.);
#2048=PLANE('',#2049);
#2049=AXIS2_PLACEMENT_3D('',#54,#2050,#2051);
#2050=DIRECTION('',(0.0627752727738427,0.9980276875558962,-0));
#2051=DIRECTION('',(0,0,1));
#2052=FACE_BOUND('',#2053,.T.);
#2053=EDGE_LOOP('',(#2054,#2055,#2056));
#2054=ORIENTED_EDGE('',*,*,#2057,.T.);
#2055=ORIENTED_EDGE('',*,*,#2058,.T.);
#2056=ORIENTED_EDGE('',*,*,#2059,.T.);
#2057=EDGE_CURVE('',#55,#59,#2060,.F.);
#2058=EDGE_CURVE('',#59,#143,#2061,.T.);
#2059=EDGE_CURVE('',#143,#55,#2062,.T.);
#2060=LINE('',#54,#2063);
#2061=LINE('',#58,#2064);
#2062=LINE('',#142,#2065);
#2063=VECTOR('',#2066,1.0);
#2064=VECTOR('',#2067,1.0);
#2065=VECTOR('',#2068,1.0);
#2066=DIRECTION('',(0,0,1));
#2067=DIRECTION('',(0.18931763711380215,-0.011907952513644755,-0.9818436906883802));
#2068=DIRECTION('',(-0.9980276875558963,0.0627752727738427,0));
#2069=FACE_SURFACE('',(#2074),#2070,.T.);
#2070=PLANE('',#2071);
#2071=AXIS2_PLACEMENT_3D('',#144,#2072,#2073);
#2072=DIRECTION('',(0.9914409758120534,-0,0.13055570259794644));
#2073=DIRECTION('',(0,1,0));
#2074=FACE_BOUND('',#2075,.T.);
#2075=EDGE_LOOP('',(#2076,#2077,#2078));
#2076=ORIENTED_EDGE('',*,*,#2079,.T.);
#2077=ORIENTED_EDGE('',*,*,#2080,.T.);
#2078=ORIENTED_EDGE('',*,*,#2081,.T.);
#2079=EDGE_CURVE('',#145,#61,#2082,.F.);
#2080=EDGE_CURVE('',#61,#57,#2083,.T.);
#2081=EDGE_CURVE('',#57,#145,#2084,.T.);
#2082=LINE('',#144,#2085);
#2083=LINE('',#60,#2086);
#2084=LINE('',#56,#2087);
#2085=VECTOR('',#2088,1.0);
#2086=VECTOR('',#2089,1.0);
#2087=VECTOR('',#2090,1.0);
#2088=DIRECTION('',(0,1,0));
#2089=DIRECTION('',(-0.1305557025979464,0,0.9914409758120534));
#2090=DIRECTION('',(0.0034070423907041356,-0.9996594292495802,-0.02587310523597053));
#2091=FACE_SURFACE('',(#2096),#2092,.T.);
#2092=PLANE('',#2093);
#2093=AXIS2_PLACEMENT_3D('',#144,#2094,#2095);
#2094=DIRECTION('',(0.9914409758120534,0,0.13055570259794644));
#2095=DIRECTION('',(-0.0034070423907041356,0.9996594292495802,0.02587310523597053));
#2096=FACE_BOUND('',#2097,.T.);
#2097=EDGE_LOOP('',(#2098,#2099,#2100));
#2098=ORIENTED_EDGE('',*,*,#2101,.T.);
#2099=ORIENTED_EDGE('',*,*,#2102,.T.);
#2100=ORIENTED_EDGE('',*,*,#2103,.T.);
#2101=EDGE_CURVE('',#145,#57,#2104,.F.);
#2102=EDGE_CURVE('',#57,#147,#2105,.T.);
#2103=EDGE_CURVE('',#147,#145,#2106,.T.);
#2104=LINE('',#144,#2107);
#2105=LINE('',#56,#2108);
#2106=LINE('',#146,#2109);
#2107=VECTOR('',#2110,1.0);
#2108=VECTOR('',#2111,1.0);
#2109=VECTOR('',#2112,1.0);
#2110=DIRECTION('',(-0.0034070423907041356,0.9996594292495802,0.02587310523597053));
#2111=DIRECTION('',(0,-1,0));
#2112=DIRECTION('',(0.1305557025979464,0,-0.9914409758120534));
#2113=FACE_SURFACE('',(#2118),#2114,.T.);
#2114=PLANE('',#2115);
#2115=AXIS2_PLACEMENT_3D('',#56,#2116,#2117);
#2116=DIRECTION('',(1,0,0));
#2117=DIRECTION('',(0,-0.9438583563660174,0.3303504247281061));
#2118=FACE_BOUND('',#2119,.T.);
#2119=EDGE_LOOP('',(#2120,#2121,#2122));
#2120=ORIENTED_EDGE('',*,*,#2123,.T.);
#2121=ORIENTED_EDGE('',*,*,#2124,.T.);
#2122=ORIENTED_EDGE('',*,*,#2125,.T.);
#2123=EDGE_CURVE('',#57,#119,#2126,.F.);
#2124=EDGE_CURVE('',#119,#147,#2127,.T.);
#2125=EDGE_CURVE('',#147,#57,#2128,.T.);
#2126=LINE('',#56,#2129);
#2127=LINE('',#118,#2130);
#2128=LINE('',#146,#2131);
#2129=VECTOR('',#2132,1.0);
#2130=VECTOR('',#2133,1.0);
#2131=VECTOR('',#2134,1.0);
#2132=DIRECTION('',(0,-0.9438583563660174,0.3303504247281061));
#2133=DIRECTION('',(0,0,-1));
#2134=DIRECTION('',(0,1,0));
#2135=FACE_SURFACE('',(#2140),#2136,.T.);
#2136=PLANE('',#2137);
#2137=AXIS2_PLACEMENT_3D('',#142,#2138,#2139);
#2138=DIRECTION('',(0.060374182893335175,0.9981757069920197,-0.00046476977488347793));
#2139=DIRECTION('',(-0.18931763711380215,0.011907952513644755,0.9818436906883802));
#2140=FACE_BOUND('',#2141,.T.);
#2141=EDGE_LOOP('',(#2142,#2143,#2144));
#2142=ORIENTED_EDGE('',*,*,#2145,.T.);
#2143=ORIENTED_EDGE('',*,*,#2146,.T.);
#2144=ORIENTED_EDGE('',*,*,#2147,.T.);
#2145=EDGE_CURVE('',#143,#59,#2148,.F.);
#2146=EDGE_CURVE('',#59,#149,#2149,.T.);
#2147=EDGE_CURVE('',#149,#143,#2150,.T.);
#2148=LINE('',#142,#2151);
#2149=LINE('',#58,#2152);
#2150=LINE('',#148,#2153);
#2151=VECTOR('',#2154,1.0);
#2152=VECTOR('',#2155,1.0);
#2153=VECTOR('',#2156,1.0);
#2154=DIRECTION('',(-0.18931763711380215,0.011907952513644755,0.9818436906883802));
#2155=DIRECTION('',(0.9981758148004753,-0.060374189414078336,0));
#2156=DIRECTION('',(0.007391621911357218,-0.0009126850225913639,-0.9999722650811717));
#2157=FACE_SURFACE('',(#2162),#2158,.T.);
#2158=PLANE('',#2159);
#2159=AXIS2_PLACEMENT_3D('',#58,#2160,#2161);
#2160=DIRECTION('',(0,0,1));
#2161=DIRECTION('',(0.17559638118831833,-0.984462244534328,0));
#2162=FACE_BOUND('',#2163,.T.);
#2163=EDGE_LOOP('',(#2164,#2165,#2166));
#2164=ORIENTED_EDGE('',*,*,#2167,.T.);
#2165=ORIENTED_EDGE('',*,*,#2168,.T.);
#2166=ORIENTED_EDGE('',*,*,#2169,.T.);
#2167=EDGE_CURVE('',#59,#151,#2170,.F.);
#2168=EDGE_CURVE('',#151,#149,#2171,.T.);
#2169=EDGE_CURVE('',#149,#59,#2172,.T.);
#2170=LINE('',#58,#2173);
#2171=LINE('',#150,#2174);
#2172=LINE('',#148,#2175);
#2173=VECTOR('',#2176,1.0);
#2174=VECTOR('',#2177,1.0);
#2175=VECTOR('',#2178,1.0);
#2176=DIRECTION('',(0.17559638118831833,-0.984462244534328,0));
#2177=DIRECTION('',(-0.013327553414804141,0.9999111842158659,0));
#2178=DIRECTION('',(-0.9981758148004753,0.060374189414078336,0));
#2179=FACE_SURFACE('',(#2184),#2180,.T.);
#2180=PLANE('',#2181);
#2181=AXIS2_PLACEMENT_3D('',#58,#2182,#2183);
#2182=DIRECTION('',(0,0,1));
#2183=DIRECTION('',(0.09393749989334832,-0.9955780964413525,0));
#2184=FACE_BOUND('',#2185,.T.);
#2185=EDGE_LOOP('',(#2186,#2187,#2188));
#2186=ORIENTED_EDGE('',*,*,#2189,.T.);
#2187=ORIENTED_EDGE('',*,*,#2190,.T.);
#2188=ORIENTED_EDGE('',*,*,#2191,.T.);
#2189=EDGE_CURVE('',#59,#153,#2192,.F.);
#2190=EDGE_CURVE('',#153,#151,#2193,.T.);
#2191=EDGE_CURVE('',#151,#59,#2194,.T.);
#2192=LINE('',#58,#2195);
#2193=LINE('',#152,#2196);
#2194=LINE('',#150,#2197);
#2195=VECTOR('',#2198,1.0);
#2196=VECTOR('',#2199,1.0);
#2197=VECTOR('',#2200,1.0);
#2198=DIRECTION('',(0.09393749989334832,-0.9955780964413525,0));
#2199=DIRECTION('',(0.9438674226046914,-0.3303245200489616,0));
#2200=DIRECTION('',(-0.17559638118831833,0.984462244534328,0));
#2201=FACE_SURFACE('',(#2206),#2202,.T.);
#2202=PLANE('',#2203);
#2203=AXIS2_PLACEMENT_3D('',#62,#2204,#2205);
#2204=DIRECTION('',(-0,0,1));
#2205=DIRECTION('',(0.9656157585206697,-0.25997347344787264,0));
#2206=FACE_BOUND('',#2207,.T.);
#2207=EDGE_LOOP('',(#2208,#2209,#2210));
#2208=ORIENTED_EDGE('',*,*,#2211,.T.);
#2209=ORIENTED_EDGE('',*,*,#2212,.T.);
#2210=ORIENTED_EDGE('',*,*,#2213,.T.);
#2211=EDGE_CURVE('',#63,#155,#2214,.F.);
#2212=EDGE_CURVE('',#155,#59,#2215,.T.);
#2213=EDGE_CURVE('',#59,#63,#2216,.T.);
#2214=LINE('',#62,#2217);
#2215=LINE('',#154,#2218);
#2216=LINE('',#58,#2219);
#2217=VECTOR('',#2220,1.0);
#2218=VECTOR('',#2221,1.0);
#2219=VECTOR('',#2222,1.0);
#2220=DIRECTION('',(0.9656157585206697,-0.25997347344787264,0));
#2221=DIRECTION('',(0,1,0));
#2222=DIRECTION('',(-1,0,0));
#2223=FACE_SURFACE('',(#2228),#2224,.T.);
#2224=PLANE('',#2225);
#2225=AXIS2_PLACEMENT_3D('',#154,#2226,#2227);
#2226=DIRECTION('',(-0,0,1));
#2227=DIRECTION('',(0.993715965073108,-0.1119311429353852,0));
#2228=FACE_BOUND('',#2229,.T.);
#2229=EDGE_LOOP('',(#2230,#2231,#2232));
#2230=ORIENTED_EDGE('',*,*,#2233,.T.);
#2231=ORIENTED_EDGE('',*,*,#2234,.T.);
#2232=ORIENTED_EDGE('',*,*,#2235,.T.);
#2233=EDGE_CURVE('',#155,#153,#2236,.F.);
#2234=EDGE_CURVE('',#153,#59,#2237,.T.);
#2235=EDGE_CURVE('',#59,#155,#2238,.T.);
#2236=LINE('',#154,#2239);
#2237=LINE('',#152,#2240);
#2238=LINE('',#58,#2241);
#2239=VECTOR('',#2242,1.0);
#2240=VECTOR('',#2243,1.0);
#2241=VECTOR('',#2244,1.0);
#2242=DIRECTION('',(0.993715965073108,-0.1119311429353852,0));
#2243=DIRECTION('',(-0.09393749989334832,0.9955780964413525,0));
#2244=DIRECTION('',(0,-1,0));
#2245=FACE_SURFACE('',(#2250),#2246,.T.);
#2246=PLANE('',#2247);
#2247=AXIS2_PLACEMENT_3D('',#156,#2248,#2249);
#2248=DIRECTION('',(0.9238768443627502,0,0.38268992206527563));
#2249=DIRECTION('',(-0.009986832008610355,0.9996594307739006,0.024109866263272158));
#2250=FACE_BOUND('',#2251,.T.);
#2251=EDGE_LOOP('',(#2252,#2253,#2254));
#2252=ORIENTED_EDGE('',*,*,#2255,.T.);
#2253=ORIENTED_EDGE('',*,*,#2256,.T.);
#2254=ORIENTED_EDGE('',*,*,#2257,.T.);
#2255=EDGE_CURVE('',#157,#61,#2258,.F.);
#2256=EDGE_CURVE('',#61,#145,#2259,.T.);
#2257=EDGE_CURVE('',#145,#157,#2260,.T.);
#2258=LINE('',#156,#2261);
#2259=LINE('',#60,#2262);
#2260=LINE('',#144,#2263);
#2261=VECTOR('',#2264,1.0);
#2262=VECTOR('',#2265,1.0);
#2263=VECTOR('',#2266,1.0);
#2264=DIRECTION('',(-0.009986832008610355,0.9996594307739006,0.024109866263272158));
#2265=DIRECTION('',(0,-1,0));
#2266=DIRECTION('',(0.38268992206527563,0,-0.9238768443627502));
#2267=FACE_SURFACE('',(#2272),#2268,.T.);
#2268=PLANE('',#2269);
#2269=AXIS2_PLACEMENT_3D('',#156,#2270,#2271);
#2270=DIRECTION('',(0.9238768443627502,-0,0.38268992206527563));
#2271=DIRECTION('',(0,1,0));
#2272=FACE_BOUND('',#2273,.T.);
#2273=EDGE_LOOP('',(#2274,#2275,#2276));
#2274=ORIENTED_EDGE('',*,*,#2277,.T.);
#2275=ORIENTED_EDGE('',*,*,#2278,.T.);
#2276=ORIENTED_EDGE('',*,*,#2279,.T.);
#2277=EDGE_CURVE('',#157,#65,#2280,.F.);
#2278=EDGE_CURVE('',#65,#61,#2281,.T.);
#2279=EDGE_CURVE('',#61,#157,#2282,.T.);
#2280=LINE('',#156,#2283);
#2281=LINE('',#64,#2284);
#2282=LINE('',#60,#2285);
#2283=VECTOR('',#2286,1.0);
#2284=VECTOR('',#2287,1.0);
#2285=VECTOR('',#2288,1.0);
#2286=DIRECTION('',(0,1,0));
#2287=DIRECTION('',(-0.38268992206527563,0,0.9238768443627502));
#2288=DIRECTION('',(0.009986832008610355,-0.9996594307739006,-0.024109866263272158));
#2289=FACE_SURFACE('',(#2294),#2290,.T.);
#2290=PLANE('',#2291);
#2291=AXIS2_PLACEMENT_3D('',#62,#2292,#2293);
#2292=DIRECTION('',(0,0,1));
#2293=DIRECTION('',(0,-1,0));
#2294=FACE_BOUND('',#2295,.T.);
#2295=EDGE_LOOP('',(#2296,#2297,#2298));
#2296=ORIENTED_EDGE('',*,*,#2299,.T.);
#2297=ORIENTED_EDGE('',*,*,#2300,.T.);
#2298=ORIENTED_EDGE('',*,*,#2301,.T.);
#2299=EDGE_CURVE('',#63,#159,#2302,.F.);
#2300=EDGE_CURVE('',#159,#161,#2303,.T.);
#2301=EDGE_CURVE('',#161,#63,#2304,.T.);
#2302=LINE('',#62,#2305);
#2303=LINE('',#158,#2306);
#2304=LINE('',#160,#2307);
#2305=VECTOR('',#2308,1.0);
#2306=VECTOR('',#2309,1.0);
#2307=VECTOR('',#2310,1.0);
#2308=DIRECTION('',(0,-1,0));
#2309=DIRECTION('',(0.917070056253235,0.39872611141445,0));
#2310=DIRECTION('',(-0.917070056253235,0.39872611141445,0));
#2311=FACE_SURFACE('',(#2316),#2312,.T.);
#2312=PLANE('',#2313);
#2313=AXIS2_PLACEMENT_3D('',#66,#2314,#2315);
#2314=DIRECTION('',(0.13051627344598962,0,0.9914461671547132));
#2315=DIRECTION('',(0.02587497262063869,-0.9996593836458788,-0.0034062414217148145));
#2316=FACE_BOUND('',#2317,.T.);
#2317=EDGE_LOOP('',(#2318,#2319,#2320));
#2318=ORIENTED_EDGE('',*,*,#2321,.T.);
#2319=ORIENTED_EDGE('',*,*,#2322,.T.);
#2320=ORIENTED_EDGE('',*,*,#2323,.T.);
#2321=EDGE_CURVE('',#67,#159,#2324,.F.);
#2322=EDGE_CURVE('',#159,#63,#2325,.T.);
#2323=EDGE_CURVE('',#63,#67,#2326,.T.);
#2324=LINE('',#66,#2327);
#2325=LINE('',#158,#2328);
#2326=LINE('',#62,#2329);
#2327=VECTOR('',#2330,1.0);
#2328=VECTOR('',#2331,1.0);
#2329=VECTOR('',#2332,1.0);
#2330=DIRECTION('',(0.02587497262063869,-0.9996593836458788,-0.0034062414217148145));
#2331=DIRECTION('',(0,1,0));
#2332=DIRECTION('',(-0.9914461671547132,0,0.13051627344598962));
#2333=FACE_SURFACE('',(#2338),#2334,.T.);
#2334=PLANE('',#2335);
#2335=AXIS2_PLACEMENT_3D('',#62,#2336,#2337);
#2336=DIRECTION('',(0,0,1));
#2337=DIRECTION('',(0.917070056253235,-0.39872611141445,0));
#2338=FACE_BOUND('',#2339,.T.);
#2339=EDGE_LOOP('',(#2340,#2341,#2342));
#2340=ORIENTED_EDGE('',*,*,#2343,.T.);
#2341=ORIENTED_EDGE('',*,*,#2344,.T.);
#2342=ORIENTED_EDGE('',*,*,#2345,.T.);
#2343=EDGE_CURVE('',#63,#161,#2346,.F.);
#2344=EDGE_CURVE('',#161,#163,#2347,.T.);
#2345=EDGE_CURVE('',#163,#63,#2348,.T.);
#2346=LINE('',#62,#2349);
#2347=LINE('',#160,#2350);
#2348=LINE('',#162,#2351);
#2349=VECTOR('',#2352,1.0);
#2350=VECTOR('',#2353,1.0);
#2351=VECTOR('',#2354,1.0);
#2352=DIRECTION('',(0.917070056253235,-0.39872611141445,0));
#2353=DIRECTION('',(0.1119311429353852,0.993715965073108,0));
#2354=DIRECTION('',(-0.9270521017755223,0.37493252805483096,0));
#2355=FACE_SURFACE('',(#2360),#2356,.T.);
#2356=PLANE('',#2357);
#2357=AXIS2_PLACEMENT_3D('',#62,#2358,#2359);
#2358=DIRECTION('',(0,0,1));
#2359=DIRECTION('',(0.9270521017755223,-0.37493252805483096,0));
#2360=FACE_BOUND('',#2361,.T.);
#2361=EDGE_LOOP('',(#2362,#2363,#2364));
#2362=ORIENTED_EDGE('',*,*,#2365,.T.);
#2363=ORIENTED_EDGE('',*,*,#2366,.T.);
#2364=ORIENTED_EDGE('',*,*,#2367,.T.);
#2365=EDGE_CURVE('',#63,#163,#2368,.F.);
#2366=EDGE_CURVE('',#163,#165,#2369,.T.);
#2367=EDGE_CURVE('',#165,#63,#2370,.T.);
#2368=LINE('',#62,#2371);
#2369=LINE('',#162,#2372);
#2370=LINE('',#164,#2373);
#2371=VECTOR('',#2374,1.0);
#2372=VECTOR('',#2375,1.0);
#2373=VECTOR('',#2376,1.0);
#2374=DIRECTION('',(0.9270521017755223,-0.37493252805483096,0));
#2375=DIRECTION('',(0.3302791960364958,0.9438832833912708,0));
#2376=DIRECTION('',(-0.936831409175499,0.3497812327473398,0));
#2377=FACE_SURFACE('',(#2382),#2378,.T.);
#2378=PLANE('',#2379);
#2379=AXIS2_PLACEMENT_3D('',#62,#2380,#2381);
#2380=DIRECTION('',(0,0,1));
#2381=DIRECTION('',(0.936831409175499,-0.3497812327473398,0));
#2382=FACE_BOUND('',#2383,.T.);
#2383=EDGE_LOOP('',(#2384,#2385,#2386));
#2384=ORIENTED_EDGE('',*,*,#2387,.T.);
#2385=ORIENTED_EDGE('',*,*,#2388,.T.);
#2386=ORIENTED_EDGE('',*,*,#2389,.T.);
#2387=EDGE_CURVE('',#63,#165,#2390,.F.);
#2388=EDGE_CURVE('',#165,#167,#2391,.T.);
#2389=EDGE_CURVE('',#167,#63,#2392,.T.);
#2390=LINE('',#62,#2393);
#2391=LINE('',#164,#2394);
#2392=LINE('',#166,#2395);
#2393=VECTOR('',#2396,1.0);
#2394=VECTOR('',#2397,1.0);
#2395=VECTOR('',#2398,1.0);
#2396=DIRECTION('',(0.936831409175499,-0.3497812327473398,0));
#2397=DIRECTION('',(0.5320390592813571,0.846719811625433,0));
#2398=DIRECTION('',(-0.9457076771339367,0.3250184447226552,0));
#2399=FACE_SURFACE('',(#2404),#2400,.T.);
#2400=PLANE('',#2401);
#2401=AXIS2_PLACEMENT_3D('',#62,#2402,#2403);
#2402=DIRECTION('',(0,0,1));
#2403=DIRECTION('',(0.9457076771339367,-0.3250184447226552,0));
#2404=FACE_BOUND('',#2405,.T.);
#2405=EDGE_LOOP('',(#2406,#2407,#2408));
#2406=ORIENTED_EDGE('',*,*,#2409,.T.);
#2407=ORIENTED_EDGE('',*,*,#2410,.T.);
#2408=ORIENTED_EDGE('',*,*,#2411,.T.);
#2409=EDGE_CURVE('',#63,#167,#2412,.F.);
#2410=EDGE_CURVE('',#167,#169,#2413,.T.);
#2411=EDGE_CURVE('',#169,#63,#2414,.T.);
#2412=LINE('',#62,#2415);
#2413=LINE('',#166,#2416);
#2414=LINE('',#168,#2417);
#2415=VECTOR('',#2418,1.0);
#2416=VECTOR('',#2419,1.0);
#2417=VECTOR('',#2420,1.0);
#2418=DIRECTION('',(0.9457076771339367,-0.3250184447226552,0));
#2419=DIRECTION('',(0.7070886094735803,0.7071249524325376,0));
#2420=DIRECTION('',(-0.9531887733323751,0.3023758627819392,0));
#2421=FACE_SURFACE('',(#2426),#2422,.T.);
#2422=PLANE('',#2423);
#2423=AXIS2_PLACEMENT_3D('',#62,#2424,#2425);
#2424=DIRECTION('',(0,0,1));
#2425=DIRECTION('',(0.9631403467010928,-0.26899939136826795,0));
#2426=FACE_BOUND('',#2427,.T.);
#2427=EDGE_LOOP('',(#2428,#2429,#2430));
#2428=ORIENTED_EDGE('',*,*,#2431,.T.);
#2429=ORIENTED_EDGE('',*,*,#2432,.T.);
#2430=ORIENTED_EDGE('',*,*,#2433,.T.);
#2431=EDGE_CURVE('',#63,#171,#2434,.F.);
#2432=EDGE_CURVE('',#171,#155,#2435,.T.);
#2433=EDGE_CURVE('',#155,#63,#2436,.T.);
#2434=LINE('',#62,#2437);
#2435=LINE('',#170,#2438);
#2436=LINE('',#154,#2439);
#2437=VECTOR('',#2440,1.0);
#2438=VECTOR('',#2441,1.0);
#2439=VECTOR('',#2442,1.0);
#2440=DIRECTION('',(0.9631403467010928,-0.26899939136826795,0));
#2441=DIRECTION('',(0.993715965073108,0.1119311429353852,0));
#2442=DIRECTION('',(-0.9656157585206697,0.25997347344787264,0));
#2443=FACE_SURFACE('',(#2448),#2444,.T.);
#2444=PLANE('',#2445);
#2445=AXIS2_PLACEMENT_3D('',#62,#2446,#2447);
#2446=DIRECTION('',(0,0,1));
#2447=DIRECTION('',(0.9531887733323751,-0.3023758627819392,0));
#2448=FACE_BOUND('',#2449,.T.);
#2449=EDGE_LOOP('',(#2450,#2451,#2452));
#2450=ORIENTED_EDGE('',*,*,#2453,.T.);
#2451=ORIENTED_EDGE('',*,*,#2454,.T.);
#2452=ORIENTED_EDGE('',*,*,#2455,.T.);
#2453=EDGE_CURVE('',#63,#169,#2456,.F.);
#2454=EDGE_CURVE('',#169,#173,#2457,.T.);
#2455=EDGE_CURVE('',#173,#63,#2458,.T.);
#2456=LINE('',#62,#2459);
#2457=LINE('',#168,#2460);
#2458=LINE('',#172,#2461);
#2459=VECTOR('',#2462,1.0);
#2460=VECTOR('',#2463,1.0);
#2461=VECTOR('',#2464,1.0);
#2462=DIRECTION('',(0.9531887733323751,-0.3023758627819392,0));
#2463=DIRECTION('',(0.8467300981680264,0.5320226882909831,0));
#2464=DIRECTION('',(-0.9590194643951411,0.28334019642693964,0));
#2465=FACE_SURFACE('',(#2470),#2466,.T.);
#2466=PLANE('',#2467);
#2467=AXIS2_PLACEMENT_3D('',#62,#2468,#2469);
#2468=DIRECTION('',(0,0,1));
#2469=DIRECTION('',(0.9590194643951411,-0.28334019642693964,0));
#2470=FACE_BOUND('',#2471,.T.);
#2471=EDGE_LOOP('',(#2472,#2473,#2474));
#2472=ORIENTED_EDGE('',*,*,#2475,.T.);
#2473=ORIENTED_EDGE('',*,*,#2476,.T.);
#2474=ORIENTED_EDGE('',*,*,#2477,.T.);
#2475=EDGE_CURVE('',#63,#173,#2478,.F.);
#2476=EDGE_CURVE('',#173,#171,#2479,.T.);
#2477=EDGE_CURVE('',#171,#63,#2480,.T.);
#2478=LINE('',#62,#2481);
#2479=LINE('',#172,#2482);
#2480=LINE('',#170,#2483);
#2481=VECTOR('',#2484,1.0);
#2482=VECTOR('',#2485,1.0);
#2483=VECTOR('',#2486,1.0);
#2484=DIRECTION('',(0.9590194643951411,-0.28334019642693964,0));
#2485=DIRECTION('',(0.9438832833912708,0.3302791960364958,0));
#2486=DIRECTION('',(-0.9631403467010928,0.26899939136826795,0));
#2487=FACE_SURFACE('',(#2492),#2488,.T.);
#2488=PLANE('',#2489);
#2489=AXIS2_PLACEMENT_3D('',#174,#2490,#2491);
#2490=DIRECTION('',(0.793412906208368,0,0.6086837933295017));
#2491=DIRECTION('',(-0.015883261499040603,0.999659482176864,0.020703663879546388));
#2492=FACE_BOUND('',#2493,.T.);
#2493=EDGE_LOOP('',(#2494,#2495,#2496));
#2494=ORIENTED_EDGE('',*,*,#2497,.T.);
#2495=ORIENTED_EDGE('',*,*,#2498,.T.);
#2496=ORIENTED_EDGE('',*,*,#2499,.T.);
#2497=EDGE_CURVE('',#175,#65,#2500,.F.);
#2498=EDGE_CURVE('',#65,#157,#2501,.T.);
#2499=EDGE_CURVE('',#157,#175,#2502,.T.);
#2500=LINE('',#174,#2503);
#2501=LINE('',#64,#2504);
#2502=LINE('',#156,#2505);
#2503=VECTOR('',#2506,1.0);
#2504=VECTOR('',#2507,1.0);
#2505=VECTOR('',#2508,1.0);
#2506=DIRECTION('',(-0.015883261499040603,0.999659482176864,0.020703663879546388));
#2507=DIRECTION('',(0,-1,0));
#2508=DIRECTION('',(0.6086837933295017,0,-0.7934129062083679));
#2509=FACE_SURFACE('',(#2514),#2510,.T.);
#2510=PLANE('',#2511);
#2511=AXIS2_PLACEMENT_3D('',#174,#2512,#2513);
#2512=DIRECTION('',(0.793412906208368,-0,0.6086837933295017));
#2513=DIRECTION('',(0,1,0));
#2514=FACE_BOUND('',#2515,.T.);
#2515=EDGE_LOOP('',(#2516,#2517,#2518));
#2516=ORIENTED_EDGE('',*,*,#2519,.T.);
#2517=ORIENTED_EDGE('',*,*,#2520,.T.);
#2518=ORIENTED_EDGE('',*,*,#2521,.T.);
#2519=EDGE_CURVE('',#175,#69,#2522,.F.);
#2520=EDGE_CURVE('',#69,#65,#2523,.T.);
#2521=EDGE_CURVE('',#65,#175,#2524,.T.);
#2522=LINE('',#174,#2525);
#2523=LINE('',#68,#2526);
#2524=LINE('',#64,#2527);
#2525=VECTOR('',#2528,1.0);
#2526=VECTOR('',#2529,1.0);
#2527=VECTOR('',#2530,1.0);
#2528=DIRECTION('',(0,1,0));
#2529=DIRECTION('',(-0.6086837933295017,0,0.7934129062083679));
#2530=DIRECTION('',(0.015883261499040603,-0.999659482176864,-0.020703663879546388));
#2531=FACE_SURFACE('',(#2536),#2532,.T.);
#2532=PLANE('',#2533);
#2533=AXIS2_PLACEMENT_3D('',#66,#2534,#2535);
#2534=DIRECTION('',(0.13051627344598962,0,0.9914461671547132));
#2535=DIRECTION('',(0,-1,0));
#2536=FACE_BOUND('',#2537,.T.);
#2537=EDGE_LOOP('',(#2538,#2539,#2540));
#2538=ORIENTED_EDGE('',*,*,#2541,.T.);
#2539=ORIENTED_EDGE('',*,*,#2542,.T.);
#2540=ORIENTED_EDGE('',*,*,#2543,.T.);
#2541=EDGE_CURVE('',#67,#177,#2544,.F.);
#2542=EDGE_CURVE('',#177,#159,#2545,.T.);
#2543=EDGE_CURVE('',#159,#67,#2546,.T.);
#2544=LINE('',#66,#2547);
#2545=LINE('',#176,#2548);
#2546=LINE('',#158,#2549);
#2547=VECTOR('',#2550,1.0);
#2548=VECTOR('',#2551,1.0);
#2549=VECTOR('',#2552,1.0);
#2550=DIRECTION('',(0,-1,0));
#2551=DIRECTION('',(0.9914461671547132,0,-0.13051627344598962));
#2552=DIRECTION('',(-0.02587497262063869,0.9996593836458788,0.0034062414217148145));
#2553=FACE_SURFACE('',(#2558),#2554,.T.);
#2554=PLANE('',#2555);
#2555=AXIS2_PLACEMENT_3D('',#70,#2556,#2557);
#2556=DIRECTION('',(0.382711497244676,0,0.9238679071581275));
#2557=DIRECTION('',(0.02410799881179198,-0.9996594769497869,-0.009986718067970083));
#2558=FACE_BOUND('',#2559,.T.);
#2559=EDGE_LOOP('',(#2560,#2561,#2562));
#2560=ORIENTED_EDGE('',*,*,#2563,.T.);
#2561=ORIENTED_EDGE('',*,*,#2564,.T.);
#2562=ORIENTED_EDGE('',*,*,#2565,.T.);
#2563=EDGE_CURVE('',#71,#177,#2566,.F.);
#2564=EDGE_CURVE('',#177,#67,#2567,.T.);
#2565=EDGE_CURVE('',#67,#71,#2568,.T.);
#2566=LINE('',#70,#2569);
#2567=LINE('',#176,#2570);
#2568=LINE('',#66,#2571);
#2569=VECTOR('',#2572,1.0);
#2570=VECTOR('',#2573,1.0);
#2571=VECTOR('',#2574,1.0);
#2572=DIRECTION('',(0.02410799881179198,-0.9996594769497869,-0.009986718067970083));
#2573=DIRECTION('',(0,1,0));
#2574=DIRECTION('',(-0.9238679071581274,0,0.38271149724467596));
#2575=FACE_SURFACE('',(#2580),#2576,.T.);
#2576=PLANE('',#2577);
#2577=AXIS2_PLACEMENT_3D('',#178,#2578,#2579);
#2578=DIRECTION('',(0.6087180755697582,0,0.7933866046730622));
#2579=DIRECTION('',(-0.02070583556876661,0.9996593881384728,0.015886348857222395));
#2580=FACE_BOUND('',#2581,.T.);
#2581=EDGE_LOOP('',(#2582,#2583,#2584));
#2582=ORIENTED_EDGE('',*,*,#2585,.T.);
#2583=ORIENTED_EDGE('',*,*,#2586,.T.);
#2584=ORIENTED_EDGE('',*,*,#2587,.T.);
#2585=EDGE_CURVE('',#179,#69,#2588,.F.);
#2586=EDGE_CURVE('',#69,#175,#2589,.T.);
#2587=EDGE_CURVE('',#175,#179,#2590,.T.);
#2588=LINE('',#178,#2591);
#2589=LINE('',#68,#2592);
#2590=LINE('',#174,#2593);
#2591=VECTOR('',#2594,1.0);
#2592=VECTOR('',#2595,1.0);
#2593=VECTOR('',#2596,1.0);
#2594=DIRECTION('',(-0.02070583556876661,0.9996593881384728,0.015886348857222395));
#2595=DIRECTION('',(0,-1,0));
#2596=DIRECTION('',(0.7933866046730623,0,-0.6087180755697582));
#2597=FACE_SURFACE('',(#2602),#2598,.T.);
#2598=PLANE('',#2599);
#2599=AXIS2_PLACEMENT_3D('',#68,#2600,#2601);
#2600=DIRECTION('',(0.6087180755697582,0,0.7933866046730622));
#2601=DIRECTION('',(0.02070583556876661,-0.9996593881384728,-0.015886348857222395));
#2602=FACE_BOUND('',#2603,.T.);
#2603=EDGE_LOOP('',(#2604,#2605,#2606));
#2604=ORIENTED_EDGE('',*,*,#2607,.T.);
#2605=ORIENTED_EDGE('',*,*,#2608,.T.);
#2606=ORIENTED_EDGE('',*,*,#2609,.T.);
#2607=EDGE_CURVE('',#69,#179,#2610,.F.);
#2608=EDGE_CURVE('',#179,#71,#2611,.T.);
#2609=EDGE_CURVE('',#71,#69,#2612,.T.);
#2610=LINE('',#68,#2613);
#2611=LINE('',#178,#2614);
#2612=LINE('',#70,#2615);
#2613=VECTOR('',#2616,1.0);
#2614=VECTOR('',#2617,1.0);
#2615=VECTOR('',#2618,1.0);
#2616=DIRECTION('',(0.02070583556876661,-0.9996593881384728,-0.015886348857222395));
#2617=DIRECTION('',(0,1,0));
#2618=DIRECTION('',(-0.7933866046730623,0,0.6087180755697582));
#2619=FACE_SURFACE('',(#2624),#2620,.T.);
#2620=PLANE('',#2621);
#2621=AXIS2_PLACEMENT_3D('',#70,#2622,#2623);
#2622=DIRECTION('',(0.382711497244676,0,0.9238679071581275));
#2623=DIRECTION('',(0,-1,0));
#2624=FACE_BOUND('',#2625,.T.);
#2625=EDGE_LOOP('',(#2626,#2627,#2628));
#2626=ORIENTED_EDGE('',*,*,#2629,.T.);
#2627=ORIENTED_EDGE('',*,*,#2630,.T.);
#2628=ORIENTED_EDGE('',*,*,#2631,.T.);
#2629=EDGE_CURVE('',#71,#179,#2632,.F.);
#2630=EDGE_CURVE('',#179,#177,#2633,.T.);
#2631=EDGE_CURVE('',#177,#71,#2634,.T.);
#2632=LINE('',#70,#2635);
#2633=LINE('',#178,#2636);
#2634=LINE('',#176,#2637);
#2635=VECTOR('',#2638,1.0);
#2636=VECTOR('',#2639,1.0);
#2637=VECTOR('',#2640,1.0);
#2638=DIRECTION('',(0,-1,0));
#2639=DIRECTION('',(0.9238679071581274,0,-0.38271149724467596));
#2640=DIRECTION('',(-0.02410799881179198,0.9996594769497869,0.009986718067970083));
#2641=FACE_SURFACE('',(#2646),#2642,.T.);
#2642=PLANE('',#2643);
#2643=AXIS2_PLACEMENT_3D('',#90,#2644,#2645);
#2644=DIRECTION('',(-0.3090333208423907,0.9510512113493805,0));
#2645=DIRECTION('',(-0.04969601174025758,-0.016148156226965138,0.9986338385352169));
#2646=FACE_BOUND('',#2647,.T.);
#2647=EDGE_LOOP('',(#2648,#2649,#2650));
#2648=ORIENTED_EDGE('',*,*,#2651,.T.);
#2649=ORIENTED_EDGE('',*,*,#2652,.T.);
#2650=ORIENTED_EDGE('',*,*,#2653,.T.);
#2651=EDGE_CURVE('',#91,#115,#2654,.F.);
#2652=EDGE_CURVE('',#115,#73,#2655,.T.);
#2653=EDGE_CURVE('',#73,#91,#2656,.T.);
#2654=LINE('',#90,#2657);
#2655=LINE('',#114,#2658);
#2656=LINE('',#72,#2659);
#2657=VECTOR('',#2660,1.0);
#2658=VECTOR('',#2661,1.0);
#2659=VECTOR('',#2662,1.0);
#2660=DIRECTION('',(-0.04969601174025758,-0.016148156226965138,0.9986338385352169));
#2661=DIRECTION('',(0.9510512113493804,0.30903332084239066,0));
#2662=DIRECTION('',(0,0,-1));
#2663=FACE_SURFACE('',(#2668),#2664,.T.);
#2664=PLANE('',#2665);
#2665=AXIS2_PLACEMENT_3D('',#180,#2666,#2667);
#2666=DIRECTION('',(0.0627752665055033,0.9980275878992002,0.0004468861905674397));
#2667=DIRECTION('',(-0.18230774765787677,0.011026797409383003,0.9831796859591865));
#2668=FACE_BOUND('',#2669,.T.);
#2669=EDGE_LOOP('',(#2670,#2671,#2672));
#2670=ORIENTED_EDGE('',*,*,#2673,.T.);
#2671=ORIENTED_EDGE('',*,*,#2674,.T.);
#2672=ORIENTED_EDGE('',*,*,#2675,.T.);
#2673=EDGE_CURVE('',#181,#75,#2676,.F.);
#2674=EDGE_CURVE('',#75,#183,#2677,.T.);
#2675=EDGE_CURVE('',#183,#181,#2678,.T.);
#2676=LINE('',#180,#2679);
#2677=LINE('',#74,#2680);
#2678=LINE('',#182,#2681);
#2679=VECTOR('',#2682,1.0);
#2680=VECTOR('',#2683,1.0);
#2681=VECTOR('',#2684,1.0);
#2682=DIRECTION('',(-0.18230774765787677,0.011026797409383003,0.9831796859591865));
#2683=DIRECTION('',(0.9980276875558963,-0.0627752727738427,0));
#2684=DIRECTION('',(-0.007391621911357218,0.0009126850225913639,-0.9999722650811717));
#2685=FACE_SURFACE('',(#2690),#2686,.T.);
#2686=PLANE('',#2687);
#2687=AXIS2_PLACEMENT_3D('',#102,#2688,#2689);
#2688=DIRECTION('',(0,0,1));
#2689=DIRECTION('',(0.17818713947845058,0.983996617537117,0));
#2690=FACE_BOUND('',#2691,.T.);
#2691=EDGE_LOOP('',(#2692,#2693,#2694));
#2692=ORIENTED_EDGE('',*,*,#2695,.T.);
#2693=ORIENTED_EDGE('',*,*,#2696,.T.);
#2694=ORIENTED_EDGE('',*,*,#2697,.T.);
#2695=EDGE_CURVE('',#103,#183,#2698,.F.);
#2696=EDGE_CURVE('',#183,#75,#2699,.T.);
#2697=EDGE_CURVE('',#75,#103,#2700,.T.);
#2698=LINE('',#102,#2701);
#2699=LINE('',#182,#2702);
#2700=LINE('',#74,#2703);
#2701=VECTOR('',#2704,1.0);
#2702=VECTOR('',#2705,1.0);
#2703=VECTOR('',#2706,1.0);
#2704=DIRECTION('',(0.17818713947845058,0.983996617537117,0));
#2705=DIRECTION('',(-0.9980276875558963,0.0627752727738427,0));
#2706=DIRECTION('',(0,-1,0));
#2707=FACE_SURFACE('',(#2712),#2708,.T.);
#2708=PLANE('',#2709);
#2709=AXIS2_PLACEMENT_3D('',#76,#2710,#2711);
#2710=DIRECTION('',(0.06037418941407834,0.9981758148004755,-0));
#2711=DIRECTION('',(0,0,1));
#2712=FACE_BOUND('',#2713,.T.);
#2713=EDGE_LOOP('',(#2714,#2715,#2716));
#2714=ORIENTED_EDGE('',*,*,#2717,.T.);
#2715=ORIENTED_EDGE('',*,*,#2718,.T.);
#2716=ORIENTED_EDGE('',*,*,#2719,.T.);
#2717=EDGE_CURVE('',#77,#75,#2720,.F.);
#2718=EDGE_CURVE('',#75,#181,#2721,.T.);
#2719=EDGE_CURVE('',#181,#77,#2722,.T.);
#2720=LINE('',#76,#2723);
#2721=LINE('',#74,#2724);
#2722=LINE('',#180,#2725);
#2723=VECTOR('',#2726,1.0);
#2724=VECTOR('',#2727,1.0);
#2725=VECTOR('',#2728,1.0);
#2726=DIRECTION('',(0,0,1));
#2727=DIRECTION('',(0.18230774765787677,-0.011026797409383003,-0.9831796859591865));
#2728=DIRECTION('',(-0.9981758148004753,0.060374189414078336,0));
#2729=FACE_SURFACE('',(#2734),#2730,.T.);
#2730=PLANE('',#2731);
#2731=AXIS2_PLACEMENT_3D('',#76,#2732,#2733);
#2732=DIRECTION('',(0,0,-1));
#2733=DIRECTION('',(0.9981758148004753,-0.060374189414078336,0));
#2734=FACE_BOUND('',#2735,.T.);
#2735=EDGE_LOOP('',(#2736,#2737,#2738));
#2736=ORIENTED_EDGE('',*,*,#2739,.T.);
#2737=ORIENTED_EDGE('',*,*,#2740,.T.);
#2738=ORIENTED_EDGE('',*,*,#2741,.T.);
#2739=EDGE_CURVE('',#77,#181,#2742,.F.);
#2740=EDGE_CURVE('',#181,#185,#2743,.T.);
#2741=EDGE_CURVE('',#185,#77,#2744,.T.);
#2742=LINE('',#76,#2745);
#2743=LINE('',#180,#2746);
#2744=LINE('',#184,#2747);
#2745=VECTOR('',#2748,1.0);
#2746=VECTOR('',#2749,1.0);
#2747=VECTOR('',#2750,1.0);
#2748=DIRECTION('',(0.9981758148004753,-0.060374189414078336,0));
#2749=DIRECTION('',(-0.07656304740413222,-0.9970647420163812,0));
#2750=DIRECTION('',(-0.09393749989334832,0.9955780964413525,0));
#2751=FACE_SURFACE('',(#2756),#2752,.T.);
#2752=PLANE('',#2753);
#2753=AXIS2_PLACEMENT_3D('',#80,#2754,#2755);
#2754=DIRECTION('',(0,0,-1));
#2755=DIRECTION('',(1,0,0));
#2756=FACE_BOUND('',#2757,.T.);
#2757=EDGE_LOOP('',(#2758,#2759,#2760));
#2758=ORIENTED_EDGE('',*,*,#2761,.T.);
#2759=ORIENTED_EDGE('',*,*,#2762,.T.);
#2760=ORIENTED_EDGE('',*,*,#2763,.T.);
#2761=EDGE_CURVE('',#81,#77,#2764,.F.);
#2762=EDGE_CURVE('',#77,#187,#2765,.T.);
#2763=EDGE_CURVE('',#187,#81,#2766,.T.);
#2764=LINE('',#80,#2767);
#2765=LINE('',#76,#2768);
#2766=LINE('',#186,#2769);
#2767=VECTOR('',#2770,1.0);
#2768=VECTOR('',#2771,1.0);
#2769=VECTOR('',#2772,1.0);
#2770=DIRECTION('',(1,0,0));
#2771=DIRECTION('',(-0.29905950179719404,-0.9542344651000686,0));
#2772=DIRECTION('',(-0.9270521017755223,0.37493252805483096,0));
#2773=FACE_SURFACE('',(#2778),#2774,.T.);
#2774=PLANE('',#2775);
#2775=AXIS2_PLACEMENT_3D('',#76,#2776,#2777);
#2776=DIRECTION('',(0,0,-1));
#2777=DIRECTION('',(0.09393749989334832,-0.9955780964413525,0));
#2778=FACE_BOUND('',#2779,.T.);
#2779=EDGE_LOOP('',(#2780,#2781,#2782));
#2780=ORIENTED_EDGE('',*,*,#2783,.T.);
#2781=ORIENTED_EDGE('',*,*,#2784,.T.);
#2782=ORIENTED_EDGE('',*,*,#2785,.T.);
#2783=EDGE_CURVE('',#77,#185,#2786,.F.);
#2784=EDGE_CURVE('',#185,#189,#2787,.T.);
#2785=EDGE_CURVE('',#189,#77,#2788,.T.);
#2786=LINE('',#76,#2789);
#2787=LINE('',#184,#2790);
#2788=LINE('',#188,#2791);
#2789=VECTOR('',#2792,1.0);
#2790=VECTOR('',#2793,1.0);
#2791=VECTOR('',#2794,1.0);
#2792=DIRECTION('',(0.09393749989334832,-0.9955780964413525,0));
#2793=DIRECTION('',(-0.993715965073108,0.1119311429353852,0));
#2794=DIRECTION('',(0,1,0));
#2795=FACE_SURFACE('',(#2800),#2796,.T.);
#2796=PLANE('',#2797);
#2797=AXIS2_PLACEMENT_3D('',#76,#2798,#2799);
#2798=DIRECTION('',(0,0,-1));
#2799=DIRECTION('',(-0.296744172587106,-0.9549570126637082,0));
#2800=FACE_BOUND('',#2801,.T.);
#2801=EDGE_LOOP('',(#2802,#2803,#2804));
#2802=ORIENTED_EDGE('',*,*,#2805,.T.);
#2803=ORIENTED_EDGE('',*,*,#2806,.T.);
#2804=ORIENTED_EDGE('',*,*,#2807,.T.);
#2805=EDGE_CURVE('',#77,#191,#2808,.F.);
#2806=EDGE_CURVE('',#191,#187,#2809,.T.);
#2807=EDGE_CURVE('',#187,#77,#2810,.T.);
#2808=LINE('',#76,#2811);
#2809=LINE('',#190,#2812);
#2810=LINE('',#186,#2813);
#2811=VECTOR('',#2814,1.0);
#2812=VECTOR('',#2815,1.0);
#2813=VECTOR('',#2816,1.0);
#2814=DIRECTION('',(-0.296744172587106,-0.9549570126637082,0));
#2815=DIRECTION('',(-0.3302791960364958,-0.9438832833912708,0));
#2816=DIRECTION('',(0.29905950179719404,0.9542344651000686,0));
#2817=FACE_SURFACE('',(#2822),#2818,.T.);
#2818=PLANE('',#2819);
#2819=AXIS2_PLACEMENT_3D('',#76,#2820,#2821);
#2820=DIRECTION('',(0,-0,-1));
#2821=DIRECTION('',(0,-1,0));
#2822=FACE_BOUND('',#2823,.T.);
#2823=EDGE_LOOP('',(#2824,#2825,#2826));
#2824=ORIENTED_EDGE('',*,*,#2827,.T.);
#2825=ORIENTED_EDGE('',*,*,#2828,.T.);
#2826=ORIENTED_EDGE('',*,*,#2829,.T.);
#2827=EDGE_CURVE('',#77,#189,#2830,.F.);
#2828=EDGE_CURVE('',#189,#193,#2831,.T.);
#2829=EDGE_CURVE('',#193,#77,#2832,.T.);
#2830=LINE('',#76,#2833);
#2831=LINE('',#188,#2834);
#2832=LINE('',#192,#2835);
#2833=VECTOR('',#2836,1.0);
#2834=VECTOR('',#2837,1.0);
#2835=VECTOR('',#2838,1.0);
#2836=DIRECTION('',(0,-1,0));
#2837=DIRECTION('',(-0.993715965073108,-0.1119311429353852,0));
#2838=DIRECTION('',(0.09393749989334832,0.9955780964413525,0));
#2839=FACE_SURFACE('',(#2844),#2840,.T.);
#2840=PLANE('',#2841);
#2841=AXIS2_PLACEMENT_3D('',#76,#2842,#2843);
#2842=DIRECTION('',(0,0,-1));
#2843=DIRECTION('',(-0.27721028961683425,-0.9608092710473556,0));
#2844=FACE_BOUND('',#2845,.T.);
#2845=EDGE_LOOP('',(#2846,#2847,#2848));
#2846=ORIENTED_EDGE('',*,*,#2849,.T.);
#2847=ORIENTED_EDGE('',*,*,#2850,.T.);
#2848=ORIENTED_EDGE('',*,*,#2851,.T.);
#2849=EDGE_CURVE('',#77,#195,#2852,.F.);
#2850=EDGE_CURVE('',#195,#191,#2853,.T.);
#2851=EDGE_CURVE('',#191,#77,#2854,.T.);
#2852=LINE('',#76,#2855);
#2853=LINE('',#194,#2856);
#2854=LINE('',#190,#2857);
#2855=VECTOR('',#2858,1.0);
#2856=VECTOR('',#2859,1.0);
#2857=VECTOR('',#2860,1.0);
#2858=DIRECTION('',(-0.27721028961683425,-0.9608092710473556,0));
#2859=DIRECTION('',(-0.5320390592813571,-0.846719811625433,0));
#2860=DIRECTION('',(0.296744172587106,0.9549570126637082,0));
#2861=FACE_SURFACE('',(#2866),#2862,.T.);
#2862=PLANE('',#2863);
#2863=AXIS2_PLACEMENT_3D('',#76,#2864,#2865);
#2864=DIRECTION('',(0,0,-1));
#2865=DIRECTION('',(-0.09393749989334832,-0.9955780964413525,0));
#2866=FACE_BOUND('',#2867,.T.);
#2867=EDGE_LOOP('',(#2868,#2869,#2870));
#2868=ORIENTED_EDGE('',*,*,#2871,.T.);
#2869=ORIENTED_EDGE('',*,*,#2872,.T.);
#2870=ORIENTED_EDGE('',*,*,#2873,.T.);
#2871=EDGE_CURVE('',#77,#193,#2874,.F.);
#2872=EDGE_CURVE('',#193,#197,#2875,.T.);
#2873=EDGE_CURVE('',#197,#77,#2876,.T.);
#2874=LINE('',#76,#2877);
#2875=LINE('',#192,#2878);
#2876=LINE('',#196,#2879);
#2877=VECTOR('',#2880,1.0);
#2878=VECTOR('',#2881,1.0);
#2879=VECTOR('',#2882,1.0);
#2880=DIRECTION('',(-0.09393749989334832,-0.9955780964413525,0));
#2881=DIRECTION('',(-0.9438832833912708,-0.3302791960364958,0));
#2882=DIRECTION('',(0.1756091499035153,0.9844599669210345,0));
#2883=FACE_SURFACE('',(#2888),#2884,.T.);
#2884=PLANE('',#2885);
#2885=AXIS2_PLACEMENT_3D('',#76,#2886,#2887);
#2886=DIRECTION('',(0,0,-1));
#2887=DIRECTION('',(-0.23738240265494315,-0.9714162830165894,0));
#2888=FACE_BOUND('',#2889,.T.);
#2889=EDGE_LOOP('',(#2890,#2891,#2892));
#2890=ORIENTED_EDGE('',*,*,#2893,.T.);
#2891=ORIENTED_EDGE('',*,*,#2894,.T.);
#2892=ORIENTED_EDGE('',*,*,#2895,.T.);
#2893=EDGE_CURVE('',#77,#199,#2896,.F.);
#2894=EDGE_CURVE('',#199,#195,#2897,.T.);
#2895=EDGE_CURVE('',#195,#77,#2898,.T.);
#2896=LINE('',#76,#2899);
#2897=LINE('',#198,#2900);
#2898=LINE('',#194,#2901);
#2899=VECTOR('',#2902,1.0);
#2900=VECTOR('',#2903,1.0);
#2901=VECTOR('',#2904,1.0);
#2902=DIRECTION('',(-0.23738240265494315,-0.9714162830165894,0));
#2903=DIRECTION('',(-0.7070886094735803,-0.7071249524325376,0));
#2904=DIRECTION('',(0.27721028961683425,0.9608092710473556,0));
#2905=FACE_SURFACE('',(#2910),#2906,.T.);
#2906=PLANE('',#2907);
#2907=AXIS2_PLACEMENT_3D('',#76,#2908,#2909);
#2908=DIRECTION('',(0,0,-1));
#2909=DIRECTION('',(-0.1756091499035153,-0.9844599669210345,0));
#2910=FACE_BOUND('',#2911,.T.);
#2911=EDGE_LOOP('',(#2912,#2913,#2914));
#2912=ORIENTED_EDGE('',*,*,#2915,.T.);
#2913=ORIENTED_EDGE('',*,*,#2916,.T.);
#2914=ORIENTED_EDGE('',*,*,#2917,.T.);
#2915=EDGE_CURVE('',#77,#197,#2918,.F.);
#2916=EDGE_CURVE('',#197,#199,#2919,.T.);
#2917=EDGE_CURVE('',#199,#77,#2920,.T.);
#2918=LINE('',#76,#2921);
#2919=LINE('',#196,#2922);
#2920=LINE('',#198,#2923);
#2921=VECTOR('',#2924,1.0);
#2922=VECTOR('',#2925,1.0);
#2923=VECTOR('',#2926,1.0);
#2924=DIRECTION('',(-0.1756091499035153,-0.9844599669210345,0));
#2925=DIRECTION('',(-0.8467300981680264,-0.5320226882909831,0));
#2926=DIRECTION('',(0.23738240265494315,0.9714162830165894,0));
#2927=FACE_SURFACE('',(#2932),#2928,.T.);
#2928=PLANE('',#2929);
#2929=AXIS2_PLACEMENT_3D('',#78,#2930,#2931);
#2930=DIRECTION('',(0.9914409509049575,0,-0.1305558917424773));
#2931=DIRECTION('',(0,-1,0));
#2932=FACE_BOUND('',#2933,.T.);
#2933=EDGE_LOOP('',(#2934,#2935,#2936));
#2934=ORIENTED_EDGE('',*,*,#2937,.T.);
#2935=ORIENTED_EDGE('',*,*,#2938,.T.);
#2936=ORIENTED_EDGE('',*,*,#2939,.T.);
#2937=EDGE_CURVE('',#79,#201,#2940,.F.);
#2938=EDGE_CURVE('',#201,#119,#2941,.T.);
#2939=EDGE_CURVE('',#119,#79,#2942,.T.);
#2940=LINE('',#78,#2943);
#2941=LINE('',#200,#2944);
#2942=LINE('',#118,#2945);
#2943=VECTOR('',#2946,1.0);
#2944=VECTOR('',#2947,1.0);
#2945=VECTOR('',#2948,1.0);
#2946=DIRECTION('',(0,-1,0));
#2947=DIRECTION('',(-0.1305558917424773,0,-0.9914409509049575));
#2948=DIRECTION('',(0.0034070423940656723,0.9996594302358879,0.025873067127517118));
#2949=FACE_SURFACE('',(#2954),#2950,.T.);
#2950=PLANE('',#2951);
#2951=AXIS2_PLACEMENT_3D('',#82,#2952,#2953);
#2952=DIRECTION('',(0.9238770583680841,0,-0.3826894054205523));
#2953=DIRECTION('',(-0.009986831999428403,-0.9996594298548078,-0.024109904375086342));
#2954=FACE_BOUND('',#2955,.T.);
#2955=EDGE_LOOP('',(#2956,#2957,#2958));
#2956=ORIENTED_EDGE('',*,*,#2959,.T.);
#2957=ORIENTED_EDGE('',*,*,#2960,.T.);
#2958=ORIENTED_EDGE('',*,*,#2961,.T.);
#2959=EDGE_CURVE('',#83,#201,#2962,.F.);
#2960=EDGE_CURVE('',#201,#79,#2963,.T.);
#2961=EDGE_CURVE('',#79,#83,#2964,.T.);
#2962=LINE('',#82,#2965);
#2963=LINE('',#200,#2966);
#2964=LINE('',#78,#2967);
#2965=VECTOR('',#2968,1.0);
#2966=VECTOR('',#2969,1.0);
#2967=VECTOR('',#2970,1.0);
#2968=DIRECTION('',(-0.009986831999428403,-0.9996594298548078,-0.024109904375086342));
#2969=DIRECTION('',(0,1,0));
#2970=DIRECTION('',(0.38268940542055224,0,0.923877058368084));
#2971=FACE_SURFACE('',(#2976),#2972,.T.);
#2972=PLANE('',#2973);
#2973=AXIS2_PLACEMENT_3D('',#202,#2974,#2975);
#2974=DIRECTION('',(0.1305148371638339,0,-0.9914463562291698));
#2975=DIRECTION('',(0,1,0));
#2976=FACE_BOUND('',#2977,.T.);
#2977=EDGE_LOOP('',(#2978,#2979,#2980));
#2978=ORIENTED_EDGE('',*,*,#2981,.T.);
#2979=ORIENTED_EDGE('',*,*,#2982,.T.);
#2980=ORIENTED_EDGE('',*,*,#2983,.T.);
#2981=EDGE_CURVE('',#203,#85,#2984,.F.);
#2982=EDGE_CURVE('',#85,#81,#2985,.T.);
#2983=EDGE_CURVE('',#81,#203,#2986,.T.);
#2984=LINE('',#202,#2987);
#2985=LINE('',#84,#2988);
#2986=LINE('',#80,#2989);
#2987=VECTOR('',#2990,1.0);
#2988=VECTOR('',#2991,1.0);
#2989=VECTOR('',#2992,1.0);
#2990=DIRECTION('',(0,1,0));
#2991=DIRECTION('',(0.9914463562291699,0,0.13051483716383394));
#2992=DIRECTION('',(-0.02587497262399966,-0.9996593837757274,-0.003406203288178082));
#2993=FACE_SURFACE('',(#2998),#2994,.T.);
#2994=PLANE('',#2995);
#2995=AXIS2_PLACEMENT_3D('',#202,#2996,#2997);
#2996=DIRECTION('',(0.1305148371638339,0,-0.9914463562291698));
#2997=DIRECTION('',(0.02587497262399966,0.9996593837757274,0.003406203288178082));
#2998=FACE_BOUND('',#2999,.T.);
#2999=EDGE_LOOP('',(#3000,#3001,#3002));
#3000=ORIENTED_EDGE('',*,*,#3003,.T.);
#3001=ORIENTED_EDGE('',*,*,#3004,.T.);
#3002=ORIENTED_EDGE('',*,*,#3005,.T.);
#3003=EDGE_CURVE('',#203,#81,#3006,.F.);
#3004=EDGE_CURVE('',#81,#205,#3007,.T.);
#3005=EDGE_CURVE('',#205,#203,#3008,.T.);
#3006=LINE('',#202,#3009);
#3007=LINE('',#80,#3010);
#3008=LINE('',#204,#3011);
#3009=VECTOR('',#3012,1.0);
#3010=VECTOR('',#3013,1.0);
#3011=VECTOR('',#3014,1.0);
#3012=DIRECTION('',(0.02587497262399966,0.9996593837757274,0.003406203288178082));
#3013=DIRECTION('',(0,-1,0));
#3014=DIRECTION('',(-0.9914463562291699,0,-0.13051483716383394));
#3015=FACE_SURFACE('',(#3020),#3016,.T.);
#3016=PLANE('',#3017);
#3017=AXIS2_PLACEMENT_3D('',#80,#3018,#3019);
#3018=DIRECTION('',(0,0,-1));
#3019=DIRECTION('',(0.7926239891046001,-0.6097107608496924,0));
#3020=FACE_BOUND('',#3021,.T.);
#3021=EDGE_LOOP('',(#3022,#3023,#3024));
#3022=ORIENTED_EDGE('',*,*,#3025,.T.);
#3023=ORIENTED_EDGE('',*,*,#3026,.T.);
#3024=ORIENTED_EDGE('',*,*,#3027,.T.);
#3025=EDGE_CURVE('',#81,#207,#3028,.F.);
#3026=EDGE_CURVE('',#207,#205,#3029,.T.);
#3027=EDGE_CURVE('',#205,#81,#3030,.T.);
#3028=LINE('',#80,#3031);
#3029=LINE('',#206,#3032);
#3030=LINE('',#204,#3033);
#3031=VECTOR('',#3034,1.0);
#3032=VECTOR('',#3035,1.0);
#3033=VECTOR('',#3036,1.0);
#3034=DIRECTION('',(0.7926239891046001,-0.6097107608496924,0));
#3035=DIRECTION('',(-1,0,0));
#3036=DIRECTION('',(0,1,0));
#3037=FACE_SURFACE('',(#3042),#3038,.T.);
#3038=PLANE('',#3039);
#3039=AXIS2_PLACEMENT_3D('',#80,#3040,#3041);
#3040=DIRECTION('',(0,0,-1));
#3041=DIRECTION('',(0.907697829542708,-0.41962441569033754,0));
#3042=FACE_BOUND('',#3043,.T.);
#3043=EDGE_LOOP('',(#3044,#3045,#3046));
#3044=ORIENTED_EDGE('',*,*,#3047,.T.);
#3045=ORIENTED_EDGE('',*,*,#3048,.T.);
#3046=ORIENTED_EDGE('',*,*,#3049,.T.);
#3047=EDGE_CURVE('',#81,#209,#3050,.F.);
#3048=EDGE_CURVE('',#209,#207,#3051,.T.);
#3049=EDGE_CURVE('',#207,#81,#3052,.T.);
#3050=LINE('',#80,#3053);
#3051=LINE('',#208,#3054);
#3052=LINE('',#206,#3055);
#3053=VECTOR('',#3056,1.0);
#3054=VECTOR('',#3057,1.0);
#3055=VECTOR('',#3058,1.0);
#3056=DIRECTION('',(0.907697829542708,-0.41962441569033754,0));
#3057=DIRECTION('',(0.2990587894158992,-0.9542346883618813,0));
#3058=DIRECTION('',(-0.7926239891046001,0.6097107608496924,0));
#3059=FACE_SURFACE('',(#3064),#3060,.T.);
#3060=PLANE('',#3061);
#3061=AXIS2_PLACEMENT_3D('',#80,#3062,#3063);
#3062=DIRECTION('',(0,0,-1));
#3063=DIRECTION('',(0.917070056253235,-0.39872611141445,0));
#3064=FACE_BOUND('',#3065,.T.);
#3065=EDGE_LOOP('',(#3066,#3067,#3068));
#3066=ORIENTED_EDGE('',*,*,#3069,.T.);
#3067=ORIENTED_EDGE('',*,*,#3070,.T.);
#3068=ORIENTED_EDGE('',*,*,#3071,.T.);
#3069=EDGE_CURVE('',#81,#211,#3072,.F.);
#3070=EDGE_CURVE('',#211,#209,#3073,.T.);
#3071=EDGE_CURVE('',#209,#81,#3074,.T.);
#3072=LINE('',#80,#3075);
#3073=LINE('',#210,#3076);
#3074=LINE('',#208,#3077);
#3075=VECTOR('',#3078,1.0);
#3076=VECTOR('',#3079,1.0);
#3077=VECTOR('',#3080,1.0);
#3078=DIRECTION('',(0.917070056253235,-0.39872611141445,0));
#3079=DIRECTION('',(0.11193518523976306,-0.9937155097437796,0));
#3080=DIRECTION('',(-0.907697829542708,0.41962441569033754,0));
#3081=FACE_SURFACE('',(#3086),#3082,.T.);
#3082=PLANE('',#3083);
#3083=AXIS2_PLACEMENT_3D('',#80,#3084,#3085);
#3084=DIRECTION('',(0,0,-1));
#3085=DIRECTION('',(0.9270521017755223,-0.37493252805483096,0));
#3086=FACE_BOUND('',#3087,.T.);
#3087=EDGE_LOOP('',(#3088,#3089,#3090));
#3088=ORIENTED_EDGE('',*,*,#3091,.T.);
#3089=ORIENTED_EDGE('',*,*,#3092,.T.);
#3090=ORIENTED_EDGE('',*,*,#3093,.T.);
#3091=EDGE_CURVE('',#81,#187,#3094,.F.);
#3092=EDGE_CURVE('',#187,#211,#3095,.T.);
#3093=EDGE_CURVE('',#211,#81,#3096,.T.);
#3094=LINE('',#80,#3097);
#3095=LINE('',#186,#3098);
#3096=LINE('',#210,#3099);
#3097=VECTOR('',#3100,1.0);
#3098=VECTOR('',#3101,1.0);
#3099=VECTOR('',#3102,1.0);
#3100=DIRECTION('',(0.9270521017755223,-0.37493252805483096,0));
#3101=DIRECTION('',(-0.1119311429353852,-0.993715965073108,0));
#3102=DIRECTION('',(-0.917070056253235,0.39872611141445,0));
#3103=FACE_SURFACE('',(#3108),#3104,.T.);
#3104=PLANE('',#3105);
#3105=AXIS2_PLACEMENT_3D('',#82,#3106,#3107);
#3106=DIRECTION('',(0.9238770583680841,0,-0.3826894054205523));
#3107=DIRECTION('',(0,-1,0));
#3108=FACE_BOUND('',#3109,.T.);
#3109=EDGE_LOOP('',(#3110,#3111,#3112));
#3110=ORIENTED_EDGE('',*,*,#3113,.T.);
#3111=ORIENTED_EDGE('',*,*,#3114,.T.);
#3112=ORIENTED_EDGE('',*,*,#3115,.T.);
#3113=EDGE_CURVE('',#83,#213,#3116,.F.);
#3114=EDGE_CURVE('',#213,#201,#3117,.T.);
#3115=EDGE_CURVE('',#201,#83,#3118,.T.);
#3116=LINE('',#82,#3119);
#3117=LINE('',#212,#3120);
#3118=LINE('',#200,#3121);
#3119=VECTOR('',#3122,1.0);
#3120=VECTOR('',#3123,1.0);
#3121=VECTOR('',#3124,1.0);
#3122=DIRECTION('',(0,-1,0));
#3123=DIRECTION('',(-0.38268940542055224,0,-0.923877058368084));
#3124=DIRECTION('',(0.009986831999428403,0.9996594298548078,0.024109904375086342));
#3125=FACE_SURFACE('',(#3130),#3126,.T.);
#3126=PLANE('',#3127);
#3127=AXIS2_PLACEMENT_3D('',#86,#3128,#3129);
#3128=DIRECTION('',(0.7934134476441351,0,-0.6086830875730385));
#3129=DIRECTION('',(-0.015883261486500547,-0.999659481387619,-0.02070370199718346));
#3130=FACE_BOUND('',#3131,.T.);
#3131=EDGE_LOOP('',(#3132,#3133,#3134));
#3132=ORIENTED_EDGE('',*,*,#3135,.T.);
#3133=ORIENTED_EDGE('',*,*,#3136,.T.);
#3134=ORIENTED_EDGE('',*,*,#3137,.T.);
#3135=EDGE_CURVE('',#87,#213,#3138,.F.);
#3136=EDGE_CURVE('',#213,#83,#3139,.T.);
#3137=EDGE_CURVE('',#83,#87,#3140,.T.);
#3138=LINE('',#86,#3141);
#3139=LINE('',#212,#3142);
#3140=LINE('',#82,#3143);
#3141=VECTOR('',#3144,1.0);
#3142=VECTOR('',#3145,1.0);
#3143=VECTOR('',#3146,1.0);
#3144=DIRECTION('',(-0.015883261486500547,-0.999659481387619,-0.02070370199718346));
#3145=DIRECTION('',(0,1,0));
#3146=DIRECTION('',(0.6086830875730385,0,0.7934134476441352));
#3147=FACE_SURFACE('',(#3152),#3148,.T.);
#3148=PLANE('',#3149);
#3149=AXIS2_PLACEMENT_3D('',#214,#3150,#3151);
#3150=DIRECTION('',(0.38271274457156046,0,-0.9238673904530367));
#3151=DIRECTION('',(0.024107998802610834,0.9996594765690825,0.009986756198149519));
#3152=FACE_BOUND('',#3153,.T.);
#3153=EDGE_LOOP('',(#3154,#3155,#3156));
#3154=ORIENTED_EDGE('',*,*,#3157,.T.);
#3155=ORIENTED_EDGE('',*,*,#3158,.T.);
#3156=ORIENTED_EDGE('',*,*,#3159,.T.);
#3157=EDGE_CURVE('',#215,#85,#3160,.F.);
#3158=EDGE_CURVE('',#85,#203,#3161,.T.);
#3159=EDGE_CURVE('',#203,#215,#3162,.T.);
#3160=LINE('',#214,#3163);
#3161=LINE('',#84,#3164);
#3162=LINE('',#202,#3165);
#3163=VECTOR('',#3166,1.0);
#3164=VECTOR('',#3167,1.0);
#3165=VECTOR('',#3168,1.0);
#3166=DIRECTION('',(0.024107998802610834,0.9996594765690825,0.009986756198149519));
#3167=DIRECTION('',(0,-1,0));
#3168=DIRECTION('',(-0.9238673904530366,0,-0.3827127445715604));
#3169=FACE_SURFACE('',(#3174),#3170,.T.);
#3170=PLANE('',#3171);
#3171=AXIS2_PLACEMENT_3D('',#214,#3172,#3173);
#3172=DIRECTION('',(0.38271274457156046,0,-0.9238673904530367));
#3173=DIRECTION('',(0,1,0));
#3174=FACE_BOUND('',#3175,.T.);
#3175=EDGE_LOOP('',(#3176,#3177,#3178));
#3176=ORIENTED_EDGE('',*,*,#3179,.T.);
#3177=ORIENTED_EDGE('',*,*,#3180,.T.);
#3178=ORIENTED_EDGE('',*,*,#3181,.T.);
#3179=EDGE_CURVE('',#215,#89,#3182,.F.);
#3180=EDGE_CURVE('',#89,#85,#3183,.T.);
#3181=EDGE_CURVE('',#85,#215,#3184,.T.);
#3182=LINE('',#214,#3185);
#3183=LINE('',#88,#3186);
#3184=LINE('',#84,#3187);
#3185=VECTOR('',#3188,1.0);
#3186=VECTOR('',#3189,1.0);
#3187=VECTOR('',#3190,1.0);
#3188=DIRECTION('',(0,1,0));
#3189=DIRECTION('',(0.9238673904530366,0,0.3827127445715604));
#3190=DIRECTION('',(-0.024107998802610834,-0.9996594765690825,-0.009986756198149519));
#3191=FACE_SURFACE('',(#3196),#3192,.T.);
#3192=PLANE('',#3193);
#3193=AXIS2_PLACEMENT_3D('',#212,#3194,#3195);
#3194=DIRECTION('',(0.7934134476441351,0,-0.6086830875730385));
#3195=DIRECTION('',(0.015883261486500547,0.999659481387619,0.02070370199718346));
#3196=FACE_BOUND('',#3197,.T.);
#3197=EDGE_LOOP('',(#3198,#3199,#3200));
#3198=ORIENTED_EDGE('',*,*,#3201,.T.);
#3199=ORIENTED_EDGE('',*,*,#3202,.T.);
#3200=ORIENTED_EDGE('',*,*,#3203,.T.);
#3201=EDGE_CURVE('',#213,#87,#3204,.F.);
#3202=EDGE_CURVE('',#87,#217,#3205,.T.);
#3203=EDGE_CURVE('',#217,#213,#3206,.T.);
#3204=LINE('',#212,#3207);
#3205=LINE('',#86,#3208);
#3206=LINE('',#216,#3209);
#3207=VECTOR('',#3210,1.0);
#3208=VECTOR('',#3211,1.0);
#3209=VECTOR('',#3212,1.0);
#3210=DIRECTION('',(0.015883261486500547,0.999659481387619,0.02070370199718346));
#3211=DIRECTION('',(0,-1,0));
#3212=DIRECTION('',(-0.6086830875730385,0,-0.7934134476441352));
#3213=FACE_SURFACE('',(#3218),#3214,.T.);
#3214=PLANE('',#3215);
#3215=AXIS2_PLACEMENT_3D('',#216,#3216,#3217);
#3216=DIRECTION('',(0.6087171558097195,0,-0.7933873103490663));
#3217=DIRECTION('',(0,1,0));
#3218=FACE_BOUND('',#3219,.T.);
#3219=EDGE_LOOP('',(#3220,#3221,#3222));
#3220=ORIENTED_EDGE('',*,*,#3223,.T.);
#3221=ORIENTED_EDGE('',*,*,#3224,.T.);
#3222=ORIENTED_EDGE('',*,*,#3225,.T.);
#3223=EDGE_CURVE('',#217,#87,#3226,.F.);
#3224=EDGE_CURVE('',#87,#89,#3227,.T.);
#3225=EDGE_CURVE('',#89,#217,#3228,.T.);
#3226=LINE('',#216,#3229);
#3227=LINE('',#86,#3230);
#3228=LINE('',#88,#3231);
#3229=VECTOR('',#3232,1.0);
#3230=VECTOR('',#3233,1.0);
#3231=VECTOR('',#3234,1.0);
#3232=DIRECTION('',(0,1,0));
#3233=DIRECTION('',(0.7933873103490664,0,0.6087171558097195));
#3234=DIRECTION('',(-0.02070583558131039,-0.9996593887440755,-0.015886310732867122));
#3235=FACE_SURFACE('',(#3240),#3236,.T.);
#3236=PLANE('',#3237);
#3237=AXIS2_PLACEMENT_3D('',#216,#3238,#3239);
#3238=DIRECTION('',(0.6087171558097195,0,-0.7933873103490663));
#3239=DIRECTION('',(0.02070583558131039,0.9996593887440755,0.015886310732867122));
#3240=FACE_BOUND('',#3241,.T.);
#3241=EDGE_LOOP('',(#3242,#3243,#3244));
#3242=ORIENTED_EDGE('',*,*,#3245,.T.);
#3243=ORIENTED_EDGE('',*,*,#3246,.T.);
#3244=ORIENTED_EDGE('',*,*,#3247,.T.);
#3245=EDGE_CURVE('',#217,#89,#3248,.F.);
#3246=EDGE_CURVE('',#89,#215,#3249,.T.);
#3247=EDGE_CURVE('',#215,#217,#3250,.T.);
#3248=LINE('',#216,#3251);
#3249=LINE('',#88,#3252);
#3250=LINE('',#214,#3253);
#3251=VECTOR('',#3254,1.0);
#3252=VECTOR('',#3255,1.0);
#3253=VECTOR('',#3256,1.0);
#3254=DIRECTION('',(0.02070583558131039,0.9996593887440755,0.015886310732867122));
#3255=DIRECTION('',(0,-1,0));
#3256=DIRECTION('',(-0.7933873103490664,0,-0.6087171558097195));
#3257=FACE_SURFACE('',(#3262),#3258,.T.);
#3258=PLANE('',#3259);
#3259=AXIS2_PLACEMENT_3D('',#138,#3260,#3261);
#3260=DIRECTION('',(-0.3090333208423907,0.9510512113493805,0));
#3261=DIRECTION('',(0,0,1));
#3262=FACE_BOUND('',#3263,.T.);
#3263=EDGE_LOOP('',(#3264,#3265,#3266));
#3264=ORIENTED_EDGE('',*,*,#3267,.T.);
#3265=ORIENTED_EDGE('',*,*,#3268,.T.);
#3266=ORIENTED_EDGE('',*,*,#3269,.T.);
#3267=EDGE_CURVE('',#139,#115,#3270,.F.);
#3268=EDGE_CURVE('',#115,#91,#3271,.T.);
#3269=EDGE_CURVE('',#91,#139,#3272,.T.);
#3270=LINE('',#138,#3273);
#3271=LINE('',#114,#3274);
#3272=LINE('',#90,#3275);
#3273=VECTOR('',#3276,1.0);
#3274=VECTOR('',#3277,1.0);
#3275=VECTOR('',#3278,1.0);
#3276=DIRECTION('',(0,0,1));
#3277=DIRECTION('',(0.04969601174025758,0.016148156226965138,-0.9986338385352169));
#3278=DIRECTION('',(-0.9510512113493804,-0.30903332084239066,0));
#3279=FACE_SURFACE('',(#3284),#3280,.T.);
#3280=PLANE('',#3281);
#3281=AXIS2_PLACEMENT_3D('',#94,#3282,#3283);
#3282=DIRECTION('',(-0.3302791960364958,-0.9438832833912708,-0));
#3283=DIRECTION('',(0,0,-1));
#3284=FACE_BOUND('',#3285,.T.);
#3285=EDGE_LOOP('',(#3286,#3287,#3288));
#3286=ORIENTED_EDGE('',*,*,#3289,.T.);
#3287=ORIENTED_EDGE('',*,*,#3290,.T.);
#3288=ORIENTED_EDGE('',*,*,#3291,.T.);
#3289=EDGE_CURVE('',#95,#93,#3292,.F.);
#3290=EDGE_CURVE('',#93,#219,#3293,.T.);
#3291=EDGE_CURVE('',#219,#95,#3294,.T.);
#3292=LINE('',#94,#3295);
#3293=LINE('',#92,#3296);
#3294=LINE('',#218,#3297);
#3295=VECTOR('',#3298,1.0);
#3296=VECTOR('',#3299,1.0);
#3297=VECTOR('',#3300,1.0);
#3298=DIRECTION('',(0,0,-1));
#3299=DIRECTION('',(0.9438832833912708,-0.3302791960364958,0));
#3300=DIRECTION('',(-0.026409740816185065,0.009241172206125439,0.9996084865217375));
#3301=FACE_SURFACE('',(#3306),#3302,.T.);
#3302=PLANE('',#3303);
#3303=AXIS2_PLACEMENT_3D('',#220,#3304,#3305);
#3304=DIRECTION('',(0,0,-1));
#3305=DIRECTION('',(-1,0,0));
#3306=FACE_BOUND('',#3307,.T.);
#3307=EDGE_LOOP('',(#3308,#3309,#3310));
#3308=ORIENTED_EDGE('',*,*,#3311,.T.);
#3309=ORIENTED_EDGE('',*,*,#3312,.T.);
#3310=ORIENTED_EDGE('',*,*,#3313,.T.);
#3311=EDGE_CURVE('',#221,#219,#3314,.F.);
#3312=EDGE_CURVE('',#219,#93,#3315,.T.);
#3313=EDGE_CURVE('',#93,#221,#3316,.T.);
#3314=LINE('',#220,#3317);
#3315=LINE('',#218,#3318);
#3316=LINE('',#92,#3319);
#3317=VECTOR('',#3320,1.0);
#3318=VECTOR('',#3321,1.0);
#3319=VECTOR('',#3322,1.0);
#3320=DIRECTION('',(-1,0,0));
#3321=DIRECTION('',(-0.9438832833912708,0.3302791960364958,0));
#3322=DIRECTION('',(0.9999829822013631,-0.005833978716814822,0));
#3323=FACE_SURFACE('',(#3328),#3324,.T.);
#3324=PLANE('',#3325);
#3325=AXIS2_PLACEMENT_3D('',#220,#3326,#3327);
#3326=DIRECTION('',(0,0,-1));
#3327=DIRECTION('',(-0.9999829822013631,0.005833978716814822,0));
#3328=FACE_BOUND('',#3329,.T.);
#3329=EDGE_LOOP('',(#3330,#3331,#3332));
#3330=ORIENTED_EDGE('',*,*,#3333,.T.);
#3331=ORIENTED_EDGE('',*,*,#3334,.T.);
#3332=ORIENTED_EDGE('',*,*,#3335,.T.);
#3333=EDGE_CURVE('',#221,#93,#3336,.F.);
#3334=EDGE_CURVE('',#93,#123,#3337,.T.);
#3335=EDGE_CURVE('',#123,#221,#3338,.T.);
#3336=LINE('',#220,#3339);
#3337=LINE('',#92,#3340);
#3338=LINE('',#122,#3341);
#3339=VECTOR('',#3342,1.0);
#3340=VECTOR('',#3343,1.0);
#3341=VECTOR('',#3344,1.0);
#3342=DIRECTION('',(-0.9999829822013631,0.005833978716814822,0));
#3343=DIRECTION('',(1,0,0));
#3344=DIRECTION('',(-0.9438832833912708,-0.3302791960364958,0));
#3345=FACE_SURFACE('',(#3350),#3346,.T.);
#3346=PLANE('',#3347);
#3347=AXIS2_PLACEMENT_3D('',#94,#3348,#3349);
#3348=DIRECTION('',(-0.3302791960364958,-0.9438832833912708,0));
#3349=DIRECTION('',(0.026409740816185065,-0.009241172206125439,-0.9996084865217375));
#3350=FACE_BOUND('',#3351,.T.);
#3351=EDGE_LOOP('',(#3352,#3353,#3354));
#3352=ORIENTED_EDGE('',*,*,#3355,.T.);
#3353=ORIENTED_EDGE('',*,*,#3356,.T.);
#3354=ORIENTED_EDGE('',*,*,#3357,.T.);
#3355=EDGE_CURVE('',#95,#219,#3358,.F.);
#3356=EDGE_CURVE('',#219,#223,#3359,.T.);
#3357=EDGE_CURVE('',#223,#95,#3360,.T.);
#3358=LINE('',#94,#3361);
#3359=LINE('',#218,#3362);
#3360=LINE('',#222,#3363);
#3361=VECTOR('',#3364,1.0);
#3362=VECTOR('',#3365,1.0);
#3363=VECTOR('',#3366,1.0);
#3364=DIRECTION('',(0.026409740816185065,-0.009241172206125439,-0.9996084865217375));
#3365=DIRECTION('',(0,0,1));
#3366=DIRECTION('',(-0.9438832833912708,0.3302791960364958,0));
#3367=FACE_SURFACE('',(#3372),#3368,.T.);
#3368=PLANE('',#3369);
#3369=AXIS2_PLACEMENT_3D('',#224,#3370,#3371);
#3370=DIRECTION('',(0,0,1));
#3371=DIRECTION('',(-0.9999829822013631,0.005833978716814822,0));
#3372=FACE_BOUND('',#3373,.T.);
#3373=EDGE_LOOP('',(#3374,#3375,#3376));
#3374=ORIENTED_EDGE('',*,*,#3377,.T.);
#3375=ORIENTED_EDGE('',*,*,#3378,.T.);
#3376=ORIENTED_EDGE('',*,*,#3379,.T.);
#3377=EDGE_CURVE('',#225,#95,#3380,.F.);
#3378=EDGE_CURVE('',#95,#223,#3381,.T.);
#3379=EDGE_CURVE('',#223,#225,#3382,.T.);
#3380=LINE('',#224,#3383);
#3381=LINE('',#94,#3384);
#3382=LINE('',#222,#3385);
#3383=VECTOR('',#3386,1.0);
#3384=VECTOR('',#3387,1.0);
#3385=VECTOR('',#3388,1.0);
#3386=DIRECTION('',(-0.9999829822013631,0.005833978716814822,0));
#3387=DIRECTION('',(0.9438832833912708,-0.3302791960364958,0));
#3388=DIRECTION('',(1,0,0));
#3389=FACE_SURFACE('',(#3394),#3390,.T.);
#3390=PLANE('',#3391);
#3391=AXIS2_PLACEMENT_3D('',#98,#3392,#3393);
#3392=DIRECTION('',(0,0,1));
#3393=DIRECTION('',(-1,0,0));
#3394=FACE_BOUND('',#3395,.T.);
#3395=EDGE_LOOP('',(#3396,#3397,#3398));
#3396=ORIENTED_EDGE('',*,*,#3399,.T.);
#3397=ORIENTED_EDGE('',*,*,#3400,.T.);
#3398=ORIENTED_EDGE('',*,*,#3401,.T.);
#3399=EDGE_CURVE('',#99,#95,#3402,.F.);
#3400=EDGE_CURVE('',#95,#225,#3403,.T.);
#3401=EDGE_CURVE('',#225,#99,#3404,.T.);
#3402=LINE('',#98,#3405);
#3403=LINE('',#94,#3406);
#3404=LINE('',#224,#3407);
#3405=VECTOR('',#3408,1.0);
#3406=VECTOR('',#3409,1.0);
#3407=VECTOR('',#3410,1.0);
#3408=DIRECTION('',(-1,0,0));
#3409=DIRECTION('',(0.9999829822013631,-0.005833978716814822,0));
#3410=DIRECTION('',(0.9438832833912708,0.3302791960364958,0));
#3411=FACE_SURFACE('',(#3416),#3412,.T.);
#3412=PLANE('',#3413);
#3413=AXIS2_PLACEMENT_3D('',#120,#3414,#3415);
#3414=DIRECTION('',(0.3302791960364958,-0.9438832833912708,0));
#3415=DIRECTION('',(0,0,1));
#3416=FACE_BOUND('',#3417,.T.);
#3417=EDGE_LOOP('',(#3418,#3419,#3420));
#3418=ORIENTED_EDGE('',*,*,#3421,.T.);
#3419=ORIENTED_EDGE('',*,*,#3422,.T.);
#3420=ORIENTED_EDGE('',*,*,#3423,.T.);
#3421=EDGE_CURVE('',#121,#97,#3424,.F.);
#3422=EDGE_CURVE('',#97,#227,#3425,.T.);
#3423=EDGE_CURVE('',#227,#121,#3426,.T.);
#3424=LINE('',#120,#3427);
#3425=LINE('',#96,#3428);
#3426=LINE('',#226,#3429);
#3427=VECTOR('',#3430,1.0);
#3428=VECTOR('',#3431,1.0);
#3429=VECTOR('',#3432,1.0);
#3430=DIRECTION('',(0,0,1));
#3431=DIRECTION('',(-0.9438832833912708,-0.3302791960364958,0));
#3432=DIRECTION('',(0.026409740816185065,0.009241172206125439,-0.9996084865217375));
#3433=FACE_SURFACE('',(#3438),#3434,.T.);
#3434=PLANE('',#3435);
#3435=AXIS2_PLACEMENT_3D('',#96,#3436,#3437);
#3436=DIRECTION('',(0,0,1));
#3437=DIRECTION('',(-0.9998251641837268,0.018698691531331624,0));
#3438=FACE_BOUND('',#3439,.T.);
#3439=EDGE_LOOP('',(#3440,#3441,#3442));
#3440=ORIENTED_EDGE('',*,*,#3443,.T.);
#3441=ORIENTED_EDGE('',*,*,#3444,.T.);
#3442=ORIENTED_EDGE('',*,*,#3445,.T.);
#3443=EDGE_CURVE('',#97,#101,#3446,.F.);
#3444=EDGE_CURVE('',#101,#227,#3447,.T.);
#3445=EDGE_CURVE('',#227,#97,#3448,.T.);
#3446=LINE('',#96,#3449);
#3447=LINE('',#100,#3450);
#3448=LINE('',#226,#3451);
#3449=VECTOR('',#3452,1.0);
#3450=VECTOR('',#3453,1.0);
#3451=VECTOR('',#3454,1.0);
#3452=DIRECTION('',(-0.9998251641837268,0.018698691531331624,0));
#3453=DIRECTION('',(0.9988891042091437,-0.04712279164326674,0));
#3454=DIRECTION('',(0.9438832833912708,0.3302791960364958,0));
#3455=FACE_SURFACE('',(#3460),#3456,.T.);
#3456=PLANE('',#3457);
#3457=AXIS2_PLACEMENT_3D('',#192,#3458,#3459);
#3458=DIRECTION('',(0.3302791960364958,-0.9438832833912708,0));
#3459=DIRECTION('',(0,0,1));
#3460=FACE_BOUND('',#3461,.T.);
#3461=EDGE_LOOP('',(#3462,#3463,#3464));
#3462=ORIENTED_EDGE('',*,*,#3465,.T.);
#3463=ORIENTED_EDGE('',*,*,#3466,.T.);
#3464=ORIENTED_EDGE('',*,*,#3467,.T.);
#3465=EDGE_CURVE('',#193,#99,#3468,.F.);
#3466=EDGE_CURVE('',#99,#225,#3469,.T.);
#3467=EDGE_CURVE('',#225,#193,#3470,.T.);
#3468=LINE('',#192,#3471);
#3469=LINE('',#98,#3472);
#3470=LINE('',#224,#3473);
#3471=VECTOR('',#3474,1.0);
#3472=VECTOR('',#3475,1.0);
#3473=VECTOR('',#3476,1.0);
#3474=DIRECTION('',(0,0,1));
#3475=DIRECTION('',(-0.9438832833912708,-0.3302791960364958,0));
#3476=DIRECTION('',(0.09703422824263856,0.033953760444675005,-0.9947017144355494));
#3477=FACE_SURFACE('',(#3482),#3478,.T.);
#3478=PLANE('',#3479);
#3479=AXIS2_PLACEMENT_3D('',#98,#3480,#3481);
#3480=DIRECTION('',(0.11193114293538518,-0.993715965073108,0));
#3481=DIRECTION('',(0.10216013854995687,0.011507212797464422,-0.99470140753147));
#3482=FACE_BOUND('',#3483,.T.);
#3483=EDGE_LOOP('',(#3484,#3485,#3486));
#3484=ORIENTED_EDGE('',*,*,#3487,.T.);
#3485=ORIENTED_EDGE('',*,*,#3488,.T.);
#3486=ORIENTED_EDGE('',*,*,#3489,.T.);
#3487=EDGE_CURVE('',#99,#189,#3490,.F.);
#3488=EDGE_CURVE('',#189,#103,#3491,.T.);
#3489=EDGE_CURVE('',#103,#99,#3492,.T.);
#3490=LINE('',#98,#3493);
#3491=LINE('',#188,#3494);
#3492=LINE('',#102,#3495);
#3493=VECTOR('',#3496,1.0);
#3494=VECTOR('',#3497,1.0);
#3495=VECTOR('',#3498,1.0);
#3496=DIRECTION('',(0.10216013854995687,0.011507212797464422,-0.99470140753147));
#3497=DIRECTION('',(0,0,1));
#3498=DIRECTION('',(-0.993715965073108,-0.1119311429353852,0));
#3499=FACE_SURFACE('',(#3504),#3500,.T.);
#3500=PLANE('',#3501);
#3501=AXIS2_PLACEMENT_3D('',#188,#3502,#3503);
#3502=DIRECTION('',(0.11193114293538518,-0.993715965073108,0));
#3503=DIRECTION('',(-0.10216013854995687,-0.011507212797464422,0.99470140753147));
#3504=FACE_BOUND('',#3505,.T.);
#3505=EDGE_LOOP('',(#3506,#3507,#3508));
#3506=ORIENTED_EDGE('',*,*,#3509,.T.);
#3507=ORIENTED_EDGE('',*,*,#3510,.T.);
#3508=ORIENTED_EDGE('',*,*,#3511,.T.);
#3509=EDGE_CURVE('',#189,#99,#3512,.F.);
#3510=EDGE_CURVE('',#99,#193,#3513,.T.);
#3511=EDGE_CURVE('',#193,#189,#3514,.T.);
#3512=LINE('',#188,#3515);
#3513=LINE('',#98,#3516);
#3514=LINE('',#192,#3517);
#3515=VECTOR('',#3518,1.0);
#3516=VECTOR('',#3519,1.0);
#3517=VECTOR('',#3520,1.0);
#3518=DIRECTION('',(-0.10216013854995687,-0.011507212797464422,0.99470140753147));
#3519=DIRECTION('',(0,0,-1));
#3520=DIRECTION('',(0.993715965073108,0.1119311429353852,0));
#3521=FACE_SURFACE('',(#3526),#3522,.T.);
#3522=PLANE('',#3523);
#3523=AXIS2_PLACEMENT_3D('',#124,#3524,#3525);
#3524=DIRECTION('',(-0.9298007915001588,0.36806315779452614,0));
#3525=DIRECTION('',(0,0,1));
#3526=FACE_BOUND('',#3527,.T.);
#3527=EDGE_LOOP('',(#3528,#3529,#3530));
#3528=ORIENTED_EDGE('',*,*,#3531,.T.);
#3529=ORIENTED_EDGE('',*,*,#3532,.T.);
#3530=ORIENTED_EDGE('',*,*,#3533,.T.);
#3531=EDGE_CURVE('',#125,#101,#3534,.F.);
#3532=EDGE_CURVE('',#101,#129,#3535,.T.);
#3533=EDGE_CURVE('',#129,#125,#3536,.T.);
#3534=LINE('',#124,#3537);
#3535=LINE('',#100,#3538);
#3536=LINE('',#128,#3539);
#3537=VECTOR('',#3540,1.0);
#3538=VECTOR('',#3541,1.0);
#3539=VECTOR('',#3542,1.0);
#3540=DIRECTION('',(0,0,1));
#3541=DIRECTION('',(0.019232316924313788,0.04858466032232364,-0.9986338912569948));
#3542=DIRECTION('',(-0.36806315779452614,-0.9298007915001588,0));
#3543=FACE_SURFACE('',(#3548),#3544,.T.);
#3544=PLANE('',#3545);
#3545=AXIS2_PLACEMENT_3D('',#128,#3546,#3547);
#3546=DIRECTION('',(-0.9298007915001588,0.36806315779452614,0));
#3547=DIRECTION('',(-0.019232316924313788,-0.04858466032232364,0.9986338912569948));
#3548=FACE_BOUND('',#3549,.T.);
#3549=EDGE_LOOP('',(#3550,#3551,#3552));
#3550=ORIENTED_EDGE('',*,*,#3553,.T.);
#3551=ORIENTED_EDGE('',*,*,#3554,.T.);
#3552=ORIENTED_EDGE('',*,*,#3555,.T.);
#3553=EDGE_CURVE('',#129,#101,#3556,.F.);
#3554=EDGE_CURVE('',#101,#105,#3557,.T.);
#3555=EDGE_CURVE('',#105,#129,#3558,.T.);
#3556=LINE('',#128,#3559);
#3557=LINE('',#100,#3560);
#3558=LINE('',#104,#3561);
#3559=VECTOR('',#3562,1.0);
#3560=VECTOR('',#3563,1.0);
#3561=VECTOR('',#3564,1.0);
#3562=DIRECTION('',(-0.019232316924313788,-0.04858466032232364,0.9986338912569948));
#3563=DIRECTION('',(0.36806315779452614,0.9298007915001588,0));
#3564=DIRECTION('',(0,0,-1));
#3565=FACE_SURFACE('',(#3570),#3566,.T.);
#3566=PLANE('',#3567);
#3567=AXIS2_PLACEMENT_3D('',#124,#3568,#3569);
#3568=DIRECTION('',(-0.9685837014637889,0.24868778268886815,0));
#3569=DIRECTION('',(-0.012994917750713951,-0.05061231958849832,0.9986338293982053));
#3570=FACE_BOUND('',#3571,.T.);
#3571=EDGE_LOOP('',(#3572,#3573,#3574));
#3572=ORIENTED_EDGE('',*,*,#3575,.T.);
#3573=ORIENTED_EDGE('',*,*,#3576,.T.);
#3574=ORIENTED_EDGE('',*,*,#3577,.T.);
#3575=EDGE_CURVE('',#125,#229,#3578,.F.);
#3576=EDGE_CURVE('',#229,#101,#3579,.T.);
#3577=EDGE_CURVE('',#101,#125,#3580,.T.);
#3578=LINE('',#124,#3581);
#3579=LINE('',#228,#3582);
#3580=LINE('',#100,#3583);
#3581=VECTOR('',#3584,1.0);
#3582=VECTOR('',#3585,1.0);
#3583=VECTOR('',#3586,1.0);
#3584=DIRECTION('',(-0.012994917750713951,-0.05061231958849832,0.9986338293982053));
#3585=DIRECTION('',(0.24868778268886813,0.9685837014637889,0));
#3586=DIRECTION('',(0,0,-1));
#3587=FACE_SURFACE('',(#3592),#3588,.T.);
#3588=PLANE('',#3589);
#3589=AXIS2_PLACEMENT_3D('',#226,#3590,#3591);
#3590=DIRECTION('',(0,0,1));
#3591=DIRECTION('',(-0.9988891042091437,0.04712279164326674,0));
#3592=FACE_BOUND('',#3593,.T.);
#3593=EDGE_LOOP('',(#3594,#3595,#3596));
#3594=ORIENTED_EDGE('',*,*,#3597,.T.);
#3595=ORIENTED_EDGE('',*,*,#3598,.T.);
#3596=ORIENTED_EDGE('',*,*,#3599,.T.);
#3597=EDGE_CURVE('',#227,#101,#3600,.F.);
#3598=EDGE_CURVE('',#101,#229,#3601,.T.);
#3599=EDGE_CURVE('',#229,#227,#3602,.T.);
#3600=LINE('',#226,#3603);
#3601=LINE('',#100,#3604);
#3602=LINE('',#228,#3605);
#3603=VECTOR('',#3606,1.0);
#3604=VECTOR('',#3607,1.0);
#3605=VECTOR('',#3608,1.0);
#3606=DIRECTION('',(-0.9988891042091437,0.04712279164326674,0));
#3607=DIRECTION('',(-0.24868778268886813,-0.9685837014637889,0));
#3608=DIRECTION('',(0.9952998197495281,0.09684146222851454,0));
#3609=FACE_SURFACE('',(#3614),#3610,.T.);
#3610=PLANE('',#3611);
#3611=AXIS2_PLACEMENT_3D('',#102,#3612,#3613);
#3612=DIRECTION('',(0,0,1));
#3613=DIRECTION('',(0.3486302380024755,0.9372603465154904,0));
#3614=FACE_BOUND('',#3615,.T.);
#3615=EDGE_LOOP('',(#3616,#3617,#3618));
#3616=ORIENTED_EDGE('',*,*,#3619,.T.);
#3617=ORIENTED_EDGE('',*,*,#3620,.T.);
#3618=ORIENTED_EDGE('',*,*,#3621,.T.);
#3619=EDGE_CURVE('',#103,#231,#3622,.F.);
#3620=EDGE_CURVE('',#231,#183,#3623,.T.);
#3621=EDGE_CURVE('',#183,#103,#3624,.T.);
#3622=LINE('',#102,#3625);
#3623=LINE('',#230,#3626);
#3624=LINE('',#182,#3627);
#3625=VECTOR('',#3628,1.0);
#3626=VECTOR('',#3629,1.0);
#3627=VECTOR('',#3630,1.0);
#3628=DIRECTION('',(0.3486302380024755,0.9372603465154904,0));
#3629=DIRECTION('',(-0.9822862899472372,0.1873863511083245,0));
#3630=DIRECTION('',(-0.17818713947845058,-0.983996617537117,0));
#3631=FACE_SURFACE('',(#3636),#3632,.T.);
#3632=PLANE('',#3633);
#3633=AXIS2_PLACEMENT_3D('',#102,#3634,#3635);
#3634=DIRECTION('',(0,0,1));
#3635=DIRECTION('',(0.504644090795008,0.8633274822601674,0));
#3636=FACE_BOUND('',#3637,.T.);
#3637=EDGE_LOOP('',(#3638,#3639,#3640));
#3638=ORIENTED_EDGE('',*,*,#3641,.T.);
#3639=ORIENTED_EDGE('',*,*,#3642,.T.);
#3640=ORIENTED_EDGE('',*,*,#3643,.T.);
#3641=EDGE_CURVE('',#103,#233,#3644,.F.);
#3642=EDGE_CURVE('',#233,#231,#3645,.T.);
#3643=EDGE_CURVE('',#231,#103,#3646,.T.);
#3644=LINE('',#102,#3647);
#3645=LINE('',#232,#3648);
#3646=LINE('',#230,#3649);
#3647=VECTOR('',#3650,1.0);
#3648=VECTOR('',#3651,1.0);
#3649=VECTOR('',#3652,1.0);
#3650=DIRECTION('',(0.504644090795008,0.8633274822601674,0));
#3651=DIRECTION('',(-0.9510512113493804,0.30903332084239066,0));
#3652=DIRECTION('',(-0.3486302380024755,-0.9372603465154904,0));
#3653=FACE_SURFACE('',(#3658),#3654,.T.);
#3654=PLANE('',#3655);
#3655=AXIS2_PLACEMENT_3D('',#102,#3656,#3657);
#3656=DIRECTION('',(0,0,1));
#3657=DIRECTION('',(0.6413550291725322,0.7672442417868645,0));
#3658=FACE_BOUND('',#3659,.T.);
#3659=EDGE_LOOP('',(#3660,#3661,#3662));
#3660=ORIENTED_EDGE('',*,*,#3663,.T.);
#3661=ORIENTED_EDGE('',*,*,#3664,.T.);
#3662=ORIENTED_EDGE('',*,*,#3665,.T.);
#3663=EDGE_CURVE('',#103,#235,#3666,.F.);
#3664=EDGE_CURVE('',#235,#233,#3667,.T.);
#3665=EDGE_CURVE('',#233,#103,#3668,.T.);
#3666=LINE('',#102,#3669);
#3667=LINE('',#234,#3670);
#3668=LINE('',#232,#3671);
#3669=VECTOR('',#3672,1.0);
#3670=VECTOR('',#3673,1.0);
#3671=VECTOR('',#3674,1.0);
#3672=DIRECTION('',(0.6413550291725322,0.7672442417868645,0));
#3673=DIRECTION('',(-0.9048275142143484,0.42577831029854385,0));
#3674=DIRECTION('',(-0.504644090795008,-0.8633274822601674,0));
#3675=FACE_SURFACE('',(#3680),#3676,.T.);
#3676=PLANE('',#3677);
#3677=AXIS2_PLACEMENT_3D('',#102,#3678,#3679);
#3678=DIRECTION('',(0,0,1));
#3679=DIRECTION('',(0.7559341482735671,0.6546476636129672,0));
#3680=FACE_BOUND('',#3681,.T.);
#3681=EDGE_LOOP('',(#3682,#3683,#3684));
#3682=ORIENTED_EDGE('',*,*,#3685,.T.);
#3683=ORIENTED_EDGE('',*,*,#3686,.T.);
#3684=ORIENTED_EDGE('',*,*,#3687,.T.);
#3685=EDGE_CURVE('',#103,#237,#3688,.F.);
#3686=EDGE_CURVE('',#237,#235,#3689,.T.);
#3687=EDGE_CURVE('',#235,#103,#3690,.T.);
#3688=LINE('',#102,#3691);
#3689=LINE('',#236,#3692);
#3690=LINE('',#234,#3693);
#3691=VECTOR('',#3694,1.0);
#3692=VECTOR('',#3695,1.0);
#3693=VECTOR('',#3696,1.0);
#3694=DIRECTION('',(0.7559341482735671,0.6546476636129672,0));
#3695=DIRECTION('',(-0.8443125050548351,0.5358510929428333,0));
#3696=DIRECTION('',(-0.6413550291725322,-0.7672442417868645,0));
#3697=FACE_SURFACE('',(#3702),#3698,.T.);
#3698=PLANE('',#3699);
#3699=AXIS2_PLACEMENT_3D('',#102,#3700,#3701);
#3700=DIRECTION('',(0,0,1));
#3701=DIRECTION('',(0.8473681525558602,0.5310058512239467,0));
#3702=FACE_BOUND('',#3703,.T.);
#3703=EDGE_LOOP('',(#3704,#3705,#3706));
#3704=ORIENTED_EDGE('',*,*,#3707,.T.);
#3705=ORIENTED_EDGE('',*,*,#3708,.T.);
#3706=ORIENTED_EDGE('',*,*,#3709,.T.);
#3707=EDGE_CURVE('',#103,#239,#3710,.F.);
#3708=EDGE_CURVE('',#239,#237,#3711,.T.);
#3709=EDGE_CURVE('',#237,#103,#3712,.T.);
#3710=LINE('',#102,#3713);
#3711=LINE('',#238,#3714);
#3712=LINE('',#236,#3715);
#3713=VECTOR('',#3716,1.0);
#3714=VECTOR('',#3717,1.0);
#3715=VECTOR('',#3718,1.0);
#3716=DIRECTION('',(0.8473681525558602,0.5310058512239467,0));
#3717=DIRECTION('',(-0.7705299594707639,0.6374037821961703,0));
#3718=DIRECTION('',(-0.7559341482735671,-0.6546476636129672,0));
#3719=FACE_SURFACE('',(#3724),#3720,.T.);
#3720=PLANE('',#3721);
#3721=AXIS2_PLACEMENT_3D('',#102,#3722,#3723);
#3722=DIRECTION('',(-0.11193114293538518,-0.993715965073108,-0));
#3723=DIRECTION('',(0,0,-1));
#3724=FACE_BOUND('',#3725,.T.);
#3725=EDGE_LOOP('',(#3726,#3727,#3728));
#3726=ORIENTED_EDGE('',*,*,#3729,.T.);
#3727=ORIENTED_EDGE('',*,*,#3730,.T.);
#3728=ORIENTED_EDGE('',*,*,#3731,.T.);
#3729=EDGE_CURVE('',#103,#189,#3732,.F.);
#3730=EDGE_CURVE('',#189,#185,#3733,.T.);
#3731=EDGE_CURVE('',#185,#103,#3734,.T.);
#3732=LINE('',#102,#3735);
#3733=LINE('',#188,#3736);
#3734=LINE('',#184,#3737);
#3735=VECTOR('',#3738,1.0);
#3736=VECTOR('',#3739,1.0);
#3737=VECTOR('',#3740,1.0);
#3738=DIRECTION('',(0,0,-1));
#3739=DIRECTION('',(0.993715965073108,-0.1119311429353852,0));
#3740=DIRECTION('',(-0.10216013854995687,0.011507212797464422,0.99470140753147));
#3741=FACE_SURFACE('',(#3746),#3742,.T.);
#3742=PLANE('',#3743);
#3743=AXIS2_PLACEMENT_3D('',#102,#3744,#3745);
#3744=DIRECTION('',(0,0,1));
#3745=DIRECTION('',(0.9160163251702758,0.4011409877107345,0));
#3746=FACE_BOUND('',#3747,.T.);
#3747=EDGE_LOOP('',(#3748,#3749,#3750));
#3748=ORIENTED_EDGE('',*,*,#3751,.T.);
#3749=ORIENTED_EDGE('',*,*,#3752,.T.);
#3750=ORIENTED_EDGE('',*,*,#3753,.T.);
#3751=EDGE_CURVE('',#103,#241,#3754,.F.);
#3752=EDGE_CURVE('',#241,#239,#3755,.T.);
#3753=EDGE_CURVE('',#239,#103,#3756,.T.);
#3754=LINE('',#102,#3757);
#3755=LINE('',#240,#3758);
#3756=LINE('',#238,#3759);
#3757=VECTOR('',#3760,1.0);
#3758=VECTOR('',#3761,1.0);
#3759=VECTOR('',#3762,1.0);
#3760=DIRECTION('',(0.9160163251702758,0.4011409877107345,0));
#3761=DIRECTION('',(-0.6845881488333845,0.7289300833940657,0));
#3762=DIRECTION('',(-0.8473681525558602,-0.5310058512239467,0));
#3763=FACE_SURFACE('',(#3768),#3764,.T.);
#3764=PLANE('',#3765);
#3765=AXIS2_PLACEMENT_3D('',#102,#3766,#3767);
#3766=DIRECTION('',(-0.11193114293538518,-0.993715965073108,0));
#3767=DIRECTION('',(0.10216013854995687,-0.011507212797464422,-0.99470140753147));
#3768=FACE_BOUND('',#3769,.T.);
#3769=EDGE_LOOP('',(#3770,#3771,#3772));
#3770=ORIENTED_EDGE('',*,*,#3773,.T.);
#3771=ORIENTED_EDGE('',*,*,#3774,.T.);
#3772=ORIENTED_EDGE('',*,*,#3775,.T.);
#3773=EDGE_CURVE('',#103,#185,#3776,.F.);
#3774=EDGE_CURVE('',#185,#243,#3777,.T.);
#3775=EDGE_CURVE('',#243,#103,#3778,.T.);
#3776=LINE('',#102,#3779);
#3777=LINE('',#184,#3780);
#3778=LINE('',#242,#3781);
#3779=VECTOR('',#3782,1.0);
#3780=VECTOR('',#3783,1.0);
#3781=VECTOR('',#3784,1.0);
#3782=DIRECTION('',(0.10216013854995687,-0.011507212797464422,-0.99470140753147));
#3783=DIRECTION('',(0,0,1));
#3784=DIRECTION('',(-0.993715965073108,0.1119311429353852,0));
#3785=FACE_SURFACE('',(#3790),#3786,.T.);
#3786=PLANE('',#3787);
#3787=AXIS2_PLACEMENT_3D('',#102,#3788,#3789);
#3788=DIRECTION('',(0,0,1));
#3789=DIRECTION('',(0.9631358933660081,0.2690153358269031,0));
#3790=FACE_BOUND('',#3791,.T.);
#3791=EDGE_LOOP('',(#3792,#3793,#3794));
#3792=ORIENTED_EDGE('',*,*,#3795,.T.);
#3793=ORIENTED_EDGE('',*,*,#3796,.T.);
#3794=ORIENTED_EDGE('',*,*,#3797,.T.);
#3795=EDGE_CURVE('',#103,#245,#3798,.F.);
#3796=EDGE_CURVE('',#245,#241,#3799,.T.);
#3797=EDGE_CURVE('',#241,#103,#3800,.T.);
#3798=LINE('',#102,#3801);
#3799=LINE('',#244,#3802);
#3800=LINE('',#240,#3803);
#3801=VECTOR('',#3804,1.0);
#3802=VECTOR('',#3805,1.0);
#3803=VECTOR('',#3806,1.0);
#3804=DIRECTION('',(0.9631358933660081,0.2690153358269031,0));
#3805=DIRECTION('',(-0.5877045618650862,0.8090756132543899,0));
#3806=DIRECTION('',(-0.9160163251702758,-0.4011409877107345,0));
#3807=FACE_SURFACE('',(#3812),#3808,.T.);
#3808=PLANE('',#3809);
#3809=AXIS2_PLACEMENT_3D('',#102,#3810,#3811);
#3810=DIRECTION('',(-0,0,1));
#3811=DIRECTION('',(0.993715965073108,-0.1119311429353852,0));
#3812=FACE_BOUND('',#3813,.T.);
#3813=EDGE_LOOP('',(#3814,#3815,#3816));
#3814=ORIENTED_EDGE('',*,*,#3817,.T.);
#3815=ORIENTED_EDGE('',*,*,#3818,.T.);
#3816=ORIENTED_EDGE('',*,*,#3819,.T.);
#3817=EDGE_CURVE('',#103,#243,#3820,.F.);
#3818=EDGE_CURVE('',#243,#247,#3821,.T.);
#3819=EDGE_CURVE('',#247,#103,#3822,.T.);
#3820=LINE('',#102,#3823);
#3821=LINE('',#242,#3824);
#3822=LINE('',#246,#3825);
#3823=VECTOR('',#3826,1.0);
#3824=VECTOR('',#3827,1.0);
#3825=VECTOR('',#3828,1.0);
#3826=DIRECTION('',(0.993715965073108,-0.1119311429353852,0));
#3827=DIRECTION('',(0.9998251603231192,0.018698897958136326,0));
#3828=DIRECTION('',(-0.9999550414247387,-0.009482358844155239,0));
#3829=FACE_SURFACE('',(#3834),#3830,.T.);
#3830=PLANE('',#3831);
#3831=AXIS2_PLACEMENT_3D('',#102,#3832,#3833);
#3832=DIRECTION('',(0,0,1));
#3833=DIRECTION('',(0.9904758792336414,0.13768635610090443,0));
#3834=FACE_BOUND('',#3835,.T.);
#3835=EDGE_LOOP('',(#3836,#3837,#3838));
#3836=ORIENTED_EDGE('',*,*,#3839,.T.);
#3837=ORIENTED_EDGE('',*,*,#3840,.T.);
#3838=ORIENTED_EDGE('',*,*,#3841,.T.);
#3839=EDGE_CURVE('',#103,#249,#3842,.F.);
#3840=EDGE_CURVE('',#249,#245,#3843,.T.);
#3841=EDGE_CURVE('',#245,#103,#3844,.T.);
#3842=LINE('',#102,#3845);
#3843=LINE('',#248,#3846);
#3844=LINE('',#244,#3847);
#3845=VECTOR('',#3848,1.0);
#3846=VECTOR('',#3849,1.0);
#3847=VECTOR('',#3850,1.0);
#3848=DIRECTION('',(0.9904758792336414,0.13768635610090443,0));
#3849=DIRECTION('',(-0.4818702431691663,0.8762425855595518,0));
#3850=DIRECTION('',(-0.9631358933660081,-0.2690153358269031,0));
#3851=FACE_SURFACE('',(#3856),#3852,.T.);
#3852=PLANE('',#3853);
#3853=AXIS2_PLACEMENT_3D('',#102,#3854,#3855);
#3854=DIRECTION('',(0,0,1));
#3855=DIRECTION('',(0.9999550414247387,0.009482358844155239,0));
#3856=FACE_BOUND('',#3857,.T.);
#3857=EDGE_LOOP('',(#3858,#3859,#3860));
#3858=ORIENTED_EDGE('',*,*,#3861,.T.);
#3859=ORIENTED_EDGE('',*,*,#3862,.T.);
#3860=ORIENTED_EDGE('',*,*,#3863,.T.);
#3861=EDGE_CURVE('',#103,#247,#3864,.F.);
#3862=EDGE_CURVE('',#247,#249,#3865,.T.);
#3863=EDGE_CURVE('',#249,#103,#3866,.T.);
#3864=LINE('',#102,#3867);
#3865=LINE('',#246,#3868);
#3866=LINE('',#248,#3869);
#3867=VECTOR('',#3870,1.0);
#3868=VECTOR('',#3871,1.0);
#3869=VECTOR('',#3872,1.0);
#3870=DIRECTION('',(0.9999550414247387,0.009482358844155239,0));
#3871=DIRECTION('',(-0.3679959245125827,0.9298274030927081,0));
#3872=DIRECTION('',(-0.9904758792336414,-0.13768635610090443,0));
#3873=FACE_SURFACE('',(#3878),#3874,.T.);
#3874=PLANE('',#3875);
#3875=AXIS2_PLACEMENT_3D('',#128,#3876,#3877);
#3876=DIRECTION('',(-0.8763082472106389,0.48175082342495024,0));
#3877=DIRECTION('',(0,0,1));
#3878=FACE_BOUND('',#3879,.T.);
#3879=EDGE_LOOP('',(#3880,#3881,#3882));
#3880=ORIENTED_EDGE('',*,*,#3883,.T.);
#3881=ORIENTED_EDGE('',*,*,#3884,.T.);
#3882=ORIENTED_EDGE('',*,*,#3885,.T.);
#3883=EDGE_CURVE('',#129,#105,#3886,.F.);
#3884=EDGE_CURVE('',#105,#131,#3887,.T.);
#3885=EDGE_CURVE('',#131,#129,#3888,.T.);
#3886=LINE('',#128,#3889);
#3887=LINE('',#104,#3890);
#3888=LINE('',#130,#3891);
#3889=VECTOR('',#3892,1.0);
#3890=VECTOR('',#3893,1.0);
#3891=VECTOR('',#3894,1.0);
#3892=DIRECTION('',(0,0,1));
#3893=DIRECTION('',(0.025173082576430715,0.045790020061848846,-0.9986338618214063));
#3894=DIRECTION('',(-0.4817508234249503,-0.876308247210639,0));
#3895=FACE_SURFACE('',(#3900),#3896,.T.);
#3896=PLANE('',#3897);
#3897=AXIS2_PLACEMENT_3D('',#130,#3898,#3899);
#3898=DIRECTION('',(-0.8763082472106389,0.48175082342495024,0));
#3899=DIRECTION('',(-0.025173082576430715,-0.045790020061848846,0.9986338618214063));
#3900=FACE_BOUND('',#3901,.T.);
#3901=EDGE_LOOP('',(#3902,#3903,#3904));
#3902=ORIENTED_EDGE('',*,*,#3905,.T.);
#3903=ORIENTED_EDGE('',*,*,#3906,.T.);
#3904=ORIENTED_EDGE('',*,*,#3907,.T.);
#3905=EDGE_CURVE('',#131,#105,#3908,.F.);
#3906=EDGE_CURVE('',#105,#107,#3909,.T.);
#3907=EDGE_CURVE('',#107,#131,#3910,.T.);
#3908=LINE('',#130,#3911);
#3909=LINE('',#104,#3912);
#3910=LINE('',#106,#3913);
#3911=VECTOR('',#3914,1.0);
#3912=VECTOR('',#3915,1.0);
#3913=VECTOR('',#3916,1.0);
#3914=DIRECTION('',(-0.025173082576430715,-0.045790020061848846,0.9986338618214063));
#3915=DIRECTION('',(0.4817508234249503,0.876308247210639,0));
#3916=DIRECTION('',(0,0,-1));
#3917=FACE_SURFACE('',(#3922),#3918,.T.);
#3918=PLANE('',#3919);
#3919=AXIS2_PLACEMENT_3D('',#130,#3920,#3921);
#3920=DIRECTION('',(-0.8090016551584567,0.5878063643334237,0));
#3921=DIRECTION('',(0,0,1));
#3922=FACE_BOUND('',#3923,.T.);
#3923=EDGE_LOOP('',(#3924,#3925,#3926));
#3924=ORIENTED_EDGE('',*,*,#3927,.T.);
#3925=ORIENTED_EDGE('',*,*,#3928,.T.);
#3926=ORIENTED_EDGE('',*,*,#3929,.T.);
#3927=EDGE_CURVE('',#131,#107,#3930,.F.);
#3928=EDGE_CURVE('',#107,#133,#3931,.T.);
#3929=EDGE_CURVE('',#133,#131,#3932,.T.);
#3930=LINE('',#130,#3933);
#3931=LINE('',#106,#3934);
#3932=LINE('',#132,#3935);
#3933=VECTOR('',#3936,1.0);
#3934=VECTOR('',#3937,1.0);
#3935=VECTOR('',#3938,1.0);
#3936=DIRECTION('',(0,0,1));
#3937=DIRECTION('',(0.03071562837396634,0.04227411559578764,-0.9986337913991226));
#3938=DIRECTION('',(-0.5878063643334237,-0.8090016551584566,0));
#3939=FACE_SURFACE('',(#3944),#3940,.T.);
#3940=PLANE('',#3941);
#3941=AXIS2_PLACEMENT_3D('',#132,#3942,#3943);
#3942=DIRECTION('',(-0.8090016551584567,0.5878063643334237,0));
#3943=DIRECTION('',(-0.03071562837396634,-0.04227411559578764,0.9986337913991226));
#3944=FACE_BOUND('',#3945,.T.);
#3945=EDGE_LOOP('',(#3946,#3947,#3948));
#3946=ORIENTED_EDGE('',*,*,#3949,.T.);
#3947=ORIENTED_EDGE('',*,*,#3950,.T.);
#3948=ORIENTED_EDGE('',*,*,#3951,.T.);
#3949=EDGE_CURVE('',#133,#107,#3952,.F.);
#3950=EDGE_CURVE('',#107,#109,#3953,.T.);
#3951=EDGE_CURVE('',#109,#133,#3954,.T.);
#3952=LINE('',#132,#3955);
#3953=LINE('',#106,#3956);
#3954=LINE('',#108,#3957);
#3955=VECTOR('',#3958,1.0);
#3956=VECTOR('',#3959,1.0);
#3957=VECTOR('',#3960,1.0);
#3958=DIRECTION('',(-0.03071562837396634,-0.04227411559578764,0.9986337913991226));
#3959=DIRECTION('',(0.5878063643334237,0.8090016551584566,0));
#3960=DIRECTION('',(0,0,-1));
#3961=FACE_SURFACE('',(#3966),#3962,.T.);
#3962=PLANE('',#3963);
#3963=AXIS2_PLACEMENT_3D('',#132,#3964,#3965);
#3964=DIRECTION('',(-0.7289688872252039,0.6845468292656448,0));
#3965=DIRECTION('',(0,0,1));
#3966=FACE_BOUND('',#3967,.T.);
#3967=EDGE_LOOP('',(#3968,#3969,#3970));
#3968=ORIENTED_EDGE('',*,*,#3971,.T.);
#3969=ORIENTED_EDGE('',*,*,#3972,.T.);
#3970=ORIENTED_EDGE('',*,*,#3973,.T.);
#3971=EDGE_CURVE('',#133,#109,#3974,.F.);
#3972=EDGE_CURVE('',#109,#135,#3975,.T.);
#3973=EDGE_CURVE('',#135,#133,#3976,.T.);
#3974=LINE('',#132,#3977);
#3975=LINE('',#108,#3978);
#3976=LINE('',#134,#3979);
#3977=VECTOR('',#3980,1.0);
#3978=VECTOR('',#3981,1.0);
#3979=VECTOR('',#3982,1.0);
#3980=DIRECTION('',(0,0,1));
#3981=DIRECTION('',(0.03577056235807245,0.0380918089498081,-0.9986338072384284));
#3982=DIRECTION('',(-0.6845468292656447,-0.7289688872252039,0));
#3983=FACE_SURFACE('',(#3988),#3984,.T.);
#3984=PLANE('',#3985);
#3985=AXIS2_PLACEMENT_3D('',#134,#3986,#3987);
#3986=DIRECTION('',(-0.7289688872252039,0.6845468292656448,0));
#3987=DIRECTION('',(-0.03577056235807245,-0.0380918089498081,0.9986338072384284));
#3988=FACE_BOUND('',#3989,.T.);
#3989=EDGE_LOOP('',(#3990,#3991,#3992));
#3990=ORIENTED_EDGE('',*,*,#3993,.T.);
#3991=ORIENTED_EDGE('',*,*,#3994,.T.);
#3992=ORIENTED_EDGE('',*,*,#3995,.T.);
#3993=EDGE_CURVE('',#135,#109,#3996,.F.);
#3994=EDGE_CURVE('',#109,#111,#3997,.T.);
#3995=EDGE_CURVE('',#111,#135,#3998,.T.);
#3996=LINE('',#134,#3999);
#3997=LINE('',#108,#4000);
#3998=LINE('',#110,#4001);
#3999=VECTOR('',#4002,1.0);
#4000=VECTOR('',#4003,1.0);
#4001=VECTOR('',#4004,1.0);
#4002=DIRECTION('',(-0.03577056235807245,-0.0380918089498081,0.9986338072384284));
#4003=DIRECTION('',(0.6845468292656447,0.7289688872252039,0));
#4004=DIRECTION('',(0,0,-1));
#4005=FACE_SURFACE('',(#4010),#4006,.T.);
#4006=PLANE('',#4007);
#4007=AXIS2_PLACEMENT_3D('',#134,#4008,#4009);
#4008=DIRECTION('',(-0.6374419749509552,0.7704983637689478,0));
#4009=DIRECTION('',(0,0,1));
#4010=FACE_BOUND('',#4011,.T.);
#4011=EDGE_LOOP('',(#4012,#4013,#4014));
#4012=ORIENTED_EDGE('',*,*,#4015,.T.);
#4013=ORIENTED_EDGE('',*,*,#4016,.T.);
#4014=ORIENTED_EDGE('',*,*,#4017,.T.);
#4015=EDGE_CURVE('',#135,#111,#4018,.F.);
#4016=EDGE_CURVE('',#111,#137,#4019,.T.);
#4017=EDGE_CURVE('',#137,#135,#4020,.T.);
#4018=LINE('',#134,#4021);
#4019=LINE('',#110,#4022);
#4020=LINE('',#136,#4023);
#4021=VECTOR('',#4024,1.0);
#4022=VECTOR('',#4025,1.0);
#4023=VECTOR('',#4026,1.0);
#4024=DIRECTION('',(0,0,1));
#4025=DIRECTION('',(0.04026067947216605,0.033308113608533016,-0.9986338905005581));
#4026=DIRECTION('',(-0.7704983637689478,-0.6374419749509552,0));
#4027=FACE_SURFACE('',(#4032),#4028,.T.);
#4028=PLANE('',#4029);
#4029=AXIS2_PLACEMENT_3D('',#136,#4030,#4031);
#4030=DIRECTION('',(-0.6374419749509552,0.7704983637689478,0));
#4031=DIRECTION('',(-0.04026067947216605,-0.033308113608533016,0.9986338905005581));
#4032=FACE_BOUND('',#4033,.T.);
#4033=EDGE_LOOP('',(#4034,#4035,#4036));
#4034=ORIENTED_EDGE('',*,*,#4037,.T.);
#4035=ORIENTED_EDGE('',*,*,#4038,.T.);
#4036=ORIENTED_EDGE('',*,*,#4039,.T.);
#4037=EDGE_CURVE('',#137,#111,#4040,.F.);
#4038=EDGE_CURVE('',#111,#113,#4041,.T.);
#4039=EDGE_CURVE('',#113,#137,#4042,.T.);
#4040=LINE('',#136,#4043);
#4041=LINE('',#110,#4044);
#4042=LINE('',#112,#4045);
#4043=VECTOR('',#4046,1.0);
#4044=VECTOR('',#4047,1.0);
#4045=VECTOR('',#4048,1.0);
#4046=DIRECTION('',(-0.04026067947216605,-0.033308113608533016,0.9986338905005581));
#4047=DIRECTION('',(0.7704983637689478,0.6374419749509552,0));
#4048=DIRECTION('',(0,0,-1));
#4049=FACE_SURFACE('',(#4054),#4050,.T.);
#4050=PLANE('',#4051);
#4051=AXIS2_PLACEMENT_3D('',#136,#4052,#4053);
#4052=DIRECTION('',(-0.5358159111510615,0.8443348324908535,0));
#4053=DIRECTION('',(0,0,1));
#4054=FACE_BOUND('',#4055,.T.);
#4055=EDGE_LOOP('',(#4056,#4057,#4058));
#4056=ORIENTED_EDGE('',*,*,#4059,.T.);
#4057=ORIENTED_EDGE('',*,*,#4060,.T.);
#4058=ORIENTED_EDGE('',*,*,#4061,.T.);
#4059=EDGE_CURVE('',#137,#113,#4062,.F.);
#4060=EDGE_CURVE('',#113,#141,#4063,.T.);
#4061=EDGE_CURVE('',#141,#137,#4064,.T.);
#4062=LINE('',#136,#4065);
#4063=LINE('',#112,#4066);
#4064=LINE('',#140,#4067);
#4065=VECTOR('',#4068,1.0);
#4066=VECTOR('',#4069,1.0);
#4067=VECTOR('',#4070,1.0);
#4068=DIRECTION('',(0,0,1));
#4069=DIRECTION('',(0.044120952805086426,0.02799921028766329,-0.9986337595669589));
#4070=DIRECTION('',(-0.8443348324908536,-0.5358159111510615,0));
#4071=FACE_SURFACE('',(#4076),#4072,.T.);
#4072=PLANE('',#4073);
#4073=AXIS2_PLACEMENT_3D('',#140,#4074,#4075);
#4074=DIRECTION('',(-0.5358159111510615,0.8443348324908535,0));
#4075=DIRECTION('',(-0.044120952805086426,-0.02799921028766329,0.9986337595669589));
#4076=FACE_BOUND('',#4077,.T.);
#4077=EDGE_LOOP('',(#4078,#4079,#4080));
#4078=ORIENTED_EDGE('',*,*,#4081,.T.);
#4079=ORIENTED_EDGE('',*,*,#4082,.T.);
#4080=ORIENTED_EDGE('',*,*,#4083,.T.);
#4081=EDGE_CURVE('',#141,#113,#4084,.F.);
#4082=EDGE_CURVE('',#113,#117,#4085,.T.);
#4083=EDGE_CURVE('',#117,#141,#4086,.T.);
#4084=LINE('',#140,#4087);
#4085=LINE('',#112,#4088);
#4086=LINE('',#116,#4089);
#4087=VECTOR('',#4090,1.0);
#4088=VECTOR('',#4091,1.0);
#4089=VECTOR('',#4092,1.0);
#4090=DIRECTION('',(-0.044120952805086426,-0.02799921028766329,0.9986337595669589));
#4091=DIRECTION('',(0.8443348324908536,0.5358159111510615,0));
#4092=DIRECTION('',(0,0,-1));
#4093=FACE_SURFACE('',(#4098),#4094,.T.);
#4094=PLANE('',#4095);
#4095=AXIS2_PLACEMENT_3D('',#138,#4096,#4097);
#4096=DIRECTION('',(-0.425748351694897,0.9048416110176842,0));
#4097=DIRECTION('',(-0.04728231899947621,-0.022247395713486787,0.9986337845747055));
#4098=FACE_BOUND('',#4099,.T.);
#4099=EDGE_LOOP('',(#4100,#4101,#4102));
#4100=ORIENTED_EDGE('',*,*,#4103,.T.);
#4101=ORIENTED_EDGE('',*,*,#4104,.T.);
#4102=ORIENTED_EDGE('',*,*,#4105,.T.);
#4103=EDGE_CURVE('',#139,#117,#4106,.F.);
#4104=EDGE_CURVE('',#117,#115,#4107,.T.);
#4105=EDGE_CURVE('',#115,#139,#4108,.T.);
#4106=LINE('',#138,#4109);
#4107=LINE('',#116,#4110);
#4108=LINE('',#114,#4111);
#4109=VECTOR('',#4112,1.0);
#4110=VECTOR('',#4113,1.0);
#4111=VECTOR('',#4114,1.0);
#4112=DIRECTION('',(-0.04728231899947621,-0.022247395713486787,0.9986337845747055));
#4113=DIRECTION('',(0.9048416110176843,0.425748351694897,0));
#4114=DIRECTION('',(0,0,-1));
#4115=FACE_SURFACE('',(#4120),#4116,.T.);
#4116=PLANE('',#4117);
#4117=AXIS2_PLACEMENT_3D('',#140,#4118,#4119);
#4118=DIRECTION('',(-0.425748351694897,0.9048416110176842,0));
#4119=DIRECTION('',(0,0,1));
#4120=FACE_BOUND('',#4121,.T.);
#4121=EDGE_LOOP('',(#4122,#4123,#4124));
#4122=ORIENTED_EDGE('',*,*,#4125,.T.);
#4123=ORIENTED_EDGE('',*,*,#4126,.T.);
#4124=ORIENTED_EDGE('',*,*,#4127,.T.);
#4125=EDGE_CURVE('',#141,#117,#4128,.F.);
#4126=EDGE_CURVE('',#117,#139,#4129,.T.);
#4127=EDGE_CURVE('',#139,#141,#4130,.T.);
#4128=LINE('',#140,#4131);
#4129=LINE('',#116,#4132);
#4130=LINE('',#138,#4133);
#4131=VECTOR('',#4134,1.0);
#4132=VECTOR('',#4135,1.0);
#4133=VECTOR('',#4136,1.0);
#4134=DIRECTION('',(0,0,1));
#4135=DIRECTION('',(0.04728231899947621,0.022247395713486787,-0.9986337845747055));
#4136=DIRECTION('',(-0.9048416110176843,-0.425748351694897,0));
#4137=FACE_SURFACE('',(#4142),#4138,.T.);
#4138=PLANE('',#4139);
#4139=AXIS2_PLACEMENT_3D('',#250,#4140,#4141);
#4140=DIRECTION('',(0,-1,0));
#4141=DIRECTION('',(0.8160244811016552,0,-0.5780173407803391));
#4142=FACE_BOUND('',#4143,.T.);
#4143=EDGE_LOOP('',(#4144,#4145,#4146));
#4144=ORIENTED_EDGE('',*,*,#4147,.T.);
#4145=ORIENTED_EDGE('',*,*,#4148,.T.);
#4146=ORIENTED_EDGE('',*,*,#4149,.T.);
#4147=EDGE_CURVE('',#251,#119,#4150,.F.);
#4148=EDGE_CURVE('',#119,#201,#4151,.T.);
#4149=EDGE_CURVE('',#201,#251,#4152,.T.);
#4150=LINE('',#250,#4153);
#4151=LINE('',#118,#4154);
#4152=LINE('',#200,#4155);
#4153=VECTOR('',#4156,1.0);
#4154=VECTOR('',#4157,1.0);
#4155=VECTOR('',#4158,1.0);
#4156=DIRECTION('',(0.8160244811016552,0,-0.5780173407803391));
#4157=DIRECTION('',(0.1305558917424773,0,0.9914409509049575));
#4158=DIRECTION('',(-0.8340569520632565,0,0.5516783489633706));
#4159=FACE_SURFACE('',(#4164),#4160,.T.);
#4160=PLANE('',#4161);
#4161=AXIS2_PLACEMENT_3D('',#250,#4162,#4163);
#4162=DIRECTION('',(0,-1,0));
#4163=DIRECTION('',(0,0,-1));
#4164=FACE_BOUND('',#4165,.T.);
#4165=EDGE_LOOP('',(#4166,#4167,#4168));
#4166=ORIENTED_EDGE('',*,*,#4169,.T.);
#4167=ORIENTED_EDGE('',*,*,#4170,.T.);
#4168=ORIENTED_EDGE('',*,*,#4171,.T.);
#4169=EDGE_CURVE('',#251,#253,#4172,.F.);
#4170=EDGE_CURVE('',#253,#119,#4173,.T.);
#4171=EDGE_CURVE('',#119,#251,#4174,.T.);
#4172=LINE('',#250,#4175);
#4173=LINE('',#252,#4176);
#4174=LINE('',#118,#4177);
#4175=VECTOR('',#4178,1.0);
#4176=VECTOR('',#4179,1.0);
#4177=VECTOR('',#4180,1.0);
#4178=DIRECTION('',(0,0,-1));
#4179=DIRECTION('',(0.6121731929914168,0,0.7907237076139134));
#4180=DIRECTION('',(-0.8160244811016552,0,0.5780173407803391));
#4181=FACE_SURFACE('',(#4186),#4182,.T.);
#4182=PLANE('',#4183);
#4183=AXIS2_PLACEMENT_3D('',#252,#4184,#4185);
#4184=DIRECTION('',(0,-1,0));
#4185=DIRECTION('',(0.8160244811016552,0,0.5780173407803391));
#4186=FACE_BOUND('',#4187,.T.);
#4187=EDGE_LOOP('',(#4188,#4189,#4190));
#4188=ORIENTED_EDGE('',*,*,#4191,.T.);
#4189=ORIENTED_EDGE('',*,*,#4192,.T.);
#4190=ORIENTED_EDGE('',*,*,#4193,.T.);
#4191=EDGE_CURVE('',#253,#147,#4194,.F.);
#4192=EDGE_CURVE('',#147,#119,#4195,.T.);
#4193=EDGE_CURVE('',#119,#253,#4196,.T.);
#4194=LINE('',#252,#4197);
#4195=LINE('',#146,#4198);
#4196=LINE('',#118,#4199);
#4197=VECTOR('',#4200,1.0);
#4198=VECTOR('',#4201,1.0);
#4199=VECTOR('',#4202,1.0);
#4200=DIRECTION('',(0.8160244811016552,0,0.5780173407803391));
#4201=DIRECTION('',(0,0,1));
#4202=DIRECTION('',(-0.6121731929914168,0,-0.7907237076139134));
#4203=FACE_SURFACE('',(#4208),#4204,.T.);
#4204=PLANE('',#4205);
#4205=AXIS2_PLACEMENT_3D('',#120,#4206,#4207);
#4206=DIRECTION('',(0.3302791960364958,-0.9438832833912708,0));
#4207=DIRECTION('',(-0.026409740816185065,-0.009241172206125439,0.9996084865217375));
#4208=FACE_BOUND('',#4209,.T.);
#4209=EDGE_LOOP('',(#4210,#4211,#4212));
#4210=ORIENTED_EDGE('',*,*,#4213,.T.);
#4211=ORIENTED_EDGE('',*,*,#4214,.T.);
#4212=ORIENTED_EDGE('',*,*,#4215,.T.);
#4213=EDGE_CURVE('',#121,#227,#4216,.F.);
#4214=EDGE_CURVE('',#227,#255,#4217,.T.);
#4215=EDGE_CURVE('',#255,#121,#4218,.T.);
#4216=LINE('',#120,#4219);
#4217=LINE('',#226,#4220);
#4218=LINE('',#254,#4221);
#4219=VECTOR('',#4222,1.0);
#4220=VECTOR('',#4223,1.0);
#4221=VECTOR('',#4224,1.0);
#4222=DIRECTION('',(-0.026409740816185065,-0.009241172206125439,0.9996084865217375));
#4223=DIRECTION('',(0,0,-1));
#4224=DIRECTION('',(0.9438832833912708,0.3302791960364958,0));
#4225=FACE_SURFACE('',(#4230),#4226,.T.);
#4226=PLANE('',#4227);
#4227=AXIS2_PLACEMENT_3D('',#254,#4228,#4229);
#4228=DIRECTION('',(0,0,-1));
#4229=DIRECTION('',(-0.9988891042091437,0.04712279164326674,0));
#4230=FACE_BOUND('',#4231,.T.);
#4231=EDGE_LOOP('',(#4232,#4233,#4234));
#4232=ORIENTED_EDGE('',*,*,#4235,.T.);
#4233=ORIENTED_EDGE('',*,*,#4236,.T.);
#4234=ORIENTED_EDGE('',*,*,#4237,.T.);
#4235=EDGE_CURVE('',#255,#125,#4238,.F.);
#4236=EDGE_CURVE('',#125,#121,#4239,.T.);
#4237=EDGE_CURVE('',#121,#255,#4240,.T.);
#4238=LINE('',#254,#4241);
#4239=LINE('',#124,#4242);
#4240=LINE('',#120,#4243);
#4241=VECTOR('',#4244,1.0);
#4242=VECTOR('',#4245,1.0);
#4243=VECTOR('',#4246,1.0);
#4244=DIRECTION('',(-0.9988891042091437,0.04712279164326674,0));
#4245=DIRECTION('',(0.9998251641837268,-0.018698691531331624,0));
#4246=DIRECTION('',(-0.9438832833912708,-0.3302791960364958,0));
#4247=FACE_SURFACE('',(#4252),#4248,.T.);
#4248=PLANE('',#4249);
#4249=AXIS2_PLACEMENT_3D('',#122,#4250,#4251);
#4250=DIRECTION('',(0.3302791960364958,-0.9438832833912708,0));
#4251=DIRECTION('',(-0.09703422824263856,-0.033953760444675005,0.9947017144355494));
#4252=FACE_BOUND('',#4253,.T.);
#4253=EDGE_LOOP('',(#4254,#4255,#4256));
#4254=ORIENTED_EDGE('',*,*,#4257,.T.);
#4255=ORIENTED_EDGE('',*,*,#4258,.T.);
#4256=ORIENTED_EDGE('',*,*,#4259,.T.);
#4257=EDGE_CURVE('',#123,#173,#4260,.F.);
#4258=EDGE_CURVE('',#173,#221,#4261,.T.);
#4259=EDGE_CURVE('',#221,#123,#4262,.T.);
#4260=LINE('',#122,#4263);
#4261=LINE('',#172,#4264);
#4262=LINE('',#220,#4265);
#4263=VECTOR('',#4266,1.0);
#4264=VECTOR('',#4267,1.0);
#4265=VECTOR('',#4268,1.0);
#4266=DIRECTION('',(-0.09703422824263856,-0.033953760444675005,0.9947017144355494));
#4267=DIRECTION('',(0,0,-1));
#4268=DIRECTION('',(0.9438832833912708,0.3302791960364958,0));
#4269=FACE_SURFACE('',(#4274),#4270,.T.);
#4270=PLANE('',#4271);
#4271=AXIS2_PLACEMENT_3D('',#126,#4272,#4273);
#4272=DIRECTION('',(0.11193114293538518,-0.993715965073108,0));
#4273=DIRECTION('',(-0.10216013854995687,-0.011507212797464422,0.99470140753147));
#4274=FACE_BOUND('',#4275,.T.);
#4275=EDGE_LOOP('',(#4276,#4277,#4278));
#4276=ORIENTED_EDGE('',*,*,#4279,.T.);
#4277=ORIENTED_EDGE('',*,*,#4280,.T.);
#4278=ORIENTED_EDGE('',*,*,#4281,.T.);
#4279=EDGE_CURVE('',#127,#171,#4282,.F.);
#4280=EDGE_CURVE('',#171,#123,#4283,.T.);
#4281=EDGE_CURVE('',#123,#127,#4284,.T.);
#4282=LINE('',#126,#4285);
#4283=LINE('',#170,#4286);
#4284=LINE('',#122,#4287);
#4285=VECTOR('',#4288,1.0);
#4286=VECTOR('',#4289,1.0);
#4287=VECTOR('',#4290,1.0);
#4288=DIRECTION('',(-0.10216013854995687,-0.011507212797464422,0.99470140753147));
#4289=DIRECTION('',(0,0,-1));
#4290=DIRECTION('',(0.993715965073108,0.1119311429353852,0));
#4291=FACE_SURFACE('',(#4296),#4292,.T.);
#4292=PLANE('',#4293);
#4293=AXIS2_PLACEMENT_3D('',#122,#4294,#4295);
#4294=DIRECTION('',(0.3302791960364958,-0.9438832833912708,0));
#4295=DIRECTION('',(0,0,1));
#4296=FACE_BOUND('',#4297,.T.);
#4297=EDGE_LOOP('',(#4298,#4299,#4300));
#4298=ORIENTED_EDGE('',*,*,#4301,.T.);
#4299=ORIENTED_EDGE('',*,*,#4302,.T.);
#4300=ORIENTED_EDGE('',*,*,#4303,.T.);
#4301=EDGE_CURVE('',#123,#171,#4304,.F.);
#4302=EDGE_CURVE('',#171,#173,#4305,.T.);
#4303=EDGE_CURVE('',#173,#123,#4306,.T.);
#4304=LINE('',#122,#4307);
#4305=LINE('',#170,#4308);
#4306=LINE('',#172,#4309);
#4307=VECTOR('',#4310,1.0);
#4308=VECTOR('',#4311,1.0);
#4309=VECTOR('',#4312,1.0);
#4310=DIRECTION('',(0,0,1));
#4311=DIRECTION('',(-0.9438832833912708,-0.3302791960364958,0));
#4312=DIRECTION('',(0.09703422824263856,0.033953760444675005,-0.9947017144355494));
#4313=FACE_SURFACE('',(#4318),#4314,.T.);
#4314=PLANE('',#4315);
#4315=AXIS2_PLACEMENT_3D('',#256,#4316,#4317);
#4316=DIRECTION('',(-0.9685837014637889,0.24868778268886815,0));
#4317=DIRECTION('',(0,0,1));
#4318=FACE_BOUND('',#4319,.T.);
#4319=EDGE_LOOP('',(#4320,#4321,#4322));
#4320=ORIENTED_EDGE('',*,*,#4323,.T.);
#4321=ORIENTED_EDGE('',*,*,#4324,.T.);
#4322=ORIENTED_EDGE('',*,*,#4325,.T.);
#4323=EDGE_CURVE('',#257,#229,#4326,.F.);
#4324=EDGE_CURVE('',#229,#125,#4327,.T.);
#4325=EDGE_CURVE('',#125,#257,#4328,.T.);
#4326=LINE('',#256,#4329);
#4327=LINE('',#228,#4330);
#4328=LINE('',#124,#4331);
#4329=VECTOR('',#4332,1.0);
#4330=VECTOR('',#4333,1.0);
#4331=VECTOR('',#4334,1.0);
#4332=DIRECTION('',(0,0,1));
#4333=DIRECTION('',(0.012994917750713951,0.05061231958849832,-0.9986338293982053));
#4334=DIRECTION('',(-0.24868778268886813,-0.9685837014637889,0));
#4335=FACE_SURFACE('',(#4340),#4336,.T.);
#4336=PLANE('',#4337);
#4337=AXIS2_PLACEMENT_3D('',#254,#4338,#4339);
#4338=DIRECTION('',(-0,0,-1));
#4339=DIRECTION('',(-0.9952998197495281,-0.09684146222851454,0));
#4340=FACE_BOUND('',#4341,.T.);
#4341=EDGE_LOOP('',(#4342,#4343,#4344));
#4342=ORIENTED_EDGE('',*,*,#4345,.T.);
#4343=ORIENTED_EDGE('',*,*,#4346,.T.);
#4344=ORIENTED_EDGE('',*,*,#4347,.T.);
#4345=EDGE_CURVE('',#255,#257,#4348,.F.);
#4346=EDGE_CURVE('',#257,#125,#4349,.T.);
#4347=EDGE_CURVE('',#125,#255,#4350,.T.);
#4348=LINE('',#254,#4351);
#4349=LINE('',#256,#4352);
#4350=LINE('',#124,#4353);
#4351=VECTOR('',#4354,1.0);
#4352=VECTOR('',#4355,1.0);
#4353=VECTOR('',#4356,1.0);
#4354=DIRECTION('',(-0.9952998197495281,-0.09684146222851454,0));
#4355=DIRECTION('',(0.24868778268886813,0.9685837014637889,0));
#4356=DIRECTION('',(0.9988891042091437,-0.04712279164326674,0));
#4357=FACE_SURFACE('',(#4362),#4358,.T.);
#4358=PLANE('',#4359);
#4359=AXIS2_PLACEMENT_3D('',#126,#4360,#4361);
#4360=DIRECTION('',(0,0,-1));
#4361=DIRECTION('',(0.9904758792336414,0.13768635610090443,0));
#4362=FACE_BOUND('',#4363,.T.);
#4363=EDGE_LOOP('',(#4364,#4365,#4366));
#4364=ORIENTED_EDGE('',*,*,#4367,.T.);
#4365=ORIENTED_EDGE('',*,*,#4368,.T.);
#4366=ORIENTED_EDGE('',*,*,#4369,.T.);
#4367=EDGE_CURVE('',#127,#259,#4370,.F.);
#4368=EDGE_CURVE('',#259,#261,#4371,.T.);
#4369=EDGE_CURVE('',#261,#127,#4372,.T.);
#4370=LINE('',#126,#4373);
#4371=LINE('',#258,#4374);
#4372=LINE('',#260,#4375);
#4373=VECTOR('',#4376,1.0);
#4374=VECTOR('',#4377,1.0);
#4375=VECTOR('',#4378,1.0);
#4376=DIRECTION('',(0.9904758792336414,0.13768635610090443,0));
#4377=DIRECTION('',(0.3679959245125827,-0.9298274030927081,0));
#4378=DIRECTION('',(-0.9999550414247387,-0.009482358844155239,0));
#4379=FACE_SURFACE('',(#4384),#4380,.T.);
#4380=PLANE('',#4381);
#4381=AXIS2_PLACEMENT_3D('',#126,#4382,#4383);
#4382=DIRECTION('',(0,0,-1));
#4383=DIRECTION('',(0.9999550414247387,0.009482358844155239,0));
#4384=FACE_BOUND('',#4385,.T.);
#4385=EDGE_LOOP('',(#4386,#4387,#4388));
#4386=ORIENTED_EDGE('',*,*,#4389,.T.);
#4387=ORIENTED_EDGE('',*,*,#4390,.T.);
#4388=ORIENTED_EDGE('',*,*,#4391,.T.);
#4389=EDGE_CURVE('',#127,#261,#4392,.F.);
#4390=EDGE_CURVE('',#261,#263,#4393,.T.);
#4391=EDGE_CURVE('',#263,#127,#4394,.T.);
#4392=LINE('',#126,#4395);
#4393=LINE('',#260,#4396);
#4394=LINE('',#262,#4397);
#4395=VECTOR('',#4398,1.0);
#4396=VECTOR('',#4399,1.0);
#4397=VECTOR('',#4400,1.0);
#4398=DIRECTION('',(0.9999550414247387,0.009482358844155239,0));
#4399=DIRECTION('',(-0.9998251603231192,-0.018698897958136326,0));
#4400=DIRECTION('',(-0.993715965073108,0.1119311429353852,0));
#4401=FACE_SURFACE('',(#4406),#4402,.T.);
#4402=PLANE('',#4403);
#4403=AXIS2_PLACEMENT_3D('',#126,#4404,#4405);
#4404=DIRECTION('',(0,0,-1));
#4405=DIRECTION('',(0.9631358933660081,0.2690153358269031,0));
#4406=FACE_BOUND('',#4407,.T.);
#4407=EDGE_LOOP('',(#4408,#4409,#4410));
#4408=ORIENTED_EDGE('',*,*,#4411,.T.);
#4409=ORIENTED_EDGE('',*,*,#4412,.T.);
#4410=ORIENTED_EDGE('',*,*,#4413,.T.);
#4411=EDGE_CURVE('',#127,#265,#4414,.F.);
#4412=EDGE_CURVE('',#265,#259,#4415,.T.);
#4413=EDGE_CURVE('',#259,#127,#4416,.T.);
#4414=LINE('',#126,#4417);
#4415=LINE('',#264,#4418);
#4416=LINE('',#258,#4419);
#4417=VECTOR('',#4420,1.0);
#4418=VECTOR('',#4421,1.0);
#4419=VECTOR('',#4422,1.0);
#4420=DIRECTION('',(0.9631358933660081,0.2690153358269031,0));
#4421=DIRECTION('',(0.4818702431691663,-0.8762425855595518,0));
#4422=DIRECTION('',(-0.9904758792336414,-0.13768635610090443,0));
#4423=FACE_SURFACE('',(#4428),#4424,.T.);
#4424=PLANE('',#4425);
#4425=AXIS2_PLACEMENT_3D('',#154,#4426,#4427);
#4426=DIRECTION('',(-0.11193114293538518,-0.993715965073108,-0));
#4427=DIRECTION('',(0,0,-1));
#4428=FACE_BOUND('',#4429,.T.);
#4429=EDGE_LOOP('',(#4430,#4431,#4432));
#4430=ORIENTED_EDGE('',*,*,#4433,.T.);
#4431=ORIENTED_EDGE('',*,*,#4434,.T.);
#4432=ORIENTED_EDGE('',*,*,#4435,.T.);
#4433=EDGE_CURVE('',#155,#127,#4436,.F.);
#4434=EDGE_CURVE('',#127,#263,#4437,.T.);
#4435=EDGE_CURVE('',#263,#155,#4438,.T.);
#4436=LINE('',#154,#4439);
#4437=LINE('',#126,#4440);
#4438=LINE('',#262,#4441);
#4439=VECTOR('',#4442,1.0);
#4440=VECTOR('',#4443,1.0);
#4441=VECTOR('',#4444,1.0);
#4442=DIRECTION('',(0,0,-1));
#4443=DIRECTION('',(0.993715965073108,-0.1119311429353852,0));
#4444=DIRECTION('',(-0.10216013854995687,0.011507212797464422,0.99470140753147));
#4445=FACE_SURFACE('',(#4450),#4446,.T.);
#4446=PLANE('',#4447);
#4447=AXIS2_PLACEMENT_3D('',#126,#4448,#4449);
#4448=DIRECTION('',(0,0,-1));
#4449=DIRECTION('',(0.9160163251702758,0.4011409877107345,0));
#4450=FACE_BOUND('',#4451,.T.);
#4451=EDGE_LOOP('',(#4452,#4453,#4454));
#4452=ORIENTED_EDGE('',*,*,#4455,.T.);
#4453=ORIENTED_EDGE('',*,*,#4456,.T.);
#4454=ORIENTED_EDGE('',*,*,#4457,.T.);
#4455=EDGE_CURVE('',#127,#267,#4458,.F.);
#4456=EDGE_CURVE('',#267,#265,#4459,.T.);
#4457=EDGE_CURVE('',#265,#127,#4460,.T.);
#4458=LINE('',#126,#4461);
#4459=LINE('',#266,#4462);
#4460=LINE('',#264,#4463);
#4461=VECTOR('',#4464,1.0);
#4462=VECTOR('',#4465,1.0);
#4463=VECTOR('',#4466,1.0);
#4464=DIRECTION('',(0.9160163251702758,0.4011409877107345,0));
#4465=DIRECTION('',(0.5877045618650862,-0.8090756132543899,0));
#4466=DIRECTION('',(-0.9631358933660081,-0.2690153358269031,0));
#4467=FACE_SURFACE('',(#4472),#4468,.T.);
#4468=PLANE('',#4469);
#4469=AXIS2_PLACEMENT_3D('',#170,#4470,#4471);
#4470=DIRECTION('',(0.11193114293538518,-0.993715965073108,0));
#4471=DIRECTION('',(0.10216013854995687,0.011507212797464422,-0.99470140753147));
#4472=FACE_BOUND('',#4473,.T.);
#4473=EDGE_LOOP('',(#4474,#4475,#4476));
#4474=ORIENTED_EDGE('',*,*,#4477,.T.);
#4475=ORIENTED_EDGE('',*,*,#4478,.T.);
#4476=ORIENTED_EDGE('',*,*,#4479,.T.);
#4477=EDGE_CURVE('',#171,#127,#4480,.F.);
#4478=EDGE_CURVE('',#127,#155,#4481,.T.);
#4479=EDGE_CURVE('',#155,#171,#4482,.T.);
#4480=LINE('',#170,#4483);
#4481=LINE('',#126,#4484);
#4482=LINE('',#154,#4485);
#4483=VECTOR('',#4486,1.0);
#4484=VECTOR('',#4487,1.0);
#4485=VECTOR('',#4488,1.0);
#4486=DIRECTION('',(0.10216013854995687,0.011507212797464422,-0.99470140753147));
#4487=DIRECTION('',(0,0,1));
#4488=DIRECTION('',(-0.993715965073108,-0.1119311429353852,0));
#4489=FACE_SURFACE('',(#4494),#4490,.T.);
#4490=PLANE('',#4491);
#4491=AXIS2_PLACEMENT_3D('',#126,#4492,#4493);
#4492=DIRECTION('',(0,0,-1));
#4493=DIRECTION('',(0.8473681525558602,0.5310058512239467,0));
#4494=FACE_BOUND('',#4495,.T.);
#4495=EDGE_LOOP('',(#4496,#4497,#4498));
#4496=ORIENTED_EDGE('',*,*,#4499,.T.);
#4497=ORIENTED_EDGE('',*,*,#4500,.T.);
#4498=ORIENTED_EDGE('',*,*,#4501,.T.);
#4499=EDGE_CURVE('',#127,#269,#4502,.F.);
#4500=EDGE_CURVE('',#269,#267,#4503,.T.);
#4501=EDGE_CURVE('',#267,#127,#4504,.T.);
#4502=LINE('',#126,#4505);
#4503=LINE('',#268,#4506);
#4504=LINE('',#266,#4507);
#4505=VECTOR('',#4508,1.0);
#4506=VECTOR('',#4509,1.0);
#4507=VECTOR('',#4510,1.0);
#4508=DIRECTION('',(0.8473681525558602,0.5310058512239467,0));
#4509=DIRECTION('',(0.6845881488333845,-0.7289300833940657,0));
#4510=DIRECTION('',(-0.9160163251702758,-0.4011409877107345,0));
#4511=FACE_SURFACE('',(#4516),#4512,.T.);
#4512=PLANE('',#4513);
#4513=AXIS2_PLACEMENT_3D('',#126,#4514,#4515);
#4514=DIRECTION('',(0,0,-1));
#4515=DIRECTION('',(0.7559341482735671,0.6546476636129672,0));
#4516=FACE_BOUND('',#4517,.T.);
#4517=EDGE_LOOP('',(#4518,#4519,#4520));
#4518=ORIENTED_EDGE('',*,*,#4521,.T.);
#4519=ORIENTED_EDGE('',*,*,#4522,.T.);
#4520=ORIENTED_EDGE('',*,*,#4523,.T.);
#4521=EDGE_CURVE('',#127,#271,#4524,.F.);
#4522=EDGE_CURVE('',#271,#269,#4525,.T.);
#4523=EDGE_CURVE('',#269,#127,#4526,.T.);
#4524=LINE('',#126,#4527);
#4525=LINE('',#270,#4528);
#4526=LINE('',#268,#4529);
#4527=VECTOR('',#4530,1.0);
#4528=VECTOR('',#4531,1.0);
#4529=VECTOR('',#4532,1.0);
#4530=DIRECTION('',(0.7559341482735671,0.6546476636129672,0));
#4531=DIRECTION('',(0.7705299594707639,-0.6374037821961703,0));
#4532=DIRECTION('',(-0.8473681525558602,-0.5310058512239467,0));
#4533=FACE_SURFACE('',(#4538),#4534,.T.);
#4534=PLANE('',#4535);
#4535=AXIS2_PLACEMENT_3D('',#126,#4536,#4537);
#4536=DIRECTION('',(0,0,-1));
#4537=DIRECTION('',(0.6413550291725322,0.7672442417868645,0));
#4538=FACE_BOUND('',#4539,.T.);
#4539=EDGE_LOOP('',(#4540,#4541,#4542));
#4540=ORIENTED_EDGE('',*,*,#4543,.T.);
#4541=ORIENTED_EDGE('',*,*,#4544,.T.);
#4542=ORIENTED_EDGE('',*,*,#4545,.T.);
#4543=EDGE_CURVE('',#127,#273,#4546,.F.);
#4544=EDGE_CURVE('',#273,#271,#4547,.T.);
#4545=EDGE_CURVE('',#271,#127,#4548,.T.);
#4546=LINE('',#126,#4549);
#4547=LINE('',#272,#4550);
#4548=LINE('',#270,#4551);
#4549=VECTOR('',#4552,1.0);
#4550=VECTOR('',#4553,1.0);
#4551=VECTOR('',#4554,1.0);
#4552=DIRECTION('',(0.6413550291725322,0.7672442417868645,0));
#4553=DIRECTION('',(0.8443125050548351,-0.5358510929428333,0));
#4554=DIRECTION('',(-0.7559341482735671,-0.6546476636129672,0));
#4555=FACE_SURFACE('',(#4560),#4556,.T.);
#4556=PLANE('',#4557);
#4557=AXIS2_PLACEMENT_3D('',#126,#4558,#4559);
#4558=DIRECTION('',(0,0,-1));
#4559=DIRECTION('',(0.504644090795008,0.8633274822601674,0));
#4560=FACE_BOUND('',#4561,.T.);
#4561=EDGE_LOOP('',(#4562,#4563,#4564));
#4562=ORIENTED_EDGE('',*,*,#4565,.T.);
#4563=ORIENTED_EDGE('',*,*,#4566,.T.);
#4564=ORIENTED_EDGE('',*,*,#4567,.T.);
#4565=EDGE_CURVE('',#127,#275,#4568,.F.);
#4566=EDGE_CURVE('',#275,#273,#4569,.T.);
#4567=EDGE_CURVE('',#273,#127,#4570,.T.);
#4568=LINE('',#126,#4571);
#4569=LINE('',#274,#4572);
#4570=LINE('',#272,#4573);
#4571=VECTOR('',#4574,1.0);
#4572=VECTOR('',#4575,1.0);
#4573=VECTOR('',#4576,1.0);
#4574=DIRECTION('',(0.504644090795008,0.8633274822601674,0));
#4575=DIRECTION('',(0.9048275142143484,-0.42577831029854385,0));
#4576=DIRECTION('',(-0.6413550291725322,-0.7672442417868645,0));
#4577=FACE_SURFACE('',(#4582),#4578,.T.);
#4578=PLANE('',#4579);
#4579=AXIS2_PLACEMENT_3D('',#126,#4580,#4581);
#4580=DIRECTION('',(0,0,-1));
#4581=DIRECTION('',(0.3486302380024755,0.9372603465154904,0));
#4582=FACE_BOUND('',#4583,.T.);
#4583=EDGE_LOOP('',(#4584,#4585,#4586));
#4584=ORIENTED_EDGE('',*,*,#4587,.T.);
#4585=ORIENTED_EDGE('',*,*,#4588,.T.);
#4586=ORIENTED_EDGE('',*,*,#4589,.T.);
#4587=EDGE_CURVE('',#127,#277,#4590,.F.);
#4588=EDGE_CURVE('',#277,#275,#4591,.T.);
#4589=EDGE_CURVE('',#275,#127,#4592,.T.);
#4590=LINE('',#126,#4593);
#4591=LINE('',#276,#4594);
#4592=LINE('',#274,#4595);
#4593=VECTOR('',#4596,1.0);
#4594=VECTOR('',#4597,1.0);
#4595=VECTOR('',#4598,1.0);
#4596=DIRECTION('',(0.3486302380024755,0.9372603465154904,0));
#4597=DIRECTION('',(0.9510512113493804,-0.30903332084239066,0));
#4598=DIRECTION('',(-0.504644090795008,-0.8633274822601674,0));
#4599=FACE_SURFACE('',(#4604),#4600,.T.);
#4600=PLANE('',#4601);
#4601=AXIS2_PLACEMENT_3D('',#126,#4602,#4603);
#4602=DIRECTION('',(0,0,-1));
#4603=DIRECTION('',(0.17818713947845058,0.983996617537117,0));
#4604=FACE_BOUND('',#4605,.T.);
#4605=EDGE_LOOP('',(#4606,#4607,#4608));
#4606=ORIENTED_EDGE('',*,*,#4609,.T.);
#4607=ORIENTED_EDGE('',*,*,#4610,.T.);
#4608=ORIENTED_EDGE('',*,*,#4611,.T.);
#4609=EDGE_CURVE('',#127,#143,#4612,.F.);
#4610=EDGE_CURVE('',#143,#277,#4613,.T.);
#4611=EDGE_CURVE('',#277,#127,#4614,.T.);
#4612=LINE('',#126,#4615);
#4613=LINE('',#142,#4616);
#4614=LINE('',#276,#4617);
#4615=VECTOR('',#4618,1.0);
#4616=VECTOR('',#4619,1.0);
#4617=VECTOR('',#4620,1.0);
#4618=DIRECTION('',(0.17818713947845058,0.983996617537117,0));
#4619=DIRECTION('',(0.9822862899472372,-0.1873863511083245,0));
#4620=DIRECTION('',(-0.3486302380024755,-0.9372603465154904,0));
#4621=FACE_SURFACE('',(#4626),#4622,.T.);
#4622=PLANE('',#4623);
#4623=AXIS2_PLACEMENT_3D('',#142,#4624,#4625);
#4624=DIRECTION('',(0.18738628159568327,0.9822859255593613,-0.0008613464647044746));
#4625=DIRECTION('',(0.17263608121263846,-0.03206975523383339,0.9844634651741959));
#4626=FACE_BOUND('',#4627,.T.);
#4627=EDGE_LOOP('',(#4628,#4629,#4630));
#4628=ORIENTED_EDGE('',*,*,#4631,.T.);
#4629=ORIENTED_EDGE('',*,*,#4632,.T.);
#4630=ORIENTED_EDGE('',*,*,#4633,.T.);
#4631=EDGE_CURVE('',#143,#279,#4634,.F.);
#4632=EDGE_CURVE('',#279,#277,#4635,.T.);
#4633=EDGE_CURVE('',#277,#143,#4636,.T.);
#4634=LINE('',#142,#4637);
#4635=LINE('',#278,#4638);
#4636=LINE('',#276,#4639);
#4637=VECTOR('',#4640,1.0);
#4638=VECTOR('',#4641,1.0);
#4639=VECTOR('',#4642,1.0);
#4640=DIRECTION('',(0.17263608121263846,-0.03206975523383339,0.9844634651741959));
#4641=DIRECTION('',(0.01442148206927683,-0.003627904083052453,-0.9998894234698602));
#4642=DIRECTION('',(-0.9822862899472372,0.1873863511083245,0));
#4643=FACE_SURFACE('',(#4648),#4644,.T.);
#4644=PLANE('',#4645);
#4645=AXIS2_PLACEMENT_3D('',#142,#4646,#4647);
#4646=DIRECTION('',(0.1802444017655949,0.9836217600164631,0.0004345736740936381));
#4647=DIRECTION('',(-0.007391621911357218,0.0009126850225913639,0.9999722650811717));
#4648=FACE_BOUND('',#4649,.T.);
#4649=EDGE_LOOP('',(#4650,#4651,#4652));
#4650=ORIENTED_EDGE('',*,*,#4653,.T.);
#4651=ORIENTED_EDGE('',*,*,#4654,.T.);
#4652=ORIENTED_EDGE('',*,*,#4655,.T.);
#4653=EDGE_CURVE('',#143,#149,#4656,.F.);
#4654=EDGE_CURVE('',#149,#279,#4657,.T.);
#4655=EDGE_CURVE('',#279,#143,#4658,.T.);
#4656=LINE('',#142,#4659);
#4657=LINE('',#148,#4660);
#4658=LINE('',#278,#4661);
#4659=VECTOR('',#4662,1.0);
#4660=VECTOR('',#4663,1.0);
#4661=VECTOR('',#4664,1.0);
#4662=DIRECTION('',(-0.007391621911357218,0.0009126850225913639,0.9999722650811717));
#4663=DIRECTION('',(0.983621852897065,-0.18024441878556052,0));
#4664=DIRECTION('',(-0.17263608121263846,0.03206975523383339,-0.9844634651741959));
#4665=FACE_SURFACE('',(#4670),#4666,.T.);
#4666=PLANE('',#4667);
#4667=AXIS2_PLACEMENT_3D('',#252,#4668,#4669);
#4668=DIRECTION('',(0,-1,0));
#4669=DIRECTION('',(0.8340569763252355,0,0.5516783122828065));
#4670=FACE_BOUND('',#4671,.T.);
#4671=EDGE_LOOP('',(#4672,#4673,#4674));
#4672=ORIENTED_EDGE('',*,*,#4675,.T.);
#4673=ORIENTED_EDGE('',*,*,#4676,.T.);
#4674=ORIENTED_EDGE('',*,*,#4677,.T.);
#4675=EDGE_CURVE('',#253,#145,#4678,.F.);
#4676=EDGE_CURVE('',#145,#147,#4679,.T.);
#4677=EDGE_CURVE('',#147,#253,#4680,.T.);
#4678=LINE('',#252,#4681);
#4679=LINE('',#144,#4682);
#4680=LINE('',#146,#4683);
#4681=VECTOR('',#4684,1.0);
#4682=VECTOR('',#4685,1.0);
#4683=VECTOR('',#4686,1.0);
#4684=DIRECTION('',(0.8340569763252355,0,0.5516783122828065));
#4685=DIRECTION('',(-0.1305557025979464,0,0.9914409758120534));
#4686=DIRECTION('',(-0.8160244811016552,0,-0.5780173407803391));
#4687=FACE_SURFACE('',(#4692),#4688,.T.);
#4688=PLANE('',#4689);
#4689=AXIS2_PLACEMENT_3D('',#252,#4690,#4691);
#4690=DIRECTION('',(0,-1,0));
#4691=DIRECTION('',(0.8531918356533722,0,0.5215972503516763));
#4692=FACE_BOUND('',#4693,.T.);
#4693=EDGE_LOOP('',(#4694,#4695,#4696));
#4694=ORIENTED_EDGE('',*,*,#4697,.T.);
#4695=ORIENTED_EDGE('',*,*,#4698,.T.);
#4696=ORIENTED_EDGE('',*,*,#4699,.T.);
#4697=EDGE_CURVE('',#253,#157,#4700,.F.);
#4698=EDGE_CURVE('',#157,#145,#4701,.T.);
#4699=EDGE_CURVE('',#145,#253,#4702,.T.);
#4700=LINE('',#252,#4703);
#4701=LINE('',#156,#4704);
#4702=LINE('',#144,#4705);
#4703=VECTOR('',#4706,1.0);
#4704=VECTOR('',#4707,1.0);
#4705=VECTOR('',#4708,1.0);
#4706=DIRECTION('',(0.8531918356533722,0,0.5215972503516763));
#4707=DIRECTION('',(-0.38268992206527563,0,0.9238768443627502));
#4708=DIRECTION('',(-0.8340569763252355,0,-0.5516783122828065));
#4709=FACE_SURFACE('',(#4714),#4710,.T.);
#4710=PLANE('',#4711);
#4711=AXIS2_PLACEMENT_3D('',#148,#4712,#4713);
#4712=DIRECTION('',(0,0,1));
#4713=DIRECTION('',(0.14011947305507308,-0.9901346036124424,0));
#4714=FACE_BOUND('',#4715,.T.);
#4715=EDGE_LOOP('',(#4716,#4717,#4718));
#4716=ORIENTED_EDGE('',*,*,#4719,.T.);
#4717=ORIENTED_EDGE('',*,*,#4720,.T.);
#4718=ORIENTED_EDGE('',*,*,#4721,.T.);
#4719=EDGE_CURVE('',#149,#281,#4722,.F.);
#4720=EDGE_CURVE('',#281,#279,#4723,.T.);
#4721=EDGE_CURVE('',#279,#149,#4724,.T.);
#4722=LINE('',#148,#4725);
#4723=LINE('',#280,#4726);
#4724=LINE('',#278,#4727);
#4725=VECTOR('',#4728,1.0);
#4726=VECTOR('',#4729,1.0);
#4727=VECTOR('',#4730,1.0);
#4728=DIRECTION('',(0.14011947305507308,-0.9901346036124424,0));
#4729=DIRECTION('',(0.0060917697493081185,0.9999814449985166,0));
#4730=DIRECTION('',(-0.983621852897065,0.18024441878556052,0));
#4731=FACE_SURFACE('',(#4736),#4732,.T.);
#4732=PLANE('',#4733);
#4733=AXIS2_PLACEMENT_3D('',#150,#4734,#4735);
#4734=DIRECTION('',(-0,-0,1));
#4735=DIRECTION('',(0.8467712348442401,-0.531957212415022,0));
#4736=FACE_BOUND('',#4737,.T.);
#4737=EDGE_LOOP('',(#4738,#4739,#4740));
#4738=ORIENTED_EDGE('',*,*,#4741,.T.);
#4739=ORIENTED_EDGE('',*,*,#4742,.T.);
#4740=ORIENTED_EDGE('',*,*,#4743,.T.);
#4741=EDGE_CURVE('',#151,#283,#4744,.F.);
#4742=EDGE_CURVE('',#283,#149,#4745,.T.);
#4743=EDGE_CURVE('',#149,#151,#4746,.T.);
#4744=LINE('',#150,#4747);
#4745=LINE('',#282,#4748);
#4746=LINE('',#148,#4749);
#4747=VECTOR('',#4750,1.0);
#4748=VECTOR('',#4751,1.0);
#4749=VECTOR('',#4752,1.0);
#4750=DIRECTION('',(0.8467712348442401,-0.531957212415022,0));
#4751=DIRECTION('',(-0.08740753909230174,0.9961726366999988,0));
#4752=DIRECTION('',(0.013327553414804141,-0.9999111842158659,0));
#4753=FACE_SURFACE('',(#4758),#4754,.T.);
#4754=PLANE('',#4755);
#4755=AXIS2_PLACEMENT_3D('',#148,#4756,#4757);
#4756=DIRECTION('',(0,0,1));
#4757=DIRECTION('',(0.08740753909230174,-0.9961726366999988,0));
#4758=FACE_BOUND('',#4759,.T.);
#4759=EDGE_LOOP('',(#4760,#4761,#4762));
#4760=ORIENTED_EDGE('',*,*,#4763,.T.);
#4761=ORIENTED_EDGE('',*,*,#4764,.T.);
#4762=ORIENTED_EDGE('',*,*,#4765,.T.);
#4763=EDGE_CURVE('',#149,#283,#4766,.F.);
#4764=EDGE_CURVE('',#283,#281,#4767,.T.);
#4765=EDGE_CURVE('',#281,#149,#4768,.T.);
#4766=LINE('',#148,#4769);
#4767=LINE('',#282,#4770);
#4768=LINE('',#280,#4771);
#4769=VECTOR('',#4772,1.0);
#4770=VECTOR('',#4773,1.0);
#4771=VECTOR('',#4774,1.0);
#4772=DIRECTION('',(0.08740753909230174,-0.9961726366999988,0));
#4773=DIRECTION('',(0.7070159086109588,-0.7071976420853087,0));
#4774=DIRECTION('',(-0.14011947305507308,0.9901346036124424,0));
#4775=FACE_SURFACE('',(#4780),#4776,.T.);
#4776=PLANE('',#4777);
#4777=AXIS2_PLACEMENT_3D('',#150,#4778,#4779);
#4778=DIRECTION('',(-0.531957212415022,-0.84677123484424,-0));
#4779=DIRECTION('',(0,0,-1));
#4780=FACE_BOUND('',#4781,.T.);
#4781=EDGE_LOOP('',(#4782,#4783,#4784));
#4782=ORIENTED_EDGE('',*,*,#4785,.T.);
#4783=ORIENTED_EDGE('',*,*,#4786,.T.);
#4784=ORIENTED_EDGE('',*,*,#4787,.T.);
#4785=EDGE_CURVE('',#151,#285,#4788,.F.);
#4786=EDGE_CURVE('',#285,#287,#4789,.T.);
#4787=EDGE_CURVE('',#287,#151,#4790,.T.);
#4788=LINE('',#150,#4791);
#4789=LINE('',#284,#4792);
#4790=LINE('',#286,#4793);
#4791=VECTOR('',#4794,1.0);
#4792=VECTOR('',#4795,1.0);
#4793=VECTOR('',#4796,1.0);
#4794=DIRECTION('',(0,0,-1));
#4795=DIRECTION('',(0.8467712348442401,-0.531957212415022,0));
#4796=DIRECTION('',(-0.08706612513068633,0.05469653586994713,0.9946998435802408));
#4797=FACE_SURFACE('',(#4802),#4798,.T.);
#4798=PLANE('',#4799);
#4799=AXIS2_PLACEMENT_3D('',#150,#4800,#4801);
#4800=DIRECTION('',(-0.531957212415022,-0.84677123484424,0));
#4801=DIRECTION('',(0.08706612513068633,-0.05469653586994713,-0.9946998435802408));
#4802=FACE_BOUND('',#4803,.T.);
#4803=EDGE_LOOP('',(#4804,#4805,#4806));
#4804=ORIENTED_EDGE('',*,*,#4807,.T.);
#4805=ORIENTED_EDGE('',*,*,#4808,.T.);
#4806=ORIENTED_EDGE('',*,*,#4809,.T.);
#4807=EDGE_CURVE('',#151,#287,#4810,.F.);
#4808=EDGE_CURVE('',#287,#283,#4811,.T.);
#4809=EDGE_CURVE('',#283,#151,#4812,.T.);
#4810=LINE('',#150,#4813);
#4811=LINE('',#286,#4814);
#4812=LINE('',#282,#4815);
#4813=VECTOR('',#4816,1.0);
#4814=VECTOR('',#4817,1.0);
#4815=VECTOR('',#4818,1.0);
#4816=DIRECTION('',(0.08706612513068633,-0.05469653586994713,-0.9946998435802408));
#4817=DIRECTION('',(0,0,1));
#4818=DIRECTION('',(-0.8467712348442401,0.531957212415022,0));
#4819=FACE_SURFACE('',(#4824),#4820,.T.);
#4820=PLANE('',#4821);
#4821=AXIS2_PLACEMENT_3D('',#152,#4822,#4823);
#4822=DIRECTION('',(-0.3303245200489616,-0.9438674226046914,0));
#4823=DIRECTION('',(0.09701942448508262,-0.0339538096780819,-0.994703156766343));
#4824=FACE_BOUND('',#4825,.T.);
#4825=EDGE_LOOP('',(#4826,#4827,#4828));
#4826=ORIENTED_EDGE('',*,*,#4829,.T.);
#4827=ORIENTED_EDGE('',*,*,#4830,.T.);
#4828=ORIENTED_EDGE('',*,*,#4831,.T.);
#4829=EDGE_CURVE('',#153,#285,#4832,.F.);
#4830=EDGE_CURVE('',#285,#151,#4833,.T.);
#4831=EDGE_CURVE('',#151,#153,#4834,.T.);
#4832=LINE('',#152,#4835);
#4833=LINE('',#284,#4836);
#4834=LINE('',#150,#4837);
#4835=VECTOR('',#4838,1.0);
#4836=VECTOR('',#4839,1.0);
#4837=VECTOR('',#4840,1.0);
#4838=DIRECTION('',(0.09701942448508262,-0.0339538096780819,-0.994703156766343));
#4839=DIRECTION('',(0,0,1));
#4840=DIRECTION('',(-0.9438674226046914,0.3303245200489616,0));
#4841=FACE_SURFACE('',(#4846),#4842,.T.);
#4842=PLANE('',#4843);
#4843=AXIS2_PLACEMENT_3D('',#152,#4844,#4845);
#4844=DIRECTION('',(-0.3303245200489616,-0.9438674226046914,-0));
#4845=DIRECTION('',(0,0,-1));
#4846=FACE_BOUND('',#4847,.T.);
#4847=EDGE_LOOP('',(#4848,#4849,#4850));
#4848=ORIENTED_EDGE('',*,*,#4851,.T.);
#4849=ORIENTED_EDGE('',*,*,#4852,.T.);
#4850=ORIENTED_EDGE('',*,*,#4853,.T.);
#4851=EDGE_CURVE('',#153,#263,#4854,.F.);
#4852=EDGE_CURVE('',#263,#285,#4855,.T.);
#4853=EDGE_CURVE('',#285,#153,#4856,.T.);
#4854=LINE('',#152,#4857);
#4855=LINE('',#262,#4858);
#4856=LINE('',#284,#4859);
#4857=VECTOR('',#4860,1.0);
#4858=VECTOR('',#4861,1.0);
#4859=VECTOR('',#4862,1.0);
#4860=DIRECTION('',(0,0,-1));
#4861=DIRECTION('',(0.9438674226046914,-0.3303245200489616,0));
#4862=DIRECTION('',(-0.09701942448508262,0.0339538096780819,0.994703156766343));
#4863=FACE_SURFACE('',(#4868),#4864,.T.);
#4864=PLANE('',#4865);
#4865=AXIS2_PLACEMENT_3D('',#154,#4866,#4867);
#4866=DIRECTION('',(-0.11193114293538518,-0.993715965073108,0));
#4867=DIRECTION('',(0.10216013854995687,-0.011507212797464422,-0.99470140753147));
#4868=FACE_BOUND('',#4869,.T.);
#4869=EDGE_LOOP('',(#4870,#4871,#4872));
#4870=ORIENTED_EDGE('',*,*,#4873,.T.);
#4871=ORIENTED_EDGE('',*,*,#4874,.T.);
#4872=ORIENTED_EDGE('',*,*,#4875,.T.);
#4873=EDGE_CURVE('',#155,#263,#4876,.F.);
#4874=EDGE_CURVE('',#263,#153,#4877,.T.);
#4875=EDGE_CURVE('',#153,#155,#4878,.T.);
#4876=LINE('',#154,#4879);
#4877=LINE('',#262,#4880);
#4878=LINE('',#152,#4881);
#4879=VECTOR('',#4882,1.0);
#4880=VECTOR('',#4883,1.0);
#4881=VECTOR('',#4884,1.0);
#4882=DIRECTION('',(0.10216013854995687,-0.011507212797464422,-0.99470140753147));
#4883=DIRECTION('',(0,0,1));
#4884=DIRECTION('',(-0.993715965073108,0.1119311429353852,0));
#4885=FACE_SURFACE('',(#4890),#4886,.T.);
#4886=PLANE('',#4887);
#4887=AXIS2_PLACEMENT_3D('',#252,#4888,#4889);
#4888=DIRECTION('',(0,-1,0));
#4889=DIRECTION('',(0.8713889225344806,0,0.4905928512363352));
#4890=FACE_BOUND('',#4891,.T.);
#4891=EDGE_LOOP('',(#4892,#4893,#4894));
#4892=ORIENTED_EDGE('',*,*,#4895,.T.);
#4893=ORIENTED_EDGE('',*,*,#4896,.T.);
#4894=ORIENTED_EDGE('',*,*,#4897,.T.);
#4895=EDGE_CURVE('',#253,#175,#4898,.F.);
#4896=EDGE_CURVE('',#175,#157,#4899,.T.);
#4897=EDGE_CURVE('',#157,#253,#4900,.T.);
#4898=LINE('',#252,#4901);
#4899=LINE('',#174,#4902);
#4900=LINE('',#156,#4903);
#4901=VECTOR('',#4904,1.0);
#4902=VECTOR('',#4905,1.0);
#4903=VECTOR('',#4906,1.0);
#4904=DIRECTION('',(0.8713889225344806,0,0.4905928512363352));
#4905=DIRECTION('',(-0.6086837933295017,0,0.7934129062083679));
#4906=DIRECTION('',(-0.8531918356533722,0,-0.5215972503516763));
#4907=FACE_SURFACE('',(#4912),#4908,.T.);
#4908=PLANE('',#4909);
#4909=AXIS2_PLACEMENT_3D('',#158,#4910,#4911);
#4910=DIRECTION('',(0,0,1));
#4911=DIRECTION('',(0.9270517608524442,0.3749333710146142,0));
#4912=FACE_BOUND('',#4913,.T.);
#4913=EDGE_LOOP('',(#4914,#4915,#4916));
#4914=ORIENTED_EDGE('',*,*,#4917,.T.);
#4915=ORIENTED_EDGE('',*,*,#4918,.T.);
#4916=ORIENTED_EDGE('',*,*,#4919,.T.);
#4917=EDGE_CURVE('',#159,#289,#4920,.F.);
#4918=EDGE_CURVE('',#289,#161,#4921,.T.);
#4919=EDGE_CURVE('',#161,#159,#4922,.T.);
#4920=LINE('',#158,#4923);
#4921=LINE('',#288,#4924);
#4922=LINE('',#160,#4925);
#4923=VECTOR('',#4926,1.0);
#4924=VECTOR('',#4927,1.0);
#4925=VECTOR('',#4928,1.0);
#4926=DIRECTION('',(0.9270517608524442,0.3749333710146142,0));
#4927=DIRECTION('',(-0.11193518523976306,0.9937155097437796,0));
#4928=DIRECTION('',(-0.917070056253235,-0.39872611141445,0));
#4929=FACE_SURFACE('',(#4934),#4930,.T.);
#4930=PLANE('',#4931);
#4931=AXIS2_PLACEMENT_3D('',#252,#4932,#4933);
#4932=DIRECTION('',(0,-1,0));
#4933=DIRECTION('',(0.9070089677484316,0,0.42111130645462896));
#4934=FACE_BOUND('',#4935,.T.);
#4935=EDGE_LOOP('',(#4936,#4937,#4938));
#4936=ORIENTED_EDGE('',*,*,#4939,.T.);
#4937=ORIENTED_EDGE('',*,*,#4940,.T.);
#4938=ORIENTED_EDGE('',*,*,#4941,.T.);
#4939=EDGE_CURVE('',#253,#159,#4942,.F.);
#4940=EDGE_CURVE('',#159,#177,#4943,.T.);
#4941=EDGE_CURVE('',#177,#253,#4944,.T.);
#4942=LINE('',#252,#4945);
#4943=LINE('',#158,#4946);
#4944=LINE('',#176,#4947);
#4945=VECTOR('',#4948,1.0);
#4946=VECTOR('',#4949,1.0);
#4947=VECTOR('',#4950,1.0);
#4948=DIRECTION('',(0.9070089677484316,0,0.42111130645462896));
#4949=DIRECTION('',(-0.9914461671547132,0,0.13051627344598962));
#4950=DIRECTION('',(-0.8989941680519273,0,-0.4379605984659155));
#4951=FACE_SURFACE('',(#4956),#4952,.T.);
#4952=PLANE('',#4953);
#4953=AXIS2_PLACEMENT_3D('',#252,#4954,#4955);
#4954=DIRECTION('',(0,-1,0));
#4955=DIRECTION('',(0.9870527346239429,0,0.16039606937639073));
#4956=FACE_BOUND('',#4957,.T.);
#4957=EDGE_LOOP('',(#4958,#4959,#4960));
#4958=ORIENTED_EDGE('',*,*,#4961,.T.);
#4959=ORIENTED_EDGE('',*,*,#4962,.T.);
#4960=ORIENTED_EDGE('',*,*,#4963,.T.);
#4961=EDGE_CURVE('',#253,#291,#4964,.F.);
#4962=EDGE_CURVE('',#291,#159,#4965,.T.);
#4963=EDGE_CURVE('',#159,#253,#4966,.T.);
#4964=LINE('',#252,#4967);
#4965=LINE('',#290,#4968);
#4966=LINE('',#158,#4969);
#4967=VECTOR('',#4970,1.0);
#4968=VECTOR('',#4971,1.0);
#4969=VECTOR('',#4972,1.0);
#4970=DIRECTION('',(0.9870527346239429,0,0.16039606937639073));
#4971=DIRECTION('',(-1,0,0));
#4972=DIRECTION('',(-0.9070089677484316,0,-0.42111130645462896));
#4973=FACE_SURFACE('',(#4978),#4974,.T.);
#4974=PLANE('',#4975);
#4975=AXIS2_PLACEMENT_3D('',#158,#4976,#4977);
#4976=DIRECTION('',(0,0,1));
#4977=DIRECTION('',(1,0,0));
#4978=FACE_BOUND('',#4979,.T.);
#4979=EDGE_LOOP('',(#4980,#4981,#4982));
#4980=ORIENTED_EDGE('',*,*,#4983,.T.);
#4981=ORIENTED_EDGE('',*,*,#4984,.T.);
#4982=ORIENTED_EDGE('',*,*,#4985,.T.);
#4983=EDGE_CURVE('',#159,#291,#4986,.F.);
#4984=EDGE_CURVE('',#291,#293,#4987,.T.);
#4985=EDGE_CURVE('',#293,#159,#4988,.T.);
#4986=LINE('',#158,#4989);
#4987=LINE('',#290,#4990);
#4988=LINE('',#292,#4991);
#4989=VECTOR('',#4992,1.0);
#4990=VECTOR('',#4993,1.0);
#4991=VECTOR('',#4994,1.0);
#4992=DIRECTION('',(1,0,0));
#4993=DIRECTION('',(0,1,0));
#4994=DIRECTION('',(-0.9656157585206697,-0.25997347344787264,0));
#4995=FACE_SURFACE('',(#5000),#4996,.T.);
#4996=PLANE('',#4997);
#4997=AXIS2_PLACEMENT_3D('',#158,#4998,#4999);
#4998=DIRECTION('',(0,0,1));
#4999=DIRECTION('',(0.9368310874699758,0.3497820943813771,0));
#5000=FACE_BOUND('',#5001,.T.);
#5001=EDGE_LOOP('',(#5002,#5003,#5004));
#5002=ORIENTED_EDGE('',*,*,#5005,.T.);
#5003=ORIENTED_EDGE('',*,*,#5006,.T.);
#5004=ORIENTED_EDGE('',*,*,#5007,.T.);
#5005=EDGE_CURVE('',#159,#295,#5008,.F.);
#5006=EDGE_CURVE('',#295,#289,#5009,.T.);
#5007=EDGE_CURVE('',#289,#159,#5010,.T.);
#5008=LINE('',#158,#5011);
#5009=LINE('',#294,#5012);
#5010=LINE('',#288,#5013);
#5011=VECTOR('',#5014,1.0);
#5012=VECTOR('',#5015,1.0);
#5013=VECTOR('',#5016,1.0);
#5014=DIRECTION('',(0.9368310874699758,0.3497820943813771,0));
#5015=DIRECTION('',(-0.3302791960364958,0.9438832833912708,0));
#5016=DIRECTION('',(-0.9270517608524442,-0.3749333710146142,0));
#5017=FACE_SURFACE('',(#5022),#5018,.T.);
#5018=PLANE('',#5019);
#5019=AXIS2_PLACEMENT_3D('',#158,#5020,#5021);
#5020=DIRECTION('',(0,0,1));
#5021=DIRECTION('',(0.9656157585206697,0.25997347344787264,0));
#5022=FACE_BOUND('',#5023,.T.);
#5023=EDGE_LOOP('',(#5024,#5025,#5026));
#5024=ORIENTED_EDGE('',*,*,#5027,.T.);
#5025=ORIENTED_EDGE('',*,*,#5028,.T.);
#5026=ORIENTED_EDGE('',*,*,#5029,.T.);
#5027=EDGE_CURVE('',#159,#293,#5030,.F.);
#5028=EDGE_CURVE('',#293,#297,#5031,.T.);
#5029=EDGE_CURVE('',#297,#159,#5032,.T.);
#5030=LINE('',#158,#5033);
#5031=LINE('',#292,#5034);
#5032=LINE('',#296,#5035);
#5033=VECTOR('',#5036,1.0);
#5034=VECTOR('',#5037,1.0);
#5035=VECTOR('',#5038,1.0);
#5036=DIRECTION('',(0.9656157585206697,0.25997347344787264,0));
#5037=DIRECTION('',(-0.993707878228397,0.11200291401038326,0));
#5038=DIRECTION('',(-0.9631398657233734,-0.2690011134816397,0));
#5039=FACE_SURFACE('',(#5044),#5040,.T.);
#5040=PLANE('',#5041);
#5041=AXIS2_PLACEMENT_3D('',#158,#5042,#5043);
#5042=DIRECTION('',(0,0,1));
#5043=DIRECTION('',(0.945707377114974,0.3250193176879131,0));
#5044=FACE_BOUND('',#5045,.T.);
#5045=EDGE_LOOP('',(#5046,#5047,#5048));
#5046=ORIENTED_EDGE('',*,*,#5049,.T.);
#5047=ORIENTED_EDGE('',*,*,#5050,.T.);
#5048=ORIENTED_EDGE('',*,*,#5051,.T.);
#5049=EDGE_CURVE('',#159,#299,#5052,.F.);
#5050=EDGE_CURVE('',#299,#295,#5053,.T.);
#5051=EDGE_CURVE('',#295,#159,#5054,.T.);
#5052=LINE('',#158,#5055);
#5053=LINE('',#298,#5056);
#5054=LINE('',#294,#5057);
#5055=VECTOR('',#5058,1.0);
#5056=VECTOR('',#5059,1.0);
#5057=VECTOR('',#5060,1.0);
#5058=DIRECTION('',(0.945707377114974,0.3250193176879131,0));
#5059=DIRECTION('',(-0.5320390592813571,0.846719811625433,0));
#5060=DIRECTION('',(-0.9368310874699758,-0.3497820943813771,0));
#5061=FACE_SURFACE('',(#5066),#5062,.T.);
#5062=PLANE('',#5063);
#5063=AXIS2_PLACEMENT_3D('',#158,#5064,#5065);
#5064=DIRECTION('',(0,0,1));
#5065=DIRECTION('',(0.9631398657233734,0.2690011134816397,0));
#5066=FACE_BOUND('',#5067,.T.);
#5067=EDGE_LOOP('',(#5068,#5069,#5070));
#5068=ORIENTED_EDGE('',*,*,#5071,.T.);
#5069=ORIENTED_EDGE('',*,*,#5072,.T.);
#5070=ORIENTED_EDGE('',*,*,#5073,.T.);
#5071=EDGE_CURVE('',#159,#297,#5074,.F.);
#5072=EDGE_CURVE('',#297,#301,#5075,.T.);
#5073=EDGE_CURVE('',#301,#159,#5076,.T.);
#5074=LINE('',#158,#5077);
#5075=LINE('',#296,#5078);
#5076=LINE('',#300,#5079);
#5077=VECTOR('',#5080,1.0);
#5078=VECTOR('',#5081,1.0);
#5079=VECTOR('',#5082,1.0);
#5080=DIRECTION('',(0.9631398657233734,0.2690011134816397,0));
#5081=DIRECTION('',(-0.9438832833912708,0.3302791960364958,0));
#5082=DIRECTION('',(-0.9590189492063296,-0.2833419401768605,0));
#5083=FACE_SURFACE('',(#5088),#5084,.T.);
#5084=PLANE('',#5085);
#5085=AXIS2_PLACEMENT_3D('',#158,#5086,#5087);
#5086=DIRECTION('',(0,0,1));
#5087=DIRECTION('',(0.9531884953627571,0.3023767390327557,0));
#5088=FACE_BOUND('',#5089,.T.);
#5089=EDGE_LOOP('',(#5090,#5091,#5092));
#5090=ORIENTED_EDGE('',*,*,#5093,.T.);
#5091=ORIENTED_EDGE('',*,*,#5094,.T.);
#5092=ORIENTED_EDGE('',*,*,#5095,.T.);
#5093=EDGE_CURVE('',#159,#303,#5096,.F.);
#5094=EDGE_CURVE('',#303,#299,#5097,.T.);
#5095=EDGE_CURVE('',#299,#159,#5098,.T.);
#5096=LINE('',#158,#5099);
#5097=LINE('',#302,#5100);
#5098=LINE('',#298,#5101);
#5099=VECTOR('',#5102,1.0);
#5100=VECTOR('',#5103,1.0);
#5101=VECTOR('',#5104,1.0);
#5102=DIRECTION('',(0.9531884953627571,0.3023767390327557,0));
#5103=DIRECTION('',(-0.7070886094735803,0.7071249524325376,0));
#5104=DIRECTION('',(-0.945707377114974,-0.3250193176879131,0));
#5105=FACE_SURFACE('',(#5110),#5106,.T.);
#5106=PLANE('',#5107);
#5107=AXIS2_PLACEMENT_3D('',#158,#5108,#5109);
#5108=DIRECTION('',(0,0,1));
#5109=DIRECTION('',(0.9590189492063296,0.2833419401768605,0));
#5110=FACE_BOUND('',#5111,.T.);
#5111=EDGE_LOOP('',(#5112,#5113,#5114));
#5112=ORIENTED_EDGE('',*,*,#5115,.T.);
#5113=ORIENTED_EDGE('',*,*,#5116,.T.);
#5114=ORIENTED_EDGE('',*,*,#5117,.T.);
#5115=EDGE_CURVE('',#159,#301,#5118,.F.);
#5116=EDGE_CURVE('',#301,#303,#5119,.T.);
#5117=EDGE_CURVE('',#303,#159,#5120,.T.);
#5118=LINE('',#158,#5121);
#5119=LINE('',#300,#5122);
#5120=LINE('',#302,#5123);
#5121=VECTOR('',#5124,1.0);
#5122=VECTOR('',#5125,1.0);
#5123=VECTOR('',#5126,1.0);
#5124=DIRECTION('',(0.9590189492063296,0.2833419401768605,0));
#5125=DIRECTION('',(-0.8467464686697371,0.5319966332556344,0));
#5126=DIRECTION('',(-0.9531884953627571,-0.3023767390327557,0));
#5127=FACE_SURFACE('',(#5132),#5128,.T.);
#5128=PLANE('',#5129);
#5129=AXIS2_PLACEMENT_3D('',#304,#5130,#5131);
#5130=DIRECTION('',(0.993715965073108,-0.11193114293538518,0));
#5131=DIRECTION('',(0,0,1));
#5132=FACE_BOUND('',#5133,.T.);
#5133=EDGE_LOOP('',(#5134,#5135,#5136));
#5134=ORIENTED_EDGE('',*,*,#5137,.T.);
#5135=ORIENTED_EDGE('',*,*,#5138,.T.);
#5136=ORIENTED_EDGE('',*,*,#5139,.T.);
#5137=EDGE_CURVE('',#305,#163,#5140,.F.);
#5138=EDGE_CURVE('',#163,#161,#5141,.T.);
#5139=EDGE_CURVE('',#161,#305,#5142,.T.);
#5140=LINE('',#304,#5143);
#5141=LINE('',#162,#5144);
#5142=LINE('',#160,#5145);
#5143=VECTOR('',#5146,1.0);
#5144=VECTOR('',#5147,1.0);
#5145=VECTOR('',#5148,1.0);
#5146=DIRECTION('',(0,0,1));
#5147=DIRECTION('',(-0.1119311429353852,-0.993715965073108,0));
#5148=DIRECTION('',(0.011507212797464422,0.10216013854995687,-0.99470140753147));
#5149=FACE_SURFACE('',(#5154),#5150,.T.);
#5150=PLANE('',#5151);
#5151=AXIS2_PLACEMENT_3D('',#304,#5152,#5153);
#5152=DIRECTION('',(0.993715965073108,-0.11193114293538518,0));
#5153=DIRECTION('',(-0.011507212797464422,-0.10216013854995687,0.99470140753147));
#5154=FACE_BOUND('',#5155,.T.);
#5155=EDGE_LOOP('',(#5156,#5157,#5158));
#5156=ORIENTED_EDGE('',*,*,#5159,.T.);
#5157=ORIENTED_EDGE('',*,*,#5160,.T.);
#5158=ORIENTED_EDGE('',*,*,#5161,.T.);
#5159=EDGE_CURVE('',#305,#161,#5162,.F.);
#5160=EDGE_CURVE('',#161,#307,#5163,.T.);
#5161=EDGE_CURVE('',#307,#305,#5164,.T.);
#5162=LINE('',#304,#5165);
#5163=LINE('',#160,#5166);
#5164=LINE('',#306,#5167);
#5165=VECTOR('',#5168,1.0);
#5166=VECTOR('',#5169,1.0);
#5167=VECTOR('',#5170,1.0);
#5168=DIRECTION('',(-0.011507212797464422,-0.10216013854995687,0.99470140753147));
#5169=DIRECTION('',(0,0,-1));
#5170=DIRECTION('',(0.1119311429353852,0.993715965073108,0));
#5171=FACE_SURFACE('',(#5176),#5172,.T.);
#5172=PLANE('',#5173);
#5173=AXIS2_PLACEMENT_3D('',#288,#5174,#5175);
#5174=DIRECTION('',(0.9937155097437798,0.11193518523976306,0));
#5175=DIRECTION('',(-0.01150721718947475,0.10215644143240522,-0.9947017871836874));
#5176=FACE_BOUND('',#5177,.T.);
#5177=EDGE_LOOP('',(#5178,#5179,#5180));
#5178=ORIENTED_EDGE('',*,*,#5181,.T.);
#5179=ORIENTED_EDGE('',*,*,#5182,.T.);
#5180=ORIENTED_EDGE('',*,*,#5183,.T.);
#5181=EDGE_CURVE('',#289,#307,#5184,.F.);
#5182=EDGE_CURVE('',#307,#161,#5185,.T.);
#5183=EDGE_CURVE('',#161,#289,#5186,.T.);
#5184=LINE('',#288,#5187);
#5185=LINE('',#306,#5188);
#5186=LINE('',#160,#5189);
#5187=VECTOR('',#5190,1.0);
#5188=VECTOR('',#5191,1.0);
#5189=VECTOR('',#5192,1.0);
#5190=DIRECTION('',(-0.01150721718947475,0.10215644143240522,-0.9947017871836874));
#5191=DIRECTION('',(0,0,1));
#5192=DIRECTION('',(0.11193518523976306,-0.9937155097437796,0));
#5193=FACE_SURFACE('',(#5198),#5194,.T.);
#5194=PLANE('',#5195);
#5195=AXIS2_PLACEMENT_3D('',#308,#5196,#5197);
#5196=DIRECTION('',(0.9438832833912708,-0.3302791960364958,0));
#5197=DIRECTION('',(-0.033953760444675005,-0.09703422824263856,0.9947017144355494));
#5198=FACE_BOUND('',#5199,.T.);
#5199=EDGE_LOOP('',(#5200,#5201,#5202));
#5200=ORIENTED_EDGE('',*,*,#5203,.T.);
#5201=ORIENTED_EDGE('',*,*,#5204,.T.);
#5202=ORIENTED_EDGE('',*,*,#5205,.T.);
#5203=EDGE_CURVE('',#309,#163,#5206,.F.);
#5204=EDGE_CURVE('',#163,#305,#5207,.T.);
#5205=EDGE_CURVE('',#305,#309,#5208,.T.);
#5206=LINE('',#308,#5209);
#5207=LINE('',#162,#5210);
#5208=LINE('',#304,#5211);
#5209=VECTOR('',#5212,1.0);
#5210=VECTOR('',#5213,1.0);
#5211=VECTOR('',#5214,1.0);
#5212=DIRECTION('',(-0.033953760444675005,-0.09703422824263856,0.9947017144355494));
#5213=DIRECTION('',(0,0,-1));
#5214=DIRECTION('',(0.3302791960364958,0.9438832833912708,0));
#5215=FACE_SURFACE('',(#5220),#5216,.T.);
#5216=PLANE('',#5217);
#5217=AXIS2_PLACEMENT_3D('',#308,#5218,#5219);
#5218=DIRECTION('',(0.9438832833912708,-0.3302791960364958,0));
#5219=DIRECTION('',(0,0,1));
#5220=FACE_BOUND('',#5221,.T.);
#5221=EDGE_LOOP('',(#5222,#5223,#5224));
#5222=ORIENTED_EDGE('',*,*,#5225,.T.);
#5223=ORIENTED_EDGE('',*,*,#5226,.T.);
#5224=ORIENTED_EDGE('',*,*,#5227,.T.);
#5225=EDGE_CURVE('',#309,#165,#5228,.F.);
#5226=EDGE_CURVE('',#165,#163,#5229,.T.);
#5227=EDGE_CURVE('',#163,#309,#5230,.T.);
#5228=LINE('',#308,#5231);
#5229=LINE('',#164,#5232);
#5230=LINE('',#162,#5233);
#5231=VECTOR('',#5234,1.0);
#5232=VECTOR('',#5235,1.0);
#5233=VECTOR('',#5236,1.0);
#5234=DIRECTION('',(0,0,1));
#5235=DIRECTION('',(-0.3302791960364958,-0.9438832833912708,0));
#5236=DIRECTION('',(0.033953760444675005,0.09703422824263856,-0.9947017144355494));
#5237=FACE_SURFACE('',(#5242),#5238,.T.);
#5238=PLANE('',#5239);
#5239=AXIS2_PLACEMENT_3D('',#310,#5240,#5241);
#5240=DIRECTION('',(0.8467198116254329,-0.5320390592813571,0));
#5241=DIRECTION('',(-0.05469662482123792,-0.08704758618237857,0.9947014612299442));
#5242=FACE_BOUND('',#5243,.T.);
#5243=EDGE_LOOP('',(#5244,#5245,#5246));
#5244=ORIENTED_EDGE('',*,*,#5247,.T.);
#5245=ORIENTED_EDGE('',*,*,#5248,.T.);
#5246=ORIENTED_EDGE('',*,*,#5249,.T.);
#5247=EDGE_CURVE('',#311,#165,#5250,.F.);
#5248=EDGE_CURVE('',#165,#309,#5251,.T.);
#5249=EDGE_CURVE('',#309,#311,#5252,.T.);
#5250=LINE('',#310,#5253);
#5251=LINE('',#164,#5254);
#5252=LINE('',#308,#5255);
#5253=VECTOR('',#5256,1.0);
#5254=VECTOR('',#5257,1.0);
#5255=VECTOR('',#5258,1.0);
#5256=DIRECTION('',(-0.05469662482123792,-0.08704758618237857,0.9947014612299442));
#5257=DIRECTION('',(0,0,-1));
#5258=DIRECTION('',(0.5320390592813571,0.846719811625433,0));
#5259=FACE_SURFACE('',(#5264),#5260,.T.);
#5260=PLANE('',#5261);
#5261=AXIS2_PLACEMENT_3D('',#310,#5262,#5263);
#5262=DIRECTION('',(0.8467198116254329,-0.5320390592813571,0));
#5263=DIRECTION('',(0,0,1));
#5264=FACE_BOUND('',#5265,.T.);
#5265=EDGE_LOOP('',(#5266,#5267,#5268));
#5266=ORIENTED_EDGE('',*,*,#5269,.T.);
#5267=ORIENTED_EDGE('',*,*,#5270,.T.);
#5268=ORIENTED_EDGE('',*,*,#5271,.T.);
#5269=EDGE_CURVE('',#311,#167,#5272,.F.);
#5270=EDGE_CURVE('',#167,#165,#5273,.T.);
#5271=EDGE_CURVE('',#165,#311,#5274,.T.);
#5272=LINE('',#310,#5275);
#5273=LINE('',#166,#5276);
#5274=LINE('',#164,#5277);
#5275=VECTOR('',#5278,1.0);
#5276=VECTOR('',#5279,1.0);
#5277=VECTOR('',#5280,1.0);
#5278=DIRECTION('',(0,0,1));
#5279=DIRECTION('',(-0.5320390592813571,-0.846719811625433,0));
#5280=DIRECTION('',(0.05469662482123792,0.08704758618237857,-0.9947014612299442));
#5281=FACE_SURFACE('',(#5286),#5282,.T.);
#5282=PLANE('',#5283);
#5283=AXIS2_PLACEMENT_3D('',#312,#5284,#5285);
#5284=DIRECTION('',(0.7071249524325377,-0.7070886094735803,0));
#5285=DIRECTION('',(-0.07268975373024036,-0.07269348984011548,0.9947018931506576));
#5286=FACE_BOUND('',#5287,.T.);
#5287=EDGE_LOOP('',(#5288,#5289,#5290));
#5288=ORIENTED_EDGE('',*,*,#5291,.T.);
#5289=ORIENTED_EDGE('',*,*,#5292,.T.);
#5290=ORIENTED_EDGE('',*,*,#5293,.T.);
#5291=EDGE_CURVE('',#313,#167,#5294,.F.);
#5292=EDGE_CURVE('',#167,#311,#5295,.T.);
#5293=EDGE_CURVE('',#311,#313,#5296,.T.);
#5294=LINE('',#312,#5297);
#5295=LINE('',#166,#5298);
#5296=LINE('',#310,#5299);
#5297=VECTOR('',#5300,1.0);
#5298=VECTOR('',#5301,1.0);
#5299=VECTOR('',#5302,1.0);
#5300=DIRECTION('',(-0.07268975373024036,-0.07269348984011548,0.9947018931506576));
#5301=DIRECTION('',(0,0,-1));
#5302=DIRECTION('',(0.7070886094735803,0.7071249524325376,0));
#5303=FACE_SURFACE('',(#5308),#5304,.T.);
#5304=PLANE('',#5305);
#5305=AXIS2_PLACEMENT_3D('',#312,#5306,#5307);
#5306=DIRECTION('',(0.7071249524325377,-0.7070886094735803,0));
#5307=DIRECTION('',(0,0,1));
#5308=FACE_BOUND('',#5309,.T.);
#5309=EDGE_LOOP('',(#5310,#5311,#5312));
#5310=ORIENTED_EDGE('',*,*,#5313,.T.);
#5311=ORIENTED_EDGE('',*,*,#5314,.T.);
#5312=ORIENTED_EDGE('',*,*,#5315,.T.);
#5313=EDGE_CURVE('',#313,#169,#5316,.F.);
#5314=EDGE_CURVE('',#169,#167,#5317,.T.);
#5315=EDGE_CURVE('',#167,#313,#5318,.T.);
#5316=LINE('',#312,#5319);
#5317=LINE('',#168,#5320);
#5318=LINE('',#166,#5321);
#5319=VECTOR('',#5322,1.0);
#5320=VECTOR('',#5323,1.0);
#5321=VECTOR('',#5324,1.0);
#5322=DIRECTION('',(0,0,1));
#5323=DIRECTION('',(-0.7070886094735803,-0.7071249524325376,0));
#5324=DIRECTION('',(0.07268975373024036,0.07269348984011548,-0.9947018931506576));
#5325=FACE_SURFACE('',(#5330),#5326,.T.);
#5326=PLANE('',#5327);
#5327=AXIS2_PLACEMENT_3D('',#220,#5328,#5329);
#5328=DIRECTION('',(0.5320226882909831,-0.8467300981680264,0));
#5329=DIRECTION('',(-0.0870512939792758,-0.054696607032472006,0.9947011377271412));
#5330=FACE_BOUND('',#5331,.T.);
#5331=EDGE_LOOP('',(#5332,#5333,#5334));
#5332=ORIENTED_EDGE('',*,*,#5335,.T.);
#5333=ORIENTED_EDGE('',*,*,#5336,.T.);
#5334=ORIENTED_EDGE('',*,*,#5337,.T.);
#5335=EDGE_CURVE('',#221,#169,#5338,.F.);
#5336=EDGE_CURVE('',#169,#313,#5339,.T.);
#5337=EDGE_CURVE('',#313,#221,#5340,.T.);
#5338=LINE('',#220,#5341);
#5339=LINE('',#168,#5342);
#5340=LINE('',#312,#5343);
#5341=VECTOR('',#5344,1.0);
#5342=VECTOR('',#5345,1.0);
#5343=VECTOR('',#5346,1.0);
#5344=DIRECTION('',(-0.0870512939792758,-0.054696607032472006,0.9947011377271412));
#5345=DIRECTION('',(0,0,-1));
#5346=DIRECTION('',(0.8467300981680264,0.5320226882909831,0));
#5347=FACE_SURFACE('',(#5352),#5348,.T.);
#5348=PLANE('',#5349);
#5349=AXIS2_PLACEMENT_3D('',#220,#5350,#5351);
#5350=DIRECTION('',(0.5320226882909831,-0.8467300981680264,0));
#5351=DIRECTION('',(0,0,1));
#5352=FACE_BOUND('',#5353,.T.);
#5353=EDGE_LOOP('',(#5354,#5355,#5356));
#5354=ORIENTED_EDGE('',*,*,#5357,.T.);
#5355=ORIENTED_EDGE('',*,*,#5358,.T.);
#5356=ORIENTED_EDGE('',*,*,#5359,.T.);
#5357=EDGE_CURVE('',#221,#173,#5360,.F.);
#5358=EDGE_CURVE('',#173,#169,#5361,.T.);
#5359=EDGE_CURVE('',#169,#221,#5362,.T.);
#5360=LINE('',#220,#5363);
#5361=LINE('',#172,#5364);
#5362=LINE('',#168,#5365);
#5363=VECTOR('',#5366,1.0);
#5364=VECTOR('',#5367,1.0);
#5365=VECTOR('',#5368,1.0);
#5366=DIRECTION('',(0,0,1));
#5367=DIRECTION('',(-0.8467300981680264,-0.5320226882909831,0));
#5368=DIRECTION('',(0.0870512939792758,0.054696607032472006,-0.9947011377271412));
#5369=FACE_SURFACE('',(#5374),#5370,.T.);
#5370=PLANE('',#5371);
#5371=AXIS2_PLACEMENT_3D('',#252,#5372,#5373);
#5372=DIRECTION('',(0,-1,0));
#5373=DIRECTION('',(0.8869946582629701,0,0.46177968362949556));
#5374=FACE_BOUND('',#5375,.T.);
#5375=EDGE_LOOP('',(#5376,#5377,#5378));
#5376=ORIENTED_EDGE('',*,*,#5379,.T.);
#5377=ORIENTED_EDGE('',*,*,#5380,.T.);
#5378=ORIENTED_EDGE('',*,*,#5381,.T.);
#5379=EDGE_CURVE('',#253,#179,#5382,.F.);
#5380=EDGE_CURVE('',#179,#175,#5383,.T.);
#5381=EDGE_CURVE('',#175,#253,#5384,.T.);
#5382=LINE('',#252,#5385);
#5383=LINE('',#178,#5386);
#5384=LINE('',#174,#5387);
#5385=VECTOR('',#5388,1.0);
#5386=VECTOR('',#5389,1.0);
#5387=VECTOR('',#5390,1.0);
#5388=DIRECTION('',(0.8869946582629701,0,0.46177968362949556));
#5389=DIRECTION('',(-0.7933866046730623,0,0.6087180755697582));
#5390=DIRECTION('',(-0.8713889225344806,0,-0.4905928512363352));
#5391=FACE_SURFACE('',(#5396),#5392,.T.);
#5392=PLANE('',#5393);
#5393=AXIS2_PLACEMENT_3D('',#252,#5394,#5395);
#5394=DIRECTION('',(0,-1,0));
#5395=DIRECTION('',(0.8989941680519273,0,0.4379605984659155));
#5396=FACE_BOUND('',#5397,.T.);
#5397=EDGE_LOOP('',(#5398,#5399,#5400));
#5398=ORIENTED_EDGE('',*,*,#5401,.T.);
#5399=ORIENTED_EDGE('',*,*,#5402,.T.);
#5400=ORIENTED_EDGE('',*,*,#5403,.T.);
#5401=EDGE_CURVE('',#253,#177,#5404,.F.);
#5402=EDGE_CURVE('',#177,#179,#5405,.T.);
#5403=EDGE_CURVE('',#179,#253,#5406,.T.);
#5404=LINE('',#252,#5407);
#5405=LINE('',#176,#5408);
#5406=LINE('',#178,#5409);
#5407=VECTOR('',#5410,1.0);
#5408=VECTOR('',#5411,1.0);
#5409=VECTOR('',#5412,1.0);
#5410=DIRECTION('',(0.8989941680519273,0,0.4379605984659155));
#5411=DIRECTION('',(-0.9238679071581274,0,0.38271149724467596));
#5412=DIRECTION('',(-0.8869946582629701,0,-0.46177968362949556));
#5413=FACE_SURFACE('',(#5418),#5414,.T.);
#5414=PLANE('',#5415);
#5415=AXIS2_PLACEMENT_3D('',#180,#5416,#5417);
#5416=DIRECTION('',(0.1802444017655949,0.9836217600164631,-0.0004345736740936381));
#5417=DIRECTION('',(0.007391621911357218,-0.0009126850225913639,0.9999722650811717));
#5418=FACE_BOUND('',#5419,.T.);
#5419=EDGE_LOOP('',(#5420,#5421,#5422));
#5420=ORIENTED_EDGE('',*,*,#5423,.T.);
#5421=ORIENTED_EDGE('',*,*,#5424,.T.);
#5422=ORIENTED_EDGE('',*,*,#5425,.T.);
#5423=EDGE_CURVE('',#181,#183,#5426,.F.);
#5424=EDGE_CURVE('',#183,#315,#5427,.T.);
#5425=EDGE_CURVE('',#315,#181,#5428,.T.);
#5426=LINE('',#180,#5429);
#5427=LINE('',#182,#5430);
#5428=LINE('',#314,#5431);
#5429=VECTOR('',#5432,1.0);
#5430=VECTOR('',#5433,1.0);
#5431=VECTOR('',#5434,1.0);
#5432=DIRECTION('',(0.007391621911357218,-0.0009126850225913639,0.9999722650811717));
#5433=DIRECTION('',(0.17263608121263846,-0.03206975523383339,-0.9844634651741959));
#5434=DIRECTION('',(-0.983621852897065,0.18024441878556052,0));
#5435=FACE_SURFACE('',(#5440),#5436,.T.);
#5436=PLANE('',#5437);
#5437=AXIS2_PLACEMENT_3D('',#314,#5438,#5439);
#5438=DIRECTION('',(-0,0,-1));
#5439=DIRECTION('',(-0.15394141840836875,-0.9880799763675102,0));
#5440=FACE_BOUND('',#5441,.T.);
#5441=EDGE_LOOP('',(#5442,#5443,#5444));
#5442=ORIENTED_EDGE('',*,*,#5445,.T.);
#5443=ORIENTED_EDGE('',*,*,#5446,.T.);
#5444=ORIENTED_EDGE('',*,*,#5447,.T.);
#5445=EDGE_CURVE('',#315,#317,#5448,.F.);
#5446=EDGE_CURVE('',#317,#181,#5449,.T.);
#5447=EDGE_CURVE('',#181,#315,#5450,.T.);
#5448=LINE('',#314,#5451);
#5449=LINE('',#316,#5452);
#5450=LINE('',#180,#5453);
#5451=VECTOR('',#5454,1.0);
#5452=VECTOR('',#5455,1.0);
#5453=VECTOR('',#5456,1.0);
#5454=DIRECTION('',(-0.15394141840836875,-0.9880799763675102,0));
#5455=DIRECTION('',(-0.013327553414804141,0.9999111842158659,0));
#5456=DIRECTION('',(0.983621852897065,-0.18024441878556052,0));
#5457=FACE_SURFACE('',(#5462),#5458,.T.);
#5458=PLANE('',#5459);
#5459=AXIS2_PLACEMENT_3D('',#180,#5460,#5461);
#5460=DIRECTION('',(0,-0,-1));
#5461=DIRECTION('',(0.013327553414804141,-0.9999111842158659,0));
#5462=FACE_BOUND('',#5463,.T.);
#5463=EDGE_LOOP('',(#5464,#5465,#5466));
#5464=ORIENTED_EDGE('',*,*,#5467,.T.);
#5465=ORIENTED_EDGE('',*,*,#5468,.T.);
#5466=ORIENTED_EDGE('',*,*,#5469,.T.);
#5467=EDGE_CURVE('',#181,#317,#5470,.F.);
#5468=EDGE_CURVE('',#317,#185,#5471,.T.);
#5469=EDGE_CURVE('',#185,#181,#5472,.T.);
#5470=LINE('',#180,#5473);
#5471=LINE('',#316,#5474);
#5472=LINE('',#184,#5475);
#5473=VECTOR('',#5476,1.0);
#5474=VECTOR('',#5477,1.0);
#5475=VECTOR('',#5478,1.0);
#5476=DIRECTION('',(0.013327553414804141,-0.9999111842158659,0));
#5477=DIRECTION('',(-0.9438674226046914,0.3303245200489616,0));
#5478=DIRECTION('',(0.07656304740413222,0.9970647420163812,0));
#5479=FACE_SURFACE('',(#5484),#5480,.T.);
#5480=PLANE('',#5481);
#5481=AXIS2_PLACEMENT_3D('',#182,#5482,#5483);
#5482=DIRECTION('',(0.18738628159568327,0.9822859255593613,0.0008613464647044746));
#5483=DIRECTION('',(0.9822862899472372,-0.1873863511083245,0));
#5484=FACE_BOUND('',#5485,.T.);
#5485=EDGE_LOOP('',(#5486,#5487,#5488));
#5486=ORIENTED_EDGE('',*,*,#5489,.T.);
#5487=ORIENTED_EDGE('',*,*,#5490,.T.);
#5488=ORIENTED_EDGE('',*,*,#5491,.T.);
#5489=EDGE_CURVE('',#183,#231,#5492,.F.);
#5490=EDGE_CURVE('',#231,#315,#5493,.T.);
#5491=EDGE_CURVE('',#315,#183,#5494,.T.);
#5492=LINE('',#182,#5495);
#5493=LINE('',#230,#5496);
#5494=LINE('',#314,#5497);
#5495=VECTOR('',#5498,1.0);
#5496=VECTOR('',#5499,1.0);
#5497=VECTOR('',#5500,1.0);
#5498=DIRECTION('',(0.9822862899472372,-0.1873863511083245,0));
#5499=DIRECTION('',(-0.01442148206927683,0.003627904083052453,-0.9998894234698602));
#5500=DIRECTION('',(-0.17263608121263846,0.03206975523383339,0.9844634651741959));
#5501=FACE_SURFACE('',(#5506),#5502,.T.);
#5502=PLANE('',#5503);
#5503=AXIS2_PLACEMENT_3D('',#242,#5504,#5505);
#5504=DIRECTION('',(-0.3303245200489616,-0.9438674226046914,-0));
#5505=DIRECTION('',(0,0,-1));
#5506=FACE_BOUND('',#5507,.T.);
#5507=EDGE_LOOP('',(#5508,#5509,#5510));
#5508=ORIENTED_EDGE('',*,*,#5511,.T.);
#5509=ORIENTED_EDGE('',*,*,#5512,.T.);
#5510=ORIENTED_EDGE('',*,*,#5513,.T.);
#5511=EDGE_CURVE('',#243,#185,#5514,.F.);
#5512=EDGE_CURVE('',#185,#317,#5515,.T.);
#5513=EDGE_CURVE('',#317,#243,#5516,.T.);
#5514=LINE('',#242,#5517);
#5515=LINE('',#184,#5518);
#5516=LINE('',#316,#5519);
#5517=VECTOR('',#5520,1.0);
#5518=VECTOR('',#5521,1.0);
#5519=VECTOR('',#5522,1.0);
#5520=DIRECTION('',(0,0,-1));
#5521=DIRECTION('',(0.9438674226046914,-0.3303245200489616,0));
#5522=DIRECTION('',(-0.09701942448508262,0.0339538096780819,0.994703156766343));
#5523=FACE_SURFACE('',(#5528),#5524,.T.);
#5524=PLANE('',#5525);
#5525=AXIS2_PLACEMENT_3D('',#186,#5526,#5527);
#5526=DIRECTION('',(0.993715965073108,-0.11193114293538518,0));
#5527=DIRECTION('',(0,0,1));
#5528=FACE_BOUND('',#5529,.T.);
#5529=EDGE_LOOP('',(#5530,#5531,#5532));
#5530=ORIENTED_EDGE('',*,*,#5533,.T.);
#5531=ORIENTED_EDGE('',*,*,#5534,.T.);
#5532=ORIENTED_EDGE('',*,*,#5535,.T.);
#5533=EDGE_CURVE('',#187,#319,#5536,.F.);
#5534=EDGE_CURVE('',#319,#321,#5537,.T.);
#5535=EDGE_CURVE('',#321,#187,#5538,.T.);
#5536=LINE('',#186,#5539);
#5537=LINE('',#318,#5540);
#5538=LINE('',#320,#5541);
#5539=VECTOR('',#5542,1.0);
#5540=VECTOR('',#5543,1.0);
#5541=VECTOR('',#5544,1.0);
#5542=DIRECTION('',(0,0,1));
#5543=DIRECTION('',(-0.1119311429353852,-0.993715965073108,0));
#5544=DIRECTION('',(0.011507212797464422,0.10216013854995687,-0.99470140753147));
#5545=FACE_SURFACE('',(#5550),#5546,.T.);
#5546=PLANE('',#5547);
#5547=AXIS2_PLACEMENT_3D('',#186,#5548,#5549);
#5548=DIRECTION('',(0.993715965073108,-0.11193114293538518,0));
#5549=DIRECTION('',(-0.011507212797464422,-0.10216013854995687,0.99470140753147));
#5550=FACE_BOUND('',#5551,.T.);
#5551=EDGE_LOOP('',(#5552,#5553,#5554));
#5552=ORIENTED_EDGE('',*,*,#5555,.T.);
#5553=ORIENTED_EDGE('',*,*,#5556,.T.);
#5554=ORIENTED_EDGE('',*,*,#5557,.T.);
#5555=EDGE_CURVE('',#187,#321,#5558,.F.);
#5556=EDGE_CURVE('',#321,#211,#5559,.T.);
#5557=EDGE_CURVE('',#211,#187,#5560,.T.);
#5558=LINE('',#186,#5561);
#5559=LINE('',#320,#5562);
#5560=LINE('',#210,#5563);
#5561=VECTOR('',#5564,1.0);
#5562=VECTOR('',#5565,1.0);
#5563=VECTOR('',#5566,1.0);
#5564=DIRECTION('',(-0.011507212797464422,-0.10216013854995687,0.99470140753147));
#5565=DIRECTION('',(0,0,-1));
#5566=DIRECTION('',(0.1119311429353852,0.993715965073108,0));
#5567=FACE_SURFACE('',(#5572),#5568,.T.);
#5568=PLANE('',#5569);
#5569=AXIS2_PLACEMENT_3D('',#190,#5570,#5571);
#5570=DIRECTION('',(0.9438832833912708,-0.3302791960364958,0));
#5571=DIRECTION('',(-0.033953760444675005,-0.09703422824263856,0.9947017144355494));
#5572=FACE_BOUND('',#5573,.T.);
#5573=EDGE_LOOP('',(#5574,#5575,#5576));
#5574=ORIENTED_EDGE('',*,*,#5577,.T.);
#5575=ORIENTED_EDGE('',*,*,#5578,.T.);
#5576=ORIENTED_EDGE('',*,*,#5579,.T.);
#5577=EDGE_CURVE('',#191,#319,#5580,.F.);
#5578=EDGE_CURVE('',#319,#187,#5581,.T.);
#5579=EDGE_CURVE('',#187,#191,#5582,.T.);
#5580=LINE('',#190,#5583);
#5581=LINE('',#318,#5584);
#5582=LINE('',#186,#5585);
#5583=VECTOR('',#5586,1.0);
#5584=VECTOR('',#5587,1.0);
#5585=VECTOR('',#5588,1.0);
#5586=DIRECTION('',(-0.033953760444675005,-0.09703422824263856,0.9947017144355494));
#5587=DIRECTION('',(0,0,-1));
#5588=DIRECTION('',(0.3302791960364958,0.9438832833912708,0));
#5589=FACE_SURFACE('',(#5594),#5590,.T.);
#5590=PLANE('',#5591);
#5591=AXIS2_PLACEMENT_3D('',#190,#5592,#5593);
#5592=DIRECTION('',(0.9438832833912708,-0.3302791960364958,0));
#5593=DIRECTION('',(0,0,1));
#5594=FACE_BOUND('',#5595,.T.);
#5595=EDGE_LOOP('',(#5596,#5597,#5598));
#5596=ORIENTED_EDGE('',*,*,#5599,.T.);
#5597=ORIENTED_EDGE('',*,*,#5600,.T.);
#5598=ORIENTED_EDGE('',*,*,#5601,.T.);
#5599=EDGE_CURVE('',#191,#323,#5602,.F.);
#5600=EDGE_CURVE('',#323,#319,#5603,.T.);
#5601=EDGE_CURVE('',#319,#191,#5604,.T.);
#5602=LINE('',#190,#5605);
#5603=LINE('',#322,#5606);
#5604=LINE('',#318,#5607);
#5605=VECTOR('',#5608,1.0);
#5606=VECTOR('',#5609,1.0);
#5607=VECTOR('',#5610,1.0);
#5608=DIRECTION('',(0,0,1));
#5609=DIRECTION('',(-0.3302791960364958,-0.9438832833912708,0));
#5610=DIRECTION('',(0.033953760444675005,0.09703422824263856,-0.9947017144355494));
#5611=FACE_SURFACE('',(#5616),#5612,.T.);
#5612=PLANE('',#5613);
#5613=AXIS2_PLACEMENT_3D('',#194,#5614,#5615);
#5614=DIRECTION('',(0.8467198116254329,-0.5320390592813571,0));
#5615=DIRECTION('',(-0.05469662482123792,-0.08704758618237857,0.9947014612299442));
#5616=FACE_BOUND('',#5617,.T.);
#5617=EDGE_LOOP('',(#5618,#5619,#5620));
#5618=ORIENTED_EDGE('',*,*,#5621,.T.);
#5619=ORIENTED_EDGE('',*,*,#5622,.T.);
#5620=ORIENTED_EDGE('',*,*,#5623,.T.);
#5621=EDGE_CURVE('',#195,#323,#5624,.F.);
#5622=EDGE_CURVE('',#323,#191,#5625,.T.);
#5623=EDGE_CURVE('',#191,#195,#5626,.T.);
#5624=LINE('',#194,#5627);
#5625=LINE('',#322,#5628);
#5626=LINE('',#190,#5629);
#5627=VECTOR('',#5630,1.0);
#5628=VECTOR('',#5631,1.0);
#5629=VECTOR('',#5632,1.0);
#5630=DIRECTION('',(-0.05469662482123792,-0.08704758618237857,0.9947014612299442));
#5631=DIRECTION('',(0,0,-1));
#5632=DIRECTION('',(0.5320390592813571,0.846719811625433,0));
#5633=FACE_SURFACE('',(#5638),#5634,.T.);
#5634=PLANE('',#5635);
#5635=AXIS2_PLACEMENT_3D('',#192,#5636,#5637);
#5636=DIRECTION('',(0.3302791960364958,-0.9438832833912708,0));
#5637=DIRECTION('',(-0.09703422824263856,-0.033953760444675005,0.9947017144355494));
#5638=FACE_BOUND('',#5639,.T.);
#5639=EDGE_LOOP('',(#5640,#5641,#5642));
#5640=ORIENTED_EDGE('',*,*,#5643,.T.);
#5641=ORIENTED_EDGE('',*,*,#5644,.T.);
#5642=ORIENTED_EDGE('',*,*,#5645,.T.);
#5643=EDGE_CURVE('',#193,#225,#5646,.F.);
#5644=EDGE_CURVE('',#225,#197,#5647,.T.);
#5645=EDGE_CURVE('',#197,#193,#5648,.T.);
#5646=LINE('',#192,#5649);
#5647=LINE('',#224,#5650);
#5648=LINE('',#196,#5651);
#5649=VECTOR('',#5652,1.0);
#5650=VECTOR('',#5653,1.0);
#5651=VECTOR('',#5654,1.0);
#5652=DIRECTION('',(-0.09703422824263856,-0.033953760444675005,0.9947017144355494));
#5653=DIRECTION('',(0,0,-1));
#5654=DIRECTION('',(0.9438832833912708,0.3302791960364958,0));
#5655=FACE_SURFACE('',(#5660),#5656,.T.);
#5656=PLANE('',#5657);
#5657=AXIS2_PLACEMENT_3D('',#194,#5658,#5659);
#5658=DIRECTION('',(0.8467198116254329,-0.5320390592813571,0));
#5659=DIRECTION('',(0,0,1));
#5660=FACE_BOUND('',#5661,.T.);
#5661=EDGE_LOOP('',(#5662,#5663,#5664));
#5662=ORIENTED_EDGE('',*,*,#5665,.T.);
#5663=ORIENTED_EDGE('',*,*,#5666,.T.);
#5664=ORIENTED_EDGE('',*,*,#5667,.T.);
#5665=EDGE_CURVE('',#195,#325,#5668,.F.);
#5666=EDGE_CURVE('',#325,#323,#5669,.T.);
#5667=EDGE_CURVE('',#323,#195,#5670,.T.);
#5668=LINE('',#194,#5671);
#5669=LINE('',#324,#5672);
#5670=LINE('',#322,#5673);
#5671=VECTOR('',#5674,1.0);
#5672=VECTOR('',#5675,1.0);
#5673=VECTOR('',#5676,1.0);
#5674=DIRECTION('',(0,0,1));
#5675=DIRECTION('',(-0.5320390592813571,-0.846719811625433,0));
#5676=DIRECTION('',(0.05469662482123792,0.08704758618237857,-0.9947014612299442));
#5677=FACE_SURFACE('',(#5682),#5678,.T.);
#5678=PLANE('',#5679);
#5679=AXIS2_PLACEMENT_3D('',#198,#5680,#5681);
#5680=DIRECTION('',(0.7071249524325377,-0.7070886094735803,0));
#5681=DIRECTION('',(-0.07268975373024036,-0.07269348984011548,0.9947018931506576));
#5682=FACE_BOUND('',#5683,.T.);
#5683=EDGE_LOOP('',(#5684,#5685,#5686));
#5684=ORIENTED_EDGE('',*,*,#5687,.T.);
#5685=ORIENTED_EDGE('',*,*,#5688,.T.);
#5686=ORIENTED_EDGE('',*,*,#5689,.T.);
#5687=EDGE_CURVE('',#199,#325,#5690,.F.);
#5688=EDGE_CURVE('',#325,#195,#5691,.T.);
#5689=EDGE_CURVE('',#195,#199,#5692,.T.);
#5690=LINE('',#198,#5693);
#5691=LINE('',#324,#5694);
#5692=LINE('',#194,#5695);
#5693=VECTOR('',#5696,1.0);
#5694=VECTOR('',#5697,1.0);
#5695=VECTOR('',#5698,1.0);
#5696=DIRECTION('',(-0.07268975373024036,-0.07269348984011548,0.9947018931506576));
#5697=DIRECTION('',(0,0,-1));
#5698=DIRECTION('',(0.7070886094735803,0.7071249524325376,0));
#5699=FACE_SURFACE('',(#5704),#5700,.T.);
#5700=PLANE('',#5701);
#5701=AXIS2_PLACEMENT_3D('',#196,#5702,#5703);
#5702=DIRECTION('',(0.5320226882909831,-0.8467300981680264,0));
#5703=DIRECTION('',(0,0,1));
#5704=FACE_BOUND('',#5705,.T.);
#5705=EDGE_LOOP('',(#5706,#5707,#5708));
#5706=ORIENTED_EDGE('',*,*,#5709,.T.);
#5707=ORIENTED_EDGE('',*,*,#5710,.T.);
#5708=ORIENTED_EDGE('',*,*,#5711,.T.);
#5709=EDGE_CURVE('',#197,#225,#5712,.F.);
#5710=EDGE_CURVE('',#225,#327,#5713,.T.);
#5711=EDGE_CURVE('',#327,#197,#5714,.T.);
#5712=LINE('',#196,#5715);
#5713=LINE('',#224,#5716);
#5714=LINE('',#326,#5717);
#5715=VECTOR('',#5718,1.0);
#5716=VECTOR('',#5719,1.0);
#5717=VECTOR('',#5720,1.0);
#5718=DIRECTION('',(0,0,1));
#5719=DIRECTION('',(-0.8467300981680264,-0.5320226882909831,0));
#5720=DIRECTION('',(0.0870512939792758,0.054696607032472006,-0.9947011377271412));
#5721=FACE_SURFACE('',(#5726),#5722,.T.);
#5722=PLANE('',#5723);
#5723=AXIS2_PLACEMENT_3D('',#196,#5724,#5725);
#5724=DIRECTION('',(0.5320226882909831,-0.8467300981680264,0));
#5725=DIRECTION('',(-0.0870512939792758,-0.054696607032472006,0.9947011377271412));
#5726=FACE_BOUND('',#5727,.T.);
#5727=EDGE_LOOP('',(#5728,#5729,#5730));
#5728=ORIENTED_EDGE('',*,*,#5731,.T.);
#5729=ORIENTED_EDGE('',*,*,#5732,.T.);
#5730=ORIENTED_EDGE('',*,*,#5733,.T.);
#5731=EDGE_CURVE('',#197,#327,#5734,.F.);
#5732=EDGE_CURVE('',#327,#199,#5735,.T.);
#5733=EDGE_CURVE('',#199,#197,#5736,.T.);
#5734=LINE('',#196,#5737);
#5735=LINE('',#326,#5738);
#5736=LINE('',#198,#5739);
#5737=VECTOR('',#5740,1.0);
#5738=VECTOR('',#5741,1.0);
#5739=VECTOR('',#5742,1.0);
#5740=DIRECTION('',(-0.0870512939792758,-0.054696607032472006,0.9947011377271412));
#5741=DIRECTION('',(0,0,-1));
#5742=DIRECTION('',(0.8467300981680264,0.5320226882909831,0));
#5743=FACE_SURFACE('',(#5748),#5744,.T.);
#5744=PLANE('',#5745);
#5745=AXIS2_PLACEMENT_3D('',#198,#5746,#5747);
#5746=DIRECTION('',(0.7071249524325377,-0.7070886094735803,0));
#5747=DIRECTION('',(0,0,1));
#5748=FACE_BOUND('',#5749,.T.);
#5749=EDGE_LOOP('',(#5750,#5751,#5752));
#5750=ORIENTED_EDGE('',*,*,#5753,.T.);
#5751=ORIENTED_EDGE('',*,*,#5754,.T.);
#5752=ORIENTED_EDGE('',*,*,#5755,.T.);
#5753=EDGE_CURVE('',#199,#327,#5756,.F.);
#5754=EDGE_CURVE('',#327,#325,#5757,.T.);
#5755=EDGE_CURVE('',#325,#199,#5758,.T.);
#5756=LINE('',#198,#5759);
#5757=LINE('',#326,#5760);
#5758=LINE('',#324,#5761);
#5759=VECTOR('',#5762,1.0);
#5760=VECTOR('',#5763,1.0);
#5761=VECTOR('',#5764,1.0);
#5762=DIRECTION('',(0,0,1));
#5763=DIRECTION('',(-0.7070886094735803,-0.7071249524325376,0));
#5764=DIRECTION('',(0.07268975373024036,0.07269348984011548,-0.9947018931506576));
#5765=FACE_SURFACE('',(#5770),#5766,.T.);
#5766=PLANE('',#5767);
#5767=AXIS2_PLACEMENT_3D('',#250,#5768,#5769);
#5768=DIRECTION('',(0,-1,0));
#5769=DIRECTION('',(0.8340569520632565,0,-0.5516783489633706));
#5770=FACE_BOUND('',#5771,.T.);
#5771=EDGE_LOOP('',(#5772,#5773,#5774));
#5772=ORIENTED_EDGE('',*,*,#5775,.T.);
#5773=ORIENTED_EDGE('',*,*,#5776,.T.);
#5774=ORIENTED_EDGE('',*,*,#5777,.T.);
#5775=EDGE_CURVE('',#251,#201,#5778,.F.);
#5776=EDGE_CURVE('',#201,#213,#5779,.T.);
#5777=EDGE_CURVE('',#213,#251,#5780,.T.);
#5778=LINE('',#250,#5781);
#5779=LINE('',#200,#5782);
#5780=LINE('',#212,#5783);
#5781=VECTOR('',#5784,1.0);
#5782=VECTOR('',#5785,1.0);
#5783=VECTOR('',#5786,1.0);
#5784=DIRECTION('',(0.8340569520632565,0,-0.5516783489633706));
#5785=DIRECTION('',(0.38268940542055224,0,0.923877058368084));
#5786=DIRECTION('',(-0.8531918356533722,0,0.5215972503516763));
#5787=FACE_SURFACE('',(#5792),#5788,.T.);
#5788=PLANE('',#5789);
#5789=AXIS2_PLACEMENT_3D('',#250,#5790,#5791);
#5790=DIRECTION('',(0,-1,0));
#5791=DIRECTION('',(0.8989941880816109,0,-0.4379605573513274));
#5792=FACE_BOUND('',#5793,.T.);
#5793=EDGE_LOOP('',(#5794,#5795,#5796));
#5794=ORIENTED_EDGE('',*,*,#5797,.T.);
#5795=ORIENTED_EDGE('',*,*,#5798,.T.);
#5796=ORIENTED_EDGE('',*,*,#5799,.T.);
#5797=EDGE_CURVE('',#251,#203,#5800,.F.);
#5798=EDGE_CURVE('',#203,#205,#5801,.T.);
#5799=EDGE_CURVE('',#205,#251,#5802,.T.);
#5800=LINE('',#250,#5803);
#5801=LINE('',#202,#5804);
#5802=LINE('',#204,#5805);
#5803=VECTOR('',#5806,1.0);
#5804=VECTOR('',#5807,1.0);
#5805=VECTOR('',#5808,1.0);
#5806=DIRECTION('',(0.8989941880816109,0,-0.4379605573513274));
#5807=DIRECTION('',(0.9914463562291699,0,0.13051483716383394));
#5808=DIRECTION('',(-0.9070089677484316,0,0.42111130645462896));
#5809=FACE_SURFACE('',(#5814),#5810,.T.);
#5810=PLANE('',#5811);
#5811=AXIS2_PLACEMENT_3D('',#250,#5812,#5813);
#5812=DIRECTION('',(0,-1,0));
#5813=DIRECTION('',(0.8869946582629701,0,-0.46177968362949556));
#5814=FACE_BOUND('',#5815,.T.);
#5815=EDGE_LOOP('',(#5816,#5817,#5818));
#5816=ORIENTED_EDGE('',*,*,#5819,.T.);
#5817=ORIENTED_EDGE('',*,*,#5820,.T.);
#5818=ORIENTED_EDGE('',*,*,#5821,.T.);
#5819=EDGE_CURVE('',#251,#215,#5822,.F.);
#5820=EDGE_CURVE('',#215,#203,#5823,.T.);
#5821=EDGE_CURVE('',#203,#251,#5824,.T.);
#5822=LINE('',#250,#5825);
#5823=LINE('',#214,#5826);
#5824=LINE('',#202,#5827);
#5825=VECTOR('',#5828,1.0);
#5826=VECTOR('',#5829,1.0);
#5827=VECTOR('',#5830,1.0);
#5828=DIRECTION('',(0.8869946582629701,0,-0.46177968362949556));
#5829=DIRECTION('',(0.9238673904530366,0,0.3827127445715604));
#5830=DIRECTION('',(-0.8989941880816109,0,0.4379605573513274));
#5831=FACE_SURFACE('',(#5836),#5832,.T.);
#5832=PLANE('',#5833);
#5833=AXIS2_PLACEMENT_3D('',#250,#5834,#5835);
#5834=DIRECTION('',(0,-1,0));
#5835=DIRECTION('',(0.9070089677484316,0,-0.42111130645462896));
#5836=FACE_BOUND('',#5837,.T.);
#5837=EDGE_LOOP('',(#5838,#5839,#5840));
#5838=ORIENTED_EDGE('',*,*,#5841,.T.);
#5839=ORIENTED_EDGE('',*,*,#5842,.T.);
#5840=ORIENTED_EDGE('',*,*,#5843,.T.);
#5841=EDGE_CURVE('',#251,#205,#5844,.F.);
#5842=EDGE_CURVE('',#205,#207,#5845,.T.);
#5843=EDGE_CURVE('',#207,#251,#5846,.T.);
#5844=LINE('',#250,#5847);
#5845=LINE('',#204,#5848);
#5846=LINE('',#206,#5849);
#5847=VECTOR('',#5850,1.0);
#5848=VECTOR('',#5851,1.0);
#5849=VECTOR('',#5852,1.0);
#5850=DIRECTION('',(0.9070089677484316,0,-0.42111130645462896));
#5851=DIRECTION('',(1,0,0));
#5852=DIRECTION('',(-0.9870527346239429,0,0.16039606937639073));
#5853=FACE_SURFACE('',(#5858),#5854,.T.);
#5854=PLANE('',#5855);
#5855=AXIS2_PLACEMENT_3D('',#328,#5856,#5857);
#5856=DIRECTION('',(0.06279463721409985,-0.9980264693569753,0));
#5857=DIRECTION('',(0,0,-1));
#5858=FACE_BOUND('',#5859,.T.);
#5859=EDGE_LOOP('',(#5860,#5861,#5862));
#5860=ORIENTED_EDGE('',*,*,#5863,.T.);
#5861=ORIENTED_EDGE('',*,*,#5864,.T.);
#5862=ORIENTED_EDGE('',*,*,#5865,.T.);
#5863=EDGE_CURVE('',#329,#207,#5866,.F.);
#5864=EDGE_CURVE('',#207,#331,#5867,.T.);
#5865=EDGE_CURVE('',#331,#329,#5868,.T.);
#5866=LINE('',#328,#5869);
#5867=LINE('',#206,#5870);
#5868=LINE('',#330,#5871);
#5869=VECTOR('',#5872,1.0);
#5870=VECTOR('',#5873,1.0);
#5871=VECTOR('',#5874,1.0);
#5872=DIRECTION('',(0,0,-1));
#5873=DIRECTION('',(0.1893176287987604,0.01191163980481526,0.9818436475647103));
#5874=DIRECTION('',(-0.9980264693569754,-0.06279463721409986,0));
#5875=FACE_SURFACE('',(#5880),#5876,.T.);
#5876=PLANE('',#5877);
#5877=AXIS2_PLACEMENT_3D('',#330,#5878,#5879);
#5878=DIRECTION('',(0.06039432824458428,-0.9981744883758409,0.0004646197516901573));
#5879=DIRECTION('',(-0.1893176287987604,-0.01191163980481526,-0.9818436475647103));
#5880=FACE_BOUND('',#5881,.T.);
#5881=EDGE_LOOP('',(#5882,#5883,#5884));
#5882=ORIENTED_EDGE('',*,*,#5885,.T.);
#5883=ORIENTED_EDGE('',*,*,#5886,.T.);
#5884=ORIENTED_EDGE('',*,*,#5887,.T.);
#5885=EDGE_CURVE('',#331,#207,#5888,.F.);
#5886=EDGE_CURVE('',#207,#333,#5889,.T.);
#5887=EDGE_CURVE('',#333,#331,#5890,.T.);
#5888=LINE('',#330,#5891);
#5889=LINE('',#206,#5892);
#5890=LINE('',#332,#5893);
#5891=VECTOR('',#5894,1.0);
#5892=VECTOR('',#5895,1.0);
#5893=VECTOR('',#5896,1.0);
#5894=DIRECTION('',(-0.1893176287987604,-0.01191163980481526,-0.9818436475647103));
#5895=DIRECTION('',(0.9981745961145772,0.06039433476329286,0));
#5896=DIRECTION('',(0.007391621911357218,0.0009126850225913639,0.9999722650811717));
#5897=FACE_SURFACE('',(#5902),#5898,.T.);
#5898=PLANE('',#5899);
#5899=AXIS2_PLACEMENT_3D('',#250,#5900,#5901);
#5900=DIRECTION('',(0,-1,0));
#5901=DIRECTION('',(0.9870527346239429,0,-0.16039606937639073));
#5902=FACE_BOUND('',#5903,.T.);
#5903=EDGE_LOOP('',(#5904,#5905,#5906));
#5904=ORIENTED_EDGE('',*,*,#5907,.T.);
#5905=ORIENTED_EDGE('',*,*,#5908,.T.);
#5906=ORIENTED_EDGE('',*,*,#5909,.T.);
#5907=EDGE_CURVE('',#251,#207,#5910,.F.);
#5908=EDGE_CURVE('',#207,#329,#5911,.T.);
#5909=EDGE_CURVE('',#329,#251,#5912,.T.);
#5910=LINE('',#250,#5913);
#5911=LINE('',#206,#5914);
#5912=LINE('',#328,#5915);
#5913=VECTOR('',#5916,1.0);
#5914=VECTOR('',#5917,1.0);
#5915=VECTOR('',#5918,1.0);
#5916=DIRECTION('',(0.9870527346239429,0,-0.16039606937639073));
#5917=DIRECTION('',(0,0,1));
#5918=DIRECTION('',(-1,0,0));
#5919=FACE_SURFACE('',(#5924),#5920,.T.);
#5920=PLANE('',#5921);
#5921=AXIS2_PLACEMENT_3D('',#206,#5922,#5923);
#5922=DIRECTION('',(0,0,-1));
#5923=DIRECTION('',(0.09393685732649198,0.9955781570703639,0));
#5924=FACE_BOUND('',#5925,.T.);
#5925=EDGE_LOOP('',(#5926,#5927,#5928));
#5926=ORIENTED_EDGE('',*,*,#5929,.T.);
#5927=ORIENTED_EDGE('',*,*,#5930,.T.);
#5928=ORIENTED_EDGE('',*,*,#5931,.T.);
#5929=EDGE_CURVE('',#207,#335,#5932,.F.);
#5930=EDGE_CURVE('',#335,#333,#5933,.T.);
#5931=EDGE_CURVE('',#333,#207,#5934,.T.);
#5932=LINE('',#206,#5935);
#5933=LINE('',#334,#5936);
#5934=LINE('',#332,#5937);
#5935=VECTOR('',#5938,1.0);
#5936=VECTOR('',#5939,1.0);
#5937=VECTOR('',#5940,1.0);
#5938=DIRECTION('',(0.09393685732649198,0.9955781570703639,0));
#5939=DIRECTION('',(0.07656278202664223,-0.9970647623942694,0));
#5940=DIRECTION('',(-0.9981745961145772,-0.06039433476329286,0));
#5941=FACE_SURFACE('',(#5946),#5942,.T.);
#5942=PLANE('',#5943);
#5943=AXIS2_PLACEMENT_3D('',#206,#5944,#5945);
#5944=DIRECTION('',(0,0,-1));
#5945=DIRECTION('',(0,1,0));
#5946=FACE_BOUND('',#5947,.T.);
#5947=EDGE_LOOP('',(#5948,#5949,#5950));
#5948=ORIENTED_EDGE('',*,*,#5951,.T.);
#5949=ORIENTED_EDGE('',*,*,#5952,.T.);
#5950=ORIENTED_EDGE('',*,*,#5953,.T.);
#5951=EDGE_CURVE('',#207,#337,#5954,.F.);
#5952=EDGE_CURVE('',#337,#335,#5955,.T.);
#5953=EDGE_CURVE('',#335,#207,#5956,.T.);
#5954=LINE('',#206,#5957);
#5955=LINE('',#336,#5958);
#5956=LINE('',#334,#5959);
#5957=VECTOR('',#5960,1.0);
#5958=VECTOR('',#5961,1.0);
#5959=VECTOR('',#5962,1.0);
#5960=DIRECTION('',(0,1,0));
#5961=DIRECTION('',(0.993707878228397,0.11200291401038326,0));
#5962=DIRECTION('',(-0.09393685732649198,-0.9955781570703639,0));
#5963=FACE_SURFACE('',(#5968),#5964,.T.);
#5964=PLANE('',#5965);
#5965=AXIS2_PLACEMENT_3D('',#206,#5966,#5967);
#5966=DIRECTION('',(0,0,-1));
#5967=DIRECTION('',(-0.09393685732649198,0.9955781570703639,0));
#5968=FACE_BOUND('',#5969,.T.);
#5969=EDGE_LOOP('',(#5970,#5971,#5972));
#5970=ORIENTED_EDGE('',*,*,#5973,.T.);
#5971=ORIENTED_EDGE('',*,*,#5974,.T.);
#5972=ORIENTED_EDGE('',*,*,#5975,.T.);
#5973=EDGE_CURVE('',#207,#339,#5976,.F.);
#5974=EDGE_CURVE('',#339,#337,#5977,.T.);
#5975=EDGE_CURVE('',#337,#207,#5978,.T.);
#5976=LINE('',#206,#5979);
#5977=LINE('',#338,#5980);
#5978=LINE('',#336,#5981);
#5979=VECTOR('',#5982,1.0);
#5980=VECTOR('',#5983,1.0);
#5981=VECTOR('',#5984,1.0);
#5982=DIRECTION('',(-0.09393685732649198,0.9955781570703639,0));
#5983=DIRECTION('',(0.993707878228397,-0.11200291401038326,0));
#5984=DIRECTION('',(0,-1,0));
#5985=FACE_SURFACE('',(#5990),#5986,.T.);
#5986=PLANE('',#5987);
#5987=AXIS2_PLACEMENT_3D('',#206,#5988,#5989);
#5988=DIRECTION('',(0,0,-1));
#5989=DIRECTION('',(-0.17560801106536814,0.9844601700676698,0));
#5990=FACE_BOUND('',#5991,.T.);
#5991=EDGE_LOOP('',(#5992,#5993,#5994));
#5992=ORIENTED_EDGE('',*,*,#5995,.T.);
#5993=ORIENTED_EDGE('',*,*,#5996,.T.);
#5994=ORIENTED_EDGE('',*,*,#5997,.T.);
#5995=EDGE_CURVE('',#207,#341,#5998,.F.);
#5996=EDGE_CURVE('',#341,#339,#5999,.T.);
#5997=EDGE_CURVE('',#339,#207,#6000,.T.);
#5998=LINE('',#206,#6001);
#5999=LINE('',#340,#6002);
#6000=LINE('',#338,#6003);
#6001=VECTOR('',#6004,1.0);
#6002=VECTOR('',#6005,1.0);
#6003=VECTOR('',#6006,1.0);
#6004=DIRECTION('',(-0.17560801106536814,0.9844601700676698,0));
#6005=DIRECTION('',(0.9438832833912708,-0.3302791960364958,0));
#6006=DIRECTION('',(0.09393685732649198,-0.9955781570703639,0));
#6007=FACE_SURFACE('',(#6012),#6008,.T.);
#6008=PLANE('',#6009);
#6009=AXIS2_PLACEMENT_3D('',#206,#6010,#6011);
#6010=DIRECTION('',(0,0,-1));
#6011=DIRECTION('',(-0.2990587894158992,0.9542346883618813,0));
#6012=FACE_BOUND('',#6013,.T.);
#6013=EDGE_LOOP('',(#6014,#6015,#6016));
#6014=ORIENTED_EDGE('',*,*,#6017,.T.);
#6015=ORIENTED_EDGE('',*,*,#6018,.T.);
#6016=ORIENTED_EDGE('',*,*,#6019,.T.);
#6017=EDGE_CURVE('',#207,#209,#6020,.F.);
#6018=EDGE_CURVE('',#209,#343,#6021,.T.);
#6019=EDGE_CURVE('',#343,#207,#6022,.T.);
#6020=LINE('',#206,#6023);
#6021=LINE('',#208,#6024);
#6022=LINE('',#342,#6025);
#6023=VECTOR('',#6026,1.0);
#6024=VECTOR('',#6027,1.0);
#6025=VECTOR('',#6028,1.0);
#6026=DIRECTION('',(-0.2990587894158992,0.9542346883618813,0));
#6027=DIRECTION('',(0.3302791960364958,-0.9438832833912708,0));
#6028=DIRECTION('',(0.29674341304393004,-0.9549572486844842,0));
#6029=FACE_SURFACE('',(#6034),#6030,.T.);
#6030=PLANE('',#6031);
#6031=AXIS2_PLACEMENT_3D('',#206,#6032,#6033);
#6032=DIRECTION('',(0,0,-1));
#6033=DIRECTION('',(-0.23738168818875818,0.9714164576085043,0));
#6034=FACE_BOUND('',#6035,.T.);
#6035=EDGE_LOOP('',(#6036,#6037,#6038));
#6036=ORIENTED_EDGE('',*,*,#6039,.T.);
#6037=ORIENTED_EDGE('',*,*,#6040,.T.);
#6038=ORIENTED_EDGE('',*,*,#6041,.T.);
#6039=EDGE_CURVE('',#207,#345,#6042,.F.);
#6040=EDGE_CURVE('',#345,#341,#6043,.T.);
#6041=EDGE_CURVE('',#341,#207,#6044,.T.);
#6042=LINE('',#206,#6045);
#6043=LINE('',#344,#6046);
#6044=LINE('',#340,#6047);
#6045=VECTOR('',#6048,1.0);
#6046=VECTOR('',#6049,1.0);
#6047=VECTOR('',#6050,1.0);
#6048=DIRECTION('',(-0.23738168818875818,0.9714164576085043,0));
#6049=DIRECTION('',(0.8467464686697371,-0.5319966332556344,0));
#6050=DIRECTION('',(0.17560801106536814,-0.9844601700676698,0));
#6051=FACE_SURFACE('',(#6056),#6052,.T.);
#6052=PLANE('',#6053);
#6053=AXIS2_PLACEMENT_3D('',#206,#6054,#6055);
#6054=DIRECTION('',(0,0,-1));
#6055=DIRECTION('',(-0.29674341304393004,0.9549572486844842,0));
#6056=FACE_BOUND('',#6057,.T.);
#6057=EDGE_LOOP('',(#6058,#6059,#6060));
#6058=ORIENTED_EDGE('',*,*,#6061,.T.);
#6059=ORIENTED_EDGE('',*,*,#6062,.T.);
#6060=ORIENTED_EDGE('',*,*,#6063,.T.);
#6061=EDGE_CURVE('',#207,#343,#6064,.F.);
#6062=EDGE_CURVE('',#343,#347,#6065,.T.);
#6063=EDGE_CURVE('',#347,#207,#6066,.T.);
#6064=LINE('',#206,#6067);
#6065=LINE('',#342,#6068);
#6066=LINE('',#346,#6069);
#6067=VECTOR('',#6070,1.0);
#6068=VECTOR('',#6071,1.0);
#6069=VECTOR('',#6072,1.0);
#6070=DIRECTION('',(-0.29674341304393004,0.9549572486844842,0));
#6071=DIRECTION('',(0.5320390592813571,-0.846719811625433,0));
#6072=DIRECTION('',(0.27720952109202385,-0.9608094927798803,0));
#6073=FACE_SURFACE('',(#6078),#6074,.T.);
#6074=PLANE('',#6075);
#6075=AXIS2_PLACEMENT_3D('',#206,#6076,#6077);
#6076=DIRECTION('',(0,0,-1));
#6077=DIRECTION('',(-0.27720952109202385,0.9608094927798803,0));
#6078=FACE_BOUND('',#6079,.T.);
#6079=EDGE_LOOP('',(#6080,#6081,#6082));
#6080=ORIENTED_EDGE('',*,*,#6083,.T.);
#6081=ORIENTED_EDGE('',*,*,#6084,.T.);
#6082=ORIENTED_EDGE('',*,*,#6085,.T.);
#6083=EDGE_CURVE('',#207,#347,#6086,.F.);
#6084=EDGE_CURVE('',#347,#345,#6087,.T.);
#6085=EDGE_CURVE('',#345,#207,#6088,.T.);
#6086=LINE('',#206,#6089);
#6087=LINE('',#346,#6090);
#6088=LINE('',#344,#6091);
#6089=VECTOR('',#6092,1.0);
#6090=VECTOR('',#6093,1.0);
#6091=VECTOR('',#6094,1.0);
#6092=DIRECTION('',(-0.27720952109202385,0.9608094927798803,0));
#6093=DIRECTION('',(0.7070886094735803,-0.7071249524325376,0));
#6094=DIRECTION('',(0.23738168818875818,-0.9714164576085043,0));
#6095=FACE_SURFACE('',(#6100),#6096,.T.);
#6096=PLANE('',#6097);
#6097=AXIS2_PLACEMENT_3D('',#348,#6098,#6099);
#6098=DIRECTION('',(0.9438832833912708,0.3302791960364958,0));
#6099=DIRECTION('',(-0.033953760444675005,0.09703422824263856,-0.9947017144355494));
#6100=FACE_BOUND('',#6101,.T.);
#6101=EDGE_LOOP('',(#6102,#6103,#6104));
#6102=ORIENTED_EDGE('',*,*,#6105,.T.);
#6103=ORIENTED_EDGE('',*,*,#6106,.T.);
#6104=ORIENTED_EDGE('',*,*,#6107,.T.);
#6105=EDGE_CURVE('',#349,#209,#6108,.F.);
#6106=EDGE_CURVE('',#209,#351,#6109,.T.);
#6107=EDGE_CURVE('',#351,#349,#6110,.T.);
#6108=LINE('',#348,#6111);
#6109=LINE('',#208,#6112);
#6110=LINE('',#350,#6113);
#6111=VECTOR('',#6114,1.0);
#6112=VECTOR('',#6115,1.0);
#6113=VECTOR('',#6116,1.0);
#6114=DIRECTION('',(-0.033953760444675005,0.09703422824263856,-0.9947017144355494));
#6115=DIRECTION('',(0,0,1));
#6116=DIRECTION('',(0.3302791960364958,-0.9438832833912708,0));
#6117=FACE_SURFACE('',(#6122),#6118,.T.);
#6118=PLANE('',#6119);
#6119=AXIS2_PLACEMENT_3D('',#350,#6120,#6121);
#6120=DIRECTION('',(0.9937155097437798,0.11193518523976306,0));
#6121=DIRECTION('',(0,0,-1));
#6122=FACE_BOUND('',#6123,.T.);
#6123=EDGE_LOOP('',(#6124,#6125,#6126));
#6124=ORIENTED_EDGE('',*,*,#6127,.T.);
#6125=ORIENTED_EDGE('',*,*,#6128,.T.);
#6126=ORIENTED_EDGE('',*,*,#6129,.T.);
#6127=EDGE_CURVE('',#351,#209,#6130,.F.);
#6128=EDGE_CURVE('',#209,#211,#6131,.T.);
#6129=EDGE_CURVE('',#211,#351,#6132,.T.);
#6130=LINE('',#350,#6133);
#6131=LINE('',#208,#6134);
#6132=LINE('',#210,#6135);
#6133=VECTOR('',#6136,1.0);
#6134=VECTOR('',#6137,1.0);
#6135=VECTOR('',#6138,1.0);
#6136=DIRECTION('',(0,0,-1));
#6137=DIRECTION('',(-0.11193518523976306,0.9937155097437796,0));
#6138=DIRECTION('',(0.01150721718947475,-0.10215644143240522,0.9947017871836874));
#6139=FACE_SURFACE('',(#6144),#6140,.T.);
#6140=PLANE('',#6141);
#6141=AXIS2_PLACEMENT_3D('',#348,#6142,#6143);
#6142=DIRECTION('',(0.9438832833912708,0.3302791960364958,0));
#6143=DIRECTION('',(0,0,-1));
#6144=FACE_BOUND('',#6145,.T.);
#6145=EDGE_LOOP('',(#6146,#6147,#6148));
#6146=ORIENTED_EDGE('',*,*,#6149,.T.);
#6147=ORIENTED_EDGE('',*,*,#6150,.T.);
#6148=ORIENTED_EDGE('',*,*,#6151,.T.);
#6149=EDGE_CURVE('',#349,#343,#6152,.F.);
#6150=EDGE_CURVE('',#343,#209,#6153,.T.);
#6151=EDGE_CURVE('',#209,#349,#6154,.T.);
#6152=LINE('',#348,#6155);
#6153=LINE('',#342,#6156);
#6154=LINE('',#208,#6157);
#6155=VECTOR('',#6158,1.0);
#6156=VECTOR('',#6159,1.0);
#6157=VECTOR('',#6160,1.0);
#6158=DIRECTION('',(0,0,-1));
#6159=DIRECTION('',(-0.3302791960364958,0.9438832833912708,0));
#6160=DIRECTION('',(0.033953760444675005,-0.09703422824263856,0.9947017144355494));
#6161=FACE_SURFACE('',(#6166),#6162,.T.);
#6162=PLANE('',#6163);
#6163=AXIS2_PLACEMENT_3D('',#350,#6164,#6165);
#6164=DIRECTION('',(0.9937155097437798,0.11193518523976306,0));
#6165=DIRECTION('',(-0.01150721718947475,0.10215644143240522,-0.9947017871836874));
#6166=FACE_BOUND('',#6167,.T.);
#6167=EDGE_LOOP('',(#6168,#6169,#6170));
#6168=ORIENTED_EDGE('',*,*,#6171,.T.);
#6169=ORIENTED_EDGE('',*,*,#6172,.T.);
#6170=ORIENTED_EDGE('',*,*,#6173,.T.);
#6171=EDGE_CURVE('',#351,#211,#6174,.F.);
#6172=EDGE_CURVE('',#211,#321,#6175,.T.);
#6173=EDGE_CURVE('',#321,#351,#6176,.T.);
#6174=LINE('',#350,#6177);
#6175=LINE('',#210,#6178);
#6176=LINE('',#320,#6179);
#6177=VECTOR('',#6180,1.0);
#6178=VECTOR('',#6181,1.0);
#6179=VECTOR('',#6182,1.0);
#6180=DIRECTION('',(-0.01150721718947475,0.10215644143240522,-0.9947017871836874));
#6181=DIRECTION('',(0,0,1));
#6182=DIRECTION('',(0.11193518523976306,-0.9937155097437796,0));
#6183=FACE_SURFACE('',(#6188),#6184,.T.);
#6184=PLANE('',#6185);
#6185=AXIS2_PLACEMENT_3D('',#250,#6186,#6187);
#6186=DIRECTION('',(0,-1,0));
#6187=DIRECTION('',(0.8531918356533722,0,-0.5215972503516763));
#6188=FACE_BOUND('',#6189,.T.);
#6189=EDGE_LOOP('',(#6190,#6191,#6192));
#6190=ORIENTED_EDGE('',*,*,#6193,.T.);
#6191=ORIENTED_EDGE('',*,*,#6194,.T.);
#6192=ORIENTED_EDGE('',*,*,#6195,.T.);
#6193=EDGE_CURVE('',#251,#213,#6196,.F.);
#6194=EDGE_CURVE('',#213,#217,#6197,.T.);
#6195=EDGE_CURVE('',#217,#251,#6198,.T.);
#6196=LINE('',#250,#6199);
#6197=LINE('',#212,#6200);
#6198=LINE('',#216,#6201);
#6199=VECTOR('',#6202,1.0);
#6200=VECTOR('',#6203,1.0);
#6201=VECTOR('',#6204,1.0);
#6202=DIRECTION('',(0.8531918356533722,0,-0.5215972503516763));
#6203=DIRECTION('',(0.6086830875730385,0,0.7934134476441352));
#6204=DIRECTION('',(-0.8713889451161748,0,0.4905928111268246));
#6205=FACE_SURFACE('',(#6210),#6206,.T.);
#6206=PLANE('',#6207);
#6207=AXIS2_PLACEMENT_3D('',#250,#6208,#6209);
#6208=DIRECTION('',(0,-1,0));
#6209=DIRECTION('',(0.8713889451161748,0,-0.4905928111268246));
#6210=FACE_BOUND('',#6211,.T.);
#6211=EDGE_LOOP('',(#6212,#6213,#6214));
#6212=ORIENTED_EDGE('',*,*,#6215,.T.);
#6213=ORIENTED_EDGE('',*,*,#6216,.T.);
#6214=ORIENTED_EDGE('',*,*,#6217,.T.);
#6215=EDGE_CURVE('',#251,#217,#6218,.F.);
#6216=EDGE_CURVE('',#217,#215,#6219,.T.);
#6217=EDGE_CURVE('',#215,#251,#6220,.T.);
#6218=LINE('',#250,#6221);
#6219=LINE('',#216,#6222);
#6220=LINE('',#214,#6223);
#6221=VECTOR('',#6224,1.0);
#6222=VECTOR('',#6225,1.0);
#6223=VECTOR('',#6226,1.0);
#6224=DIRECTION('',(0.8713889451161748,0,-0.4905928111268246));
#6225=DIRECTION('',(0.7933873103490664,0,0.6087171558097195));
#6226=DIRECTION('',(-0.8869946582629701,0,0.46177968362949556));
#6227=FACE_SURFACE('',(#6232),#6228,.T.);
#6228=PLANE('',#6229);
#6229=AXIS2_PLACEMENT_3D('',#222,#6230,#6231);
#6230=DIRECTION('',(-0.5319572124150221,-0.8467712348442401,-0));
#6231=DIRECTION('',(0,0,-1));
#6232=FACE_BOUND('',#6233,.T.);
#6233=EDGE_LOOP('',(#6234,#6235,#6236));
#6234=ORIENTED_EDGE('',*,*,#6237,.T.);
#6235=ORIENTED_EDGE('',*,*,#6238,.T.);
#6236=ORIENTED_EDGE('',*,*,#6239,.T.);
#6237=EDGE_CURVE('',#223,#219,#6240,.F.);
#6238=EDGE_CURVE('',#219,#353,#6241,.T.);
#6239=EDGE_CURVE('',#353,#223,#6242,.T.);
#6240=LINE('',#222,#6243);
#6241=LINE('',#218,#6244);
#6242=LINE('',#352,#6245);
#6243=VECTOR('',#6246,1.0);
#6244=VECTOR('',#6247,1.0);
#6245=VECTOR('',#6248,1.0);
#6246=DIRECTION('',(0,0,-1));
#6247=DIRECTION('',(0.8467712348442401,-0.531957212415022,0));
#6248=DIRECTION('',(-0.02369677014603731,0.01488674540585248,0.9996083472519961));
#6249=FACE_SURFACE('',(#6254),#6250,.T.);
#6250=PLANE('',#6251);
#6251=AXIS2_PLACEMENT_3D('',#312,#6252,#6253);
#6252=DIRECTION('',(0,0,-1));
#6253=DIRECTION('',(-1,0,0));
#6254=FACE_BOUND('',#6255,.T.);
#6255=EDGE_LOOP('',(#6256,#6257,#6258));
#6256=ORIENTED_EDGE('',*,*,#6259,.T.);
#6257=ORIENTED_EDGE('',*,*,#6260,.T.);
#6258=ORIENTED_EDGE('',*,*,#6261,.T.);
#6259=EDGE_CURVE('',#313,#353,#6262,.F.);
#6260=EDGE_CURVE('',#353,#219,#6263,.T.);
#6261=EDGE_CURVE('',#219,#313,#6264,.T.);
#6262=LINE('',#312,#6265);
#6263=LINE('',#352,#6266);
#6264=LINE('',#218,#6267);
#6265=VECTOR('',#6268,1.0);
#6266=VECTOR('',#6269,1.0);
#6267=VECTOR('',#6270,1.0);
#6268=DIRECTION('',(-1,0,0));
#6269=DIRECTION('',(-0.8467712348442401,0.531957212415022,0));
#6270=DIRECTION('',(0.999952908017638,-0.009704728078067224,0));
#6271=FACE_SURFACE('',(#6276),#6272,.T.);
#6272=PLANE('',#6273);
#6273=AXIS2_PLACEMENT_3D('',#312,#6274,#6275);
#6274=DIRECTION('',(0,0,-1));
#6275=DIRECTION('',(-0.999952908017638,0.009704728078067224,0));
#6276=FACE_BOUND('',#6277,.T.);
#6277=EDGE_LOOP('',(#6278,#6279,#6280));
#6278=ORIENTED_EDGE('',*,*,#6281,.T.);
#6279=ORIENTED_EDGE('',*,*,#6282,.T.);
#6280=ORIENTED_EDGE('',*,*,#6283,.T.);
#6281=EDGE_CURVE('',#313,#219,#6284,.F.);
#6282=EDGE_CURVE('',#219,#221,#6285,.T.);
#6283=EDGE_CURVE('',#221,#313,#6286,.T.);
#6284=LINE('',#312,#6287);
#6285=LINE('',#218,#6288);
#6286=LINE('',#220,#6289);
#6287=VECTOR('',#6290,1.0);
#6288=VECTOR('',#6291,1.0);
#6289=VECTOR('',#6292,1.0);
#6290=DIRECTION('',(-0.999952908017638,0.009704728078067224,0));
#6291=DIRECTION('',(1,0,0));
#6292=DIRECTION('',(-0.8467300981680264,-0.5320226882909831,0));
#6293=FACE_SURFACE('',(#6298),#6294,.T.);
#6294=PLANE('',#6295);
#6295=AXIS2_PLACEMENT_3D('',#222,#6296,#6297);
#6296=DIRECTION('',(-0.5319572124150221,-0.8467712348442401,0));
#6297=DIRECTION('',(0.02369677014603731,-0.01488674540585248,-0.9996083472519961));
#6298=FACE_BOUND('',#6299,.T.);
#6299=EDGE_LOOP('',(#6300,#6301,#6302));
#6300=ORIENTED_EDGE('',*,*,#6303,.T.);
#6301=ORIENTED_EDGE('',*,*,#6304,.T.);
#6302=ORIENTED_EDGE('',*,*,#6305,.T.);
#6303=EDGE_CURVE('',#223,#353,#6306,.F.);
#6304=EDGE_CURVE('',#353,#355,#6307,.T.);
#6305=EDGE_CURVE('',#355,#223,#6308,.T.);
#6306=LINE('',#222,#6309);
#6307=LINE('',#352,#6310);
#6308=LINE('',#354,#6311);
#6309=VECTOR('',#6312,1.0);
#6310=VECTOR('',#6313,1.0);
#6311=VECTOR('',#6314,1.0);
#6312=DIRECTION('',(0.02369677014603731,-0.01488674540585248,-0.9996083472519961));
#6313=DIRECTION('',(0,0,1));
#6314=DIRECTION('',(-0.8467712348442401,0.531957212415022,0));
#6315=FACE_SURFACE('',(#6320),#6316,.T.);
#6316=PLANE('',#6317);
#6317=AXIS2_PLACEMENT_3D('',#326,#6318,#6319);
#6318=DIRECTION('',(0,0,1));
#6319=DIRECTION('',(-0.999952908017638,0.009704728078067224,0));
#6320=FACE_BOUND('',#6321,.T.);
#6321=EDGE_LOOP('',(#6322,#6323,#6324));
#6322=ORIENTED_EDGE('',*,*,#6325,.T.);
#6323=ORIENTED_EDGE('',*,*,#6326,.T.);
#6324=ORIENTED_EDGE('',*,*,#6327,.T.);
#6325=EDGE_CURVE('',#327,#223,#6328,.F.);
#6326=EDGE_CURVE('',#223,#355,#6329,.T.);
#6327=EDGE_CURVE('',#355,#327,#6330,.T.);
#6328=LINE('',#326,#6331);
#6329=LINE('',#222,#6332);
#6330=LINE('',#354,#6333);
#6331=VECTOR('',#6334,1.0);
#6332=VECTOR('',#6335,1.0);
#6333=VECTOR('',#6336,1.0);
#6334=DIRECTION('',(-0.999952908017638,0.009704728078067224,0));
#6335=DIRECTION('',(0.8467712348442401,-0.531957212415022,0));
#6336=DIRECTION('',(1,0,0));
#6337=FACE_SURFACE('',(#6342),#6338,.T.);
#6338=PLANE('',#6339);
#6339=AXIS2_PLACEMENT_3D('',#224,#6340,#6341);
#6340=DIRECTION('',(0,0,1));
#6341=DIRECTION('',(-1,0,0));
#6342=FACE_BOUND('',#6343,.T.);
#6343=EDGE_LOOP('',(#6344,#6345,#6346));
#6344=ORIENTED_EDGE('',*,*,#6347,.T.);
#6345=ORIENTED_EDGE('',*,*,#6348,.T.);
#6346=ORIENTED_EDGE('',*,*,#6349,.T.);
#6347=EDGE_CURVE('',#225,#223,#6350,.F.);
#6348=EDGE_CURVE('',#223,#327,#6351,.T.);
#6349=EDGE_CURVE('',#327,#225,#6352,.T.);
#6350=LINE('',#224,#6353);
#6351=LINE('',#222,#6354);
#6352=LINE('',#326,#6355);
#6353=VECTOR('',#6356,1.0);
#6354=VECTOR('',#6357,1.0);
#6355=VECTOR('',#6358,1.0);
#6356=DIRECTION('',(-1,0,0));
#6357=DIRECTION('',(0.999952908017638,-0.009704728078067224,0));
#6358=DIRECTION('',(0.8467300981680264,0.5320226882909831,0));
#6359=FACE_SURFACE('',(#6364),#6360,.T.);
#6360=PLANE('',#6361);
#6361=AXIS2_PLACEMENT_3D('',#254,#6362,#6363);
#6362=DIRECTION('',(0.5320226882909831,-0.8467300981680264,0));
#6363=DIRECTION('',(0,0,1));
#6364=FACE_BOUND('',#6365,.T.);
#6365=EDGE_LOOP('',(#6366,#6367,#6368));
#6366=ORIENTED_EDGE('',*,*,#6369,.T.);
#6367=ORIENTED_EDGE('',*,*,#6370,.T.);
#6368=ORIENTED_EDGE('',*,*,#6371,.T.);
#6369=EDGE_CURVE('',#255,#227,#6372,.F.);
#6370=EDGE_CURVE('',#227,#357,#6373,.T.);
#6371=EDGE_CURVE('',#357,#255,#6374,.T.);
#6372=LINE('',#254,#6375);
#6373=LINE('',#226,#6376);
#6374=LINE('',#356,#6377);
#6375=VECTOR('',#6378,1.0);
#6376=VECTOR('',#6379,1.0);
#6377=VECTOR('',#6380,1.0);
#6378=DIRECTION('',(0,0,1));
#6379=DIRECTION('',(-0.8467300981680264,-0.5320226882909831,0));
#6380=DIRECTION('',(0.023692705012676733,0.01488674684058315,-0.9996084435906325));
#6381=FACE_SURFACE('',(#6386),#6382,.T.);
#6382=PLANE('',#6383);
#6383=AXIS2_PLACEMENT_3D('',#226,#6384,#6385);
#6384=DIRECTION('',(0,0,1));
#6385=DIRECTION('',(-0.9952998197495281,-0.09684146222851454,0));
#6386=FACE_BOUND('',#6387,.T.);
#6387=EDGE_LOOP('',(#6388,#6389,#6390));
#6388=ORIENTED_EDGE('',*,*,#6391,.T.);
#6389=ORIENTED_EDGE('',*,*,#6392,.T.);
#6390=ORIENTED_EDGE('',*,*,#6393,.T.);
#6391=EDGE_CURVE('',#227,#229,#6394,.F.);
#6392=EDGE_CURVE('',#229,#357,#6395,.T.);
#6393=EDGE_CURVE('',#357,#227,#6396,.T.);
#6394=LINE('',#226,#6397);
#6395=LINE('',#228,#6398);
#6396=LINE('',#356,#6399);
#6397=VECTOR('',#6400,1.0);
#6398=VECTOR('',#6401,1.0);
#6399=VECTOR('',#6402,1.0);
#6400=DIRECTION('',(-0.9952998197495281,-0.09684146222851454,0));
#6401=DIRECTION('',(0.9982455944238252,0.05920923250156051,0));
#6402=DIRECTION('',(0.8467300981680264,0.5320226882909831,0));
#6403=FACE_SURFACE('',(#6408),#6404,.T.);
#6404=PLANE('',#6405);
#6405=AXIS2_PLACEMENT_3D('',#256,#6406,#6407);
#6406=DIRECTION('',(-0.9921118989301813,0.1253554147260897,0));
#6407=DIRECTION('',(-0.006550283829502696,-0.05184151432803685,0.9986338423936617));
#6408=FACE_BOUND('',#6409,.T.);
#6409=EDGE_LOOP('',(#6410,#6411,#6412));
#6410=ORIENTED_EDGE('',*,*,#6413,.T.);
#6411=ORIENTED_EDGE('',*,*,#6414,.T.);
#6412=ORIENTED_EDGE('',*,*,#6415,.T.);
#6413=EDGE_CURVE('',#257,#359,#6416,.F.);
#6414=EDGE_CURVE('',#359,#229,#6417,.T.);
#6415=EDGE_CURVE('',#229,#257,#6418,.T.);
#6416=LINE('',#256,#6419);
#6417=LINE('',#358,#6420);
#6418=LINE('',#228,#6421);
#6419=VECTOR('',#6422,1.0);
#6420=VECTOR('',#6423,1.0);
#6421=VECTOR('',#6424,1.0);
#6422=DIRECTION('',(-0.006550283829502696,-0.05184151432803685,0.9986338423936617));
#6423=DIRECTION('',(0.1253554147260897,0.9921118989301813,0));
#6424=DIRECTION('',(0,0,-1));
#6425=FACE_SURFACE('',(#6430),#6426,.T.);
#6426=PLANE('',#6427);
#6427=AXIS2_PLACEMENT_3D('',#358,#6428,#6429);
#6428=DIRECTION('',(0,0,1));
#6429=DIRECTION('',(0.9870137295764507,0.16063591636861557,0));
#6430=FACE_BOUND('',#6431,.T.);
#6431=EDGE_LOOP('',(#6432,#6433,#6434));
#6432=ORIENTED_EDGE('',*,*,#6435,.T.);
#6433=ORIENTED_EDGE('',*,*,#6436,.T.);
#6434=ORIENTED_EDGE('',*,*,#6437,.T.);
#6435=EDGE_CURVE('',#359,#361,#6438,.F.);
#6436=EDGE_CURVE('',#361,#229,#6439,.T.);
#6437=EDGE_CURVE('',#229,#359,#6440,.T.);
#6438=LINE('',#358,#6441);
#6439=LINE('',#360,#6442);
#6440=LINE('',#228,#6443);
#6441=VECTOR('',#6444,1.0);
#6442=VECTOR('',#6445,1.0);
#6443=VECTOR('',#6446,1.0);
#6444=DIRECTION('',(0.9870137295764507,0.16063591636861557,0));
#6445=DIRECTION('',(-0.9999998999547477,0.0004473147603888061,0));
#6446=DIRECTION('',(-0.1253554147260897,-0.9921118989301813,0));
#6447=FACE_SURFACE('',(#6452),#6448,.T.);
#6448=PLANE('',#6449);
#6449=AXIS2_PLACEMENT_3D('',#356,#6450,#6451);
#6450=DIRECTION('',(0,0,1));
#6451=DIRECTION('',(-0.9982455944238252,-0.05920923250156051,0));
#6452=FACE_BOUND('',#6453,.T.);
#6453=EDGE_LOOP('',(#6454,#6455,#6456));
#6454=ORIENTED_EDGE('',*,*,#6457,.T.);
#6455=ORIENTED_EDGE('',*,*,#6458,.T.);
#6456=ORIENTED_EDGE('',*,*,#6459,.T.);
#6457=EDGE_CURVE('',#357,#229,#6460,.F.);
#6458=EDGE_CURVE('',#229,#361,#6461,.T.);
#6459=EDGE_CURVE('',#361,#357,#6462,.T.);
#6460=LINE('',#356,#6463);
#6461=LINE('',#228,#6464);
#6462=LINE('',#360,#6465);
#6463=VECTOR('',#6466,1.0);
#6464=VECTOR('',#6467,1.0);
#6465=VECTOR('',#6468,1.0);
#6466=DIRECTION('',(-0.9982455944238252,-0.05920923250156051,0));
#6467=DIRECTION('',(0.9999998999547477,-0.0004473147603888061,0));
#6468=DIRECTION('',(0.7070886094735803,0.7071249524325376,0));
#6469=FACE_SURFACE('',(#6474),#6470,.T.);
#6470=PLANE('',#6471);
#6471=AXIS2_PLACEMENT_3D('',#230,#6472,#6473);
#6472=DIRECTION('',(0.3090330836538463,0.9510504814007398,0.0012389652198207632));
#6473=DIRECTION('',(0.9510512113493804,-0.30903332084239066,0));
#6474=FACE_BOUND('',#6475,.T.);
#6475=EDGE_LOOP('',(#6476,#6477,#6478));
#6476=ORIENTED_EDGE('',*,*,#6479,.T.);
#6477=ORIENTED_EDGE('',*,*,#6480,.T.);
#6478=ORIENTED_EDGE('',*,*,#6481,.T.);
#6479=EDGE_CURVE('',#231,#233,#6482,.F.);
#6480=EDGE_CURVE('',#233,#363,#6483,.T.);
#6481=EDGE_CURVE('',#363,#231,#6484,.T.);
#6482=LINE('',#230,#6485);
#6483=LINE('',#232,#6486);
#6484=LINE('',#362,#6487);
#6485=VECTOR('',#6488,1.0);
#6486=VECTOR('',#6489,1.0);
#6487=VECTOR('',#6490,1.0);
#6488=DIRECTION('',(0.9510512113493804,-0.30903332084239066,0));
#6489=DIRECTION('',(-0.0208031137761459,0.008062145356928743,-0.9997510851554303));
#6490=DIRECTION('',(-0.16060653639184586,0.0509031643349813,0.985705031096474));
#6491=FACE_SURFACE('',(#6496),#6492,.T.);
#6492=PLANE('',#6493);
#6493=AXIS2_PLACEMENT_3D('',#362,#6494,#6495);
#6494=DIRECTION('',(0.2975149845613472,0.9547167904170447,-0.0008270775284431636));
#6495=DIRECTION('',(-0.9547171169576777,0.2975150863200387,0));
#6496=FACE_BOUND('',#6497,.T.);
#6497=EDGE_LOOP('',(#6498,#6499,#6500));
#6498=ORIENTED_EDGE('',*,*,#6501,.T.);
#6499=ORIENTED_EDGE('',*,*,#6502,.T.);
#6500=ORIENTED_EDGE('',*,*,#6503,.T.);
#6501=EDGE_CURVE('',#363,#315,#6504,.F.);
#6502=EDGE_CURVE('',#315,#231,#6505,.T.);
#6503=EDGE_CURVE('',#231,#363,#6506,.T.);
#6504=LINE('',#362,#6507);
#6505=LINE('',#314,#6508);
#6506=LINE('',#230,#6509);
#6507=VECTOR('',#6510,1.0);
#6508=VECTOR('',#6511,1.0);
#6509=VECTOR('',#6512,1.0);
#6510=DIRECTION('',(-0.9547171169576777,0.2975150863200387,0));
#6511=DIRECTION('',(0.01442148206927683,-0.003627904083052453,0.9998894234698602));
#6512=DIRECTION('',(0.16060653639184586,-0.0509031643349813,-0.985705031096474));
#6513=FACE_SURFACE('',(#6518),#6514,.T.);
#6514=PLANE('',#6515);
#6515=AXIS2_PLACEMENT_3D('',#232,#6516,#6517);
#6516=DIRECTION('',(0.42577778010567824,0.9048263874939847,0.0015781200417771535));
#6517=DIRECTION('',(0.9048275142143484,-0.42577831029854385,0));
#6518=FACE_BOUND('',#6519,.T.);
#6519=EDGE_LOOP('',(#6520,#6521,#6522));
#6520=ORIENTED_EDGE('',*,*,#6523,.T.);
#6521=ORIENTED_EDGE('',*,*,#6524,.T.);
#6522=ORIENTED_EDGE('',*,*,#6525,.T.);
#6523=EDGE_CURVE('',#233,#235,#6526,.F.);
#6524=EDGE_CURVE('',#235,#365,#6527,.T.);
#6525=EDGE_CURVE('',#365,#233,#6528,.T.);
#6526=LINE('',#232,#6529);
#6527=LINE('',#234,#6530);
#6528=LINE('',#364,#6531);
#6529=VECTOR('',#6532,1.0);
#6530=VECTOR('',#6533,1.0);
#6531=VECTOR('',#6534,1.0);
#6532=DIRECTION('',(0.9048275142143484,-0.42577831029854385,0));
#6533=DIRECTION('',(-0.026190341496145353,0.01406754724570766,-0.9995579873758227));
#6534=DIRECTION('',(-0.14665551759365825,0.06728939467388732,0.9868962947157914));
#6535=FACE_SURFACE('',(#6540),#6536,.T.);
#6536=PLANE('',#6537);
#6537=AXIS2_PLACEMENT_3D('',#364,#6538,#6539);
#6538=DIRECTION('',(0.4104181894301077,0.9118966510372206,-0.0011864282589614035));
#6539=DIRECTION('',(-0.9118972928362388,0.4104184782851997,0));
#6540=FACE_BOUND('',#6541,.T.);
#6541=EDGE_LOOP('',(#6542,#6543,#6544));
#6542=ORIENTED_EDGE('',*,*,#6545,.T.);
#6543=ORIENTED_EDGE('',*,*,#6546,.T.);
#6544=ORIENTED_EDGE('',*,*,#6547,.T.);
#6545=EDGE_CURVE('',#365,#363,#6548,.F.);
#6546=EDGE_CURVE('',#363,#233,#6549,.T.);
#6547=EDGE_CURVE('',#233,#365,#6550,.T.);
#6548=LINE('',#364,#6551);
#6549=LINE('',#362,#6552);
#6550=LINE('',#232,#6553);
#6551=VECTOR('',#6554,1.0);
#6552=VECTOR('',#6555,1.0);
#6553=VECTOR('',#6556,1.0);
#6554=DIRECTION('',(-0.9118972928362388,0.4104184782851997,0));
#6555=DIRECTION('',(0.0208031137761459,-0.008062145356928743,0.9997510851554303));
#6556=DIRECTION('',(0.14665551759365825,-0.06728939467388732,-0.9868962947157914));
#6557=FACE_SURFACE('',(#6562),#6558,.T.);
#6558=PLANE('',#6559);
#6559=AXIS2_PLACEMENT_3D('',#234,#6560,#6561);
#6560=DIRECTION('',(0.5358501293032726,0.8443109866984443,0.0018964877973474442));
#6561=DIRECTION('',(0.8443125050548351,-0.5358510929428333,0));
#6562=FACE_BOUND('',#6563,.T.);
#6563=EDGE_LOOP('',(#6564,#6565,#6566));
#6564=ORIENTED_EDGE('',*,*,#6567,.T.);
#6565=ORIENTED_EDGE('',*,*,#6568,.T.);
#6566=ORIENTED_EDGE('',*,*,#6569,.T.);
#6567=EDGE_CURVE('',#235,#237,#6570,.F.);
#6568=EDGE_CURVE('',#237,#367,#6571,.T.);
#6569=EDGE_CURVE('',#367,#235,#6572,.T.);
#6570=LINE('',#234,#6573);
#6571=LINE('',#236,#6574);
#6572=LINE('',#366,#6575);
#6573=VECTOR('',#6576,1.0);
#6574=VECTOR('',#6577,1.0);
#6575=VECTOR('',#6578,1.0);
#6576=DIRECTION('',(0.8443125050548351,-0.5358510929428333,0));
#6577=DIRECTION('',(-0.030297597072097456,0.021473309322283144,-0.9993102384136802));
#6578=DIRECTION('',(-0.13120865198901469,0.08105351759509191,0.9880357366657786));
#6579=FACE_SURFACE('',(#6584),#6580,.T.);
#6580=PLANE('',#6581);
#6581=AXIS2_PLACEMENT_3D('',#366,#6582,#6583);
#6582=DIRECTION('',(0.5172989344889325,0.8558034428163784,-0.0015098477567676656));
#6583=DIRECTION('',(-0.855804418280033,0.5172995241176765,0));
#6584=FACE_BOUND('',#6585,.T.);
#6585=EDGE_LOOP('',(#6586,#6587,#6588));
#6586=ORIENTED_EDGE('',*,*,#6589,.T.);
#6587=ORIENTED_EDGE('',*,*,#6590,.T.);
#6588=ORIENTED_EDGE('',*,*,#6591,.T.);
#6589=EDGE_CURVE('',#367,#365,#6592,.F.);
#6590=EDGE_CURVE('',#365,#235,#6593,.T.);
#6591=EDGE_CURVE('',#235,#367,#6594,.T.);
#6592=LINE('',#366,#6595);
#6593=LINE('',#364,#6596);
#6594=LINE('',#234,#6597);
#6595=VECTOR('',#6598,1.0);
#6596=VECTOR('',#6599,1.0);
#6597=VECTOR('',#6600,1.0);
#6598=DIRECTION('',(-0.855804418280033,0.5172995241176765,0));
#6599=DIRECTION('',(0.026190341496145353,-0.01406754724570766,0.9995579873758227));
#6600=DIRECTION('',(0.13120865198901469,-0.08105351759509191,-0.9880357366657786));
#6601=FACE_SURFACE('',(#6606),#6602,.T.);
#6602=PLANE('',#6603);
#6603=AXIS2_PLACEMENT_3D('',#236,#6604,#6605);
#6604=DIRECTION('',(0.6374022904142946,0.7705281561199518,0.0021635158881832266));
#6605=DIRECTION('',(0.7705299594707639,-0.6374037821961703,0));
#6606=FACE_BOUND('',#6607,.T.);
#6607=EDGE_LOOP('',(#6608,#6609,#6610));
#6608=ORIENTED_EDGE('',*,*,#6611,.T.);
#6609=ORIENTED_EDGE('',*,*,#6612,.T.);
#6610=ORIENTED_EDGE('',*,*,#6613,.T.);
#6611=EDGE_CURVE('',#237,#239,#6614,.F.);
#6612=EDGE_CURVE('',#239,#369,#6615,.T.);
#6613=EDGE_CURVE('',#369,#237,#6616,.T.);
#6614=LINE('',#236,#6617);
#6615=LINE('',#238,#6618);
#6616=LINE('',#368,#6619);
#6617=VECTOR('',#6620,1.0);
#6618=VECTOR('',#6621,1.0);
#6619=VECTOR('',#6622,1.0);
#6620=DIRECTION('',(0.7705299594707639,-0.6374037821961703,0));
#6621=DIRECTION('',(-0.03291499302266072,0.030033242607544048,-0.999006810573779));
#6622=DIRECTION('',(-0.11466511336171378,0.09207685878553377,0.9891277793358825));
#6623=FACE_SURFACE('',(#6628),#6624,.T.);
#6624=PLANE('',#6625);
#6625=AXIS2_PLACEMENT_3D('',#368,#6626,#6627);
#6626=DIRECTION('',(0.616725309069023,0.7871764180924924,-0.0017832422134089726));
#6627=DIRECTION('',(-0.7871776696874015,0.6167262896500458,0));
#6628=FACE_BOUND('',#6629,.T.);
#6629=EDGE_LOOP('',(#6630,#6631,#6632));
#6630=ORIENTED_EDGE('',*,*,#6633,.T.);
#6631=ORIENTED_EDGE('',*,*,#6634,.T.);
#6632=ORIENTED_EDGE('',*,*,#6635,.T.);
#6633=EDGE_CURVE('',#369,#367,#6636,.F.);
#6634=EDGE_CURVE('',#367,#237,#6637,.T.);
#6635=EDGE_CURVE('',#237,#369,#6638,.T.);
#6636=LINE('',#368,#6639);
#6637=LINE('',#366,#6640);
#6638=LINE('',#236,#6641);
#6639=VECTOR('',#6642,1.0);
#6640=VECTOR('',#6643,1.0);
#6641=VECTOR('',#6644,1.0);
#6642=DIRECTION('',(-0.7871776696874015,0.6167262896500458,0));
#6643=DIRECTION('',(0.030297597072097456,-0.021473309322283144,0.9993102384136802));
#6644=DIRECTION('',(0.11466511336171378,-0.09207685878553377,-0.9891277793358825));
#6645=FACE_SURFACE('',(#6650),#6646,.T.);
#6646=PLANE('',#6647);
#6647=AXIS2_PLACEMENT_3D('',#238,#6648,#6649);
#6648=DIRECTION('',(0.7289280170368126,0.6845862081758113,0.0023810825783304023));
#6649=DIRECTION('',(0.6845881488333845,-0.7289300833940657,0));
#6650=FACE_BOUND('',#6651,.T.);
#6651=EDGE_LOOP('',(#6652,#6653,#6654));
#6652=ORIENTED_EDGE('',*,*,#6655,.T.);
#6653=ORIENTED_EDGE('',*,*,#6656,.T.);
#6654=ORIENTED_EDGE('',*,*,#6657,.T.);
#6655=EDGE_CURVE('',#239,#241,#6658,.F.);
#6656=EDGE_CURVE('',#241,#371,#6659,.T.);
#6657=EDGE_CURVE('',#371,#239,#6660,.T.);
#6658=LINE('',#238,#6661);
#6659=LINE('',#240,#6662);
#6660=LINE('',#370,#6663);
#6661=VECTOR('',#6664,1.0);
#6662=VECTOR('',#6665,1.0);
#6663=VECTOR('',#6666,1.0);
#6664=DIRECTION('',(0.6845881488333845,-0.7289300833940657,0));
#6665=DIRECTION('',(-0.03381839215616499,0.039482297674777365,-0.9986478180631508));
#6666=DIRECTION('',(-0.09744045733179976,0.10030788453038059,0.9901735633594797));
#6667=FACE_SURFACE('',(#6672),#6668,.T.);
#6668=PLANE('',#6669);
#6669=AXIS2_PLACEMENT_3D('',#370,#6670,#6671);
#6670=DIRECTION('',(0.7071356342987561,0.7070749793479942,-0.0020416378056165216));
#6671=DIRECTION('',(-0.7070764529975914,0.7071371080747672,0));
#6672=FACE_BOUND('',#6673,.T.);
#6673=EDGE_LOOP('',(#6674,#6675,#6676));
#6674=ORIENTED_EDGE('',*,*,#6677,.T.);
#6675=ORIENTED_EDGE('',*,*,#6678,.T.);
#6676=ORIENTED_EDGE('',*,*,#6679,.T.);
#6677=EDGE_CURVE('',#371,#369,#6680,.F.);
#6678=EDGE_CURVE('',#369,#239,#6681,.T.);
#6679=EDGE_CURVE('',#239,#371,#6682,.T.);
#6680=LINE('',#370,#6683);
#6681=LINE('',#368,#6684);
#6682=LINE('',#238,#6685);
#6683=VECTOR('',#6686,1.0);
#6684=VECTOR('',#6687,1.0);
#6685=VECTOR('',#6688,1.0);
#6686=DIRECTION('',(-0.7070764529975914,0.7071371080747672,0));
#6687=DIRECTION('',(0.03291499302266072,-0.030033242607544048,0.999006810573779));
#6688=DIRECTION('',(0.09744045733179976,-0.10030788453038059,-0.9901735633594797));
#6689=FACE_SURFACE('',(#6694),#6690,.T.);
#6690=PLANE('',#6691);
#6691=AXIS2_PLACEMENT_3D('',#240,#6692,#6693);
#6692=DIRECTION('',(0.8090728759832752,0.5877025735382909,0.0026012313663733504));
#6693=DIRECTION('',(0.5877045618650862,-0.8090756132543899,0));
#6694=FACE_BOUND('',#6695,.T.);
#6695=EDGE_LOOP('',(#6696,#6697,#6698));
#6696=ORIENTED_EDGE('',*,*,#6699,.T.);
#6697=ORIENTED_EDGE('',*,*,#6700,.T.);
#6698=ORIENTED_EDGE('',*,*,#6701,.T.);
#6699=EDGE_CURVE('',#241,#245,#6702,.F.);
#6700=EDGE_CURVE('',#245,#373,#6703,.T.);
#6701=EDGE_CURVE('',#373,#241,#6704,.T.);
#6702=LINE('',#240,#6705);
#6703=LINE('',#244,#6706);
#6704=LINE('',#372,#6707);
#6705=VECTOR('',#6708,1.0);
#6706=VECTOR('',#6709,1.0);
#6707=VECTOR('',#6710,1.0);
#6708=DIRECTION('',(0.5877045618650862,-0.8090756132543899,0));
#6709=DIRECTION('',(-0.032754630577154026,0.0495106337879257,-0.9982363604465989));
#6710=DIRECTION('',(-0.08001114644365889,0.10576198861520127,0.9911673008170363));
#6711=FACE_SURFACE('',(#6716),#6712,.T.);
#6712=PLANE('',#6713);
#6713=AXIS2_PLACEMENT_3D('',#372,#6714,#6715);
#6714=DIRECTION('',(0.7871385043939195,0.6167720943123076,-0.002271250341362036));
#6715=DIRECTION('',(-0.6167736851519757,0.787140534659505,0));
#6716=FACE_BOUND('',#6717,.T.);
#6717=EDGE_LOOP('',(#6718,#6719,#6720));
#6718=ORIENTED_EDGE('',*,*,#6721,.T.);
#6719=ORIENTED_EDGE('',*,*,#6722,.T.);
#6720=ORIENTED_EDGE('',*,*,#6723,.T.);
#6721=EDGE_CURVE('',#373,#371,#6724,.F.);
#6722=EDGE_CURVE('',#371,#241,#6725,.T.);
#6723=EDGE_CURVE('',#241,#373,#6726,.T.);
#6724=LINE('',#372,#6727);
#6725=LINE('',#370,#6728);
#6726=LINE('',#240,#6729);
#6727=VECTOR('',#6730,1.0);
#6728=VECTOR('',#6731,1.0);
#6729=VECTOR('',#6732,1.0);
#6730=DIRECTION('',(-0.6167736851519757,0.787140534659505,0));
#6731=DIRECTION('',(0.03381839215616499,-0.039482297674777365,0.9986478180631508));
#6732=DIRECTION('',(0.08001114644365889,-0.10576198861520127,-0.9911673008170363));
#6733=FACE_SURFACE('',(#6738),#6734,.T.);
#6734=PLANE('',#6735);
#6735=AXIS2_PLACEMENT_3D('',#246,#6736,#6737);
#6736=DIRECTION('',(0,0,1));
#6737=DIRECTION('',(-0.9998251603231192,-0.018698897958136326,0));
#6738=FACE_BOUND('',#6739,.T.);
#6739=EDGE_LOOP('',(#6740,#6741,#6742));
#6740=ORIENTED_EDGE('',*,*,#6743,.T.);
#6741=ORIENTED_EDGE('',*,*,#6744,.T.);
#6742=ORIENTED_EDGE('',*,*,#6745,.T.);
#6743=EDGE_CURVE('',#247,#243,#6746,.F.);
#6744=EDGE_CURVE('',#243,#375,#6747,.T.);
#6745=EDGE_CURVE('',#375,#247,#6748,.T.);
#6746=LINE('',#246,#6749);
#6747=LINE('',#242,#6750);
#6748=LINE('',#374,#6751);
#6749=VECTOR('',#6752,1.0);
#6750=VECTOR('',#6753,1.0);
#6751=VECTOR('',#6754,1.0);
#6752=DIRECTION('',(-0.9998251603231192,-0.018698897958136326,0));
#6753=DIRECTION('',(0.9934755058373074,-0.11404568953409175,0));
#6754=DIRECTION('',(-0.24876073477327257,0.9685649677925904,0));
#6755=FACE_SURFACE('',(#6760),#6756,.T.);
#6756=PLANE('',#6757);
#6757=AXIS2_PLACEMENT_3D('',#374,#6758,#6759);
#6758=DIRECTION('',(0,0,1));
#6759=DIRECTION('',(-0.9934755058373074,0.11404568953409175,0));
#6760=FACE_BOUND('',#6761,.T.);
#6761=EDGE_LOOP('',(#6762,#6763,#6764));
#6762=ORIENTED_EDGE('',*,*,#6765,.T.);
#6763=ORIENTED_EDGE('',*,*,#6766,.T.);
#6764=ORIENTED_EDGE('',*,*,#6767,.T.);
#6765=EDGE_CURVE('',#375,#243,#6768,.F.);
#6766=EDGE_CURVE('',#243,#377,#6769,.T.);
#6767=EDGE_CURVE('',#377,#375,#6770,.T.);
#6768=LINE('',#374,#6771);
#6769=LINE('',#242,#6772);
#6770=LINE('',#376,#6773);
#6771=VECTOR('',#6774,1.0);
#6772=VECTOR('',#6775,1.0);
#6773=VECTOR('',#6776,1.0);
#6774=DIRECTION('',(-0.9934755058373074,0.11404568953409175,0));
#6775=DIRECTION('',(0.9438674226046914,-0.3303245200489616,0));
#6776=DIRECTION('',(0.9952999267212358,-0.096840362807574,0));
#6777=FACE_SURFACE('',(#6782),#6778,.T.);
#6778=PLANE('',#6779);
#6779=AXIS2_PLACEMENT_3D('',#242,#6780,#6781);
#6780=DIRECTION('',(-0.3303245200489616,-0.9438674226046914,0));
#6781=DIRECTION('',(0.09701942448508262,-0.0339538096780819,-0.994703156766343));
#6782=FACE_BOUND('',#6783,.T.);
#6783=EDGE_LOOP('',(#6784,#6785,#6786));
#6784=ORIENTED_EDGE('',*,*,#6787,.T.);
#6785=ORIENTED_EDGE('',*,*,#6788,.T.);
#6786=ORIENTED_EDGE('',*,*,#6789,.T.);
#6787=EDGE_CURVE('',#243,#317,#6790,.F.);
#6788=EDGE_CURVE('',#317,#377,#6791,.T.);
#6789=EDGE_CURVE('',#377,#243,#6792,.T.);
#6790=LINE('',#242,#6793);
#6791=LINE('',#316,#6794);
#6792=LINE('',#376,#6795);
#6793=VECTOR('',#6796,1.0);
#6794=VECTOR('',#6797,1.0);
#6795=VECTOR('',#6798,1.0);
#6796=DIRECTION('',(0.09701942448508262,-0.0339538096780819,-0.994703156766343));
#6797=DIRECTION('',(0,0,1));
#6798=DIRECTION('',(-0.9438674226046914,0.3303245200489616,0));
#6799=FACE_SURFACE('',(#6804),#6800,.T.);
#6800=PLANE('',#6801);
#6801=AXIS2_PLACEMENT_3D('',#244,#6802,#6803);
#6802=DIRECTION('',(0.8762392696509979,0.48186841965854543,0.002751082925267199));
#6803=DIRECTION('',(0.4818702431691663,-0.8762425855595518,0));
#6804=FACE_BOUND('',#6805,.T.);
#6805=EDGE_LOOP('',(#6806,#6807,#6808));
#6806=ORIENTED_EDGE('',*,*,#6809,.T.);
#6807=ORIENTED_EDGE('',*,*,#6810,.T.);
#6808=ORIENTED_EDGE('',*,*,#6811,.T.);
#6809=EDGE_CURVE('',#245,#249,#6812,.F.);
#6810=EDGE_CURVE('',#249,#379,#6813,.T.);
#6811=EDGE_CURVE('',#379,#245,#6814,.T.);
#6812=LINE('',#244,#6815);
#6813=LINE('',#248,#6816);
#6814=LINE('',#378,#6817);
#6815=VECTOR('',#6818,1.0);
#6816=VECTOR('',#6819,1.0);
#6817=VECTOR('',#6820,1.0);
#6818=DIRECTION('',(0.4818702431691663,-0.8762425855595518,0));
#6819=DIRECTION('',(-0.02974117679729149,0.05977841621643102,-0.9977685119091338));
#6820=DIRECTION('',(-0.06279674729420547,0.10852673084479231,0.9921081177076467));
#6821=FACE_SURFACE('',(#6826),#6822,.T.);
#6822=PLANE('',#6823);
#6823=AXIS2_PLACEMENT_3D('',#378,#6824,#6825);
#6824=DIRECTION('',(0.8557856769479002,0.5173248577037698,-0.002422133893624461));
#6825=DIRECTION('',(-0.5173263752137502,0.85578818729181,0));
#6826=FACE_BOUND('',#6827,.T.);
#6827=EDGE_LOOP('',(#6828,#6829,#6830));
#6828=ORIENTED_EDGE('',*,*,#6831,.T.);
#6829=ORIENTED_EDGE('',*,*,#6832,.T.);
#6830=ORIENTED_EDGE('',*,*,#6833,.T.);
#6831=EDGE_CURVE('',#379,#373,#6834,.F.);
#6832=EDGE_CURVE('',#373,#245,#6835,.T.);
#6833=EDGE_CURVE('',#245,#379,#6836,.T.);
#6834=LINE('',#378,#6837);
#6835=LINE('',#372,#6838);
#6836=LINE('',#244,#6839);
#6837=VECTOR('',#6840,1.0);
#6838=VECTOR('',#6841,1.0);
#6839=VECTOR('',#6842,1.0);
#6840=DIRECTION('',(-0.5173263752137502,0.85578818729181,0));
#6841=DIRECTION('',(0.032754630577154026,-0.0495106337879257,0.9982363604465989));
#6842=DIRECTION('',(0.06279674729420547,-0.10852673084479231,-0.9921081177076467));
#6843=FACE_SURFACE('',(#6848),#6844,.T.);
#6844=PLANE('',#6845);
#6845=AXIS2_PLACEMENT_3D('',#246,#6846,#6847);
#6846=DIRECTION('',(0.9685606647330561,0.24875962959985923,0.0029808410224905824));
#6847=DIRECTION('',(0.24876073477327257,-0.9685649677925904,0));
#6848=FACE_BOUND('',#6849,.T.);
#6849=EDGE_LOOP('',(#6850,#6851,#6852));
#6850=ORIENTED_EDGE('',*,*,#6853,.T.);
#6851=ORIENTED_EDGE('',*,*,#6854,.T.);
#6852=ORIENTED_EDGE('',*,*,#6855,.T.);
#6853=EDGE_CURVE('',#247,#375,#6856,.F.);
#6854=EDGE_CURVE('',#375,#381,#6857,.T.);
#6855=EDGE_CURVE('',#381,#247,#6858,.T.);
#6856=LINE('',#246,#6859);
#6857=LINE('',#374,#6860);
#6858=LINE('',#380,#6861);
#6859=VECTOR('',#6862,1.0);
#6860=VECTOR('',#6863,1.0);
#6861=VECTOR('',#6864,1.0);
#6862=DIRECTION('',(0.24876073477327257,-0.9685649677925904,0));
#6863=DIRECTION('',(-0.017384871221276056,0.07963199410400178,-0.996672720489349));
#6864=DIRECTION('',(-0.03043034899619827,0.10657341313069929,0.9938390722212742));
#6865=FACE_SURFACE('',(#6870),#6866,.T.);
#6866=PLANE('',#6867);
#6867=AXIS2_PLACEMENT_3D('',#248,#6868,#6869);
#6868=DIRECTION('',(0.9298235736213973,0.3679944089304104,0.0028700059044594562));
#6869=DIRECTION('',(0.3679959245125827,-0.9298274030927081,0));
#6870=FACE_BOUND('',#6871,.T.);
#6871=EDGE_LOOP('',(#6872,#6873,#6874));
#6872=ORIENTED_EDGE('',*,*,#6875,.T.);
#6873=ORIENTED_EDGE('',*,*,#6876,.T.);
#6874=ORIENTED_EDGE('',*,*,#6877,.T.);
#6875=EDGE_CURVE('',#249,#247,#6878,.F.);
#6876=EDGE_CURVE('',#247,#383,#6879,.T.);
#6877=EDGE_CURVE('',#383,#249,#6880,.T.);
#6878=LINE('',#248,#6881);
#6879=LINE('',#246,#6882);
#6880=LINE('',#382,#6883);
#6881=VECTOR('',#6884,1.0);
#6882=VECTOR('',#6885,1.0);
#6883=VECTOR('',#6886,1.0);
#6884=DIRECTION('',(0.3679959245125827,-0.9298274030927081,0));
#6885=DIRECTION('',(-0.02460157702913974,0.06993919705969812,-0.997247848391925));
#6886=DIRECTION('',(-0.04609936180952569,0.10873631020994433,0.9930011398194271));
#6887=FACE_SURFACE('',(#6892),#6888,.T.);
#6888=PLANE('',#6889);
#6889=AXIS2_PLACEMENT_3D('',#380,#6890,#6891);
#6890=DIRECTION('',(0.9546885497281589,0.29759466884076274,-0.0026806893705672527));
#6891=DIRECTION('',(-0.2975957381183812,0.9546919799881928,0));
#6892=FACE_BOUND('',#6893,.T.);
#6893=EDGE_LOOP('',(#6894,#6895,#6896));
#6894=ORIENTED_EDGE('',*,*,#6897,.T.);
#6895=ORIENTED_EDGE('',*,*,#6898,.T.);
#6896=ORIENTED_EDGE('',*,*,#6899,.T.);
#6897=EDGE_CURVE('',#381,#383,#6900,.F.);
#6898=EDGE_CURVE('',#383,#247,#6901,.T.);
#6899=EDGE_CURVE('',#247,#381,#6902,.T.);
#6900=LINE('',#380,#6903);
#6901=LINE('',#382,#6904);
#6902=LINE('',#246,#6905);
#6903=VECTOR('',#6906,1.0);
#6904=VECTOR('',#6907,1.0);
#6905=VECTOR('',#6908,1.0);
#6906=DIRECTION('',(-0.2975957381183812,0.9546919799881928,0));
#6907=DIRECTION('',(0.02460157702913974,-0.06993919705969812,0.997247848391925));
#6908=DIRECTION('',(0.03043034899619827,-0.10657341313069929,-0.9938390722212742));
#6909=FACE_SURFACE('',(#6914),#6910,.T.);
#6910=PLANE('',#6911);
#6911=AXIS2_PLACEMENT_3D('',#382,#6912,#6913);
#6912=DIRECTION('',(0.9119278848187736,0.41034227580715726,-0.0025979944881378515));
#6913=DIRECTION('',(-0.4103436606322246,0.9119309623973438,0));
#6914=FACE_BOUND('',#6915,.T.);
#6915=EDGE_LOOP('',(#6916,#6917,#6918));
#6916=ORIENTED_EDGE('',*,*,#6919,.T.);
#6917=ORIENTED_EDGE('',*,*,#6920,.T.);
#6918=ORIENTED_EDGE('',*,*,#6921,.T.);
#6919=EDGE_CURVE('',#383,#379,#6922,.F.);
#6920=EDGE_CURVE('',#379,#249,#6923,.T.);
#6921=EDGE_CURVE('',#249,#383,#6924,.T.);
#6922=LINE('',#382,#6925);
#6923=LINE('',#378,#6926);
#6924=LINE('',#248,#6927);
#6925=VECTOR('',#6928,1.0);
#6926=VECTOR('',#6929,1.0);
#6927=VECTOR('',#6930,1.0);
#6928=DIRECTION('',(-0.4103436606322246,0.9119309623973438,0));
#6929=DIRECTION('',(0.02974117679729149,-0.05977841621643102,0.9977685119091338));
#6930=DIRECTION('',(0.04609936180952569,-0.10873631020994433,-0.9930011398194271));
#6931=FACE_SURFACE('',(#6936),#6932,.T.);
#6932=PLANE('',#6933);
#6933=AXIS2_PLACEMENT_3D('',#252,#6934,#6935);
#6934=DIRECTION('',(-0.06278976405038117,-0.9980267759586902,0));
#6935=DIRECTION('',(0,0,1));
#6936=FACE_BOUND('',#6937,.T.);
#6937=EDGE_LOOP('',(#6938,#6939,#6940));
#6938=ORIENTED_EDGE('',*,*,#6941,.T.);
#6939=ORIENTED_EDGE('',*,*,#6942,.T.);
#6940=ORIENTED_EDGE('',*,*,#6943,.T.);
#6941=EDGE_CURVE('',#253,#251,#6944,.F.);
#6942=EDGE_CURVE('',#251,#385,#6945,.T.);
#6943=EDGE_CURVE('',#385,#253,#6946,.T.);
#6944=LINE('',#252,#6947);
#6945=LINE('',#250,#6948);
#6946=LINE('',#384,#6949);
#6947=VECTOR('',#6950,1.0);
#6948=VECTOR('',#6951,1.0);
#6949=VECTOR('',#6952,1.0);
#6950=DIRECTION('',(0,0,1));
#6951=DIRECTION('',(-0.05215438968563691,0.0032812364371758323,-0.998633643096387));
#6952=DIRECTION('',(0.9980267759586902,-0.06278976405038117,0));
#6953=FACE_SURFACE('',(#6958),#6954,.T.);
#6954=PLANE('',#6955);
#6955=AXIS2_PLACEMENT_3D('',#384,#6956,#6957);
#6956=DIRECTION('',(-0.06278976405038117,-0.9980267759586902,0));
#6957=DIRECTION('',(0.05215438968563691,-0.0032812364371758323,0.998633643096387));
#6958=FACE_BOUND('',#6959,.T.);
#6959=EDGE_LOOP('',(#6960,#6961,#6962));
#6960=ORIENTED_EDGE('',*,*,#6963,.T.);
#6961=ORIENTED_EDGE('',*,*,#6964,.T.);
#6962=ORIENTED_EDGE('',*,*,#6965,.T.);
#6963=EDGE_CURVE('',#385,#251,#6966,.F.);
#6964=EDGE_CURVE('',#251,#387,#6967,.T.);
#6965=EDGE_CURVE('',#387,#385,#6968,.T.);
#6966=LINE('',#384,#6969);
#6967=LINE('',#250,#6970);
#6968=LINE('',#386,#6971);
#6969=VECTOR('',#6972,1.0);
#6970=VECTOR('',#6973,1.0);
#6971=VECTOR('',#6974,1.0);
#6972=DIRECTION('',(0.05215438968563691,-0.0032812364371758323,0.998633643096387));
#6973=DIRECTION('',(-0.9980267759586902,0.06278976405038117,0));
#6974=DIRECTION('',(0,0,-1));
#6975=FACE_SURFACE('',(#6980),#6976,.T.);
#6976=PLANE('',#6977);
#6977=AXIS2_PLACEMENT_3D('',#250,#6978,#6979);
#6978=DIRECTION('',(0,0,1));
#6979=DIRECTION('',(-0.9921139937993201,0.12533883399634266,0));
#6980=FACE_BOUND('',#6981,.T.);
#6981=EDGE_LOOP('',(#6982,#6983,#6984));
#6982=ORIENTED_EDGE('',*,*,#6985,.T.);
#6983=ORIENTED_EDGE('',*,*,#6986,.T.);
#6984=ORIENTED_EDGE('',*,*,#6987,.T.);
#6985=EDGE_CURVE('',#251,#389,#6988,.F.);
#6986=EDGE_CURVE('',#389,#387,#6989,.T.);
#6987=EDGE_CURVE('',#387,#251,#6990,.T.);
#6988=LINE('',#250,#6991);
#6989=LINE('',#388,#6992);
#6990=LINE('',#386,#6993);
#6991=VECTOR('',#6994,1.0);
#6992=VECTOR('',#6995,1.0);
#6993=VECTOR('',#6996,1.0);
#6994=DIRECTION('',(-0.9921139937993201,0.12533883399634266,0));
#6995=DIRECTION('',(0.9822835591362816,-0.1874006655552731,0));
#6996=DIRECTION('',(0.9980267759586902,-0.06278976405038117,0));
#6997=FACE_SURFACE('',(#7002),#6998,.T.);
#6998=PLANE('',#6999);
#6999=AXIS2_PLACEMENT_3D('',#250,#7000,#7001);
#7000=DIRECTION('',(0,0,1));
#7001=DIRECTION('',(-0.9822867547038029,0.18738391482053923,0));
#7002=FACE_BOUND('',#7003,.T.);
#7003=EDGE_LOOP('',(#7004,#7005,#7006));
#7004=ORIENTED_EDGE('',*,*,#7007,.T.);
#7005=ORIENTED_EDGE('',*,*,#7008,.T.);
#7006=ORIENTED_EDGE('',*,*,#7009,.T.);
#7007=EDGE_CURVE('',#251,#391,#7010,.F.);
#7008=EDGE_CURVE('',#391,#389,#7011,.T.);
#7009=EDGE_CURVE('',#389,#251,#7012,.T.);
#7010=LINE('',#250,#7013);
#7011=LINE('',#390,#7014);
#7012=LINE('',#388,#7015);
#7013=VECTOR('',#7016,1.0);
#7014=VECTOR('',#7017,1.0);
#7015=VECTOR('',#7018,1.0);
#7016=DIRECTION('',(-0.9822867547038029,0.18738391482053923,0));
#7017=DIRECTION('',(0.9510569250426143,-0.30901573637678564,0));
#7018=DIRECTION('',(0.9921139937993201,-0.12533883399634266,0));
#7019=FACE_SURFACE('',(#7024),#7020,.T.);
#7020=PLANE('',#7021);
#7021=AXIS2_PLACEMENT_3D('',#250,#7022,#7023);
#7022=DIRECTION('',(0,0,1));
#7023=DIRECTION('',(-0.968583420154129,0.24868887832496628,0));
#7024=FACE_BOUND('',#7025,.T.);
#7025=EDGE_LOOP('',(#7026,#7027,#7028));
#7026=ORIENTED_EDGE('',*,*,#7029,.T.);
#7027=ORIENTED_EDGE('',*,*,#7030,.T.);
#7028=ORIENTED_EDGE('',*,*,#7031,.T.);
#7029=EDGE_CURVE('',#251,#393,#7032,.F.);
#7030=EDGE_CURVE('',#393,#391,#7033,.T.);
#7031=EDGE_CURVE('',#391,#251,#7034,.T.);
#7032=LINE('',#250,#7035);
#7033=LINE('',#392,#7036);
#7034=LINE('',#390,#7037);
#7035=VECTOR('',#7038,1.0);
#7036=VECTOR('',#7039,1.0);
#7037=VECTOR('',#7040,1.0);
#7038=DIRECTION('',(-0.968583420154129,0.24868887832496628,0));
#7039=DIRECTION('',(0.9048341217574197,-0.42576426823240915,0));
#7040=DIRECTION('',(0.9822867547038029,-0.18738391482053923,0));
#7041=FACE_SURFACE('',(#7046),#7042,.T.);
#7042=PLANE('',#7043);
#7043=AXIS2_PLACEMENT_3D('',#250,#7044,#7045);
#7044=DIRECTION('',(0,0,1));
#7045=DIRECTION('',(-0.9510572895559581,0.3090146145127676,0));
#7046=FACE_BOUND('',#7047,.T.);
#7047=EDGE_LOOP('',(#7048,#7049,#7050));
#7048=ORIENTED_EDGE('',*,*,#7051,.T.);
#7049=ORIENTED_EDGE('',*,*,#7052,.T.);
#7050=ORIENTED_EDGE('',*,*,#7053,.T.);
#7051=EDGE_CURVE('',#251,#395,#7054,.F.);
#7052=EDGE_CURVE('',#395,#393,#7055,.T.);
#7053=EDGE_CURVE('',#393,#251,#7056,.T.);
#7054=LINE('',#250,#7057);
#7055=LINE('',#394,#7058);
#7056=LINE('',#392,#7059);
#7057=VECTOR('',#7060,1.0);
#7058=VECTOR('',#7061,1.0);
#7059=VECTOR('',#7062,1.0);
#7060=DIRECTION('',(-0.9510572895559581,0.3090146145127676,0));
#7061=DIRECTION('',(0.8443348324908536,-0.5358159111510615,0));
#7062=DIRECTION('',(0.968583420154129,-0.24868887832496628,0));
#7063=FACE_SURFACE('',(#7068),#7064,.T.);
#7064=PLANE('',#7065);
#7065=AXIS2_PLACEMENT_3D('',#250,#7066,#7067);
#7066=DIRECTION('',(0,0,1));
#7067=DIRECTION('',(-0.9297765383726775,0.36812442012412194,0));
#7068=FACE_BOUND('',#7069,.T.);
#7069=EDGE_LOOP('',(#7070,#7071,#7072));
#7070=ORIENTED_EDGE('',*,*,#7073,.T.);
#7071=ORIENTED_EDGE('',*,*,#7074,.T.);
#7072=ORIENTED_EDGE('',*,*,#7075,.T.);
#7073=EDGE_CURVE('',#251,#397,#7076,.F.);
#7074=EDGE_CURVE('',#397,#395,#7077,.T.);
#7075=EDGE_CURVE('',#395,#251,#7078,.T.);
#7076=LINE('',#250,#7079);
#7077=LINE('',#396,#7080);
#7078=LINE('',#394,#7081);
#7079=VECTOR('',#7082,1.0);
#7080=VECTOR('',#7083,1.0);
#7081=VECTOR('',#7084,1.0);
#7082=DIRECTION('',(-0.9297765383726775,0.36812442012412194,0));
#7083=DIRECTION('',(0.7704983637689478,-0.6374419749509552,0));
#7084=DIRECTION('',(0.9510572895559581,-0.3090146145127676,0));
#7085=FACE_SURFACE('',(#7090),#7086,.T.);
#7086=PLANE('',#7087);
#7087=AXIS2_PLACEMENT_3D('',#250,#7088,#7089);
#7088=DIRECTION('',(0,0,1));
#7089=DIRECTION('',(-0.9048270186762541,0.42577936337197203,0));
#7090=FACE_BOUND('',#7091,.T.);
#7091=EDGE_LOOP('',(#7092,#7093,#7094));
#7092=ORIENTED_EDGE('',*,*,#7095,.T.);
#7093=ORIENTED_EDGE('',*,*,#7096,.T.);
#7094=ORIENTED_EDGE('',*,*,#7097,.T.);
#7095=EDGE_CURVE('',#251,#399,#7098,.F.);
#7096=EDGE_CURVE('',#399,#397,#7099,.T.);
#7097=EDGE_CURVE('',#397,#251,#7100,.T.);
#7098=LINE('',#250,#7101);
#7099=LINE('',#398,#7102);
#7100=LINE('',#396,#7103);
#7101=VECTOR('',#7104,1.0);
#7102=VECTOR('',#7105,1.0);
#7103=VECTOR('',#7106,1.0);
#7104=DIRECTION('',(-0.9048270186762541,0.42577936337197203,0));
#7105=DIRECTION('',(0.6845468292656447,-0.7289688872252039,0));
#7106=DIRECTION('',(0.9297765383726775,-0.36812442012412194,0));
#7107=FACE_SURFACE('',(#7112),#7108,.T.);
#7108=PLANE('',#7109);
#7109=AXIS2_PLACEMENT_3D('',#250,#7110,#7111);
#7110=DIRECTION('',(0,0,1));
#7111=DIRECTION('',(-0.8763079090365882,0.4817514385654938,0));
#7112=FACE_BOUND('',#7113,.T.);
#7113=EDGE_LOOP('',(#7114,#7115,#7116));
#7114=ORIENTED_EDGE('',*,*,#7117,.T.);
#7115=ORIENTED_EDGE('',*,*,#7118,.T.);
#7116=ORIENTED_EDGE('',*,*,#7119,.T.);
#7117=EDGE_CURVE('',#251,#401,#7120,.F.);
#7118=EDGE_CURVE('',#401,#399,#7121,.T.);
#7119=EDGE_CURVE('',#399,#251,#7122,.T.);
#7120=LINE('',#250,#7123);
#7121=LINE('',#400,#7124);
#7122=LINE('',#398,#7125);
#7123=VECTOR('',#7126,1.0);
#7124=VECTOR('',#7127,1.0);
#7125=VECTOR('',#7128,1.0);
#7126=DIRECTION('',(-0.8763079090365882,0.4817514385654938,0));
#7127=DIRECTION('',(0.5878063643334237,-0.8090016551584566,0));
#7128=DIRECTION('',(0.9048270186762541,-0.42577936337197203,0));
#7129=FACE_SURFACE('',(#7134),#7130,.T.);
#7130=PLANE('',#7131);
#7131=AXIS2_PLACEMENT_3D('',#250,#7132,#7133);
#7132=DIRECTION('',(0,0,1));
#7133=DIRECTION('',(-0.8443285480815961,0.5358258139492945,0));
#7134=FACE_BOUND('',#7135,.T.);
#7135=EDGE_LOOP('',(#7136,#7137,#7138));
#7136=ORIENTED_EDGE('',*,*,#7139,.T.);
#7137=ORIENTED_EDGE('',*,*,#7140,.T.);
#7138=ORIENTED_EDGE('',*,*,#7141,.T.);
#7139=EDGE_CURVE('',#251,#403,#7142,.F.);
#7140=EDGE_CURVE('',#403,#401,#7143,.T.);
#7141=EDGE_CURVE('',#401,#251,#7144,.T.);
#7142=LINE('',#250,#7145);
#7143=LINE('',#402,#7146);
#7144=LINE('',#400,#7147);
#7145=VECTOR('',#7148,1.0);
#7146=VECTOR('',#7149,1.0);
#7147=VECTOR('',#7150,1.0);
#7148=DIRECTION('',(-0.8443285480815961,0.5358258139492945,0));
#7149=DIRECTION('',(0.4817426162394886,-0.8763127590642126,0));
#7150=DIRECTION('',(0.8763079090365882,-0.4817514385654938,0));
#7151=FACE_SURFACE('',(#7156),#7152,.T.);
#7152=PLANE('',#7153);
#7153=AXIS2_PLACEMENT_3D('',#250,#7154,#7155);
#7154=DIRECTION('',(0,0,1));
#7155=DIRECTION('',(-0.809016100493983,0.5877864826121044,0));
#7156=FACE_BOUND('',#7157,.T.);
#7157=EDGE_LOOP('',(#7158,#7159,#7160));
#7158=ORIENTED_EDGE('',*,*,#7161,.T.);
#7159=ORIENTED_EDGE('',*,*,#7162,.T.);
#7160=ORIENTED_EDGE('',*,*,#7163,.T.);
#7161=EDGE_CURVE('',#251,#405,#7164,.F.);
#7162=EDGE_CURVE('',#405,#403,#7165,.T.);
#7163=EDGE_CURVE('',#403,#251,#7166,.T.);
#7164=LINE('',#250,#7167);
#7165=LINE('',#404,#7168);
#7166=LINE('',#402,#7169);
#7167=VECTOR('',#7170,1.0);
#7168=VECTOR('',#7171,1.0);
#7169=VECTOR('',#7172,1.0);
#7170=DIRECTION('',(-0.809016100493983,0.5877864826121044,0));
#7171=DIRECTION('',(0.3680698112207702,-0.9297981577030074,0));
#7172=DIRECTION('',(0.8443285480815961,-0.5358258139492945,0));
#7173=FACE_SURFACE('',(#7178),#7174,.T.);
#7174=PLANE('',#7175);
#7175=AXIS2_PLACEMENT_3D('',#328,#7176,#7177);
#7176=DIRECTION('',(0,0,1));
#7177=DIRECTION('',(-0.9850304671557042,0.17238033175224823,0));
#7178=FACE_BOUND('',#7179,.T.);
#7179=EDGE_LOOP('',(#7180,#7181,#7182));
#7180=ORIENTED_EDGE('',*,*,#7183,.T.);
#7181=ORIENTED_EDGE('',*,*,#7184,.T.);
#7182=ORIENTED_EDGE('',*,*,#7185,.T.);
#7183=EDGE_CURVE('',#329,#407,#7186,.F.);
#7184=EDGE_CURVE('',#407,#251,#7187,.T.);
#7185=EDGE_CURVE('',#251,#329,#7188,.T.);
#7186=LINE('',#328,#7189);
#7187=LINE('',#406,#7190);
#7188=LINE('',#250,#7191);
#7189=VECTOR('',#7192,1.0);
#7190=VECTOR('',#7193,1.0);
#7191=VECTOR('',#7194,1.0);
#7192=DIRECTION('',(-0.9850304671557042,0.17238033175224823,0));
#7193=DIRECTION('',(0,-1,0));
#7194=DIRECTION('',(1,0,0));
#7195=FACE_SURFACE('',(#7200),#7196,.T.);
#7196=PLANE('',#7197);
#7197=AXIS2_PLACEMENT_3D('',#404,#7198,#7199);
#7198=DIRECTION('',(-0,0,1));
#7199=DIRECTION('',(0.809016100493983,-0.5877864826121044,0));
#7200=FACE_BOUND('',#7201,.T.);
#7201=EDGE_LOOP('',(#7202,#7203,#7204));
#7202=ORIENTED_EDGE('',*,*,#7205,.T.);
#7203=ORIENTED_EDGE('',*,*,#7206,.T.);
#7204=ORIENTED_EDGE('',*,*,#7207,.T.);
#7205=EDGE_CURVE('',#405,#251,#7208,.F.);
#7206=EDGE_CURVE('',#251,#407,#7209,.T.);
#7207=EDGE_CURVE('',#407,#405,#7210,.T.);
#7208=LINE('',#404,#7211);
#7209=LINE('',#250,#7212);
#7210=LINE('',#406,#7213);
#7211=VECTOR('',#7214,1.0);
#7212=VECTOR('',#7215,1.0);
#7213=VECTOR('',#7216,1.0);
#7214=DIRECTION('',(0.809016100493983,-0.5877864826121044,0));
#7215=DIRECTION('',(0,1,0));
#7216=DIRECTION('',(-0.9999550666839297,-0.009479694780834786,0));
#7217=FACE_SURFACE('',(#7222),#7218,.T.);
#7218=PLANE('',#7219);
#7219=AXIS2_PLACEMENT_3D('',#252,#7220,#7221);
#7220=DIRECTION('',(0,0,-1));
#7221=DIRECTION('',(-0.9980267759586902,0.06278976405038117,0));
#7222=FACE_BOUND('',#7223,.T.);
#7223=EDGE_LOOP('',(#7224,#7225,#7226));
#7224=ORIENTED_EDGE('',*,*,#7227,.T.);
#7225=ORIENTED_EDGE('',*,*,#7228,.T.);
#7226=ORIENTED_EDGE('',*,*,#7229,.T.);
#7227=EDGE_CURVE('',#253,#385,#7230,.F.);
#7228=EDGE_CURVE('',#385,#409,#7231,.T.);
#7229=EDGE_CURVE('',#409,#253,#7232,.T.);
#7230=LINE('',#252,#7233);
#7231=LINE('',#384,#7234);
#7232=LINE('',#408,#7235);
#7233=VECTOR('',#7236,1.0);
#7234=VECTOR('',#7237,1.0);
#7235=VECTOR('',#7238,1.0);
#7236=DIRECTION('',(-0.9980267759586902,0.06278976405038117,0));
#7237=DIRECTION('',(-0.9822835591362816,0.1874006655552731,0));
#7238=DIRECTION('',(0.9921139937993201,-0.12533883399634266,0));
#7239=FACE_SURFACE('',(#7244),#7240,.T.);
#7240=PLANE('',#7241);
#7241=AXIS2_PLACEMENT_3D('',#252,#7242,#7243);
#7242=DIRECTION('',(0,0,-1));
#7243=DIRECTION('',(-0.9921139937993201,0.12533883399634266,0));
#7244=FACE_BOUND('',#7245,.T.);
#7245=EDGE_LOOP('',(#7246,#7247,#7248));
#7246=ORIENTED_EDGE('',*,*,#7249,.T.);
#7247=ORIENTED_EDGE('',*,*,#7250,.T.);
#7248=ORIENTED_EDGE('',*,*,#7251,.T.);
#7249=EDGE_CURVE('',#253,#409,#7252,.F.);
#7250=EDGE_CURVE('',#409,#411,#7253,.T.);
#7251=EDGE_CURVE('',#411,#253,#7254,.T.);
#7252=LINE('',#252,#7255);
#7253=LINE('',#408,#7256);
#7254=LINE('',#410,#7257);
#7255=VECTOR('',#7258,1.0);
#7256=VECTOR('',#7259,1.0);
#7257=VECTOR('',#7260,1.0);
#7258=DIRECTION('',(-0.9921139937993201,0.12533883399634266,0));
#7259=DIRECTION('',(-0.9510569250426143,0.30901573637678564,0));
#7260=DIRECTION('',(0.9822867547038029,-0.18738391482053923,0));
#7261=FACE_SURFACE('',(#7266),#7262,.T.);
#7262=PLANE('',#7263);
#7263=AXIS2_PLACEMENT_3D('',#252,#7264,#7265);
#7264=DIRECTION('',(0,0,-1));
#7265=DIRECTION('',(-0.9822867547038029,0.18738391482053923,0));
#7266=FACE_BOUND('',#7267,.T.);
#7267=EDGE_LOOP('',(#7268,#7269,#7270));
#7268=ORIENTED_EDGE('',*,*,#7271,.T.);
#7269=ORIENTED_EDGE('',*,*,#7272,.T.);
#7270=ORIENTED_EDGE('',*,*,#7273,.T.);
#7271=EDGE_CURVE('',#253,#411,#7274,.F.);
#7272=EDGE_CURVE('',#411,#413,#7275,.T.);
#7273=EDGE_CURVE('',#413,#253,#7276,.T.);
#7274=LINE('',#252,#7277);
#7275=LINE('',#410,#7278);
#7276=LINE('',#412,#7279);
#7277=VECTOR('',#7280,1.0);
#7278=VECTOR('',#7281,1.0);
#7279=VECTOR('',#7282,1.0);
#7280=DIRECTION('',(-0.9822867547038029,0.18738391482053923,0));
#7281=DIRECTION('',(-0.9048341217574197,0.42576426823240915,0));
#7282=DIRECTION('',(0.968583420154129,-0.24868887832496628,0));
#7283=FACE_SURFACE('',(#7288),#7284,.T.);
#7284=PLANE('',#7285);
#7285=AXIS2_PLACEMENT_3D('',#252,#7286,#7287);
#7286=DIRECTION('',(0,0,-1));
#7287=DIRECTION('',(-0.968583420154129,0.24868887832496628,0));
#7288=FACE_BOUND('',#7289,.T.);
#7289=EDGE_LOOP('',(#7290,#7291,#7292));
#7290=ORIENTED_EDGE('',*,*,#7293,.T.);
#7291=ORIENTED_EDGE('',*,*,#7294,.T.);
#7292=ORIENTED_EDGE('',*,*,#7295,.T.);
#7293=EDGE_CURVE('',#253,#413,#7296,.F.);
#7294=EDGE_CURVE('',#413,#415,#7297,.T.);
#7295=EDGE_CURVE('',#415,#253,#7298,.T.);
#7296=LINE('',#252,#7299);
#7297=LINE('',#412,#7300);
#7298=LINE('',#414,#7301);
#7299=VECTOR('',#7302,1.0);
#7300=VECTOR('',#7303,1.0);
#7301=VECTOR('',#7304,1.0);
#7302=DIRECTION('',(-0.968583420154129,0.24868887832496628,0));
#7303=DIRECTION('',(-0.8443348324908536,0.5358159111510615,0));
#7304=DIRECTION('',(0.9510572895559581,-0.3090146145127676,0));
#7305=FACE_SURFACE('',(#7310),#7306,.T.);
#7306=PLANE('',#7307);
#7307=AXIS2_PLACEMENT_3D('',#252,#7308,#7309);
#7308=DIRECTION('',(0,0,-1));
#7309=DIRECTION('',(-0.9510572895559581,0.3090146145127676,0));
#7310=FACE_BOUND('',#7311,.T.);
#7311=EDGE_LOOP('',(#7312,#7313,#7314));
#7312=ORIENTED_EDGE('',*,*,#7315,.T.);
#7313=ORIENTED_EDGE('',*,*,#7316,.T.);
#7314=ORIENTED_EDGE('',*,*,#7317,.T.);
#7315=EDGE_CURVE('',#253,#415,#7318,.F.);
#7316=EDGE_CURVE('',#415,#417,#7319,.T.);
#7317=EDGE_CURVE('',#417,#253,#7320,.T.);
#7318=LINE('',#252,#7321);
#7319=LINE('',#414,#7322);
#7320=LINE('',#416,#7323);
#7321=VECTOR('',#7324,1.0);
#7322=VECTOR('',#7325,1.0);
#7323=VECTOR('',#7326,1.0);
#7324=DIRECTION('',(-0.9510572895559581,0.3090146145127676,0));
#7325=DIRECTION('',(-0.7704983637689478,0.6374419749509552,0));
#7326=DIRECTION('',(0.9297765383726775,-0.36812442012412194,0));
#7327=FACE_SURFACE('',(#7332),#7328,.T.);
#7328=PLANE('',#7329);
#7329=AXIS2_PLACEMENT_3D('',#252,#7330,#7331);
#7330=DIRECTION('',(0,0,-1));
#7331=DIRECTION('',(-0.9297765383726775,0.36812442012412194,0));
#7332=FACE_BOUND('',#7333,.T.);
#7333=EDGE_LOOP('',(#7334,#7335,#7336));
#7334=ORIENTED_EDGE('',*,*,#7337,.T.);
#7335=ORIENTED_EDGE('',*,*,#7338,.T.);
#7336=ORIENTED_EDGE('',*,*,#7339,.T.);
#7337=EDGE_CURVE('',#253,#417,#7340,.F.);
#7338=EDGE_CURVE('',#417,#419,#7341,.T.);
#7339=EDGE_CURVE('',#419,#253,#7342,.T.);
#7340=LINE('',#252,#7343);
#7341=LINE('',#416,#7344);
#7342=LINE('',#418,#7345);
#7343=VECTOR('',#7346,1.0);
#7344=VECTOR('',#7347,1.0);
#7345=VECTOR('',#7348,1.0);
#7346=DIRECTION('',(-0.9297765383726775,0.36812442012412194,0));
#7347=DIRECTION('',(-0.6845468292656447,0.7289688872252039,0));
#7348=DIRECTION('',(0.9048270186762541,-0.42577936337197203,0));
#7349=FACE_SURFACE('',(#7354),#7350,.T.);
#7350=PLANE('',#7351);
#7351=AXIS2_PLACEMENT_3D('',#252,#7352,#7353);
#7352=DIRECTION('',(0,0,-1));
#7353=DIRECTION('',(-0.9048270186762541,0.42577936337197203,0));
#7354=FACE_BOUND('',#7355,.T.);
#7355=EDGE_LOOP('',(#7356,#7357,#7358));
#7356=ORIENTED_EDGE('',*,*,#7359,.T.);
#7357=ORIENTED_EDGE('',*,*,#7360,.T.);
#7358=ORIENTED_EDGE('',*,*,#7361,.T.);
#7359=EDGE_CURVE('',#253,#419,#7362,.F.);
#7360=EDGE_CURVE('',#419,#421,#7363,.T.);
#7361=EDGE_CURVE('',#421,#253,#7364,.T.);
#7362=LINE('',#252,#7365);
#7363=LINE('',#418,#7366);
#7364=LINE('',#420,#7367);
#7365=VECTOR('',#7368,1.0);
#7366=VECTOR('',#7369,1.0);
#7367=VECTOR('',#7370,1.0);
#7368=DIRECTION('',(-0.9048270186762541,0.42577936337197203,0));
#7369=DIRECTION('',(-0.5878063643334237,0.8090016551584566,0));
#7370=DIRECTION('',(0.8763079090365882,-0.4817514385654938,0));
#7371=FACE_SURFACE('',(#7376),#7372,.T.);
#7372=PLANE('',#7373);
#7373=AXIS2_PLACEMENT_3D('',#252,#7374,#7375);
#7374=DIRECTION('',(0,0,-1));
#7375=DIRECTION('',(-0.8763079090365882,0.4817514385654938,0));
#7376=FACE_BOUND('',#7377,.T.);
#7377=EDGE_LOOP('',(#7378,#7379,#7380));
#7378=ORIENTED_EDGE('',*,*,#7381,.T.);
#7379=ORIENTED_EDGE('',*,*,#7382,.T.);
#7380=ORIENTED_EDGE('',*,*,#7383,.T.);
#7381=EDGE_CURVE('',#253,#421,#7384,.F.);
#7382=EDGE_CURVE('',#421,#423,#7385,.T.);
#7383=EDGE_CURVE('',#423,#253,#7386,.T.);
#7384=LINE('',#252,#7387);
#7385=LINE('',#420,#7388);
#7386=LINE('',#422,#7389);
#7387=VECTOR('',#7390,1.0);
#7388=VECTOR('',#7391,1.0);
#7389=VECTOR('',#7392,1.0);
#7390=DIRECTION('',(-0.8763079090365882,0.4817514385654938,0));
#7391=DIRECTION('',(-0.4817426162394886,0.8763127590642126,0));
#7392=DIRECTION('',(0.8443285480815961,-0.5358258139492945,0));
#7393=FACE_SURFACE('',(#7398),#7394,.T.);
#7394=PLANE('',#7395);
#7395=AXIS2_PLACEMENT_3D('',#252,#7396,#7397);
#7396=DIRECTION('',(0,-1,0));
#7397=DIRECTION('',(1,0,0));
#7398=FACE_BOUND('',#7399,.T.);
#7399=EDGE_LOOP('',(#7400,#7401,#7402));
#7400=ORIENTED_EDGE('',*,*,#7403,.T.);
#7401=ORIENTED_EDGE('',*,*,#7404,.T.);
#7402=ORIENTED_EDGE('',*,*,#7405,.T.);
#7403=EDGE_CURVE('',#253,#425,#7406,.F.);
#7404=EDGE_CURVE('',#425,#291,#7407,.T.);
#7405=EDGE_CURVE('',#291,#253,#7408,.T.);
#7406=LINE('',#252,#7409);
#7407=LINE('',#424,#7410);
#7408=LINE('',#290,#7411);
#7409=VECTOR('',#7412,1.0);
#7410=VECTOR('',#7413,1.0);
#7411=VECTOR('',#7414,1.0);
#7412=DIRECTION('',(1,0,0));
#7413=DIRECTION('',(0,0,1));
#7414=DIRECTION('',(-0.9870527346239429,0,-0.16039606937639073));
#7415=FACE_SURFACE('',(#7420),#7416,.T.);
#7416=PLANE('',#7417);
#7417=AXIS2_PLACEMENT_3D('',#252,#7418,#7419);
#7418=DIRECTION('',(0,0,-1));
#7419=DIRECTION('',(-0.8443285480815961,0.5358258139492945,0));
#7420=FACE_BOUND('',#7421,.T.);
#7421=EDGE_LOOP('',(#7422,#7423,#7424));
#7422=ORIENTED_EDGE('',*,*,#7425,.T.);
#7423=ORIENTED_EDGE('',*,*,#7426,.T.);
#7424=ORIENTED_EDGE('',*,*,#7427,.T.);
#7425=EDGE_CURVE('',#253,#423,#7428,.F.);
#7426=EDGE_CURVE('',#423,#427,#7429,.T.);
#7427=EDGE_CURVE('',#427,#253,#7430,.T.);
#7428=LINE('',#252,#7431);
#7429=LINE('',#422,#7432);
#7430=LINE('',#426,#7433);
#7431=VECTOR('',#7434,1.0);
#7432=VECTOR('',#7435,1.0);
#7433=VECTOR('',#7436,1.0);
#7434=DIRECTION('',(-0.8443285480815961,0.5358258139492945,0));
#7435=DIRECTION('',(-0.3680698112207702,0.9297981577030074,0));
#7436=DIRECTION('',(0.809016100493983,-0.5877864826121044,0));
#7437=FACE_SURFACE('',(#7442),#7438,.T.);
#7438=PLANE('',#7439);
#7439=AXIS2_PLACEMENT_3D('',#424,#7440,#7441);
#7440=DIRECTION('',(0,0,-1));
#7441=DIRECTION('',(-1,0,0));
#7442=FACE_BOUND('',#7443,.T.);
#7443=EDGE_LOOP('',(#7444,#7445,#7446));
#7444=ORIENTED_EDGE('',*,*,#7447,.T.);
#7445=ORIENTED_EDGE('',*,*,#7448,.T.);
#7446=ORIENTED_EDGE('',*,*,#7449,.T.);
#7447=EDGE_CURVE('',#425,#253,#7450,.F.);
#7448=EDGE_CURVE('',#253,#429,#7451,.T.);
#7449=EDGE_CURVE('',#429,#425,#7452,.T.);
#7450=LINE('',#424,#7453);
#7451=LINE('',#252,#7454);
#7452=LINE('',#428,#7455);
#7453=VECTOR('',#7456,1.0);
#7454=VECTOR('',#7457,1.0);
#7455=VECTOR('',#7458,1.0);
#7456=DIRECTION('',(-1,0,0));
#7457=DIRECTION('',(0,1,0));
#7458=DIRECTION('',(0.9850304671557042,-0.17238033175224823,0));
#7459=FACE_SURFACE('',(#7464),#7460,.T.);
#7460=PLANE('',#7461);
#7461=AXIS2_PLACEMENT_3D('',#426,#7462,#7463);
#7462=DIRECTION('',(0,0,-1));
#7463=DIRECTION('',(0.9999550666839297,0.009479694780834786,0));
#7464=FACE_BOUND('',#7465,.T.);
#7465=EDGE_LOOP('',(#7466,#7467,#7468));
#7466=ORIENTED_EDGE('',*,*,#7469,.T.);
#7467=ORIENTED_EDGE('',*,*,#7470,.T.);
#7468=ORIENTED_EDGE('',*,*,#7471,.T.);
#7469=EDGE_CURVE('',#427,#429,#7472,.F.);
#7470=EDGE_CURVE('',#429,#253,#7473,.T.);
#7471=EDGE_CURVE('',#253,#427,#7474,.T.);
#7472=LINE('',#426,#7475);
#7473=LINE('',#428,#7476);
#7474=LINE('',#252,#7477);
#7475=VECTOR('',#7478,1.0);
#7476=VECTOR('',#7479,1.0);
#7477=VECTOR('',#7480,1.0);
#7478=DIRECTION('',(0.9999550666839297,0.009479694780834786,0));
#7479=DIRECTION('',(0,-1,0));
#7480=DIRECTION('',(-0.809016100493983,0.5877864826121044,0));
#7481=FACE_SURFACE('',(#7486),#7482,.T.);
#7482=PLANE('',#7483);
#7483=AXIS2_PLACEMENT_3D('',#254,#7484,#7485);
#7484=DIRECTION('',(0.5320226882909831,-0.8467300981680264,0));
#7485=DIRECTION('',(-0.023692705012676733,-0.01488674684058315,0.9996084435906325));
#7486=FACE_BOUND('',#7487,.T.);
#7487=EDGE_LOOP('',(#7488,#7489,#7490));
#7488=ORIENTED_EDGE('',*,*,#7491,.T.);
#7489=ORIENTED_EDGE('',*,*,#7492,.T.);
#7490=ORIENTED_EDGE('',*,*,#7493,.T.);
#7491=EDGE_CURVE('',#255,#357,#7494,.F.);
#7492=EDGE_CURVE('',#357,#431,#7495,.T.);
#7493=EDGE_CURVE('',#431,#255,#7496,.T.);
#7494=LINE('',#254,#7497);
#7495=LINE('',#356,#7498);
#7496=LINE('',#430,#7499);
#7497=VECTOR('',#7500,1.0);
#7498=VECTOR('',#7501,1.0);
#7499=VECTOR('',#7502,1.0);
#7500=DIRECTION('',(-0.023692705012676733,-0.01488674684058315,0.9996084435906325));
#7501=DIRECTION('',(0,0,-1));
#7502=DIRECTION('',(0.8467300981680264,0.5320226882909831,0));
#7503=FACE_SURFACE('',(#7508),#7504,.T.);
#7504=PLANE('',#7505);
#7505=AXIS2_PLACEMENT_3D('',#430,#7506,#7507);
#7506=DIRECTION('',(-0,0,-1));
#7507=DIRECTION('',(-0.9982455944238252,-0.05920923250156051,0));
#7508=FACE_BOUND('',#7509,.T.);
#7509=EDGE_LOOP('',(#7510,#7511,#7512));
#7510=ORIENTED_EDGE('',*,*,#7513,.T.);
#7511=ORIENTED_EDGE('',*,*,#7514,.T.);
#7512=ORIENTED_EDGE('',*,*,#7515,.T.);
#7513=EDGE_CURVE('',#431,#257,#7516,.F.);
#7514=EDGE_CURVE('',#257,#255,#7517,.T.);
#7515=EDGE_CURVE('',#255,#431,#7518,.T.);
#7516=LINE('',#430,#7519);
#7517=LINE('',#256,#7520);
#7518=LINE('',#254,#7521);
#7519=VECTOR('',#7522,1.0);
#7520=VECTOR('',#7523,1.0);
#7521=VECTOR('',#7524,1.0);
#7522=DIRECTION('',(-0.9982455944238252,-0.05920923250156051,0));
#7523=DIRECTION('',(0.9952998197495281,0.09684146222851454,0));
#7524=DIRECTION('',(-0.8467300981680264,-0.5320226882909831,0));
#7525=FACE_SURFACE('',(#7530),#7526,.T.);
#7526=PLANE('',#7527);
#7527=AXIS2_PLACEMENT_3D('',#432,#7528,#7529);
#7528=DIRECTION('',(-0.9921118989301813,0.1253554147260897,0));
#7529=DIRECTION('',(0,0,1));
#7530=FACE_BOUND('',#7531,.T.);
#7531=EDGE_LOOP('',(#7532,#7533,#7534));
#7532=ORIENTED_EDGE('',*,*,#7535,.T.);
#7533=ORIENTED_EDGE('',*,*,#7536,.T.);
#7534=ORIENTED_EDGE('',*,*,#7537,.T.);
#7535=EDGE_CURVE('',#433,#359,#7538,.F.);
#7536=EDGE_CURVE('',#359,#257,#7539,.T.);
#7537=EDGE_CURVE('',#257,#433,#7540,.T.);
#7538=LINE('',#432,#7541);
#7539=LINE('',#358,#7542);
#7540=LINE('',#256,#7543);
#7541=VECTOR('',#7544,1.0);
#7542=VECTOR('',#7545,1.0);
#7543=VECTOR('',#7546,1.0);
#7544=DIRECTION('',(0,0,1));
#7545=DIRECTION('',(0.006550283829502696,0.05184151432803685,-0.9986338423936617));
#7546=DIRECTION('',(-0.1253554147260897,-0.9921118989301813,0));
#7547=FACE_SURFACE('',(#7552),#7548,.T.);
#7548=PLANE('',#7549);
#7549=AXIS2_PLACEMENT_3D('',#432,#7550,#7551);
#7550=DIRECTION('',(0,0,-1));
#7551=DIRECTION('',(0.1253554147260897,0.9921118989301813,0));
#7552=FACE_BOUND('',#7553,.T.);
#7553=EDGE_LOOP('',(#7554,#7555,#7556));
#7554=ORIENTED_EDGE('',*,*,#7557,.T.);
#7555=ORIENTED_EDGE('',*,*,#7558,.T.);
#7556=ORIENTED_EDGE('',*,*,#7559,.T.);
#7557=EDGE_CURVE('',#433,#257,#7560,.F.);
#7558=EDGE_CURVE('',#257,#435,#7561,.T.);
#7559=EDGE_CURVE('',#435,#433,#7562,.T.);
#7560=LINE('',#432,#7563);
#7561=LINE('',#256,#7564);
#7562=LINE('',#434,#7565);
#7563=VECTOR('',#7566,1.0);
#7564=VECTOR('',#7567,1.0);
#7565=VECTOR('',#7568,1.0);
#7566=DIRECTION('',(0.1253554147260897,0.9921118989301813,0));
#7567=DIRECTION('',(0.9999998999547477,-0.0004473147603888061,0));
#7568=DIRECTION('',(-0.9870137295764507,-0.16063591636861557,0));
#7569=FACE_SURFACE('',(#7574),#7570,.T.);
#7570=PLANE('',#7571);
#7571=AXIS2_PLACEMENT_3D('',#434,#7572,#7573);
#7572=DIRECTION('',(0,0,-1));
#7573=DIRECTION('',(-0.9999998999547477,0.0004473147603888061,0));
#7574=FACE_BOUND('',#7575,.T.);
#7575=EDGE_LOOP('',(#7576,#7577,#7578));
#7576=ORIENTED_EDGE('',*,*,#7579,.T.);
#7577=ORIENTED_EDGE('',*,*,#7580,.T.);
#7578=ORIENTED_EDGE('',*,*,#7581,.T.);
#7579=EDGE_CURVE('',#435,#257,#7582,.F.);
#7580=EDGE_CURVE('',#257,#431,#7583,.T.);
#7581=EDGE_CURVE('',#431,#435,#7584,.T.);
#7582=LINE('',#434,#7585);
#7583=LINE('',#256,#7586);
#7584=LINE('',#430,#7587);
#7585=VECTOR('',#7588,1.0);
#7586=VECTOR('',#7589,1.0);
#7587=VECTOR('',#7590,1.0);
#7588=DIRECTION('',(-0.9999998999547477,0.0004473147603888061,0));
#7589=DIRECTION('',(0.9982455944238252,0.05920923250156051,0));
#7590=DIRECTION('',(-0.7070886094735803,-0.7071249524325376,0));
#7591=FACE_SURFACE('',(#7596),#7592,.T.);
#7592=PLANE('',#7593);
#7593=AXIS2_PLACEMENT_3D('',#258,#7594,#7595);
#7594=DIRECTION('',(0.9298235736213973,0.3679944089304104,-0.0028700059044594562));
#7595=DIRECTION('',(0.04609936180952569,-0.10873631020994433,0.9930011398194271));
#7596=FACE_BOUND('',#7597,.T.);
#7597=EDGE_LOOP('',(#7598,#7599,#7600));
#7598=ORIENTED_EDGE('',*,*,#7601,.T.);
#7599=ORIENTED_EDGE('',*,*,#7602,.T.);
#7600=ORIENTED_EDGE('',*,*,#7603,.T.);
#7601=EDGE_CURVE('',#259,#437,#7604,.F.);
#7602=EDGE_CURVE('',#437,#261,#7605,.T.);
#7603=EDGE_CURVE('',#261,#259,#7606,.T.);
#7604=LINE('',#258,#7607);
#7605=LINE('',#436,#7608);
#7606=LINE('',#260,#7609);
#7607=VECTOR('',#7610,1.0);
#7608=VECTOR('',#7611,1.0);
#7609=VECTOR('',#7612,1.0);
#7610=DIRECTION('',(0.04609936180952569,-0.10873631020994433,0.9930011398194271));
#7611=DIRECTION('',(0.02460157702913974,-0.06993919705969812,-0.997247848391925));
#7612=DIRECTION('',(-0.3679959245125827,0.9298274030927081,0));
#7613=FACE_SURFACE('',(#7618),#7614,.T.);
#7614=PLANE('',#7615);
#7615=AXIS2_PLACEMENT_3D('',#264,#7616,#7617);
#7616=DIRECTION('',(0.8762392696509979,0.48186841965854543,-0.002751082925267199));
#7617=DIRECTION('',(0.06279674729420547,-0.10852673084479231,0.9921081177076467));
#7618=FACE_BOUND('',#7619,.T.);
#7619=EDGE_LOOP('',(#7620,#7621,#7622));
#7620=ORIENTED_EDGE('',*,*,#7623,.T.);
#7621=ORIENTED_EDGE('',*,*,#7624,.T.);
#7622=ORIENTED_EDGE('',*,*,#7625,.T.);
#7623=EDGE_CURVE('',#265,#439,#7626,.F.);
#7624=EDGE_CURVE('',#439,#259,#7627,.T.);
#7625=EDGE_CURVE('',#259,#265,#7628,.T.);
#7626=LINE('',#264,#7629);
#7627=LINE('',#438,#7630);
#7628=LINE('',#258,#7631);
#7629=VECTOR('',#7632,1.0);
#7630=VECTOR('',#7633,1.0);
#7631=VECTOR('',#7634,1.0);
#7632=DIRECTION('',(0.06279674729420547,-0.10852673084479231,0.9921081177076467));
#7633=DIRECTION('',(0.02974117679729149,-0.05977841621643102,-0.9977685119091338));
#7634=DIRECTION('',(-0.4818702431691663,0.8762425855595518,0));
#7635=FACE_SURFACE('',(#7640),#7636,.T.);
#7636=PLANE('',#7637);
#7637=AXIS2_PLACEMENT_3D('',#258,#7638,#7639);
#7638=DIRECTION('',(0.9119278848187736,0.41034227580715726,0.0025979944881378515));
#7639=DIRECTION('',(-0.02974117679729149,0.05977841621643102,0.9977685119091338));
#7640=FACE_BOUND('',#7641,.T.);
#7641=EDGE_LOOP('',(#7642,#7643,#7644));
#7642=ORIENTED_EDGE('',*,*,#7645,.T.);
#7643=ORIENTED_EDGE('',*,*,#7646,.T.);
#7644=ORIENTED_EDGE('',*,*,#7647,.T.);
#7645=EDGE_CURVE('',#259,#439,#7648,.F.);
#7646=EDGE_CURVE('',#439,#437,#7649,.T.);
#7647=EDGE_CURVE('',#437,#259,#7650,.T.);
#7648=LINE('',#258,#7651);
#7649=LINE('',#438,#7652);
#7650=LINE('',#436,#7653);
#7651=VECTOR('',#7654,1.0);
#7652=VECTOR('',#7655,1.0);
#7653=VECTOR('',#7656,1.0);
#7654=DIRECTION('',(-0.02974117679729149,0.05977841621643102,0.9977685119091338));
#7655=DIRECTION('',(0.4103436606322246,-0.9119309623973438,0));
#7656=DIRECTION('',(-0.04609936180952569,0.10873631020994433,-0.9930011398194271));
#7657=FACE_SURFACE('',(#7662),#7658,.T.);
#7658=PLANE('',#7659);
#7659=AXIS2_PLACEMENT_3D('',#440,#7660,#7661);
#7660=DIRECTION('',(0,0,-1));
#7661=DIRECTION('',(-0.9934755058373074,0.11404568953409175,0));
#7662=FACE_BOUND('',#7663,.T.);
#7663=EDGE_LOOP('',(#7664,#7665,#7666));
#7664=ORIENTED_EDGE('',*,*,#7667,.T.);
#7665=ORIENTED_EDGE('',*,*,#7668,.T.);
#7666=ORIENTED_EDGE('',*,*,#7669,.T.);
#7667=EDGE_CURVE('',#441,#263,#7670,.F.);
#7668=EDGE_CURVE('',#263,#261,#7671,.T.);
#7669=EDGE_CURVE('',#261,#441,#7672,.T.);
#7670=LINE('',#440,#7673);
#7671=LINE('',#262,#7674);
#7672=LINE('',#260,#7675);
#7673=VECTOR('',#7676,1.0);
#7674=VECTOR('',#7677,1.0);
#7675=VECTOR('',#7678,1.0);
#7676=DIRECTION('',(-0.9934755058373074,0.11404568953409175,0));
#7677=DIRECTION('',(0.9998251603231192,0.018698897958136326,0));
#7678=DIRECTION('',(0.24876073477327257,-0.9685649677925904,0));
#7679=FACE_SURFACE('',(#7684),#7680,.T.);
#7680=PLANE('',#7681);
#7681=AXIS2_PLACEMENT_3D('',#260,#7682,#7683);
#7682=DIRECTION('',(0.9685606647330561,0.24875962959985923,-0.0029808410224905824));
#7683=DIRECTION('',(0.03043034899619827,-0.10657341313069929,0.9938390722212742));
#7684=FACE_BOUND('',#7685,.T.);
#7685=EDGE_LOOP('',(#7686,#7687,#7688));
#7686=ORIENTED_EDGE('',*,*,#7689,.T.);
#7687=ORIENTED_EDGE('',*,*,#7690,.T.);
#7688=ORIENTED_EDGE('',*,*,#7691,.T.);
#7689=EDGE_CURVE('',#261,#443,#7692,.F.);
#7690=EDGE_CURVE('',#443,#441,#7693,.T.);
#7691=EDGE_CURVE('',#441,#261,#7694,.T.);
#7692=LINE('',#260,#7695);
#7693=LINE('',#442,#7696);
#7694=LINE('',#440,#7697);
#7695=VECTOR('',#7698,1.0);
#7696=VECTOR('',#7699,1.0);
#7697=VECTOR('',#7700,1.0);
#7698=DIRECTION('',(0.03043034899619827,-0.10657341313069929,0.9938390722212742));
#7699=DIRECTION('',(0.017384871221276056,-0.07963199410400178,-0.996672720489349));
#7700=DIRECTION('',(-0.24876073477327257,0.9685649677925904,0));
#7701=FACE_SURFACE('',(#7706),#7702,.T.);
#7702=PLANE('',#7703);
#7703=AXIS2_PLACEMENT_3D('',#260,#7704,#7705);
#7704=DIRECTION('',(0.9546885497281589,0.29759466884076274,0.0026806893705672527));
#7705=DIRECTION('',(-0.02460157702913974,0.06993919705969812,0.997247848391925));
#7706=FACE_BOUND('',#7707,.T.);
#7707=EDGE_LOOP('',(#7708,#7709,#7710));
#7708=ORIENTED_EDGE('',*,*,#7711,.T.);
#7709=ORIENTED_EDGE('',*,*,#7712,.T.);
#7710=ORIENTED_EDGE('',*,*,#7713,.T.);
#7711=EDGE_CURVE('',#261,#437,#7714,.F.);
#7712=EDGE_CURVE('',#437,#443,#7715,.T.);
#7713=EDGE_CURVE('',#443,#261,#7716,.T.);
#7714=LINE('',#260,#7717);
#7715=LINE('',#436,#7718);
#7716=LINE('',#442,#7719);
#7717=VECTOR('',#7720,1.0);
#7718=VECTOR('',#7721,1.0);
#7719=VECTOR('',#7722,1.0);
#7720=DIRECTION('',(-0.02460157702913974,0.06993919705969812,0.997247848391925));
#7721=DIRECTION('',(0.2975957381183812,-0.9546919799881928,0));
#7722=DIRECTION('',(-0.03043034899619827,0.10657341313069929,-0.9938390722212742));
#7723=FACE_SURFACE('',(#7728),#7724,.T.);
#7724=PLANE('',#7725);
#7725=AXIS2_PLACEMENT_3D('',#440,#7726,#7727);
#7726=DIRECTION('',(0,0,-1));
#7727=DIRECTION('',(-0.9952999267212358,0.096840362807574,0));
#7728=FACE_BOUND('',#7729,.T.);
#7729=EDGE_LOOP('',(#7730,#7731,#7732));
#7730=ORIENTED_EDGE('',*,*,#7733,.T.);
#7731=ORIENTED_EDGE('',*,*,#7734,.T.);
#7732=ORIENTED_EDGE('',*,*,#7735,.T.);
#7733=EDGE_CURVE('',#441,#285,#7736,.F.);
#7734=EDGE_CURVE('',#285,#263,#7737,.T.);
#7735=EDGE_CURVE('',#263,#441,#7738,.T.);
#7736=LINE('',#440,#7739);
#7737=LINE('',#284,#7740);
#7738=LINE('',#262,#7741);
#7739=VECTOR('',#7742,1.0);
#7740=VECTOR('',#7743,1.0);
#7741=VECTOR('',#7744,1.0);
#7742=DIRECTION('',(-0.9952999267212358,0.096840362807574,0));
#7743=DIRECTION('',(-0.9438674226046914,0.3303245200489616,0));
#7744=DIRECTION('',(0.9934755058373074,-0.11404568953409175,0));
#7745=FACE_SURFACE('',(#7750),#7746,.T.);
#7746=PLANE('',#7747);
#7747=AXIS2_PLACEMENT_3D('',#266,#7748,#7749);
#7748=DIRECTION('',(0.8090728759832752,0.5877025735382909,-0.0026012313663733504));
#7749=DIRECTION('',(0.08001114644365889,-0.10576198861520127,0.9911673008170363));
#7750=FACE_BOUND('',#7751,.T.);
#7751=EDGE_LOOP('',(#7752,#7753,#7754));
#7752=ORIENTED_EDGE('',*,*,#7755,.T.);
#7753=ORIENTED_EDGE('',*,*,#7756,.T.);
#7754=ORIENTED_EDGE('',*,*,#7757,.T.);
#7755=EDGE_CURVE('',#267,#445,#7758,.F.);
#7756=EDGE_CURVE('',#445,#265,#7759,.T.);
#7757=EDGE_CURVE('',#265,#267,#7760,.T.);
#7758=LINE('',#266,#7761);
#7759=LINE('',#444,#7762);
#7760=LINE('',#264,#7763);
#7761=VECTOR('',#7764,1.0);
#7762=VECTOR('',#7765,1.0);
#7763=VECTOR('',#7766,1.0);
#7764=DIRECTION('',(0.08001114644365889,-0.10576198861520127,0.9911673008170363));
#7765=DIRECTION('',(0.032754630577154026,-0.0495106337879257,-0.9982363604465989));
#7766=DIRECTION('',(-0.5877045618650862,0.8090756132543899,0));
#7767=FACE_SURFACE('',(#7772),#7768,.T.);
#7768=PLANE('',#7769);
#7769=AXIS2_PLACEMENT_3D('',#264,#7770,#7771);
#7770=DIRECTION('',(0.8557856769479002,0.5173248577037698,0.002422133893624461));
#7771=DIRECTION('',(-0.032754630577154026,0.0495106337879257,0.9982363604465989));
#7772=FACE_BOUND('',#7773,.T.);
#7773=EDGE_LOOP('',(#7774,#7775,#7776));
#7774=ORIENTED_EDGE('',*,*,#7777,.T.);
#7775=ORIENTED_EDGE('',*,*,#7778,.T.);
#7776=ORIENTED_EDGE('',*,*,#7779,.T.);
#7777=EDGE_CURVE('',#265,#445,#7780,.F.);
#7778=EDGE_CURVE('',#445,#439,#7781,.T.);
#7779=EDGE_CURVE('',#439,#265,#7782,.T.);
#7780=LINE('',#264,#7783);
#7781=LINE('',#444,#7784);
#7782=LINE('',#438,#7785);
#7783=VECTOR('',#7786,1.0);
#7784=VECTOR('',#7787,1.0);
#7785=VECTOR('',#7788,1.0);
#7786=DIRECTION('',(-0.032754630577154026,0.0495106337879257,0.9982363604465989));
#7787=DIRECTION('',(0.5173263752137502,-0.85578818729181,0));
#7788=DIRECTION('',(-0.06279674729420547,0.10852673084479231,-0.9921081177076467));
#7789=FACE_SURFACE('',(#7794),#7790,.T.);
#7790=PLANE('',#7791);
#7791=AXIS2_PLACEMENT_3D('',#268,#7792,#7793);
#7792=DIRECTION('',(0.7289280170368126,0.6845862081758113,-0.0023810825783304023));
#7793=DIRECTION('',(0.09744045733179976,-0.10030788453038059,0.9901735633594797));
#7794=FACE_BOUND('',#7795,.T.);
#7795=EDGE_LOOP('',(#7796,#7797,#7798));
#7796=ORIENTED_EDGE('',*,*,#7799,.T.);
#7797=ORIENTED_EDGE('',*,*,#7800,.T.);
#7798=ORIENTED_EDGE('',*,*,#7801,.T.);
#7799=EDGE_CURVE('',#269,#447,#7802,.F.);
#7800=EDGE_CURVE('',#447,#267,#7803,.T.);
#7801=EDGE_CURVE('',#267,#269,#7804,.T.);
#7802=LINE('',#268,#7805);
#7803=LINE('',#446,#7806);
#7804=LINE('',#266,#7807);
#7805=VECTOR('',#7808,1.0);
#7806=VECTOR('',#7809,1.0);
#7807=VECTOR('',#7810,1.0);
#7808=DIRECTION('',(0.09744045733179976,-0.10030788453038059,0.9901735633594797));
#7809=DIRECTION('',(0.03381839215616499,-0.039482297674777365,-0.9986478180631508));
#7810=DIRECTION('',(-0.6845881488333845,0.7289300833940657,0));
#7811=FACE_SURFACE('',(#7816),#7812,.T.);
#7812=PLANE('',#7813);
#7813=AXIS2_PLACEMENT_3D('',#266,#7814,#7815);
#7814=DIRECTION('',(0.7871385043939195,0.6167720943123076,0.002271250341362036));
#7815=DIRECTION('',(-0.03381839215616499,0.039482297674777365,0.9986478180631508));
#7816=FACE_BOUND('',#7817,.T.);
#7817=EDGE_LOOP('',(#7818,#7819,#7820));
#7818=ORIENTED_EDGE('',*,*,#7821,.T.);
#7819=ORIENTED_EDGE('',*,*,#7822,.T.);
#7820=ORIENTED_EDGE('',*,*,#7823,.T.);
#7821=EDGE_CURVE('',#267,#447,#7824,.F.);
#7822=EDGE_CURVE('',#447,#445,#7825,.T.);
#7823=EDGE_CURVE('',#445,#267,#7826,.T.);
#7824=LINE('',#266,#7827);
#7825=LINE('',#446,#7828);
#7826=LINE('',#444,#7829);
#7827=VECTOR('',#7830,1.0);
#7828=VECTOR('',#7831,1.0);
#7829=VECTOR('',#7832,1.0);
#7830=DIRECTION('',(-0.03381839215616499,0.039482297674777365,0.9986478180631508));
#7831=DIRECTION('',(0.6167736851519757,-0.787140534659505,0));
#7832=DIRECTION('',(-0.08001114644365889,0.10576198861520127,-0.9911673008170363));
#7833=FACE_SURFACE('',(#7838),#7834,.T.);
#7834=PLANE('',#7835);
#7835=AXIS2_PLACEMENT_3D('',#270,#7836,#7837);
#7836=DIRECTION('',(0.6374022904142946,0.7705281561199518,-0.0021635158881832266));
#7837=DIRECTION('',(0.11466511336171378,-0.09207685878553377,0.9891277793358825));
#7838=FACE_BOUND('',#7839,.T.);
#7839=EDGE_LOOP('',(#7840,#7841,#7842));
#7840=ORIENTED_EDGE('',*,*,#7843,.T.);
#7841=ORIENTED_EDGE('',*,*,#7844,.T.);
#7842=ORIENTED_EDGE('',*,*,#7845,.T.);
#7843=EDGE_CURVE('',#271,#449,#7846,.F.);
#7844=EDGE_CURVE('',#449,#269,#7847,.T.);
#7845=EDGE_CURVE('',#269,#271,#7848,.T.);
#7846=LINE('',#270,#7849);
#7847=LINE('',#448,#7850);
#7848=LINE('',#268,#7851);
#7849=VECTOR('',#7852,1.0);
#7850=VECTOR('',#7853,1.0);
#7851=VECTOR('',#7854,1.0);
#7852=DIRECTION('',(0.11466511336171378,-0.09207685878553377,0.9891277793358825));
#7853=DIRECTION('',(0.03291499302266072,-0.030033242607544048,-0.999006810573779));
#7854=DIRECTION('',(-0.7705299594707639,0.6374037821961703,0));
#7855=FACE_SURFACE('',(#7860),#7856,.T.);
#7856=PLANE('',#7857);
#7857=AXIS2_PLACEMENT_3D('',#268,#7858,#7859);
#7858=DIRECTION('',(0.7071356342987561,0.7070749793479942,0.0020416378056165216));
#7859=DIRECTION('',(-0.03291499302266072,0.030033242607544048,0.999006810573779));
#7860=FACE_BOUND('',#7861,.T.);
#7861=EDGE_LOOP('',(#7862,#7863,#7864));
#7862=ORIENTED_EDGE('',*,*,#7865,.T.);
#7863=ORIENTED_EDGE('',*,*,#7866,.T.);
#7864=ORIENTED_EDGE('',*,*,#7867,.T.);
#7865=EDGE_CURVE('',#269,#449,#7868,.F.);
#7866=EDGE_CURVE('',#449,#447,#7869,.T.);
#7867=EDGE_CURVE('',#447,#269,#7870,.T.);
#7868=LINE('',#268,#7871);
#7869=LINE('',#448,#7872);
#7870=LINE('',#446,#7873);
#7871=VECTOR('',#7874,1.0);
#7872=VECTOR('',#7875,1.0);
#7873=VECTOR('',#7876,1.0);
#7874=DIRECTION('',(-0.03291499302266072,0.030033242607544048,0.999006810573779));
#7875=DIRECTION('',(0.7070764529975914,-0.7071371080747672,0));
#7876=DIRECTION('',(-0.09744045733179976,0.10030788453038059,-0.9901735633594797));
#7877=FACE_SURFACE('',(#7882),#7878,.T.);
#7878=PLANE('',#7879);
#7879=AXIS2_PLACEMENT_3D('',#272,#7880,#7881);
#7880=DIRECTION('',(0.5358501293032726,0.8443109866984443,-0.0018964877973474442));
#7881=DIRECTION('',(0.13120865198901469,-0.08105351759509191,0.9880357366657786));
#7882=FACE_BOUND('',#7883,.T.);
#7883=EDGE_LOOP('',(#7884,#7885,#7886));
#7884=ORIENTED_EDGE('',*,*,#7887,.T.);
#7885=ORIENTED_EDGE('',*,*,#7888,.T.);
#7886=ORIENTED_EDGE('',*,*,#7889,.T.);
#7887=EDGE_CURVE('',#273,#451,#7890,.F.);
#7888=EDGE_CURVE('',#451,#271,#7891,.T.);
#7889=EDGE_CURVE('',#271,#273,#7892,.T.);
#7890=LINE('',#272,#7893);
#7891=LINE('',#450,#7894);
#7892=LINE('',#270,#7895);
#7893=VECTOR('',#7896,1.0);
#7894=VECTOR('',#7897,1.0);
#7895=VECTOR('',#7898,1.0);
#7896=DIRECTION('',(0.13120865198901469,-0.08105351759509191,0.9880357366657786));
#7897=DIRECTION('',(0.030297597072097456,-0.021473309322283144,-0.9993102384136802));
#7898=DIRECTION('',(-0.8443125050548351,0.5358510929428333,0));
#7899=FACE_SURFACE('',(#7904),#7900,.T.);
#7900=PLANE('',#7901);
#7901=AXIS2_PLACEMENT_3D('',#270,#7902,#7903);
#7902=DIRECTION('',(0.616725309069023,0.7871764180924924,0.0017832422134089726));
#7903=DIRECTION('',(-0.030297597072097456,0.021473309322283144,0.9993102384136802));
#7904=FACE_BOUND('',#7905,.T.);
#7905=EDGE_LOOP('',(#7906,#7907,#7908));
#7906=ORIENTED_EDGE('',*,*,#7909,.T.);
#7907=ORIENTED_EDGE('',*,*,#7910,.T.);
#7908=ORIENTED_EDGE('',*,*,#7911,.T.);
#7909=EDGE_CURVE('',#271,#451,#7912,.F.);
#7910=EDGE_CURVE('',#451,#449,#7913,.T.);
#7911=EDGE_CURVE('',#449,#271,#7914,.T.);
#7912=LINE('',#270,#7915);
#7913=LINE('',#450,#7916);
#7914=LINE('',#448,#7917);
#7915=VECTOR('',#7918,1.0);
#7916=VECTOR('',#7919,1.0);
#7917=VECTOR('',#7920,1.0);
#7918=DIRECTION('',(-0.030297597072097456,0.021473309322283144,0.9993102384136802));
#7919=DIRECTION('',(0.7871776696874015,-0.6167262896500458,0));
#7920=DIRECTION('',(-0.11466511336171378,0.09207685878553377,-0.9891277793358825));
#7921=FACE_SURFACE('',(#7926),#7922,.T.);
#7922=PLANE('',#7923);
#7923=AXIS2_PLACEMENT_3D('',#274,#7924,#7925);
#7924=DIRECTION('',(0.42577778010567824,0.9048263874939847,-0.0015781200417771535));
#7925=DIRECTION('',(0.14665551759365825,-0.06728939467388732,0.9868962947157914));
#7926=FACE_BOUND('',#7927,.T.);
#7927=EDGE_LOOP('',(#7928,#7929,#7930));
#7928=ORIENTED_EDGE('',*,*,#7931,.T.);
#7929=ORIENTED_EDGE('',*,*,#7932,.T.);
#7930=ORIENTED_EDGE('',*,*,#7933,.T.);
#7931=EDGE_CURVE('',#275,#453,#7934,.F.);
#7932=EDGE_CURVE('',#453,#273,#7935,.T.);
#7933=EDGE_CURVE('',#273,#275,#7936,.T.);
#7934=LINE('',#274,#7937);
#7935=LINE('',#452,#7938);
#7936=LINE('',#272,#7939);
#7937=VECTOR('',#7940,1.0);
#7938=VECTOR('',#7941,1.0);
#7939=VECTOR('',#7942,1.0);
#7940=DIRECTION('',(0.14665551759365825,-0.06728939467388732,0.9868962947157914));
#7941=DIRECTION('',(0.026190341496145353,-0.01406754724570766,-0.9995579873758227));
#7942=DIRECTION('',(-0.9048275142143484,0.42577831029854385,0));
#7943=FACE_SURFACE('',(#7948),#7944,.T.);
#7944=PLANE('',#7945);
#7945=AXIS2_PLACEMENT_3D('',#272,#7946,#7947);
#7946=DIRECTION('',(0.5172989344889325,0.8558034428163784,0.0015098477567676656));
#7947=DIRECTION('',(-0.026190341496145353,0.01406754724570766,0.9995579873758227));
#7948=FACE_BOUND('',#7949,.T.);
#7949=EDGE_LOOP('',(#7950,#7951,#7952));
#7950=ORIENTED_EDGE('',*,*,#7953,.T.);
#7951=ORIENTED_EDGE('',*,*,#7954,.T.);
#7952=ORIENTED_EDGE('',*,*,#7955,.T.);
#7953=EDGE_CURVE('',#273,#453,#7956,.F.);
#7954=EDGE_CURVE('',#453,#451,#7957,.T.);
#7955=EDGE_CURVE('',#451,#273,#7958,.T.);
#7956=LINE('',#272,#7959);
#7957=LINE('',#452,#7960);
#7958=LINE('',#450,#7961);
#7959=VECTOR('',#7962,1.0);
#7960=VECTOR('',#7963,1.0);
#7961=VECTOR('',#7964,1.0);
#7962=DIRECTION('',(-0.026190341496145353,0.01406754724570766,0.9995579873758227));
#7963=DIRECTION('',(0.855804418280033,-0.5172995241176765,0));
#7964=DIRECTION('',(-0.13120865198901469,0.08105351759509191,-0.9880357366657786));
#7965=FACE_SURFACE('',(#7970),#7966,.T.);
#7966=PLANE('',#7967);
#7967=AXIS2_PLACEMENT_3D('',#276,#7968,#7969);
#7968=DIRECTION('',(0.3090330836538463,0.9510504814007398,-0.0012389652198207632));
#7969=DIRECTION('',(0.16060653639184586,-0.0509031643349813,0.985705031096474));
#7970=FACE_BOUND('',#7971,.T.);
#7971=EDGE_LOOP('',(#7972,#7973,#7974));
#7972=ORIENTED_EDGE('',*,*,#7975,.T.);
#7973=ORIENTED_EDGE('',*,*,#7976,.T.);
#7974=ORIENTED_EDGE('',*,*,#7977,.T.);
#7975=EDGE_CURVE('',#277,#455,#7978,.F.);
#7976=EDGE_CURVE('',#455,#275,#7979,.T.);
#7977=EDGE_CURVE('',#275,#277,#7980,.T.);
#7978=LINE('',#276,#7981);
#7979=LINE('',#454,#7982);
#7980=LINE('',#274,#7983);
#7981=VECTOR('',#7984,1.0);
#7982=VECTOR('',#7985,1.0);
#7983=VECTOR('',#7986,1.0);
#7984=DIRECTION('',(0.16060653639184586,-0.0509031643349813,0.985705031096474));
#7985=DIRECTION('',(0.0208031137761459,-0.008062145356928743,-0.9997510851554303));
#7986=DIRECTION('',(-0.9510512113493804,0.30903332084239066,0));
#7987=FACE_SURFACE('',(#7992),#7988,.T.);
#7988=PLANE('',#7989);
#7989=AXIS2_PLACEMENT_3D('',#274,#7990,#7991);
#7990=DIRECTION('',(0.4104181894301077,0.9118966510372206,0.0011864282589614035));
#7991=DIRECTION('',(-0.0208031137761459,0.008062145356928743,0.9997510851554303));
#7992=FACE_BOUND('',#7993,.T.);
#7993=EDGE_LOOP('',(#7994,#7995,#7996));
#7994=ORIENTED_EDGE('',*,*,#7997,.T.);
#7995=ORIENTED_EDGE('',*,*,#7998,.T.);
#7996=ORIENTED_EDGE('',*,*,#7999,.T.);
#7997=EDGE_CURVE('',#275,#455,#8000,.F.);
#7998=EDGE_CURVE('',#455,#453,#8001,.T.);
#7999=EDGE_CURVE('',#453,#275,#8002,.T.);
#8000=LINE('',#274,#8003);
#8001=LINE('',#454,#8004);
#8002=LINE('',#452,#8005);
#8003=VECTOR('',#8006,1.0);
#8004=VECTOR('',#8007,1.0);
#8005=VECTOR('',#8008,1.0);
#8006=DIRECTION('',(-0.0208031137761459,0.008062145356928743,0.9997510851554303));
#8007=DIRECTION('',(0.9118972928362388,-0.4104184782851997,0));
#8008=DIRECTION('',(-0.14665551759365825,0.06728939467388732,-0.9868962947157914));
#8009=FACE_SURFACE('',(#8014),#8010,.T.);
#8010=PLANE('',#8011);
#8011=AXIS2_PLACEMENT_3D('',#276,#8012,#8013);
#8012=DIRECTION('',(0.2975149845613472,0.9547167904170447,0.0008270775284431636));
#8013=DIRECTION('',(-0.01442148206927683,0.003627904083052453,0.9998894234698602));
#8014=FACE_BOUND('',#8015,.T.);
#8015=EDGE_LOOP('',(#8016,#8017,#8018));
#8016=ORIENTED_EDGE('',*,*,#8019,.T.);
#8017=ORIENTED_EDGE('',*,*,#8020,.T.);
#8018=ORIENTED_EDGE('',*,*,#8021,.T.);
#8019=EDGE_CURVE('',#277,#279,#8022,.F.);
#8020=EDGE_CURVE('',#279,#455,#8023,.T.);
#8021=EDGE_CURVE('',#455,#277,#8024,.T.);
#8022=LINE('',#276,#8025);
#8023=LINE('',#278,#8026);
#8024=LINE('',#454,#8027);
#8025=VECTOR('',#8028,1.0);
#8026=VECTOR('',#8029,1.0);
#8027=VECTOR('',#8030,1.0);
#8028=DIRECTION('',(-0.01442148206927683,0.003627904083052453,0.9998894234698602));
#8029=DIRECTION('',(0.9547171169576777,-0.2975150863200387,0));
#8030=DIRECTION('',(-0.16060653639184586,0.0509031643349813,-0.985705031096474));
#8031=FACE_SURFACE('',(#8036),#8032,.T.);
#8032=PLANE('',#8033);
#8033=AXIS2_PLACEMENT_3D('',#278,#8034,#8035);
#8034=DIRECTION('',(0,0,1));
#8035=DIRECTION('',(-0.0060917697493081185,-0.9999814449985166,0));
#8036=FACE_BOUND('',#8037,.T.);
#8037=EDGE_LOOP('',(#8038,#8039,#8040));
#8038=ORIENTED_EDGE('',*,*,#8041,.T.);
#8039=ORIENTED_EDGE('',*,*,#8042,.T.);
#8040=ORIENTED_EDGE('',*,*,#8043,.T.);
#8041=EDGE_CURVE('',#279,#281,#8044,.F.);
#8042=EDGE_CURVE('',#281,#457,#8045,.T.);
#8043=EDGE_CURVE('',#457,#279,#8046,.T.);
#8044=LINE('',#278,#8047);
#8045=LINE('',#280,#8048);
#8046=LINE('',#456,#8049);
#8047=VECTOR('',#8050,1.0);
#8048=VECTOR('',#8051,1.0);
#8049=VECTOR('',#8052,1.0);
#8050=DIRECTION('',(-0.0060917697493081185,-0.9999814449985166,0));
#8051=DIRECTION('',(0.5320390592813571,-0.846719811625433,0));
#8052=DIRECTION('',(-0.036806237220936955,0.9993224208940956,0));
#8053=FACE_SURFACE('',(#8058),#8054,.T.);
#8054=PLANE('',#8055);
#8055=AXIS2_PLACEMENT_3D('',#456,#8056,#8057);
#8056=DIRECTION('',(-0,-0,1));
#8057=DIRECTION('',(0.3304086985508064,-0.9438379585087487,0));
#8058=FACE_BOUND('',#8059,.T.);
#8059=EDGE_LOOP('',(#8060,#8061,#8062));
#8060=ORIENTED_EDGE('',*,*,#8063,.T.);
#8061=ORIENTED_EDGE('',*,*,#8064,.T.);
#8062=ORIENTED_EDGE('',*,*,#8065,.T.);
#8063=EDGE_CURVE('',#457,#459,#8066,.F.);
#8064=EDGE_CURVE('',#459,#279,#8067,.T.);
#8065=EDGE_CURVE('',#279,#457,#8068,.T.);
#8066=LINE('',#456,#8069);
#8067=LINE('',#458,#8070);
#8068=LINE('',#278,#8071);
#8069=VECTOR('',#8072,1.0);
#8070=VECTOR('',#8073,1.0);
#8071=VECTOR('',#8074,1.0);
#8072=DIRECTION('',(0.3304086985508064,-0.9438379585087487,0));
#8073=DIRECTION('',(-0.058696424318757684,0.9982758785887759,0));
#8074=DIRECTION('',(0.036806237220936955,-0.9993224208940956,0));
#8075=FACE_SURFACE('',(#8080),#8076,.T.);
#8076=PLANE('',#8077);
#8077=AXIS2_PLACEMENT_3D('',#460,#8078,#8079);
#8078=DIRECTION('',(0,0,1));
#8079=DIRECTION('',(-0.0623779736790257,0.9980525980125992,0));
#8080=FACE_BOUND('',#8081,.T.);
#8081=EDGE_LOOP('',(#8082,#8083,#8084));
#8082=ORIENTED_EDGE('',*,*,#8085,.T.);
#8083=ORIENTED_EDGE('',*,*,#8086,.T.);
#8084=ORIENTED_EDGE('',*,*,#8087,.T.);
#8085=EDGE_CURVE('',#461,#279,#8088,.F.);
#8086=EDGE_CURVE('',#279,#459,#8089,.T.);
#8087=EDGE_CURVE('',#459,#461,#8090,.T.);
#8088=LINE('',#460,#8091);
#8089=LINE('',#278,#8092);
#8090=LINE('',#458,#8093);
#8091=VECTOR('',#8094,1.0);
#8092=VECTOR('',#8095,1.0);
#8093=VECTOR('',#8096,1.0);
#8094=DIRECTION('',(-0.0623779736790257,0.9980525980125992,0));
#8095=DIRECTION('',(0.058696424318757684,-0.9982758785887759,0));
#8096=DIRECTION('',(0.1119311429353852,-0.993715965073108,0));
#8097=FACE_SURFACE('',(#8102),#8098,.T.);
#8098=PLANE('',#8099);
#8099=AXIS2_PLACEMENT_3D('',#460,#8100,#8101);
#8100=DIRECTION('',(0,-0,1));
#8101=DIRECTION('',(0.058294931840526636,0.9982994044482388,0));
#8102=FACE_BOUND('',#8103,.T.);
#8103=EDGE_LOOP('',(#8104,#8105,#8106));
#8104=ORIENTED_EDGE('',*,*,#8107,.T.);
#8105=ORIENTED_EDGE('',*,*,#8108,.T.);
#8106=ORIENTED_EDGE('',*,*,#8109,.T.);
#8107=EDGE_CURVE('',#461,#455,#8110,.F.);
#8108=EDGE_CURVE('',#455,#279,#8111,.T.);
#8109=EDGE_CURVE('',#279,#461,#8112,.T.);
#8110=LINE('',#460,#8113);
#8111=LINE('',#454,#8114);
#8112=LINE('',#278,#8115);
#8113=VECTOR('',#8116,1.0);
#8114=VECTOR('',#8117,1.0);
#8115=VECTOR('',#8118,1.0);
#8116=DIRECTION('',(0.058294931840526636,0.9982994044482388,0));
#8117=DIRECTION('',(-0.9547171169576777,0.2975150863200387,0));
#8118=DIRECTION('',(0.0623779736790257,-0.9980525980125992,0));
#8119=FACE_SURFACE('',(#8124),#8120,.T.);
#8120=PLANE('',#8121);
#8121=AXIS2_PLACEMENT_3D('',#280,#8122,#8123);
#8122=DIRECTION('',(-0.8467198116254329,-0.5320390592813571,-0));
#8123=DIRECTION('',(0,0,-1));
#8124=FACE_BOUND('',#8125,.T.);
#8125=EDGE_LOOP('',(#8126,#8127,#8128));
#8126=ORIENTED_EDGE('',*,*,#8129,.T.);
#8127=ORIENTED_EDGE('',*,*,#8130,.T.);
#8128=ORIENTED_EDGE('',*,*,#8131,.T.);
#8129=EDGE_CURVE('',#281,#463,#8132,.F.);
#8130=EDGE_CURVE('',#463,#465,#8133,.T.);
#8131=EDGE_CURVE('',#465,#281,#8134,.T.);
#8132=LINE('',#280,#8135);
#8133=LINE('',#462,#8136);
#8134=LINE('',#464,#8137);
#8135=VECTOR('',#8138,1.0);
#8136=VECTOR('',#8139,1.0);
#8137=VECTOR('',#8140,1.0);
#8138=DIRECTION('',(0,0,-1));
#8139=DIRECTION('',(0.5320390592813571,-0.846719811625433,0));
#8140=DIRECTION('',(-0.05469662482123792,0.08704758618237857,0.9947014612299442));
#8141=FACE_SURFACE('',(#8146),#8142,.T.);
#8142=PLANE('',#8143);
#8143=AXIS2_PLACEMENT_3D('',#280,#8144,#8145);
#8144=DIRECTION('',(-0.8467198116254329,-0.5320390592813571,0));
#8145=DIRECTION('',(0.05469662482123792,-0.08704758618237857,-0.9947014612299442));
#8146=FACE_BOUND('',#8147,.T.);
#8147=EDGE_LOOP('',(#8148,#8149,#8150));
#8148=ORIENTED_EDGE('',*,*,#8151,.T.);
#8149=ORIENTED_EDGE('',*,*,#8152,.T.);
#8150=ORIENTED_EDGE('',*,*,#8153,.T.);
#8151=EDGE_CURVE('',#281,#465,#8154,.F.);
#8152=EDGE_CURVE('',#465,#457,#8155,.T.);
#8153=EDGE_CURVE('',#457,#281,#8156,.T.);
#8154=LINE('',#280,#8157);
#8155=LINE('',#464,#8158);
#8156=LINE('',#456,#8159);
#8157=VECTOR('',#8160,1.0);
#8158=VECTOR('',#8161,1.0);
#8159=VECTOR('',#8162,1.0);
#8160=DIRECTION('',(0.05469662482123792,-0.08704758618237857,-0.9947014612299442));
#8161=DIRECTION('',(0,0,1));
#8162=DIRECTION('',(-0.5320390592813571,0.846719811625433,0));
#8163=FACE_SURFACE('',(#8168),#8164,.T.);
#8164=PLANE('',#8165);
#8165=AXIS2_PLACEMENT_3D('',#282,#8166,#8167);
#8166=DIRECTION('',(-0.7071976420853088,-0.7070159086109588,0));
#8167=DIRECTION('',(0.07267488822995267,-0.07269356879961902,-0.9947029735935945));
#8168=FACE_BOUND('',#8169,.T.);
#8169=EDGE_LOOP('',(#8170,#8171,#8172));
#8170=ORIENTED_EDGE('',*,*,#8173,.T.);
#8171=ORIENTED_EDGE('',*,*,#8174,.T.);
#8172=ORIENTED_EDGE('',*,*,#8175,.T.);
#8173=EDGE_CURVE('',#283,#463,#8176,.F.);
#8174=EDGE_CURVE('',#463,#281,#8177,.T.);
#8175=EDGE_CURVE('',#281,#283,#8178,.T.);
#8176=LINE('',#282,#8179);
#8177=LINE('',#462,#8180);
#8178=LINE('',#280,#8181);
#8179=VECTOR('',#8182,1.0);
#8180=VECTOR('',#8183,1.0);
#8181=VECTOR('',#8184,1.0);
#8182=DIRECTION('',(0.07267488822995267,-0.07269356879961902,-0.9947029735935945));
#8183=DIRECTION('',(0,0,1));
#8184=DIRECTION('',(-0.7070159086109588,0.7071976420853087,0));
#8185=FACE_SURFACE('',(#8190),#8186,.T.);
#8186=PLANE('',#8187);
#8187=AXIS2_PLACEMENT_3D('',#282,#8188,#8189);
#8188=DIRECTION('',(-0.7071976420853088,-0.7070159086109588,-0));
#8189=DIRECTION('',(0,0,-1));
#8190=FACE_BOUND('',#8191,.T.);
#8191=EDGE_LOOP('',(#8192,#8193,#8194));
#8192=ORIENTED_EDGE('',*,*,#8195,.T.);
#8193=ORIENTED_EDGE('',*,*,#8196,.T.);
#8194=ORIENTED_EDGE('',*,*,#8197,.T.);
#8195=EDGE_CURVE('',#283,#287,#8198,.F.);
#8196=EDGE_CURVE('',#287,#463,#8199,.T.);
#8197=EDGE_CURVE('',#463,#283,#8200,.T.);
#8198=LINE('',#282,#8201);
#8199=LINE('',#286,#8202);
#8200=LINE('',#462,#8203);
#8201=VECTOR('',#8204,1.0);
#8202=VECTOR('',#8205,1.0);
#8203=VECTOR('',#8206,1.0);
#8204=DIRECTION('',(0,0,-1));
#8205=DIRECTION('',(0.7070159086109588,-0.7071976420853087,0));
#8206=DIRECTION('',(-0.07267488822995267,0.07269356879961902,0.9947029735935945));
#8207=FACE_SURFACE('',(#8212),#8208,.T.);
#8208=PLANE('',#8209);
#8209=AXIS2_PLACEMENT_3D('',#286,#8210,#8211);
#8210=DIRECTION('',(0,0,-1));
#8211=DIRECTION('',(-0.8467712348442401,0.531957212415022,0));
#8212=FACE_BOUND('',#8213,.T.);
#8213=EDGE_LOOP('',(#8214,#8215,#8216));
#8214=ORIENTED_EDGE('',*,*,#8217,.T.);
#8215=ORIENTED_EDGE('',*,*,#8218,.T.);
#8216=ORIENTED_EDGE('',*,*,#8219,.T.);
#8217=EDGE_CURVE('',#287,#285,#8220,.F.);
#8218=EDGE_CURVE('',#285,#441,#8221,.T.);
#8219=EDGE_CURVE('',#441,#287,#8222,.T.);
#8220=LINE('',#286,#8223);
#8221=LINE('',#284,#8224);
#8222=LINE('',#440,#8225);
#8223=VECTOR('',#8226,1.0);
#8224=VECTOR('',#8227,1.0);
#8225=VECTOR('',#8228,1.0);
#8226=DIRECTION('',(-0.8467712348442401,0.531957212415022,0));
#8227=DIRECTION('',(0.9952999267212358,-0.096840362807574,0));
#8228=DIRECTION('',(-0.9982455944238252,0.05920923250156051,0));
#8229=FACE_SURFACE('',(#8234),#8230,.T.);
#8230=PLANE('',#8231);
#8231=AXIS2_PLACEMENT_3D('',#440,#8232,#8233);
#8232=DIRECTION('',(-0,0,-1));
#8233=DIRECTION('',(-0.9999998999573608,-0.0004473089184074444,0));
#8234=FACE_BOUND('',#8235,.T.);
#8235=EDGE_LOOP('',(#8236,#8237,#8238));
#8236=ORIENTED_EDGE('',*,*,#8239,.T.);
#8237=ORIENTED_EDGE('',*,*,#8240,.T.);
#8238=ORIENTED_EDGE('',*,*,#8241,.T.);
#8239=EDGE_CURVE('',#441,#463,#8242,.F.);
#8240=EDGE_CURVE('',#463,#287,#8243,.T.);
#8241=EDGE_CURVE('',#287,#441,#8244,.T.);
#8242=LINE('',#440,#8245);
#8243=LINE('',#462,#8246);
#8244=LINE('',#286,#8247);
#8245=VECTOR('',#8248,1.0);
#8246=VECTOR('',#8249,1.0);
#8247=VECTOR('',#8250,1.0);
#8248=DIRECTION('',(-0.9999998999573608,-0.0004473089184074444,0));
#8249=DIRECTION('',(-0.7070159086109588,0.7071976420853087,0));
#8250=DIRECTION('',(0.9982455944238252,-0.05920923250156051,0));
#8251=FACE_SURFACE('',(#8256),#8252,.T.);
#8252=PLANE('',#8253);
#8253=AXIS2_PLACEMENT_3D('',#288,#8254,#8255);
#8254=DIRECTION('',(0.9937155097437798,0.11193518523976306,0));
#8255=DIRECTION('',(0,0,-1));
#8256=FACE_BOUND('',#8257,.T.);
#8257=EDGE_LOOP('',(#8258,#8259,#8260));
#8258=ORIENTED_EDGE('',*,*,#8261,.T.);
#8259=ORIENTED_EDGE('',*,*,#8262,.T.);
#8260=ORIENTED_EDGE('',*,*,#8263,.T.);
#8261=EDGE_CURVE('',#289,#467,#8264,.F.);
#8262=EDGE_CURVE('',#467,#307,#8265,.T.);
#8263=EDGE_CURVE('',#307,#289,#8266,.T.);
#8264=LINE('',#288,#8267);
#8265=LINE('',#466,#8268);
#8266=LINE('',#306,#8269);
#8267=VECTOR('',#8270,1.0);
#8268=VECTOR('',#8271,1.0);
#8269=VECTOR('',#8272,1.0);
#8270=DIRECTION('',(0,0,-1));
#8271=DIRECTION('',(-0.11193518523976306,0.9937155097437796,0));
#8272=DIRECTION('',(0.01150721718947475,-0.10215644143240522,0.9947017871836874));
#8273=FACE_SURFACE('',(#8278),#8274,.T.);
#8274=PLANE('',#8275);
#8275=AXIS2_PLACEMENT_3D('',#294,#8276,#8277);
#8276=DIRECTION('',(0.9438832833912708,0.3302791960364958,0));
#8277=DIRECTION('',(-0.033953760444675005,0.09703422824263856,-0.9947017144355494));
#8278=FACE_BOUND('',#8279,.T.);
#8279=EDGE_LOOP('',(#8280,#8281,#8282));
#8280=ORIENTED_EDGE('',*,*,#8283,.T.);
#8281=ORIENTED_EDGE('',*,*,#8284,.T.);
#8282=ORIENTED_EDGE('',*,*,#8285,.T.);
#8283=EDGE_CURVE('',#295,#467,#8286,.F.);
#8284=EDGE_CURVE('',#467,#289,#8287,.T.);
#8285=EDGE_CURVE('',#289,#295,#8288,.T.);
#8286=LINE('',#294,#8289);
#8287=LINE('',#466,#8290);
#8288=LINE('',#288,#8291);
#8289=VECTOR('',#8292,1.0);
#8290=VECTOR('',#8293,1.0);
#8291=VECTOR('',#8294,1.0);
#8292=DIRECTION('',(-0.033953760444675005,0.09703422824263856,-0.9947017144355494));
#8293=DIRECTION('',(0,0,1));
#8294=DIRECTION('',(0.3302791960364958,-0.9438832833912708,0));
#8295=FACE_SURFACE('',(#8300),#8296,.T.);
#8296=PLANE('',#8297);
#8297=AXIS2_PLACEMENT_3D('',#290,#8298,#8299);
#8298=DIRECTION('',(0.06039433476329287,-0.9981745961145773,0));
#8299=DIRECTION('',(0,0,-1));
#8300=FACE_BOUND('',#8301,.T.);
#8301=EDGE_LOOP('',(#8302,#8303,#8304));
#8302=ORIENTED_EDGE('',*,*,#8305,.T.);
#8303=ORIENTED_EDGE('',*,*,#8306,.T.);
#8304=ORIENTED_EDGE('',*,*,#8307,.T.);
#8305=EDGE_CURVE('',#291,#425,#8308,.F.);
#8306=EDGE_CURVE('',#425,#469,#8309,.T.);
#8307=EDGE_CURVE('',#469,#291,#8310,.T.);
#8308=LINE('',#290,#8311);
#8309=LINE('',#424,#8312);
#8310=LINE('',#468,#8313);
#8311=VECTOR('',#8314,1.0);
#8312=VECTOR('',#8315,1.0);
#8313=VECTOR('',#8316,1.0);
#8314=DIRECTION('',(0,0,-1));
#8315=DIRECTION('',(0.18230774023304183,0.011030489792499107,0.9831796459172958));
#8316=DIRECTION('',(-0.9981745961145772,-0.06039433476329286,0));
#8317=FACE_SURFACE('',(#8322),#8318,.T.);
#8318=PLANE('',#8319);
#8319=AXIS2_PLACEMENT_3D('',#468,#8320,#8321);
#8320=DIRECTION('',(0,0,1));
#8321=DIRECTION('',(-0.07656278202664223,0.9970647623942694,0));
#8322=FACE_BOUND('',#8323,.T.);
#8323=EDGE_LOOP('',(#8324,#8325,#8326));
#8324=ORIENTED_EDGE('',*,*,#8327,.T.);
#8325=ORIENTED_EDGE('',*,*,#8328,.T.);
#8326=ORIENTED_EDGE('',*,*,#8329,.T.);
#8327=EDGE_CURVE('',#469,#471,#8330,.F.);
#8328=EDGE_CURVE('',#471,#291,#8331,.T.);
#8329=EDGE_CURVE('',#291,#469,#8332,.T.);
#8330=LINE('',#468,#8333);
#8331=LINE('',#470,#8334);
#8332=LINE('',#290,#8335);
#8333=VECTOR('',#8336,1.0);
#8334=VECTOR('',#8337,1.0);
#8335=VECTOR('',#8338,1.0);
#8336=DIRECTION('',(-0.07656278202664223,0.9970647623942694,0));
#8337=DIRECTION('',(-0.09393685732649198,-0.9955781570703639,0));
#8338=DIRECTION('',(0.9981745961145772,0.06039433476329286,0));
#8339=FACE_SURFACE('',(#8344),#8340,.T.);
#8340=PLANE('',#8341);
#8341=AXIS2_PLACEMENT_3D('',#470,#8342,#8343);
#8342=DIRECTION('',(0,0,1));
#8343=DIRECTION('',(-0.993707878228397,-0.11200291401038326,0));
#8344=FACE_BOUND('',#8345,.T.);
#8345=EDGE_LOOP('',(#8346,#8347,#8348));
#8346=ORIENTED_EDGE('',*,*,#8349,.T.);
#8347=ORIENTED_EDGE('',*,*,#8350,.T.);
#8348=ORIENTED_EDGE('',*,*,#8351,.T.);
#8349=EDGE_CURVE('',#471,#293,#8352,.F.);
#8350=EDGE_CURVE('',#293,#291,#8353,.T.);
#8351=EDGE_CURVE('',#291,#471,#8354,.T.);
#8352=LINE('',#470,#8355);
#8353=LINE('',#292,#8356);
#8354=LINE('',#290,#8357);
#8355=VECTOR('',#8358,1.0);
#8356=VECTOR('',#8359,1.0);
#8357=VECTOR('',#8360,1.0);
#8358=DIRECTION('',(-0.993707878228397,-0.11200291401038326,0));
#8359=DIRECTION('',(0,-1,0));
#8360=DIRECTION('',(0.09393685732649198,0.9955781570703639,0));
#8361=FACE_SURFACE('',(#8366),#8362,.T.);
#8362=PLANE('',#8363);
#8363=AXIS2_PLACEMENT_3D('',#292,#8364,#8365);
#8364=DIRECTION('',(0.11200291401038326,0.993707878228397,0));
#8365=DIRECTION('',(0,0,-1));
#8366=FACE_BOUND('',#8367,.T.);
#8367=EDGE_LOOP('',(#8368,#8369,#8370));
#8368=ORIENTED_EDGE('',*,*,#8371,.T.);
#8369=ORIENTED_EDGE('',*,*,#8372,.T.);
#8370=ORIENTED_EDGE('',*,*,#8373,.T.);
#8371=EDGE_CURVE('',#293,#473,#8374,.F.);
#8372=EDGE_CURVE('',#473,#475,#8375,.T.);
#8373=EDGE_CURVE('',#475,#293,#8376,.T.);
#8374=LINE('',#292,#8377);
#8375=LINE('',#472,#8378);
#8376=LINE('',#474,#8379);
#8377=VECTOR('',#8380,1.0);
#8378=VECTOR('',#8381,1.0);
#8379=VECTOR('',#8382,1.0);
#8380=DIRECTION('',(0,0,-1));
#8381=DIRECTION('',(-0.993707878228397,0.11200291401038326,0));
#8382=DIRECTION('',(0.10216012976292974,-0.011514684023162282,0.9947013219749273));
#8383=FACE_SURFACE('',(#8388),#8384,.T.);
#8384=PLANE('',#8385);
#8385=AXIS2_PLACEMENT_3D('',#292,#8386,#8387);
#8386=DIRECTION('',(0.11200291401038326,0.993707878228397,0));
#8387=DIRECTION('',(-0.10216012976292974,0.011514684023162282,-0.9947013219749273));
#8388=FACE_BOUND('',#8389,.T.);
#8389=EDGE_LOOP('',(#8390,#8391,#8392));
#8390=ORIENTED_EDGE('',*,*,#8393,.T.);
#8391=ORIENTED_EDGE('',*,*,#8394,.T.);
#8392=ORIENTED_EDGE('',*,*,#8395,.T.);
#8393=EDGE_CURVE('',#293,#475,#8396,.F.);
#8394=EDGE_CURVE('',#475,#297,#8397,.T.);
#8395=EDGE_CURVE('',#297,#293,#8398,.T.);
#8396=LINE('',#292,#8399);
#8397=LINE('',#474,#8400);
#8398=LINE('',#296,#8401);
#8399=VECTOR('',#8402,1.0);
#8400=VECTOR('',#8403,1.0);
#8401=VECTOR('',#8404,1.0);
#8402=DIRECTION('',(-0.10216012976292974,0.011514684023162282,-0.9947013219749273));
#8403=DIRECTION('',(0,0,1));
#8404=DIRECTION('',(0.993707878228397,-0.11200291401038326,0));
#8405=FACE_SURFACE('',(#8410),#8406,.T.);
#8406=PLANE('',#8407);
#8407=AXIS2_PLACEMENT_3D('',#470,#8408,#8409);
#8408=DIRECTION('',(-0.11200291401038326,0.993707878228397,0));
#8409=DIRECTION('',(-0.10216012976292974,-0.011514684023162282,-0.9947013219749273));
#8410=FACE_BOUND('',#8411,.T.);
#8411=EDGE_LOOP('',(#8412,#8413,#8414));
#8412=ORIENTED_EDGE('',*,*,#8415,.T.);
#8413=ORIENTED_EDGE('',*,*,#8416,.T.);
#8414=ORIENTED_EDGE('',*,*,#8417,.T.);
#8415=EDGE_CURVE('',#471,#473,#8418,.F.);
#8416=EDGE_CURVE('',#473,#293,#8419,.T.);
#8417=EDGE_CURVE('',#293,#471,#8420,.T.);
#8418=LINE('',#470,#8421);
#8419=LINE('',#472,#8422);
#8420=LINE('',#292,#8423);
#8421=VECTOR('',#8424,1.0);
#8422=VECTOR('',#8425,1.0);
#8423=VECTOR('',#8426,1.0);
#8424=DIRECTION('',(-0.10216012976292974,-0.011514684023162282,-0.9947013219749273));
#8425=DIRECTION('',(0,0,1));
#8426=DIRECTION('',(0.993707878228397,0.11200291401038326,0));
#8427=FACE_SURFACE('',(#8432),#8428,.T.);
#8428=PLANE('',#8429);
#8429=AXIS2_PLACEMENT_3D('',#294,#8430,#8431);
#8430=DIRECTION('',(0.9438832833912708,0.3302791960364958,0));
#8431=DIRECTION('',(0,0,-1));
#8432=FACE_BOUND('',#8433,.T.);
#8433=EDGE_LOOP('',(#8434,#8435,#8436));
#8434=ORIENTED_EDGE('',*,*,#8437,.T.);
#8435=ORIENTED_EDGE('',*,*,#8438,.T.);
#8436=ORIENTED_EDGE('',*,*,#8439,.T.);
#8437=EDGE_CURVE('',#295,#477,#8440,.F.);
#8438=EDGE_CURVE('',#477,#467,#8441,.T.);
#8439=EDGE_CURVE('',#467,#295,#8442,.T.);
#8440=LINE('',#294,#8443);
#8441=LINE('',#476,#8444);
#8442=LINE('',#466,#8445);
#8443=VECTOR('',#8446,1.0);
#8444=VECTOR('',#8447,1.0);
#8445=VECTOR('',#8448,1.0);
#8446=DIRECTION('',(0,0,-1));
#8447=DIRECTION('',(-0.3302791960364958,0.9438832833912708,0));
#8448=DIRECTION('',(0.033953760444675005,-0.09703422824263856,0.9947017144355494));
#8449=FACE_SURFACE('',(#8454),#8450,.T.);
#8450=PLANE('',#8451);
#8451=AXIS2_PLACEMENT_3D('',#298,#8452,#8453);
#8452=DIRECTION('',(0.8467198116254329,0.5320390592813571,0));
#8453=DIRECTION('',(-0.05469662482123792,0.08704758618237857,-0.9947014612299442));
#8454=FACE_BOUND('',#8455,.T.);
#8455=EDGE_LOOP('',(#8456,#8457,#8458));
#8456=ORIENTED_EDGE('',*,*,#8459,.T.);
#8457=ORIENTED_EDGE('',*,*,#8460,.T.);
#8458=ORIENTED_EDGE('',*,*,#8461,.T.);
#8459=EDGE_CURVE('',#299,#477,#8462,.F.);
#8460=EDGE_CURVE('',#477,#295,#8463,.T.);
#8461=EDGE_CURVE('',#295,#299,#8464,.T.);
#8462=LINE('',#298,#8465);
#8463=LINE('',#476,#8466);
#8464=LINE('',#294,#8467);
#8465=VECTOR('',#8468,1.0);
#8466=VECTOR('',#8469,1.0);
#8467=VECTOR('',#8470,1.0);
#8468=DIRECTION('',(-0.05469662482123792,0.08704758618237857,-0.9947014612299442));
#8469=DIRECTION('',(0,0,1));
#8470=DIRECTION('',(0.5320390592813571,-0.846719811625433,0));
#8471=FACE_SURFACE('',(#8476),#8472,.T.);
#8472=PLANE('',#8473);
#8473=AXIS2_PLACEMENT_3D('',#296,#8474,#8475);
#8474=DIRECTION('',(0.3302791960364958,0.9438832833912708,0));
#8475=DIRECTION('',(0,0,-1));
#8476=FACE_BOUND('',#8477,.T.);
#8477=EDGE_LOOP('',(#8478,#8479,#8480));
#8478=ORIENTED_EDGE('',*,*,#8481,.T.);
#8479=ORIENTED_EDGE('',*,*,#8482,.T.);
#8480=ORIENTED_EDGE('',*,*,#8483,.T.);
#8481=EDGE_CURVE('',#297,#475,#8484,.F.);
#8482=EDGE_CURVE('',#475,#479,#8485,.T.);
#8483=EDGE_CURVE('',#479,#297,#8486,.T.);
#8484=LINE('',#296,#8487);
#8485=LINE('',#474,#8488);
#8486=LINE('',#478,#8489);
#8487=VECTOR('',#8490,1.0);
#8488=VECTOR('',#8491,1.0);
#8489=VECTOR('',#8492,1.0);
#8490=DIRECTION('',(0,0,-1));
#8491=DIRECTION('',(-0.9438832833912708,0.3302791960364958,0));
#8492=DIRECTION('',(0.09703422824263856,-0.033953760444675005,0.9947017144355494));
#8493=FACE_SURFACE('',(#8498),#8494,.T.);
#8494=PLANE('',#8495);
#8495=AXIS2_PLACEMENT_3D('',#296,#8496,#8497);
#8496=DIRECTION('',(0.3302791960364958,0.9438832833912708,0));
#8497=DIRECTION('',(-0.09703422824263856,0.033953760444675005,-0.9947017144355494));
#8498=FACE_BOUND('',#8499,.T.);
#8499=EDGE_LOOP('',(#8500,#8501,#8502));
#8500=ORIENTED_EDGE('',*,*,#8503,.T.);
#8501=ORIENTED_EDGE('',*,*,#8504,.T.);
#8502=ORIENTED_EDGE('',*,*,#8505,.T.);
#8503=EDGE_CURVE('',#297,#479,#8506,.F.);
#8504=EDGE_CURVE('',#479,#301,#8507,.T.);
#8505=EDGE_CURVE('',#301,#297,#8508,.T.);
#8506=LINE('',#296,#8509);
#8507=LINE('',#478,#8510);
#8508=LINE('',#300,#8511);
#8509=VECTOR('',#8512,1.0);
#8510=VECTOR('',#8513,1.0);
#8511=VECTOR('',#8514,1.0);
#8512=DIRECTION('',(-0.09703422824263856,0.033953760444675005,-0.9947017144355494));
#8513=DIRECTION('',(0,0,1));
#8514=DIRECTION('',(0.9438832833912708,-0.3302791960364958,0));
#8515=FACE_SURFACE('',(#8520),#8516,.T.);
#8516=PLANE('',#8517);
#8517=AXIS2_PLACEMENT_3D('',#298,#8518,#8519);
#8518=DIRECTION('',(0.8467198116254329,0.5320390592813571,0));
#8519=DIRECTION('',(0,0,-1));
#8520=FACE_BOUND('',#8521,.T.);
#8521=EDGE_LOOP('',(#8522,#8523,#8524));
#8522=ORIENTED_EDGE('',*,*,#8525,.T.);
#8523=ORIENTED_EDGE('',*,*,#8526,.T.);
#8524=ORIENTED_EDGE('',*,*,#8527,.T.);
#8525=EDGE_CURVE('',#299,#481,#8528,.F.);
#8526=EDGE_CURVE('',#481,#477,#8529,.T.);
#8527=EDGE_CURVE('',#477,#299,#8530,.T.);
#8528=LINE('',#298,#8531);
#8529=LINE('',#480,#8532);
#8530=LINE('',#476,#8533);
#8531=VECTOR('',#8534,1.0);
#8532=VECTOR('',#8535,1.0);
#8533=VECTOR('',#8536,1.0);
#8534=DIRECTION('',(0,0,-1));
#8535=DIRECTION('',(-0.5320390592813571,0.846719811625433,0));
#8536=DIRECTION('',(0.05469662482123792,-0.08704758618237857,0.9947014612299442));
#8537=FACE_SURFACE('',(#8542),#8538,.T.);
#8538=PLANE('',#8539);
#8539=AXIS2_PLACEMENT_3D('',#302,#8540,#8541);
#8540=DIRECTION('',(0.7071249524325377,0.7070886094735803,0));
#8541=DIRECTION('',(-0.07268975373024036,0.07269348984011548,-0.9947018931506576));
#8542=FACE_BOUND('',#8543,.T.);
#8543=EDGE_LOOP('',(#8544,#8545,#8546));
#8544=ORIENTED_EDGE('',*,*,#8547,.T.);
#8545=ORIENTED_EDGE('',*,*,#8548,.T.);
#8546=ORIENTED_EDGE('',*,*,#8549,.T.);
#8547=EDGE_CURVE('',#303,#481,#8550,.F.);
#8548=EDGE_CURVE('',#481,#299,#8551,.T.);
#8549=EDGE_CURVE('',#299,#303,#8552,.T.);
#8550=LINE('',#302,#8553);
#8551=LINE('',#480,#8554);
#8552=LINE('',#298,#8555);
#8553=VECTOR('',#8556,1.0);
#8554=VECTOR('',#8557,1.0);
#8555=VECTOR('',#8558,1.0);
#8556=DIRECTION('',(-0.07268975373024036,0.07269348984011548,-0.9947018931506576));
#8557=DIRECTION('',(0,0,1));
#8558=DIRECTION('',(0.7070886094735803,-0.7071249524325376,0));
#8559=FACE_SURFACE('',(#8564),#8560,.T.);
#8560=PLANE('',#8561);
#8561=AXIS2_PLACEMENT_3D('',#300,#8562,#8563);
#8562=DIRECTION('',(0.5319966332556344,0.8467464686697371,0));
#8563=DIRECTION('',(0,0,-1));
#8564=FACE_BOUND('',#8565,.T.);
#8565=EDGE_LOOP('',(#8566,#8567,#8568));
#8566=ORIENTED_EDGE('',*,*,#8569,.T.);
#8567=ORIENTED_EDGE('',*,*,#8570,.T.);
#8568=ORIENTED_EDGE('',*,*,#8571,.T.);
#8569=EDGE_CURVE('',#301,#479,#8572,.F.);
#8570=EDGE_CURVE('',#479,#483,#8573,.T.);
#8571=EDGE_CURVE('',#483,#301,#8574,.T.);
#8572=LINE('',#300,#8575);
#8573=LINE('',#478,#8576);
#8574=LINE('',#482,#8577);
#8575=VECTOR('',#8578,1.0);
#8576=VECTOR('',#8579,1.0);
#8577=VECTOR('',#8580,1.0);
#8578=DIRECTION('',(0,0,-1));
#8579=DIRECTION('',(-0.8467464686697371,0.5319966332556344,0));
#8580=DIRECTION('',(0.08705131176781268,-0.054692882101674244,0.9947013409898047));
#8581=FACE_SURFACE('',(#8586),#8582,.T.);
#8582=PLANE('',#8583);
#8583=AXIS2_PLACEMENT_3D('',#300,#8584,#8585);
#8584=DIRECTION('',(0.5319966332556344,0.8467464686697371,0));
#8585=DIRECTION('',(-0.08705131176781268,0.054692882101674244,-0.9947013409898047));
#8586=FACE_BOUND('',#8587,.T.);
#8587=EDGE_LOOP('',(#8588,#8589,#8590));
#8588=ORIENTED_EDGE('',*,*,#8591,.T.);
#8589=ORIENTED_EDGE('',*,*,#8592,.T.);
#8590=ORIENTED_EDGE('',*,*,#8593,.T.);
#8591=EDGE_CURVE('',#301,#483,#8594,.F.);
#8592=EDGE_CURVE('',#483,#303,#8595,.T.);
#8593=EDGE_CURVE('',#303,#301,#8596,.T.);
#8594=LINE('',#300,#8597);
#8595=LINE('',#482,#8598);
#8596=LINE('',#302,#8599);
#8597=VECTOR('',#8600,1.0);
#8598=VECTOR('',#8601,1.0);
#8599=VECTOR('',#8602,1.0);
#8600=DIRECTION('',(-0.08705131176781268,0.054692882101674244,-0.9947013409898047));
#8601=DIRECTION('',(0,0,1));
#8602=DIRECTION('',(0.8467464686697371,-0.5319966332556344,0));
#8603=FACE_SURFACE('',(#8608),#8604,.T.);
#8604=PLANE('',#8605);
#8605=AXIS2_PLACEMENT_3D('',#302,#8606,#8607);
#8606=DIRECTION('',(0.7071249524325377,0.7070886094735803,0));
#8607=DIRECTION('',(0,0,-1));
#8608=FACE_BOUND('',#8609,.T.);
#8609=EDGE_LOOP('',(#8610,#8611,#8612));
#8610=ORIENTED_EDGE('',*,*,#8613,.T.);
#8611=ORIENTED_EDGE('',*,*,#8614,.T.);
#8612=ORIENTED_EDGE('',*,*,#8615,.T.);
#8613=EDGE_CURVE('',#303,#483,#8616,.F.);
#8614=EDGE_CURVE('',#483,#481,#8617,.T.);
#8615=EDGE_CURVE('',#481,#303,#8618,.T.);
#8616=LINE('',#302,#8619);
#8617=LINE('',#482,#8620);
#8618=LINE('',#480,#8621);
#8619=VECTOR('',#8622,1.0);
#8620=VECTOR('',#8623,1.0);
#8621=VECTOR('',#8624,1.0);
#8622=DIRECTION('',(0,0,-1));
#8623=DIRECTION('',(-0.7070886094735803,0.7071249524325376,0));
#8624=DIRECTION('',(0.07268975373024036,-0.07269348984011548,0.9947018931506576));
#8625=FACE_SURFACE('',(#8630),#8626,.T.);
#8626=PLANE('',#8627);
#8627=AXIS2_PLACEMENT_3D('',#304,#8628,#8629);
#8628=DIRECTION('',(0,0,-1));
#8629=DIRECTION('',(-1,0,0));
#8630=FACE_BOUND('',#8631,.T.);
#8631=EDGE_LOOP('',(#8632,#8633,#8634));
#8632=ORIENTED_EDGE('',*,*,#8635,.T.);
#8633=ORIENTED_EDGE('',*,*,#8636,.T.);
#8634=ORIENTED_EDGE('',*,*,#8637,.T.);
#8635=EDGE_CURVE('',#305,#485,#8638,.F.);
#8636=EDGE_CURVE('',#485,#487,#8639,.T.);
#8637=EDGE_CURVE('',#487,#305,#8640,.T.);
#8638=LINE('',#304,#8641);
#8639=LINE('',#484,#8642);
#8640=LINE('',#486,#8643);
#8641=VECTOR('',#8644,1.0);
#8642=VECTOR('',#8645,1.0);
#8643=VECTOR('',#8646,1.0);
#8644=DIRECTION('',(-1,0,0));
#8645=DIRECTION('',(-0.3304086985508064,0.9438379585087487,0));
#8646=DIRECTION('',(0.9998298894368591,-0.01844429962557789,0));
#8647=FACE_SURFACE('',(#8652),#8648,.T.);
#8648=PLANE('',#8649);
#8649=AXIS2_PLACEMENT_3D('',#304,#8650,#8651);
#8650=DIRECTION('',(0,0,-1));
#8651=DIRECTION('',(-0.9998298894368591,0.01844429962557789,0));
#8652=FACE_BOUND('',#8653,.T.);
#8653=EDGE_LOOP('',(#8654,#8655,#8656));
#8654=ORIENTED_EDGE('',*,*,#8657,.T.);
#8655=ORIENTED_EDGE('',*,*,#8658,.T.);
#8656=ORIENTED_EDGE('',*,*,#8659,.T.);
#8657=EDGE_CURVE('',#305,#487,#8660,.F.);
#8658=EDGE_CURVE('',#487,#309,#8661,.T.);
#8659=EDGE_CURVE('',#309,#305,#8662,.T.);
#8660=LINE('',#304,#8663);
#8661=LINE('',#486,#8664);
#8662=LINE('',#308,#8665);
#8663=VECTOR('',#8666,1.0);
#8664=VECTOR('',#8667,1.0);
#8665=VECTOR('',#8668,1.0);
#8666=DIRECTION('',(-0.9998298894368591,0.01844429962557789,0));
#8667=DIRECTION('',(1,0,0));
#8668=DIRECTION('',(-0.3302791960364958,-0.9438832833912708,0));
#8669=FACE_SURFACE('',(#8674),#8670,.T.);
#8670=PLANE('',#8671);
#8671=AXIS2_PLACEMENT_3D('',#306,#8672,#8673);
#8672=DIRECTION('',(0,0,-1));
#8673=DIRECTION('',(-0.9998081452768091,0.019587563354003,0));
#8674=FACE_BOUND('',#8675,.T.);
#8675=EDGE_LOOP('',(#8676,#8677,#8678));
#8676=ORIENTED_EDGE('',*,*,#8679,.T.);
#8677=ORIENTED_EDGE('',*,*,#8680,.T.);
#8678=ORIENTED_EDGE('',*,*,#8681,.T.);
#8679=EDGE_CURVE('',#307,#485,#8682,.F.);
#8680=EDGE_CURVE('',#485,#305,#8683,.T.);
#8681=EDGE_CURVE('',#305,#307,#8684,.T.);
#8682=LINE('',#306,#8685);
#8683=LINE('',#484,#8686);
#8684=LINE('',#304,#8687);
#8685=VECTOR('',#8688,1.0);
#8686=VECTOR('',#8689,1.0);
#8687=VECTOR('',#8690,1.0);
#8688=DIRECTION('',(-0.9998081452768091,0.019587563354003,0));
#8689=DIRECTION('',(1,0,0));
#8690=DIRECTION('',(-0.1119311429353852,-0.993715965073108,0));
#8691=FACE_SURFACE('',(#8696),#8692,.T.);
#8692=PLANE('',#8693);
#8693=AXIS2_PLACEMENT_3D('',#484,#8694,#8695);
#8694=DIRECTION('',(0,0,-1));
#8695=DIRECTION('',(0.9998081452768091,-0.019587563354003,0));
#8696=FACE_BOUND('',#8697,.T.);
#8697=EDGE_LOOP('',(#8698,#8699,#8700));
#8698=ORIENTED_EDGE('',*,*,#8701,.T.);
#8699=ORIENTED_EDGE('',*,*,#8702,.T.);
#8700=ORIENTED_EDGE('',*,*,#8703,.T.);
#8701=EDGE_CURVE('',#485,#307,#8704,.F.);
#8702=EDGE_CURVE('',#307,#489,#8705,.T.);
#8703=EDGE_CURVE('',#489,#485,#8706,.T.);
#8704=LINE('',#484,#8707);
#8705=LINE('',#306,#8708);
#8706=LINE('',#488,#8709);
#8707=VECTOR('',#8710,1.0);
#8708=VECTOR('',#8711,1.0);
#8709=VECTOR('',#8712,1.0);
#8710=DIRECTION('',(0.9998081452768091,-0.019587563354003,0));
#8711=DIRECTION('',(-1,0,0));
#8712=DIRECTION('',(-0.1119311429353852,0.993715965073108,0));
#8713=FACE_SURFACE('',(#8718),#8714,.T.);
#8714=PLANE('',#8715);
#8715=AXIS2_PLACEMENT_3D('',#488,#8716,#8717);
#8716=DIRECTION('',(0,0,-1));
#8717=DIRECTION('',(1,0,0));
#8718=FACE_BOUND('',#8719,.T.);
#8719=EDGE_LOOP('',(#8720,#8721,#8722));
#8720=ORIENTED_EDGE('',*,*,#8723,.T.);
#8721=ORIENTED_EDGE('',*,*,#8724,.T.);
#8722=ORIENTED_EDGE('',*,*,#8725,.T.);
#8723=EDGE_CURVE('',#489,#307,#8726,.F.);
#8724=EDGE_CURVE('',#307,#467,#8727,.T.);
#8725=EDGE_CURVE('',#467,#489,#8728,.T.);
#8726=LINE('',#488,#8729);
#8727=LINE('',#306,#8730);
#8728=LINE('',#466,#8731);
#8729=VECTOR('',#8732,1.0);
#8730=VECTOR('',#8733,1.0);
#8731=VECTOR('',#8734,1.0);
#8732=DIRECTION('',(1,0,0));
#8733=DIRECTION('',(0.11193518523976306,-0.9937155097437796,0));
#8734=DIRECTION('',(-0.999808159305189,0.01958684729020275,0));
#8735=FACE_SURFACE('',(#8740),#8736,.T.);
#8736=PLANE('',#8737);
#8737=AXIS2_PLACEMENT_3D('',#308,#8738,#8739);
#8738=DIRECTION('',(0,0,-1));
#8739=DIRECTION('',(-1,0,0));
#8740=FACE_BOUND('',#8741,.T.);
#8741=EDGE_LOOP('',(#8742,#8743,#8744));
#8742=ORIENTED_EDGE('',*,*,#8745,.T.);
#8743=ORIENTED_EDGE('',*,*,#8746,.T.);
#8744=ORIENTED_EDGE('',*,*,#8747,.T.);
#8745=EDGE_CURVE('',#309,#487,#8748,.F.);
#8746=EDGE_CURVE('',#487,#491,#8749,.T.);
#8747=EDGE_CURVE('',#491,#309,#8750,.T.);
#8748=LINE('',#308,#8751);
#8749=LINE('',#486,#8752);
#8750=LINE('',#490,#8753);
#8751=VECTOR('',#8754,1.0);
#8752=VECTOR('',#8755,1.0);
#8753=VECTOR('',#8756,1.0);
#8754=DIRECTION('',(-1,0,0));
#8755=DIRECTION('',(-0.5319348293969091,0.8467852958539617,0));
#8756=DIRECTION('',(0.999867594745893,-0.01627246069475653,0));
#8757=FACE_SURFACE('',(#8762),#8758,.T.);
#8758=PLANE('',#8759);
#8759=AXIS2_PLACEMENT_3D('',#308,#8760,#8761);
#8760=DIRECTION('',(0,0,-1));
#8761=DIRECTION('',(-0.999867594745893,0.01627246069475653,0));
#8762=FACE_BOUND('',#8763,.T.);
#8763=EDGE_LOOP('',(#8764,#8765,#8766));
#8764=ORIENTED_EDGE('',*,*,#8767,.T.);
#8765=ORIENTED_EDGE('',*,*,#8768,.T.);
#8766=ORIENTED_EDGE('',*,*,#8769,.T.);
#8767=EDGE_CURVE('',#309,#491,#8770,.F.);
#8768=EDGE_CURVE('',#491,#311,#8771,.T.);
#8769=EDGE_CURVE('',#311,#309,#8772,.T.);
#8770=LINE('',#308,#8773);
#8771=LINE('',#490,#8774);
#8772=LINE('',#310,#8775);
#8773=VECTOR('',#8776,1.0);
#8774=VECTOR('',#8777,1.0);
#8775=VECTOR('',#8778,1.0);
#8776=DIRECTION('',(-0.999867594745893,0.01627246069475653,0));
#8777=DIRECTION('',(1,0,0));
#8778=DIRECTION('',(-0.5320390592813571,-0.846719811625433,0));
#8779=FACE_SURFACE('',(#8784),#8780,.T.);
#8780=PLANE('',#8781);
#8781=AXIS2_PLACEMENT_3D('',#310,#8782,#8783);
#8782=DIRECTION('',(0,0,-1));
#8783=DIRECTION('',(-1,0,0));
#8784=FACE_BOUND('',#8785,.T.);
#8785=EDGE_LOOP('',(#8786,#8787,#8788));
#8786=ORIENTED_EDGE('',*,*,#8789,.T.);
#8787=ORIENTED_EDGE('',*,*,#8790,.T.);
#8788=ORIENTED_EDGE('',*,*,#8791,.T.);
#8789=EDGE_CURVE('',#311,#491,#8792,.F.);
#8790=EDGE_CURVE('',#491,#353,#8793,.T.);
#8791=EDGE_CURVE('',#353,#311,#8794,.T.);
#8792=LINE('',#310,#8795);
#8793=LINE('',#490,#8796);
#8794=LINE('',#352,#8797);
#8795=VECTOR('',#8798,1.0);
#8796=VECTOR('',#8799,1.0);
#8797=VECTOR('',#8800,1.0);
#8798=DIRECTION('',(-1,0,0));
#8799=DIRECTION('',(-0.7070886094735803,0.7071249524325376,0));
#8800=DIRECTION('',(0.9999119017906225,-0.013273607552602517,0));
#8801=FACE_SURFACE('',(#8806),#8802,.T.);
#8802=PLANE('',#8803);
#8803=AXIS2_PLACEMENT_3D('',#310,#8804,#8805);
#8804=DIRECTION('',(0,0,-1));
#8805=DIRECTION('',(-0.9999119017906225,0.013273607552602517,0));
#8806=FACE_BOUND('',#8807,.T.);
#8807=EDGE_LOOP('',(#8808,#8809,#8810));
#8808=ORIENTED_EDGE('',*,*,#8811,.T.);
#8809=ORIENTED_EDGE('',*,*,#8812,.T.);
#8810=ORIENTED_EDGE('',*,*,#8813,.T.);
#8811=EDGE_CURVE('',#311,#353,#8814,.F.);
#8812=EDGE_CURVE('',#353,#313,#8815,.T.);
#8813=EDGE_CURVE('',#313,#311,#8816,.T.);
#8814=LINE('',#310,#8817);
#8815=LINE('',#352,#8818);
#8816=LINE('',#312,#8819);
#8817=VECTOR('',#8820,1.0);
#8818=VECTOR('',#8821,1.0);
#8819=VECTOR('',#8822,1.0);
#8820=DIRECTION('',(-0.9999119017906225,0.013273607552602517,0));
#8821=DIRECTION('',(1,0,0));
#8822=DIRECTION('',(-0.7070886094735803,-0.7071249524325376,0));
#8823=FACE_SURFACE('',(#8828),#8824,.T.);
#8824=PLANE('',#8825);
#8825=AXIS2_PLACEMENT_3D('',#362,#8826,#8827);
#8826=DIRECTION('',(-0,0,-1));
#8827=DIRECTION('',(-0.1584842076449382,-0.9873615122776237,0));
#8828=FACE_BOUND('',#8829,.T.);
#8829=EDGE_LOOP('',(#8830,#8831,#8832));
#8830=ORIENTED_EDGE('',*,*,#8833,.T.);
#8831=ORIENTED_EDGE('',*,*,#8834,.T.);
#8832=ORIENTED_EDGE('',*,*,#8835,.T.);
#8833=EDGE_CURVE('',#363,#493,#8836,.F.);
#8834=EDGE_CURVE('',#493,#315,#8837,.T.);
#8835=EDGE_CURVE('',#315,#363,#8838,.T.);
#8836=LINE('',#362,#8839);
#8837=LINE('',#492,#8840);
#8838=LINE('',#314,#8841);
#8839=VECTOR('',#8842,1.0);
#8840=VECTOR('',#8843,1.0);
#8841=VECTOR('',#8844,1.0);
#8842=DIRECTION('',(-0.1584842076449382,-0.9873615122776237,0));
#8843=DIRECTION('',(0.0060917697493081185,0.9999814449985166,0));
#8844=DIRECTION('',(0.9547171169576777,-0.2975150863200387,0));
#8845=FACE_SURFACE('',(#8850),#8846,.T.);
#8846=PLANE('',#8847);
#8847=AXIS2_PLACEMENT_3D('',#314,#8848,#8849);
#8848=DIRECTION('',(0,0,-1));
#8849=DIRECTION('',(-0.07079721748675079,-0.9974907287770317,0));
#8850=FACE_BOUND('',#8851,.T.);
#8851=EDGE_LOOP('',(#8852,#8853,#8854));
#8852=ORIENTED_EDGE('',*,*,#8855,.T.);
#8853=ORIENTED_EDGE('',*,*,#8856,.T.);
#8854=ORIENTED_EDGE('',*,*,#8857,.T.);
#8855=EDGE_CURVE('',#315,#495,#8858,.F.);
#8856=EDGE_CURVE('',#495,#317,#8859,.T.);
#8857=EDGE_CURVE('',#317,#315,#8860,.T.);
#8858=LINE('',#314,#8861);
#8859=LINE('',#494,#8862);
#8860=LINE('',#316,#8863);
#8861=VECTOR('',#8864,1.0);
#8862=VECTOR('',#8865,1.0);
#8863=VECTOR('',#8866,1.0);
#8864=DIRECTION('',(-0.07079721748675079,-0.9974907287770317,0));
#8865=DIRECTION('',(-0.8467712348442401,0.531957212415022,0));
#8866=DIRECTION('',(0.15394141840836875,0.9880799763675102,0));
#8867=FACE_SURFACE('',(#8872),#8868,.T.);
#8868=PLANE('',#8869);
#8869=AXIS2_PLACEMENT_3D('',#492,#8870,#8871);
#8870=DIRECTION('',(0,0,-1));
#8871=DIRECTION('',(-0.7070159086109588,0.7071976420853087,0));
#8872=FACE_BOUND('',#8873,.T.);
#8873=EDGE_LOOP('',(#8874,#8875,#8876));
#8874=ORIENTED_EDGE('',*,*,#8877,.T.);
#8875=ORIENTED_EDGE('',*,*,#8878,.T.);
#8876=ORIENTED_EDGE('',*,*,#8879,.T.);
#8877=EDGE_CURVE('',#493,#495,#8880,.F.);
#8878=EDGE_CURVE('',#495,#315,#8881,.T.);
#8879=EDGE_CURVE('',#315,#493,#8882,.T.);
#8880=LINE('',#492,#8883);
#8881=LINE('',#494,#8884);
#8882=LINE('',#314,#8885);
#8883=VECTOR('',#8886,1.0);
#8884=VECTOR('',#8887,1.0);
#8885=VECTOR('',#8888,1.0);
#8886=DIRECTION('',(-0.7070159086109588,0.7071976420853087,0));
#8887=DIRECTION('',(0.07079721748675079,0.9974907287770317,0));
#8888=DIRECTION('',(-0.0060917697493081185,-0.9999814449985166,0));
#8889=FACE_SURFACE('',(#8894),#8890,.T.);
#8890=PLANE('',#8891);
#8891=AXIS2_PLACEMENT_3D('',#376,#8892,#8893);
#8892=DIRECTION('',(-0.531957212415022,-0.84677123484424,-0));
#8893=DIRECTION('',(0,0,-1));
#8894=FACE_BOUND('',#8895,.T.);
#8895=EDGE_LOOP('',(#8896,#8897,#8898));
#8896=ORIENTED_EDGE('',*,*,#8899,.T.);
#8897=ORIENTED_EDGE('',*,*,#8900,.T.);
#8898=ORIENTED_EDGE('',*,*,#8901,.T.);
#8899=EDGE_CURVE('',#377,#317,#8902,.F.);
#8900=EDGE_CURVE('',#317,#495,#8903,.T.);
#8901=EDGE_CURVE('',#495,#377,#8904,.T.);
#8902=LINE('',#376,#8905);
#8903=LINE('',#316,#8906);
#8904=LINE('',#494,#8907);
#8905=VECTOR('',#8908,1.0);
#8906=VECTOR('',#8909,1.0);
#8907=VECTOR('',#8910,1.0);
#8908=DIRECTION('',(0,0,-1));
#8909=DIRECTION('',(0.8467712348442401,-0.531957212415022,0));
#8910=DIRECTION('',(-0.08706612513068633,0.05469653586994713,0.9946998435802408));
#8911=FACE_SURFACE('',(#8916),#8912,.T.);
#8912=PLANE('',#8913);
#8913=AXIS2_PLACEMENT_3D('',#318,#8914,#8915);
#8914=DIRECTION('',(0,0,1));
#8915=DIRECTION('',(-1,0,0));
#8916=FACE_BOUND('',#8917,.T.);
#8917=EDGE_LOOP('',(#8918,#8919,#8920));
#8918=ORIENTED_EDGE('',*,*,#8921,.T.);
#8919=ORIENTED_EDGE('',*,*,#8922,.T.);
#8920=ORIENTED_EDGE('',*,*,#8923,.T.);
#8921=EDGE_CURVE('',#319,#497,#8924,.F.);
#8922=EDGE_CURVE('',#497,#321,#8925,.T.);
#8923=EDGE_CURVE('',#321,#319,#8926,.T.);
#8924=LINE('',#318,#8927);
#8925=LINE('',#496,#8928);
#8926=LINE('',#320,#8929);
#8927=VECTOR('',#8930,1.0);
#8928=VECTOR('',#8931,1.0);
#8929=VECTOR('',#8932,1.0);
#8930=DIRECTION('',(-1,0,0));
#8931=DIRECTION('',(0.9998081452768091,-0.019587563354003,0));
#8932=DIRECTION('',(0.1119311429353852,0.993715965073108,0));
#8933=FACE_SURFACE('',(#8938),#8934,.T.);
#8934=PLANE('',#8935);
#8935=AXIS2_PLACEMENT_3D('',#318,#8936,#8937);
#8936=DIRECTION('',(0,0,1));
#8937=DIRECTION('',(-0.9998298894368591,0.01844429962557789,0));
#8938=FACE_BOUND('',#8939,.T.);
#8939=EDGE_LOOP('',(#8940,#8941,#8942));
#8940=ORIENTED_EDGE('',*,*,#8943,.T.);
#8941=ORIENTED_EDGE('',*,*,#8944,.T.);
#8942=ORIENTED_EDGE('',*,*,#8945,.T.);
#8943=EDGE_CURVE('',#319,#499,#8946,.F.);
#8944=EDGE_CURVE('',#499,#497,#8947,.T.);
#8945=EDGE_CURVE('',#497,#319,#8948,.T.);
#8946=LINE('',#318,#8949);
#8947=LINE('',#498,#8950);
#8948=LINE('',#496,#8951);
#8949=VECTOR('',#8952,1.0);
#8950=VECTOR('',#8953,1.0);
#8951=VECTOR('',#8954,1.0);
#8952=DIRECTION('',(-0.9998298894368591,0.01844429962557789,0));
#8953=DIRECTION('',(0.3304086985508064,-0.9438379585087487,0));
#8954=DIRECTION('',(1,0,0));
#8955=FACE_SURFACE('',(#8960),#8956,.T.);
#8956=PLANE('',#8957);
#8957=AXIS2_PLACEMENT_3D('',#322,#8958,#8959);
#8958=DIRECTION('',(0,0,1));
#8959=DIRECTION('',(-1,0,0));
#8960=FACE_BOUND('',#8961,.T.);
#8961=EDGE_LOOP('',(#8962,#8963,#8964));
#8962=ORIENTED_EDGE('',*,*,#8965,.T.);
#8963=ORIENTED_EDGE('',*,*,#8966,.T.);
#8964=ORIENTED_EDGE('',*,*,#8967,.T.);
#8965=EDGE_CURVE('',#323,#499,#8968,.F.);
#8966=EDGE_CURVE('',#499,#319,#8969,.T.);
#8967=EDGE_CURVE('',#319,#323,#8970,.T.);
#8968=LINE('',#322,#8971);
#8969=LINE('',#498,#8972);
#8970=LINE('',#318,#8973);
#8971=VECTOR('',#8974,1.0);
#8972=VECTOR('',#8975,1.0);
#8973=VECTOR('',#8976,1.0);
#8974=DIRECTION('',(-1,0,0));
#8975=DIRECTION('',(0.9998298894368591,-0.01844429962557789,0));
#8976=DIRECTION('',(0.3302791960364958,0.9438832833912708,0));
#8977=FACE_SURFACE('',(#8982),#8978,.T.);
#8978=PLANE('',#8979);
#8979=AXIS2_PLACEMENT_3D('',#320,#8980,#8981);
#8980=DIRECTION('',(0,0,1));
#8981=DIRECTION('',(-0.9998081452768091,0.019587563354003,0));
#8982=FACE_BOUND('',#8983,.T.);
#8983=EDGE_LOOP('',(#8984,#8985,#8986));
#8984=ORIENTED_EDGE('',*,*,#8987,.T.);
#8985=ORIENTED_EDGE('',*,*,#8988,.T.);
#8986=ORIENTED_EDGE('',*,*,#8989,.T.);
#8987=EDGE_CURVE('',#321,#497,#8990,.F.);
#8988=EDGE_CURVE('',#497,#501,#8991,.T.);
#8989=EDGE_CURVE('',#501,#321,#8992,.T.);
#8990=LINE('',#320,#8993);
#8991=LINE('',#496,#8994);
#8992=LINE('',#500,#8995);
#8993=VECTOR('',#8996,1.0);
#8994=VECTOR('',#8997,1.0);
#8995=VECTOR('',#8998,1.0);
#8996=DIRECTION('',(-0.9998081452768091,0.019587563354003,0));
#8997=DIRECTION('',(0.1119311429353852,-0.993715965073108,0));
#8998=DIRECTION('',(1,0,0));
#8999=FACE_SURFACE('',(#9004),#9000,.T.);
#9000=PLANE('',#9001);
#9001=AXIS2_PLACEMENT_3D('',#320,#9002,#9003);
#9002=DIRECTION('',(0,0,1));
#9003=DIRECTION('',(-1,0,0));
#9004=FACE_BOUND('',#9005,.T.);
#9005=EDGE_LOOP('',(#9006,#9007,#9008));
#9006=ORIENTED_EDGE('',*,*,#9009,.T.);
#9007=ORIENTED_EDGE('',*,*,#9010,.T.);
#9008=ORIENTED_EDGE('',*,*,#9011,.T.);
#9009=EDGE_CURVE('',#321,#501,#9012,.F.);
#9010=EDGE_CURVE('',#501,#351,#9013,.T.);
#9011=EDGE_CURVE('',#351,#321,#9014,.T.);
#9012=LINE('',#320,#9015);
#9013=LINE('',#500,#9016);
#9014=LINE('',#350,#9017);
#9015=VECTOR('',#9018,1.0);
#9016=VECTOR('',#9019,1.0);
#9017=VECTOR('',#9020,1.0);
#9018=DIRECTION('',(-1,0,0));
#9019=DIRECTION('',(0.999808159305189,-0.01958684729020275,0));
#9020=DIRECTION('',(-0.11193518523976306,0.9937155097437796,0));
#9021=FACE_SURFACE('',(#9026),#9022,.T.);
#9022=PLANE('',#9023);
#9023=AXIS2_PLACEMENT_3D('',#322,#9024,#9025);
#9024=DIRECTION('',(0,0,1));
#9025=DIRECTION('',(-0.999867594745893,0.01627246069475653,0));
#9026=FACE_BOUND('',#9027,.T.);
#9027=EDGE_LOOP('',(#9028,#9029,#9030));
#9028=ORIENTED_EDGE('',*,*,#9031,.T.);
#9029=ORIENTED_EDGE('',*,*,#9032,.T.);
#9030=ORIENTED_EDGE('',*,*,#9033,.T.);
#9031=EDGE_CURVE('',#323,#503,#9034,.F.);
#9032=EDGE_CURVE('',#503,#499,#9035,.T.);
#9033=EDGE_CURVE('',#499,#323,#9036,.T.);
#9034=LINE('',#322,#9037);
#9035=LINE('',#502,#9038);
#9036=LINE('',#498,#9039);
#9037=VECTOR('',#9040,1.0);
#9038=VECTOR('',#9041,1.0);
#9039=VECTOR('',#9042,1.0);
#9040=DIRECTION('',(-0.999867594745893,0.01627246069475653,0));
#9041=DIRECTION('',(0.5319348293969091,-0.8467852958539617,0));
#9042=DIRECTION('',(1,0,0));
#9043=FACE_SURFACE('',(#9048),#9044,.T.);
#9044=PLANE('',#9045);
#9045=AXIS2_PLACEMENT_3D('',#324,#9046,#9047);
#9046=DIRECTION('',(0,0,1));
#9047=DIRECTION('',(-1,0,0));
#9048=FACE_BOUND('',#9049,.T.);
#9049=EDGE_LOOP('',(#9050,#9051,#9052));
#9050=ORIENTED_EDGE('',*,*,#9053,.T.);
#9051=ORIENTED_EDGE('',*,*,#9054,.T.);
#9052=ORIENTED_EDGE('',*,*,#9055,.T.);
#9053=EDGE_CURVE('',#325,#503,#9056,.F.);
#9054=EDGE_CURVE('',#503,#323,#9057,.T.);
#9055=EDGE_CURVE('',#323,#325,#9058,.T.);
#9056=LINE('',#324,#9059);
#9057=LINE('',#502,#9060);
#9058=LINE('',#322,#9061);
#9059=VECTOR('',#9062,1.0);
#9060=VECTOR('',#9063,1.0);
#9061=VECTOR('',#9064,1.0);
#9062=DIRECTION('',(-1,0,0));
#9063=DIRECTION('',(0.999867594745893,-0.01627246069475653,0));
#9064=DIRECTION('',(0.5320390592813571,0.846719811625433,0));
#9065=FACE_SURFACE('',(#9070),#9066,.T.);
#9066=PLANE('',#9067);
#9067=AXIS2_PLACEMENT_3D('',#324,#9068,#9069);
#9068=DIRECTION('',(0,0,1));
#9069=DIRECTION('',(-0.9999119017906225,0.013273607552602517,0));
#9070=FACE_BOUND('',#9071,.T.);
#9071=EDGE_LOOP('',(#9072,#9073,#9074));
#9072=ORIENTED_EDGE('',*,*,#9075,.T.);
#9073=ORIENTED_EDGE('',*,*,#9076,.T.);
#9074=ORIENTED_EDGE('',*,*,#9077,.T.);
#9075=EDGE_CURVE('',#325,#355,#9078,.F.);
#9076=EDGE_CURVE('',#355,#503,#9079,.T.);
#9077=EDGE_CURVE('',#503,#325,#9080,.T.);
#9078=LINE('',#324,#9081);
#9079=LINE('',#354,#9082);
#9080=LINE('',#502,#9083);
#9081=VECTOR('',#9084,1.0);
#9082=VECTOR('',#9085,1.0);
#9083=VECTOR('',#9086,1.0);
#9084=DIRECTION('',(-0.9999119017906225,0.013273607552602517,0));
#9085=DIRECTION('',(0.7070886094735803,-0.7071249524325376,0));
#9086=DIRECTION('',(1,0,0));
#9087=FACE_SURFACE('',(#9092),#9088,.T.);
#9088=PLANE('',#9089);
#9089=AXIS2_PLACEMENT_3D('',#326,#9090,#9091);
#9090=DIRECTION('',(0,0,1));
#9091=DIRECTION('',(-1,0,0));
#9092=FACE_BOUND('',#9093,.T.);
#9093=EDGE_LOOP('',(#9094,#9095,#9096));
#9094=ORIENTED_EDGE('',*,*,#9097,.T.);
#9095=ORIENTED_EDGE('',*,*,#9098,.T.);
#9096=ORIENTED_EDGE('',*,*,#9099,.T.);
#9097=EDGE_CURVE('',#327,#355,#9100,.F.);
#9098=EDGE_CURVE('',#355,#325,#9101,.T.);
#9099=EDGE_CURVE('',#325,#327,#9102,.T.);
#9100=LINE('',#326,#9103);
#9101=LINE('',#354,#9104);
#9102=LINE('',#324,#9105);
#9103=VECTOR('',#9106,1.0);
#9104=VECTOR('',#9107,1.0);
#9105=VECTOR('',#9108,1.0);
#9106=DIRECTION('',(-1,0,0));
#9107=DIRECTION('',(0.9999119017906225,-0.013273607552602517,0));
#9108=DIRECTION('',(0.7070886094735803,0.7071249524325376,0));
#9109=FACE_SURFACE('',(#9114),#9110,.T.);
#9110=PLANE('',#9111);
#9111=AXIS2_PLACEMENT_3D('',#328,#9112,#9113);
#9112=DIRECTION('',(0,0,1));
#9113=DIRECTION('',(0.9980264693569754,0.06279463721409986,0));
#9114=FACE_BOUND('',#9115,.T.);
#9115=EDGE_LOOP('',(#9116,#9117,#9118));
#9116=ORIENTED_EDGE('',*,*,#9119,.T.);
#9117=ORIENTED_EDGE('',*,*,#9120,.T.);
#9118=ORIENTED_EDGE('',*,*,#9121,.T.);
#9119=EDGE_CURVE('',#329,#331,#9122,.F.);
#9120=EDGE_CURVE('',#331,#505,#9123,.T.);
#9121=EDGE_CURVE('',#505,#329,#9124,.T.);
#9122=LINE('',#328,#9125);
#9123=LINE('',#330,#9126);
#9124=LINE('',#504,#9127);
#9125=VECTOR('',#9128,1.0);
#9126=VECTOR('',#9129,1.0);
#9127=VECTOR('',#9130,1.0);
#9128=DIRECTION('',(0.9980264693569754,0.06279463721409986,0));
#9129=DIRECTION('',(0.9822862899472372,0.1873863511083245,0));
#9130=DIRECTION('',(-0.9921139937993201,-0.12533883399634266,0));
#9131=FACE_SURFACE('',(#9136),#9132,.T.);
#9132=PLANE('',#9133);
#9133=AXIS2_PLACEMENT_3D('',#328,#9134,#9135);
#9134=DIRECTION('',(0,-0,1));
#9135=DIRECTION('',(0,1,0));
#9136=FACE_BOUND('',#9137,.T.);
#9137=EDGE_LOOP('',(#9138,#9139,#9140));
#9138=ORIENTED_EDGE('',*,*,#9141,.T.);
#9139=ORIENTED_EDGE('',*,*,#9142,.T.);
#9140=ORIENTED_EDGE('',*,*,#9143,.T.);
#9141=EDGE_CURVE('',#329,#507,#9144,.F.);
#9142=EDGE_CURVE('',#507,#407,#9145,.T.);
#9143=EDGE_CURVE('',#407,#329,#9146,.T.);
#9144=LINE('',#328,#9147);
#9145=LINE('',#506,#9148);
#9146=LINE('',#406,#9149);
#9147=VECTOR('',#9150,1.0);
#9148=VECTOR('',#9151,1.0);
#9149=VECTOR('',#9152,1.0);
#9150=DIRECTION('',(0,1,0));
#9151=DIRECTION('',(-1,0,0));
#9152=DIRECTION('',(0.9850304671557042,-0.17238033175224823,0));
#9153=FACE_SURFACE('',(#9158),#9154,.T.);
#9154=PLANE('',#9155);
#9155=AXIS2_PLACEMENT_3D('',#328,#9156,#9157);
#9156=DIRECTION('',(0,0,1));
#9157=DIRECTION('',(0.8090132304055101,0.5877904329170739,0));
#9158=FACE_BOUND('',#9159,.T.);
#9159=EDGE_LOOP('',(#9160,#9161,#9162));
#9160=ORIENTED_EDGE('',*,*,#9163,.T.);
#9161=ORIENTED_EDGE('',*,*,#9164,.T.);
#9162=ORIENTED_EDGE('',*,*,#9165,.T.);
#9163=EDGE_CURVE('',#329,#509,#9166,.F.);
#9164=EDGE_CURVE('',#509,#507,#9167,.T.);
#9165=EDGE_CURVE('',#507,#329,#9168,.T.);
#9166=LINE('',#328,#9169);
#9167=LINE('',#508,#9170);
#9168=LINE('',#506,#9171);
#9169=VECTOR('',#9172,1.0);
#9170=VECTOR('',#9173,1.0);
#9171=VECTOR('',#9174,1.0);
#9172=DIRECTION('',(0.8090132304055101,0.5877904329170739,0));
#9173=DIRECTION('',(-0.9999550657612086,0.009479792112541055,0));
#9174=DIRECTION('',(0,-1,0));
#9175=FACE_SURFACE('',(#9180),#9176,.T.);
#9176=PLANE('',#9177);
#9177=AXIS2_PLACEMENT_3D('',#328,#9178,#9179);
#9178=DIRECTION('',(0,0,1));
#9179=DIRECTION('',(0.8443285480815961,0.5358258139492945,0));
#9180=FACE_BOUND('',#9181,.T.);
#9181=EDGE_LOOP('',(#9182,#9183,#9184));
#9182=ORIENTED_EDGE('',*,*,#9185,.T.);
#9183=ORIENTED_EDGE('',*,*,#9186,.T.);
#9184=ORIENTED_EDGE('',*,*,#9187,.T.);
#9185=EDGE_CURVE('',#329,#511,#9188,.F.);
#9186=EDGE_CURVE('',#511,#509,#9189,.T.);
#9187=EDGE_CURVE('',#509,#329,#9190,.T.);
#9188=LINE('',#328,#9191);
#9189=LINE('',#510,#9192);
#9190=LINE('',#508,#9193);
#9191=VECTOR('',#9194,1.0);
#9192=VECTOR('',#9195,1.0);
#9193=VECTOR('',#9196,1.0);
#9194=DIRECTION('',(0.8443285480815961,0.5358258139492945,0));
#9195=DIRECTION('',(0.3680025771042584,0.9298247701823308,0));
#9196=DIRECTION('',(-0.8090132304055101,-0.5877904329170739,0));
#9197=FACE_SURFACE('',(#9202),#9198,.T.);
#9198=PLANE('',#9199);
#9199=AXIS2_PLACEMENT_3D('',#328,#9200,#9201);
#9200=DIRECTION('',(0,0,1));
#9201=DIRECTION('',(0.8763032043672151,0.4817599962800468,0));
#9202=FACE_BOUND('',#9203,.T.);
#9203=EDGE_LOOP('',(#9204,#9205,#9206));
#9204=ORIENTED_EDGE('',*,*,#9207,.T.);
#9205=ORIENTED_EDGE('',*,*,#9208,.T.);
#9206=ORIENTED_EDGE('',*,*,#9209,.T.);
#9207=EDGE_CURVE('',#329,#513,#9210,.F.);
#9208=EDGE_CURVE('',#513,#511,#9211,.T.);
#9209=EDGE_CURVE('',#511,#329,#9212,.T.);
#9210=LINE('',#328,#9213);
#9211=LINE('',#512,#9214);
#9212=LINE('',#510,#9215);
#9213=VECTOR('',#9216,1.0);
#9214=VECTOR('',#9217,1.0);
#9215=VECTOR('',#9218,1.0);
#9216=DIRECTION('',(0.8763032043672151,0.4817599962800468,0));
#9217=DIRECTION('',(0.4818620351794043,0.8762470993120391,0));
#9218=DIRECTION('',(-0.8443285480815961,-0.5358258139492945,0));
#9219=FACE_SURFACE('',(#9224),#9220,.T.);
#9220=PLANE('',#9221);
#9221=AXIS2_PLACEMENT_3D('',#328,#9222,#9223);
#9222=DIRECTION('',(0,0,1));
#9223=DIRECTION('',(0.9048270186762541,0.42577936337197203,0));
#9224=FACE_BOUND('',#9225,.T.);
#9225=EDGE_LOOP('',(#9226,#9227,#9228));
#9226=ORIENTED_EDGE('',*,*,#9229,.T.);
#9227=ORIENTED_EDGE('',*,*,#9230,.T.);
#9228=ORIENTED_EDGE('',*,*,#9231,.T.);
#9229=EDGE_CURVE('',#329,#515,#9232,.F.);
#9230=EDGE_CURVE('',#515,#513,#9233,.T.);
#9231=EDGE_CURVE('',#513,#329,#9234,.T.);
#9232=LINE('',#328,#9235);
#9233=LINE('',#514,#9236);
#9234=LINE('',#512,#9237);
#9235=VECTOR('',#9238,1.0);
#9236=VECTOR('',#9239,1.0);
#9237=VECTOR('',#9240,1.0);
#9238=DIRECTION('',(0.9048270186762541,0.42577936337197203,0));
#9239=DIRECTION('',(0.5877045618650862,0.8090756132543899,0));
#9240=DIRECTION('',(-0.8763032043672151,-0.4817599962800468,0));
#9241=FACE_SURFACE('',(#9246),#9242,.T.);
#9242=PLANE('',#9243);
#9243=AXIS2_PLACEMENT_3D('',#328,#9244,#9245);
#9244=DIRECTION('',(0,0,1));
#9245=DIRECTION('',(0.9921139937993201,0.12533883399634266,0));
#9246=FACE_BOUND('',#9247,.T.);
#9247=EDGE_LOOP('',(#9248,#9249,#9250));
#9248=ORIENTED_EDGE('',*,*,#9251,.T.);
#9249=ORIENTED_EDGE('',*,*,#9252,.T.);
#9250=ORIENTED_EDGE('',*,*,#9253,.T.);
#9251=EDGE_CURVE('',#329,#505,#9254,.F.);
#9252=EDGE_CURVE('',#505,#517,#9255,.T.);
#9253=EDGE_CURVE('',#517,#329,#9256,.T.);
#9254=LINE('',#328,#9257);
#9255=LINE('',#504,#9258);
#9256=LINE('',#516,#9259);
#9257=VECTOR('',#9260,1.0);
#9258=VECTOR('',#9261,1.0);
#9259=VECTOR('',#9262,1.0);
#9260=DIRECTION('',(0.9921139937993201,0.12533883399634266,0));
#9261=DIRECTION('',(0.9510569250426143,0.30901573637678564,0));
#9262=DIRECTION('',(-0.9822867547038029,-0.18738391482053923,0));
#9263=FACE_SURFACE('',(#9268),#9264,.T.);
#9264=PLANE('',#9265);
#9265=AXIS2_PLACEMENT_3D('',#328,#9266,#9267);
#9266=DIRECTION('',(0,0,1));
#9267=DIRECTION('',(0.9297747408671022,0.3681289600744731,0));
#9268=FACE_BOUND('',#9269,.T.);
#9269=EDGE_LOOP('',(#9270,#9271,#9272));
#9270=ORIENTED_EDGE('',*,*,#9273,.T.);
#9271=ORIENTED_EDGE('',*,*,#9274,.T.);
#9272=ORIENTED_EDGE('',*,*,#9275,.T.);
#9273=EDGE_CURVE('',#329,#519,#9276,.F.);
#9274=EDGE_CURVE('',#519,#515,#9277,.T.);
#9275=EDGE_CURVE('',#515,#329,#9278,.T.);
#9276=LINE('',#328,#9279);
#9277=LINE('',#518,#9280);
#9278=LINE('',#514,#9281);
#9279=VECTOR('',#9282,1.0);
#9280=VECTOR('',#9283,1.0);
#9281=VECTOR('',#9284,1.0);
#9282=DIRECTION('',(0.9297747408671022,0.3681289600744731,0));
#9283=DIRECTION('',(0.6845881488333845,0.7289300833940657,0));
#9284=DIRECTION('',(-0.9048270186762541,-0.42577936337197203,0));
#9285=FACE_SURFACE('',(#9290),#9286,.T.);
#9286=PLANE('',#9287);
#9287=AXIS2_PLACEMENT_3D('',#328,#9288,#9289);
#9288=DIRECTION('',(0,0,1));
#9289=DIRECTION('',(0.9822867547038029,0.18738391482053923,0));
#9290=FACE_BOUND('',#9291,.T.);
#9291=EDGE_LOOP('',(#9292,#9293,#9294));
#9292=ORIENTED_EDGE('',*,*,#9295,.T.);
#9293=ORIENTED_EDGE('',*,*,#9296,.T.);
#9294=ORIENTED_EDGE('',*,*,#9297,.T.);
#9295=EDGE_CURVE('',#329,#517,#9298,.F.);
#9296=EDGE_CURVE('',#517,#521,#9299,.T.);
#9297=EDGE_CURVE('',#521,#329,#9300,.T.);
#9298=LINE('',#328,#9301);
#9299=LINE('',#516,#9302);
#9300=LINE('',#520,#9303);
#9301=VECTOR('',#9304,1.0);
#9302=VECTOR('',#9305,1.0);
#9303=VECTOR('',#9306,1.0);
#9304=DIRECTION('',(0.9822867547038029,0.18738391482053923,0));
#9305=DIRECTION('',(0.9048200240167613,0.4257942274600578,0));
#9306=DIRECTION('',(-0.9685822058333584,-0.2486936077646262,0));
#9307=FACE_SURFACE('',(#9312),#9308,.T.);
#9308=PLANE('',#9309);
#9309=AXIS2_PLACEMENT_3D('',#328,#9310,#9311);
#9310=DIRECTION('',(0,0,1));
#9311=DIRECTION('',(0.9510542717594666,0.30902390226011744,0));
#9312=FACE_BOUND('',#9313,.T.);
#9313=EDGE_LOOP('',(#9314,#9315,#9316));
#9314=ORIENTED_EDGE('',*,*,#9317,.T.);
#9315=ORIENTED_EDGE('',*,*,#9318,.T.);
#9316=ORIENTED_EDGE('',*,*,#9319,.T.);
#9317=EDGE_CURVE('',#329,#523,#9320,.F.);
#9318=EDGE_CURVE('',#523,#519,#9321,.T.);
#9319=EDGE_CURVE('',#519,#329,#9322,.T.);
#9320=LINE('',#328,#9323);
#9321=LINE('',#522,#9324);
#9322=LINE('',#518,#9325);
#9323=VECTOR('',#9326,1.0);
#9324=VECTOR('',#9327,1.0);
#9325=VECTOR('',#9328,1.0);
#9326=DIRECTION('',(0.9510542717594666,0.30902390226011744,0));
#9327=DIRECTION('',(0.7705299594707639,0.6374037821961703,0));
#9328=DIRECTION('',(-0.9297747408671022,-0.3681289600744731,0));
#9329=FACE_SURFACE('',(#9334),#9330,.T.);
#9330=PLANE('',#9331);
#9331=AXIS2_PLACEMENT_3D('',#328,#9332,#9333);
#9332=DIRECTION('',(0,0,1));
#9333=DIRECTION('',(0.9685822058333584,0.2486936077646262,0));
#9334=FACE_BOUND('',#9335,.T.);
#9335=EDGE_LOOP('',(#9336,#9337,#9338));
#9336=ORIENTED_EDGE('',*,*,#9339,.T.);
#9337=ORIENTED_EDGE('',*,*,#9340,.T.);
#9338=ORIENTED_EDGE('',*,*,#9341,.T.);
#9339=EDGE_CURVE('',#329,#521,#9342,.F.);
#9340=EDGE_CURVE('',#521,#523,#9343,.T.);
#9341=EDGE_CURVE('',#523,#329,#9344,.T.);
#9342=LINE('',#328,#9345);
#9343=LINE('',#520,#9346);
#9344=LINE('',#522,#9347);
#9345=VECTOR('',#9348,1.0);
#9346=VECTOR('',#9349,1.0);
#9347=VECTOR('',#9350,1.0);
#9348=DIRECTION('',(0.9685822058333584,0.2486936077646262,0));
#9349=DIRECTION('',(0.8443125050548351,0.5358510929428333,0));
#9350=DIRECTION('',(-0.9510542717594666,-0.30902390226011744,0));
#9351=FACE_SURFACE('',(#9356),#9352,.T.);
#9352=PLANE('',#9353);
#9353=AXIS2_PLACEMENT_3D('',#524,#9354,#9355);
#9354=DIRECTION('',(0.18738628159568327,-0.9822859255593613,0.0008613464647044746));
#9355=DIRECTION('',(0.01442148206927683,0.003627904083052453,0.9998894234698602));
#9356=FACE_BOUND('',#9357,.T.);
#9357=EDGE_LOOP('',(#9358,#9359,#9360));
#9358=ORIENTED_EDGE('',*,*,#9361,.T.);
#9359=ORIENTED_EDGE('',*,*,#9362,.T.);
#9360=ORIENTED_EDGE('',*,*,#9363,.T.);
#9361=EDGE_CURVE('',#525,#505,#9364,.F.);
#9362=EDGE_CURVE('',#505,#331,#9365,.T.);
#9363=EDGE_CURVE('',#331,#525,#9366,.T.);
#9364=LINE('',#524,#9367);
#9365=LINE('',#504,#9368);
#9366=LINE('',#330,#9369);
#9367=VECTOR('',#9370,1.0);
#9368=VECTOR('',#9371,1.0);
#9369=VECTOR('',#9372,1.0);
#9370=DIRECTION('',(0.01442148206927683,0.003627904083052453,0.9998894234698602));
#9371=DIRECTION('',(-0.9822862899472372,-0.1873863511083245,0));
#9372=DIRECTION('',(0.17263608121263846,0.03206975523383339,-0.9844634651741959));
#9373=FACE_SURFACE('',(#9378),#9374,.T.);
#9374=PLANE('',#9375);
#9375=AXIS2_PLACEMENT_3D('',#330,#9376,#9377);
#9376=DIRECTION('',(0.1802444017655949,-0.9836217600164631,-0.0004345736740936381));
#9377=DIRECTION('',(-0.007391621911357218,-0.0009126850225913639,-0.9999722650811717));
#9378=FACE_BOUND('',#9379,.T.);
#9379=EDGE_LOOP('',(#9380,#9381,#9382));
#9380=ORIENTED_EDGE('',*,*,#9383,.T.);
#9381=ORIENTED_EDGE('',*,*,#9384,.T.);
#9382=ORIENTED_EDGE('',*,*,#9385,.T.);
#9383=EDGE_CURVE('',#331,#333,#9386,.F.);
#9384=EDGE_CURVE('',#333,#525,#9387,.T.);
#9385=EDGE_CURVE('',#525,#331,#9388,.T.);
#9386=LINE('',#330,#9389);
#9387=LINE('',#332,#9390);
#9388=LINE('',#524,#9391);
#9389=VECTOR('',#9392,1.0);
#9390=VECTOR('',#9393,1.0);
#9391=VECTOR('',#9394,1.0);
#9392=DIRECTION('',(-0.007391621911357218,-0.0009126850225913639,-0.9999722650811717));
#9393=DIRECTION('',(0.983621852897065,0.18024441878556052,0));
#9394=DIRECTION('',(-0.17263608121263846,-0.03206975523383339,0.9844634651741959));
#9395=FACE_SURFACE('',(#9400),#9396,.T.);
#9396=PLANE('',#9397);
#9397=AXIS2_PLACEMENT_3D('',#524,#9398,#9399);
#9398=DIRECTION('',(-0,0,-1));
#9399=DIRECTION('',(-0.983621852897065,-0.18024441878556052,0));
#9400=FACE_BOUND('',#9401,.T.);
#9401=EDGE_LOOP('',(#9402,#9403,#9404));
#9402=ORIENTED_EDGE('',*,*,#9405,.T.);
#9403=ORIENTED_EDGE('',*,*,#9406,.T.);
#9404=ORIENTED_EDGE('',*,*,#9407,.T.);
#9405=EDGE_CURVE('',#525,#333,#9408,.F.);
#9406=EDGE_CURVE('',#333,#527,#9409,.T.);
#9407=EDGE_CURVE('',#527,#525,#9410,.T.);
#9408=LINE('',#524,#9411);
#9409=LINE('',#332,#9412);
#9410=LINE('',#526,#9413);
#9411=VECTOR('',#9414,1.0);
#9412=VECTOR('',#9415,1.0);
#9413=VECTOR('',#9416,1.0);
#9414=DIRECTION('',(-0.983621852897065,-0.18024441878556052,0));
#9415=DIRECTION('',(0.013327508382526209,0.9999111848160884,0));
#9416=DIRECTION('',(0.1539408947144753,-0.9880800579581125,0));
#9417=FACE_SURFACE('',(#9422),#9418,.T.);
#9418=PLANE('',#9419);
#9419=AXIS2_PLACEMENT_3D('',#526,#9420,#9421);
#9420=DIRECTION('',(0,0,-1));
#9421=DIRECTION('',(-0.013327508382526209,-0.9999111848160884,0));
#9422=FACE_BOUND('',#9423,.T.);
#9423=EDGE_LOOP('',(#9424,#9425,#9426));
#9424=ORIENTED_EDGE('',*,*,#9427,.T.);
#9425=ORIENTED_EDGE('',*,*,#9428,.T.);
#9426=ORIENTED_EDGE('',*,*,#9429,.T.);
#9427=EDGE_CURVE('',#527,#333,#9430,.F.);
#9428=EDGE_CURVE('',#333,#335,#9431,.T.);
#9429=EDGE_CURVE('',#335,#527,#9432,.T.);
#9430=LINE('',#526,#9433);
#9431=LINE('',#332,#9434);
#9432=LINE('',#334,#9435);
#9433=VECTOR('',#9436,1.0);
#9434=VECTOR('',#9437,1.0);
#9435=VECTOR('',#9438,1.0);
#9436=DIRECTION('',(-0.013327508382526209,-0.9999111848160884,0));
#9437=DIRECTION('',(-0.07656278202664223,0.9970647623942694,0));
#9438=DIRECTION('',(0.9438674226046914,0.3303245200489616,0));
#9439=FACE_SURFACE('',(#9444),#9440,.T.);
#9440=PLANE('',#9441);
#9441=AXIS2_PLACEMENT_3D('',#334,#9442,#9443);
#9442=DIRECTION('',(-0.3303245200489616,0.9438674226046914,0));
#9443=DIRECTION('',(0,0,1));
#9444=FACE_BOUND('',#9445,.T.);
#9445=EDGE_LOOP('',(#9446,#9447,#9448));
#9446=ORIENTED_EDGE('',*,*,#9449,.T.);
#9447=ORIENTED_EDGE('',*,*,#9450,.T.);
#9448=ORIENTED_EDGE('',*,*,#9451,.T.);
#9449=EDGE_CURVE('',#335,#529,#9452,.F.);
#9450=EDGE_CURVE('',#529,#531,#9453,.T.);
#9451=EDGE_CURVE('',#531,#335,#9454,.T.);
#9452=LINE('',#334,#9455);
#9453=LINE('',#528,#9456);
#9454=LINE('',#530,#9457);
#9455=VECTOR('',#9458,1.0);
#9456=VECTOR('',#9459,1.0);
#9457=VECTOR('',#9460,1.0);
#9458=DIRECTION('',(0,0,1));
#9459=DIRECTION('',(0.9438674226046914,0.3303245200489616,0));
#9460=DIRECTION('',(-0.09701942448508262,-0.0339538096780819,-0.994703156766343));
#9461=FACE_SURFACE('',(#9466),#9462,.T.);
#9462=PLANE('',#9463);
#9463=AXIS2_PLACEMENT_3D('',#334,#9464,#9465);
#9464=DIRECTION('',(-0.3303245200489616,0.9438674226046914,0));
#9465=DIRECTION('',(0.09701942448508262,0.0339538096780819,0.994703156766343));
#9466=FACE_BOUND('',#9467,.T.);
#9467=EDGE_LOOP('',(#9468,#9469,#9470));
#9468=ORIENTED_EDGE('',*,*,#9471,.T.);
#9469=ORIENTED_EDGE('',*,*,#9472,.T.);
#9470=ORIENTED_EDGE('',*,*,#9473,.T.);
#9471=EDGE_CURVE('',#335,#531,#9474,.F.);
#9472=EDGE_CURVE('',#531,#527,#9475,.T.);
#9473=EDGE_CURVE('',#527,#335,#9476,.T.);
#9474=LINE('',#334,#9477);
#9475=LINE('',#530,#9478);
#9476=LINE('',#526,#9479);
#9477=VECTOR('',#9480,1.0);
#9478=VECTOR('',#9481,1.0);
#9479=VECTOR('',#9482,1.0);
#9480=DIRECTION('',(0.09701942448508262,0.0339538096780819,0.994703156766343));
#9481=DIRECTION('',(0,0,-1));
#9482=DIRECTION('',(-0.9438674226046914,-0.3303245200489616,0));
#9483=FACE_SURFACE('',(#9488),#9484,.T.);
#9484=PLANE('',#9485);
#9485=AXIS2_PLACEMENT_3D('',#336,#9486,#9487);
#9486=DIRECTION('',(-0.11200291401038326,0.993707878228397,0));
#9487=DIRECTION('',(0.10216012976292974,0.011514684023162282,0.9947013219749273));
#9488=FACE_BOUND('',#9489,.T.);
#9489=EDGE_LOOP('',(#9490,#9491,#9492));
#9490=ORIENTED_EDGE('',*,*,#9493,.T.);
#9491=ORIENTED_EDGE('',*,*,#9494,.T.);
#9492=ORIENTED_EDGE('',*,*,#9495,.T.);
#9493=EDGE_CURVE('',#337,#529,#9496,.F.);
#9494=EDGE_CURVE('',#529,#335,#9497,.T.);
#9495=EDGE_CURVE('',#335,#337,#9498,.T.);
#9496=LINE('',#336,#9499);
#9497=LINE('',#528,#9500);
#9498=LINE('',#334,#9501);
#9499=VECTOR('',#9502,1.0);
#9500=VECTOR('',#9503,1.0);
#9501=VECTOR('',#9504,1.0);
#9502=DIRECTION('',(0.10216012976292974,0.011514684023162282,0.9947013219749273));
#9503=DIRECTION('',(0,0,-1));
#9504=DIRECTION('',(-0.993707878228397,-0.11200291401038326,0));
#9505=FACE_SURFACE('',(#9510),#9506,.T.);
#9506=PLANE('',#9507);
#9507=AXIS2_PLACEMENT_3D('',#528,#9508,#9509);
#9508=DIRECTION('',(-0.11200291401038326,0.993707878228397,0));
#9509=DIRECTION('',(-0.10216012976292974,-0.011514684023162282,-0.9947013219749273));
#9510=FACE_BOUND('',#9511,.T.);
#9511=EDGE_LOOP('',(#9512,#9513,#9514));
#9512=ORIENTED_EDGE('',*,*,#9515,.T.);
#9513=ORIENTED_EDGE('',*,*,#9516,.T.);
#9514=ORIENTED_EDGE('',*,*,#9517,.T.);
#9515=EDGE_CURVE('',#529,#337,#9518,.F.);
#9516=EDGE_CURVE('',#337,#507,#9519,.T.);
#9517=EDGE_CURVE('',#507,#529,#9520,.T.);
#9518=LINE('',#528,#9521);
#9519=LINE('',#336,#9522);
#9520=LINE('',#506,#9523);
#9521=VECTOR('',#9524,1.0);
#9522=VECTOR('',#9525,1.0);
#9523=VECTOR('',#9526,1.0);
#9524=DIRECTION('',(-0.10216012976292974,-0.011514684023162282,-0.9947013219749273));
#9525=DIRECTION('',(0,0,1));
#9526=DIRECTION('',(0.993707878228397,0.11200291401038326,0));
#9527=FACE_SURFACE('',(#9532),#9528,.T.);
#9528=PLANE('',#9529);
#9529=AXIS2_PLACEMENT_3D('',#506,#9530,#9531);
#9530=DIRECTION('',(0.11200291401038326,0.993707878228397,0));
#9531=DIRECTION('',(0,0,-1));
#9532=FACE_BOUND('',#9533,.T.);
#9533=EDGE_LOOP('',(#9534,#9535,#9536));
#9534=ORIENTED_EDGE('',*,*,#9537,.T.);
#9535=ORIENTED_EDGE('',*,*,#9538,.T.);
#9536=ORIENTED_EDGE('',*,*,#9539,.T.);
#9537=EDGE_CURVE('',#507,#337,#9540,.F.);
#9538=EDGE_CURVE('',#337,#339,#9541,.T.);
#9539=EDGE_CURVE('',#339,#507,#9542,.T.);
#9540=LINE('',#506,#9543);
#9541=LINE('',#336,#9544);
#9542=LINE('',#338,#9545);
#9543=VECTOR('',#9546,1.0);
#9544=VECTOR('',#9547,1.0);
#9545=VECTOR('',#9548,1.0);
#9546=DIRECTION('',(0,0,-1));
#9547=DIRECTION('',(-0.993707878228397,0.11200291401038326,0));
#9548=DIRECTION('',(0.10216012976292974,-0.011514684023162282,0.9947013219749273));
#9549=FACE_SURFACE('',(#9554),#9550,.T.);
#9550=PLANE('',#9551);
#9551=AXIS2_PLACEMENT_3D('',#506,#9552,#9553);
#9552=DIRECTION('',(0.11200291401038326,0.993707878228397,0));
#9553=DIRECTION('',(-0.10216012976292974,0.011514684023162282,-0.9947013219749273));
#9554=FACE_BOUND('',#9555,.T.);
#9555=EDGE_LOOP('',(#9556,#9557,#9558));
#9556=ORIENTED_EDGE('',*,*,#9559,.T.);
#9557=ORIENTED_EDGE('',*,*,#9560,.T.);
#9558=ORIENTED_EDGE('',*,*,#9561,.T.);
#9559=EDGE_CURVE('',#507,#339,#9562,.F.);
#9560=EDGE_CURVE('',#339,#533,#9563,.T.);
#9561=EDGE_CURVE('',#533,#507,#9564,.T.);
#9562=LINE('',#506,#9565);
#9563=LINE('',#338,#9566);
#9564=LINE('',#532,#9567);
#9565=VECTOR('',#9568,1.0);
#9566=VECTOR('',#9569,1.0);
#9567=VECTOR('',#9570,1.0);
#9568=DIRECTION('',(-0.10216012976292974,0.011514684023162282,-0.9947013219749273));
#9569=DIRECTION('',(0,0,1));
#9570=DIRECTION('',(0.993707878228397,-0.11200291401038326,0));
#9571=FACE_SURFACE('',(#9576),#9572,.T.);
#9572=PLANE('',#9573);
#9573=AXIS2_PLACEMENT_3D('',#532,#9574,#9575);
#9574=DIRECTION('',(0.3302791960364958,0.9438832833912708,0));
#9575=DIRECTION('',(0,0,-1));
#9576=FACE_BOUND('',#9577,.T.);
#9577=EDGE_LOOP('',(#9578,#9579,#9580));
#9578=ORIENTED_EDGE('',*,*,#9581,.T.);
#9579=ORIENTED_EDGE('',*,*,#9582,.T.);
#9580=ORIENTED_EDGE('',*,*,#9583,.T.);
#9581=EDGE_CURVE('',#533,#339,#9584,.F.);
#9582=EDGE_CURVE('',#339,#341,#9585,.T.);
#9583=EDGE_CURVE('',#341,#533,#9586,.T.);
#9584=LINE('',#532,#9587);
#9585=LINE('',#338,#9588);
#9586=LINE('',#340,#9589);
#9587=VECTOR('',#9590,1.0);
#9588=VECTOR('',#9591,1.0);
#9589=VECTOR('',#9592,1.0);
#9590=DIRECTION('',(0,0,-1));
#9591=DIRECTION('',(-0.9438832833912708,0.3302791960364958,0));
#9592=DIRECTION('',(0.09703422824263856,-0.033953760444675005,0.9947017144355494));
#9593=FACE_SURFACE('',(#9598),#9594,.T.);
#9594=PLANE('',#9595);
#9595=AXIS2_PLACEMENT_3D('',#532,#9596,#9597);
#9596=DIRECTION('',(0.3302791960364958,0.9438832833912708,0));
#9597=DIRECTION('',(-0.09703422824263856,0.033953760444675005,-0.9947017144355494));
#9598=FACE_BOUND('',#9599,.T.);
#9599=EDGE_LOOP('',(#9600,#9601,#9602));
#9600=ORIENTED_EDGE('',*,*,#9603,.T.);
#9601=ORIENTED_EDGE('',*,*,#9604,.T.);
#9602=ORIENTED_EDGE('',*,*,#9605,.T.);
#9603=EDGE_CURVE('',#533,#341,#9606,.F.);
#9604=EDGE_CURVE('',#341,#535,#9607,.T.);
#9605=EDGE_CURVE('',#535,#533,#9608,.T.);
#9606=LINE('',#532,#9609);
#9607=LINE('',#340,#9610);
#9608=LINE('',#534,#9611);
#9609=VECTOR('',#9612,1.0);
#9610=VECTOR('',#9613,1.0);
#9611=VECTOR('',#9614,1.0);
#9612=DIRECTION('',(-0.09703422824263856,0.033953760444675005,-0.9947017144355494));
#9613=DIRECTION('',(0,0,1));
#9614=DIRECTION('',(0.9438832833912708,-0.3302791960364958,0));
#9615=FACE_SURFACE('',(#9620),#9616,.T.);
#9616=PLANE('',#9617);
#9617=AXIS2_PLACEMENT_3D('',#534,#9618,#9619);
#9618=DIRECTION('',(0.5319966332556344,0.8467464686697371,0));
#9619=DIRECTION('',(0,0,-1));
#9620=FACE_BOUND('',#9621,.T.);
#9621=EDGE_LOOP('',(#9622,#9623,#9624));
#9622=ORIENTED_EDGE('',*,*,#9625,.T.);
#9623=ORIENTED_EDGE('',*,*,#9626,.T.);
#9624=ORIENTED_EDGE('',*,*,#9627,.T.);
#9625=EDGE_CURVE('',#535,#341,#9628,.F.);
#9626=EDGE_CURVE('',#341,#345,#9629,.T.);
#9627=EDGE_CURVE('',#345,#535,#9630,.T.);
#9628=LINE('',#534,#9631);
#9629=LINE('',#340,#9632);
#9630=LINE('',#344,#9633);
#9631=VECTOR('',#9634,1.0);
#9632=VECTOR('',#9635,1.0);
#9633=VECTOR('',#9636,1.0);
#9634=DIRECTION('',(0,0,-1));
#9635=DIRECTION('',(-0.8467464686697371,0.5319966332556344,0));
#9636=DIRECTION('',(0.08705131176781268,-0.054692882101674244,0.9947013409898047));
#9637=FACE_SURFACE('',(#9642),#9638,.T.);
#9638=PLANE('',#9639);
#9639=AXIS2_PLACEMENT_3D('',#536,#9640,#9641);
#9640=DIRECTION('',(0.8467198116254329,0.5320390592813571,0));
#9641=DIRECTION('',(-0.05469662482123792,0.08704758618237857,-0.9947014612299442));
#9642=FACE_BOUND('',#9643,.T.);
#9643=EDGE_LOOP('',(#9644,#9645,#9646));
#9644=ORIENTED_EDGE('',*,*,#9647,.T.);
#9645=ORIENTED_EDGE('',*,*,#9648,.T.);
#9646=ORIENTED_EDGE('',*,*,#9649,.T.);
#9647=EDGE_CURVE('',#537,#343,#9650,.F.);
#9648=EDGE_CURVE('',#343,#349,#9651,.T.);
#9649=EDGE_CURVE('',#349,#537,#9652,.T.);
#9650=LINE('',#536,#9653);
#9651=LINE('',#342,#9654);
#9652=LINE('',#348,#9655);
#9653=VECTOR('',#9656,1.0);
#9654=VECTOR('',#9657,1.0);
#9655=VECTOR('',#9658,1.0);
#9656=DIRECTION('',(-0.05469662482123792,0.08704758618237857,-0.9947014612299442));
#9657=DIRECTION('',(0,0,1));
#9658=DIRECTION('',(0.5320390592813571,-0.846719811625433,0));
#9659=FACE_SURFACE('',(#9664),#9660,.T.);
#9660=PLANE('',#9661);
#9661=AXIS2_PLACEMENT_3D('',#536,#9662,#9663);
#9662=DIRECTION('',(0.8467198116254329,0.5320390592813571,0));
#9663=DIRECTION('',(0,0,-1));
#9664=FACE_BOUND('',#9665,.T.);
#9665=EDGE_LOOP('',(#9666,#9667,#9668));
#9666=ORIENTED_EDGE('',*,*,#9669,.T.);
#9667=ORIENTED_EDGE('',*,*,#9670,.T.);
#9668=ORIENTED_EDGE('',*,*,#9671,.T.);
#9669=EDGE_CURVE('',#537,#347,#9672,.F.);
#9670=EDGE_CURVE('',#347,#343,#9673,.T.);
#9671=EDGE_CURVE('',#343,#537,#9674,.T.);
#9672=LINE('',#536,#9675);
#9673=LINE('',#346,#9676);
#9674=LINE('',#342,#9677);
#9675=VECTOR('',#9678,1.0);
#9676=VECTOR('',#9679,1.0);
#9677=VECTOR('',#9680,1.0);
#9678=DIRECTION('',(0,0,-1));
#9679=DIRECTION('',(-0.5320390592813571,0.846719811625433,0));
#9680=DIRECTION('',(0.05469662482123792,-0.08704758618237857,0.9947014612299442));
#9681=FACE_SURFACE('',(#9686),#9682,.T.);
#9682=PLANE('',#9683);
#9683=AXIS2_PLACEMENT_3D('',#534,#9684,#9685);
#9684=DIRECTION('',(0.5319966332556344,0.8467464686697371,0));
#9685=DIRECTION('',(-0.08705131176781268,0.054692882101674244,-0.9947013409898047));
#9686=FACE_BOUND('',#9687,.T.);
#9687=EDGE_LOOP('',(#9688,#9689,#9690));
#9688=ORIENTED_EDGE('',*,*,#9691,.T.);
#9689=ORIENTED_EDGE('',*,*,#9692,.T.);
#9690=ORIENTED_EDGE('',*,*,#9693,.T.);
#9691=EDGE_CURVE('',#535,#345,#9694,.F.);
#9692=EDGE_CURVE('',#345,#539,#9695,.T.);
#9693=EDGE_CURVE('',#539,#535,#9696,.T.);
#9694=LINE('',#534,#9697);
#9695=LINE('',#344,#9698);
#9696=LINE('',#538,#9699);
#9697=VECTOR('',#9700,1.0);
#9698=VECTOR('',#9701,1.0);
#9699=VECTOR('',#9702,1.0);
#9700=DIRECTION('',(-0.08705131176781268,0.054692882101674244,-0.9947013409898047));
#9701=DIRECTION('',(0,0,1));
#9702=DIRECTION('',(0.8467464686697371,-0.5319966332556344,0));
#9703=FACE_SURFACE('',(#9708),#9704,.T.);
#9704=PLANE('',#9705);
#9705=AXIS2_PLACEMENT_3D('',#538,#9706,#9707);
#9706=DIRECTION('',(0.7071249524325377,0.7070886094735803,0));
#9707=DIRECTION('',(0,0,-1));
#9708=FACE_BOUND('',#9709,.T.);
#9709=EDGE_LOOP('',(#9710,#9711,#9712));
#9710=ORIENTED_EDGE('',*,*,#9713,.T.);
#9711=ORIENTED_EDGE('',*,*,#9714,.T.);
#9712=ORIENTED_EDGE('',*,*,#9715,.T.);
#9713=EDGE_CURVE('',#539,#345,#9716,.F.);
#9714=EDGE_CURVE('',#345,#347,#9717,.T.);
#9715=EDGE_CURVE('',#347,#539,#9718,.T.);
#9716=LINE('',#538,#9719);
#9717=LINE('',#344,#9720);
#9718=LINE('',#346,#9721);
#9719=VECTOR('',#9722,1.0);
#9720=VECTOR('',#9723,1.0);
#9721=VECTOR('',#9724,1.0);
#9722=DIRECTION('',(0,0,-1));
#9723=DIRECTION('',(-0.7070886094735803,0.7071249524325376,0));
#9724=DIRECTION('',(0.07268975373024036,-0.07269348984011548,0.9947018931506576));
#9725=FACE_SURFACE('',(#9730),#9726,.T.);
#9726=PLANE('',#9727);
#9727=AXIS2_PLACEMENT_3D('',#538,#9728,#9729);
#9728=DIRECTION('',(0.7071249524325377,0.7070886094735803,0));
#9729=DIRECTION('',(-0.07268975373024036,0.07269348984011548,-0.9947018931506576));
#9730=FACE_BOUND('',#9731,.T.);
#9731=EDGE_LOOP('',(#9732,#9733,#9734));
#9732=ORIENTED_EDGE('',*,*,#9735,.T.);
#9733=ORIENTED_EDGE('',*,*,#9736,.T.);
#9734=ORIENTED_EDGE('',*,*,#9737,.T.);
#9735=EDGE_CURVE('',#539,#347,#9738,.F.);
#9736=EDGE_CURVE('',#347,#537,#9739,.T.);
#9737=EDGE_CURVE('',#537,#539,#9740,.T.);
#9738=LINE('',#538,#9741);
#9739=LINE('',#346,#9742);
#9740=LINE('',#536,#9743);
#9741=VECTOR('',#9744,1.0);
#9742=VECTOR('',#9745,1.0);
#9743=VECTOR('',#9746,1.0);
#9744=DIRECTION('',(-0.07268975373024036,0.07269348984011548,-0.9947018931506576));
#9745=DIRECTION('',(0,0,1));
#9746=DIRECTION('',(0.7070886094735803,-0.7071249524325376,0));
#9747=FACE_SURFACE('',(#9752),#9748,.T.);
#9748=PLANE('',#9749);
#9749=AXIS2_PLACEMENT_3D('',#350,#9750,#9751);
#9750=DIRECTION('',(0,0,1));
#9751=DIRECTION('',(-1,0,0));
#9752=FACE_BOUND('',#9753,.T.);
#9753=EDGE_LOOP('',(#9754,#9755,#9756));
#9754=ORIENTED_EDGE('',*,*,#9757,.T.);
#9755=ORIENTED_EDGE('',*,*,#9758,.T.);
#9756=ORIENTED_EDGE('',*,*,#9759,.T.);
#9757=EDGE_CURVE('',#351,#541,#9760,.F.);
#9758=EDGE_CURVE('',#541,#349,#9761,.T.);
#9759=EDGE_CURVE('',#349,#351,#9762,.T.);
#9760=LINE('',#350,#9763);
#9761=LINE('',#540,#9764);
#9762=LINE('',#348,#9765);
#9763=VECTOR('',#9766,1.0);
#9764=VECTOR('',#9767,1.0);
#9765=VECTOR('',#9768,1.0);
#9766=DIRECTION('',(-1,0,0));
#9767=DIRECTION('',(0.9998298884704901,-0.018444352010497687,0));
#9768=DIRECTION('',(-0.3302791960364958,0.9438832833912708,0));
#9769=FACE_SURFACE('',(#9774),#9770,.T.);
#9770=PLANE('',#9771);
#9771=AXIS2_PLACEMENT_3D('',#348,#9772,#9773);
#9772=DIRECTION('',(0,0,1));
#9773=DIRECTION('',(-0.9998298884704901,0.018444352010497687,0));
#9774=FACE_BOUND('',#9775,.T.);
#9775=EDGE_LOOP('',(#9776,#9777,#9778));
#9776=ORIENTED_EDGE('',*,*,#9779,.T.);
#9777=ORIENTED_EDGE('',*,*,#9780,.T.);
#9778=ORIENTED_EDGE('',*,*,#9781,.T.);
#9779=EDGE_CURVE('',#349,#541,#9782,.F.);
#9780=EDGE_CURVE('',#541,#543,#9783,.T.);
#9781=EDGE_CURVE('',#543,#349,#9784,.T.);
#9782=LINE('',#348,#9785);
#9783=LINE('',#540,#9786);
#9784=LINE('',#542,#9787);
#9785=VECTOR('',#9788,1.0);
#9786=VECTOR('',#9789,1.0);
#9787=VECTOR('',#9790,1.0);
#9788=DIRECTION('',(-0.9998298884704901,0.018444352010497687,0));
#9789=DIRECTION('',(-0.3304086985508064,-0.9438379585087487,0));
#9790=DIRECTION('',(1,0,0));
#9791=FACE_SURFACE('',(#9796),#9792,.T.);
#9792=PLANE('',#9793);
#9793=AXIS2_PLACEMENT_3D('',#348,#9794,#9795);
#9794=DIRECTION('',(0,0,1));
#9795=DIRECTION('',(-1,0,0));
#9796=FACE_BOUND('',#9797,.T.);
#9797=EDGE_LOOP('',(#9798,#9799,#9800));
#9798=ORIENTED_EDGE('',*,*,#9801,.T.);
#9799=ORIENTED_EDGE('',*,*,#9802,.T.);
#9800=ORIENTED_EDGE('',*,*,#9803,.T.);
#9801=EDGE_CURVE('',#349,#543,#9804,.F.);
#9802=EDGE_CURVE('',#543,#537,#9805,.T.);
#9803=EDGE_CURVE('',#537,#349,#9806,.T.);
#9804=LINE('',#348,#9807);
#9805=LINE('',#542,#9808);
#9806=LINE('',#536,#9809);
#9807=VECTOR('',#9810,1.0);
#9808=VECTOR('',#9811,1.0);
#9809=VECTOR('',#9812,1.0);
#9810=DIRECTION('',(-1,0,0));
#9811=DIRECTION('',(0.9998675954856356,-0.016272415240929733,0));
#9812=DIRECTION('',(-0.5320390592813571,0.846719811625433,0));
#9813=FACE_SURFACE('',(#9818),#9814,.T.);
#9814=PLANE('',#9815);
#9815=AXIS2_PLACEMENT_3D('',#350,#9816,#9817);
#9816=DIRECTION('',(0,0,1));
#9817=DIRECTION('',(-0.999808159305189,0.01958684729020275,0));
#9818=FACE_BOUND('',#9819,.T.);
#9819=EDGE_LOOP('',(#9820,#9821,#9822));
#9820=ORIENTED_EDGE('',*,*,#9823,.T.);
#9821=ORIENTED_EDGE('',*,*,#9824,.T.);
#9822=ORIENTED_EDGE('',*,*,#9825,.T.);
#9823=EDGE_CURVE('',#351,#501,#9826,.F.);
#9824=EDGE_CURVE('',#501,#541,#9827,.T.);
#9825=EDGE_CURVE('',#541,#351,#9828,.T.);
#9826=LINE('',#350,#9829);
#9827=LINE('',#500,#9830);
#9828=LINE('',#540,#9831);
#9829=VECTOR('',#9832,1.0);
#9830=VECTOR('',#9833,1.0);
#9831=VECTOR('',#9834,1.0);
#9832=DIRECTION('',(-0.999808159305189,0.01958684729020275,0));
#9833=DIRECTION('',(-0.11193518523976306,-0.9937155097437796,0));
#9834=DIRECTION('',(1,0,0));
#9835=FACE_SURFACE('',(#9840),#9836,.T.);
#9836=PLANE('',#9837);
#9837=AXIS2_PLACEMENT_3D('',#354,#9838,#9839);
#9838=DIRECTION('',(-0.7071249524325376,-0.7070886094735803,-0));
#9839=DIRECTION('',(0,0,-1));
#9840=FACE_BOUND('',#9841,.T.);
#9841=EDGE_LOOP('',(#9842,#9843,#9844));
#9842=ORIENTED_EDGE('',*,*,#9845,.T.);
#9843=ORIENTED_EDGE('',*,*,#9846,.T.);
#9844=ORIENTED_EDGE('',*,*,#9847,.T.);
#9845=EDGE_CURVE('',#355,#353,#9848,.F.);
#9846=EDGE_CURVE('',#353,#491,#9849,.T.);
#9847=EDGE_CURVE('',#491,#355,#9850,.T.);
#9848=LINE('',#354,#9851);
#9849=LINE('',#352,#9852);
#9850=LINE('',#490,#9853);
#9851=VECTOR('',#9854,1.0);
#9852=VECTOR('',#9855,1.0);
#9853=VECTOR('',#9856,1.0);
#9854=DIRECTION('',(0,0,-1));
#9855=DIRECTION('',(0.7070886094735803,-0.7071249524325376,0));
#9856=DIRECTION('',(-0.0197839182257143,0.019784935080063897,0.9996084998255647));
#9857=FACE_SURFACE('',(#9862),#9858,.T.);
#9858=PLANE('',#9859);
#9859=AXIS2_PLACEMENT_3D('',#354,#9860,#9861);
#9860=DIRECTION('',(-0.7071249524325376,-0.7070886094735803,0));
#9861=DIRECTION('',(0.0197839182257143,-0.019784935080063897,-0.9996084998255647));
#9862=FACE_BOUND('',#9863,.T.);
#9863=EDGE_LOOP('',(#9864,#9865,#9866));
#9864=ORIENTED_EDGE('',*,*,#9867,.T.);
#9865=ORIENTED_EDGE('',*,*,#9868,.T.);
#9866=ORIENTED_EDGE('',*,*,#9869,.T.);
#9867=EDGE_CURVE('',#355,#491,#9870,.F.);
#9868=EDGE_CURVE('',#491,#503,#9871,.T.);
#9869=EDGE_CURVE('',#503,#355,#9872,.T.);
#9870=LINE('',#354,#9873);
#9871=LINE('',#490,#9874);
#9872=LINE('',#502,#9875);
#9873=VECTOR('',#9876,1.0);
#9874=VECTOR('',#9877,1.0);
#9875=VECTOR('',#9878,1.0);
#9876=DIRECTION('',(0.0197839182257143,-0.019784935080063897,-0.9996084998255647));
#9877=DIRECTION('',(0,0,1));
#9878=DIRECTION('',(-0.7070886094735803,0.7071249524325376,0));
#9879=FACE_SURFACE('',(#9884),#9880,.T.);
#9880=PLANE('',#9881);
#9881=AXIS2_PLACEMENT_3D('',#430,#9882,#9883);
#9882=DIRECTION('',(0.7071249524325376,-0.7070886094735803,0));
#9883=DIRECTION('',(0,0,1));
#9884=FACE_BOUND('',#9885,.T.);
#9885=EDGE_LOOP('',(#9886,#9887,#9888));
#9886=ORIENTED_EDGE('',*,*,#9889,.T.);
#9887=ORIENTED_EDGE('',*,*,#9890,.T.);
#9888=ORIENTED_EDGE('',*,*,#9891,.T.);
#9889=EDGE_CURVE('',#431,#357,#9892,.F.);
#9890=EDGE_CURVE('',#357,#361,#9893,.T.);
#9891=EDGE_CURVE('',#361,#431,#9894,.T.);
#9892=LINE('',#430,#9895);
#9893=LINE('',#356,#9896);
#9894=LINE('',#360,#9897);
#9895=VECTOR('',#9898,1.0);
#9896=VECTOR('',#9899,1.0);
#9897=VECTOR('',#9900,1.0);
#9898=DIRECTION('',(0,0,1));
#9899=DIRECTION('',(-0.7070886094735803,-0.7071249524325376,0));
#9900=DIRECTION('',(0.0197839182257143,0.019784935080063897,-0.9996084998255647));
#9901=FACE_SURFACE('',(#9906),#9902,.T.);
#9902=PLANE('',#9903);
#9903=AXIS2_PLACEMENT_3D('',#432,#9904,#9905);
#9904=DIRECTION('',(-1,0,0));
#9905=DIRECTION('',(0,-0.0522539539518598,0.9986338289365111));
#9906=FACE_BOUND('',#9907,.T.);
#9907=EDGE_LOOP('',(#9908,#9909,#9910));
#9908=ORIENTED_EDGE('',*,*,#9911,.T.);
#9909=ORIENTED_EDGE('',*,*,#9912,.T.);
#9910=ORIENTED_EDGE('',*,*,#9913,.T.);
#9911=EDGE_CURVE('',#433,#545,#9914,.F.);
#9912=EDGE_CURVE('',#545,#359,#9915,.T.);
#9913=EDGE_CURVE('',#359,#433,#9916,.T.);
#9914=LINE('',#432,#9917);
#9915=LINE('',#544,#9918);
#9916=LINE('',#358,#9919);
#9917=VECTOR('',#9920,1.0);
#9918=VECTOR('',#9921,1.0);
#9919=VECTOR('',#9922,1.0);
#9920=DIRECTION('',(0,-0.0522539539518598,0.9986338289365111));
#9921=DIRECTION('',(0,1,0));
#9922=DIRECTION('',(0,0,-1));
#9923=FACE_SURFACE('',(#9928),#9924,.T.);
#9924=PLANE('',#9925);
#9925=AXIS2_PLACEMENT_3D('',#358,#9926,#9927);
#9926=DIRECTION('',(0,0,1));
#9927=DIRECTION('',(0,-1,0));
#9928=FACE_BOUND('',#9929,.T.);
#9929=EDGE_LOOP('',(#9930,#9931,#9932));
#9930=ORIENTED_EDGE('',*,*,#9933,.T.);
#9931=ORIENTED_EDGE('',*,*,#9934,.T.);
#9932=ORIENTED_EDGE('',*,*,#9935,.T.);
#9933=EDGE_CURVE('',#359,#545,#9936,.F.);
#9934=EDGE_CURVE('',#545,#547,#9937,.T.);
#9935=EDGE_CURVE('',#547,#359,#9938,.T.);
#9936=LINE('',#358,#9939);
#9937=LINE('',#544,#9940);
#9938=LINE('',#546,#9941);
#9939=VECTOR('',#9942,1.0);
#9940=VECTOR('',#9943,1.0);
#9941=VECTOR('',#9944,1.0);
#9942=DIRECTION('',(0,-1,0));
#9943=DIRECTION('',(0.9959788164967732,0.08958904558977593,0));
#9944=DIRECTION('',(-0.9959781948134679,0.08959595669507539,0));
#9945=FACE_SURFACE('',(#9950),#9946,.T.);
#9946=PLANE('',#9947);
#9947=AXIS2_PLACEMENT_3D('',#358,#9948,#9949);
#9948=DIRECTION('',(0,0,1));
#9949=DIRECTION('',(0.9957419006799896,0.09218496206107418,0));
#9950=FACE_BOUND('',#9951,.T.);
#9951=EDGE_LOOP('',(#9952,#9953,#9954));
#9952=ORIENTED_EDGE('',*,*,#9955,.T.);
#9953=ORIENTED_EDGE('',*,*,#9956,.T.);
#9954=ORIENTED_EDGE('',*,*,#9957,.T.);
#9955=EDGE_CURVE('',#359,#549,#9958,.F.);
#9956=EDGE_CURVE('',#549,#361,#9959,.T.);
#9957=EDGE_CURVE('',#361,#359,#9960,.T.);
#9958=LINE('',#358,#9961);
#9959=LINE('',#548,#9962);
#9960=LINE('',#360,#9963);
#9961=VECTOR('',#9964,1.0);
#9962=VECTOR('',#9965,1.0);
#9963=VECTOR('',#9966,1.0);
#9964=DIRECTION('',(0.9957419006799896,0.09218496206107418,0));
#9965=DIRECTION('',(0.5320390592813571,0.846719811625433,0));
#9966=DIRECTION('',(-0.9870137295764507,-0.16063591636861557,0));
#9967=FACE_SURFACE('',(#9972),#9968,.T.);
#9968=PLANE('',#9969);
#9969=AXIS2_PLACEMENT_3D('',#358,#9970,#9971);
#9970=DIRECTION('',(-0,0,1));
#9971=DIRECTION('',(0.9959781948134679,-0.08959595669507539,0));
#9972=FACE_BOUND('',#9973,.T.);
#9973=EDGE_LOOP('',(#9974,#9975,#9976));
#9974=ORIENTED_EDGE('',*,*,#9977,.T.);
#9975=ORIENTED_EDGE('',*,*,#9978,.T.);
#9976=ORIENTED_EDGE('',*,*,#9979,.T.);
#9977=EDGE_CURVE('',#359,#547,#9980,.F.);
#9978=EDGE_CURVE('',#547,#551,#9981,.T.);
#9979=EDGE_CURVE('',#551,#359,#9982,.T.);
#9980=LINE('',#358,#9983);
#9981=LINE('',#546,#9984);
#9982=LINE('',#550,#9985);
#9983=VECTOR('',#9986,1.0);
#9984=VECTOR('',#9987,1.0);
#9985=VECTOR('',#9988,1.0);
#9986=DIRECTION('',(0.9959781948134679,-0.08959595669507539,0));
#9987=DIRECTION('',(0.1119311429353852,0.993715965073108,0));
#9988=DIRECTION('',(-0.999984210799957,-0.005619443992702671,0));
#9989=FACE_SURFACE('',(#9994),#9990,.T.);
#9990=PLANE('',#9991);
#9991=AXIS2_PLACEMENT_3D('',#358,#9992,#9993);
#9992=DIRECTION('',(0,0,1));
#9993=DIRECTION('',(0.999984210799957,0.005619443992702671,0));
#9994=FACE_BOUND('',#9995,.T.);
#9995=EDGE_LOOP('',(#9996,#9997,#9998));
#9996=ORIENTED_EDGE('',*,*,#9999,.T.);
#9997=ORIENTED_EDGE('',*,*,#10000,.T.);
#9998=ORIENTED_EDGE('',*,*,#10001,.T.);
#9999=EDGE_CURVE('',#359,#551,#10002,.F.);
#10000=EDGE_CURVE('',#551,#549,#10003,.T.);
#10001=EDGE_CURVE('',#549,#359,#10004,.T.);
#10002=LINE('',#358,#10005);
#10003=LINE('',#550,#10006);
#10004=LINE('',#548,#10007);
#10005=VECTOR('',#10008,1.0);
#10006=VECTOR('',#10009,1.0);
#10007=VECTOR('',#10010,1.0);
#10008=DIRECTION('',(0.999984210799957,0.005619443992702671,0));
#10009=DIRECTION('',(0.3302791960364958,0.9438832833912708,0));
#10010=DIRECTION('',(-0.9957419006799896,-0.09218496206107418,0));
#10011=FACE_SURFACE('',(#10016),#10012,.T.);
#10012=PLANE('',#10013);
#10013=AXIS2_PLACEMENT_3D('',#430,#10014,#10015);
#10014=DIRECTION('',(0.7071249524325376,-0.7070886094735803,0));
#10015=DIRECTION('',(-0.0197839182257143,-0.019784935080063897,0.9996084998255647));
#10016=FACE_BOUND('',#10017,.T.);
#10017=EDGE_LOOP('',(#10018,#10019,#10020));
#10018=ORIENTED_EDGE('',*,*,#10021,.T.);
#10019=ORIENTED_EDGE('',*,*,#10022,.T.);
#10020=ORIENTED_EDGE('',*,*,#10023,.T.);
#10021=EDGE_CURVE('',#431,#361,#10024,.F.);
#10022=EDGE_CURVE('',#361,#435,#10025,.T.);
#10023=EDGE_CURVE('',#435,#431,#10026,.T.);
#10024=LINE('',#430,#10027);
#10025=LINE('',#360,#10028);
#10026=LINE('',#434,#10029);
#10027=VECTOR('',#10030,1.0);
#10028=VECTOR('',#10031,1.0);
#10029=VECTOR('',#10032,1.0);
#10030=DIRECTION('',(-0.0197839182257143,-0.019784935080063897,0.9996084998255647));
#10031=DIRECTION('',(0,0,-1));
#10032=DIRECTION('',(0.7070886094735803,0.7071249524325376,0));
#10033=FACE_SURFACE('',(#10038),#10034,.T.);
#10034=PLANE('',#10035);
#10035=AXIS2_PLACEMENT_3D('',#434,#10036,#10037);
#10036=DIRECTION('',(0.8467198116254329,-0.532039059281357,0));
#10037=DIRECTION('',(0,0,1));
#10038=FACE_BOUND('',#10039,.T.);
#10039=EDGE_LOOP('',(#10040,#10041,#10042));
#10040=ORIENTED_EDGE('',*,*,#10043,.T.);
#10041=ORIENTED_EDGE('',*,*,#10044,.T.);
#10042=ORIENTED_EDGE('',*,*,#10045,.T.);
#10043=EDGE_CURVE('',#435,#361,#10046,.F.);
#10044=EDGE_CURVE('',#361,#549,#10047,.T.);
#10045=EDGE_CURVE('',#549,#435,#10048,.T.);
#10046=LINE('',#434,#10049);
#10047=LINE('',#360,#10050);
#10048=LINE('',#548,#10051);
#10049=VECTOR('',#10052,1.0);
#10050=VECTOR('',#10053,1.0);
#10051=VECTOR('',#10054,1.0);
#10052=DIRECTION('',(0,0,1));
#10053=DIRECTION('',(-0.5320390592813571,-0.846719811625433,0));
#10054=DIRECTION('',(0.0148867471992274,0.023691688729152952,-0.999608467672712));
#10055=FACE_SURFACE('',(#10060),#10056,.T.);
#10056=PLANE('',#10057);
#10057=AXIS2_PLACEMENT_3D('',#552,#10058,#10059);
#10058=DIRECTION('',(0,0,-1));
#10059=DIRECTION('',(-0.5680675443960939,0.8229819347979589,0));
#10060=FACE_BOUND('',#10061,.T.);
#10061=EDGE_LOOP('',(#10062,#10063,#10064));
#10062=ORIENTED_EDGE('',*,*,#10065,.T.);
#10063=ORIENTED_EDGE('',*,*,#10066,.T.);
#10064=ORIENTED_EDGE('',*,*,#10067,.T.);
#10065=EDGE_CURVE('',#553,#363,#10068,.F.);
#10066=EDGE_CURVE('',#363,#365,#10069,.T.);
#10067=EDGE_CURVE('',#365,#553,#10070,.T.);
#10068=LINE('',#552,#10071);
#10069=LINE('',#362,#10072);
#10070=LINE('',#364,#10073);
#10071=VECTOR('',#10074,1.0);
#10072=VECTOR('',#10075,1.0);
#10073=VECTOR('',#10076,1.0);
#10074=DIRECTION('',(-0.5680675443960939,0.8229819347979589,0));
#10075=DIRECTION('',(0.9118972928362388,-0.4104184782851997,0));
#10076=DIRECTION('',(0.517342105257611,-0.8557786782384934,0));
#10077=FACE_SURFACE('',(#10082),#10078,.T.);
#10078=PLANE('',#10079);
#10079=AXIS2_PLACEMENT_3D('',#552,#10080,#10081);
#10080=DIRECTION('',(0,0,-1));
#10081=DIRECTION('',(-1,0,0));
#10082=FACE_BOUND('',#10083,.T.);
#10083=EDGE_LOOP('',(#10084,#10085,#10086));
#10084=ORIENTED_EDGE('',*,*,#10087,.T.);
#10085=ORIENTED_EDGE('',*,*,#10088,.T.);
#10086=ORIENTED_EDGE('',*,*,#10089,.T.);
#10087=EDGE_CURVE('',#553,#555,#10090,.F.);
#10088=EDGE_CURVE('',#555,#363,#10091,.T.);
#10089=EDGE_CURVE('',#363,#553,#10092,.T.);
#10090=LINE('',#552,#10093);
#10091=LINE('',#554,#10094);
#10092=LINE('',#362,#10095);
#10093=VECTOR('',#10096,1.0);
#10094=VECTOR('',#10097,1.0);
#10095=VECTOR('',#10098,1.0);
#10096=DIRECTION('',(-1,0,0));
#10097=DIRECTION('',(0.058294931840526636,0.9982994044482388,0));
#10098=DIRECTION('',(0.5680675443960939,-0.8229819347979589,0));
#10099=FACE_SURFACE('',(#10104),#10100,.T.);
#10100=PLANE('',#10101);
#10101=AXIS2_PLACEMENT_3D('',#556,#10102,#10103);
#10102=DIRECTION('',(0,0,-1));
#10103=DIRECTION('',(0.07136205527247713,0.9974504785037139,0));
#10104=FACE_BOUND('',#10105,.T.);
#10105=EDGE_LOOP('',(#10106,#10107,#10108));
#10106=ORIENTED_EDGE('',*,*,#10109,.T.);
#10107=ORIENTED_EDGE('',*,*,#10110,.T.);
#10108=ORIENTED_EDGE('',*,*,#10111,.T.);
#10109=EDGE_CURVE('',#557,#363,#10112,.F.);
#10110=EDGE_CURVE('',#363,#555,#10113,.T.);
#10111=EDGE_CURVE('',#555,#557,#10114,.T.);
#10112=LINE('',#556,#10115);
#10113=LINE('',#362,#10116);
#10114=LINE('',#554,#10117);
#10115=VECTOR('',#10118,1.0);
#10116=VECTOR('',#10119,1.0);
#10117=VECTOR('',#10120,1.0);
#10118=DIRECTION('',(0.07136205527247713,0.9974504785037139,0));
#10119=DIRECTION('',(-0.058294931840526636,-0.9982994044482388,0));
#10120=DIRECTION('',(-0.1119311429353852,0.993715965073108,0));
#10121=FACE_SURFACE('',(#10126),#10122,.T.);
#10122=PLANE('',#10123);
#10123=AXIS2_PLACEMENT_3D('',#556,#10124,#10125);
#10124=DIRECTION('',(0,0,-1));
#10125=DIRECTION('',(-0.3304086985508064,0.9438379585087487,0));
#10126=FACE_BOUND('',#10127,.T.);
#10127=EDGE_LOOP('',(#10128,#10129,#10130));
#10128=ORIENTED_EDGE('',*,*,#10131,.T.);
#10129=ORIENTED_EDGE('',*,*,#10132,.T.);
#10130=ORIENTED_EDGE('',*,*,#10133,.T.);
#10131=EDGE_CURVE('',#557,#559,#10134,.F.);
#10132=EDGE_CURVE('',#559,#363,#10135,.T.);
#10133=EDGE_CURVE('',#363,#557,#10136,.T.);
#10134=LINE('',#556,#10137);
#10135=LINE('',#558,#10138);
#10136=LINE('',#362,#10139);
#10137=VECTOR('',#10140,1.0);
#10138=VECTOR('',#10141,1.0);
#10139=VECTOR('',#10142,1.0);
#10140=DIRECTION('',(-0.3304086985508064,0.9438379585087487,0));
#10141=DIRECTION('',(0.10419009006845803,0.9945574016272397,0));
#10142=DIRECTION('',(-0.07136205527247713,-0.9974504785037139,0));
#10143=FACE_SURFACE('',(#10148),#10144,.T.);
#10144=PLANE('',#10145);
#10145=AXIS2_PLACEMENT_3D('',#362,#10146,#10147);
#10146=DIRECTION('',(0,0,-1));
#10147=DIRECTION('',(-0.10419009006845803,-0.9945574016272397,0));
#10148=FACE_BOUND('',#10149,.T.);
#10149=EDGE_LOOP('',(#10150,#10151,#10152));
#10150=ORIENTED_EDGE('',*,*,#10153,.T.);
#10151=ORIENTED_EDGE('',*,*,#10154,.T.);
#10152=ORIENTED_EDGE('',*,*,#10155,.T.);
#10153=EDGE_CURVE('',#363,#559,#10156,.F.);
#10154=EDGE_CURVE('',#559,#493,#10157,.T.);
#10155=EDGE_CURVE('',#493,#363,#10158,.T.);
#10156=LINE('',#362,#10159);
#10157=LINE('',#558,#10160);
#10158=LINE('',#492,#10161);
#10159=VECTOR('',#10162,1.0);
#10160=VECTOR('',#10163,1.0);
#10161=VECTOR('',#10164,1.0);
#10162=DIRECTION('',(-0.10419009006845803,-0.9945574016272397,0));
#10163=DIRECTION('',(-0.5320390592813571,0.846719811625433,0));
#10164=DIRECTION('',(0.1584842076449382,0.9873615122776237,0));
#10165=FACE_SURFACE('',(#10170),#10166,.T.);
#10166=PLANE('',#10167);
#10167=AXIS2_PLACEMENT_3D('',#552,#10168,#10169);
#10168=DIRECTION('',(0,0,-1));
#10169=DIRECTION('',(-0.517342105257611,0.8557786782384934,0));
#10170=FACE_BOUND('',#10171,.T.);
#10171=EDGE_LOOP('',(#10172,#10173,#10174));
#10172=ORIENTED_EDGE('',*,*,#10175,.T.);
#10173=ORIENTED_EDGE('',*,*,#10176,.T.);
#10174=ORIENTED_EDGE('',*,*,#10177,.T.);
#10175=EDGE_CURVE('',#553,#365,#10178,.F.);
#10176=EDGE_CURVE('',#365,#367,#10179,.T.);
#10177=EDGE_CURVE('',#367,#553,#10180,.T.);
#10178=LINE('',#552,#10181);
#10179=LINE('',#364,#10182);
#10180=LINE('',#366,#10183);
#10181=VECTOR('',#10184,1.0);
#10182=VECTOR('',#10185,1.0);
#10183=VECTOR('',#10186,1.0);
#10184=DIRECTION('',(-0.517342105257611,0.8557786782384934,0));
#10185=DIRECTION('',(0.855804418280033,-0.5172995241176765,0));
#10186=DIRECTION('',(0.46472089823823415,-0.8854572190346911,0));
#10187=FACE_SURFACE('',(#10192),#10188,.T.);
#10188=PLANE('',#10189);
#10189=AXIS2_PLACEMENT_3D('',#552,#10190,#10191);
#10190=DIRECTION('',(0,0,-1));
#10191=DIRECTION('',(-0.46472089823823415,0.8854572190346911,0));
#10192=FACE_BOUND('',#10193,.T.);
#10193=EDGE_LOOP('',(#10194,#10195,#10196));
#10194=ORIENTED_EDGE('',*,*,#10197,.T.);
#10195=ORIENTED_EDGE('',*,*,#10198,.T.);
#10196=ORIENTED_EDGE('',*,*,#10199,.T.);
#10197=EDGE_CURVE('',#553,#367,#10200,.F.);
#10198=EDGE_CURVE('',#367,#369,#10201,.T.);
#10199=EDGE_CURVE('',#369,#553,#10202,.T.);
#10200=LINE('',#552,#10203);
#10201=LINE('',#366,#10204);
#10202=LINE('',#368,#10205);
#10203=VECTOR('',#10206,1.0);
#10204=VECTOR('',#10207,1.0);
#10205=VECTOR('',#10208,1.0);
#10206=DIRECTION('',(-0.46472089823823415,0.8854572190346911,0));
#10207=DIRECTION('',(0.7871776696874015,-0.6167262896500458,0));
#10208=DIRECTION('',(0.41041043578933023,-0.9119009124873229,0));
#10209=FACE_SURFACE('',(#10214),#10210,.T.);
#10210=PLANE('',#10211);
#10211=AXIS2_PLACEMENT_3D('',#552,#10212,#10213);
#10212=DIRECTION('',(0,0,-1));
#10213=DIRECTION('',(-0.41041043578933023,0.9119009124873229,0));
#10214=FACE_BOUND('',#10215,.T.);
#10215=EDGE_LOOP('',(#10216,#10217,#10218));
#10216=ORIENTED_EDGE('',*,*,#10219,.T.);
#10217=ORIENTED_EDGE('',*,*,#10220,.T.);
#10218=ORIENTED_EDGE('',*,*,#10221,.T.);
#10219=EDGE_CURVE('',#553,#369,#10222,.F.);
#10220=EDGE_CURVE('',#369,#371,#10223,.T.);
#10221=EDGE_CURVE('',#371,#553,#10224,.T.);
#10222=LINE('',#552,#10225);
#10223=LINE('',#368,#10226);
#10224=LINE('',#370,#10227);
#10225=VECTOR('',#10228,1.0);
#10226=VECTOR('',#10229,1.0);
#10227=VECTOR('',#10230,1.0);
#10228=DIRECTION('',(-0.41041043578933023,0.9119009124873229,0));
#10229=DIRECTION('',(0.7070764529975914,-0.7071371080747672,0));
#10230=DIRECTION('',(0.354610960111832,-0.935013939451474,0));
#10231=FACE_SURFACE('',(#10236),#10232,.T.);
#10232=PLANE('',#10233);
#10233=AXIS2_PLACEMENT_3D('',#552,#10234,#10235);
#10234=DIRECTION('',(0,0,-1));
#10235=DIRECTION('',(-0.354610960111832,0.935013939451474,0));
#10236=FACE_BOUND('',#10237,.T.);
#10237=EDGE_LOOP('',(#10238,#10239,#10240));
#10238=ORIENTED_EDGE('',*,*,#10241,.T.);
#10239=ORIENTED_EDGE('',*,*,#10242,.T.);
#10240=ORIENTED_EDGE('',*,*,#10243,.T.);
#10241=EDGE_CURVE('',#553,#371,#10244,.F.);
#10242=EDGE_CURVE('',#371,#373,#10245,.T.);
#10243=EDGE_CURVE('',#373,#553,#10246,.T.);
#10244=LINE('',#552,#10247);
#10245=LINE('',#370,#10248);
#10246=LINE('',#372,#10249);
#10247=VECTOR('',#10250,1.0);
#10248=VECTOR('',#10251,1.0);
#10249=VECTOR('',#10252,1.0);
#10250=DIRECTION('',(-0.354610960111832,0.935013939451474,0));
#10251=DIRECTION('',(0.6167736851519757,-0.787140534659505,0));
#10252=DIRECTION('',(0.2974954977608979,-0.9547232210499521,0));
#10253=FACE_SURFACE('',(#10258),#10254,.T.);
#10254=PLANE('',#10255);
#10255=AXIS2_PLACEMENT_3D('',#552,#10256,#10257);
#10256=DIRECTION('',(0,0,-1));
#10257=DIRECTION('',(-0.2974954977608979,0.9547232210499521,0));
#10258=FACE_BOUND('',#10259,.T.);
#10259=EDGE_LOOP('',(#10260,#10261,#10262));
#10260=ORIENTED_EDGE('',*,*,#10263,.T.);
#10261=ORIENTED_EDGE('',*,*,#10264,.T.);
#10262=ORIENTED_EDGE('',*,*,#10265,.T.);
#10263=EDGE_CURVE('',#553,#373,#10266,.F.);
#10264=EDGE_CURVE('',#373,#379,#10267,.T.);
#10265=EDGE_CURVE('',#379,#553,#10268,.T.);
#10266=LINE('',#552,#10269);
#10267=LINE('',#372,#10270);
#10268=LINE('',#378,#10271);
#10269=VECTOR('',#10272,1.0);
#10270=VECTOR('',#10273,1.0);
#10271=VECTOR('',#10274,1.0);
#10272=DIRECTION('',(-0.2974954977608979,0.9547232210499521,0));
#10273=DIRECTION('',(0.5173263752137502,-0.85578818729181,0));
#10274=DIRECTION('',(0.2393093759533991,-0.9709433673396171,0));
#10275=FACE_SURFACE('',(#10280),#10276,.T.);
#10276=PLANE('',#10277);
#10277=AXIS2_PLACEMENT_3D('',#560,#10278,#10279);
#10278=DIRECTION('',(0,0,1));
#10279=DIRECTION('',(0.7070159086109588,-0.7071976420853087,0));
#10280=FACE_BOUND('',#10281,.T.);
#10281=EDGE_LOOP('',(#10282,#10283,#10284));
#10282=ORIENTED_EDGE('',*,*,#10285,.T.);
#10283=ORIENTED_EDGE('',*,*,#10286,.T.);
#10284=ORIENTED_EDGE('',*,*,#10287,.T.);
#10285=EDGE_CURVE('',#561,#563,#10288,.F.);
#10286=EDGE_CURVE('',#563,#375,#10289,.T.);
#10287=EDGE_CURVE('',#375,#561,#10290,.T.);
#10288=LINE('',#560,#10291);
#10289=LINE('',#562,#10292);
#10290=LINE('',#374,#10293);
#10291=VECTOR('',#10294,1.0);
#10292=VECTOR('',#10295,1.0);
#10293=VECTOR('',#10296,1.0);
#10294=DIRECTION('',(0.7070159086109588,-0.7071976420853087,0));
#10295=DIRECTION('',(0.9999998999573608,0.0004473089184074444,0));
#10296=DIRECTION('',(-0.9982455944238252,0.05920923250156051,0));
#10297=FACE_SURFACE('',(#10302),#10298,.T.);
#10298=PLANE('',#10299);
#10299=AXIS2_PLACEMENT_3D('',#374,#10300,#10301);
#10300=DIRECTION('',(0,0,1));
#10301=DIRECTION('',(-0.9999998999573608,-0.0004473089184074444,0));
#10302=FACE_BOUND('',#10303,.T.);
#10303=EDGE_LOOP('',(#10304,#10305,#10306));
#10304=ORIENTED_EDGE('',*,*,#10307,.T.);
#10305=ORIENTED_EDGE('',*,*,#10308,.T.);
#10306=ORIENTED_EDGE('',*,*,#10309,.T.);
#10307=EDGE_CURVE('',#375,#563,#10310,.F.);
#10308=EDGE_CURVE('',#563,#565,#10311,.T.);
#10309=EDGE_CURVE('',#565,#375,#10312,.T.);
#10310=LINE('',#374,#10313);
#10311=LINE('',#562,#10314);
#10312=LINE('',#564,#10315);
#10313=VECTOR('',#10316,1.0);
#10314=VECTOR('',#10317,1.0);
#10315=VECTOR('',#10318,1.0);
#10316=DIRECTION('',(-0.9999998999573608,-0.0004473089184074444,0));
#10317=DIRECTION('',(0.9870137295764507,-0.16063591636861557,0));
#10318=DIRECTION('',(-0.12527887168262214,0.9921215673040926,0));
#10319=FACE_SURFACE('',(#10324),#10320,.T.);
#10320=PLANE('',#10321);
#10321=AXIS2_PLACEMENT_3D('',#374,#10322,#10323);
#10322=DIRECTION('',(0,0,1));
#10323=DIRECTION('',(-0.9952999267212358,0.096840362807574,0));
#10324=FACE_BOUND('',#10325,.T.);
#10325=EDGE_LOOP('',(#10326,#10327,#10328));
#10326=ORIENTED_EDGE('',*,*,#10329,.T.);
#10327=ORIENTED_EDGE('',*,*,#10330,.T.);
#10328=ORIENTED_EDGE('',*,*,#10331,.T.);
#10329=EDGE_CURVE('',#375,#377,#10332,.F.);
#10330=EDGE_CURVE('',#377,#561,#10333,.T.);
#10331=EDGE_CURVE('',#561,#375,#10334,.T.);
#10332=LINE('',#374,#10335);
#10333=LINE('',#376,#10336);
#10334=LINE('',#560,#10337);
#10335=VECTOR('',#10338,1.0);
#10336=VECTOR('',#10339,1.0);
#10337=VECTOR('',#10340,1.0);
#10338=DIRECTION('',(-0.9952999267212358,0.096840362807574,0));
#10339=DIRECTION('',(0.8467712348442401,-0.531957212415022,0));
#10340=DIRECTION('',(0.9982455944238252,-0.05920923250156051,0));
#10341=FACE_SURFACE('',(#10346),#10342,.T.);
#10342=PLANE('',#10343);
#10343=AXIS2_PLACEMENT_3D('',#374,#10344,#10345);
#10344=DIRECTION('',(0.9921169960918069,0.12527829445868482,0.003035622389668753));
#10345=DIRECTION('',(0.12527887168262214,-0.9921215673040926,0));
#10346=FACE_BOUND('',#10347,.T.);
#10347=EDGE_LOOP('',(#10348,#10349,#10350));
#10348=ORIENTED_EDGE('',*,*,#10351,.T.);
#10349=ORIENTED_EDGE('',*,*,#10352,.T.);
#10350=ORIENTED_EDGE('',*,*,#10353,.T.);
#10351=EDGE_CURVE('',#375,#565,#10354,.F.);
#10352=EDGE_CURVE('',#565,#567,#10355,.T.);
#10353=EDGE_CURVE('',#567,#375,#10356,.T.);
#10354=LINE('',#374,#10357);
#10355=LINE('',#564,#10358);
#10356=LINE('',#566,#10359);
#10357=VECTOR('',#10360,1.0);
#10358=VECTOR('',#10361,1.0);
#10359=VECTOR('',#10362,1.0);
#10360=DIRECTION('',(0.12527887168262214,-0.9921215673040926,0));
#10361=DIRECTION('',(-0.008125782076182319,0.08848572636549917,-0.996044300167026));
#10362=DIRECTION('',(-0.015959458070999997,0.10228697611984548,0.994626900005393));
#10363=FACE_SURFACE('',(#10368),#10364,.T.);
#10364=PLANE('',#10365);
#10365=AXIS2_PLACEMENT_3D('',#566,#10366,#10367);
#10366=DIRECTION('',(0.9836154929475889,0.18025807233249821,-0.0027548851960325312));
#10367=DIRECTION('',(-0.18025875636101774,0.9836192254908295,0));
#10368=FACE_BOUND('',#10369,.T.);
#10369=EDGE_LOOP('',(#10370,#10371,#10372));
#10370=ORIENTED_EDGE('',*,*,#10373,.T.);
#10371=ORIENTED_EDGE('',*,*,#10374,.T.);
#10372=ORIENTED_EDGE('',*,*,#10375,.T.);
#10373=EDGE_CURVE('',#567,#381,#10376,.F.);
#10374=EDGE_CURVE('',#381,#375,#10377,.T.);
#10375=EDGE_CURVE('',#375,#567,#10378,.T.);
#10376=LINE('',#566,#10379);
#10377=LINE('',#380,#10380);
#10378=LINE('',#374,#10381);
#10379=VECTOR('',#10382,1.0);
#10380=VECTOR('',#10383,1.0);
#10381=VECTOR('',#10384,1.0);
#10382=DIRECTION('',(-0.18025875636101774,0.9836192254908295,0));
#10383=DIRECTION('',(0.017384871221276056,-0.07963199410400178,0.996672720489349));
#10384=DIRECTION('',(0.015959458070999997,-0.10228697611984548,-0.994626900005393));
#10385=FACE_SURFACE('',(#10390),#10386,.T.);
#10386=PLANE('',#10387);
#10387=AXIS2_PLACEMENT_3D('',#376,#10388,#10389);
#10388=DIRECTION('',(-0.531957212415022,-0.84677123484424,0));
#10389=DIRECTION('',(0.08706612513068633,-0.05469653586994713,-0.9946998435802408));
#10390=FACE_BOUND('',#10391,.T.);
#10391=EDGE_LOOP('',(#10392,#10393,#10394));
#10392=ORIENTED_EDGE('',*,*,#10395,.T.);
#10393=ORIENTED_EDGE('',*,*,#10396,.T.);
#10394=ORIENTED_EDGE('',*,*,#10397,.T.);
#10395=EDGE_CURVE('',#377,#495,#10398,.F.);
#10396=EDGE_CURVE('',#495,#561,#10399,.T.);
#10397=EDGE_CURVE('',#561,#377,#10400,.T.);
#10398=LINE('',#376,#10401);
#10399=LINE('',#494,#10402);
#10400=LINE('',#560,#10403);
#10401=VECTOR('',#10404,1.0);
#10402=VECTOR('',#10405,1.0);
#10403=VECTOR('',#10406,1.0);
#10404=DIRECTION('',(0.08706612513068633,-0.05469653586994713,-0.9946998435802408));
#10405=DIRECTION('',(0,0,1));
#10406=DIRECTION('',(-0.8467712348442401,0.531957212415022,0));
#10407=FACE_SURFACE('',(#10412),#10408,.T.);
#10408=PLANE('',#10409);
#10409=AXIS2_PLACEMENT_3D('',#552,#10410,#10411);
#10410=DIRECTION('',(0,0,-1));
#10411=DIRECTION('',(-0.2393093759533991,0.9709433673396171,0));
#10412=FACE_BOUND('',#10413,.T.);
#10413=EDGE_LOOP('',(#10414,#10415,#10416));
#10414=ORIENTED_EDGE('',*,*,#10417,.T.);
#10415=ORIENTED_EDGE('',*,*,#10418,.T.);
#10416=ORIENTED_EDGE('',*,*,#10419,.T.);
#10417=EDGE_CURVE('',#553,#379,#10420,.F.);
#10418=EDGE_CURVE('',#379,#383,#10421,.T.);
#10419=EDGE_CURVE('',#383,#553,#10422,.T.);
#10420=LINE('',#552,#10423);
#10421=LINE('',#378,#10424);
#10422=LINE('',#382,#10425);
#10423=VECTOR('',#10426,1.0);
#10424=VECTOR('',#10427,1.0);
#10425=VECTOR('',#10428,1.0);
#10426=DIRECTION('',(-0.2393093759533991,0.9709433673396171,0));
#10427=DIRECTION('',(0.4103436606322246,-0.9119309623973438,0));
#10428=DIRECTION('',(0.18027261455773028,-0.9836166857269757,0));
#10429=FACE_SURFACE('',(#10434),#10430,.T.);
#10430=PLANE('',#10431);
#10431=AXIS2_PLACEMENT_3D('',#552,#10432,#10433);
#10432=DIRECTION('',(0,0,-1));
#10433=DIRECTION('',(-0.12051404055377501,0.9927116227935497,0));
#10434=FACE_BOUND('',#10435,.T.);
#10435=EDGE_LOOP('',(#10436,#10437,#10438));
#10436=ORIENTED_EDGE('',*,*,#10439,.T.);
#10437=ORIENTED_EDGE('',*,*,#10440,.T.);
#10438=ORIENTED_EDGE('',*,*,#10441,.T.);
#10439=EDGE_CURVE('',#553,#381,#10442,.F.);
#10440=EDGE_CURVE('',#381,#567,#10443,.T.);
#10441=EDGE_CURVE('',#567,#553,#10444,.T.);
#10442=LINE('',#552,#10445);
#10443=LINE('',#380,#10446);
#10444=LINE('',#566,#10447);
#10445=VECTOR('',#10448,1.0);
#10446=VECTOR('',#10449,1.0);
#10447=VECTOR('',#10450,1.0);
#10448=DIRECTION('',(-0.12051404055377501,0.9927116227935497,0));
#10449=DIRECTION('',(0.18025875636101774,-0.9836192254908295,0));
#10450=DIRECTION('',(0.06032902817928083,-0.998178545330916,0));
#10451=FACE_SURFACE('',(#10456),#10452,.T.);
#10452=PLANE('',#10453);
#10453=AXIS2_PLACEMENT_3D('',#552,#10454,#10455);
#10454=DIRECTION('',(0,0,-1));
#10455=DIRECTION('',(-0.18027261455773028,0.9836166857269757,0));
#10456=FACE_BOUND('',#10457,.T.);
#10457=EDGE_LOOP('',(#10458,#10459,#10460));
#10458=ORIENTED_EDGE('',*,*,#10461,.T.);
#10459=ORIENTED_EDGE('',*,*,#10462,.T.);
#10460=ORIENTED_EDGE('',*,*,#10463,.T.);
#10461=EDGE_CURVE('',#553,#383,#10464,.F.);
#10462=EDGE_CURVE('',#383,#381,#10465,.T.);
#10463=EDGE_CURVE('',#381,#553,#10466,.T.);
#10464=LINE('',#552,#10467);
#10465=LINE('',#382,#10468);
#10466=LINE('',#380,#10469);
#10467=VECTOR('',#10470,1.0);
#10468=VECTOR('',#10471,1.0);
#10469=VECTOR('',#10472,1.0);
#10470=DIRECTION('',(-0.18027261455773028,0.9836166857269757,0));
#10471=DIRECTION('',(0.2975957381183812,-0.9546919799881928,0));
#10472=DIRECTION('',(0.12051404055377501,-0.9927116227935497,0));
#10473=FACE_SURFACE('',(#10478),#10474,.T.);
#10474=PLANE('',#10475);
#10475=AXIS2_PLACEMENT_3D('',#384,#10476,#10477);
#10476=DIRECTION('',(-0.1874006655552731,-0.9822835591362815,0));
#10477=DIRECTION('',(0,0,1));
#10478=FACE_BOUND('',#10479,.T.);
#10479=EDGE_LOOP('',(#10480,#10481,#10482));
#10480=ORIENTED_EDGE('',*,*,#10483,.T.);
#10481=ORIENTED_EDGE('',*,*,#10484,.T.);
#10482=ORIENTED_EDGE('',*,*,#10485,.T.);
#10483=EDGE_CURVE('',#385,#387,#10486,.F.);
#10484=EDGE_CURVE('',#387,#409,#10487,.T.);
#10485=EDGE_CURVE('',#409,#385,#10488,.T.);
#10486=LINE('',#384,#10489);
#10487=LINE('',#386,#10490);
#10488=LINE('',#408,#10491);
#10489=VECTOR('',#10492,1.0);
#10490=VECTOR('',#10493,1.0);
#10491=VECTOR('',#10494,1.0);
#10492=DIRECTION('',(0,0,1));
#10493=DIRECTION('',(-0.0513254627883785,0.009791903566961847,-0.9986339747345341));
#10494=DIRECTION('',(0.9822835591362816,-0.1874006655552731,0));
#10495=FACE_SURFACE('',(#10500),#10496,.T.);
#10496=PLANE('',#10497);
#10497=AXIS2_PLACEMENT_3D('',#408,#10498,#10499);
#10498=DIRECTION('',(-0.1874006655552731,-0.9822835591362815,0));
#10499=DIRECTION('',(0.0513254627883785,-0.009791903566961847,0.9986339747345341));
#10500=FACE_BOUND('',#10501,.T.);
#10501=EDGE_LOOP('',(#10502,#10503,#10504));
#10502=ORIENTED_EDGE('',*,*,#10505,.T.);
#10503=ORIENTED_EDGE('',*,*,#10506,.T.);
#10504=ORIENTED_EDGE('',*,*,#10507,.T.);
#10505=EDGE_CURVE('',#409,#387,#10508,.F.);
#10506=EDGE_CURVE('',#387,#389,#10509,.T.);
#10507=EDGE_CURVE('',#389,#409,#10510,.T.);
#10508=LINE('',#408,#10511);
#10509=LINE('',#386,#10512);
#10510=LINE('',#388,#10513);
#10511=VECTOR('',#10514,1.0);
#10512=VECTOR('',#10515,1.0);
#10513=VECTOR('',#10516,1.0);
#10514=DIRECTION('',(0.0513254627883785,-0.009791903566961847,0.9986339747345341));
#10515=DIRECTION('',(-0.9822835591362816,0.1874006655552731,0));
#10516=DIRECTION('',(0,0,-1));
#10517=FACE_SURFACE('',(#10522),#10518,.T.);
#10518=PLANE('',#10519);
#10519=AXIS2_PLACEMENT_3D('',#408,#10520,#10521);
#10520=DIRECTION('',(-0.3090157363767857,-0.9510569250426144,0));
#10521=DIRECTION('',(0,0,1));
#10522=FACE_BOUND('',#10523,.T.);
#10523=EDGE_LOOP('',(#10524,#10525,#10526));
#10524=ORIENTED_EDGE('',*,*,#10527,.T.);
#10525=ORIENTED_EDGE('',*,*,#10528,.T.);
#10526=ORIENTED_EDGE('',*,*,#10529,.T.);
#10527=EDGE_CURVE('',#409,#389,#10530,.F.);
#10528=EDGE_CURVE('',#389,#411,#10531,.T.);
#10529=EDGE_CURVE('',#411,#409,#10532,.T.);
#10530=LINE('',#408,#10533);
#10531=LINE('',#388,#10534);
#10532=LINE('',#410,#10535);
#10533=VECTOR('',#10536,1.0);
#10534=VECTOR('',#10537,1.0);
#10535=VECTOR('',#10538,1.0);
#10536=DIRECTION('',(0,0,1));
#10537=DIRECTION('',(-0.04969601255546086,0.01614714062896669,-0.9986338549166035));
#10538=DIRECTION('',(0.9510569250426143,-0.30901573637678564,0));
#10539=FACE_SURFACE('',(#10544),#10540,.T.);
#10540=PLANE('',#10541);
#10541=AXIS2_PLACEMENT_3D('',#410,#10542,#10543);
#10542=DIRECTION('',(-0.3090157363767857,-0.9510569250426144,0));
#10543=DIRECTION('',(0.04969601255546086,-0.01614714062896669,0.9986338549166035));
#10544=FACE_BOUND('',#10545,.T.);
#10545=EDGE_LOOP('',(#10546,#10547,#10548));
#10546=ORIENTED_EDGE('',*,*,#10549,.T.);
#10547=ORIENTED_EDGE('',*,*,#10550,.T.);
#10548=ORIENTED_EDGE('',*,*,#10551,.T.);
#10549=EDGE_CURVE('',#411,#389,#10552,.F.);
#10550=EDGE_CURVE('',#389,#391,#10553,.T.);
#10551=EDGE_CURVE('',#391,#411,#10554,.T.);
#10552=LINE('',#410,#10555);
#10553=LINE('',#388,#10556);
#10554=LINE('',#390,#10557);
#10555=VECTOR('',#10558,1.0);
#10556=VECTOR('',#10559,1.0);
#10557=VECTOR('',#10560,1.0);
#10558=DIRECTION('',(0.04969601255546086,-0.01614714062896669,0.9986338549166035));
#10559=DIRECTION('',(-0.9510569250426143,0.30901573637678564,0));
#10560=DIRECTION('',(0,0,-1));
#10561=FACE_SURFACE('',(#10566),#10562,.T.);
#10562=PLANE('',#10563);
#10563=AXIS2_PLACEMENT_3D('',#410,#10564,#10565);
#10564=DIRECTION('',(-0.4257642682324091,-0.9048341217574197,0));
#10565=DIRECTION('',(0,0,1));
#10566=FACE_BOUND('',#10567,.T.);
#10567=EDGE_LOOP('',(#10568,#10569,#10570));
#10568=ORIENTED_EDGE('',*,*,#10571,.T.);
#10569=ORIENTED_EDGE('',*,*,#10572,.T.);
#10570=ORIENTED_EDGE('',*,*,#10573,.T.);
#10571=EDGE_CURVE('',#411,#391,#10574,.F.);
#10572=EDGE_CURVE('',#391,#413,#10575,.T.);
#10573=EDGE_CURVE('',#413,#411,#10576,.T.);
#10574=LINE('',#410,#10577);
#10575=LINE('',#390,#10578);
#10576=LINE('',#412,#10579);
#10577=VECTOR('',#10580,1.0);
#10578=VECTOR('',#10581,1.0);
#10579=VECTOR('',#10582,1.0);
#10580=DIRECTION('',(0,0,1));
#10581=DIRECTION('',(-0.04728231793085715,0.022248411073472467,-0.9986337620047657));
#10582=DIRECTION('',(0.9048341217574197,-0.42576426823240915,0));
#10583=FACE_SURFACE('',(#10588),#10584,.T.);
#10584=PLANE('',#10585);
#10585=AXIS2_PLACEMENT_3D('',#412,#10586,#10587);
#10586=DIRECTION('',(-0.4257642682324091,-0.9048341217574197,0));
#10587=DIRECTION('',(0.04728231793085715,-0.022248411073472467,0.9986337620047657));
#10588=FACE_BOUND('',#10589,.T.);
#10589=EDGE_LOOP('',(#10590,#10591,#10592));
#10590=ORIENTED_EDGE('',*,*,#10593,.T.);
#10591=ORIENTED_EDGE('',*,*,#10594,.T.);
#10592=ORIENTED_EDGE('',*,*,#10595,.T.);
#10593=EDGE_CURVE('',#413,#391,#10596,.F.);
#10594=EDGE_CURVE('',#391,#393,#10597,.T.);
#10595=EDGE_CURVE('',#393,#413,#10598,.T.);
#10596=LINE('',#412,#10599);
#10597=LINE('',#390,#10600);
#10598=LINE('',#392,#10601);
#10599=VECTOR('',#10602,1.0);
#10600=VECTOR('',#10603,1.0);
#10601=VECTOR('',#10604,1.0);
#10602=DIRECTION('',(0.04728231793085715,-0.022248411073472467,0.9986337620047657));
#10603=DIRECTION('',(-0.9048341217574197,0.42576426823240915,0));
#10604=DIRECTION('',(0,0,-1));
#10605=FACE_SURFACE('',(#10610),#10606,.T.);
#10606=PLANE('',#10607);
#10607=AXIS2_PLACEMENT_3D('',#412,#10608,#10609);
#10608=DIRECTION('',(-0.5358159111510615,-0.8443348324908535,0));
#10609=DIRECTION('',(0,0,1));
#10610=FACE_BOUND('',#10611,.T.);
#10611=EDGE_LOOP('',(#10612,#10613,#10614));
#10612=ORIENTED_EDGE('',*,*,#10615,.T.);
#10613=ORIENTED_EDGE('',*,*,#10616,.T.);
#10614=ORIENTED_EDGE('',*,*,#10617,.T.);
#10615=EDGE_CURVE('',#413,#393,#10618,.F.);
#10616=EDGE_CURVE('',#393,#415,#10619,.T.);
#10617=EDGE_CURVE('',#415,#413,#10620,.T.);
#10618=LINE('',#412,#10621);
#10619=LINE('',#392,#10622);
#10620=LINE('',#414,#10623);
#10621=VECTOR('',#10624,1.0);
#10622=VECTOR('',#10625,1.0);
#10623=VECTOR('',#10626,1.0);
#10624=DIRECTION('',(0,0,1));
#10625=DIRECTION('',(-0.044120952805086426,0.02799921028766329,-0.9986337595669589));
#10626=DIRECTION('',(0.8443348324908536,-0.5358159111510615,0));
#10627=FACE_SURFACE('',(#10632),#10628,.T.);
#10628=PLANE('',#10629);
#10629=AXIS2_PLACEMENT_3D('',#414,#10630,#10631);
#10630=DIRECTION('',(-0.5358159111510615,-0.8443348324908535,0));
#10631=DIRECTION('',(0.044120952805086426,-0.02799921028766329,0.9986337595669589));
#10632=FACE_BOUND('',#10633,.T.);
#10633=EDGE_LOOP('',(#10634,#10635,#10636));
#10634=ORIENTED_EDGE('',*,*,#10637,.T.);
#10635=ORIENTED_EDGE('',*,*,#10638,.T.);
#10636=ORIENTED_EDGE('',*,*,#10639,.T.);
#10637=EDGE_CURVE('',#415,#393,#10640,.F.);
#10638=EDGE_CURVE('',#393,#395,#10641,.T.);
#10639=EDGE_CURVE('',#395,#415,#10642,.T.);
#10640=LINE('',#414,#10643);
#10641=LINE('',#392,#10644);
#10642=LINE('',#394,#10645);
#10643=VECTOR('',#10646,1.0);
#10644=VECTOR('',#10647,1.0);
#10645=VECTOR('',#10648,1.0);
#10646=DIRECTION('',(0.044120952805086426,-0.02799921028766329,0.9986337595669589));
#10647=DIRECTION('',(-0.8443348324908536,0.5358159111510615,0));
#10648=DIRECTION('',(0,0,-1));
#10649=FACE_SURFACE('',(#10654),#10650,.T.);
#10650=PLANE('',#10651);
#10651=AXIS2_PLACEMENT_3D('',#414,#10652,#10653);
#10652=DIRECTION('',(-0.6374419749509552,-0.7704983637689478,0));
#10653=DIRECTION('',(0,0,1));
#10654=FACE_BOUND('',#10655,.T.);
#10655=EDGE_LOOP('',(#10656,#10657,#10658));
#10656=ORIENTED_EDGE('',*,*,#10659,.T.);
#10657=ORIENTED_EDGE('',*,*,#10660,.T.);
#10658=ORIENTED_EDGE('',*,*,#10661,.T.);
#10659=EDGE_CURVE('',#415,#395,#10662,.F.);
#10660=EDGE_CURVE('',#395,#417,#10663,.T.);
#10661=EDGE_CURVE('',#417,#415,#10664,.T.);
#10662=LINE('',#414,#10665);
#10663=LINE('',#394,#10666);
#10664=LINE('',#416,#10667);
#10665=VECTOR('',#10668,1.0);
#10666=VECTOR('',#10669,1.0);
#10667=VECTOR('',#10670,1.0);
#10668=DIRECTION('',(0,0,1));
#10669=DIRECTION('',(-0.04026067947216605,0.033308113608533016,-0.9986338905005581));
#10670=DIRECTION('',(0.7704983637689478,-0.6374419749509552,0));
#10671=FACE_SURFACE('',(#10676),#10672,.T.);
#10672=PLANE('',#10673);
#10673=AXIS2_PLACEMENT_3D('',#416,#10674,#10675);
#10674=DIRECTION('',(-0.6374419749509552,-0.7704983637689478,0));
#10675=DIRECTION('',(0.04026067947216605,-0.033308113608533016,0.9986338905005581));
#10676=FACE_BOUND('',#10677,.T.);
#10677=EDGE_LOOP('',(#10678,#10679,#10680));
#10678=ORIENTED_EDGE('',*,*,#10681,.T.);
#10679=ORIENTED_EDGE('',*,*,#10682,.T.);
#10680=ORIENTED_EDGE('',*,*,#10683,.T.);
#10681=EDGE_CURVE('',#417,#395,#10684,.F.);
#10682=EDGE_CURVE('',#395,#397,#10685,.T.);
#10683=EDGE_CURVE('',#397,#417,#10686,.T.);
#10684=LINE('',#416,#10687);
#10685=LINE('',#394,#10688);
#10686=LINE('',#396,#10689);
#10687=VECTOR('',#10690,1.0);
#10688=VECTOR('',#10691,1.0);
#10689=VECTOR('',#10692,1.0);
#10690=DIRECTION('',(0.04026067947216605,-0.033308113608533016,0.9986338905005581));
#10691=DIRECTION('',(-0.7704983637689478,0.6374419749509552,0));
#10692=DIRECTION('',(0,0,-1));
#10693=FACE_SURFACE('',(#10698),#10694,.T.);
#10694=PLANE('',#10695);
#10695=AXIS2_PLACEMENT_3D('',#416,#10696,#10697);
#10696=DIRECTION('',(-0.7289688872252039,-0.6845468292656448,0));
#10697=DIRECTION('',(0,0,1));
#10698=FACE_BOUND('',#10699,.T.);
#10699=EDGE_LOOP('',(#10700,#10701,#10702));
#10700=ORIENTED_EDGE('',*,*,#10703,.T.);
#10701=ORIENTED_EDGE('',*,*,#10704,.T.);
#10702=ORIENTED_EDGE('',*,*,#10705,.T.);
#10703=EDGE_CURVE('',#417,#397,#10706,.F.);
#10704=EDGE_CURVE('',#397,#419,#10707,.T.);
#10705=EDGE_CURVE('',#419,#417,#10708,.T.);
#10706=LINE('',#416,#10709);
#10707=LINE('',#396,#10710);
#10708=LINE('',#418,#10711);
#10709=VECTOR('',#10712,1.0);
#10710=VECTOR('',#10713,1.0);
#10711=VECTOR('',#10714,1.0);
#10712=DIRECTION('',(0,0,1));
#10713=DIRECTION('',(-0.03577056235807245,0.0380918089498081,-0.9986338072384284));
#10714=DIRECTION('',(0.6845468292656447,-0.7289688872252039,0));
#10715=FACE_SURFACE('',(#10720),#10716,.T.);
#10716=PLANE('',#10717);
#10717=AXIS2_PLACEMENT_3D('',#418,#10718,#10719);
#10718=DIRECTION('',(-0.7289688872252039,-0.6845468292656448,0));
#10719=DIRECTION('',(0.03577056235807245,-0.0380918089498081,0.9986338072384284));
#10720=FACE_BOUND('',#10721,.T.);
#10721=EDGE_LOOP('',(#10722,#10723,#10724));
#10722=ORIENTED_EDGE('',*,*,#10725,.T.);
#10723=ORIENTED_EDGE('',*,*,#10726,.T.);
#10724=ORIENTED_EDGE('',*,*,#10727,.T.);
#10725=EDGE_CURVE('',#419,#397,#10728,.F.);
#10726=EDGE_CURVE('',#397,#399,#10729,.T.);
#10727=EDGE_CURVE('',#399,#419,#10730,.T.);
#10728=LINE('',#418,#10731);
#10729=LINE('',#396,#10732);
#10730=LINE('',#398,#10733);
#10731=VECTOR('',#10734,1.0);
#10732=VECTOR('',#10735,1.0);
#10733=VECTOR('',#10736,1.0);
#10734=DIRECTION('',(0.03577056235807245,-0.0380918089498081,0.9986338072384284));
#10735=DIRECTION('',(-0.6845468292656447,0.7289688872252039,0));
#10736=DIRECTION('',(0,0,-1));
#10737=FACE_SURFACE('',(#10742),#10738,.T.);
#10738=PLANE('',#10739);
#10739=AXIS2_PLACEMENT_3D('',#418,#10740,#10741);
#10740=DIRECTION('',(-0.8090016551584567,-0.5878063643334237,0));
#10741=DIRECTION('',(0,0,1));
#10742=FACE_BOUND('',#10743,.T.);
#10743=EDGE_LOOP('',(#10744,#10745,#10746));
#10744=ORIENTED_EDGE('',*,*,#10747,.T.);
#10745=ORIENTED_EDGE('',*,*,#10748,.T.);
#10746=ORIENTED_EDGE('',*,*,#10749,.T.);
#10747=EDGE_CURVE('',#419,#399,#10750,.F.);
#10748=EDGE_CURVE('',#399,#421,#10751,.T.);
#10749=EDGE_CURVE('',#421,#419,#10752,.T.);
#10750=LINE('',#418,#10753);
#10751=LINE('',#398,#10754);
#10752=LINE('',#420,#10755);
#10753=VECTOR('',#10756,1.0);
#10754=VECTOR('',#10757,1.0);
#10755=VECTOR('',#10758,1.0);
#10756=DIRECTION('',(0,0,1));
#10757=DIRECTION('',(-0.03071562837396634,0.04227411559578764,-0.9986337913991226));
#10758=DIRECTION('',(0.5878063643334237,-0.8090016551584566,0));
#10759=FACE_SURFACE('',(#10764),#10760,.T.);
#10760=PLANE('',#10761);
#10761=AXIS2_PLACEMENT_3D('',#420,#10762,#10763);
#10762=DIRECTION('',(-0.8090016551584567,-0.5878063643334237,0));
#10763=DIRECTION('',(0.03071562837396634,-0.04227411559578764,0.9986337913991226));
#10764=FACE_BOUND('',#10765,.T.);
#10765=EDGE_LOOP('',(#10766,#10767,#10768));
#10766=ORIENTED_EDGE('',*,*,#10769,.T.);
#10767=ORIENTED_EDGE('',*,*,#10770,.T.);
#10768=ORIENTED_EDGE('',*,*,#10771,.T.);
#10769=EDGE_CURVE('',#421,#399,#10772,.F.);
#10770=EDGE_CURVE('',#399,#401,#10773,.T.);
#10771=EDGE_CURVE('',#401,#421,#10774,.T.);
#10772=LINE('',#420,#10775);
#10773=LINE('',#398,#10776);
#10774=LINE('',#400,#10777);
#10775=VECTOR('',#10778,1.0);
#10776=VECTOR('',#10779,1.0);
#10777=VECTOR('',#10780,1.0);
#10778=DIRECTION('',(0.03071562837396634,-0.04227411559578764,0.9986337913991226));
#10779=DIRECTION('',(-0.5878063643334237,0.8090016551584566,0));
#10780=DIRECTION('',(0,0,-1));
#10781=FACE_SURFACE('',(#10786),#10782,.T.);
#10782=PLANE('',#10783);
#10783=AXIS2_PLACEMENT_3D('',#420,#10784,#10785);
#10784=DIRECTION('',(-0.8763127590642126,-0.4817426162394886,0));
#10785=DIRECTION('',(0,0,1));
#10786=FACE_BOUND('',#10787,.T.);
#10787=EDGE_LOOP('',(#10788,#10789,#10790));
#10788=ORIENTED_EDGE('',*,*,#10791,.T.);
#10789=ORIENTED_EDGE('',*,*,#10792,.T.);
#10790=ORIENTED_EDGE('',*,*,#10793,.T.);
#10791=EDGE_CURVE('',#421,#401,#10794,.F.);
#10792=EDGE_CURVE('',#401,#423,#10795,.T.);
#10793=EDGE_CURVE('',#423,#421,#10796,.T.);
#10794=LINE('',#420,#10797);
#10795=LINE('',#400,#10798);
#10796=LINE('',#422,#10799);
#10797=VECTOR('',#10800,1.0);
#10798=VECTOR('',#10801,1.0);
#10799=VECTOR('',#10802,1.0);
#10800=DIRECTION('',(0,0,1));
#10801=DIRECTION('',(-0.02517308140545707,0.045791033794688574,-0.9986338153680596));
#10802=DIRECTION('',(0.4817426162394886,-0.8763127590642126,0));
#10803=FACE_SURFACE('',(#10808),#10804,.T.);
#10804=PLANE('',#10805);
#10805=AXIS2_PLACEMENT_3D('',#422,#10806,#10807);
#10806=DIRECTION('',(-0.8763127590642126,-0.4817426162394886,0));
#10807=DIRECTION('',(0.02517308140545707,-0.045791033794688574,0.9986338153680596));
#10808=FACE_BOUND('',#10809,.T.);
#10809=EDGE_LOOP('',(#10810,#10811,#10812));
#10810=ORIENTED_EDGE('',*,*,#10813,.T.);
#10811=ORIENTED_EDGE('',*,*,#10814,.T.);
#10812=ORIENTED_EDGE('',*,*,#10815,.T.);
#10813=EDGE_CURVE('',#423,#401,#10816,.F.);
#10814=EDGE_CURVE('',#401,#403,#10817,.T.);
#10815=EDGE_CURVE('',#403,#423,#10818,.T.);
#10816=LINE('',#422,#10819);
#10817=LINE('',#400,#10820);
#10818=LINE('',#402,#10821);
#10819=VECTOR('',#10822,1.0);
#10820=VECTOR('',#10823,1.0);
#10821=VECTOR('',#10824,1.0);
#10822=DIRECTION('',(0.02517308140545707,-0.045791033794688574,0.9986338153680596));
#10823=DIRECTION('',(-0.4817426162394886,0.8763127590642126,0));
#10824=DIRECTION('',(0,0,-1));
#10825=FACE_SURFACE('',(#10830),#10826,.T.);
#10826=PLANE('',#10827);
#10827=AXIS2_PLACEMENT_3D('',#422,#10828,#10829);
#10828=DIRECTION('',(-0.9297981577030073,-0.3680698112207702,0));
#10829=DIRECTION('',(0,0,1));
#10830=FACE_BOUND('',#10831,.T.);
#10831=EDGE_LOOP('',(#10832,#10833,#10834));
#10832=ORIENTED_EDGE('',*,*,#10835,.T.);
#10833=ORIENTED_EDGE('',*,*,#10836,.T.);
#10834=ORIENTED_EDGE('',*,*,#10837,.T.);
#10835=EDGE_CURVE('',#423,#403,#10838,.F.);
#10836=EDGE_CURVE('',#403,#427,#10839,.T.);
#10837=EDGE_CURVE('',#427,#423,#10840,.T.);
#10838=LINE('',#422,#10841);
#10839=LINE('',#402,#10842);
#10840=LINE('',#426,#10843);
#10841=VECTOR('',#10844,1.0);
#10842=VECTOR('',#10845,1.0);
#10843=VECTOR('',#10846,1.0);
#10844=DIRECTION('',(0,0,1));
#10845=DIRECTION('',(-0.019232317873521764,0.048583646857235284,-0.9986339405444135));
#10846=DIRECTION('',(0.3680698112207702,-0.9297981577030074,0));
#10847=FACE_SURFACE('',(#10852),#10848,.T.);
#10848=PLANE('',#10849);
#10849=AXIS2_PLACEMENT_3D('',#426,#10850,#10851);
#10850=DIRECTION('',(-0.9297981577030073,-0.3680698112207702,0));
#10851=DIRECTION('',(0.019232317873521764,-0.048583646857235284,0.9986339405444135));
#10852=FACE_BOUND('',#10853,.T.);
#10853=EDGE_LOOP('',(#10854,#10855,#10856));
#10854=ORIENTED_EDGE('',*,*,#10857,.T.);
#10855=ORIENTED_EDGE('',*,*,#10858,.T.);
#10856=ORIENTED_EDGE('',*,*,#10859,.T.);
#10857=EDGE_CURVE('',#427,#403,#10860,.F.);
#10858=EDGE_CURVE('',#403,#405,#10861,.T.);
#10859=EDGE_CURVE('',#405,#427,#10862,.T.);
#10860=LINE('',#426,#10863);
#10861=LINE('',#402,#10864);
#10862=LINE('',#404,#10865);
#10863=VECTOR('',#10866,1.0);
#10864=VECTOR('',#10867,1.0);
#10865=VECTOR('',#10868,1.0);
#10866=DIRECTION('',(0.019232317873521764,-0.048583646857235284,0.9986339405444135));
#10867=DIRECTION('',(-0.3680698112207702,0.9297981577030074,0));
#10868=DIRECTION('',(0,0,-1));
#10869=FACE_SURFACE('',(#10874),#10870,.T.);
#10870=PLANE('',#10871);
#10871=AXIS2_PLACEMENT_3D('',#426,#10872,#10873);
#10872=DIRECTION('',(-0.9685837014637889,-0.24868778268886815,0));
#10873=DIRECTION('',(0,0,1));
#10874=FACE_BOUND('',#10875,.T.);
#10875=EDGE_LOOP('',(#10876,#10877,#10878));
#10876=ORIENTED_EDGE('',*,*,#10879,.T.);
#10877=ORIENTED_EDGE('',*,*,#10880,.T.);
#10878=ORIENTED_EDGE('',*,*,#10881,.T.);
#10879=EDGE_CURVE('',#427,#405,#10882,.F.);
#10880=EDGE_CURVE('',#405,#569,#10883,.T.);
#10881=EDGE_CURVE('',#569,#427,#10884,.T.);
#10882=LINE('',#426,#10885);
#10883=LINE('',#404,#10886);
#10884=LINE('',#568,#10887);
#10885=VECTOR('',#10888,1.0);
#10886=VECTOR('',#10889,1.0);
#10887=VECTOR('',#10890,1.0);
#10888=DIRECTION('',(0,0,1));
#10889=DIRECTION('',(-0.012994917750713951,0.05061231958849832,-0.9986338293982053));
#10890=DIRECTION('',(0.24868778268886813,-0.9685837014637889,0));
#10891=FACE_SURFACE('',(#10896),#10892,.T.);
#10892=PLANE('',#10893);
#10893=AXIS2_PLACEMENT_3D('',#568,#10894,#10895);
#10894=DIRECTION('',(-0.9685837014637889,-0.24868778268886815,0));
#10895=DIRECTION('',(0.012994917750713951,-0.05061231958849832,0.9986338293982053));
#10896=FACE_BOUND('',#10897,.T.);
#10897=EDGE_LOOP('',(#10898,#10899,#10900));
#10898=ORIENTED_EDGE('',*,*,#10901,.T.);
#10899=ORIENTED_EDGE('',*,*,#10902,.T.);
#10900=ORIENTED_EDGE('',*,*,#10903,.T.);
#10901=EDGE_CURVE('',#569,#405,#10904,.F.);
#10902=EDGE_CURVE('',#405,#571,#10905,.T.);
#10903=EDGE_CURVE('',#571,#569,#10906,.T.);
#10904=LINE('',#568,#10907);
#10905=LINE('',#404,#10908);
#10906=LINE('',#570,#10909);
#10907=VECTOR('',#10910,1.0);
#10908=VECTOR('',#10911,1.0);
#10909=VECTOR('',#10912,1.0);
#10910=DIRECTION('',(0.012994917750713951,-0.05061231958849832,0.9986338293982053));
#10911=DIRECTION('',(-0.24868778268886813,0.9685837014637889,0));
#10912=DIRECTION('',(0,0,-1));
#10913=FACE_SURFACE('',(#10918),#10914,.T.);
#10914=PLANE('',#10915);
#10915=AXIS2_PLACEMENT_3D('',#570,#10916,#10917);
#10916=DIRECTION('',(0,0,1));
#10917=DIRECTION('',(0.24868778268886813,-0.9685837014637889,0));
#10918=FACE_BOUND('',#10919,.T.);
#10919=EDGE_LOOP('',(#10920,#10921,#10922));
#10920=ORIENTED_EDGE('',*,*,#10923,.T.);
#10921=ORIENTED_EDGE('',*,*,#10924,.T.);
#10922=ORIENTED_EDGE('',*,*,#10925,.T.);
#10923=EDGE_CURVE('',#571,#405,#10926,.F.);
#10924=EDGE_CURVE('',#405,#573,#10927,.T.);
#10925=EDGE_CURVE('',#573,#571,#10928,.T.);
#10926=LINE('',#570,#10929);
#10927=LINE('',#404,#10930);
#10928=LINE('',#572,#10931);
#10929=VECTOR('',#10932,1.0);
#10930=VECTOR('',#10933,1.0);
#10931=VECTOR('',#10934,1.0);
#10932=DIRECTION('',(0.24868778268886813,-0.9685837014637889,0));
#10933=DIRECTION('',(0.9952833410702598,0.09701067460862625,0));
#10934=DIRECTION('',(-0.9982455944238252,0.05920923250156051,0));
#10935=FACE_SURFACE('',(#10940),#10936,.T.);
#10936=PLANE('',#10937);
#10937=AXIS2_PLACEMENT_3D('',#404,#10938,#10939);
#10938=DIRECTION('',(0,0,1));
#10939=DIRECTION('',(0.9988889643680051,0.047125755843424454,0));
#10940=FACE_BOUND('',#10941,.T.);
#10941=EDGE_LOOP('',(#10942,#10943,#10944));
#10942=ORIENTED_EDGE('',*,*,#10945,.T.);
#10943=ORIENTED_EDGE('',*,*,#10946,.T.);
#10944=ORIENTED_EDGE('',*,*,#10947,.T.);
#10945=EDGE_CURVE('',#405,#575,#10948,.F.);
#10946=EDGE_CURVE('',#575,#573,#10949,.T.);
#10947=EDGE_CURVE('',#573,#405,#10950,.T.);
#10948=LINE('',#404,#10951);
#10949=LINE('',#574,#10952);
#10950=LINE('',#572,#10953);
#10951=VECTOR('',#10954,1.0);
#10952=VECTOR('',#10955,1.0);
#10953=VECTOR('',#10956,1.0);
#10954=DIRECTION('',(0.9988889643680051,0.047125755843424454,0));
#10955=DIRECTION('',(-0.8467464686697371,0.5319966332556344,0));
#10956=DIRECTION('',(-0.9952833410702598,-0.09701067460862625,0));
#10957=FACE_SURFACE('',(#10962),#10958,.T.);
#10958=PLANE('',#10959);
#10959=AXIS2_PLACEMENT_3D('',#404,#10960,#10961);
#10960=DIRECTION('',(0,0,1));
#10961=DIRECTION('',(0.9998251125737899,0.01870145092788516,0));
#10962=FACE_BOUND('',#10963,.T.);
#10963=EDGE_LOOP('',(#10964,#10965,#10966));
#10964=ORIENTED_EDGE('',*,*,#10967,.T.);
#10965=ORIENTED_EDGE('',*,*,#10968,.T.);
#10966=ORIENTED_EDGE('',*,*,#10969,.T.);
#10967=EDGE_CURVE('',#405,#577,#10970,.F.);
#10968=EDGE_CURVE('',#577,#575,#10971,.T.);
#10969=EDGE_CURVE('',#575,#405,#10972,.T.);
#10970=LINE('',#404,#10973);
#10971=LINE('',#576,#10974);
#10972=LINE('',#574,#10975);
#10973=VECTOR('',#10976,1.0);
#10974=VECTOR('',#10977,1.0);
#10975=VECTOR('',#10978,1.0);
#10976=DIRECTION('',(0.9998251125737899,0.01870145092788516,0));
#10977=DIRECTION('',(-0.9438832833912708,0.3302791960364958,0));
#10978=DIRECTION('',(-0.9988889643680051,-0.047125755843424454,0));
#10979=FACE_SURFACE('',(#10984),#10980,.T.);
#10980=PLANE('',#10981);
#10981=AXIS2_PLACEMENT_3D('',#404,#10982,#10983);
#10982=DIRECTION('',(0,0,1));
#10983=DIRECTION('',(0.9999550666839297,0.009479694780834786,0));
#10984=FACE_BOUND('',#10985,.T.);
#10985=EDGE_LOOP('',(#10986,#10987,#10988));
#10986=ORIENTED_EDGE('',*,*,#10989,.T.);
#10987=ORIENTED_EDGE('',*,*,#10990,.T.);
#10988=ORIENTED_EDGE('',*,*,#10991,.T.);
#10989=EDGE_CURVE('',#405,#407,#10992,.F.);
#10990=EDGE_CURVE('',#407,#577,#10993,.T.);
#10991=EDGE_CURVE('',#577,#405,#10994,.T.);
#10992=LINE('',#404,#10995);
#10993=LINE('',#406,#10996);
#10994=LINE('',#576,#10997);
#10995=VECTOR('',#10998,1.0);
#10996=VECTOR('',#10999,1.0);
#10997=VECTOR('',#11000,1.0);
#10998=DIRECTION('',(0.9999550666839297,0.009479694780834786,0));
#10999=DIRECTION('',(-0.993707878228397,0.11200291401038326,0));
#11000=DIRECTION('',(-0.9998251125737899,-0.01870145092788516,0));
#11001=FACE_SURFACE('',(#11006),#11002,.T.);
#11002=PLANE('',#11003);
#11003=AXIS2_PLACEMENT_3D('',#406,#11004,#11005);
#11004=DIRECTION('',(0.11200291401038324,0.993707878228397,0));
#11005=DIRECTION('',(0,0,-1));
#11006=FACE_BOUND('',#11007,.T.);
#11007=EDGE_LOOP('',(#11008,#11009,#11010));
#11008=ORIENTED_EDGE('',*,*,#11011,.T.);
#11009=ORIENTED_EDGE('',*,*,#11012,.T.);
#11010=ORIENTED_EDGE('',*,*,#11013,.T.);
#11011=EDGE_CURVE('',#407,#429,#11014,.F.);
#11012=EDGE_CURVE('',#429,#579,#11015,.T.);
#11013=EDGE_CURVE('',#579,#407,#11016,.T.);
#11014=LINE('',#406,#11017);
#11015=LINE('',#428,#11018);
#11016=LINE('',#578,#11019);
#11017=VECTOR('',#11020,1.0);
#11018=VECTOR('',#11021,1.0);
#11019=VECTOR('',#11022,1.0);
#11020=DIRECTION('',(0,0,-1));
#11021=DIRECTION('',(-0.993707878228397,0.11200291401038326,0));
#11022=DIRECTION('',(0.02780486415261295,-0.00313394497214574,0.9996084573063426));
#11023=FACE_SURFACE('',(#11028),#11024,.T.);
#11024=PLANE('',#11025);
#11025=AXIS2_PLACEMENT_3D('',#406,#11026,#11027);
#11026=DIRECTION('',(0.11200291401038324,0.993707878228397,0));
#11027=DIRECTION('',(-0.02780486415261295,0.00313394497214574,-0.9996084573063426));
#11028=FACE_BOUND('',#11029,.T.);
#11029=EDGE_LOOP('',(#11030,#11031,#11032));
#11030=ORIENTED_EDGE('',*,*,#11033,.T.);
#11031=ORIENTED_EDGE('',*,*,#11034,.T.);
#11032=ORIENTED_EDGE('',*,*,#11035,.T.);
#11033=EDGE_CURVE('',#407,#579,#11036,.F.);
#11034=EDGE_CURVE('',#579,#577,#11037,.T.);
#11035=EDGE_CURVE('',#577,#407,#11038,.T.);
#11036=LINE('',#406,#11039);
#11037=LINE('',#578,#11040);
#11038=LINE('',#576,#11041);
#11039=VECTOR('',#11042,1.0);
#11040=VECTOR('',#11043,1.0);
#11041=VECTOR('',#11044,1.0);
#11042=DIRECTION('',(-0.02780486415261295,0.00313394497214574,-0.9996084573063426));
#11043=DIRECTION('',(0,0,1));
#11044=DIRECTION('',(0.993707878228397,-0.11200291401038326,0));
#11045=FACE_SURFACE('',(#11050),#11046,.T.);
#11046=PLANE('',#11047);
#11047=AXIS2_PLACEMENT_3D('',#580,#11048,#11049);
#11048=DIRECTION('',(-0.11201909507429753,0.993706054293087,0));
#11049=DIRECTION('',(-0.02780079987926099,-0.0031339453265501966,-0.9996085703477954));
#11050=FACE_BOUND('',#11051,.T.);
#11051=EDGE_LOOP('',(#11052,#11053,#11054));
#11052=ORIENTED_EDGE('',*,*,#11055,.T.);
#11053=ORIENTED_EDGE('',*,*,#11056,.T.);
#11054=ORIENTED_EDGE('',*,*,#11057,.T.);
#11055=EDGE_CURVE('',#581,#429,#11058,.F.);
#11056=EDGE_CURVE('',#429,#407,#11059,.T.);
#11057=EDGE_CURVE('',#407,#581,#11060,.T.);
#11058=LINE('',#580,#11061);
#11059=LINE('',#428,#11062);
#11060=LINE('',#406,#11063);
#11061=VECTOR('',#11064,1.0);
#11062=VECTOR('',#11065,1.0);
#11063=VECTOR('',#11066,1.0);
#11064=DIRECTION('',(-0.02780079987926099,-0.0031339453265501966,-0.9996085703477954));
#11065=DIRECTION('',(0,0,1));
#11066=DIRECTION('',(0.993706054293087,0.11201909507429751,0));
#11067=FACE_SURFACE('',(#11072),#11068,.T.);
#11068=PLANE('',#11069);
#11069=AXIS2_PLACEMENT_3D('',#506,#11070,#11071);
#11070=DIRECTION('',(0,0,1));
#11071=DIRECTION('',(-0.9999981701703893,0.0019130227058366167,0));
#11072=FACE_BOUND('',#11073,.T.);
#11073=EDGE_LOOP('',(#11074,#11075,#11076));
#11074=ORIENTED_EDGE('',*,*,#11077,.T.);
#11075=ORIENTED_EDGE('',*,*,#11078,.T.);
#11076=ORIENTED_EDGE('',*,*,#11079,.T.);
#11077=EDGE_CURVE('',#507,#581,#11080,.F.);
#11078=EDGE_CURVE('',#581,#407,#11081,.T.);
#11079=EDGE_CURVE('',#407,#507,#11082,.T.);
#11080=LINE('',#506,#11083);
#11081=LINE('',#580,#11084);
#11082=LINE('',#406,#11085);
#11083=VECTOR('',#11086,1.0);
#11084=VECTOR('',#11087,1.0);
#11085=VECTOR('',#11088,1.0);
#11086=DIRECTION('',(-0.9999981701703893,0.0019130227058366167,0));
#11087=DIRECTION('',(-0.993706054293087,-0.11201909507429751,0));
#11088=DIRECTION('',(1,0,0));
#11089=FACE_SURFACE('',(#11094),#11090,.T.);
#11090=PLANE('',#11091);
#11091=AXIS2_PLACEMENT_3D('',#424,#11092,#11093);
#11092=DIRECTION('',(0,0,-1));
#11093=DIRECTION('',(0.9822867547038029,0.18738391482053923,0));
#11094=FACE_BOUND('',#11095,.T.);
#11095=EDGE_LOOP('',(#11096,#11097,#11098));
#11096=ORIENTED_EDGE('',*,*,#11099,.T.);
#11097=ORIENTED_EDGE('',*,*,#11100,.T.);
#11098=ORIENTED_EDGE('',*,*,#11101,.T.);
#11099=EDGE_CURVE('',#425,#583,#11102,.F.);
#11100=EDGE_CURVE('',#583,#585,#11103,.T.);
#11101=EDGE_CURVE('',#585,#425,#11104,.T.);
#11102=LINE('',#424,#11105);
#11103=LINE('',#582,#11106);
#11104=LINE('',#584,#11107);
#11105=VECTOR('',#11108,1.0);
#11106=VECTOR('',#11109,1.0);
#11107=VECTOR('',#11110,1.0);
#11108=DIRECTION('',(0.9822867547038029,0.18738391482053923,0));
#11109=DIRECTION('',(-0.9510569250426143,-0.30901573637678564,0));
#11110=DIRECTION('',(-0.9921139937993201,-0.12533883399634266,0));
#11111=FACE_SURFACE('',(#11116),#11112,.T.);
#11112=PLANE('',#11113);
#11113=AXIS2_PLACEMENT_3D('',#424,#11114,#11115);
#11114=DIRECTION('',(0,0,-1));
#11115=DIRECTION('',(0.9921139937993201,0.12533883399634266,0));
#11116=FACE_BOUND('',#11117,.T.);
#11117=EDGE_LOOP('',(#11118,#11119,#11120));
#11118=ORIENTED_EDGE('',*,*,#11121,.T.);
#11119=ORIENTED_EDGE('',*,*,#11122,.T.);
#11120=ORIENTED_EDGE('',*,*,#11123,.T.);
#11121=EDGE_CURVE('',#425,#585,#11124,.F.);
#11122=EDGE_CURVE('',#585,#587,#11125,.T.);
#11123=EDGE_CURVE('',#587,#425,#11126,.T.);
#11124=LINE('',#424,#11127);
#11125=LINE('',#584,#11128);
#11126=LINE('',#586,#11129);
#11127=VECTOR('',#11130,1.0);
#11128=VECTOR('',#11131,1.0);
#11129=VECTOR('',#11132,1.0);
#11130=DIRECTION('',(0.9921139937993201,0.12533883399634266,0));
#11131=DIRECTION('',(-0.9822862899472372,-0.1873863511083245,0));
#11132=DIRECTION('',(-0.9980264693569754,-0.06279463721409986,0));
#11133=FACE_SURFACE('',(#11138),#11134,.T.);
#11134=PLANE('',#11135);
#11135=AXIS2_PLACEMENT_3D('',#424,#11136,#11137);
#11136=DIRECTION('',(0,0,-1));
#11137=DIRECTION('',(0.9685822058333584,0.2486936077646262,0));
#11138=FACE_BOUND('',#11139,.T.);
#11139=EDGE_LOOP('',(#11140,#11141,#11142));
#11140=ORIENTED_EDGE('',*,*,#11143,.T.);
#11141=ORIENTED_EDGE('',*,*,#11144,.T.);
#11142=ORIENTED_EDGE('',*,*,#11145,.T.);
#11143=EDGE_CURVE('',#425,#589,#11146,.F.);
#11144=EDGE_CURVE('',#589,#583,#11147,.T.);
#11145=EDGE_CURVE('',#583,#425,#11148,.T.);
#11146=LINE('',#424,#11149);
#11147=LINE('',#588,#11150);
#11148=LINE('',#582,#11151);
#11149=VECTOR('',#11152,1.0);
#11150=VECTOR('',#11153,1.0);
#11151=VECTOR('',#11154,1.0);
#11152=DIRECTION('',(0.9685822058333584,0.2486936077646262,0));
#11153=DIRECTION('',(-0.9048200240167613,-0.4257942274600578,0));
#11154=DIRECTION('',(-0.9822867547038029,-0.18738391482053923,0));
#11155=FACE_SURFACE('',(#11160),#11156,.T.);
#11156=PLANE('',#11157);
#11157=AXIS2_PLACEMENT_3D('',#468,#11158,#11159);
#11158=DIRECTION('',(0.06279463094787416,-0.9980263697647268,-0.00044674194015704733));
#11159=DIRECTION('',(-0.18230774023304183,-0.011030489792499107,-0.9831796459172958));
#11160=FACE_BOUND('',#11161,.T.);
#11161=EDGE_LOOP('',(#11162,#11163,#11164));
#11162=ORIENTED_EDGE('',*,*,#11165,.T.);
#11163=ORIENTED_EDGE('',*,*,#11166,.T.);
#11164=ORIENTED_EDGE('',*,*,#11167,.T.);
#11165=EDGE_CURVE('',#469,#425,#11168,.F.);
#11166=EDGE_CURVE('',#425,#587,#11169,.T.);
#11167=EDGE_CURVE('',#587,#469,#11170,.T.);
#11168=LINE('',#468,#11171);
#11169=LINE('',#424,#11172);
#11170=LINE('',#586,#11173);
#11171=VECTOR('',#11174,1.0);
#11172=VECTOR('',#11175,1.0);
#11173=VECTOR('',#11176,1.0);
#11174=DIRECTION('',(-0.18230774023304183,-0.011030489792499107,-0.9831796459172958));
#11175=DIRECTION('',(0.9980264693569754,0.06279463721409986,0));
#11176=DIRECTION('',(-0.007391621911357218,-0.0009126850225913639,0.9999722650811717));
#11177=FACE_SURFACE('',(#11182),#11178,.T.);
#11178=PLANE('',#11179);
#11179=AXIS2_PLACEMENT_3D('',#424,#11180,#11181);
#11180=DIRECTION('',(0,0,-1));
#11181=DIRECTION('',(0.9510542717594666,0.30902390226011744,0));
#11182=FACE_BOUND('',#11183,.T.);
#11183=EDGE_LOOP('',(#11184,#11185,#11186));
#11184=ORIENTED_EDGE('',*,*,#11187,.T.);
#11185=ORIENTED_EDGE('',*,*,#11188,.T.);
#11186=ORIENTED_EDGE('',*,*,#11189,.T.);
#11187=EDGE_CURVE('',#425,#591,#11190,.F.);
#11188=EDGE_CURVE('',#591,#589,#11191,.T.);
#11189=EDGE_CURVE('',#589,#425,#11192,.T.);
#11190=LINE('',#424,#11193);
#11191=LINE('',#590,#11194);
#11192=LINE('',#588,#11195);
#11193=VECTOR('',#11196,1.0);
#11194=VECTOR('',#11197,1.0);
#11195=VECTOR('',#11198,1.0);
#11196=DIRECTION('',(0.9510542717594666,0.30902390226011744,0));
#11197=DIRECTION('',(-0.8443125050548351,-0.5358510929428333,0));
#11198=DIRECTION('',(-0.9685822058333584,-0.2486936077646262,0));
#11199=FACE_SURFACE('',(#11204),#11200,.T.);
#11200=PLANE('',#11201);
#11201=AXIS2_PLACEMENT_3D('',#424,#11202,#11203);
#11202=DIRECTION('',(0,0,-1));
#11203=DIRECTION('',(0.9297747408671022,0.3681289600744731,0));
#11204=FACE_BOUND('',#11205,.T.);
#11205=EDGE_LOOP('',(#11206,#11207,#11208));
#11206=ORIENTED_EDGE('',*,*,#11209,.T.);
#11207=ORIENTED_EDGE('',*,*,#11210,.T.);
#11208=ORIENTED_EDGE('',*,*,#11211,.T.);
#11209=EDGE_CURVE('',#425,#593,#11212,.F.);
#11210=EDGE_CURVE('',#593,#591,#11213,.T.);
#11211=EDGE_CURVE('',#591,#425,#11214,.T.);
#11212=LINE('',#424,#11215);
#11213=LINE('',#592,#11216);
#11214=LINE('',#590,#11217);
#11215=VECTOR('',#11218,1.0);
#11216=VECTOR('',#11219,1.0);
#11217=VECTOR('',#11220,1.0);
#11218=DIRECTION('',(0.9297747408671022,0.3681289600744731,0));
#11219=DIRECTION('',(-0.7705299594707639,-0.6374037821961703,0));
#11220=DIRECTION('',(-0.9510542717594666,-0.30902390226011744,0));
#11221=FACE_SURFACE('',(#11226),#11222,.T.);
#11222=PLANE('',#11223);
#11223=AXIS2_PLACEMENT_3D('',#424,#11224,#11225);
#11224=DIRECTION('',(0,0,-1));
#11225=DIRECTION('',(0.9048270186762541,0.42577936337197203,0));
#11226=FACE_BOUND('',#11227,.T.);
#11227=EDGE_LOOP('',(#11228,#11229,#11230));
#11228=ORIENTED_EDGE('',*,*,#11231,.T.);
#11229=ORIENTED_EDGE('',*,*,#11232,.T.);
#11230=ORIENTED_EDGE('',*,*,#11233,.T.);
#11231=EDGE_CURVE('',#425,#595,#11234,.F.);
#11232=EDGE_CURVE('',#595,#593,#11235,.T.);
#11233=EDGE_CURVE('',#593,#425,#11236,.T.);
#11234=LINE('',#424,#11237);
#11235=LINE('',#594,#11238);
#11236=LINE('',#592,#11239);
#11237=VECTOR('',#11240,1.0);
#11238=VECTOR('',#11241,1.0);
#11239=VECTOR('',#11242,1.0);
#11240=DIRECTION('',(0.9048270186762541,0.42577936337197203,0));
#11241=DIRECTION('',(-0.6845881488333845,-0.7289300833940657,0));
#11242=DIRECTION('',(-0.9297747408671022,-0.3681289600744731,0));
#11243=FACE_SURFACE('',(#11248),#11244,.T.);
#11244=PLANE('',#11245);
#11245=AXIS2_PLACEMENT_3D('',#424,#11246,#11247);
#11246=DIRECTION('',(0,0,-1));
#11247=DIRECTION('',(0.8763032043672151,0.4817599962800468,0));
#11248=FACE_BOUND('',#11249,.T.);
#11249=EDGE_LOOP('',(#11250,#11251,#11252));
#11250=ORIENTED_EDGE('',*,*,#11253,.T.);
#11251=ORIENTED_EDGE('',*,*,#11254,.T.);
#11252=ORIENTED_EDGE('',*,*,#11255,.T.);
#11253=EDGE_CURVE('',#425,#597,#11256,.F.);
#11254=EDGE_CURVE('',#597,#595,#11257,.T.);
#11255=EDGE_CURVE('',#595,#425,#11258,.T.);
#11256=LINE('',#424,#11259);
#11257=LINE('',#596,#11260);
#11258=LINE('',#594,#11261);
#11259=VECTOR('',#11262,1.0);
#11260=VECTOR('',#11263,1.0);
#11261=VECTOR('',#11264,1.0);
#11262=DIRECTION('',(0.8763032043672151,0.4817599962800468,0));
#11263=DIRECTION('',(-0.5877045618650862,-0.8090756132543899,0));
#11264=DIRECTION('',(-0.9048270186762541,-0.42577936337197203,0));
#11265=FACE_SURFACE('',(#11270),#11266,.T.);
#11266=PLANE('',#11267);
#11267=AXIS2_PLACEMENT_3D('',#424,#11268,#11269);
#11268=DIRECTION('',(0,0,-1));
#11269=DIRECTION('',(-0.9850304671557042,0.17238033175224823,0));
#11270=FACE_BOUND('',#11271,.T.);
#11271=EDGE_LOOP('',(#11272,#11273,#11274));
#11272=ORIENTED_EDGE('',*,*,#11275,.T.);
#11273=ORIENTED_EDGE('',*,*,#11276,.T.);
#11274=ORIENTED_EDGE('',*,*,#11277,.T.);
#11275=EDGE_CURVE('',#425,#429,#11278,.F.);
#11276=EDGE_CURVE('',#429,#473,#11279,.T.);
#11277=EDGE_CURVE('',#473,#425,#11280,.T.);
#11278=LINE('',#424,#11281);
#11279=LINE('',#428,#11282);
#11280=LINE('',#472,#11283);
#11281=VECTOR('',#11284,1.0);
#11282=VECTOR('',#11285,1.0);
#11283=VECTOR('',#11286,1.0);
#11284=DIRECTION('',(-0.9850304671557042,0.17238033175224823,0));
#11285=DIRECTION('',(1,0,0));
#11286=DIRECTION('',(0,-1,0));
#11287=FACE_SURFACE('',(#11292),#11288,.T.);
#11288=PLANE('',#11289);
#11289=AXIS2_PLACEMENT_3D('',#424,#11290,#11291);
#11290=DIRECTION('',(0,0,-1));
#11291=DIRECTION('',(0.8443285480815961,0.5358258139492945,0));
#11292=FACE_BOUND('',#11293,.T.);
#11293=EDGE_LOOP('',(#11294,#11295,#11296));
#11294=ORIENTED_EDGE('',*,*,#11297,.T.);
#11295=ORIENTED_EDGE('',*,*,#11298,.T.);
#11296=ORIENTED_EDGE('',*,*,#11299,.T.);
#11297=EDGE_CURVE('',#425,#599,#11300,.F.);
#11298=EDGE_CURVE('',#599,#597,#11301,.T.);
#11299=EDGE_CURVE('',#597,#425,#11302,.T.);
#11300=LINE('',#424,#11303);
#11301=LINE('',#598,#11304);
#11302=LINE('',#596,#11305);
#11303=VECTOR('',#11306,1.0);
#11304=VECTOR('',#11307,1.0);
#11305=VECTOR('',#11308,1.0);
#11306=DIRECTION('',(0.8443285480815961,0.5358258139492945,0));
#11307=DIRECTION('',(-0.4818620351794043,-0.8762470993120391,0));
#11308=DIRECTION('',(-0.8763032043672151,-0.4817599962800468,0));
#11309=FACE_SURFACE('',(#11314),#11310,.T.);
#11310=PLANE('',#11311);
#11311=AXIS2_PLACEMENT_3D('',#424,#11312,#11313);
#11312=DIRECTION('',(0,0,-1));
#11313=DIRECTION('',(0,1,0));
#11314=FACE_BOUND('',#11315,.T.);
#11315=EDGE_LOOP('',(#11316,#11317,#11318));
#11316=ORIENTED_EDGE('',*,*,#11319,.T.);
#11317=ORIENTED_EDGE('',*,*,#11320,.T.);
#11318=ORIENTED_EDGE('',*,*,#11321,.T.);
#11319=EDGE_CURVE('',#425,#473,#11322,.F.);
#11320=EDGE_CURVE('',#473,#601,#11323,.T.);
#11321=EDGE_CURVE('',#601,#425,#11324,.T.);
#11322=LINE('',#424,#11325);
#11323=LINE('',#472,#11326);
#11324=LINE('',#600,#11327);
#11325=VECTOR('',#11328,1.0);
#11326=VECTOR('',#11329,1.0);
#11327=VECTOR('',#11330,1.0);
#11328=DIRECTION('',(0,1,0));
#11329=DIRECTION('',(0.9999550657612086,-0.009479792112541055,0));
#11330=DIRECTION('',(-0.8090132304055101,-0.5877904329170739,0));
#11331=FACE_SURFACE('',(#11336),#11332,.T.);
#11332=PLANE('',#11333);
#11333=AXIS2_PLACEMENT_3D('',#424,#11334,#11335);
#11334=DIRECTION('',(0,0,-1));
#11335=DIRECTION('',(0.8090132304055101,0.5877904329170739,0));
#11336=FACE_BOUND('',#11337,.T.);
#11337=EDGE_LOOP('',(#11338,#11339,#11340));
#11338=ORIENTED_EDGE('',*,*,#11341,.T.);
#11339=ORIENTED_EDGE('',*,*,#11342,.T.);
#11340=ORIENTED_EDGE('',*,*,#11343,.T.);
#11341=EDGE_CURVE('',#425,#601,#11344,.F.);
#11342=EDGE_CURVE('',#601,#599,#11345,.T.);
#11343=EDGE_CURVE('',#599,#425,#11346,.T.);
#11344=LINE('',#424,#11347);
#11345=LINE('',#600,#11348);
#11346=LINE('',#598,#11349);
#11347=VECTOR('',#11350,1.0);
#11348=VECTOR('',#11351,1.0);
#11349=VECTOR('',#11352,1.0);
#11350=DIRECTION('',(0.8090132304055101,0.5877904329170739,0));
#11351=DIRECTION('',(-0.3680025771042584,-0.9298247701823308,0));
#11352=DIRECTION('',(-0.8443285480815961,-0.5358258139492945,0));
#11353=FACE_SURFACE('',(#11358),#11354,.T.);
#11354=PLANE('',#11355);
#11355=AXIS2_PLACEMENT_3D('',#568,#11356,#11357);
#11356=DIRECTION('',(0,0,-1));
#11357=DIRECTION('',(0.9982455944238252,-0.05920923250156051,0));
#11358=FACE_BOUND('',#11359,.T.);
#11359=EDGE_LOOP('',(#11360,#11361,#11362));
#11360=ORIENTED_EDGE('',*,*,#11363,.T.);
#11361=ORIENTED_EDGE('',*,*,#11364,.T.);
#11362=ORIENTED_EDGE('',*,*,#11365,.T.);
#11363=EDGE_CURVE('',#569,#603,#11366,.F.);
#11364=EDGE_CURVE('',#603,#427,#11367,.T.);
#11365=EDGE_CURVE('',#427,#569,#11368,.T.);
#11366=LINE('',#568,#11369);
#11367=LINE('',#602,#11370);
#11368=LINE('',#426,#11371);
#11369=VECTOR('',#11372,1.0);
#11370=VECTOR('',#11373,1.0);
#11371=VECTOR('',#11374,1.0);
#11372=DIRECTION('',(0.9982455944238252,-0.05920923250156051,0));
#11373=DIRECTION('',(-0.9952833410702598,-0.09701067460862625,0));
#11374=DIRECTION('',(-0.24868778268886813,0.9685837014637889,0));
#11375=FACE_SURFACE('',(#11380),#11376,.T.);
#11376=PLANE('',#11377);
#11377=AXIS2_PLACEMENT_3D('',#426,#11378,#11379);
#11378=DIRECTION('',(0,0,-1));
#11379=DIRECTION('',(0.9952833410702598,0.09701067460862625,0));
#11380=FACE_BOUND('',#11381,.T.);
#11381=EDGE_LOOP('',(#11382,#11383,#11384));
#11382=ORIENTED_EDGE('',*,*,#11385,.T.);
#11383=ORIENTED_EDGE('',*,*,#11386,.T.);
#11384=ORIENTED_EDGE('',*,*,#11387,.T.);
#11385=EDGE_CURVE('',#427,#603,#11388,.F.);
#11386=EDGE_CURVE('',#603,#605,#11389,.T.);
#11387=EDGE_CURVE('',#605,#427,#11390,.T.);
#11388=LINE('',#426,#11391);
#11389=LINE('',#602,#11392);
#11390=LINE('',#604,#11393);
#11391=VECTOR('',#11394,1.0);
#11392=VECTOR('',#11395,1.0);
#11393=VECTOR('',#11396,1.0);
#11394=DIRECTION('',(0.9952833410702598,0.09701067460862625,0));
#11395=DIRECTION('',(0.8467464686697371,-0.5319966332556344,0));
#11396=DIRECTION('',(-0.9988889643680051,-0.047125755843424454,0));
#11397=FACE_SURFACE('',(#11402),#11398,.T.);
#11398=PLANE('',#11399);
#11399=AXIS2_PLACEMENT_3D('',#426,#11400,#11401);
#11400=DIRECTION('',(0,0,-1));
#11401=DIRECTION('',(0.9988889643680051,0.047125755843424454,0));
#11402=FACE_BOUND('',#11403,.T.);
#11403=EDGE_LOOP('',(#11404,#11405,#11406));
#11404=ORIENTED_EDGE('',*,*,#11407,.T.);
#11405=ORIENTED_EDGE('',*,*,#11408,.T.);
#11406=ORIENTED_EDGE('',*,*,#11409,.T.);
#11407=EDGE_CURVE('',#427,#605,#11410,.F.);
#11408=EDGE_CURVE('',#605,#579,#11411,.T.);
#11409=EDGE_CURVE('',#579,#427,#11412,.T.);
#11410=LINE('',#426,#11413);
#11411=LINE('',#604,#11414);
#11412=LINE('',#578,#11415);
#11413=VECTOR('',#11416,1.0);
#11414=VECTOR('',#11417,1.0);
#11415=VECTOR('',#11418,1.0);
#11416=DIRECTION('',(0.9988889643680051,0.047125755843424454,0));
#11417=DIRECTION('',(0.9438832833912708,-0.3302791960364958,0));
#11418=DIRECTION('',(-0.9998251125737899,-0.01870145092788516,0));
#11419=FACE_SURFACE('',(#11424),#11420,.T.);
#11420=PLANE('',#11421);
#11421=AXIS2_PLACEMENT_3D('',#426,#11422,#11423);
#11422=DIRECTION('',(0,0,-1));
#11423=DIRECTION('',(0.9998251125737899,0.01870145092788516,0));
#11424=FACE_BOUND('',#11425,.T.);
#11425=EDGE_LOOP('',(#11426,#11427,#11428));
#11426=ORIENTED_EDGE('',*,*,#11429,.T.);
#11427=ORIENTED_EDGE('',*,*,#11430,.T.);
#11428=ORIENTED_EDGE('',*,*,#11431,.T.);
#11429=EDGE_CURVE('',#427,#579,#11432,.F.);
#11430=EDGE_CURVE('',#579,#429,#11433,.T.);
#11431=EDGE_CURVE('',#429,#427,#11434,.T.);
#11432=LINE('',#426,#11435);
#11433=LINE('',#578,#11436);
#11434=LINE('',#428,#11437);
#11435=VECTOR('',#11438,1.0);
#11436=VECTOR('',#11439,1.0);
#11437=VECTOR('',#11440,1.0);
#11438=DIRECTION('',(0.9998251125737899,0.01870145092788516,0));
#11439=DIRECTION('',(0.993707878228397,-0.11200291401038326,0));
#11440=DIRECTION('',(-0.9999550666839297,-0.009479694780834786,0));
#11441=FACE_SURFACE('',(#11446),#11442,.T.);
#11442=PLANE('',#11443);
#11443=AXIS2_PLACEMENT_3D('',#428,#11444,#11445);
#11444=DIRECTION('',(-0.11201909507429753,0.993706054293087,0));
#11445=DIRECTION('',(0.02780079987926099,0.0031339453265501966,0.9996085703477954));
#11446=FACE_BOUND('',#11447,.T.);
#11447=EDGE_LOOP('',(#11448,#11449,#11450));
#11448=ORIENTED_EDGE('',*,*,#11451,.T.);
#11449=ORIENTED_EDGE('',*,*,#11452,.T.);
#11450=ORIENTED_EDGE('',*,*,#11453,.T.);
#11451=EDGE_CURVE('',#429,#581,#11454,.F.);
#11452=EDGE_CURVE('',#581,#607,#11455,.T.);
#11453=EDGE_CURVE('',#607,#429,#11456,.T.);
#11454=LINE('',#428,#11457);
#11455=LINE('',#580,#11458);
#11456=LINE('',#606,#11459);
#11457=VECTOR('',#11460,1.0);
#11458=VECTOR('',#11461,1.0);
#11459=VECTOR('',#11462,1.0);
#11460=DIRECTION('',(0.02780079987926099,0.0031339453265501966,0.9996085703477954));
#11461=DIRECTION('',(0,0,-1));
#11462=DIRECTION('',(-0.993706054293087,-0.11201909507429751,0));
#11463=FACE_SURFACE('',(#11468),#11464,.T.);
#11464=PLANE('',#11465);
#11465=AXIS2_PLACEMENT_3D('',#606,#11466,#11467);
#11466=DIRECTION('',(0,-0,-1));
#11467=DIRECTION('',(0.9999981701703893,-0.0019130227058366167,0));
#11468=FACE_BOUND('',#11469,.T.);
#11469=EDGE_LOOP('',(#11470,#11471,#11472));
#11470=ORIENTED_EDGE('',*,*,#11473,.T.);
#11471=ORIENTED_EDGE('',*,*,#11474,.T.);
#11472=ORIENTED_EDGE('',*,*,#11475,.T.);
#11473=EDGE_CURVE('',#607,#473,#11476,.F.);
#11474=EDGE_CURVE('',#473,#429,#11477,.T.);
#11475=EDGE_CURVE('',#429,#607,#11478,.T.);
#11476=LINE('',#606,#11479);
#11477=LINE('',#472,#11480);
#11478=LINE('',#428,#11481);
#11479=VECTOR('',#11482,1.0);
#11480=VECTOR('',#11483,1.0);
#11481=VECTOR('',#11484,1.0);
#11482=DIRECTION('',(0.9999981701703893,-0.0019130227058366167,0));
#11483=DIRECTION('',(-1,0,0));
#11484=DIRECTION('',(0.993706054293087,0.11201909507429751,0));
#11485=FACE_SURFACE('',(#11490),#11486,.T.);
#11486=PLANE('',#11487);
#11487=AXIS2_PLACEMENT_3D('',#608,#11488,#11489);
#11488=DIRECTION('',(-1,0,0));
#11489=DIRECTION('',(0,0,1));
#11490=FACE_BOUND('',#11491,.T.);
#11491=EDGE_LOOP('',(#11492,#11493,#11494));
#11492=ORIENTED_EDGE('',*,*,#11495,.T.);
#11493=ORIENTED_EDGE('',*,*,#11496,.T.);
#11494=ORIENTED_EDGE('',*,*,#11497,.T.);
#11495=EDGE_CURVE('',#609,#545,#11498,.F.);
#11496=EDGE_CURVE('',#545,#433,#11499,.T.);
#11497=EDGE_CURVE('',#433,#609,#11500,.T.);
#11498=LINE('',#608,#11501);
#11499=LINE('',#544,#11502);
#11500=LINE('',#432,#11503);
#11501=VECTOR('',#11504,1.0);
#11502=VECTOR('',#11505,1.0);
#11503=VECTOR('',#11506,1.0);
#11504=DIRECTION('',(0,0,1));
#11505=DIRECTION('',(0,0.0522539539518598,-0.9986338289365111));
#11506=DIRECTION('',(0,-1,0));
#11507=FACE_SURFACE('',(#11512),#11508,.T.);
#11508=PLANE('',#11509);
#11509=AXIS2_PLACEMENT_3D('',#432,#11510,#11511);
#11510=DIRECTION('',(0,0,-1));
#11511=DIRECTION('',(0.9959781948134679,-0.08959595669507539,0));
#11512=FACE_BOUND('',#11513,.T.);
#11513=EDGE_LOOP('',(#11514,#11515,#11516));
#11514=ORIENTED_EDGE('',*,*,#11517,.T.);
#11515=ORIENTED_EDGE('',*,*,#11518,.T.);
#11516=ORIENTED_EDGE('',*,*,#11519,.T.);
#11517=EDGE_CURVE('',#433,#611,#11520,.F.);
#11518=EDGE_CURVE('',#611,#609,#11521,.T.);
#11519=EDGE_CURVE('',#609,#433,#11522,.T.);
#11520=LINE('',#432,#11523);
#11521=LINE('',#610,#11524);
#11522=LINE('',#608,#11525);
#11523=VECTOR('',#11526,1.0);
#11524=VECTOR('',#11527,1.0);
#11525=VECTOR('',#11528,1.0);
#11526=DIRECTION('',(0.9959781948134679,-0.08959595669507539,0));
#11527=DIRECTION('',(-0.9959788164967732,-0.08958904558977593,0));
#11528=DIRECTION('',(0,1,0));
#11529=FACE_SURFACE('',(#11534),#11530,.T.);
#11530=PLANE('',#11531);
#11531=AXIS2_PLACEMENT_3D('',#432,#11532,#11533);
#11532=DIRECTION('',(0,0,-1));
#11533=DIRECTION('',(0.9870137295764507,0.16063591636861557,0));
#11534=FACE_BOUND('',#11535,.T.);
#11535=EDGE_LOOP('',(#11536,#11537,#11538));
#11536=ORIENTED_EDGE('',*,*,#11539,.T.);
#11537=ORIENTED_EDGE('',*,*,#11540,.T.);
#11538=ORIENTED_EDGE('',*,*,#11541,.T.);
#11539=EDGE_CURVE('',#433,#435,#11542,.F.);
#11540=EDGE_CURVE('',#435,#613,#11543,.T.);
#11541=EDGE_CURVE('',#613,#433,#11544,.T.);
#11542=LINE('',#432,#11545);
#11543=LINE('',#434,#11546);
#11544=LINE('',#612,#11547);
#11545=VECTOR('',#11548,1.0);
#11546=VECTOR('',#11549,1.0);
#11547=VECTOR('',#11550,1.0);
#11548=DIRECTION('',(0.9870137295764507,0.16063591636861557,0));
#11549=DIRECTION('',(-0.5320390592813571,-0.846719811625433,0));
#11550=DIRECTION('',(-0.9957419006799896,-0.09218496206107418,0));
#11551=FACE_SURFACE('',(#11556),#11552,.T.);
#11552=PLANE('',#11553);
#11553=AXIS2_PLACEMENT_3D('',#432,#11554,#11555);
#11554=DIRECTION('',(0,0,-1));
#11555=DIRECTION('',(0.999984210799957,0.005619443992702671,0));
#11556=FACE_BOUND('',#11557,.T.);
#11557=EDGE_LOOP('',(#11558,#11559,#11560));
#11558=ORIENTED_EDGE('',*,*,#11561,.T.);
#11559=ORIENTED_EDGE('',*,*,#11562,.T.);
#11560=ORIENTED_EDGE('',*,*,#11563,.T.);
#11561=EDGE_CURVE('',#433,#615,#11564,.F.);
#11562=EDGE_CURVE('',#615,#611,#11565,.T.);
#11563=EDGE_CURVE('',#611,#433,#11566,.T.);
#11564=LINE('',#432,#11567);
#11565=LINE('',#614,#11568);
#11566=LINE('',#610,#11569);
#11567=VECTOR('',#11570,1.0);
#11568=VECTOR('',#11571,1.0);
#11569=VECTOR('',#11572,1.0);
#11570=DIRECTION('',(0.999984210799957,0.005619443992702671,0));
#11571=DIRECTION('',(-0.1119311429353852,-0.993715965073108,0));
#11572=DIRECTION('',(-0.9959781948134679,0.08959595669507539,0));
#11573=FACE_SURFACE('',(#11578),#11574,.T.);
#11574=PLANE('',#11575);
#11575=AXIS2_PLACEMENT_3D('',#432,#11576,#11577);
#11576=DIRECTION('',(0,0,-1));
#11577=DIRECTION('',(0.9957419006799896,0.09218496206107418,0));
#11578=FACE_BOUND('',#11579,.T.);
#11579=EDGE_LOOP('',(#11580,#11581,#11582));
#11580=ORIENTED_EDGE('',*,*,#11583,.T.);
#11581=ORIENTED_EDGE('',*,*,#11584,.T.);
#11582=ORIENTED_EDGE('',*,*,#11585,.T.);
#11583=EDGE_CURVE('',#433,#613,#11586,.F.);
#11584=EDGE_CURVE('',#613,#615,#11587,.T.);
#11585=EDGE_CURVE('',#615,#433,#11588,.T.);
#11586=LINE('',#432,#11589);
#11587=LINE('',#612,#11590);
#11588=LINE('',#614,#11591);
#11589=VECTOR('',#11592,1.0);
#11590=VECTOR('',#11593,1.0);
#11591=VECTOR('',#11594,1.0);
#11592=DIRECTION('',(0.9957419006799896,0.09218496206107418,0));
#11593=DIRECTION('',(-0.3302791960364958,-0.9438832833912708,0));
#11594=DIRECTION('',(-0.999984210799957,-0.005619443992702671,0));
#11595=FACE_SURFACE('',(#11600),#11596,.T.);
#11596=PLANE('',#11597);
#11597=AXIS2_PLACEMENT_3D('',#434,#11598,#11599);
#11598=DIRECTION('',(0.8467198116254329,-0.532039059281357,0));
#11599=DIRECTION('',(-0.0148867471992274,-0.023691688729152952,0.999608467672712));
#11600=FACE_BOUND('',#11601,.T.);
#11601=EDGE_LOOP('',(#11602,#11603,#11604));
#11602=ORIENTED_EDGE('',*,*,#11605,.T.);
#11603=ORIENTED_EDGE('',*,*,#11606,.T.);
#11604=ORIENTED_EDGE('',*,*,#11607,.T.);
#11605=EDGE_CURVE('',#435,#549,#11608,.F.);
#11606=EDGE_CURVE('',#549,#613,#11609,.T.);
#11607=EDGE_CURVE('',#613,#435,#11610,.T.);
#11608=LINE('',#434,#11611);
#11609=LINE('',#548,#11612);
#11610=LINE('',#612,#11613);
#11611=VECTOR('',#11614,1.0);
#11612=VECTOR('',#11615,1.0);
#11613=VECTOR('',#11616,1.0);
#11614=DIRECTION('',(-0.0148867471992274,-0.023691688729152952,0.999608467672712));
#11615=DIRECTION('',(0,0,-1));
#11616=DIRECTION('',(0.5320390592813571,0.846719811625433,0));
#11617=FACE_SURFACE('',(#11622),#11618,.T.);
#11618=PLANE('',#11619);
#11619=AXIS2_PLACEMENT_3D('',#460,#11620,#11621);
#11620=DIRECTION('',(0,0,1));
#11621=DIRECTION('',(0.9418786138179852,0.335953384909738,0));
#11622=FACE_BOUND('',#11623,.T.);
#11623=EDGE_LOOP('',(#11624,#11625,#11626));
#11624=ORIENTED_EDGE('',*,*,#11627,.T.);
#11625=ORIENTED_EDGE('',*,*,#11628,.T.);
#11626=ORIENTED_EDGE('',*,*,#11629,.T.);
#11627=EDGE_CURVE('',#461,#443,#11630,.F.);
#11628=EDGE_CURVE('',#443,#437,#11631,.T.);
#11629=EDGE_CURVE('',#437,#461,#11632,.T.);
#11630=LINE('',#460,#11633);
#11631=LINE('',#442,#11634);
#11632=LINE('',#436,#11635);
#11633=VECTOR('',#11636,1.0);
#11634=VECTOR('',#11637,1.0);
#11635=VECTOR('',#11638,1.0);
#11636=DIRECTION('',(0.9418786138179852,0.335953384909738,0));
#11637=DIRECTION('',(-0.2975957381183812,0.9546919799881928,0));
#11638=DIRECTION('',(-0.873092103606483,-0.4875553082676941,0));
#11639=FACE_SURFACE('',(#11644),#11640,.T.);
#11640=PLANE('',#11641);
#11641=AXIS2_PLACEMENT_3D('',#460,#11642,#11643);
#11642=DIRECTION('',(0,0,1));
#11643=DIRECTION('',(0.873092103606483,0.4875553082676941,0));
#11644=FACE_BOUND('',#11645,.T.);
#11645=EDGE_LOOP('',(#11646,#11647,#11648));
#11646=ORIENTED_EDGE('',*,*,#11649,.T.);
#11647=ORIENTED_EDGE('',*,*,#11650,.T.);
#11648=ORIENTED_EDGE('',*,*,#11651,.T.);
#11649=EDGE_CURVE('',#461,#437,#11652,.F.);
#11650=EDGE_CURVE('',#437,#439,#11653,.T.);
#11651=EDGE_CURVE('',#439,#461,#11654,.T.);
#11652=LINE('',#460,#11655);
#11653=LINE('',#436,#11656);
#11654=LINE('',#438,#11657);
#11655=VECTOR('',#11658,1.0);
#11656=VECTOR('',#11659,1.0);
#11657=VECTOR('',#11660,1.0);
#11658=DIRECTION('',(0.873092103606483,0.4875553082676941,0));
#11659=DIRECTION('',(-0.4103436606322246,0.9119309623973438,0));
#11660=DIRECTION('',(-0.7832406074190339,-0.6217187072059703,0));
#11661=FACE_SURFACE('',(#11666),#11662,.T.);
#11662=PLANE('',#11663);
#11663=AXIS2_PLACEMENT_3D('',#460,#11664,#11665);
#11664=DIRECTION('',(0,0,1));
#11665=DIRECTION('',(0.7832406074190339,0.6217187072059703,0));
#11666=FACE_BOUND('',#11667,.T.);
#11667=EDGE_LOOP('',(#11668,#11669,#11670));
#11668=ORIENTED_EDGE('',*,*,#11671,.T.);
#11669=ORIENTED_EDGE('',*,*,#11672,.T.);
#11670=ORIENTED_EDGE('',*,*,#11673,.T.);
#11671=EDGE_CURVE('',#461,#439,#11674,.F.);
#11672=EDGE_CURVE('',#439,#445,#11675,.T.);
#11673=EDGE_CURVE('',#445,#461,#11676,.T.);
#11674=LINE('',#460,#11677);
#11675=LINE('',#438,#11678);
#11676=LINE('',#444,#11679);
#11677=VECTOR('',#11680,1.0);
#11678=VECTOR('',#11681,1.0);
#11679=VECTOR('',#11682,1.0);
#11680=DIRECTION('',(0.7832406074190339,0.6217187072059703,0));
#11681=DIRECTION('',(-0.5173263752137502,0.85578818729181,0));
#11682=DIRECTION('',(-0.6773140385664089,-0.7356940214252532,0));
#11683=FACE_SURFACE('',(#11688),#11684,.T.);
#11684=PLANE('',#11685);
#11685=AXIS2_PLACEMENT_3D('',#616,#11686,#11687);
#11686=DIRECTION('',(0,0,-1));
#11687=DIRECTION('',(-0.9870137295764507,0.16063591636861557,0));
#11688=FACE_BOUND('',#11689,.T.);
#11689=EDGE_LOOP('',(#11690,#11691,#11692));
#11690=ORIENTED_EDGE('',*,*,#11693,.T.);
#11691=ORIENTED_EDGE('',*,*,#11694,.T.);
#11692=ORIENTED_EDGE('',*,*,#11695,.T.);
#11693=EDGE_CURVE('',#617,#463,#11696,.F.);
#11694=EDGE_CURVE('',#463,#441,#11697,.T.);
#11695=EDGE_CURVE('',#441,#617,#11698,.T.);
#11696=LINE('',#616,#11699);
#11697=LINE('',#462,#11700);
#11698=LINE('',#440,#11701);
#11699=VECTOR('',#11702,1.0);
#11700=VECTOR('',#11703,1.0);
#11701=VECTOR('',#11704,1.0);
#11702=DIRECTION('',(-0.9870137295764507,0.16063591636861557,0));
#11703=DIRECTION('',(0.9999998999573608,0.0004473089184074444,0));
#11704=DIRECTION('',(0.12527887168262214,-0.9921215673040926,0));
#11705=FACE_SURFACE('',(#11710),#11706,.T.);
#11706=PLANE('',#11707);
#11707=AXIS2_PLACEMENT_3D('',#440,#11708,#11709);
#11708=DIRECTION('',(0.9921169960918069,0.12527829445868482,-0.003035622389668753));
#11709=DIRECTION('',(0.015959458070999997,-0.10228697611984548,0.994626900005393));
#11710=FACE_BOUND('',#11711,.T.);
#11711=EDGE_LOOP('',(#11712,#11713,#11714));
#11712=ORIENTED_EDGE('',*,*,#11715,.T.);
#11713=ORIENTED_EDGE('',*,*,#11716,.T.);
#11714=ORIENTED_EDGE('',*,*,#11717,.T.);
#11715=EDGE_CURVE('',#441,#619,#11718,.F.);
#11716=EDGE_CURVE('',#619,#617,#11719,.T.);
#11717=EDGE_CURVE('',#617,#441,#11720,.T.);
#11718=LINE('',#440,#11721);
#11719=LINE('',#618,#11722);
#11720=LINE('',#616,#11723);
#11721=VECTOR('',#11724,1.0);
#11722=VECTOR('',#11725,1.0);
#11723=VECTOR('',#11726,1.0);
#11724=DIRECTION('',(0.015959458070999997,-0.10228697611984548,0.994626900005393));
#11725=DIRECTION('',(0.008125782076182319,-0.08848572636549917,-0.996044300167026));
#11726=DIRECTION('',(-0.12527887168262214,0.9921215673040926,0));
#11727=FACE_SURFACE('',(#11732),#11728,.T.);
#11728=PLANE('',#11729);
#11729=AXIS2_PLACEMENT_3D('',#440,#11730,#11731);
#11730=DIRECTION('',(0.9836154929475889,0.18025807233249821,0.0027548851960325312));
#11731=DIRECTION('',(-0.017384871221276056,0.07963199410400178,0.996672720489349));
#11732=FACE_BOUND('',#11733,.T.);
#11733=EDGE_LOOP('',(#11734,#11735,#11736));
#11734=ORIENTED_EDGE('',*,*,#11737,.T.);
#11735=ORIENTED_EDGE('',*,*,#11738,.T.);
#11736=ORIENTED_EDGE('',*,*,#11739,.T.);
#11737=EDGE_CURVE('',#441,#443,#11740,.F.);
#11738=EDGE_CURVE('',#443,#619,#11741,.T.);
#11739=EDGE_CURVE('',#619,#441,#11742,.T.);
#11740=LINE('',#440,#11743);
#11741=LINE('',#442,#11744);
#11742=LINE('',#618,#11745);
#11743=VECTOR('',#11746,1.0);
#11744=VECTOR('',#11747,1.0);
#11745=VECTOR('',#11748,1.0);
#11746=DIRECTION('',(-0.017384871221276056,0.07963199410400178,0.996672720489349));
#11747=DIRECTION('',(0.18025875636101774,-0.9836192254908295,0));
#11748=DIRECTION('',(-0.015959458070999997,0.10228697611984548,-0.994626900005393));
#11749=FACE_SURFACE('',(#11754),#11750,.T.);
#11750=PLANE('',#11751);
#11751=AXIS2_PLACEMENT_3D('',#460,#11752,#11753);
#11752=DIRECTION('',(0,0,1));
#11753=DIRECTION('',(0.9851961543808047,0.17143085309614953,0));
#11754=FACE_BOUND('',#11755,.T.);
#11755=EDGE_LOOP('',(#11756,#11757,#11758));
#11756=ORIENTED_EDGE('',*,*,#11759,.T.);
#11757=ORIENTED_EDGE('',*,*,#11760,.T.);
#11758=ORIENTED_EDGE('',*,*,#11761,.T.);
#11759=EDGE_CURVE('',#461,#619,#11762,.F.);
#11760=EDGE_CURVE('',#619,#443,#11763,.T.);
#11761=EDGE_CURVE('',#443,#461,#11764,.T.);
#11762=LINE('',#460,#11765);
#11763=LINE('',#618,#11766);
#11764=LINE('',#442,#11767);
#11765=VECTOR('',#11768,1.0);
#11766=VECTOR('',#11769,1.0);
#11767=VECTOR('',#11770,1.0);
#11768=DIRECTION('',(0.9851961543808047,0.17143085309614953,0));
#11769=DIRECTION('',(-0.18025875636101774,0.9836192254908295,0));
#11770=DIRECTION('',(-0.9418786138179852,-0.335953384909738,0));
#11771=FACE_SURFACE('',(#11776),#11772,.T.);
#11772=PLANE('',#11773);
#11773=AXIS2_PLACEMENT_3D('',#460,#11774,#11775);
#11774=DIRECTION('',(0,0,1));
#11775=DIRECTION('',(0.6773140385664089,0.7356940214252532,0));
#11776=FACE_BOUND('',#11777,.T.);
#11777=EDGE_LOOP('',(#11778,#11779,#11780));
#11778=ORIENTED_EDGE('',*,*,#11781,.T.);
#11779=ORIENTED_EDGE('',*,*,#11782,.T.);
#11780=ORIENTED_EDGE('',*,*,#11783,.T.);
#11781=EDGE_CURVE('',#461,#445,#11784,.F.);
#11782=EDGE_CURVE('',#445,#447,#11785,.T.);
#11783=EDGE_CURVE('',#447,#461,#11786,.T.);
#11784=LINE('',#460,#11787);
#11785=LINE('',#444,#11788);
#11786=LINE('',#446,#11789);
#11787=VECTOR('',#11790,1.0);
#11788=VECTOR('',#11791,1.0);
#11789=VECTOR('',#11792,1.0);
#11790=DIRECTION('',(0.6773140385664089,0.7356940214252532,0));
#11791=DIRECTION('',(-0.6167736851519757,0.787140534659505,0));
#11792=DIRECTION('',(-0.5602433380420281,-0.828328076416299,0));
#11793=FACE_SURFACE('',(#11798),#11794,.T.);
#11794=PLANE('',#11795);
#11795=AXIS2_PLACEMENT_3D('',#460,#11796,#11797);
#11796=DIRECTION('',(0,0,1));
#11797=DIRECTION('',(0.5602433380420281,0.828328076416299,0));
#11798=FACE_BOUND('',#11799,.T.);
#11799=EDGE_LOOP('',(#11800,#11801,#11802));
#11800=ORIENTED_EDGE('',*,*,#11803,.T.);
#11801=ORIENTED_EDGE('',*,*,#11804,.T.);
#11802=ORIENTED_EDGE('',*,*,#11805,.T.);
#11803=EDGE_CURVE('',#461,#447,#11806,.F.);
#11804=EDGE_CURVE('',#447,#449,#11807,.T.);
#11805=EDGE_CURVE('',#449,#461,#11808,.T.);
#11806=LINE('',#460,#11809);
#11807=LINE('',#446,#11810);
#11808=LINE('',#448,#11811);
#11809=VECTOR('',#11812,1.0);
#11810=VECTOR('',#11813,1.0);
#11811=VECTOR('',#11814,1.0);
#11812=DIRECTION('',(0.5602433380420281,0.828328076416299,0));
#11813=DIRECTION('',(-0.7070764529975914,0.7071371080747672,0));
#11814=DIRECTION('',(-0.43647855401008634,-0.899714661372851,0));
#11815=FACE_SURFACE('',(#11820),#11816,.T.);
#11816=PLANE('',#11817);
#11817=AXIS2_PLACEMENT_3D('',#460,#11818,#11819);
#11818=DIRECTION('',(0,0,1));
#11819=DIRECTION('',(0.43647855401008634,0.899714661372851,0));
#11820=FACE_BOUND('',#11821,.T.);
#11821=EDGE_LOOP('',(#11822,#11823,#11824));
#11822=ORIENTED_EDGE('',*,*,#11825,.T.);
#11823=ORIENTED_EDGE('',*,*,#11826,.T.);
#11824=ORIENTED_EDGE('',*,*,#11827,.T.);
#11825=EDGE_CURVE('',#461,#449,#11828,.F.);
#11826=EDGE_CURVE('',#449,#451,#11829,.T.);
#11827=EDGE_CURVE('',#451,#461,#11830,.T.);
#11828=LINE('',#460,#11831);
#11829=LINE('',#448,#11832);
#11830=LINE('',#450,#11833);
#11831=VECTOR('',#11834,1.0);
#11832=VECTOR('',#11835,1.0);
#11833=VECTOR('',#11836,1.0);
#11834=DIRECTION('',(0.43647855401008634,0.899714661372851,0));
#11835=DIRECTION('',(-0.7871776696874015,0.6167262896500458,0));
#11836=DIRECTION('',(-0.30970881614134627,-0.9508314515224692,0));
#11837=FACE_SURFACE('',(#11842),#11838,.T.);
#11838=PLANE('',#11839);
#11839=AXIS2_PLACEMENT_3D('',#460,#11840,#11841);
#11840=DIRECTION('',(0,0,1));
#11841=DIRECTION('',(0.30970881614134627,0.9508314515224692,0));
#11842=FACE_BOUND('',#11843,.T.);
#11843=EDGE_LOOP('',(#11844,#11845,#11846));
#11844=ORIENTED_EDGE('',*,*,#11847,.T.);
#11845=ORIENTED_EDGE('',*,*,#11848,.T.);
#11846=ORIENTED_EDGE('',*,*,#11849,.T.);
#11847=EDGE_CURVE('',#461,#451,#11850,.F.);
#11848=EDGE_CURVE('',#451,#453,#11851,.T.);
#11849=EDGE_CURVE('',#453,#461,#11852,.T.);
#11850=LINE('',#460,#11853);
#11851=LINE('',#450,#11854);
#11852=LINE('',#452,#11855);
#11853=VECTOR('',#11856,1.0);
#11854=VECTOR('',#11857,1.0);
#11855=VECTOR('',#11858,1.0);
#11856=DIRECTION('',(0.30970881614134627,0.9508314515224692,0));
#11857=DIRECTION('',(-0.855804418280033,0.5172995241176765,0));
#11858=DIRECTION('',(-0.18288719957121716,-0.9831339035111126,0));
#11859=FACE_SURFACE('',(#11864),#11860,.T.);
#11860=PLANE('',#11861);
#11861=AXIS2_PLACEMENT_3D('',#460,#11862,#11863);
#11862=DIRECTION('',(0,0,1));
#11863=DIRECTION('',(0.18288719957121716,0.9831339035111126,0));
#11864=FACE_BOUND('',#11865,.T.);
#11865=EDGE_LOOP('',(#11866,#11867,#11868));
#11866=ORIENTED_EDGE('',*,*,#11869,.T.);
#11867=ORIENTED_EDGE('',*,*,#11870,.T.);
#11868=ORIENTED_EDGE('',*,*,#11871,.T.);
#11869=EDGE_CURVE('',#461,#453,#11872,.F.);
#11870=EDGE_CURVE('',#453,#455,#11873,.T.);
#11871=EDGE_CURVE('',#455,#461,#11874,.T.);
#11872=LINE('',#460,#11875);
#11873=LINE('',#452,#11876);
#11874=LINE('',#454,#11877);
#11875=VECTOR('',#11878,1.0);
#11876=VECTOR('',#11879,1.0);
#11877=VECTOR('',#11880,1.0);
#11878=DIRECTION('',(0.18288719957121716,0.9831339035111126,0));
#11879=DIRECTION('',(-0.9118972928362388,0.4104184782851997,0));
#11880=DIRECTION('',(-0.058294931840526636,-0.9982994044482388,0));
#11881=FACE_SURFACE('',(#11886),#11882,.T.);
#11882=PLANE('',#11883);
#11883=AXIS2_PLACEMENT_3D('',#456,#11884,#11885);
#11884=DIRECTION('',(-0.9438379585087487,-0.3304086985508064,-0));
#11885=DIRECTION('',(0,0,-1));
#11886=FACE_BOUND('',#11887,.T.);
#11887=EDGE_LOOP('',(#11888,#11889,#11890));
#11888=ORIENTED_EDGE('',*,*,#11891,.T.);
#11889=ORIENTED_EDGE('',*,*,#11892,.T.);
#11890=ORIENTED_EDGE('',*,*,#11893,.T.);
#11891=EDGE_CURVE('',#457,#465,#11894,.F.);
#11892=EDGE_CURVE('',#465,#621,#11895,.T.);
#11893=EDGE_CURVE('',#621,#457,#11896,.T.);
#11894=LINE('',#456,#11897);
#11895=LINE('',#464,#11898);
#11896=LINE('',#620,#11899);
#11897=VECTOR('',#11900,1.0);
#11898=VECTOR('',#11901,1.0);
#11899=VECTOR('',#11902,1.0);
#11900=DIRECTION('',(0,0,-1));
#11901=DIRECTION('',(0.3304086985508064,-0.9438379585087487,0));
#11902=DIRECTION('',(-0.03396868764131597,0.09703417899474905,0.9947012095934848));
#11903=FACE_SURFACE('',(#11908),#11904,.T.);
#11904=PLANE('',#11905);
#11905=AXIS2_PLACEMENT_3D('',#456,#11906,#11907);
#11906=DIRECTION('',(-0.9438379585087487,-0.3304086985508064,0));
#11907=DIRECTION('',(0.03396868764131597,-0.09703417899474905,-0.9947012095934848));
#11908=FACE_BOUND('',#11909,.T.);
#11909=EDGE_LOOP('',(#11910,#11911,#11912));
#11910=ORIENTED_EDGE('',*,*,#11913,.T.);
#11911=ORIENTED_EDGE('',*,*,#11914,.T.);
#11912=ORIENTED_EDGE('',*,*,#11915,.T.);
#11913=EDGE_CURVE('',#457,#621,#11916,.F.);
#11914=EDGE_CURVE('',#621,#459,#11917,.T.);
#11915=EDGE_CURVE('',#459,#457,#11918,.T.);
#11916=LINE('',#456,#11919);
#11917=LINE('',#620,#11920);
#11918=LINE('',#458,#11921);
#11919=VECTOR('',#11922,1.0);
#11920=VECTOR('',#11923,1.0);
#11921=VECTOR('',#11924,1.0);
#11922=DIRECTION('',(0.03396868764131597,-0.09703417899474905,-0.9947012095934848));
#11923=DIRECTION('',(0,0,1));
#11924=DIRECTION('',(-0.3304086985508064,0.9438379585087487,0));
#11925=FACE_SURFACE('',(#11930),#11926,.T.);
#11926=PLANE('',#11927);
#11927=AXIS2_PLACEMENT_3D('',#458,#11928,#11929);
#11928=DIRECTION('',(-0.993715965073108,-0.11193114293538518,-0));
#11929=DIRECTION('',(0,0,-1));
#11930=FACE_BOUND('',#11931,.T.);
#11931=EDGE_LOOP('',(#11932,#11933,#11934));
#11932=ORIENTED_EDGE('',*,*,#11935,.T.);
#11933=ORIENTED_EDGE('',*,*,#11936,.T.);
#11934=ORIENTED_EDGE('',*,*,#11937,.T.);
#11935=EDGE_CURVE('',#459,#621,#11938,.F.);
#11936=EDGE_CURVE('',#621,#623,#11939,.T.);
#11937=EDGE_CURVE('',#623,#459,#11940,.T.);
#11938=LINE('',#458,#11941);
#11939=LINE('',#620,#11942);
#11940=LINE('',#622,#11943);
#11941=VECTOR('',#11944,1.0);
#11942=VECTOR('',#11945,1.0);
#11943=VECTOR('',#11946,1.0);
#11944=DIRECTION('',(0,0,-1));
#11945=DIRECTION('',(0.1119311429353852,-0.993715965073108,0));
#11946=DIRECTION('',(-0.011507212797464422,0.10216013854995687,0.99470140753147));
#11947=FACE_SURFACE('',(#11952),#11948,.T.);
#11948=PLANE('',#11949);
#11949=AXIS2_PLACEMENT_3D('',#458,#11950,#11951);
#11950=DIRECTION('',(-0.993715965073108,-0.11193114293538518,0));
#11951=DIRECTION('',(0.011507212797464422,-0.10216013854995687,-0.99470140753147));
#11952=FACE_BOUND('',#11953,.T.);
#11953=EDGE_LOOP('',(#11954,#11955,#11956));
#11954=ORIENTED_EDGE('',*,*,#11957,.T.);
#11955=ORIENTED_EDGE('',*,*,#11958,.T.);
#11956=ORIENTED_EDGE('',*,*,#11959,.T.);
#11957=EDGE_CURVE('',#459,#623,#11960,.F.);
#11958=EDGE_CURVE('',#623,#461,#11961,.T.);
#11959=EDGE_CURVE('',#461,#459,#11962,.T.);
#11960=LINE('',#458,#11963);
#11961=LINE('',#622,#11964);
#11962=LINE('',#460,#11965);
#11963=VECTOR('',#11966,1.0);
#11964=VECTOR('',#11967,1.0);
#11965=VECTOR('',#11968,1.0);
#11966=DIRECTION('',(0.011507212797464422,-0.10216013854995687,-0.99470140753147));
#11967=DIRECTION('',(0,0,1));
#11968=DIRECTION('',(-0.1119311429353852,0.993715965073108,0));
#11969=FACE_SURFACE('',(#11974),#11970,.T.);
#11970=PLANE('',#11971);
#11971=AXIS2_PLACEMENT_3D('',#624,#11972,#11973);
#11972=DIRECTION('',(-0.9937155097437798,0.11193518523976306,0));
#11973=DIRECTION('',(0.01150721718947475,0.10215644143240522,0.9947017871836874));
#11974=FACE_BOUND('',#11975,.T.);
#11975=EDGE_LOOP('',(#11976,#11977,#11978));
#11976=ORIENTED_EDGE('',*,*,#11979,.T.);
#11977=ORIENTED_EDGE('',*,*,#11980,.T.);
#11978=ORIENTED_EDGE('',*,*,#11981,.T.);
#11979=EDGE_CURVE('',#625,#461,#11982,.F.);
#11980=EDGE_CURVE('',#461,#623,#11983,.T.);
#11981=EDGE_CURVE('',#623,#625,#11984,.T.);
#11982=LINE('',#624,#11985);
#11983=LINE('',#460,#11986);
#11984=LINE('',#622,#11987);
#11985=VECTOR('',#11988,1.0);
#11986=VECTOR('',#11989,1.0);
#11987=VECTOR('',#11990,1.0);
#11988=DIRECTION('',(0.01150721718947475,0.10215644143240522,0.9947017871836874));
#11989=DIRECTION('',(0,0,-1));
#11990=DIRECTION('',(-0.11193518523976306,-0.9937155097437796,0));
#11991=FACE_SURFACE('',(#11996),#11992,.T.);
#11992=PLANE('',#11993);
#11993=AXIS2_PLACEMENT_3D('',#624,#11994,#11995);
#11994=DIRECTION('',(-0.9937155097437798,0.11193518523976306,0));
#11995=DIRECTION('',(0,0,1));
#11996=FACE_BOUND('',#11997,.T.);
#11997=EDGE_LOOP('',(#11998,#11999,#12000));
#11998=ORIENTED_EDGE('',*,*,#12001,.T.);
#11999=ORIENTED_EDGE('',*,*,#12002,.T.);
#12000=ORIENTED_EDGE('',*,*,#12003,.T.);
#12001=EDGE_CURVE('',#625,#627,#12004,.F.);
#12002=EDGE_CURVE('',#627,#461,#12005,.T.);
#12003=EDGE_CURVE('',#461,#625,#12006,.T.);
#12004=LINE('',#624,#12007);
#12005=LINE('',#626,#12008);
#12006=LINE('',#460,#12009);
#12007=VECTOR('',#12010,1.0);
#12008=VECTOR('',#12011,1.0);
#12009=VECTOR('',#12012,1.0);
#12010=DIRECTION('',(0,0,1));
#12011=DIRECTION('',(0.11193518523976306,0.9937155097437796,0));
#12012=DIRECTION('',(-0.01150721718947475,-0.10215644143240522,-0.9947017871836874));
#12013=FACE_SURFACE('',(#12018),#12014,.T.);
#12014=PLANE('',#12015);
#12015=AXIS2_PLACEMENT_3D('',#628,#12016,#12017);
#12016=DIRECTION('',(0,0,1));
#12017=DIRECTION('',(0.06237812991671256,0.9980525882477805,0));
#12018=FACE_BOUND('',#12019,.T.);
#12019=EDGE_LOOP('',(#12020,#12021,#12022));
#12020=ORIENTED_EDGE('',*,*,#12023,.T.);
#12021=ORIENTED_EDGE('',*,*,#12024,.T.);
#12022=ORIENTED_EDGE('',*,*,#12025,.T.);
#12023=EDGE_CURVE('',#629,#461,#12026,.F.);
#12024=EDGE_CURVE('',#461,#627,#12027,.T.);
#12025=EDGE_CURVE('',#627,#629,#12028,.T.);
#12026=LINE('',#628,#12029);
#12027=LINE('',#460,#12030);
#12028=LINE('',#626,#12031);
#12029=VECTOR('',#12032,1.0);
#12030=VECTOR('',#12033,1.0);
#12031=VECTOR('',#12034,1.0);
#12032=DIRECTION('',(0.06237812991671256,0.9980525882477805,0));
#12033=DIRECTION('',(-0.11193518523976306,-0.9937155097437796,0));
#12034=DIRECTION('',(-0.058696424318757684,-0.9982758785887759,0));
#12035=FACE_SURFACE('',(#12040),#12036,.T.);
#12036=PLANE('',#12037);
#12037=AXIS2_PLACEMENT_3D('',#628,#12038,#12039);
#12038=DIRECTION('',(0,0,1));
#12039=DIRECTION('',(0.9547171169576777,0.2975150863200387,0));
#12040=FACE_BOUND('',#12041,.T.);
#12041=EDGE_LOOP('',(#12042,#12043,#12044));
#12042=ORIENTED_EDGE('',*,*,#12045,.T.);
#12043=ORIENTED_EDGE('',*,*,#12046,.T.);
#12044=ORIENTED_EDGE('',*,*,#12047,.T.);
#12045=EDGE_CURVE('',#629,#631,#12048,.F.);
#12046=EDGE_CURVE('',#631,#461,#12049,.T.);
#12047=EDGE_CURVE('',#461,#629,#12050,.T.);
#12048=LINE('',#628,#12051);
#12049=LINE('',#630,#12052);
#12050=LINE('',#460,#12053);
#12051=VECTOR('',#12054,1.0);
#12052=VECTOR('',#12055,1.0);
#12053=VECTOR('',#12056,1.0);
#12054=DIRECTION('',(0.9547171169576777,0.2975150863200387,0));
#12055=DIRECTION('',(-0.05829508353650048,0.9982993955900566,0));
#12056=DIRECTION('',(-0.06237812991671256,-0.9980525882477805,0));
#12057=FACE_SURFACE('',(#12062),#12058,.T.);
#12058=PLANE('',#12059);
#12059=AXIS2_PLACEMENT_3D('',#460,#12060,#12061);
#12060=DIRECTION('',(0,0,1));
#12061=DIRECTION('',(0.05829508353650048,-0.9982993955900566,0));
#12062=FACE_BOUND('',#12063,.T.);
#12063=EDGE_LOOP('',(#12064,#12065,#12066));
#12064=ORIENTED_EDGE('',*,*,#12067,.T.);
#12065=ORIENTED_EDGE('',*,*,#12068,.T.);
#12066=ORIENTED_EDGE('',*,*,#12069,.T.);
#12067=EDGE_CURVE('',#461,#631,#12070,.F.);
#12068=EDGE_CURVE('',#631,#633,#12071,.T.);
#12069=EDGE_CURVE('',#633,#461,#12072,.T.);
#12070=LINE('',#460,#12073);
#12071=LINE('',#630,#12074);
#12072=LINE('',#632,#12075);
#12073=VECTOR('',#12076,1.0);
#12074=VECTOR('',#12077,1.0);
#12075=VECTOR('',#12078,1.0);
#12076=DIRECTION('',(0.05829508353650048,-0.9982993955900566,0));
#12077=DIRECTION('',(0.9118972928362388,0.4104184782851997,0));
#12078=DIRECTION('',(-0.18288768696792793,0.9831338128431557,0));
#12079=FACE_SURFACE('',(#12084),#12080,.T.);
#12080=PLANE('',#12081);
#12081=AXIS2_PLACEMENT_3D('',#460,#12082,#12083);
#12082=DIRECTION('',(0,0,1));
#12083=DIRECTION('',(0.18288768696792793,-0.9831338128431557,0));
#12084=FACE_BOUND('',#12085,.T.);
#12085=EDGE_LOOP('',(#12086,#12087,#12088));
#12086=ORIENTED_EDGE('',*,*,#12089,.T.);
#12087=ORIENTED_EDGE('',*,*,#12090,.T.);
#12088=ORIENTED_EDGE('',*,*,#12091,.T.);
#12089=EDGE_CURVE('',#461,#633,#12092,.F.);
#12090=EDGE_CURVE('',#633,#635,#12093,.T.);
#12091=EDGE_CURVE('',#635,#461,#12094,.T.);
#12092=LINE('',#460,#12095);
#12093=LINE('',#632,#12096);
#12094=LINE('',#634,#12097);
#12095=VECTOR('',#12098,1.0);
#12096=VECTOR('',#12099,1.0);
#12097=VECTOR('',#12100,1.0);
#12098=DIRECTION('',(0.18288768696792793,-0.9831338128431557,0));
#12099=DIRECTION('',(0.855804418280033,0.5172995241176765,0));
#12100=DIRECTION('',(-0.3097096467748376,0.9508311809646366,0));
#12101=FACE_SURFACE('',(#12106),#12102,.T.);
#12102=PLANE('',#12103);
#12103=AXIS2_PLACEMENT_3D('',#460,#12104,#12105);
#12104=DIRECTION('',(0,0,1));
#12105=DIRECTION('',(0.3097096467748376,-0.9508311809646366,0));
#12106=FACE_BOUND('',#12107,.T.);
#12107=EDGE_LOOP('',(#12108,#12109,#12110));
#12108=ORIENTED_EDGE('',*,*,#12111,.T.);
#12109=ORIENTED_EDGE('',*,*,#12112,.T.);
#12110=ORIENTED_EDGE('',*,*,#12113,.T.);
#12111=EDGE_CURVE('',#461,#635,#12114,.F.);
#12112=EDGE_CURVE('',#635,#637,#12115,.T.);
#12113=EDGE_CURVE('',#637,#461,#12116,.T.);
#12114=LINE('',#460,#12117);
#12115=LINE('',#634,#12118);
#12116=LINE('',#636,#12119);
#12117=VECTOR('',#12120,1.0);
#12118=VECTOR('',#12121,1.0);
#12119=VECTOR('',#12122,1.0);
#12120=DIRECTION('',(0.3097096467748376,-0.9508311809646366,0));
#12121=DIRECTION('',(0.7871874846277396,0.6167137618421145,0));
#12122=DIRECTION('',(-0.43647855401008634,0.899714661372851,0));
#12123=FACE_SURFACE('',(#12128),#12124,.T.);
#12124=PLANE('',#12125);
#12125=AXIS2_PLACEMENT_3D('',#460,#12126,#12127);
#12126=DIRECTION('',(0,0,1));
#12127=DIRECTION('',(0.43647855401008634,-0.899714661372851,0));
#12128=FACE_BOUND('',#12129,.T.);
#12129=EDGE_LOOP('',(#12130,#12131,#12132));
#12130=ORIENTED_EDGE('',*,*,#12133,.T.);
#12131=ORIENTED_EDGE('',*,*,#12134,.T.);
#12132=ORIENTED_EDGE('',*,*,#12135,.T.);
#12133=EDGE_CURVE('',#461,#637,#12136,.F.);
#12134=EDGE_CURVE('',#637,#639,#12137,.T.);
#12135=EDGE_CURVE('',#639,#461,#12138,.T.);
#12136=LINE('',#460,#12139);
#12137=LINE('',#636,#12140);
#12138=LINE('',#638,#12141);
#12139=VECTOR('',#12142,1.0);
#12140=VECTOR('',#12143,1.0);
#12141=VECTOR('',#12144,1.0);
#12142=DIRECTION('',(0.43647855401008634,-0.899714661372851,0));
#12143=DIRECTION('',(0.7070764529975914,0.7071371080747672,0));
#12144=DIRECTION('',(-0.5602433380420281,0.828328076416299,0));
#12145=FACE_SURFACE('',(#12150),#12146,.T.);
#12146=PLANE('',#12147);
#12147=AXIS2_PLACEMENT_3D('',#460,#12148,#12149);
#12148=DIRECTION('',(0,0,1));
#12149=DIRECTION('',(0.5602433380420281,-0.828328076416299,0));
#12150=FACE_BOUND('',#12151,.T.);
#12151=EDGE_LOOP('',(#12152,#12153,#12154));
#12152=ORIENTED_EDGE('',*,*,#12155,.T.);
#12153=ORIENTED_EDGE('',*,*,#12156,.T.);
#12154=ORIENTED_EDGE('',*,*,#12157,.T.);
#12155=EDGE_CURVE('',#461,#639,#12158,.F.);
#12156=EDGE_CURVE('',#639,#641,#12159,.T.);
#12157=EDGE_CURVE('',#641,#461,#12160,.T.);
#12158=LINE('',#460,#12161);
#12159=LINE('',#638,#12162);
#12160=LINE('',#640,#12163);
#12161=VECTOR('',#12164,1.0);
#12162=VECTOR('',#12165,1.0);
#12163=VECTOR('',#12166,1.0);
#12164=DIRECTION('',(0.5602433380420281,-0.828328076416299,0));
#12165=DIRECTION('',(0.6167638702622964,0.787148225138743,0));
#12166=DIRECTION('',(-0.6773156140941623,0.7356925709182115,0));
#12167=FACE_SURFACE('',(#12172),#12168,.T.);
#12168=PLANE('',#12169);
#12169=AXIS2_PLACEMENT_3D('',#460,#12170,#12171);
#12170=DIRECTION('',(0,0,1));
#12171=DIRECTION('',(0.6773156140941623,-0.7356925709182115,0));
#12172=FACE_BOUND('',#12173,.T.);
#12173=EDGE_LOOP('',(#12174,#12175,#12176));
#12174=ORIENTED_EDGE('',*,*,#12177,.T.);
#12175=ORIENTED_EDGE('',*,*,#12178,.T.);
#12176=ORIENTED_EDGE('',*,*,#12179,.T.);
#12177=EDGE_CURVE('',#461,#641,#12180,.F.);
#12178=EDGE_CURVE('',#641,#643,#12181,.T.);
#12179=EDGE_CURVE('',#643,#461,#12182,.T.);
#12180=LINE('',#460,#12183);
#12181=LINE('',#640,#12184);
#12182=LINE('',#642,#12185);
#12183=VECTOR('',#12186,1.0);
#12184=VECTOR('',#12187,1.0);
#12185=VECTOR('',#12188,1.0);
#12186=DIRECTION('',(0.6773156140941623,-0.7356925709182115,0));
#12187=DIRECTION('',(0.5173263752137502,0.85578818729181,0));
#12188=DIRECTION('',(-0.7832421978985692,0.6217167035161743,0));
#12189=FACE_SURFACE('',(#12194),#12190,.T.);
#12190=PLANE('',#12191);
#12191=AXIS2_PLACEMENT_3D('',#460,#12192,#12193);
#12192=DIRECTION('',(0,0,1));
#12193=DIRECTION('',(0.7832421978985692,-0.6217167035161743,0));
#12194=FACE_BOUND('',#12195,.T.);
#12195=EDGE_LOOP('',(#12196,#12197,#12198));
#12196=ORIENTED_EDGE('',*,*,#12199,.T.);
#12197=ORIENTED_EDGE('',*,*,#12200,.T.);
#12198=ORIENTED_EDGE('',*,*,#12201,.T.);
#12199=EDGE_CURVE('',#461,#643,#12202,.F.);
#12200=EDGE_CURVE('',#643,#645,#12203,.T.);
#12201=EDGE_CURVE('',#645,#461,#12204,.T.);
#12202=LINE('',#460,#12205);
#12203=LINE('',#642,#12206);
#12204=LINE('',#644,#12207);
#12205=VECTOR('',#12208,1.0);
#12206=VECTOR('',#12209,1.0);
#12207=VECTOR('',#12210,1.0);
#12208=DIRECTION('',(0.7832421978985692,-0.6217167035161743,0));
#12209=DIRECTION('',(0.41035122642010025,0.911927557964732,0));
#12210=DIRECTION('',(-0.873092103606483,0.4875553082676941,0));
#12211=FACE_SURFACE('',(#12216),#12212,.T.);
#12212=PLANE('',#12213);
#12213=AXIS2_PLACEMENT_3D('',#460,#12214,#12215);
#12214=DIRECTION('',(0,0,1));
#12215=DIRECTION('',(0.873092103606483,-0.4875553082676941,0));
#12216=FACE_BOUND('',#12217,.T.);
#12217=EDGE_LOOP('',(#12218,#12219,#12220));
#12218=ORIENTED_EDGE('',*,*,#12221,.T.);
#12219=ORIENTED_EDGE('',*,*,#12222,.T.);
#12220=ORIENTED_EDGE('',*,*,#12223,.T.);
#12221=EDGE_CURVE('',#461,#645,#12224,.F.);
#12222=EDGE_CURVE('',#645,#647,#12225,.T.);
#12223=EDGE_CURVE('',#647,#461,#12226,.T.);
#12224=LINE('',#460,#12227);
#12225=LINE('',#644,#12228);
#12226=LINE('',#646,#12229);
#12227=VECTOR('',#12230,1.0);
#12228=VECTOR('',#12231,1.0);
#12229=VECTOR('',#12232,1.0);
#12230=DIRECTION('',(0.873092103606483,-0.4875553082676941,0));
#12231=DIRECTION('',(0.2975957381183812,0.9546919799881928,0));
#12232=DIRECTION('',(-0.9418786138179852,0.335953384909738,0));
#12233=FACE_SURFACE('',(#12238),#12234,.T.);
#12234=PLANE('',#12235);
#12235=AXIS2_PLACEMENT_3D('',#460,#12236,#12237);
#12236=DIRECTION('',(0,0,1));
#12237=DIRECTION('',(0.9418786138179852,-0.335953384909738,0));
#12238=FACE_BOUND('',#12239,.T.);
#12239=EDGE_LOOP('',(#12240,#12241,#12242));
#12240=ORIENTED_EDGE('',*,*,#12243,.T.);
#12241=ORIENTED_EDGE('',*,*,#12244,.T.);
#12242=ORIENTED_EDGE('',*,*,#12245,.T.);
#12243=EDGE_CURVE('',#461,#647,#12246,.F.);
#12244=EDGE_CURVE('',#647,#649,#12247,.T.);
#12245=EDGE_CURVE('',#649,#461,#12248,.T.);
#12246=LINE('',#460,#12249);
#12247=LINE('',#646,#12250);
#12248=LINE('',#648,#12251);
#12249=VECTOR('',#12252,1.0);
#12250=VECTOR('',#12253,1.0);
#12251=VECTOR('',#12254,1.0);
#12252=DIRECTION('',(0.9418786138179852,-0.335953384909738,0));
#12253=DIRECTION('',(0.18025875636101774,0.9836192254908295,0));
#12254=DIRECTION('',(-0.9851961543808047,0.17143085309614953,0));
#12255=FACE_SURFACE('',(#12260),#12256,.T.);
#12256=PLANE('',#12257);
#12257=AXIS2_PLACEMENT_3D('',#460,#12258,#12259);
#12258=DIRECTION('',(0,0,1));
#12259=DIRECTION('',(1,0,0));
#12260=FACE_BOUND('',#12261,.T.);
#12261=EDGE_LOOP('',(#12262,#12263,#12264));
#12262=ORIENTED_EDGE('',*,*,#12265,.T.);
#12263=ORIENTED_EDGE('',*,*,#12266,.T.);
#12264=ORIENTED_EDGE('',*,*,#12267,.T.);
#12265=EDGE_CURVE('',#461,#651,#12268,.F.);
#12266=EDGE_CURVE('',#651,#619,#12269,.T.);
#12267=EDGE_CURVE('',#619,#461,#12270,.T.);
#12268=LINE('',#460,#12271);
#12269=LINE('',#650,#12272);
#12270=LINE('',#618,#12273);
#12271=VECTOR('',#12274,1.0);
#12272=VECTOR('',#12275,1.0);
#12273=VECTOR('',#12276,1.0);
#12274=DIRECTION('',(1,0,0));
#12275=DIRECTION('',(-0.06032902817928083,0.998178545330916,0));
#12276=DIRECTION('',(-0.9851961543808047,-0.17143085309614953,0));
#12277=FACE_SURFACE('',(#12282),#12278,.T.);
#12278=PLANE('',#12279);
#12279=AXIS2_PLACEMENT_3D('',#460,#12280,#12281);
#12280=DIRECTION('',(-0,0,1));
#12281=DIRECTION('',(0.9851961543808047,-0.17143085309614953,0));
#12282=FACE_BOUND('',#12283,.T.);
#12283=EDGE_LOOP('',(#12284,#12285,#12286));
#12284=ORIENTED_EDGE('',*,*,#12287,.T.);
#12285=ORIENTED_EDGE('',*,*,#12288,.T.);
#12286=ORIENTED_EDGE('',*,*,#12289,.T.);
#12287=EDGE_CURVE('',#461,#649,#12290,.F.);
#12288=EDGE_CURVE('',#649,#651,#12291,.T.);
#12289=EDGE_CURVE('',#651,#461,#12292,.T.);
#12290=LINE('',#460,#12293);
#12291=LINE('',#648,#12294);
#12292=LINE('',#650,#12295);
#12293=VECTOR('',#12296,1.0);
#12294=VECTOR('',#12297,1.0);
#12295=VECTOR('',#12298,1.0);
#12296=DIRECTION('',(0.9851961543808047,-0.17143085309614953,0));
#12297=DIRECTION('',(0.06032902817928083,0.998178545330916,0));
#12298=DIRECTION('',(-1,0,0));
#12299=FACE_SURFACE('',(#12304),#12300,.T.);
#12300=PLANE('',#12301);
#12301=AXIS2_PLACEMENT_3D('',#616,#12302,#12303);
#12302=DIRECTION('',(0,0,-1));
#12303=DIRECTION('',(-0.9957419006799896,0.09218496206107418,0));
#12304=FACE_BOUND('',#12305,.T.);
#12305=EDGE_LOOP('',(#12306,#12307,#12308));
#12306=ORIENTED_EDGE('',*,*,#12309,.T.);
#12307=ORIENTED_EDGE('',*,*,#12310,.T.);
#12308=ORIENTED_EDGE('',*,*,#12311,.T.);
#12309=EDGE_CURVE('',#617,#465,#12312,.F.);
#12310=EDGE_CURVE('',#465,#463,#12313,.T.);
#12311=EDGE_CURVE('',#463,#617,#12314,.T.);
#12312=LINE('',#616,#12315);
#12313=LINE('',#464,#12316);
#12314=LINE('',#462,#12317);
#12315=VECTOR('',#12318,1.0);
#12316=VECTOR('',#12319,1.0);
#12317=VECTOR('',#12320,1.0);
#12318=DIRECTION('',(-0.9957419006799896,0.09218496206107418,0));
#12319=DIRECTION('',(-0.5320390592813571,0.846719811625433,0));
#12320=DIRECTION('',(0.9870137295764507,-0.16063591636861557,0));
#12321=FACE_SURFACE('',(#12326),#12322,.T.);
#12322=PLANE('',#12323);
#12323=AXIS2_PLACEMENT_3D('',#620,#12324,#12325);
#12324=DIRECTION('',(0,0,-1));
#12325=DIRECTION('',(-0.3304086985508064,0.9438379585087487,0));
#12326=FACE_BOUND('',#12327,.T.);
#12327=EDGE_LOOP('',(#12328,#12329,#12330));
#12328=ORIENTED_EDGE('',*,*,#12331,.T.);
#12329=ORIENTED_EDGE('',*,*,#12332,.T.);
#12330=ORIENTED_EDGE('',*,*,#12333,.T.);
#12331=EDGE_CURVE('',#621,#465,#12334,.F.);
#12332=EDGE_CURVE('',#465,#617,#12335,.T.);
#12333=EDGE_CURVE('',#617,#621,#12336,.T.);
#12334=LINE('',#620,#12337);
#12335=LINE('',#464,#12338);
#12336=LINE('',#616,#12339);
#12337=VECTOR('',#12340,1.0);
#12338=VECTOR('',#12341,1.0);
#12339=VECTOR('',#12342,1.0);
#12340=DIRECTION('',(-0.3304086985508064,0.9438379585087487,0));
#12341=DIRECTION('',(0.9957419006799896,-0.09218496206107418,0));
#12342=DIRECTION('',(-0.9999842103628749,0.005619521771247625,0));
#12343=FACE_SURFACE('',(#12348),#12344,.T.);
#12344=PLANE('',#12345);
#12345=AXIS2_PLACEMENT_3D('',#488,#12346,#12347);
#12346=DIRECTION('',(0,-0,-1));
#12347=DIRECTION('',(0.999808159305189,-0.01958684729020275,0));
#12348=FACE_BOUND('',#12349,.T.);
#12349=EDGE_LOOP('',(#12350,#12351,#12352));
#12350=ORIENTED_EDGE('',*,*,#12353,.T.);
#12351=ORIENTED_EDGE('',*,*,#12354,.T.);
#12352=ORIENTED_EDGE('',*,*,#12355,.T.);
#12353=EDGE_CURVE('',#489,#467,#12356,.F.);
#12354=EDGE_CURVE('',#467,#653,#12357,.T.);
#12355=EDGE_CURVE('',#653,#489,#12358,.T.);
#12356=LINE('',#488,#12359);
#12357=LINE('',#466,#12360);
#12358=LINE('',#652,#12361);
#12359=VECTOR('',#12362,1.0);
#12360=VECTOR('',#12363,1.0);
#12361=VECTOR('',#12364,1.0);
#12362=DIRECTION('',(0.999808159305189,-0.01958684729020275,0));
#12363=DIRECTION('',(-1,0,0));
#12364=DIRECTION('',(0.11193518523976306,0.9937155097437796,0));
#12365=FACE_SURFACE('',(#12370),#12366,.T.);
#12366=PLANE('',#12367);
#12367=AXIS2_PLACEMENT_3D('',#652,#12368,#12369);
#12368=DIRECTION('',(0,0,-1));
#12369=DIRECTION('',(1,0,0));
#12370=FACE_BOUND('',#12371,.T.);
#12371=EDGE_LOOP('',(#12372,#12373,#12374));
#12372=ORIENTED_EDGE('',*,*,#12375,.T.);
#12373=ORIENTED_EDGE('',*,*,#12376,.T.);
#12374=ORIENTED_EDGE('',*,*,#12377,.T.);
#12375=EDGE_CURVE('',#653,#467,#12378,.F.);
#12376=EDGE_CURVE('',#467,#477,#12379,.T.);
#12377=EDGE_CURVE('',#477,#653,#12380,.T.);
#12378=LINE('',#652,#12381);
#12379=LINE('',#466,#12382);
#12380=LINE('',#476,#12383);
#12381=VECTOR('',#12384,1.0);
#12382=VECTOR('',#12385,1.0);
#12383=VECTOR('',#12386,1.0);
#12384=DIRECTION('',(1,0,0));
#12385=DIRECTION('',(0.3302791960364958,-0.9438832833912708,0));
#12386=DIRECTION('',(-0.9998298884704901,0.018444352010497687,0));
#12387=FACE_SURFACE('',(#12392),#12388,.T.);
#12388=PLANE('',#12389);
#12389=AXIS2_PLACEMENT_3D('',#468,#12390,#12391);
#12390=DIRECTION('',(0.1802444017655949,-0.9836217600164631,0.0004345736740936381));
#12391=DIRECTION('',(0.007391621911357218,0.0009126850225913639,-0.9999722650811717));
#12392=FACE_BOUND('',#12393,.T.);
#12393=EDGE_LOOP('',(#12394,#12395,#12396));
#12394=ORIENTED_EDGE('',*,*,#12397,.T.);
#12395=ORIENTED_EDGE('',*,*,#12398,.T.);
#12396=ORIENTED_EDGE('',*,*,#12399,.T.);
#12397=EDGE_CURVE('',#469,#587,#12400,.F.);
#12398=EDGE_CURVE('',#587,#629,#12401,.T.);
#12399=EDGE_CURVE('',#629,#469,#12402,.T.);
#12400=LINE('',#468,#12403);
#12401=LINE('',#586,#12404);
#12402=LINE('',#628,#12405);
#12403=VECTOR('',#12406,1.0);
#12404=VECTOR('',#12407,1.0);
#12405=VECTOR('',#12408,1.0);
#12406=DIRECTION('',(0.007391621911357218,0.0009126850225913639,-0.9999722650811717));
#12407=DIRECTION('',(0.17263608121263846,0.03206975523383339,0.9844634651741959));
#12408=DIRECTION('',(-0.983621852897065,-0.18024441878556052,0));
#12409=FACE_SURFACE('',(#12414),#12410,.T.);
#12410=PLANE('',#12411);
#12411=AXIS2_PLACEMENT_3D('',#468,#12412,#12413);
#12412=DIRECTION('',(0,0,1));
#12413=DIRECTION('',(0.983621852897065,0.18024441878556052,0));
#12414=FACE_BOUND('',#12415,.T.);
#12415=EDGE_LOOP('',(#12416,#12417,#12418));
#12416=ORIENTED_EDGE('',*,*,#12419,.T.);
#12417=ORIENTED_EDGE('',*,*,#12420,.T.);
#12418=ORIENTED_EDGE('',*,*,#12421,.T.);
#12419=EDGE_CURVE('',#469,#629,#12422,.F.);
#12420=EDGE_CURVE('',#629,#655,#12423,.T.);
#12421=EDGE_CURVE('',#655,#469,#12424,.T.);
#12422=LINE('',#468,#12425);
#12423=LINE('',#628,#12426);
#12424=LINE('',#654,#12427);
#12425=VECTOR('',#12428,1.0);
#12426=VECTOR('',#12429,1.0);
#12427=VECTOR('',#12430,1.0);
#12428=DIRECTION('',(0.983621852897065,0.18024441878556052,0));
#12429=DIRECTION('',(-0.0060917697493081185,0.9999814449985166,0));
#12430=DIRECTION('',(-0.14011947305507308,-0.9901346036124424,0));
#12431=FACE_SURFACE('',(#12436),#12432,.T.);
#12432=PLANE('',#12433);
#12433=AXIS2_PLACEMENT_3D('',#468,#12434,#12435);
#12434=DIRECTION('',(0,0,1));
#12435=DIRECTION('',(0.14011947305507308,0.9901346036124424,0));
#12436=FACE_BOUND('',#12437,.T.);
#12437=EDGE_LOOP('',(#12438,#12439,#12440));
#12438=ORIENTED_EDGE('',*,*,#12441,.T.);
#12439=ORIENTED_EDGE('',*,*,#12442,.T.);
#12440=ORIENTED_EDGE('',*,*,#12443,.T.);
#12441=EDGE_CURVE('',#469,#655,#12444,.F.);
#12442=EDGE_CURVE('',#655,#657,#12445,.T.);
#12443=EDGE_CURVE('',#657,#469,#12446,.T.);
#12444=LINE('',#468,#12447);
#12445=LINE('',#654,#12448);
#12446=LINE('',#656,#12449);
#12447=VECTOR('',#12450,1.0);
#12448=VECTOR('',#12451,1.0);
#12449=VECTOR('',#12452,1.0);
#12450=DIRECTION('',(0.14011947305507308,0.9901346036124424,0));
#12451=DIRECTION('',(-0.7070159086109588,-0.7071976420853087,0));
#12452=DIRECTION('',(-0.08740753909230174,-0.9961726366999988,0));
#12453=FACE_SURFACE('',(#12458),#12454,.T.);
#12454=PLANE('',#12455);
#12455=AXIS2_PLACEMENT_3D('',#468,#12456,#12457);
#12456=DIRECTION('',(0,-0,1));
#12457=DIRECTION('',(0.013327508382526209,0.9999111848160884,0));
#12458=FACE_BOUND('',#12459,.T.);
#12459=EDGE_LOOP('',(#12460,#12461,#12462));
#12460=ORIENTED_EDGE('',*,*,#12463,.T.);
#12461=ORIENTED_EDGE('',*,*,#12464,.T.);
#12462=ORIENTED_EDGE('',*,*,#12465,.T.);
#12463=EDGE_CURVE('',#469,#659,#12466,.F.);
#12464=EDGE_CURVE('',#659,#471,#12467,.T.);
#12465=EDGE_CURVE('',#471,#469,#12468,.T.);
#12466=LINE('',#468,#12469);
#12467=LINE('',#658,#12470);
#12468=LINE('',#470,#12471);
#12469=VECTOR('',#12472,1.0);
#12470=VECTOR('',#12473,1.0);
#12471=VECTOR('',#12474,1.0);
#12472=DIRECTION('',(0.013327508382526209,0.9999111848160884,0));
#12473=DIRECTION('',(-0.9438674226046914,-0.3303245200489616,0));
#12474=DIRECTION('',(0.07656278202664223,-0.9970647623942694,0));
#12475=FACE_SURFACE('',(#12480),#12476,.T.);
#12476=PLANE('',#12477);
#12477=AXIS2_PLACEMENT_3D('',#468,#12478,#12479);
#12478=DIRECTION('',(0,0,1));
#12479=DIRECTION('',(0.08740753909230174,0.9961726366999988,0));
#12480=FACE_BOUND('',#12481,.T.);
#12481=EDGE_LOOP('',(#12482,#12483,#12484));
#12482=ORIENTED_EDGE('',*,*,#12485,.T.);
#12483=ORIENTED_EDGE('',*,*,#12486,.T.);
#12484=ORIENTED_EDGE('',*,*,#12487,.T.);
#12485=EDGE_CURVE('',#469,#657,#12488,.F.);
#12486=EDGE_CURVE('',#657,#659,#12489,.T.);
#12487=EDGE_CURVE('',#659,#469,#12490,.T.);
#12488=LINE('',#468,#12491);
#12489=LINE('',#656,#12492);
#12490=LINE('',#658,#12493);
#12491=VECTOR('',#12494,1.0);
#12492=VECTOR('',#12495,1.0);
#12493=VECTOR('',#12496,1.0);
#12494=DIRECTION('',(0.08740753909230174,0.9961726366999988,0));
#12495=DIRECTION('',(-0.8467876021117884,-0.5319311580550322,0));
#12496=DIRECTION('',(-0.013327508382526209,-0.9999111848160884,0));
#12497=FACE_SURFACE('',(#12502),#12498,.T.);
#12498=PLANE('',#12499);
#12499=AXIS2_PLACEMENT_3D('',#472,#12500,#12501);
#12500=DIRECTION('',(-0.11200291401038326,0.993707878228397,0));
#12501=DIRECTION('',(0.10216012976292974,0.011514684023162282,0.9947013219749273));
#12502=FACE_BOUND('',#12503,.T.);
#12503=EDGE_LOOP('',(#12504,#12505,#12506));
#12504=ORIENTED_EDGE('',*,*,#12507,.T.);
#12505=ORIENTED_EDGE('',*,*,#12508,.T.);
#12506=ORIENTED_EDGE('',*,*,#12509,.T.);
#12507=EDGE_CURVE('',#473,#471,#12510,.F.);
#12508=EDGE_CURVE('',#471,#661,#12511,.T.);
#12509=EDGE_CURVE('',#661,#473,#12512,.T.);
#12510=LINE('',#472,#12513);
#12511=LINE('',#470,#12514);
#12512=LINE('',#660,#12515);
#12513=VECTOR('',#12516,1.0);
#12514=VECTOR('',#12517,1.0);
#12515=VECTOR('',#12518,1.0);
#12516=DIRECTION('',(0.10216012976292974,0.011514684023162282,0.9947013219749273));
#12517=DIRECTION('',(0,0,-1));
#12518=DIRECTION('',(-0.993707878228397,-0.11200291401038326,0));
#12519=FACE_SURFACE('',(#12524),#12520,.T.);
#12520=PLANE('',#12521);
#12521=AXIS2_PLACEMENT_3D('',#660,#12522,#12523);
#12522=DIRECTION('',(-0.3303245200489616,0.9438674226046914,0));
#12523=DIRECTION('',(0,0,1));
#12524=FACE_BOUND('',#12525,.T.);
#12525=EDGE_LOOP('',(#12526,#12527,#12528));
#12526=ORIENTED_EDGE('',*,*,#12529,.T.);
#12527=ORIENTED_EDGE('',*,*,#12530,.T.);
#12528=ORIENTED_EDGE('',*,*,#12531,.T.);
#12529=EDGE_CURVE('',#661,#471,#12532,.F.);
#12530=EDGE_CURVE('',#471,#659,#12533,.T.);
#12531=EDGE_CURVE('',#659,#661,#12534,.T.);
#12532=LINE('',#660,#12535);
#12533=LINE('',#470,#12536);
#12534=LINE('',#658,#12537);
#12535=VECTOR('',#12538,1.0);
#12536=VECTOR('',#12539,1.0);
#12537=VECTOR('',#12540,1.0);
#12538=DIRECTION('',(0,0,1));
#12539=DIRECTION('',(0.9438674226046914,0.3303245200489616,0));
#12540=DIRECTION('',(-0.09701942448508262,-0.0339538096780819,-0.994703156766343));
#12541=FACE_SURFACE('',(#12546),#12542,.T.);
#12542=PLANE('',#12543);
#12543=AXIS2_PLACEMENT_3D('',#606,#12544,#12545);
#12544=DIRECTION('',(0,0,-1));
#12545=DIRECTION('',(1,0,0));
#12546=FACE_BOUND('',#12547,.T.);
#12547=EDGE_LOOP('',(#12548,#12549,#12550));
#12548=ORIENTED_EDGE('',*,*,#12551,.T.);
#12549=ORIENTED_EDGE('',*,*,#12552,.T.);
#12550=ORIENTED_EDGE('',*,*,#12553,.T.);
#12551=EDGE_CURVE('',#607,#475,#12554,.F.);
#12552=EDGE_CURVE('',#475,#473,#12555,.T.);
#12553=EDGE_CURVE('',#473,#607,#12556,.T.);
#12554=LINE('',#606,#12557);
#12555=LINE('',#474,#12558);
#12556=LINE('',#472,#12559);
#12557=VECTOR('',#12560,1.0);
#12558=VECTOR('',#12561,1.0);
#12559=VECTOR('',#12562,1.0);
#12560=DIRECTION('',(1,0,0));
#12561=DIRECTION('',(0.993707878228397,-0.11200291401038326,0));
#12562=DIRECTION('',(-0.9999981701703893,0.0019130227058366167,0));
#12563=FACE_SURFACE('',(#12568),#12564,.T.);
#12564=PLANE('',#12565);
#12565=AXIS2_PLACEMENT_3D('',#600,#12566,#12567);
#12566=DIRECTION('',(0,0,-1));
#12567=DIRECTION('',(-0.9999550657612086,0.009479792112541055,0));
#12568=FACE_BOUND('',#12569,.T.);
#12569=EDGE_LOOP('',(#12570,#12571,#12572));
#12570=ORIENTED_EDGE('',*,*,#12573,.T.);
#12571=ORIENTED_EDGE('',*,*,#12574,.T.);
#12572=ORIENTED_EDGE('',*,*,#12575,.T.);
#12573=EDGE_CURVE('',#601,#473,#12576,.F.);
#12574=EDGE_CURVE('',#473,#661,#12577,.T.);
#12575=EDGE_CURVE('',#661,#601,#12578,.T.);
#12576=LINE('',#600,#12579);
#12577=LINE('',#472,#12580);
#12578=LINE('',#660,#12581);
#12579=VECTOR('',#12582,1.0);
#12580=VECTOR('',#12583,1.0);
#12581=VECTOR('',#12584,1.0);
#12582=DIRECTION('',(-0.9999550657612086,0.009479792112541055,0));
#12583=DIRECTION('',(0.993707878228397,0.11200291401038326,0));
#12584=DIRECTION('',(0.9998251087120432,-0.018701657385131288,0));
#12585=FACE_SURFACE('',(#12590),#12586,.T.);
#12586=PLANE('',#12587);
#12587=AXIS2_PLACEMENT_3D('',#662,#12588,#12589);
#12588=DIRECTION('',(0,-0,-1));
#12589=DIRECTION('',(0.9999829822013631,-0.005833978716814822,0));
#12590=FACE_BOUND('',#12591,.T.);
#12591=EDGE_LOOP('',(#12592,#12593,#12594));
#12592=ORIENTED_EDGE('',*,*,#12595,.T.);
#12593=ORIENTED_EDGE('',*,*,#12596,.T.);
#12594=ORIENTED_EDGE('',*,*,#12597,.T.);
#12595=EDGE_CURVE('',#663,#475,#12598,.F.);
#12596=EDGE_CURVE('',#475,#607,#12599,.T.);
#12597=EDGE_CURVE('',#607,#663,#12600,.T.);
#12598=LINE('',#662,#12601);
#12599=LINE('',#474,#12602);
#12600=LINE('',#606,#12603);
#12601=VECTOR('',#12604,1.0);
#12602=VECTOR('',#12605,1.0);
#12603=VECTOR('',#12606,1.0);
#12604=DIRECTION('',(0.9999829822013631,-0.005833978716814822,0));
#12605=DIRECTION('',(-1,0,0));
#12606=DIRECTION('',(0.9438832833912708,0.3302791960364958,0));
#12607=FACE_SURFACE('',(#12612),#12608,.T.);
#12608=PLANE('',#12609);
#12609=AXIS2_PLACEMENT_3D('',#662,#12610,#12611);
#12610=DIRECTION('',(0,0,-1));
#12611=DIRECTION('',(1,0,0));
#12612=FACE_BOUND('',#12613,.T.);
#12613=EDGE_LOOP('',(#12614,#12615,#12616));
#12614=ORIENTED_EDGE('',*,*,#12617,.T.);
#12615=ORIENTED_EDGE('',*,*,#12618,.T.);
#12616=ORIENTED_EDGE('',*,*,#12619,.T.);
#12617=EDGE_CURVE('',#663,#479,#12620,.F.);
#12618=EDGE_CURVE('',#479,#475,#12621,.T.);
#12619=EDGE_CURVE('',#475,#663,#12622,.T.);
#12620=LINE('',#662,#12623);
#12621=LINE('',#478,#12624);
#12622=LINE('',#474,#12625);
#12623=VECTOR('',#12626,1.0);
#12624=VECTOR('',#12627,1.0);
#12625=VECTOR('',#12628,1.0);
#12626=DIRECTION('',(1,0,0));
#12627=DIRECTION('',(0.9438832833912708,-0.3302791960364958,0));
#12628=DIRECTION('',(-0.9999829822013631,0.005833978716814822,0));
#12629=FACE_SURFACE('',(#12634),#12630,.T.);
#12630=PLANE('',#12631);
#12631=AXIS2_PLACEMENT_3D('',#652,#12632,#12633);
#12632=DIRECTION('',(0,-0,-1));
#12633=DIRECTION('',(0.9998298884704901,-0.018444352010497687,0));
#12634=FACE_BOUND('',#12635,.T.);
#12635=EDGE_LOOP('',(#12636,#12637,#12638));
#12636=ORIENTED_EDGE('',*,*,#12639,.T.);
#12637=ORIENTED_EDGE('',*,*,#12640,.T.);
#12638=ORIENTED_EDGE('',*,*,#12641,.T.);
#12639=EDGE_CURVE('',#653,#477,#12642,.F.);
#12640=EDGE_CURVE('',#477,#665,#12643,.T.);
#12641=EDGE_CURVE('',#665,#653,#12644,.T.);
#12642=LINE('',#652,#12645);
#12643=LINE('',#476,#12646);
#12644=LINE('',#664,#12647);
#12645=VECTOR('',#12648,1.0);
#12646=VECTOR('',#12649,1.0);
#12647=VECTOR('',#12650,1.0);
#12648=DIRECTION('',(0.9998298884704901,-0.018444352010497687,0));
#12649=DIRECTION('',(-1,0,0));
#12650=DIRECTION('',(0.3304086985508064,0.9438379585087487,0));
#12651=FACE_SURFACE('',(#12656),#12652,.T.);
#12652=PLANE('',#12653);
#12653=AXIS2_PLACEMENT_3D('',#664,#12654,#12655);
#12654=DIRECTION('',(0,0,-1));
#12655=DIRECTION('',(1,0,0));
#12656=FACE_BOUND('',#12657,.T.);
#12657=EDGE_LOOP('',(#12658,#12659,#12660));
#12658=ORIENTED_EDGE('',*,*,#12661,.T.);
#12659=ORIENTED_EDGE('',*,*,#12662,.T.);
#12660=ORIENTED_EDGE('',*,*,#12663,.T.);
#12661=EDGE_CURVE('',#665,#477,#12664,.F.);
#12662=EDGE_CURVE('',#477,#481,#12665,.T.);
#12663=EDGE_CURVE('',#481,#665,#12666,.T.);
#12664=LINE('',#664,#12667);
#12665=LINE('',#476,#12668);
#12666=LINE('',#480,#12669);
#12667=VECTOR('',#12670,1.0);
#12668=VECTOR('',#12671,1.0);
#12669=VECTOR('',#12672,1.0);
#12670=DIRECTION('',(1,0,0));
#12671=DIRECTION('',(0.5320390592813571,-0.846719811625433,0));
#12672=DIRECTION('',(-0.9998675954856356,0.016272415240929733,0));
#12673=FACE_SURFACE('',(#12678),#12674,.T.);
#12674=PLANE('',#12675);
#12675=AXIS2_PLACEMENT_3D('',#666,#12676,#12677);
#12676=DIRECTION('',(0,-0,-1));
#12677=DIRECTION('',(0.9999529142005988,-0.009704090979047992,0));
#12678=FACE_BOUND('',#12679,.T.);
#12679=EDGE_LOOP('',(#12680,#12681,#12682));
#12680=ORIENTED_EDGE('',*,*,#12683,.T.);
#12681=ORIENTED_EDGE('',*,*,#12684,.T.);
#12682=ORIENTED_EDGE('',*,*,#12685,.T.);
#12683=EDGE_CURVE('',#667,#479,#12686,.F.);
#12684=EDGE_CURVE('',#479,#663,#12687,.T.);
#12685=EDGE_CURVE('',#663,#667,#12688,.T.);
#12686=LINE('',#666,#12689);
#12687=LINE('',#478,#12690);
#12688=LINE('',#662,#12691);
#12689=VECTOR('',#12692,1.0);
#12690=VECTOR('',#12693,1.0);
#12691=VECTOR('',#12694,1.0);
#12692=DIRECTION('',(0.9999529142005988,-0.009704090979047992,0));
#12693=DIRECTION('',(-1,0,0));
#12694=DIRECTION('',(0.8467876021117884,0.5319311580550322,0));
#12695=FACE_SURFACE('',(#12700),#12696,.T.);
#12696=PLANE('',#12697);
#12697=AXIS2_PLACEMENT_3D('',#666,#12698,#12699);
#12698=DIRECTION('',(0,0,-1));
#12699=DIRECTION('',(1,0,0));
#12700=FACE_BOUND('',#12701,.T.);
#12701=EDGE_LOOP('',(#12702,#12703,#12704));
#12702=ORIENTED_EDGE('',*,*,#12705,.T.);
#12703=ORIENTED_EDGE('',*,*,#12706,.T.);
#12704=ORIENTED_EDGE('',*,*,#12707,.T.);
#12705=EDGE_CURVE('',#667,#483,#12708,.F.);
#12706=EDGE_CURVE('',#483,#479,#12709,.T.);
#12707=EDGE_CURVE('',#479,#667,#12710,.T.);
#12708=LINE('',#666,#12711);
#12709=LINE('',#482,#12712);
#12710=LINE('',#478,#12713);
#12711=VECTOR('',#12714,1.0);
#12712=VECTOR('',#12715,1.0);
#12713=VECTOR('',#12716,1.0);
#12714=DIRECTION('',(1,0,0));
#12715=DIRECTION('',(0.8467464686697371,-0.5319966332556344,0));
#12716=DIRECTION('',(-0.9999529142005988,0.009704090979047992,0));
#12717=FACE_SURFACE('',(#12722),#12718,.T.);
#12718=PLANE('',#12719);
#12719=AXIS2_PLACEMENT_3D('',#664,#12720,#12721);
#12720=DIRECTION('',(0,-0,-1));
#12721=DIRECTION('',(0.9998675954856356,-0.016272415240929733,0));
#12722=FACE_BOUND('',#12723,.T.);
#12723=EDGE_LOOP('',(#12724,#12725,#12726));
#12724=ORIENTED_EDGE('',*,*,#12727,.T.);
#12725=ORIENTED_EDGE('',*,*,#12728,.T.);
#12726=ORIENTED_EDGE('',*,*,#12729,.T.);
#12727=EDGE_CURVE('',#665,#481,#12730,.F.);
#12728=EDGE_CURVE('',#481,#669,#12731,.T.);
#12729=EDGE_CURVE('',#669,#665,#12732,.T.);
#12730=LINE('',#664,#12733);
#12731=LINE('',#480,#12734);
#12732=LINE('',#668,#12735);
#12733=VECTOR('',#12736,1.0);
#12734=VECTOR('',#12737,1.0);
#12735=VECTOR('',#12738,1.0);
#12736=DIRECTION('',(0.9998675954856356,-0.016272415240929733,0));
#12737=DIRECTION('',(-1,0,0));
#12738=DIRECTION('',(0.5319348293969091,0.8467852958539617,0));
#12739=FACE_SURFACE('',(#12744),#12740,.T.);
#12740=PLANE('',#12741);
#12741=AXIS2_PLACEMENT_3D('',#668,#12742,#12743);
#12742=DIRECTION('',(0,0,-1));
#12743=DIRECTION('',(1,0,0));
#12744=FACE_BOUND('',#12745,.T.);
#12745=EDGE_LOOP('',(#12746,#12747,#12748));
#12746=ORIENTED_EDGE('',*,*,#12749,.T.);
#12747=ORIENTED_EDGE('',*,*,#12750,.T.);
#12748=ORIENTED_EDGE('',*,*,#12751,.T.);
#12749=EDGE_CURVE('',#669,#481,#12752,.F.);
#12750=EDGE_CURVE('',#481,#483,#12753,.T.);
#12751=EDGE_CURVE('',#483,#669,#12754,.T.);
#12752=LINE('',#668,#12755);
#12753=LINE('',#480,#12756);
#12754=LINE('',#482,#12757);
#12755=VECTOR('',#12758,1.0);
#12756=VECTOR('',#12759,1.0);
#12757=VECTOR('',#12760,1.0);
#12758=DIRECTION('',(1,0,0));
#12759=DIRECTION('',(0.7070886094735803,-0.7071249524325376,0));
#12760=DIRECTION('',(-0.9999119017906225,0.013273607552602517,0));
#12761=FACE_SURFACE('',(#12766),#12762,.T.);
#12762=PLANE('',#12763);
#12763=AXIS2_PLACEMENT_3D('',#668,#12764,#12765);
#12764=DIRECTION('',(0,-0,-1));
#12765=DIRECTION('',(0.9999119017906225,-0.013273607552602517,0));
#12766=FACE_BOUND('',#12767,.T.);
#12767=EDGE_LOOP('',(#12768,#12769,#12770));
#12768=ORIENTED_EDGE('',*,*,#12771,.T.);
#12769=ORIENTED_EDGE('',*,*,#12772,.T.);
#12770=ORIENTED_EDGE('',*,*,#12773,.T.);
#12771=EDGE_CURVE('',#669,#483,#12774,.F.);
#12772=EDGE_CURVE('',#483,#667,#12775,.T.);
#12773=EDGE_CURVE('',#667,#669,#12776,.T.);
#12774=LINE('',#668,#12777);
#12775=LINE('',#482,#12778);
#12776=LINE('',#666,#12779);
#12777=VECTOR('',#12780,1.0);
#12778=VECTOR('',#12781,1.0);
#12779=VECTOR('',#12782,1.0);
#12780=DIRECTION('',(0.9999119017906225,-0.013273607552602517,0));
#12781=DIRECTION('',(-1,0,0));
#12782=DIRECTION('',(0.7070886094735803,0.7071249524325376,0));
#12783=FACE_SURFACE('',(#12788),#12784,.T.);
#12784=PLANE('',#12785);
#12785=AXIS2_PLACEMENT_3D('',#498,#12786,#12787);
#12786=DIRECTION('',(-0.9438379585087486,-0.33040869855080635,-0));
#12787=DIRECTION('',(0,0,-1));
#12788=FACE_BOUND('',#12789,.T.);
#12789=EDGE_LOOP('',(#12790,#12791,#12792));
#12790=ORIENTED_EDGE('',*,*,#12793,.T.);
#12791=ORIENTED_EDGE('',*,*,#12794,.T.);
#12792=ORIENTED_EDGE('',*,*,#12795,.T.);
#12793=EDGE_CURVE('',#499,#487,#12796,.F.);
#12794=EDGE_CURVE('',#487,#485,#12797,.T.);
#12795=EDGE_CURVE('',#485,#499,#12798,.T.);
#12796=LINE('',#498,#12799);
#12797=LINE('',#486,#12800);
#12798=LINE('',#484,#12801);
#12799=VECTOR('',#12802,1.0);
#12800=VECTOR('',#12803,1.0);
#12801=VECTOR('',#12804,1.0);
#12802=DIRECTION('',(0,0,-1));
#12803=DIRECTION('',(0.3304086985508064,-0.9438379585087487,0));
#12804=DIRECTION('',(-0.009245239275885896,0.02640973982328514,0.999608448940483));
#12805=FACE_SURFACE('',(#12810),#12806,.T.);
#12806=PLANE('',#12807);
#12807=AXIS2_PLACEMENT_3D('',#498,#12808,#12809);
#12808=DIRECTION('',(-0.9438379585087486,-0.33040869855080635,0));
#12809=DIRECTION('',(0.009245239275885896,-0.02640973982328514,-0.999608448940483));
#12810=FACE_BOUND('',#12811,.T.);
#12811=EDGE_LOOP('',(#12812,#12813,#12814));
#12812=ORIENTED_EDGE('',*,*,#12815,.T.);
#12813=ORIENTED_EDGE('',*,*,#12816,.T.);
#12814=ORIENTED_EDGE('',*,*,#12817,.T.);
#12815=EDGE_CURVE('',#499,#485,#12818,.F.);
#12816=EDGE_CURVE('',#485,#497,#12819,.T.);
#12817=EDGE_CURVE('',#497,#499,#12820,.T.);
#12818=LINE('',#498,#12821);
#12819=LINE('',#484,#12822);
#12820=LINE('',#496,#12823);
#12821=VECTOR('',#12824,1.0);
#12822=VECTOR('',#12825,1.0);
#12823=VECTOR('',#12826,1.0);
#12824=DIRECTION('',(0.009245239275885896,-0.02640973982328514,-0.999608448940483));
#12825=DIRECTION('',(0,0,1));
#12826=DIRECTION('',(-0.3304086985508064,0.9438379585087487,0));
#12827=FACE_SURFACE('',(#12832),#12828,.T.);
#12828=PLANE('',#12829);
#12829=AXIS2_PLACEMENT_3D('',#496,#12830,#12831);
#12830=DIRECTION('',(-0.993715965073108,-0.11193114293538518,-0));
#12831=DIRECTION('',(0,0,-1));
#12832=FACE_BOUND('',#12833,.T.);
#12833=EDGE_LOOP('',(#12834,#12835,#12836));
#12834=ORIENTED_EDGE('',*,*,#12837,.T.);
#12835=ORIENTED_EDGE('',*,*,#12838,.T.);
#12836=ORIENTED_EDGE('',*,*,#12839,.T.);
#12837=EDGE_CURVE('',#497,#485,#12840,.F.);
#12838=EDGE_CURVE('',#485,#489,#12841,.T.);
#12839=EDGE_CURVE('',#489,#497,#12842,.T.);
#12840=LINE('',#496,#12843);
#12841=LINE('',#484,#12844);
#12842=LINE('',#488,#12845);
#12843=VECTOR('',#12846,1.0);
#12844=VECTOR('',#12847,1.0);
#12845=VECTOR('',#12848,1.0);
#12846=DIRECTION('',(0,0,-1));
#12847=DIRECTION('',(0.1119311429353852,-0.993715965073108,0));
#12848=DIRECTION('',(-0.0031319112834879126,0.027804864329770612,0.999608463675311));
#12849=FACE_SURFACE('',(#12854),#12850,.T.);
#12850=PLANE('',#12851);
#12851=AXIS2_PLACEMENT_3D('',#502,#12852,#12853);
#12852=DIRECTION('',(-0.8467852958539616,-0.531934829396909,0));
#12853=DIRECTION('',(0.014882680682992202,-0.02369169016350337,-0.9996085281913538));
#12854=FACE_BOUND('',#12855,.T.);
#12855=EDGE_LOOP('',(#12856,#12857,#12858));
#12856=ORIENTED_EDGE('',*,*,#12859,.T.);
#12857=ORIENTED_EDGE('',*,*,#12860,.T.);
#12858=ORIENTED_EDGE('',*,*,#12861,.T.);
#12859=EDGE_CURVE('',#503,#487,#12862,.F.);
#12860=EDGE_CURVE('',#487,#499,#12863,.T.);
#12861=EDGE_CURVE('',#499,#503,#12864,.T.);
#12862=LINE('',#502,#12865);
#12863=LINE('',#486,#12866);
#12864=LINE('',#498,#12867);
#12865=VECTOR('',#12868,1.0);
#12866=VECTOR('',#12869,1.0);
#12867=VECTOR('',#12870,1.0);
#12868=DIRECTION('',(0.014882680682992202,-0.02369169016350337,-0.9996085281913538));
#12869=DIRECTION('',(0,0,1));
#12870=DIRECTION('',(-0.5319348293969091,0.8467852958539617,0));
#12871=FACE_SURFACE('',(#12876),#12872,.T.);
#12872=PLANE('',#12873);
#12873=AXIS2_PLACEMENT_3D('',#502,#12874,#12875);
#12874=DIRECTION('',(-0.8467852958539616,-0.531934829396909,-0));
#12875=DIRECTION('',(0,0,-1));
#12876=FACE_BOUND('',#12877,.T.);
#12877=EDGE_LOOP('',(#12878,#12879,#12880));
#12878=ORIENTED_EDGE('',*,*,#12881,.T.);
#12879=ORIENTED_EDGE('',*,*,#12882,.T.);
#12880=ORIENTED_EDGE('',*,*,#12883,.T.);
#12881=EDGE_CURVE('',#503,#491,#12884,.F.);
#12882=EDGE_CURVE('',#491,#487,#12885,.T.);
#12883=EDGE_CURVE('',#487,#503,#12886,.T.);
#12884=LINE('',#502,#12887);
#12885=LINE('',#490,#12888);
#12886=LINE('',#486,#12889);
#12887=VECTOR('',#12890,1.0);
#12888=VECTOR('',#12891,1.0);
#12889=VECTOR('',#12892,1.0);
#12890=DIRECTION('',(0,0,-1));
#12891=DIRECTION('',(0.5319348293969091,-0.8467852958539617,0));
#12892=DIRECTION('',(-0.014882680682992202,0.02369169016350337,0.9996085281913538));
#12893=FACE_SURFACE('',(#12898),#12894,.T.);
#12894=PLANE('',#12895);
#12895=AXIS2_PLACEMENT_3D('',#496,#12896,#12897);
#12896=DIRECTION('',(-0.993715965073108,-0.11193114293538518,0));
#12897=DIRECTION('',(0.0031319112834879126,-0.027804864329770612,-0.999608463675311));
#12898=FACE_BOUND('',#12899,.T.);
#12899=EDGE_LOOP('',(#12900,#12901,#12902));
#12900=ORIENTED_EDGE('',*,*,#12903,.T.);
#12901=ORIENTED_EDGE('',*,*,#12904,.T.);
#12902=ORIENTED_EDGE('',*,*,#12905,.T.);
#12903=EDGE_CURVE('',#497,#489,#12906,.F.);
#12904=EDGE_CURVE('',#489,#501,#12907,.T.);
#12905=EDGE_CURVE('',#501,#497,#12908,.T.);
#12906=LINE('',#496,#12909);
#12907=LINE('',#488,#12910);
#12908=LINE('',#500,#12911);
#12909=VECTOR('',#12912,1.0);
#12910=VECTOR('',#12913,1.0);
#12911=VECTOR('',#12914,1.0);
#12912=DIRECTION('',(0.0031319112834879126,-0.027804864329770612,-0.999608463675311));
#12913=DIRECTION('',(0,0,1));
#12914=DIRECTION('',(-0.1119311429353852,0.993715965073108,0));
#12915=FACE_SURFACE('',(#12920),#12916,.T.);
#12916=PLANE('',#12917);
#12917=AXIS2_PLACEMENT_3D('',#652,#12918,#12919);
#12918=DIRECTION('',(-0.9937155097437798,0.11193518523976308,0));
#12919=DIRECTION('',(0.0031319113720363794,0.027803848261555426,0.9996084919372215));
#12920=FACE_BOUND('',#12921,.T.);
#12921=EDGE_LOOP('',(#12922,#12923,#12924));
#12922=ORIENTED_EDGE('',*,*,#12925,.T.);
#12923=ORIENTED_EDGE('',*,*,#12926,.T.);
#12924=ORIENTED_EDGE('',*,*,#12927,.T.);
#12925=EDGE_CURVE('',#653,#501,#12928,.F.);
#12926=EDGE_CURVE('',#501,#489,#12929,.T.);
#12927=EDGE_CURVE('',#489,#653,#12930,.T.);
#12928=LINE('',#652,#12931);
#12929=LINE('',#500,#12932);
#12930=LINE('',#488,#12933);
#12931=VECTOR('',#12934,1.0);
#12932=VECTOR('',#12935,1.0);
#12933=VECTOR('',#12936,1.0);
#12934=DIRECTION('',(0.0031319113720363794,0.027803848261555426,0.9996084919372215));
#12935=DIRECTION('',(0,0,-1));
#12936=DIRECTION('',(-0.11193518523976306,-0.9937155097437796,0));
#12937=FACE_SURFACE('',(#12942),#12938,.T.);
#12938=PLANE('',#12939);
#12939=AXIS2_PLACEMENT_3D('',#560,#12940,#12941);
#12940=DIRECTION('',(-0.7071976420853088,-0.7070159086109588,0));
#12941=DIRECTION('',(0.07267488822995267,-0.07269356879961902,-0.9947029735935945));
#12942=FACE_BOUND('',#12943,.T.);
#12943=EDGE_LOOP('',(#12944,#12945,#12946));
#12944=ORIENTED_EDGE('',*,*,#12947,.T.);
#12945=ORIENTED_EDGE('',*,*,#12948,.T.);
#12946=ORIENTED_EDGE('',*,*,#12949,.T.);
#12947=EDGE_CURVE('',#561,#493,#12950,.F.);
#12948=EDGE_CURVE('',#493,#563,#12951,.T.);
#12949=EDGE_CURVE('',#563,#561,#12952,.T.);
#12950=LINE('',#560,#12953);
#12951=LINE('',#492,#12954);
#12952=LINE('',#562,#12955);
#12953=VECTOR('',#12956,1.0);
#12954=VECTOR('',#12957,1.0);
#12955=VECTOR('',#12958,1.0);
#12956=DIRECTION('',(0.07267488822995267,-0.07269356879961902,-0.9947029735935945));
#12957=DIRECTION('',(0,0,1));
#12958=DIRECTION('',(-0.7070159086109588,0.7071976420853087,0));
#12959=FACE_SURFACE('',(#12964),#12960,.T.);
#12960=PLANE('',#12961);
#12961=AXIS2_PLACEMENT_3D('',#562,#12962,#12963);
#12962=DIRECTION('',(-0.8467198116254329,-0.5320390592813571,-0));
#12963=DIRECTION('',(0,0,-1));
#12964=FACE_BOUND('',#12965,.T.);
#12965=EDGE_LOOP('',(#12966,#12967,#12968));
#12966=ORIENTED_EDGE('',*,*,#12969,.T.);
#12967=ORIENTED_EDGE('',*,*,#12970,.T.);
#12968=ORIENTED_EDGE('',*,*,#12971,.T.);
#12969=EDGE_CURVE('',#563,#493,#12972,.F.);
#12970=EDGE_CURVE('',#493,#559,#12973,.T.);
#12971=EDGE_CURVE('',#559,#563,#12974,.T.);
#12972=LINE('',#562,#12975);
#12973=LINE('',#492,#12976);
#12974=LINE('',#558,#12977);
#12975=VECTOR('',#12978,1.0);
#12976=VECTOR('',#12979,1.0);
#12977=VECTOR('',#12980,1.0);
#12978=DIRECTION('',(0,0,-1));
#12979=DIRECTION('',(0.5320390592813571,-0.846719811625433,0));
#12980=DIRECTION('',(-0.05469662482123792,0.08704758618237857,0.9947014612299442));
#12981=FACE_SURFACE('',(#12986),#12982,.T.);
#12982=PLANE('',#12983);
#12983=AXIS2_PLACEMENT_3D('',#560,#12984,#12985);
#12984=DIRECTION('',(-0.7071976420853088,-0.7070159086109588,-0));
#12985=DIRECTION('',(0,0,-1));
#12986=FACE_BOUND('',#12987,.T.);
#12987=EDGE_LOOP('',(#12988,#12989,#12990));
#12988=ORIENTED_EDGE('',*,*,#12991,.T.);
#12989=ORIENTED_EDGE('',*,*,#12992,.T.);
#12990=ORIENTED_EDGE('',*,*,#12993,.T.);
#12991=EDGE_CURVE('',#561,#495,#12994,.F.);
#12992=EDGE_CURVE('',#495,#493,#12995,.T.);
#12993=EDGE_CURVE('',#493,#561,#12996,.T.);
#12994=LINE('',#560,#12997);
#12995=LINE('',#494,#12998);
#12996=LINE('',#492,#12999);
#12997=VECTOR('',#13000,1.0);
#12998=VECTOR('',#13001,1.0);
#12999=VECTOR('',#13002,1.0);
#13000=DIRECTION('',(0,0,-1));
#13001=DIRECTION('',(0.7070159086109588,-0.7071976420853087,0));
#13002=DIRECTION('',(-0.07267488822995267,0.07269356879961902,0.9947029735935945));
#13003=FACE_SURFACE('',(#13008),#13004,.T.);
#13004=PLANE('',#13005);
#13005=AXIS2_PLACEMENT_3D('',#652,#13006,#13007);
#13006=DIRECTION('',(-0.9937155097437798,0.11193518523976308,0));
#13007=DIRECTION('',(0,0,1));
#13008=FACE_BOUND('',#13009,.T.);
#13009=EDGE_LOOP('',(#13010,#13011,#13012));
#13010=ORIENTED_EDGE('',*,*,#13013,.T.);
#13011=ORIENTED_EDGE('',*,*,#13014,.T.);
#13012=ORIENTED_EDGE('',*,*,#13015,.T.);
#13013=EDGE_CURVE('',#653,#541,#13016,.F.);
#13014=EDGE_CURVE('',#541,#501,#13017,.T.);
#13015=EDGE_CURVE('',#501,#653,#13018,.T.);
#13016=LINE('',#652,#13019);
#13017=LINE('',#540,#13020);
#13018=LINE('',#500,#13021);
#13019=VECTOR('',#13022,1.0);
#13020=VECTOR('',#13023,1.0);
#13021=VECTOR('',#13024,1.0);
#13022=DIRECTION('',(0,0,1));
#13023=DIRECTION('',(0.11193518523976306,0.9937155097437796,0));
#13024=DIRECTION('',(-0.0031319113720363794,-0.027803848261555426,-0.9996084919372215));
#13025=FACE_SURFACE('',(#13030),#13026,.T.);
#13026=PLANE('',#13027);
#13027=AXIS2_PLACEMENT_3D('',#670,#13028,#13029);
#13028=DIRECTION('',(0.30901550041010617,-0.9510561988085809,0.0012358050269351956));
#13029=DIRECTION('',(0.02080311440579185,0.008058390526142475,0.9997511154148054));
#13030=FACE_BOUND('',#13031,.T.);
#13031=EDGE_LOOP('',(#13032,#13033,#13034));
#13032=ORIENTED_EDGE('',*,*,#13035,.T.);
#13033=ORIENTED_EDGE('',*,*,#13036,.T.);
#13034=ORIENTED_EDGE('',*,*,#13037,.T.);
#13035=EDGE_CURVE('',#671,#517,#13038,.F.);
#13036=EDGE_CURVE('',#517,#505,#13039,.T.);
#13037=EDGE_CURVE('',#505,#671,#13040,.T.);
#13038=LINE('',#670,#13041);
#13039=LINE('',#516,#13042);
#13040=LINE('',#504,#13043);
#13041=VECTOR('',#13044,1.0);
#13042=VECTOR('',#13045,1.0);
#13043=VECTOR('',#13046,1.0);
#13044=DIRECTION('',(0.02080311440579185,0.008058390526142475,0.9997511154148054));
#13045=DIRECTION('',(-0.9510569250426143,-0.30901573637678564,0));
#13046=DIRECTION('',(0.16060653639184586,0.0509031643349813,-0.985705031096474));
#13047=FACE_SURFACE('',(#13052),#13048,.T.);
#13048=PLANE('',#13049);
#13049=AXIS2_PLACEMENT_3D('',#670,#13050,#13051);
#13050=DIRECTION('',(0.2975149845613472,-0.9547167904170447,-0.0008270775284431636));
#13051=DIRECTION('',(-0.16060653639184586,-0.0509031643349813,0.985705031096474));
#13052=FACE_BOUND('',#13053,.T.);
#13053=EDGE_LOOP('',(#13054,#13055,#13056));
#13054=ORIENTED_EDGE('',*,*,#13057,.T.);
#13055=ORIENTED_EDGE('',*,*,#13058,.T.);
#13056=ORIENTED_EDGE('',*,*,#13059,.T.);
#13057=EDGE_CURVE('',#671,#505,#13060,.F.);
#13058=EDGE_CURVE('',#505,#525,#13061,.T.);
#13059=EDGE_CURVE('',#525,#671,#13062,.T.);
#13060=LINE('',#670,#13063);
#13061=LINE('',#504,#13064);
#13062=LINE('',#524,#13065);
#13063=VECTOR('',#13066,1.0);
#13064=VECTOR('',#13067,1.0);
#13065=VECTOR('',#13068,1.0);
#13066=DIRECTION('',(-0.16060653639184586,-0.0509031643349813,0.985705031096474));
#13067=DIRECTION('',(-0.01442148206927683,-0.003627904083052453,-0.9998894234698602));
#13068=DIRECTION('',(0.9547171169576777,0.2975150863200387,0));
#13069=FACE_SURFACE('',(#13074),#13070,.T.);
#13070=PLANE('',#13071);
#13071=AXIS2_PLACEMENT_3D('',#532,#13072,#13073);
#13072=DIRECTION('',(0,0,1));
#13073=DIRECTION('',(-1,0,0));
#13074=FACE_BOUND('',#13075,.T.);
#13075=EDGE_LOOP('',(#13076,#13077,#13078));
#13076=ORIENTED_EDGE('',*,*,#13079,.T.);
#13077=ORIENTED_EDGE('',*,*,#13080,.T.);
#13078=ORIENTED_EDGE('',*,*,#13081,.T.);
#13079=EDGE_CURVE('',#533,#581,#13082,.F.);
#13080=EDGE_CURVE('',#581,#507,#13083,.T.);
#13081=EDGE_CURVE('',#507,#533,#13084,.T.);
#13082=LINE('',#532,#13085);
#13083=LINE('',#580,#13086);
#13084=LINE('',#506,#13087);
#13085=VECTOR('',#13088,1.0);
#13086=VECTOR('',#13089,1.0);
#13087=VECTOR('',#13090,1.0);
#13088=DIRECTION('',(-1,0,0));
#13089=DIRECTION('',(0.9999981701703893,-0.0019130227058366167,0));
#13090=DIRECTION('',(-0.993707878228397,0.11200291401038326,0));
#13091=FACE_SURFACE('',(#13096),#13092,.T.);
#13092=PLANE('',#13093);
#13093=AXIS2_PLACEMENT_3D('',#508,#13094,#13095);
#13094=DIRECTION('',(0,0,1));
#13095=DIRECTION('',(-0.9998251087120432,0.018701657385131288,0));
#13096=FACE_BOUND('',#13097,.T.);
#13097=EDGE_LOOP('',(#13098,#13099,#13100));
#13098=ORIENTED_EDGE('',*,*,#13101,.T.);
#13099=ORIENTED_EDGE('',*,*,#13102,.T.);
#13100=ORIENTED_EDGE('',*,*,#13103,.T.);
#13101=EDGE_CURVE('',#509,#529,#13104,.F.);
#13102=EDGE_CURVE('',#529,#507,#13105,.T.);
#13103=EDGE_CURVE('',#507,#509,#13106,.T.);
#13104=LINE('',#508,#13107);
#13105=LINE('',#528,#13108);
#13106=LINE('',#506,#13109);
#13107=VECTOR('',#13110,1.0);
#13108=VECTOR('',#13111,1.0);
#13109=VECTOR('',#13112,1.0);
#13110=DIRECTION('',(-0.9998251087120432,0.018701657385131288,0));
#13111=DIRECTION('',(-0.993707878228397,-0.11200291401038326,0));
#13112=DIRECTION('',(0.9999550657612086,-0.009479792112541055,0));
#13113=FACE_SURFACE('',(#13118),#13114,.T.);
#13114=PLANE('',#13115);
#13115=AXIS2_PLACEMENT_3D('',#672,#13116,#13117);
#13116=DIRECTION('',(0.9298209356132058,-0.36800105947280204,0.00287191961549015));
#13117=DIRECTION('',(0.024601570584111096,0.06994292440881646,0.9972475871366837));
#13118=FACE_BOUND('',#13119,.T.);
#13119=EDGE_LOOP('',(#13120,#13121,#13122));
#13120=ORIENTED_EDGE('',*,*,#13123,.T.);
#13121=ORIENTED_EDGE('',*,*,#13124,.T.);
#13122=ORIENTED_EDGE('',*,*,#13125,.T.);
#13123=EDGE_CURVE('',#673,#509,#13126,.F.);
#13124=EDGE_CURVE('',#509,#511,#13127,.T.);
#13125=EDGE_CURVE('',#511,#673,#13128,.T.);
#13126=LINE('',#672,#13129);
#13127=LINE('',#508,#13130);
#13128=LINE('',#510,#13131);
#13129=VECTOR('',#13132,1.0);
#13130=VECTOR('',#13133,1.0);
#13131=VECTOR('',#13134,1.0);
#13132=DIRECTION('',(0.024601570584111096,0.06994292440881646,0.9972475871366837));
#13133=DIRECTION('',(-0.3680025771042584,-0.9298247701823308,0));
#13134=DIRECTION('',(0.04609939920005167,0.10872893895468497,-0.9930019452282973));
#13135=FACE_SURFACE('',(#13140),#13136,.T.);
#13136=PLANE('',#13137);
#13137=AXIS2_PLACEMENT_3D('',#674,#13138,#13139);
#13138=DIRECTION('',(0.9546885525881816,-0.2975946697322865,-0.002679571610156967));
#13139=DIRECTION('',(-0.030430361101934957,-0.10656972265691132,0.9938394675882192));
#13140=FACE_BOUND('',#13141,.T.);
#13141=EDGE_LOOP('',(#13142,#13143,#13144));
#13142=ORIENTED_EDGE('',*,*,#13145,.T.);
#13143=ORIENTED_EDGE('',*,*,#13146,.T.);
#13144=ORIENTED_EDGE('',*,*,#13147,.T.);
#13145=EDGE_CURVE('',#675,#509,#13148,.F.);
#13146=EDGE_CURVE('',#509,#673,#13149,.T.);
#13147=EDGE_CURVE('',#673,#675,#13150,.T.);
#13148=LINE('',#674,#13151);
#13149=LINE('',#508,#13152);
#13150=LINE('',#672,#13153);
#13151=VECTOR('',#13154,1.0);
#13152=VECTOR('',#13155,1.0);
#13153=VECTOR('',#13156,1.0);
#13154=DIRECTION('',(-0.030430361101934957,-0.10656972265691132,0.9938394675882192));
#13155=DIRECTION('',(-0.024601570584111096,-0.06994292440881646,-0.9972475871366837));
#13156=DIRECTION('',(0.2975957381183812,0.9546919799881928,0));
#13157=FACE_SURFACE('',(#13162),#13158,.T.);
#13158=PLANE('',#13159);
#13159=AXIS2_PLACEMENT_3D('',#508,#13160,#13161);
#13160=DIRECTION('',(0,0,1));
#13161=DIRECTION('',(-0.9988889643680051,0.047125755843424454,0));
#13162=FACE_BOUND('',#13163,.T.);
#13163=EDGE_LOOP('',(#13164,#13165,#13166));
#13164=ORIENTED_EDGE('',*,*,#13167,.T.);
#13165=ORIENTED_EDGE('',*,*,#13168,.T.);
#13166=ORIENTED_EDGE('',*,*,#13169,.T.);
#13167=EDGE_CURVE('',#509,#531,#13170,.F.);
#13168=EDGE_CURVE('',#531,#529,#13171,.T.);
#13169=EDGE_CURVE('',#529,#509,#13172,.T.);
#13170=LINE('',#508,#13173);
#13171=LINE('',#530,#13174);
#13172=LINE('',#528,#13175);
#13173=VECTOR('',#13176,1.0);
#13174=VECTOR('',#13177,1.0);
#13175=VECTOR('',#13178,1.0);
#13176=DIRECTION('',(-0.9988889643680051,0.047125755843424454,0));
#13177=DIRECTION('',(-0.9438674226046914,-0.3303245200489616,0));
#13178=DIRECTION('',(0.9998251087120432,-0.018701657385131288,0));
#13179=FACE_SURFACE('',(#13184),#13180,.T.);
#13180=PLANE('',#13181);
#13181=AXIS2_PLACEMENT_3D('',#674,#13182,#13183);
#13182=DIRECTION('',(0.9685606620350664,-0.24875962890692285,0.002981775357745347));
#13183=DIRECTION('',(0.017384866038668186,0.07963571387609567,0.9966724233710201));
#13184=FACE_BOUND('',#13185,.T.);
#13185=EDGE_LOOP('',(#13186,#13187,#13188));
#13186=ORIENTED_EDGE('',*,*,#13189,.T.);
#13187=ORIENTED_EDGE('',*,*,#13190,.T.);
#13188=ORIENTED_EDGE('',*,*,#13191,.T.);
#13189=EDGE_CURVE('',#675,#677,#13192,.F.);
#13190=EDGE_CURVE('',#677,#509,#13193,.T.);
#13191=EDGE_CURVE('',#509,#675,#13194,.T.);
#13192=LINE('',#674,#13195);
#13193=LINE('',#676,#13196);
#13194=LINE('',#508,#13197);
#13195=VECTOR('',#13198,1.0);
#13196=VECTOR('',#13199,1.0);
#13197=VECTOR('',#13200,1.0);
#13198=DIRECTION('',(0.017384866038668186,0.07963571387609567,0.9966724233710201));
#13199=DIRECTION('',(-0.24876073477327257,-0.9685649677925904,0));
#13200=DIRECTION('',(0.030430361101934957,0.10656972265691132,-0.9938394675882192));
#13201=FACE_SURFACE('',(#13206),#13202,.T.);
#13202=PLANE('',#13203);
#13203=AXIS2_PLACEMENT_3D('',#508,#13204,#13205);
#13204=DIRECTION('',(0,0,1));
#13205=DIRECTION('',(-0.9952832213414965,0.0970119029608935,0));
#13206=FACE_BOUND('',#13207,.T.);
#13207=EDGE_LOOP('',(#13208,#13209,#13210));
#13208=ORIENTED_EDGE('',*,*,#13211,.T.);
#13209=ORIENTED_EDGE('',*,*,#13212,.T.);
#13210=ORIENTED_EDGE('',*,*,#13213,.T.);
#13211=EDGE_CURVE('',#509,#679,#13214,.F.);
#13212=EDGE_CURVE('',#679,#531,#13215,.T.);
#13213=EDGE_CURVE('',#531,#509,#13216,.T.);
#13214=LINE('',#508,#13217);
#13215=LINE('',#678,#13218);
#13216=LINE('',#530,#13219);
#13217=VECTOR('',#13220,1.0);
#13218=VECTOR('',#13221,1.0);
#13219=VECTOR('',#13222,1.0);
#13220=DIRECTION('',(-0.9952832213414965,0.0970119029608935,0));
#13221=DIRECTION('',(-0.8467876021117884,-0.5319311580550322,0));
#13222=DIRECTION('',(0.9988889643680051,-0.047125755843424454,0));
#13223=FACE_SURFACE('',(#13228),#13224,.T.);
#13224=PLANE('',#13225);
#13225=AXIS2_PLACEMENT_3D('',#508,#13226,#13227);
#13226=DIRECTION('',(0,-0,1));
#13227=DIRECTION('',(0.24876073477327257,0.9685649677925904,0));
#13228=FACE_BOUND('',#13229,.T.);
#13229=EDGE_LOOP('',(#13230,#13231,#13232));
#13230=ORIENTED_EDGE('',*,*,#13233,.T.);
#13231=ORIENTED_EDGE('',*,*,#13234,.T.);
#13232=ORIENTED_EDGE('',*,*,#13235,.T.);
#13233=EDGE_CURVE('',#509,#677,#13236,.F.);
#13234=EDGE_CURVE('',#677,#681,#13237,.T.);
#13235=EDGE_CURVE('',#681,#509,#13238,.T.);
#13236=LINE('',#508,#13239);
#13237=LINE('',#676,#13240);
#13238=LINE('',#680,#13241);
#13239=VECTOR('',#13242,1.0);
#13240=VECTOR('',#13243,1.0);
#13241=VECTOR('',#13244,1.0);
#13242=DIRECTION('',(0.24876073477327257,0.9685649677925904,0));
#13243=DIRECTION('',(-0.9999998999573608,0.0004473089184074444,0));
#13244=DIRECTION('',(0.9858184150110444,-0.16781553153719764,0));
#13245=FACE_SURFACE('',(#13250),#13246,.T.);
#13246=PLANE('',#13247);
#13247=AXIS2_PLACEMENT_3D('',#508,#13248,#13249);
#13248=DIRECTION('',(0,0,1));
#13249=DIRECTION('',(-0.9858184150110444,0.16781553153719764,0));
#13250=FACE_BOUND('',#13251,.T.);
#13251=EDGE_LOOP('',(#13252,#13253,#13254));
#13252=ORIENTED_EDGE('',*,*,#13255,.T.);
#13253=ORIENTED_EDGE('',*,*,#13256,.T.);
#13254=ORIENTED_EDGE('',*,*,#13257,.T.);
#13255=EDGE_CURVE('',#509,#681,#13258,.F.);
#13256=EDGE_CURVE('',#681,#679,#13259,.T.);
#13257=EDGE_CURVE('',#679,#509,#13260,.T.);
#13258=LINE('',#508,#13261);
#13259=LINE('',#680,#13262);
#13260=LINE('',#678,#13263);
#13261=VECTOR('',#13264,1.0);
#13262=VECTOR('',#13265,1.0);
#13263=VECTOR('',#13266,1.0);
#13264=DIRECTION('',(-0.9858184150110444,0.16781553153719764,0));
#13265=DIRECTION('',(-0.7070159086109588,-0.7071976420853087,0));
#13266=DIRECTION('',(0.9952832213414965,-0.0970119029608935,0));
#13267=FACE_SURFACE('',(#13272),#13268,.T.);
#13268=PLANE('',#13269);
#13269=AXIS2_PLACEMENT_3D('',#682,#13270,#13271);
#13270=DIRECTION('',(0.8762437805326503,-0.48186021013052033,0.002752266487736433));
#13271=DIRECTION('',(0.029741170134250115,0.059782150451305166,0.9977682883748425));
#13272=FACE_BOUND('',#13273,.T.);
#13273=EDGE_LOOP('',(#13274,#13275,#13276));
#13274=ORIENTED_EDGE('',*,*,#13277,.T.);
#13275=ORIENTED_EDGE('',*,*,#13278,.T.);
#13276=ORIENTED_EDGE('',*,*,#13279,.T.);
#13277=EDGE_CURVE('',#683,#511,#13280,.F.);
#13278=EDGE_CURVE('',#511,#513,#13281,.T.);
#13279=EDGE_CURVE('',#513,#683,#13282,.T.);
#13280=LINE('',#682,#13283);
#13281=LINE('',#510,#13284);
#13282=LINE('',#512,#13285);
#13283=VECTOR('',#13286,1.0);
#13284=VECTOR('',#13287,1.0);
#13285=VECTOR('',#13288,1.0);
#13286=DIRECTION('',(0.029741170134250115,0.059782150451305166,0.9977682883748425));
#13287=DIRECTION('',(-0.4818620351794043,-0.8762470993120391,0));
#13288=DIRECTION('',(0.06279674729420547,0.10852673084479231,-0.9921081177076467));
#13289=FACE_SURFACE('',(#13294),#13290,.T.);
#13290=PLANE('',#13291);
#13291=AXIS2_PLACEMENT_3D('',#672,#13292,#13293);
#13292=DIRECTION('',(0.911924485361525,-0.4103498438031552,-0.0025958984655992));
#13293=DIRECTION('',(-0.04609939920005167,-0.10872893895468497,0.9930019452282973));
#13294=FACE_BOUND('',#13295,.T.);
#13295=EDGE_LOOP('',(#13296,#13297,#13298));
#13296=ORIENTED_EDGE('',*,*,#13299,.T.);
#13297=ORIENTED_EDGE('',*,*,#13300,.T.);
#13298=ORIENTED_EDGE('',*,*,#13301,.T.);
#13299=EDGE_CURVE('',#673,#511,#13302,.F.);
#13300=EDGE_CURVE('',#511,#683,#13303,.T.);
#13301=EDGE_CURVE('',#683,#673,#13304,.T.);
#13302=LINE('',#672,#13305);
#13303=LINE('',#510,#13306);
#13304=LINE('',#682,#13307);
#13305=VECTOR('',#13308,1.0);
#13306=VECTOR('',#13309,1.0);
#13307=VECTOR('',#13310,1.0);
#13308=DIRECTION('',(-0.04609939920005167,-0.10872893895468497,0.9930019452282973));
#13309=DIRECTION('',(-0.029741170134250115,-0.059782150451305166,-0.9977682883748425));
#13310=DIRECTION('',(0.41035122642010025,0.911927557964732,0));
#13311=FACE_SURFACE('',(#13316),#13312,.T.);
#13312=PLANE('',#13313);
#13313=AXIS2_PLACEMENT_3D('',#684,#13314,#13315);
#13314=DIRECTION('',(0.8090728759832752,-0.5877025735382909,0.0026012313663733504));
#13315=DIRECTION('',(0.032754630577154026,0.0495106337879257,0.9982363604465989));
#13316=FACE_BOUND('',#13317,.T.);
#13317=EDGE_LOOP('',(#13318,#13319,#13320));
#13318=ORIENTED_EDGE('',*,*,#13321,.T.);
#13319=ORIENTED_EDGE('',*,*,#13322,.T.);
#13320=ORIENTED_EDGE('',*,*,#13323,.T.);
#13321=EDGE_CURVE('',#685,#513,#13324,.F.);
#13322=EDGE_CURVE('',#513,#515,#13325,.T.);
#13323=EDGE_CURVE('',#515,#685,#13326,.T.);
#13324=LINE('',#684,#13327);
#13325=LINE('',#512,#13328);
#13326=LINE('',#514,#13329);
#13327=VECTOR('',#13330,1.0);
#13328=VECTOR('',#13331,1.0);
#13329=VECTOR('',#13332,1.0);
#13330=DIRECTION('',(0.032754630577154026,0.0495106337879257,0.9982363604465989));
#13331=DIRECTION('',(-0.5877045618650862,-0.8090756132543899,0));
#13332=DIRECTION('',(0.08001114644365889,0.10576198861520127,-0.9911673008170363));
#13333=FACE_SURFACE('',(#13338),#13334,.T.);
#13334=PLANE('',#13335);
#13335=AXIS2_PLACEMENT_3D('',#682,#13336,#13337);
#13336=DIRECTION('',(0.8557856769479002,-0.5173248577037698,-0.002422133893624461));
#13337=DIRECTION('',(-0.06279674729420547,-0.10852673084479231,0.9921081177076467));
#13338=FACE_BOUND('',#13339,.T.);
#13339=EDGE_LOOP('',(#13340,#13341,#13342));
#13340=ORIENTED_EDGE('',*,*,#13343,.T.);
#13341=ORIENTED_EDGE('',*,*,#13344,.T.);
#13342=ORIENTED_EDGE('',*,*,#13345,.T.);
#13343=EDGE_CURVE('',#683,#513,#13346,.F.);
#13344=EDGE_CURVE('',#513,#685,#13347,.T.);
#13345=EDGE_CURVE('',#685,#683,#13348,.T.);
#13346=LINE('',#682,#13349);
#13347=LINE('',#512,#13350);
#13348=LINE('',#684,#13351);
#13349=VECTOR('',#13352,1.0);
#13350=VECTOR('',#13353,1.0);
#13351=VECTOR('',#13354,1.0);
#13352=DIRECTION('',(-0.06279674729420547,-0.10852673084479231,0.9921081177076467));
#13353=DIRECTION('',(-0.032754630577154026,-0.0495106337879257,-0.9982363604465989));
#13354=DIRECTION('',(0.5173263752137502,0.85578818729181,0));
#13355=FACE_SURFACE('',(#13360),#13356,.T.);
#13356=PLANE('',#13357);
#13357=AXIS2_PLACEMENT_3D('',#686,#13358,#13359);
#13358=DIRECTION('',(0.728928012571536,-0.6845862039821642,0.002383653876109053));
#13359=DIRECTION('',(0.033818387147581015,0.03948604275760707,0.9986476701610436));
#13360=FACE_BOUND('',#13361,.T.);
#13361=EDGE_LOOP('',(#13362,#13363,#13364));
#13362=ORIENTED_EDGE('',*,*,#13365,.T.);
#13363=ORIENTED_EDGE('',*,*,#13366,.T.);
#13364=ORIENTED_EDGE('',*,*,#13367,.T.);
#13365=EDGE_CURVE('',#687,#515,#13368,.F.);
#13366=EDGE_CURVE('',#515,#519,#13369,.T.);
#13367=EDGE_CURVE('',#519,#687,#13370,.T.);
#13368=LINE('',#686,#13371);
#13369=LINE('',#514,#13372);
#13370=LINE('',#518,#13373);
#13371=VECTOR('',#13374,1.0);
#13372=VECTOR('',#13375,1.0);
#13373=VECTOR('',#13376,1.0);
#13374=DIRECTION('',(0.033818387147581015,0.03948604275760707,0.9986476701610436));
#13375=DIRECTION('',(-0.6845881488333845,-0.7289300833940657,0));
#13376=DIRECTION('',(0.09744049368181515,0.10030420284727308,-0.9901739327422315));
#13377=FACE_SURFACE('',(#13382),#13378,.T.);
#13378=PLANE('',#13379);
#13379=AXIS2_PLACEMENT_3D('',#684,#13380,#13381);
#13380=DIRECTION('',(0.7871461978344584,-0.6167622817837902,-0.002269582254122285));
#13381=DIRECTION('',(-0.08001114644365889,-0.10576198861520127,0.9911673008170363));
#13382=FACE_BOUND('',#13383,.T.);
#13383=EDGE_LOOP('',(#13384,#13385,#13386));
#13384=ORIENTED_EDGE('',*,*,#13387,.T.);
#13385=ORIENTED_EDGE('',*,*,#13388,.T.);
#13386=ORIENTED_EDGE('',*,*,#13389,.T.);
#13387=EDGE_CURVE('',#685,#515,#13390,.F.);
#13388=EDGE_CURVE('',#515,#687,#13391,.T.);
#13389=EDGE_CURVE('',#687,#685,#13392,.T.);
#13390=LINE('',#684,#13393);
#13391=LINE('',#514,#13394);
#13392=LINE('',#686,#13395);
#13393=VECTOR('',#13396,1.0);
#13394=VECTOR('',#13397,1.0);
#13395=VECTOR('',#13398,1.0);
#13396=DIRECTION('',(-0.08001114644365889,-0.10576198861520127,0.9911673008170363));
#13397=DIRECTION('',(-0.033818387147581015,-0.03948604275760707,-0.9986476701610436));
#13398=DIRECTION('',(0.6167638702622964,0.787148225138743,0));
#13399=FACE_SURFACE('',(#13404),#13400,.T.);
#13400=PLANE('',#13401);
#13401=AXIS2_PLACEMENT_3D('',#688,#13402,#13403);
#13402=DIRECTION('',(0.42579369759839236,-0.9048188980516497,0.0015775975681833923));
#13403=DIRECTION('',(0.026190341496145353,0.01406754724570766,0.9995579873758227));
#13404=FACE_BOUND('',#13405,.T.);
#13405=EDGE_LOOP('',(#13406,#13407,#13408));
#13406=ORIENTED_EDGE('',*,*,#13409,.T.);
#13407=ORIENTED_EDGE('',*,*,#13410,.T.);
#13408=ORIENTED_EDGE('',*,*,#13411,.T.);
#13409=EDGE_CURVE('',#689,#521,#13412,.F.);
#13410=EDGE_CURVE('',#521,#517,#13413,.T.);
#13411=EDGE_CURVE('',#517,#689,#13414,.T.);
#13412=LINE('',#688,#13415);
#13413=LINE('',#520,#13416);
#13414=LINE('',#516,#13417);
#13415=VECTOR('',#13418,1.0);
#13416=VECTOR('',#13419,1.0);
#13417=VECTOR('',#13420,1.0);
#13418=DIRECTION('',(0.026190341496145353,0.01406754724570766,0.9995579873758227));
#13419=DIRECTION('',(-0.9048200240167613,-0.4257942274600578,0));
#13420=DIRECTION('',(0.14665548101270304,0.06729308468063418,-0.9868960485497436));
#13421=FACE_SURFACE('',(#13426),#13422,.T.);
#13422=PLANE('',#13423);
#13423=AXIS2_PLACEMENT_3D('',#688,#13424,#13425);
#13424=DIRECTION('',(0.41041818775991407,-0.9118966473262643,-0.0011898533467088375));
#13425=DIRECTION('',(-0.14665548101270304,-0.06729308468063418,0.9868960485497436));
#13426=FACE_BOUND('',#13427,.T.);
#13427=EDGE_LOOP('',(#13428,#13429,#13430));
#13428=ORIENTED_EDGE('',*,*,#13431,.T.);
#13429=ORIENTED_EDGE('',*,*,#13432,.T.);
#13430=ORIENTED_EDGE('',*,*,#13433,.T.);
#13431=EDGE_CURVE('',#689,#517,#13434,.F.);
#13432=EDGE_CURVE('',#517,#671,#13435,.T.);
#13433=EDGE_CURVE('',#671,#689,#13436,.T.);
#13434=LINE('',#688,#13437);
#13435=LINE('',#516,#13438);
#13436=LINE('',#670,#13439);
#13437=VECTOR('',#13440,1.0);
#13438=VECTOR('',#13441,1.0);
#13439=VECTOR('',#13442,1.0);
#13440=DIRECTION('',(-0.14665548101270304,-0.06729308468063418,0.9868960485497436));
#13441=DIRECTION('',(-0.02080311440579185,-0.008058390526142475,-0.9997511154148054));
#13442=DIRECTION('',(0.9118972928362388,0.4104184782851997,0));
#13443=FACE_SURFACE('',(#13448),#13444,.T.);
#13444=PLANE('',#13445);
#13445=AXIS2_PLACEMENT_3D('',#690,#13446,#13447);
#13446=DIRECTION('',(0.6374022864205592,-0.7705281512920973,0.0021664099857725853));
#13447=DIRECTION('',(0.03291498931313667,0.030036991501557114,0.9990066979855797));
#13448=FACE_BOUND('',#13449,.T.);
#13449=EDGE_LOOP('',(#13450,#13451,#13452));
#13450=ORIENTED_EDGE('',*,*,#13453,.T.);
#13451=ORIENTED_EDGE('',*,*,#13454,.T.);
#13452=ORIENTED_EDGE('',*,*,#13455,.T.);
#13453=EDGE_CURVE('',#691,#519,#13456,.F.);
#13454=EDGE_CURVE('',#519,#523,#13457,.T.);
#13455=EDGE_CURVE('',#523,#691,#13458,.T.);
#13456=LINE('',#690,#13459);
#13457=LINE('',#518,#13460);
#13458=LINE('',#522,#13461);
#13459=VECTOR('',#13462,1.0);
#13460=VECTOR('',#13463,1.0);
#13461=VECTOR('',#13464,1.0);
#13462=DIRECTION('',(0.03291498931313667,0.030036991501557114,0.9990066979855797));
#13463=DIRECTION('',(-0.7705299594707639,-0.6374037821961703,0));
#13464=DIRECTION('',(0.11466515258575667,0.09207317510798366,-0.9891281176915454));
#13465=FACE_SURFACE('',(#13470),#13466,.T.);
#13466=PLANE('',#13467);
#13467=AXIS2_PLACEMENT_3D('',#686,#13468,#13469);
#13468=DIRECTION('',(0.707135638130452,-0.7070749831793615,-0.0020389820362437514));
#13469=DIRECTION('',(-0.09744049368181515,-0.10030420284727308,0.9901739327422315));
#13470=FACE_BOUND('',#13471,.T.);
#13471=EDGE_LOOP('',(#13472,#13473,#13474));
#13472=ORIENTED_EDGE('',*,*,#13475,.T.);
#13473=ORIENTED_EDGE('',*,*,#13476,.T.);
#13474=ORIENTED_EDGE('',*,*,#13477,.T.);
#13475=EDGE_CURVE('',#687,#519,#13478,.F.);
#13476=EDGE_CURVE('',#519,#691,#13479,.T.);
#13477=EDGE_CURVE('',#691,#687,#13480,.T.);
#13478=LINE('',#686,#13481);
#13479=LINE('',#518,#13482);
#13480=LINE('',#690,#13483);
#13481=VECTOR('',#13484,1.0);
#13482=VECTOR('',#13485,1.0);
#13483=VECTOR('',#13486,1.0);
#13484=DIRECTION('',(-0.09744049368181515,-0.10030420284727308,0.9901739327422315));
#13485=DIRECTION('',(-0.03291498931313667,-0.030036991501557114,-0.9990066979855797));
#13486=DIRECTION('',(0.7070764529975914,0.7071371080747672,0));
#13487=FACE_SURFACE('',(#13492),#13488,.T.);
#13488=PLANE('',#13489);
#13489=AXIS2_PLACEMENT_3D('',#692,#13490,#13491);
#13490=DIRECTION('',(0.5358501293032726,-0.8443109866984443,0.0018964877973474442));
#13491=DIRECTION('',(0.030297597072097456,0.021473309322283144,0.9993102384136802));
#13492=FACE_BOUND('',#13493,.T.);
#13493=EDGE_LOOP('',(#13494,#13495,#13496));
#13494=ORIENTED_EDGE('',*,*,#13497,.T.);
#13495=ORIENTED_EDGE('',*,*,#13498,.T.);
#13496=ORIENTED_EDGE('',*,*,#13499,.T.);
#13497=EDGE_CURVE('',#693,#523,#13500,.F.);
#13498=EDGE_CURVE('',#523,#521,#13501,.T.);
#13499=EDGE_CURVE('',#521,#693,#13502,.T.);
#13500=LINE('',#692,#13503);
#13501=LINE('',#522,#13504);
#13502=LINE('',#520,#13505);
#13503=VECTOR('',#13506,1.0);
#13504=VECTOR('',#13507,1.0);
#13505=VECTOR('',#13508,1.0);
#13506=DIRECTION('',(0.030297597072097456,0.021473309322283144,0.9993102384136802));
#13507=DIRECTION('',(-0.8443125050548351,-0.5358510929428333,0));
#13508=DIRECTION('',(0.13120865198901469,0.08105351759509191,-0.9880357366657786));
#13509=FACE_SURFACE('',(#13514),#13510,.T.);
#13510=PLANE('',#13511);
#13511=AXIS2_PLACEMENT_3D('',#692,#13512,#13513);
#13512=DIRECTION('',(0.5172989344889325,-0.8558034428163784,-0.0015098477567676656));
#13513=DIRECTION('',(-0.13120865198901469,-0.08105351759509191,0.9880357366657786));
#13514=FACE_BOUND('',#13515,.T.);
#13515=EDGE_LOOP('',(#13516,#13517,#13518));
#13516=ORIENTED_EDGE('',*,*,#13519,.T.);
#13517=ORIENTED_EDGE('',*,*,#13520,.T.);
#13518=ORIENTED_EDGE('',*,*,#13521,.T.);
#13519=EDGE_CURVE('',#693,#521,#13522,.F.);
#13520=EDGE_CURVE('',#521,#689,#13523,.T.);
#13521=EDGE_CURVE('',#689,#693,#13524,.T.);
#13522=LINE('',#692,#13525);
#13523=LINE('',#520,#13526);
#13524=LINE('',#688,#13527);
#13525=VECTOR('',#13528,1.0);
#13526=VECTOR('',#13529,1.0);
#13527=VECTOR('',#13530,1.0);
#13528=DIRECTION('',(-0.13120865198901469,-0.08105351759509191,0.9880357366657786));
#13529=DIRECTION('',(-0.026190341496145353,-0.01406754724570766,-0.9995579873758227));
#13530=DIRECTION('',(0.855804418280033,0.5172995241176765,0));
#13531=FACE_SURFACE('',(#13536),#13532,.T.);
#13532=PLANE('',#13533);
#13533=AXIS2_PLACEMENT_3D('',#690,#13534,#13535);
#13534=DIRECTION('',(0.6167127819305553,-0.7871862338463187,-0.0017826514870367112));
#13535=DIRECTION('',(-0.11466515258575667,-0.09207317510798366,0.9891281176915454));
#13536=FACE_BOUND('',#13537,.T.);
#13537=EDGE_LOOP('',(#13538,#13539,#13540));
#13538=ORIENTED_EDGE('',*,*,#13541,.T.);
#13539=ORIENTED_EDGE('',*,*,#13542,.T.);
#13540=ORIENTED_EDGE('',*,*,#13543,.T.);
#13541=EDGE_CURVE('',#691,#523,#13544,.F.);
#13542=EDGE_CURVE('',#523,#693,#13545,.T.);
#13543=EDGE_CURVE('',#693,#691,#13546,.T.);
#13544=LINE('',#690,#13547);
#13545=LINE('',#522,#13548);
#13546=LINE('',#692,#13549);
#13547=VECTOR('',#13550,1.0);
#13548=VECTOR('',#13551,1.0);
#13549=VECTOR('',#13552,1.0);
#13550=DIRECTION('',(-0.11466515258575667,-0.09207317510798366,0.9891281176915454));
#13551=DIRECTION('',(-0.030297597072097456,-0.021473309322283144,-0.9993102384136802));
#13552=DIRECTION('',(0.7871874846277396,0.6167137618421145,0));
#13553=FACE_SURFACE('',(#13558),#13554,.T.);
#13554=PLANE('',#13555);
#13555=AXIS2_PLACEMENT_3D('',#524,#13556,#13557);
#13556=DIRECTION('',(0,0,-1));
#13557=DIRECTION('',(-0.1539408947144753,0.9880800579581125,0));
#13558=FACE_BOUND('',#13559,.T.);
#13559=EDGE_LOOP('',(#13560,#13561,#13562));
#13560=ORIENTED_EDGE('',*,*,#13563,.T.);
#13561=ORIENTED_EDGE('',*,*,#13564,.T.);
#13562=ORIENTED_EDGE('',*,*,#13565,.T.);
#13563=EDGE_CURVE('',#525,#527,#13566,.F.);
#13564=EDGE_CURVE('',#527,#695,#13567,.T.);
#13565=EDGE_CURVE('',#695,#525,#13568,.T.);
#13566=LINE('',#524,#13569);
#13567=LINE('',#526,#13570);
#13568=LINE('',#694,#13571);
#13569=VECTOR('',#13572,1.0);
#13570=VECTOR('',#13573,1.0);
#13571=VECTOR('',#13574,1.0);
#13572=DIRECTION('',(-0.1539408947144753,0.9880800579581125,0));
#13573=DIRECTION('',(0.8467876021117884,0.5319311580550322,0));
#13574=DIRECTION('',(0.07079721748675079,-0.9974907287770317,0));
#13575=FACE_SURFACE('',(#13580),#13576,.T.);
#13576=PLANE('',#13577);
#13577=AXIS2_PLACEMENT_3D('',#524,#13578,#13579);
#13578=DIRECTION('',(0,0,-1));
#13579=DIRECTION('',(-0.07079721748675079,0.9974907287770317,0));
#13580=FACE_BOUND('',#13581,.T.);
#13581=EDGE_LOOP('',(#13582,#13583,#13584));
#13582=ORIENTED_EDGE('',*,*,#13585,.T.);
#13583=ORIENTED_EDGE('',*,*,#13586,.T.);
#13584=ORIENTED_EDGE('',*,*,#13587,.T.);
#13585=EDGE_CURVE('',#525,#695,#13588,.F.);
#13586=EDGE_CURVE('',#695,#697,#13589,.T.);
#13587=EDGE_CURVE('',#697,#525,#13590,.T.);
#13588=LINE('',#524,#13591);
#13589=LINE('',#694,#13592);
#13590=LINE('',#696,#13593);
#13591=VECTOR('',#13594,1.0);
#13592=VECTOR('',#13595,1.0);
#13593=VECTOR('',#13596,1.0);
#13594=DIRECTION('',(-0.07079721748675079,0.9974907287770317,0));
#13595=DIRECTION('',(0.7070159086109588,0.7071976420853087,0));
#13596=DIRECTION('',(0.0060917697493081185,-0.9999814449985166,0));
#13597=FACE_SURFACE('',(#13602),#13598,.T.);
#13598=PLANE('',#13599);
#13599=AXIS2_PLACEMENT_3D('',#524,#13600,#13601);
#13600=DIRECTION('',(0,0,-1));
#13601=DIRECTION('',(-0.0060917697493081185,0.9999814449985166,0));
#13602=FACE_BOUND('',#13603,.T.);
#13603=EDGE_LOOP('',(#13604,#13605,#13606));
#13604=ORIENTED_EDGE('',*,*,#13607,.T.);
#13605=ORIENTED_EDGE('',*,*,#13608,.T.);
#13606=ORIENTED_EDGE('',*,*,#13609,.T.);
#13607=EDGE_CURVE('',#525,#697,#13610,.F.);
#13608=EDGE_CURVE('',#697,#699,#13611,.T.);
#13609=EDGE_CURVE('',#699,#525,#13612,.T.);
#13610=LINE('',#524,#13613);
#13611=LINE('',#696,#13614);
#13612=LINE('',#698,#13615);
#13613=VECTOR('',#13616,1.0);
#13614=VECTOR('',#13617,1.0);
#13615=VECTOR('',#13618,1.0);
#13616=DIRECTION('',(-0.0060917697493081185,0.9999814449985166,0));
#13617=DIRECTION('',(0.5320390592813571,0.846719811625433,0));
#13618=DIRECTION('',(-0.036806237220936955,-0.9993224208940956,0));
#13619=FACE_SURFACE('',(#13624),#13620,.T.);
#13620=PLANE('',#13621);
#13621=AXIS2_PLACEMENT_3D('',#524,#13622,#13623);
#13622=DIRECTION('',(0,0,-1));
#13623=DIRECTION('',(0.036806237220936955,0.9993224208940956,0));
#13624=FACE_BOUND('',#13625,.T.);
#13625=EDGE_LOOP('',(#13626,#13627,#13628));
#13626=ORIENTED_EDGE('',*,*,#13629,.T.);
#13627=ORIENTED_EDGE('',*,*,#13630,.T.);
#13628=ORIENTED_EDGE('',*,*,#13631,.T.);
#13629=EDGE_CURVE('',#525,#699,#13632,.F.);
#13630=EDGE_CURVE('',#699,#671,#13633,.T.);
#13631=EDGE_CURVE('',#671,#525,#13634,.T.);
#13632=LINE('',#524,#13635);
#13633=LINE('',#698,#13636);
#13634=LINE('',#670,#13637);
#13635=VECTOR('',#13638,1.0);
#13636=VECTOR('',#13639,1.0);
#13637=VECTOR('',#13640,1.0);
#13638=DIRECTION('',(0.036806237220936955,0.9993224208940956,0));
#13639=DIRECTION('',(0.10419009006845803,-0.9945574016272397,0));
#13640=DIRECTION('',(-0.9547171169576777,-0.2975150863200387,0));
#13641=FACE_SURFACE('',(#13646),#13642,.T.);
#13642=PLANE('',#13643);
#13643=AXIS2_PLACEMENT_3D('',#526,#13644,#13645);
#13644=DIRECTION('',(-0.5319311580550321,0.8467876021117883,0));
#13645=DIRECTION('',(0,0,1));
#13646=FACE_BOUND('',#13647,.T.);
#13647=EDGE_LOOP('',(#13648,#13649,#13650));
#13648=ORIENTED_EDGE('',*,*,#13651,.T.);
#13649=ORIENTED_EDGE('',*,*,#13652,.T.);
#13650=ORIENTED_EDGE('',*,*,#13653,.T.);
#13651=EDGE_CURVE('',#527,#531,#13654,.F.);
#13652=EDGE_CURVE('',#531,#679,#13655,.T.);
#13653=EDGE_CURVE('',#679,#527,#13656,.T.);
#13654=LINE('',#526,#13657);
#13655=LINE('',#530,#13658);
#13656=LINE('',#678,#13659);
#13657=VECTOR('',#13660,1.0);
#13658=VECTOR('',#13661,1.0);
#13659=VECTOR('',#13662,1.0);
#13660=DIRECTION('',(0,0,1));
#13661=DIRECTION('',(0.8467876021117884,0.5319311580550322,0));
#13662=DIRECTION('',(-0.08706614292220759,-0.054692810943966566,-0.9947000468421108));
#13663=FACE_SURFACE('',(#13668),#13664,.T.);
#13664=PLANE('',#13665);
#13665=AXIS2_PLACEMENT_3D('',#526,#13666,#13667);
#13666=DIRECTION('',(-0.5319311580550321,0.8467876021117883,0));
#13667=DIRECTION('',(0.08706614292220759,0.054692810943966566,0.9947000468421108));
#13668=FACE_BOUND('',#13669,.T.);
#13669=EDGE_LOOP('',(#13670,#13671,#13672));
#13670=ORIENTED_EDGE('',*,*,#13673,.T.);
#13671=ORIENTED_EDGE('',*,*,#13674,.T.);
#13672=ORIENTED_EDGE('',*,*,#13675,.T.);
#13673=EDGE_CURVE('',#527,#679,#13676,.F.);
#13674=EDGE_CURVE('',#679,#695,#13677,.T.);
#13675=EDGE_CURVE('',#695,#527,#13678,.T.);
#13676=LINE('',#526,#13679);
#13677=LINE('',#678,#13680);
#13678=LINE('',#694,#13681);
#13679=VECTOR('',#13682,1.0);
#13680=VECTOR('',#13683,1.0);
#13681=VECTOR('',#13684,1.0);
#13682=DIRECTION('',(0.08706614292220759,0.054692810943966566,0.9947000468421108));
#13683=DIRECTION('',(0,0,-1));
#13684=DIRECTION('',(-0.8467876021117884,-0.5319311580550322,0));
#13685=FACE_SURFACE('',(#13690),#13686,.T.);
#13686=PLANE('',#13687);
#13687=AXIS2_PLACEMENT_3D('',#532,#13688,#13689);
#13688=DIRECTION('',(0,0,1));
#13689=DIRECTION('',(-0.9999829822013631,0.005833978716814822,0));
#13690=FACE_BOUND('',#13691,.T.);
#13691=EDGE_LOOP('',(#13692,#13693,#13694));
#13692=ORIENTED_EDGE('',*,*,#13695,.T.);
#13693=ORIENTED_EDGE('',*,*,#13696,.T.);
#13694=ORIENTED_EDGE('',*,*,#13697,.T.);
#13695=EDGE_CURVE('',#533,#701,#13698,.F.);
#13696=EDGE_CURVE('',#701,#581,#13699,.T.);
#13697=EDGE_CURVE('',#581,#533,#13700,.T.);
#13698=LINE('',#532,#13701);
#13699=LINE('',#700,#13702);
#13700=LINE('',#580,#13703);
#13701=VECTOR('',#13704,1.0);
#13702=VECTOR('',#13705,1.0);
#13703=VECTOR('',#13706,1.0);
#13704=DIRECTION('',(-0.9999829822013631,0.005833978716814822,0));
#13705=DIRECTION('',(-0.9438832833912708,-0.3302791960364958,0));
#13706=DIRECTION('',(1,0,0));
#13707=FACE_SURFACE('',(#13712),#13708,.T.);
#13708=PLANE('',#13709);
#13709=AXIS2_PLACEMENT_3D('',#534,#13710,#13711);
#13710=DIRECTION('',(0,0,1));
#13711=DIRECTION('',(-1,0,0));
#13712=FACE_BOUND('',#13713,.T.);
#13713=EDGE_LOOP('',(#13714,#13715,#13716));
#13714=ORIENTED_EDGE('',*,*,#13717,.T.);
#13715=ORIENTED_EDGE('',*,*,#13718,.T.);
#13716=ORIENTED_EDGE('',*,*,#13719,.T.);
#13717=EDGE_CURVE('',#535,#701,#13720,.F.);
#13718=EDGE_CURVE('',#701,#533,#13721,.T.);
#13719=EDGE_CURVE('',#533,#535,#13722,.T.);
#13720=LINE('',#534,#13723);
#13721=LINE('',#700,#13724);
#13722=LINE('',#532,#13725);
#13723=VECTOR('',#13726,1.0);
#13724=VECTOR('',#13727,1.0);
#13725=VECTOR('',#13728,1.0);
#13726=DIRECTION('',(-1,0,0));
#13727=DIRECTION('',(0.9999829822013631,-0.005833978716814822,0));
#13728=DIRECTION('',(-0.9438832833912708,0.3302791960364958,0));
#13729=FACE_SURFACE('',(#13734),#13730,.T.);
#13730=PLANE('',#13731);
#13731=AXIS2_PLACEMENT_3D('',#534,#13732,#13733);
#13732=DIRECTION('',(0,0,1));
#13733=DIRECTION('',(-0.9999529142005988,0.009704090979047992,0));
#13734=FACE_BOUND('',#13735,.T.);
#13735=EDGE_LOOP('',(#13736,#13737,#13738));
#13736=ORIENTED_EDGE('',*,*,#13739,.T.);
#13737=ORIENTED_EDGE('',*,*,#13740,.T.);
#13738=ORIENTED_EDGE('',*,*,#13741,.T.);
#13739=EDGE_CURVE('',#535,#703,#13742,.F.);
#13740=EDGE_CURVE('',#703,#701,#13743,.T.);
#13741=EDGE_CURVE('',#701,#535,#13744,.T.);
#13742=LINE('',#534,#13745);
#13743=LINE('',#702,#13746);
#13744=LINE('',#700,#13747);
#13745=VECTOR('',#13748,1.0);
#13746=VECTOR('',#13749,1.0);
#13747=VECTOR('',#13750,1.0);
#13748=DIRECTION('',(-0.9999529142005988,0.009704090979047992,0));
#13749=DIRECTION('',(-0.8467876021117884,-0.5319311580550322,0));
#13750=DIRECTION('',(1,0,0));
#13751=FACE_SURFACE('',(#13756),#13752,.T.);
#13752=PLANE('',#13753);
#13753=AXIS2_PLACEMENT_3D('',#538,#13754,#13755);
#13754=DIRECTION('',(0,0,1));
#13755=DIRECTION('',(-1,0,0));
#13756=FACE_BOUND('',#13757,.T.);
#13757=EDGE_LOOP('',(#13758,#13759,#13760));
#13758=ORIENTED_EDGE('',*,*,#13761,.T.);
#13759=ORIENTED_EDGE('',*,*,#13762,.T.);
#13760=ORIENTED_EDGE('',*,*,#13763,.T.);
#13761=EDGE_CURVE('',#539,#703,#13764,.F.);
#13762=EDGE_CURVE('',#703,#535,#13765,.T.);
#13763=EDGE_CURVE('',#535,#539,#13766,.T.);
#13764=LINE('',#538,#13767);
#13765=LINE('',#702,#13768);
#13766=LINE('',#534,#13769);
#13767=VECTOR('',#13770,1.0);
#13768=VECTOR('',#13771,1.0);
#13769=VECTOR('',#13772,1.0);
#13770=DIRECTION('',(-1,0,0));
#13771=DIRECTION('',(0.9999529142005988,-0.009704090979047992,0));
#13772=DIRECTION('',(-0.8467464686697371,0.5319966332556344,0));
#13773=FACE_SURFACE('',(#13778),#13774,.T.);
#13774=PLANE('',#13775);
#13775=AXIS2_PLACEMENT_3D('',#536,#13776,#13777);
#13776=DIRECTION('',(0,0,1));
#13777=DIRECTION('',(-0.9998675954856356,0.016272415240929733,0));
#13778=FACE_BOUND('',#13779,.T.);
#13779=EDGE_LOOP('',(#13780,#13781,#13782));
#13780=ORIENTED_EDGE('',*,*,#13783,.T.);
#13781=ORIENTED_EDGE('',*,*,#13784,.T.);
#13782=ORIENTED_EDGE('',*,*,#13785,.T.);
#13783=EDGE_CURVE('',#537,#543,#13786,.F.);
#13784=EDGE_CURVE('',#543,#705,#13787,.T.);
#13785=EDGE_CURVE('',#705,#537,#13788,.T.);
#13786=LINE('',#536,#13789);
#13787=LINE('',#542,#13790);
#13788=LINE('',#704,#13791);
#13789=VECTOR('',#13792,1.0);
#13790=VECTOR('',#13793,1.0);
#13791=VECTOR('',#13794,1.0);
#13792=DIRECTION('',(-0.9998675954856356,0.016272415240929733,0));
#13793=DIRECTION('',(-0.5319348293969091,-0.8467852958539617,0));
#13794=DIRECTION('',(1,0,0));
#13795=FACE_SURFACE('',(#13800),#13796,.T.);
#13796=PLANE('',#13797);
#13797=AXIS2_PLACEMENT_3D('',#536,#13798,#13799);
#13798=DIRECTION('',(0,0,1));
#13799=DIRECTION('',(-1,0,0));
#13800=FACE_BOUND('',#13801,.T.);
#13801=EDGE_LOOP('',(#13802,#13803,#13804));
#13802=ORIENTED_EDGE('',*,*,#13805,.T.);
#13803=ORIENTED_EDGE('',*,*,#13806,.T.);
#13804=ORIENTED_EDGE('',*,*,#13807,.T.);
#13805=EDGE_CURVE('',#537,#705,#13808,.F.);
#13806=EDGE_CURVE('',#705,#539,#13809,.T.);
#13807=EDGE_CURVE('',#539,#537,#13810,.T.);
#13808=LINE('',#536,#13811);
#13809=LINE('',#704,#13812);
#13810=LINE('',#538,#13813);
#13811=VECTOR('',#13814,1.0);
#13812=VECTOR('',#13815,1.0);
#13813=VECTOR('',#13816,1.0);
#13814=DIRECTION('',(-1,0,0));
#13815=DIRECTION('',(0.9999119017906225,-0.013273607552602517,0));
#13816=DIRECTION('',(-0.7070886094735803,0.7071249524325376,0));
#13817=FACE_SURFACE('',(#13822),#13818,.T.);
#13818=PLANE('',#13819);
#13819=AXIS2_PLACEMENT_3D('',#538,#13820,#13821);
#13820=DIRECTION('',(0,0,1));
#13821=DIRECTION('',(-0.9999119017906225,0.013273607552602517,0));
#13822=FACE_BOUND('',#13823,.T.);
#13823=EDGE_LOOP('',(#13824,#13825,#13826));
#13824=ORIENTED_EDGE('',*,*,#13827,.T.);
#13825=ORIENTED_EDGE('',*,*,#13828,.T.);
#13826=ORIENTED_EDGE('',*,*,#13829,.T.);
#13827=EDGE_CURVE('',#539,#705,#13830,.F.);
#13828=EDGE_CURVE('',#705,#703,#13831,.T.);
#13829=EDGE_CURVE('',#703,#539,#13832,.T.);
#13830=LINE('',#538,#13833);
#13831=LINE('',#704,#13834);
#13832=LINE('',#702,#13835);
#13833=VECTOR('',#13836,1.0);
#13834=VECTOR('',#13837,1.0);
#13835=VECTOR('',#13838,1.0);
#13836=DIRECTION('',(-0.9999119017906225,0.013273607552602517,0));
#13837=DIRECTION('',(-0.7070886094735803,-0.7071249524325376,0));
#13838=DIRECTION('',(1,0,0));
#13839=FACE_SURFACE('',(#13844),#13840,.T.);
#13840=PLANE('',#13841);
#13841=AXIS2_PLACEMENT_3D('',#664,#13842,#13843);
#13842=DIRECTION('',(-0.9438379585087486,0.33040869855080635,0));
#13843=DIRECTION('',(0.009245239275885896,0.02640973982328514,0.999608448940483));
#13844=FACE_BOUND('',#13845,.T.);
#13845=EDGE_LOOP('',(#13846,#13847,#13848));
#13846=ORIENTED_EDGE('',*,*,#13849,.T.);
#13847=ORIENTED_EDGE('',*,*,#13850,.T.);
#13848=ORIENTED_EDGE('',*,*,#13851,.T.);
#13849=EDGE_CURVE('',#665,#541,#13852,.F.);
#13850=EDGE_CURVE('',#541,#653,#13853,.T.);
#13851=EDGE_CURVE('',#653,#665,#13854,.T.);
#13852=LINE('',#664,#13855);
#13853=LINE('',#540,#13856);
#13854=LINE('',#652,#13857);
#13855=VECTOR('',#13858,1.0);
#13856=VECTOR('',#13859,1.0);
#13857=VECTOR('',#13860,1.0);
#13858=DIRECTION('',(0.009245239275885896,0.02640973982328514,0.999608448940483));
#13859=DIRECTION('',(0,0,-1));
#13860=DIRECTION('',(-0.3304086985508064,-0.9438379585087487,0));
#13861=FACE_SURFACE('',(#13866),#13862,.T.);
#13862=PLANE('',#13863);
#13863=AXIS2_PLACEMENT_3D('',#664,#13864,#13865);
#13864=DIRECTION('',(-0.9438379585087486,0.33040869855080635,0));
#13865=DIRECTION('',(0,0,1));
#13866=FACE_BOUND('',#13867,.T.);
#13867=EDGE_LOOP('',(#13868,#13869,#13870));
#13868=ORIENTED_EDGE('',*,*,#13871,.T.);
#13869=ORIENTED_EDGE('',*,*,#13872,.T.);
#13870=ORIENTED_EDGE('',*,*,#13873,.T.);
#13871=EDGE_CURVE('',#665,#543,#13874,.F.);
#13872=EDGE_CURVE('',#543,#541,#13875,.T.);
#13873=EDGE_CURVE('',#541,#665,#13876,.T.);
#13874=LINE('',#664,#13877);
#13875=LINE('',#542,#13878);
#13876=LINE('',#540,#13879);
#13877=VECTOR('',#13880,1.0);
#13878=VECTOR('',#13881,1.0);
#13879=VECTOR('',#13882,1.0);
#13880=DIRECTION('',(0,0,1));
#13881=DIRECTION('',(0.3304086985508064,0.9438379585087487,0));
#13882=DIRECTION('',(-0.009245239275885896,-0.02640973982328514,-0.999608448940483));
#13883=FACE_SURFACE('',(#13888),#13884,.T.);
#13884=PLANE('',#13885);
#13885=AXIS2_PLACEMENT_3D('',#668,#13886,#13887);
#13886=DIRECTION('',(-0.8467852958539616,0.531934829396909,0));
#13887=DIRECTION('',(0.014882680682992202,0.02369169016350337,0.9996085281913538));
#13888=FACE_BOUND('',#13889,.T.);
#13889=EDGE_LOOP('',(#13890,#13891,#13892));
#13890=ORIENTED_EDGE('',*,*,#13893,.T.);
#13891=ORIENTED_EDGE('',*,*,#13894,.T.);
#13892=ORIENTED_EDGE('',*,*,#13895,.T.);
#13893=EDGE_CURVE('',#669,#543,#13896,.F.);
#13894=EDGE_CURVE('',#543,#665,#13897,.T.);
#13895=EDGE_CURVE('',#665,#669,#13898,.T.);
#13896=LINE('',#668,#13899);
#13897=LINE('',#542,#13900);
#13898=LINE('',#664,#13901);
#13899=VECTOR('',#13902,1.0);
#13900=VECTOR('',#13903,1.0);
#13901=VECTOR('',#13904,1.0);
#13902=DIRECTION('',(0.014882680682992202,0.02369169016350337,0.9996085281913538));
#13903=DIRECTION('',(0,0,-1));
#13904=DIRECTION('',(-0.5319348293969091,-0.8467852958539617,0));
#13905=FACE_SURFACE('',(#13910),#13906,.T.);
#13906=PLANE('',#13907);
#13907=AXIS2_PLACEMENT_3D('',#668,#13908,#13909);
#13908=DIRECTION('',(-0.8467852958539616,0.531934829396909,0));
#13909=DIRECTION('',(0,0,1));
#13910=FACE_BOUND('',#13911,.T.);
#13911=EDGE_LOOP('',(#13912,#13913,#13914));
#13912=ORIENTED_EDGE('',*,*,#13915,.T.);
#13913=ORIENTED_EDGE('',*,*,#13916,.T.);
#13914=ORIENTED_EDGE('',*,*,#13917,.T.);
#13915=EDGE_CURVE('',#669,#705,#13918,.F.);
#13916=EDGE_CURVE('',#705,#543,#13919,.T.);
#13917=EDGE_CURVE('',#543,#669,#13920,.T.);
#13918=LINE('',#668,#13921);
#13919=LINE('',#704,#13922);
#13920=LINE('',#542,#13923);
#13921=VECTOR('',#13924,1.0);
#13922=VECTOR('',#13925,1.0);
#13923=VECTOR('',#13926,1.0);
#13924=DIRECTION('',(0,0,1));
#13925=DIRECTION('',(0.5319348293969091,0.8467852958539617,0));
#13926=DIRECTION('',(-0.014882680682992202,-0.02369169016350337,-0.9996085281913538));
#13927=FACE_SURFACE('',(#13932),#13928,.T.);
#13928=PLANE('',#13929);
#13929=AXIS2_PLACEMENT_3D('',#608,#13930,#13931);
#13930=DIRECTION('',(-0.9921122044164546,-0.1253529969642643,0));
#13931=DIRECTION('',(0.006550283484536049,-0.05184252746065884,0.998633789801228));
#13932=FACE_BOUND('',#13933,.T.);
#13933=EDGE_LOOP('',(#13934,#13935,#13936));
#13934=ORIENTED_EDGE('',*,*,#13937,.T.);
#13935=ORIENTED_EDGE('',*,*,#13938,.T.);
#13936=ORIENTED_EDGE('',*,*,#13939,.T.);
#13937=EDGE_CURVE('',#609,#571,#13940,.F.);
#13938=EDGE_CURVE('',#571,#545,#13941,.T.);
#13939=EDGE_CURVE('',#545,#609,#13942,.T.);
#13940=LINE('',#608,#13943);
#13941=LINE('',#570,#13944);
#13942=LINE('',#544,#13945);
#13943=VECTOR('',#13946,1.0);
#13944=VECTOR('',#13947,1.0);
#13945=VECTOR('',#13948,1.0);
#13946=DIRECTION('',(0.006550283484536049,-0.05184252746065884,0.998633789801228));
#13947=DIRECTION('',(-0.1253529969642643,0.9921122044164548,0));
#13948=DIRECTION('',(0,0,-1));
#13949=FACE_SURFACE('',(#13954),#13950,.T.);
#13950=PLANE('',#13951);
#13951=AXIS2_PLACEMENT_3D('',#570,#13952,#13953);
#13952=DIRECTION('',(0,-0,1));
#13953=DIRECTION('',(0.9850524809572646,0.17225449126202125,0));
#13954=FACE_BOUND('',#13955,.T.);
#13955=EDGE_LOOP('',(#13956,#13957,#13958));
#13956=ORIENTED_EDGE('',*,*,#13959,.T.);
#13957=ORIENTED_EDGE('',*,*,#13960,.T.);
#13958=ORIENTED_EDGE('',*,*,#13961,.T.);
#13959=EDGE_CURVE('',#571,#707,#13962,.F.);
#13960=EDGE_CURVE('',#707,#545,#13963,.T.);
#13961=EDGE_CURVE('',#545,#571,#13964,.T.);
#13962=LINE('',#570,#13965);
#13963=LINE('',#706,#13966);
#13964=LINE('',#544,#13967);
#13965=VECTOR('',#13968,1.0);
#13966=VECTOR('',#13969,1.0);
#13967=VECTOR('',#13970,1.0);
#13968=DIRECTION('',(0.9850524809572646,0.17225449126202125,0));
#13969=DIRECTION('',(-0.9999841913496039,0.005622904132097451,0));
#13970=DIRECTION('',(0.1253529969642643,-0.9921122044164548,0));
#13971=FACE_SURFACE('',(#13976),#13972,.T.);
#13972=PLANE('',#13973);
#13973=AXIS2_PLACEMENT_3D('',#546,#13974,#13975);
#13974=DIRECTION('',(0,0,1));
#13975=DIRECTION('',(-0.9959788164967732,-0.08958904558977593,0));
#13976=FACE_BOUND('',#13977,.T.);
#13977=EDGE_LOOP('',(#13978,#13979,#13980));
#13978=ORIENTED_EDGE('',*,*,#13981,.T.);
#13979=ORIENTED_EDGE('',*,*,#13982,.T.);
#13980=ORIENTED_EDGE('',*,*,#13983,.T.);
#13981=EDGE_CURVE('',#547,#545,#13984,.F.);
#13982=EDGE_CURVE('',#545,#707,#13985,.T.);
#13983=EDGE_CURVE('',#707,#547,#13986,.T.);
#13984=LINE('',#546,#13987);
#13985=LINE('',#544,#13988);
#13986=LINE('',#706,#13989);
#13987=VECTOR('',#13990,1.0);
#13988=VECTOR('',#13991,1.0);
#13989=VECTOR('',#13992,1.0);
#13990=DIRECTION('',(-0.9959788164967732,-0.08958904558977593,0));
#13991=DIRECTION('',(0.9999841913496039,-0.005622904132097451,0));
#13992=DIRECTION('',(-0.11193518523976306,0.9937155097437796,0));
#13993=FACE_SURFACE('',(#13998),#13994,.T.);
#13994=PLANE('',#13995);
#13995=AXIS2_PLACEMENT_3D('',#614,#13996,#13997);
#13996=DIRECTION('',(0.993715965073108,-0.11193114293538518,0));
#13997=DIRECTION('',(-0.0031319112834879126,-0.027804864329770612,0.999608463675311));
#13998=FACE_BOUND('',#13999,.T.);
#13999=EDGE_LOOP('',(#14000,#14001,#14002));
#14000=ORIENTED_EDGE('',*,*,#14003,.T.);
#14001=ORIENTED_EDGE('',*,*,#14004,.T.);
#14002=ORIENTED_EDGE('',*,*,#14005,.T.);
#14003=EDGE_CURVE('',#615,#547,#14006,.F.);
#14004=EDGE_CURVE('',#547,#611,#14007,.T.);
#14005=EDGE_CURVE('',#611,#615,#14008,.T.);
#14006=LINE('',#614,#14009);
#14007=LINE('',#546,#14010);
#14008=LINE('',#610,#14011);
#14009=VECTOR('',#14012,1.0);
#14010=VECTOR('',#14013,1.0);
#14011=VECTOR('',#14014,1.0);
#14012=DIRECTION('',(-0.0031319112834879126,-0.027804864329770612,0.999608463675311));
#14013=DIRECTION('',(0,0,-1));
#14014=DIRECTION('',(0.1119311429353852,0.993715965073108,0));
#14015=FACE_SURFACE('',(#14020),#14016,.T.);
#14016=PLANE('',#14017);
#14017=AXIS2_PLACEMENT_3D('',#706,#14018,#14019);
#14018=DIRECTION('',(0.9937155097437798,0.11193518523976308,0));
#14019=DIRECTION('',(-0.0031319113720363794,0.027803848261555426,-0.9996084919372215));
#14020=FACE_BOUND('',#14021,.T.);
#14021=EDGE_LOOP('',(#14022,#14023,#14024));
#14022=ORIENTED_EDGE('',*,*,#14025,.T.);
#14023=ORIENTED_EDGE('',*,*,#14026,.T.);
#14024=ORIENTED_EDGE('',*,*,#14027,.T.);
#14025=EDGE_CURVE('',#707,#611,#14028,.F.);
#14026=EDGE_CURVE('',#611,#547,#14029,.T.);
#14027=EDGE_CURVE('',#547,#707,#14030,.T.);
#14028=LINE('',#706,#14031);
#14029=LINE('',#610,#14032);
#14030=LINE('',#546,#14033);
#14031=VECTOR('',#14034,1.0);
#14032=VECTOR('',#14035,1.0);
#14033=VECTOR('',#14036,1.0);
#14034=DIRECTION('',(-0.0031319113720363794,0.027803848261555426,-0.9996084919372215));
#14035=DIRECTION('',(0,0,1));
#14036=DIRECTION('',(0.11193518523976306,-0.9937155097437796,0));
#14037=FACE_SURFACE('',(#14042),#14038,.T.);
#14038=PLANE('',#14039);
#14039=AXIS2_PLACEMENT_3D('',#614,#14040,#14041);
#14040=DIRECTION('',(0.993715965073108,-0.11193114293538518,0));
#14041=DIRECTION('',(0,0,1));
#14042=FACE_BOUND('',#14043,.T.);
#14043=EDGE_LOOP('',(#14044,#14045,#14046));
#14044=ORIENTED_EDGE('',*,*,#14047,.T.);
#14045=ORIENTED_EDGE('',*,*,#14048,.T.);
#14046=ORIENTED_EDGE('',*,*,#14049,.T.);
#14047=EDGE_CURVE('',#615,#551,#14050,.F.);
#14048=EDGE_CURVE('',#551,#547,#14051,.T.);
#14049=EDGE_CURVE('',#547,#615,#14052,.T.);
#14050=LINE('',#614,#14053);
#14051=LINE('',#550,#14054);
#14052=LINE('',#546,#14055);
#14053=VECTOR('',#14056,1.0);
#14054=VECTOR('',#14057,1.0);
#14055=VECTOR('',#14058,1.0);
#14056=DIRECTION('',(0,0,1));
#14057=DIRECTION('',(-0.1119311429353852,-0.993715965073108,0));
#14058=DIRECTION('',(0.0031319112834879126,0.027804864329770612,-0.999608463675311));
#14059=FACE_SURFACE('',(#14064),#14060,.T.);
#14060=PLANE('',#14061);
#14061=AXIS2_PLACEMENT_3D('',#612,#14062,#14063);
#14062=DIRECTION('',(0.9438832833912708,-0.3302791960364958,0));
#14063=DIRECTION('',(0,0,1));
#14064=FACE_BOUND('',#14065,.T.);
#14065=EDGE_LOOP('',(#14066,#14067,#14068));
#14066=ORIENTED_EDGE('',*,*,#14069,.T.);
#14067=ORIENTED_EDGE('',*,*,#14070,.T.);
#14068=ORIENTED_EDGE('',*,*,#14071,.T.);
#14069=EDGE_CURVE('',#613,#549,#14072,.F.);
#14070=EDGE_CURVE('',#549,#551,#14073,.T.);
#14071=EDGE_CURVE('',#551,#613,#14074,.T.);
#14072=LINE('',#612,#14075);
#14073=LINE('',#548,#14076);
#14074=LINE('',#550,#14077);
#14075=VECTOR('',#14078,1.0);
#14076=VECTOR('',#14079,1.0);
#14077=VECTOR('',#14080,1.0);
#14078=DIRECTION('',(0,0,1));
#14079=DIRECTION('',(-0.3302791960364958,-0.9438832833912708,0));
#14080=DIRECTION('',(0.009241172206125439,0.026409740816185065,-0.9996084865217375));
#14081=FACE_SURFACE('',(#14086),#14082,.T.);
#14082=PLANE('',#14083);
#14083=AXIS2_PLACEMENT_3D('',#612,#14084,#14085);
#14084=DIRECTION('',(0.9438832833912708,-0.3302791960364958,0));
#14085=DIRECTION('',(-0.009241172206125439,-0.026409740816185065,0.9996084865217375));
#14086=FACE_BOUND('',#14087,.T.);
#14087=EDGE_LOOP('',(#14088,#14089,#14090));
#14088=ORIENTED_EDGE('',*,*,#14091,.T.);
#14089=ORIENTED_EDGE('',*,*,#14092,.T.);
#14090=ORIENTED_EDGE('',*,*,#14093,.T.);
#14091=EDGE_CURVE('',#613,#551,#14094,.F.);
#14092=EDGE_CURVE('',#551,#615,#14095,.T.);
#14093=EDGE_CURVE('',#615,#613,#14096,.T.);
#14094=LINE('',#612,#14097);
#14095=LINE('',#550,#14098);
#14096=LINE('',#614,#14099);
#14097=VECTOR('',#14100,1.0);
#14098=VECTOR('',#14101,1.0);
#14099=VECTOR('',#14102,1.0);
#14100=DIRECTION('',(-0.009241172206125439,-0.026409740816185065,0.9996084865217375));
#14101=DIRECTION('',(0,0,-1));
#14102=DIRECTION('',(0.3302791960364958,0.9438832833912708,0));
#14103=FACE_SURFACE('',(#14108),#14104,.T.);
#14104=PLANE('',#14105);
#14105=AXIS2_PLACEMENT_3D('',#552,#14106,#14107);
#14106=DIRECTION('',(0.9999953491490252,0,0.003049865623155831));
#14107=DIRECTION('',(-0.003035733247561811,0.09615647675774604,0.995361600776917));
#14108=FACE_BOUND('',#14109,.T.);
#14109=EDGE_LOOP('',(#14110,#14111,#14112));
#14110=ORIENTED_EDGE('',*,*,#14113,.T.);
#14111=ORIENTED_EDGE('',*,*,#14114,.T.);
#14112=ORIENTED_EDGE('',*,*,#14115,.T.);
#14113=EDGE_CURVE('',#553,#565,#14116,.F.);
#14114=EDGE_CURVE('',#565,#709,#14117,.T.);
#14115=EDGE_CURVE('',#709,#553,#14118,.T.);
#14116=LINE('',#552,#14119);
#14117=LINE('',#564,#14120);
#14118=LINE('',#708,#14121);
#14119=VECTOR('',#14122,1.0);
#14120=VECTOR('',#14123,1.0);
#14121=VECTOR('',#14124,1.0);
#14122=DIRECTION('',(-0.003035733247561811,0.09615647675774604,0.995361600776917));
#14123=DIRECTION('',(0,-1,0));
#14124=DIRECTION('',(0.0030357354301073056,0.09614906870874344,-0.9953623163938041));
#14125=FACE_SURFACE('',(#14130),#14126,.T.);
#14126=PLANE('',#14127);
#14127=AXIS2_PLACEMENT_3D('',#552,#14128,#14129);
#14128=DIRECTION('',(0.9981746790794586,-0.060328794506463265,-0.002783271100152877));
#14129=DIRECTION('',(-0.0030357354301073056,-0.09614906870874344,0.9953623163938041));
#14130=FACE_BOUND('',#14131,.T.);
#14131=EDGE_LOOP('',(#14132,#14133,#14134));
#14132=ORIENTED_EDGE('',*,*,#14135,.T.);
#14133=ORIENTED_EDGE('',*,*,#14136,.T.);
#14134=ORIENTED_EDGE('',*,*,#14137,.T.);
#14135=EDGE_CURVE('',#553,#709,#14138,.F.);
#14136=EDGE_CURVE('',#709,#711,#14139,.T.);
#14137=EDGE_CURVE('',#711,#553,#14140,.T.);
#14138=LINE('',#552,#14141);
#14139=LINE('',#708,#14142);
#14140=LINE('',#710,#14143);
#14141=VECTOR('',#14144,1.0);
#14142=VECTOR('',#14145,1.0);
#14143=VECTOR('',#14146,1.0);
#14144=DIRECTION('',(-0.0030357354301073056,-0.09614906870874344,0.9953623163938041));
#14145=DIRECTION('',(-0.008125776696065979,-0.0884931500776909,-0.9960436406816787));
#14146=DIRECTION('',(0.06032902817928083,0.998178545330916,0));
#14147=FACE_SURFACE('',(#14152),#14148,.T.);
#14148=PLANE('',#14149);
#14149=AXIS2_PLACEMENT_3D('',#552,#14150,#14151);
#14150=DIRECTION('',(0.9981746778203048,0.06032879443036112,-0.002783724287705832));
#14151=DIRECTION('',(-0.06032902817928083,0.998178545330916,0));
#14152=FACE_BOUND('',#14153,.T.);
#14153=EDGE_LOOP('',(#14154,#14155,#14156));
#14154=ORIENTED_EDGE('',*,*,#14157,.T.);
#14155=ORIENTED_EDGE('',*,*,#14158,.T.);
#14156=ORIENTED_EDGE('',*,*,#14159,.T.);
#14157=EDGE_CURVE('',#553,#567,#14160,.F.);
#14158=EDGE_CURVE('',#567,#565,#14161,.T.);
#14159=EDGE_CURVE('',#565,#553,#14162,.T.);
#14160=LINE('',#552,#14163);
#14161=LINE('',#566,#14164);
#14162=LINE('',#564,#14165);
#14163=VECTOR('',#14166,1.0);
#14164=VECTOR('',#14167,1.0);
#14165=VECTOR('',#14168,1.0);
#14166=DIRECTION('',(-0.06032902817928083,0.998178545330916,0));
#14167=DIRECTION('',(0.008125782076182319,-0.08848572636549917,0.996044300167026));
#14168=DIRECTION('',(0.003035733247561811,-0.09615647675774604,-0.995361600776917));
#14169=FACE_SURFACE('',(#14174),#14170,.T.);
#14170=PLANE('',#14171);
#14171=AXIS2_PLACEMENT_3D('',#552,#14172,#14173);
#14172=DIRECTION('',(0,0,-1));
#14173=DIRECTION('',(-0.06032902817928083,-0.998178545330916,0));
#14174=FACE_BOUND('',#14175,.T.);
#14175=EDGE_LOOP('',(#14176,#14177,#14178));
#14176=ORIENTED_EDGE('',*,*,#14179,.T.);
#14177=ORIENTED_EDGE('',*,*,#14180,.T.);
#14178=ORIENTED_EDGE('',*,*,#14181,.T.);
#14179=EDGE_CURVE('',#553,#711,#14182,.F.);
#14180=EDGE_CURVE('',#711,#675,#14183,.T.);
#14181=EDGE_CURVE('',#675,#553,#14184,.T.);
#14182=LINE('',#552,#14185);
#14183=LINE('',#710,#14186);
#14184=LINE('',#674,#14187);
#14185=VECTOR('',#14188,1.0);
#14186=VECTOR('',#14189,1.0);
#14187=VECTOR('',#14190,1.0);
#14188=DIRECTION('',(-0.06032902817928083,-0.998178545330916,0));
#14189=DIRECTION('',(-0.18025875636101774,-0.9836192254908295,0));
#14190=DIRECTION('',(0.12051404055377501,0.9927116227935497,0));
#14191=FACE_SURFACE('',(#14196),#14192,.T.);
#14192=PLANE('',#14193);
#14193=AXIS2_PLACEMENT_3D('',#552,#14194,#14195);
#14194=DIRECTION('',(0,0,-1));
#14195=DIRECTION('',(-0.12051404055377501,-0.9927116227935497,0));
#14196=FACE_BOUND('',#14197,.T.);
#14197=EDGE_LOOP('',(#14198,#14199,#14200));
#14198=ORIENTED_EDGE('',*,*,#14201,.T.);
#14199=ORIENTED_EDGE('',*,*,#14202,.T.);
#14200=ORIENTED_EDGE('',*,*,#14203,.T.);
#14201=EDGE_CURVE('',#553,#675,#14204,.F.);
#14202=EDGE_CURVE('',#675,#673,#14205,.T.);
#14203=EDGE_CURVE('',#673,#553,#14206,.T.);
#14204=LINE('',#552,#14207);
#14205=LINE('',#674,#14208);
#14206=LINE('',#672,#14209);
#14207=VECTOR('',#14210,1.0);
#14208=VECTOR('',#14211,1.0);
#14209=VECTOR('',#14212,1.0);
#14210=DIRECTION('',(-0.12051404055377501,-0.9927116227935497,0));
#14211=DIRECTION('',(-0.2975957381183812,-0.9546919799881928,0));
#14212=DIRECTION('',(0.18027261455773028,0.9836166857269757,0));
#14213=FACE_SURFACE('',(#14218),#14214,.T.);
#14214=PLANE('',#14215);
#14215=AXIS2_PLACEMENT_3D('',#552,#14216,#14217);
#14216=DIRECTION('',(0,0,-1));
#14217=DIRECTION('',(-0.18027261455773028,-0.9836166857269757,0));
#14218=FACE_BOUND('',#14219,.T.);
#14219=EDGE_LOOP('',(#14220,#14221,#14222));
#14220=ORIENTED_EDGE('',*,*,#14223,.T.);
#14221=ORIENTED_EDGE('',*,*,#14224,.T.);
#14222=ORIENTED_EDGE('',*,*,#14225,.T.);
#14223=EDGE_CURVE('',#553,#673,#14226,.F.);
#14224=EDGE_CURVE('',#673,#683,#14227,.T.);
#14225=EDGE_CURVE('',#683,#553,#14228,.T.);
#14226=LINE('',#552,#14229);
#14227=LINE('',#672,#14230);
#14228=LINE('',#682,#14231);
#14229=VECTOR('',#14232,1.0);
#14230=VECTOR('',#14233,1.0);
#14231=VECTOR('',#14234,1.0);
#14232=DIRECTION('',(-0.18027261455773028,-0.9836166857269757,0));
#14233=DIRECTION('',(-0.41035122642010025,-0.911927557964732,0));
#14234=DIRECTION('',(0.23931056116102137,0.9709430752195503,0));
#14235=FACE_SURFACE('',(#14240),#14236,.T.);
#14236=PLANE('',#14237);
#14237=AXIS2_PLACEMENT_3D('',#552,#14238,#14239);
#14238=DIRECTION('',(0,0,-1));
#14239=DIRECTION('',(-0.23931056116102137,-0.9709430752195503,0));
#14240=FACE_BOUND('',#14241,.T.);
#14241=EDGE_LOOP('',(#14242,#14243,#14244));
#14242=ORIENTED_EDGE('',*,*,#14245,.T.);
#14243=ORIENTED_EDGE('',*,*,#14246,.T.);
#14244=ORIENTED_EDGE('',*,*,#14247,.T.);
#14245=EDGE_CURVE('',#553,#683,#14248,.F.);
#14246=EDGE_CURVE('',#683,#685,#14249,.T.);
#14247=EDGE_CURVE('',#685,#553,#14250,.T.);
#14248=LINE('',#552,#14251);
#14249=LINE('',#682,#14252);
#14250=LINE('',#684,#14253);
#14251=VECTOR('',#14254,1.0);
#14252=VECTOR('',#14255,1.0);
#14253=VECTOR('',#14256,1.0);
#14254=DIRECTION('',(-0.23931056116102137,-0.9709430752195503,0));
#14255=DIRECTION('',(-0.5173263752137502,-0.85578818729181,0));
#14256=DIRECTION('',(0.2974966631687305,0.9547228579035232,0));
#14257=FACE_SURFACE('',(#14262),#14258,.T.);
#14258=PLANE('',#14259);
#14259=AXIS2_PLACEMENT_3D('',#552,#14260,#14261);
#14260=DIRECTION('',(0,0,-1));
#14261=DIRECTION('',(-0.2974966631687305,-0.9547228579035232,0));
#14262=FACE_BOUND('',#14263,.T.);
#14263=EDGE_LOOP('',(#14264,#14265,#14266));
#14264=ORIENTED_EDGE('',*,*,#14267,.T.);
#14265=ORIENTED_EDGE('',*,*,#14268,.T.);
#14266=ORIENTED_EDGE('',*,*,#14269,.T.);
#14267=EDGE_CURVE('',#553,#685,#14270,.F.);
#14268=EDGE_CURVE('',#685,#687,#14271,.T.);
#14269=EDGE_CURVE('',#687,#553,#14272,.T.);
#14270=LINE('',#552,#14273);
#14271=LINE('',#684,#14274);
#14272=LINE('',#686,#14275);
#14273=VECTOR('',#14276,1.0);
#14274=VECTOR('',#14277,1.0);
#14275=VECTOR('',#14278,1.0);
#14276=DIRECTION('',(-0.2974966631687305,-0.9547228579035232,0));
#14277=DIRECTION('',(-0.6167638702622964,-0.787148225138743,0));
#14278=DIRECTION('',(0.354610960111832,0.935013939451474,0));
#14279=FACE_SURFACE('',(#14284),#14280,.T.);
#14280=PLANE('',#14281);
#14281=AXIS2_PLACEMENT_3D('',#552,#14282,#14283);
#14282=DIRECTION('',(0,0,-1));
#14283=DIRECTION('',(-0.354610960111832,-0.935013939451474,0));
#14284=FACE_BOUND('',#14285,.T.);
#14285=EDGE_LOOP('',(#14286,#14287,#14288));
#14286=ORIENTED_EDGE('',*,*,#14289,.T.);
#14287=ORIENTED_EDGE('',*,*,#14290,.T.);
#14288=ORIENTED_EDGE('',*,*,#14291,.T.);
#14289=EDGE_CURVE('',#553,#687,#14292,.F.);
#14290=EDGE_CURVE('',#687,#691,#14293,.T.);
#14291=EDGE_CURVE('',#691,#553,#14294,.T.);
#14292=LINE('',#552,#14295);
#14293=LINE('',#686,#14296);
#14294=LINE('',#690,#14297);
#14295=VECTOR('',#14298,1.0);
#14296=VECTOR('',#14299,1.0);
#14297=VECTOR('',#14300,1.0);
#14298=DIRECTION('',(-0.354610960111832,-0.935013939451474,0));
#14299=DIRECTION('',(-0.7070764529975914,-0.7071371080747672,0));
#14300=DIRECTION('',(0.41041043578933023,0.9119009124873229,0));
#14301=FACE_SURFACE('',(#14306),#14302,.T.);
#14302=PLANE('',#14303);
#14303=AXIS2_PLACEMENT_3D('',#552,#14304,#14305);
#14304=DIRECTION('',(0,0,-1));
#14305=DIRECTION('',(-0.41041043578933023,-0.9119009124873229,0));
#14306=FACE_BOUND('',#14307,.T.);
#14307=EDGE_LOOP('',(#14308,#14309,#14310));
#14308=ORIENTED_EDGE('',*,*,#14311,.T.);
#14309=ORIENTED_EDGE('',*,*,#14312,.T.);
#14310=ORIENTED_EDGE('',*,*,#14313,.T.);
#14311=EDGE_CURVE('',#553,#691,#14314,.F.);
#14312=EDGE_CURVE('',#691,#693,#14315,.T.);
#14313=EDGE_CURVE('',#693,#553,#14316,.T.);
#14314=LINE('',#552,#14317);
#14315=LINE('',#690,#14318);
#14316=LINE('',#692,#14319);
#14317=VECTOR('',#14320,1.0);
#14318=VECTOR('',#14321,1.0);
#14319=VECTOR('',#14322,1.0);
#14320=DIRECTION('',(-0.41041043578933023,-0.9119009124873229,0));
#14321=DIRECTION('',(-0.7871874846277396,-0.6167137618421145,0));
#14322=DIRECTION('',(0.4647219791143719,0.8854566517498309,0));
#14323=FACE_SURFACE('',(#14328),#14324,.T.);
#14324=PLANE('',#14325);
#14325=AXIS2_PLACEMENT_3D('',#552,#14326,#14327);
#14326=DIRECTION('',(0,0,-1));
#14327=DIRECTION('',(-0.4647219791143719,-0.8854566517498309,0));
#14328=FACE_BOUND('',#14329,.T.);
#14329=EDGE_LOOP('',(#14330,#14331,#14332));
#14330=ORIENTED_EDGE('',*,*,#14333,.T.);
#14331=ORIENTED_EDGE('',*,*,#14334,.T.);
#14332=ORIENTED_EDGE('',*,*,#14335,.T.);
#14333=EDGE_CURVE('',#553,#693,#14336,.F.);
#14334=EDGE_CURVE('',#693,#689,#14337,.T.);
#14335=EDGE_CURVE('',#689,#553,#14338,.T.);
#14336=LINE('',#552,#14339);
#14337=LINE('',#692,#14340);
#14338=LINE('',#688,#14341);
#14339=VECTOR('',#14342,1.0);
#14340=VECTOR('',#14343,1.0);
#14341=VECTOR('',#14344,1.0);
#14342=DIRECTION('',(-0.4647219791143719,-0.8854566517498309,0));
#14343=DIRECTION('',(-0.855804418280033,-0.5172995241176765,0));
#14344=DIRECTION('',(0.5173431499159299,0.855778046712501,0));
#14345=FACE_SURFACE('',(#14350),#14346,.T.);
#14346=PLANE('',#14347);
#14347=AXIS2_PLACEMENT_3D('',#552,#14348,#14349);
#14348=DIRECTION('',(0,0,-1));
#14349=DIRECTION('',(-0.5173431499159299,-0.855778046712501,0));
#14350=FACE_BOUND('',#14351,.T.);
#14351=EDGE_LOOP('',(#14352,#14353,#14354));
#14352=ORIENTED_EDGE('',*,*,#14355,.T.);
#14353=ORIENTED_EDGE('',*,*,#14356,.T.);
#14354=ORIENTED_EDGE('',*,*,#14357,.T.);
#14355=EDGE_CURVE('',#553,#689,#14358,.F.);
#14356=EDGE_CURVE('',#689,#671,#14359,.T.);
#14357=EDGE_CURVE('',#671,#553,#14360,.T.);
#14358=LINE('',#552,#14361);
#14359=LINE('',#688,#14362);
#14360=LINE('',#670,#14363);
#14361=VECTOR('',#14364,1.0);
#14362=VECTOR('',#14365,1.0);
#14363=VECTOR('',#14366,1.0);
#14364=DIRECTION('',(-0.5173431499159299,-0.855778046712501,0));
#14365=DIRECTION('',(-0.9118972928362388,-0.4104184782851997,0));
#14366=DIRECTION('',(0.568068549015747,0.822981241353133,0));
#14367=FACE_SURFACE('',(#14372),#14368,.T.);
#14368=PLANE('',#14369);
#14369=AXIS2_PLACEMENT_3D('',#552,#14370,#14371);
#14370=DIRECTION('',(0,0,-1));
#14371=DIRECTION('',(-0.568068549015747,-0.822981241353133,0));
#14372=FACE_BOUND('',#14373,.T.);
#14373=EDGE_LOOP('',(#14374,#14375,#14376));
#14374=ORIENTED_EDGE('',*,*,#14377,.T.);
#14375=ORIENTED_EDGE('',*,*,#14378,.T.);
#14376=ORIENTED_EDGE('',*,*,#14379,.T.);
#14377=EDGE_CURVE('',#553,#671,#14380,.F.);
#14378=EDGE_CURVE('',#671,#713,#14381,.T.);
#14379=EDGE_CURVE('',#713,#553,#14382,.T.);
#14380=LINE('',#552,#14383);
#14381=LINE('',#670,#14384);
#14382=LINE('',#712,#14385);
#14383=VECTOR('',#14386,1.0);
#14384=VECTOR('',#14387,1.0);
#14385=VECTOR('',#14388,1.0);
#14386=DIRECTION('',(-0.568068549015747,-0.822981241353133,0));
#14387=DIRECTION('',(-0.07136205527247713,0.9974504785037139,0));
#14388=DIRECTION('',(0.9955784177212492,0.09393409480935859,0));
#14389=FACE_SURFACE('',(#14394),#14390,.T.);
#14390=PLANE('',#14391);
#14391=AXIS2_PLACEMENT_3D('',#552,#14392,#14393);
#14392=DIRECTION('',(-0,0,-1));
#14393=DIRECTION('',(-0.9955784177212492,-0.09393409480935859,0));
#14394=FACE_BOUND('',#14395,.T.);
#14395=EDGE_LOOP('',(#14396,#14397,#14398));
#14396=ORIENTED_EDGE('',*,*,#14399,.T.);
#14397=ORIENTED_EDGE('',*,*,#14400,.T.);
#14398=ORIENTED_EDGE('',*,*,#14401,.T.);
#14399=EDGE_CURVE('',#553,#713,#14402,.F.);
#14400=EDGE_CURVE('',#713,#555,#14403,.T.);
#14401=EDGE_CURVE('',#555,#553,#14404,.T.);
#14402=LINE('',#552,#14405);
#14403=LINE('',#712,#14406);
#14404=LINE('',#554,#14407);
#14405=VECTOR('',#14408,1.0);
#14406=VECTOR('',#14409,1.0);
#14407=VECTOR('',#14410,1.0);
#14408=DIRECTION('',(-0.9955784177212492,-0.09393409480935859,0));
#14409=DIRECTION('',(0.11193518523976306,0.9937155097437796,0));
#14410=DIRECTION('',(1,0,0));
#14411=FACE_SURFACE('',(#14416),#14412,.T.);
#14412=PLANE('',#14413);
#14413=AXIS2_PLACEMENT_3D('',#714,#14414,#14415);
#14414=DIRECTION('',(-0.993715965073108,-0.11193114293538518,-0));
#14415=DIRECTION('',(0,0,-1));
#14416=FACE_BOUND('',#14417,.T.);
#14417=EDGE_LOOP('',(#14418,#14419,#14420));
#14418=ORIENTED_EDGE('',*,*,#14421,.T.);
#14419=ORIENTED_EDGE('',*,*,#14422,.T.);
#14420=ORIENTED_EDGE('',*,*,#14423,.T.);
#14421=EDGE_CURVE('',#715,#557,#14424,.F.);
#14422=EDGE_CURVE('',#557,#555,#14425,.T.);
#14423=EDGE_CURVE('',#555,#715,#14426,.T.);
#14424=LINE('',#714,#14427);
#14425=LINE('',#556,#14428);
#14426=LINE('',#554,#14429);
#14427=VECTOR('',#14430,1.0);
#14428=VECTOR('',#14431,1.0);
#14429=VECTOR('',#14432,1.0);
#14430=DIRECTION('',(0,0,-1));
#14431=DIRECTION('',(0.1119311429353852,-0.993715965073108,0));
#14432=DIRECTION('',(-0.011507212797464422,0.10216013854995687,0.99470140753147));
#14433=FACE_SURFACE('',(#14438),#14434,.T.);
#14434=PLANE('',#14435);
#14435=AXIS2_PLACEMENT_3D('',#714,#14436,#14437);
#14436=DIRECTION('',(-0.993715965073108,-0.11193114293538518,0));
#14437=DIRECTION('',(0.011507212797464422,-0.10216013854995687,-0.99470140753147));
#14438=FACE_BOUND('',#14439,.T.);
#14439=EDGE_LOOP('',(#14440,#14441,#14442));
#14440=ORIENTED_EDGE('',*,*,#14443,.T.);
#14441=ORIENTED_EDGE('',*,*,#14444,.T.);
#14442=ORIENTED_EDGE('',*,*,#14445,.T.);
#14443=EDGE_CURVE('',#715,#555,#14446,.F.);
#14444=EDGE_CURVE('',#555,#717,#14447,.T.);
#14445=EDGE_CURVE('',#717,#715,#14448,.T.);
#14446=LINE('',#714,#14449);
#14447=LINE('',#554,#14450);
#14448=LINE('',#716,#14451);
#14449=VECTOR('',#14452,1.0);
#14450=VECTOR('',#14453,1.0);
#14451=VECTOR('',#14454,1.0);
#14452=DIRECTION('',(0.011507212797464422,-0.10216013854995687,-0.99470140753147));
#14453=DIRECTION('',(0,0,1));
#14454=DIRECTION('',(-0.1119311429353852,0.993715965073108,0));
#14455=FACE_SURFACE('',(#14460),#14456,.T.);
#14456=PLANE('',#14457);
#14457=AXIS2_PLACEMENT_3D('',#712,#14458,#14459);
#14458=DIRECTION('',(-0.9937155097437798,0.11193518523976306,0));
#14459=DIRECTION('',(0.01150721718947475,0.10215644143240522,0.9947017871836874));
#14460=FACE_BOUND('',#14461,.T.);
#14461=EDGE_LOOP('',(#14462,#14463,#14464));
#14462=ORIENTED_EDGE('',*,*,#14465,.T.);
#14463=ORIENTED_EDGE('',*,*,#14466,.T.);
#14464=ORIENTED_EDGE('',*,*,#14467,.T.);
#14465=EDGE_CURVE('',#713,#717,#14468,.F.);
#14466=EDGE_CURVE('',#717,#555,#14469,.T.);
#14467=EDGE_CURVE('',#555,#713,#14470,.T.);
#14468=LINE('',#712,#14471);
#14469=LINE('',#716,#14472);
#14470=LINE('',#554,#14473);
#14471=VECTOR('',#14474,1.0);
#14472=VECTOR('',#14475,1.0);
#14473=VECTOR('',#14476,1.0);
#14474=DIRECTION('',(0.01150721718947475,0.10215644143240522,0.9947017871836874));
#14475=DIRECTION('',(0,0,-1));
#14476=DIRECTION('',(-0.11193518523976306,-0.9937155097437796,0));
#14477=FACE_SURFACE('',(#14482),#14478,.T.);
#14478=PLANE('',#14479);
#14479=AXIS2_PLACEMENT_3D('',#718,#14480,#14481);
#14480=DIRECTION('',(-0.9438379585087487,-0.3304086985508064,0));
#14481=DIRECTION('',(0.03396868764131597,-0.09703417899474905,-0.9947012095934848));
#14482=FACE_BOUND('',#14483,.T.);
#14483=EDGE_LOOP('',(#14484,#14485,#14486));
#14484=ORIENTED_EDGE('',*,*,#14487,.T.);
#14485=ORIENTED_EDGE('',*,*,#14488,.T.);
#14486=ORIENTED_EDGE('',*,*,#14489,.T.);
#14487=EDGE_CURVE('',#719,#557,#14490,.F.);
#14488=EDGE_CURVE('',#557,#715,#14491,.T.);
#14489=EDGE_CURVE('',#715,#719,#14492,.T.);
#14490=LINE('',#718,#14493);
#14491=LINE('',#556,#14494);
#14492=LINE('',#714,#14495);
#14493=VECTOR('',#14496,1.0);
#14494=VECTOR('',#14497,1.0);
#14495=VECTOR('',#14498,1.0);
#14496=DIRECTION('',(0.03396868764131597,-0.09703417899474905,-0.9947012095934848));
#14497=DIRECTION('',(0,0,1));
#14498=DIRECTION('',(-0.3304086985508064,0.9438379585087487,0));
#14499=FACE_SURFACE('',(#14504),#14500,.T.);
#14500=PLANE('',#14501);
#14501=AXIS2_PLACEMENT_3D('',#718,#14502,#14503);
#14502=DIRECTION('',(-0.9438379585087487,-0.3304086985508064,-0));
#14503=DIRECTION('',(0,0,-1));
#14504=FACE_BOUND('',#14505,.T.);
#14505=EDGE_LOOP('',(#14506,#14507,#14508));
#14506=ORIENTED_EDGE('',*,*,#14509,.T.);
#14507=ORIENTED_EDGE('',*,*,#14510,.T.);
#14508=ORIENTED_EDGE('',*,*,#14511,.T.);
#14509=EDGE_CURVE('',#719,#559,#14512,.F.);
#14510=EDGE_CURVE('',#559,#557,#14513,.T.);
#14511=EDGE_CURVE('',#557,#719,#14514,.T.);
#14512=LINE('',#718,#14515);
#14513=LINE('',#558,#14516);
#14514=LINE('',#556,#14517);
#14515=VECTOR('',#14518,1.0);
#14516=VECTOR('',#14519,1.0);
#14517=VECTOR('',#14520,1.0);
#14518=DIRECTION('',(0,0,-1));
#14519=DIRECTION('',(0.3304086985508064,-0.9438379585087487,0));
#14520=DIRECTION('',(-0.03396868764131597,0.09703417899474905,0.9947012095934848));
#14521=FACE_SURFACE('',(#14526),#14522,.T.);
#14522=PLANE('',#14523);
#14523=AXIS2_PLACEMENT_3D('',#562,#14524,#14525);
#14524=DIRECTION('',(-0.8467198116254329,-0.5320390592813571,0));
#14525=DIRECTION('',(0.05469662482123792,-0.08704758618237857,-0.9947014612299442));
#14526=FACE_BOUND('',#14527,.T.);
#14527=EDGE_LOOP('',(#14528,#14529,#14530));
#14528=ORIENTED_EDGE('',*,*,#14531,.T.);
#14529=ORIENTED_EDGE('',*,*,#14532,.T.);
#14530=ORIENTED_EDGE('',*,*,#14533,.T.);
#14531=EDGE_CURVE('',#563,#559,#14534,.F.);
#14532=EDGE_CURVE('',#559,#719,#14535,.T.);
#14533=EDGE_CURVE('',#719,#563,#14536,.T.);
#14534=LINE('',#562,#14537);
#14535=LINE('',#558,#14538);
#14536=LINE('',#718,#14539);
#14537=VECTOR('',#14540,1.0);
#14538=VECTOR('',#14541,1.0);
#14539=VECTOR('',#14542,1.0);
#14540=DIRECTION('',(0.05469662482123792,-0.08704758618237857,-0.9947014612299442));
#14541=DIRECTION('',(0,0,1));
#14542=DIRECTION('',(-0.5320390592813571,0.846719811625433,0));
#14543=FACE_SURFACE('',(#14548),#14544,.T.);
#14544=PLANE('',#14545);
#14545=AXIS2_PLACEMENT_3D('',#564,#14546,#14547);
#14546=DIRECTION('',(0,0,1));
#14547=DIRECTION('',(-0.9870137295764507,0.16063591636861557,0));
#14548=FACE_BOUND('',#14549,.T.);
#14549=EDGE_LOOP('',(#14550,#14551,#14552));
#14550=ORIENTED_EDGE('',*,*,#14553,.T.);
#14551=ORIENTED_EDGE('',*,*,#14554,.T.);
#14552=ORIENTED_EDGE('',*,*,#14555,.T.);
#14553=EDGE_CURVE('',#565,#563,#14556,.F.);
#14554=EDGE_CURVE('',#563,#719,#14557,.T.);
#14555=EDGE_CURVE('',#719,#565,#14558,.T.);
#14556=LINE('',#564,#14559);
#14557=LINE('',#562,#14560);
#14558=LINE('',#718,#14561);
#14559=VECTOR('',#14562,1.0);
#14560=VECTOR('',#14563,1.0);
#14561=VECTOR('',#14564,1.0);
#14562=DIRECTION('',(-0.9870137295764507,0.16063591636861557,0));
#14563=DIRECTION('',(0.5320390592813571,-0.846719811625433,0));
#14564=DIRECTION('',(0.9957419006799896,-0.09218496206107418,0));
#14565=FACE_SURFACE('',(#14570),#14566,.T.);
#14566=PLANE('',#14567);
#14567=AXIS2_PLACEMENT_3D('',#564,#14568,#14569);
#14568=DIRECTION('',(0,0,1));
#14569=DIRECTION('',(-0.9957419006799896,0.09218496206107418,0));
#14570=FACE_BOUND('',#14571,.T.);
#14571=EDGE_LOOP('',(#14572,#14573,#14574));
#14572=ORIENTED_EDGE('',*,*,#14575,.T.);
#14573=ORIENTED_EDGE('',*,*,#14576,.T.);
#14574=ORIENTED_EDGE('',*,*,#14577,.T.);
#14575=EDGE_CURVE('',#565,#719,#14578,.F.);
#14576=EDGE_CURVE('',#719,#715,#14579,.T.);
#14577=EDGE_CURVE('',#715,#565,#14580,.T.);
#14578=LINE('',#564,#14581);
#14579=LINE('',#718,#14582);
#14580=LINE('',#714,#14583);
#14581=VECTOR('',#14584,1.0);
#14582=VECTOR('',#14585,1.0);
#14583=VECTOR('',#14586,1.0);
#14584=DIRECTION('',(-0.9957419006799896,0.09218496206107418,0));
#14585=DIRECTION('',(0.3304086985508064,-0.9438379585087487,0));
#14586=DIRECTION('',(0.9999842103628749,-0.005619521771247625,0));
#14587=FACE_SURFACE('',(#14592),#14588,.T.);
#14588=PLANE('',#14589);
#14589=AXIS2_PLACEMENT_3D('',#564,#14590,#14591);
#14590=DIRECTION('',(0,0,1));
#14591=DIRECTION('',(-0.9999842103628749,0.005619521771247625,0));
#14592=FACE_BOUND('',#14593,.T.);
#14593=EDGE_LOOP('',(#14594,#14595,#14596));
#14594=ORIENTED_EDGE('',*,*,#14597,.T.);
#14595=ORIENTED_EDGE('',*,*,#14598,.T.);
#14596=ORIENTED_EDGE('',*,*,#14599,.T.);
#14597=EDGE_CURVE('',#565,#715,#14600,.F.);
#14598=EDGE_CURVE('',#715,#709,#14601,.T.);
#14599=EDGE_CURVE('',#709,#565,#14602,.T.);
#14600=LINE('',#564,#14603);
#14601=LINE('',#714,#14604);
#14602=LINE('',#708,#14605);
#14603=VECTOR('',#14606,1.0);
#14604=VECTOR('',#14607,1.0);
#14605=VECTOR('',#14608,1.0);
#14606=DIRECTION('',(-0.9999842103628749,0.005619521771247625,0));
#14607=DIRECTION('',(0.983557704024922,-0.1805941384796961,0));
#14608=DIRECTION('',(0,1,0));
#14609=FACE_SURFACE('',(#14614),#14610,.T.);
#14610=PLANE('',#14611);
#14611=AXIS2_PLACEMENT_3D('',#568,#14612,#14613);
#14612=DIRECTION('',(-0.9921122044164546,-0.1253529969642643,0));
#14613=DIRECTION('',(0,0,1));
#14614=FACE_BOUND('',#14615,.T.);
#14615=EDGE_LOOP('',(#14616,#14617,#14618));
#14616=ORIENTED_EDGE('',*,*,#14619,.T.);
#14617=ORIENTED_EDGE('',*,*,#14620,.T.);
#14618=ORIENTED_EDGE('',*,*,#14621,.T.);
#14619=EDGE_CURVE('',#569,#571,#14622,.F.);
#14620=EDGE_CURVE('',#571,#609,#14623,.T.);
#14621=EDGE_CURVE('',#609,#569,#14624,.T.);
#14622=LINE('',#568,#14625);
#14623=LINE('',#570,#14626);
#14624=LINE('',#608,#14627);
#14625=VECTOR('',#14628,1.0);
#14626=VECTOR('',#14629,1.0);
#14627=VECTOR('',#14630,1.0);
#14628=DIRECTION('',(0,0,1));
#14629=DIRECTION('',(-0.006550283484536049,0.05184252746065884,-0.998633789801228));
#14630=DIRECTION('',(0.1253529969642643,-0.9921122044164548,0));
#14631=FACE_SURFACE('',(#14636),#14632,.T.);
#14632=PLANE('',#14633);
#14633=AXIS2_PLACEMENT_3D('',#568,#14634,#14635);
#14634=DIRECTION('',(0,0,-1));
#14635=DIRECTION('',(-0.1253529969642643,0.9921122044164548,0));
#14636=FACE_BOUND('',#14637,.T.);
#14637=EDGE_LOOP('',(#14638,#14639,#14640));
#14638=ORIENTED_EDGE('',*,*,#14641,.T.);
#14639=ORIENTED_EDGE('',*,*,#14642,.T.);
#14640=ORIENTED_EDGE('',*,*,#14643,.T.);
#14641=EDGE_CURVE('',#569,#609,#14644,.F.);
#14642=EDGE_CURVE('',#609,#721,#14645,.T.);
#14643=EDGE_CURVE('',#721,#569,#14646,.T.);
#14644=LINE('',#568,#14647);
#14645=LINE('',#608,#14648);
#14646=LINE('',#720,#14649);
#14647=VECTOR('',#14650,1.0);
#14648=VECTOR('',#14651,1.0);
#14649=VECTOR('',#14652,1.0);
#14650=DIRECTION('',(-0.1253529969642643,0.9921122044164548,0));
#14651=DIRECTION('',(0.9999841913496039,-0.005622904132097451,0));
#14652=DIRECTION('',(-0.9850524809572646,-0.17225449126202125,0));
#14653=FACE_SURFACE('',(#14658),#14654,.T.);
#14654=PLANE('',#14655);
#14655=AXIS2_PLACEMENT_3D('',#568,#14656,#14657);
#14656=DIRECTION('',(0,0,-1));
#14657=DIRECTION('',(0.9850524809572646,0.17225449126202125,0));
#14658=FACE_BOUND('',#14659,.T.);
#14659=EDGE_LOOP('',(#14660,#14661,#14662));
#14660=ORIENTED_EDGE('',*,*,#14663,.T.);
#14661=ORIENTED_EDGE('',*,*,#14664,.T.);
#14662=ORIENTED_EDGE('',*,*,#14665,.T.);
#14663=EDGE_CURVE('',#569,#721,#14666,.F.);
#14664=EDGE_CURVE('',#721,#723,#14667,.T.);
#14665=EDGE_CURVE('',#723,#569,#14668,.T.);
#14666=LINE('',#568,#14669);
#14667=LINE('',#720,#14670);
#14668=LINE('',#722,#14671);
#14669=VECTOR('',#14672,1.0);
#14670=VECTOR('',#14673,1.0);
#14671=VECTOR('',#14674,1.0);
#14672=DIRECTION('',(0.9850524809572646,0.17225449126202125,0));
#14673=DIRECTION('',(0.3302791960364958,-0.9438832833912708,0));
#14674=DIRECTION('',(-0.9967865663825448,-0.08010331503312847,0));
#14675=FACE_SURFACE('',(#14680),#14676,.T.);
#14676=PLANE('',#14677);
#14677=AXIS2_PLACEMENT_3D('',#568,#14678,#14679);
#14678=DIRECTION('',(0,0,-1));
#14679=DIRECTION('',(0.9999998999547477,0.0004473147603888061,0));
#14680=FACE_BOUND('',#14681,.T.);
#14681=EDGE_LOOP('',(#14682,#14683,#14684));
#14682=ORIENTED_EDGE('',*,*,#14685,.T.);
#14683=ORIENTED_EDGE('',*,*,#14686,.T.);
#14684=ORIENTED_EDGE('',*,*,#14687,.T.);
#14685=EDGE_CURVE('',#569,#725,#14688,.F.);
#14686=EDGE_CURVE('',#725,#603,#14689,.T.);
#14687=EDGE_CURVE('',#603,#569,#14690,.T.);
#14688=LINE('',#568,#14691);
#14689=LINE('',#724,#14692);
#14690=LINE('',#602,#14693);
#14691=VECTOR('',#14694,1.0);
#14692=VECTOR('',#14695,1.0);
#14693=VECTOR('',#14696,1.0);
#14694=DIRECTION('',(0.9999998999547477,0.0004473147603888061,0));
#14695=DIRECTION('',(0.7070886094735803,-0.7071249524325376,0));
#14696=DIRECTION('',(-0.9982455944238252,0.05920923250156051,0));
#14697=FACE_SURFACE('',(#14702),#14698,.T.);
#14698=PLANE('',#14699);
#14699=AXIS2_PLACEMENT_3D('',#568,#14700,#14701);
#14700=DIRECTION('',(0,0,-1));
#14701=DIRECTION('',(0.9967865663825448,0.08010331503312847,0));
#14702=FACE_BOUND('',#14703,.T.);
#14703=EDGE_LOOP('',(#14704,#14705,#14706));
#14704=ORIENTED_EDGE('',*,*,#14707,.T.);
#14705=ORIENTED_EDGE('',*,*,#14708,.T.);
#14706=ORIENTED_EDGE('',*,*,#14709,.T.);
#14707=EDGE_CURVE('',#569,#723,#14710,.F.);
#14708=EDGE_CURVE('',#723,#725,#14711,.T.);
#14709=EDGE_CURVE('',#725,#569,#14712,.T.);
#14710=LINE('',#568,#14713);
#14711=LINE('',#722,#14714);
#14712=LINE('',#724,#14715);
#14713=VECTOR('',#14716,1.0);
#14714=VECTOR('',#14717,1.0);
#14715=VECTOR('',#14718,1.0);
#14716=DIRECTION('',(0.9967865663825448,0.08010331503312847,0));
#14717=DIRECTION('',(0.5320390592813571,-0.846719811625433,0));
#14718=DIRECTION('',(-0.9999998999547477,-0.0004473147603888061,0));
#14719=FACE_SURFACE('',(#14724),#14720,.T.);
#14720=PLANE('',#14721);
#14721=AXIS2_PLACEMENT_3D('',#570,#14722,#14723);
#14722=DIRECTION('',(0,0,1));
#14723=DIRECTION('',(0.9967865663825448,0.08010331503312847,0));
#14724=FACE_BOUND('',#14725,.T.);
#14725=EDGE_LOOP('',(#14726,#14727,#14728));
#14726=ORIENTED_EDGE('',*,*,#14729,.T.);
#14727=ORIENTED_EDGE('',*,*,#14730,.T.);
#14728=ORIENTED_EDGE('',*,*,#14731,.T.);
#14729=EDGE_CURVE('',#571,#727,#14732,.F.);
#14730=EDGE_CURVE('',#727,#707,#14733,.T.);
#14731=EDGE_CURVE('',#707,#571,#14734,.T.);
#14732=LINE('',#570,#14735);
#14733=LINE('',#726,#14736);
#14734=LINE('',#706,#14737);
#14735=VECTOR('',#14738,1.0);
#14736=VECTOR('',#14739,1.0);
#14737=VECTOR('',#14740,1.0);
#14738=DIRECTION('',(0.9967865663825448,0.08010331503312847,0));
#14739=DIRECTION('',(-0.3302791960364958,0.9438832833912708,0));
#14740=DIRECTION('',(-0.9850524809572646,-0.17225449126202125,0));
#14741=FACE_SURFACE('',(#14746),#14742,.T.);
#14742=PLANE('',#14743);
#14743=AXIS2_PLACEMENT_3D('',#570,#14744,#14745);
#14744=DIRECTION('',(-0,0,1));
#14745=DIRECTION('',(0.9982455944238252,-0.05920923250156051,0));
#14746=FACE_BOUND('',#14747,.T.);
#14747=EDGE_LOOP('',(#14748,#14749,#14750));
#14748=ORIENTED_EDGE('',*,*,#14751,.T.);
#14749=ORIENTED_EDGE('',*,*,#14752,.T.);
#14750=ORIENTED_EDGE('',*,*,#14753,.T.);
#14751=EDGE_CURVE('',#571,#573,#14754,.F.);
#14752=EDGE_CURVE('',#573,#729,#14755,.T.);
#14753=EDGE_CURVE('',#729,#571,#14756,.T.);
#14754=LINE('',#570,#14757);
#14755=LINE('',#572,#14758);
#14756=LINE('',#728,#14759);
#14757=VECTOR('',#14760,1.0);
#14758=VECTOR('',#14761,1.0);
#14759=VECTOR('',#14762,1.0);
#14760=DIRECTION('',(0.9982455944238252,-0.05920923250156051,0));
#14761=DIRECTION('',(-0.7070886094735803,0.7071249524325376,0));
#14762=DIRECTION('',(-0.9999998999547477,-0.0004473147603888061,0));
#14763=FACE_SURFACE('',(#14768),#14764,.T.);
#14764=PLANE('',#14765);
#14765=AXIS2_PLACEMENT_3D('',#570,#14766,#14767);
#14766=DIRECTION('',(0,0,1));
#14767=DIRECTION('',(0.9999998999547477,0.0004473147603888061,0));
#14768=FACE_BOUND('',#14769,.T.);
#14769=EDGE_LOOP('',(#14770,#14771,#14772));
#14770=ORIENTED_EDGE('',*,*,#14773,.T.);
#14771=ORIENTED_EDGE('',*,*,#14774,.T.);
#14772=ORIENTED_EDGE('',*,*,#14775,.T.);
#14773=EDGE_CURVE('',#571,#729,#14776,.F.);
#14774=EDGE_CURVE('',#729,#727,#14777,.T.);
#14775=EDGE_CURVE('',#727,#571,#14778,.T.);
#14776=LINE('',#570,#14779);
#14777=LINE('',#728,#14780);
#14778=LINE('',#726,#14781);
#14779=VECTOR('',#14782,1.0);
#14780=VECTOR('',#14783,1.0);
#14781=VECTOR('',#14784,1.0);
#14782=DIRECTION('',(0.9999998999547477,0.0004473147603888061,0));
#14783=DIRECTION('',(-0.5320390592813571,0.846719811625433,0));
#14784=DIRECTION('',(-0.9967865663825448,-0.08010331503312847,0));
#14785=FACE_SURFACE('',(#14790),#14786,.T.);
#14786=PLANE('',#14787);
#14787=AXIS2_PLACEMENT_3D('',#572,#14788,#14789);
#14788=DIRECTION('',(0.7071249524325376,0.7070886094735803,0));
#14789=DIRECTION('',(0,0,-1));
#14790=FACE_BOUND('',#14791,.T.);
#14791=EDGE_LOOP('',(#14792,#14793,#14794));
#14792=ORIENTED_EDGE('',*,*,#14795,.T.);
#14793=ORIENTED_EDGE('',*,*,#14796,.T.);
#14794=ORIENTED_EDGE('',*,*,#14797,.T.);
#14795=EDGE_CURVE('',#573,#603,#14798,.F.);
#14796=EDGE_CURVE('',#603,#725,#14799,.T.);
#14797=EDGE_CURVE('',#725,#573,#14800,.T.);
#14798=LINE('',#572,#14801);
#14799=LINE('',#602,#14802);
#14800=LINE('',#724,#14803);
#14801=VECTOR('',#14804,1.0);
#14802=VECTOR('',#14805,1.0);
#14803=VECTOR('',#14806,1.0);
#14804=DIRECTION('',(0,0,-1));
#14805=DIRECTION('',(-0.7070886094735803,0.7071249524325376,0));
#14806=DIRECTION('',(0.0197839182257143,-0.019784935080063897,0.9996084998255647));
#14807=FACE_SURFACE('',(#14812),#14808,.T.);
#14808=PLANE('',#14809);
#14809=AXIS2_PLACEMENT_3D('',#572,#14810,#14811);
#14810=DIRECTION('',(0.7071249524325376,0.7070886094735803,0));
#14811=DIRECTION('',(-0.0197839182257143,0.019784935080063897,-0.9996084998255647));
#14812=FACE_BOUND('',#14813,.T.);
#14813=EDGE_LOOP('',(#14814,#14815,#14816));
#14814=ORIENTED_EDGE('',*,*,#14817,.T.);
#14815=ORIENTED_EDGE('',*,*,#14818,.T.);
#14816=ORIENTED_EDGE('',*,*,#14819,.T.);
#14817=EDGE_CURVE('',#573,#725,#14820,.F.);
#14818=EDGE_CURVE('',#725,#729,#14821,.T.);
#14819=EDGE_CURVE('',#729,#573,#14822,.T.);
#14820=LINE('',#572,#14823);
#14821=LINE('',#724,#14824);
#14822=LINE('',#728,#14825);
#14823=VECTOR('',#14826,1.0);
#14824=VECTOR('',#14827,1.0);
#14825=VECTOR('',#14828,1.0);
#14826=DIRECTION('',(-0.0197839182257143,0.019784935080063897,-0.9996084998255647));
#14827=DIRECTION('',(0,0,1));
#14828=DIRECTION('',(0.7070886094735803,-0.7071249524325376,0));
#14829=FACE_SURFACE('',(#14834),#14830,.T.);
#14830=PLANE('',#14831);
#14831=AXIS2_PLACEMENT_3D('',#574,#14832,#14833);
#14832=DIRECTION('',(0.5319966332556344,0.8467464686697371,0));
#14833=DIRECTION('',(-0.023692705371316427,0.014885730211618075,-0.9996084587218411));
#14834=FACE_BOUND('',#14835,.T.);
#14835=EDGE_LOOP('',(#14836,#14837,#14838));
#14836=ORIENTED_EDGE('',*,*,#14839,.T.);
#14837=ORIENTED_EDGE('',*,*,#14840,.T.);
#14838=ORIENTED_EDGE('',*,*,#14841,.T.);
#14839=EDGE_CURVE('',#575,#603,#14842,.F.);
#14840=EDGE_CURVE('',#603,#573,#14843,.T.);
#14841=EDGE_CURVE('',#573,#575,#14844,.T.);
#14842=LINE('',#574,#14845);
#14843=LINE('',#602,#14846);
#14844=LINE('',#572,#14847);
#14845=VECTOR('',#14848,1.0);
#14846=VECTOR('',#14849,1.0);
#14847=VECTOR('',#14850,1.0);
#14848=DIRECTION('',(-0.023692705371316427,0.014885730211618075,-0.9996084587218411));
#14849=DIRECTION('',(0,0,1));
#14850=DIRECTION('',(0.8467464686697371,-0.5319966332556344,0));
#14851=FACE_SURFACE('',(#14856),#14852,.T.);
#14852=PLANE('',#14853);
#14853=AXIS2_PLACEMENT_3D('',#574,#14854,#14855);
#14854=DIRECTION('',(0.5319966332556344,0.8467464686697371,0));
#14855=DIRECTION('',(0,0,-1));
#14856=FACE_BOUND('',#14857,.T.);
#14857=EDGE_LOOP('',(#14858,#14859,#14860));
#14858=ORIENTED_EDGE('',*,*,#14861,.T.);
#14859=ORIENTED_EDGE('',*,*,#14862,.T.);
#14860=ORIENTED_EDGE('',*,*,#14863,.T.);
#14861=EDGE_CURVE('',#575,#605,#14864,.F.);
#14862=EDGE_CURVE('',#605,#603,#14865,.T.);
#14863=EDGE_CURVE('',#603,#575,#14866,.T.);
#14864=LINE('',#574,#14867);
#14865=LINE('',#604,#14868);
#14866=LINE('',#602,#14869);
#14867=VECTOR('',#14870,1.0);
#14868=VECTOR('',#14871,1.0);
#14869=VECTOR('',#14872,1.0);
#14870=DIRECTION('',(0,0,-1));
#14871=DIRECTION('',(-0.8467464686697371,0.5319966332556344,0));
#14872=DIRECTION('',(0.023692705371316427,-0.014885730211618075,0.9996084587218411));
#14873=FACE_SURFACE('',(#14878),#14874,.T.);
#14874=PLANE('',#14875);
#14875=AXIS2_PLACEMENT_3D('',#576,#14876,#14877);
#14876=DIRECTION('',(0.3302791960364958,0.9438832833912708,0));
#14877=DIRECTION('',(-0.026409740816185065,0.009241172206125439,-0.9996084865217375));
#14878=FACE_BOUND('',#14879,.T.);
#14879=EDGE_LOOP('',(#14880,#14881,#14882));
#14880=ORIENTED_EDGE('',*,*,#14883,.T.);
#14881=ORIENTED_EDGE('',*,*,#14884,.T.);
#14882=ORIENTED_EDGE('',*,*,#14885,.T.);
#14883=EDGE_CURVE('',#577,#605,#14886,.F.);
#14884=EDGE_CURVE('',#605,#575,#14887,.T.);
#14885=EDGE_CURVE('',#575,#577,#14888,.T.);
#14886=LINE('',#576,#14889);
#14887=LINE('',#604,#14890);
#14888=LINE('',#574,#14891);
#14889=VECTOR('',#14892,1.0);
#14890=VECTOR('',#14893,1.0);
#14891=VECTOR('',#14894,1.0);
#14892=DIRECTION('',(-0.026409740816185065,0.009241172206125439,-0.9996084865217375));
#14893=DIRECTION('',(0,0,1));
#14894=DIRECTION('',(0.9438832833912708,-0.3302791960364958,0));
#14895=FACE_SURFACE('',(#14900),#14896,.T.);
#14896=PLANE('',#14897);
#14897=AXIS2_PLACEMENT_3D('',#576,#14898,#14899);
#14898=DIRECTION('',(0.3302791960364958,0.9438832833912708,0));
#14899=DIRECTION('',(0,0,-1));
#14900=FACE_BOUND('',#14901,.T.);
#14901=EDGE_LOOP('',(#14902,#14903,#14904));
#14902=ORIENTED_EDGE('',*,*,#14905,.T.);
#14903=ORIENTED_EDGE('',*,*,#14906,.T.);
#14904=ORIENTED_EDGE('',*,*,#14907,.T.);
#14905=EDGE_CURVE('',#577,#579,#14908,.F.);
#14906=EDGE_CURVE('',#579,#605,#14909,.T.);
#14907=EDGE_CURVE('',#605,#577,#14910,.T.);
#14908=LINE('',#576,#14911);
#14909=LINE('',#578,#14912);
#14910=LINE('',#604,#14913);
#14911=VECTOR('',#14914,1.0);
#14912=VECTOR('',#14915,1.0);
#14913=VECTOR('',#14916,1.0);
#14914=DIRECTION('',(0,0,-1));
#14915=DIRECTION('',(-0.9438832833912708,0.3302791960364958,0));
#14916=DIRECTION('',(0.026409740816185065,-0.009241172206125439,0.9996084865217375));
#14917=FACE_SURFACE('',(#14922),#14918,.T.);
#14918=PLANE('',#14919);
#14919=AXIS2_PLACEMENT_3D('',#606,#14920,#14921);
#14920=DIRECTION('',(-0.3302791960364958,0.9438832833912708,0));
#14921=DIRECTION('',(0,0,1));
#14922=FACE_BOUND('',#14923,.T.);
#14923=EDGE_LOOP('',(#14924,#14925,#14926));
#14924=ORIENTED_EDGE('',*,*,#14927,.T.);
#14925=ORIENTED_EDGE('',*,*,#14928,.T.);
#14926=ORIENTED_EDGE('',*,*,#14929,.T.);
#14927=EDGE_CURVE('',#607,#581,#14930,.F.);
#14928=EDGE_CURVE('',#581,#701,#14931,.T.);
#14929=EDGE_CURVE('',#701,#607,#14932,.T.);
#14930=LINE('',#606,#14933);
#14931=LINE('',#580,#14934);
#14932=LINE('',#700,#14935);
#14933=VECTOR('',#14936,1.0);
#14934=VECTOR('',#14937,1.0);
#14935=VECTOR('',#14938,1.0);
#14936=DIRECTION('',(0,0,1));
#14937=DIRECTION('',(0.9438832833912708,0.3302791960364958,0));
#14938=DIRECTION('',(-0.026409740816185065,-0.009241172206125439,-0.9996084865217375));
#14939=FACE_SURFACE('',(#14944),#14940,.T.);
#14940=PLANE('',#14941);
#14941=AXIS2_PLACEMENT_3D('',#584,#14942,#14943);
#14942=DIRECTION('',(0.30901550041010617,-0.9510561988085809,-0.0012358050269351956));
#14943=DIRECTION('',(0.9510569250426143,0.30901573637678564,0));
#14944=FACE_BOUND('',#14945,.T.);
#14945=EDGE_LOOP('',(#14946,#14947,#14948));
#14946=ORIENTED_EDGE('',*,*,#14949,.T.);
#14947=ORIENTED_EDGE('',*,*,#14950,.T.);
#14948=ORIENTED_EDGE('',*,*,#14951,.T.);
#14949=EDGE_CURVE('',#585,#583,#14952,.F.);
#14950=EDGE_CURVE('',#583,#631,#14953,.T.);
#14951=EDGE_CURVE('',#631,#585,#14954,.T.);
#14952=LINE('',#584,#14955);
#14953=LINE('',#582,#14956);
#14954=LINE('',#630,#14957);
#14955=VECTOR('',#14958,1.0);
#14956=VECTOR('',#14959,1.0);
#14957=VECTOR('',#14960,1.0);
#14958=DIRECTION('',(0.9510569250426143,0.30901573637678564,0));
#14959=DIRECTION('',(-0.02080311440579185,-0.008058390526142475,0.9997511154148054));
#14960=DIRECTION('',(-0.16060653639184586,-0.0509031643349813,-0.985705031096474));
#14961=FACE_SURFACE('',(#14966),#14962,.T.);
#14962=PLANE('',#14963);
#14963=AXIS2_PLACEMENT_3D('',#582,#14964,#14965);
#14964=DIRECTION('',(0.42579369759839236,-0.9048188980516497,-0.0015775975681833923));
#14965=DIRECTION('',(0.9048200240167613,0.4257942274600578,0));
#14966=FACE_BOUND('',#14967,.T.);
#14967=EDGE_LOOP('',(#14968,#14969,#14970));
#14968=ORIENTED_EDGE('',*,*,#14971,.T.);
#14969=ORIENTED_EDGE('',*,*,#14972,.T.);
#14970=ORIENTED_EDGE('',*,*,#14973,.T.);
#14971=EDGE_CURVE('',#583,#589,#14974,.F.);
#14972=EDGE_CURVE('',#589,#633,#14975,.T.);
#14973=EDGE_CURVE('',#633,#583,#14976,.T.);
#14974=LINE('',#582,#14977);
#14975=LINE('',#588,#14978);
#14976=LINE('',#632,#14979);
#14977=VECTOR('',#14980,1.0);
#14978=VECTOR('',#14981,1.0);
#14979=VECTOR('',#14982,1.0);
#14980=DIRECTION('',(0.9048200240167613,0.4257942274600578,0));
#14981=DIRECTION('',(-0.026190341496145353,-0.01406754724570766,0.9995579873758227));
#14982=DIRECTION('',(-0.14665548101270304,-0.06729308468063418,-0.9868960485497436));
#14983=FACE_SURFACE('',(#14988),#14984,.T.);
#14984=PLANE('',#14985);
#14985=AXIS2_PLACEMENT_3D('',#632,#14986,#14987);
#14986=DIRECTION('',(0.41041818775991407,-0.9118966473262643,0.0011898533467088375));
#14987=DIRECTION('',(-0.9118972928362388,-0.4104184782851997,0));
#14988=FACE_BOUND('',#14989,.T.);
#14989=EDGE_LOOP('',(#14990,#14991,#14992));
#14990=ORIENTED_EDGE('',*,*,#14993,.T.);
#14991=ORIENTED_EDGE('',*,*,#14994,.T.);
#14992=ORIENTED_EDGE('',*,*,#14995,.T.);
#14993=EDGE_CURVE('',#633,#631,#14996,.F.);
#14994=EDGE_CURVE('',#631,#583,#14997,.T.);
#14995=EDGE_CURVE('',#583,#633,#14998,.T.);
#14996=LINE('',#632,#14999);
#14997=LINE('',#630,#15000);
#14998=LINE('',#582,#15001);
#14999=VECTOR('',#15002,1.0);
#15000=VECTOR('',#15003,1.0);
#15001=VECTOR('',#15004,1.0);
#15002=DIRECTION('',(-0.9118972928362388,-0.4104184782851997,0));
#15003=DIRECTION('',(0.02080311440579185,0.008058390526142475,-0.9997511154148054));
#15004=DIRECTION('',(0.14665548101270304,0.06729308468063418,0.9868960485497436));
#15005=FACE_SURFACE('',(#15010),#15006,.T.);
#15006=PLANE('',#15007);
#15007=AXIS2_PLACEMENT_3D('',#586,#15008,#15009);
#15008=DIRECTION('',(0.18738628159568327,-0.9822859255593613,-0.0008613464647044746));
#15009=DIRECTION('',(0.9822862899472372,0.1873863511083245,0));
#15010=FACE_BOUND('',#15011,.T.);
#15011=EDGE_LOOP('',(#15012,#15013,#15014));
#15012=ORIENTED_EDGE('',*,*,#15015,.T.);
#15013=ORIENTED_EDGE('',*,*,#15016,.T.);
#15014=ORIENTED_EDGE('',*,*,#15017,.T.);
#15015=EDGE_CURVE('',#587,#585,#15018,.F.);
#15016=EDGE_CURVE('',#585,#629,#15019,.T.);
#15017=EDGE_CURVE('',#629,#587,#15020,.T.);
#15018=LINE('',#586,#15021);
#15019=LINE('',#584,#15022);
#15020=LINE('',#628,#15023);
#15021=VECTOR('',#15024,1.0);
#15022=VECTOR('',#15025,1.0);
#15023=VECTOR('',#15026,1.0);
#15024=DIRECTION('',(0.9822862899472372,0.1873863511083245,0));
#15025=DIRECTION('',(-0.01442148206927683,-0.003627904083052453,0.9998894234698602));
#15026=DIRECTION('',(-0.17263608121263846,-0.03206975523383339,-0.9844634651741959));
#15027=FACE_SURFACE('',(#15032),#15028,.T.);
#15028=PLANE('',#15029);
#15029=AXIS2_PLACEMENT_3D('',#630,#15030,#15031);
#15030=DIRECTION('',(0.2975149845613472,-0.9547167904170447,0.0008270775284431636));
#15031=DIRECTION('',(-0.9547171169576777,-0.2975150863200387,0));
#15032=FACE_BOUND('',#15033,.T.);
#15033=EDGE_LOOP('',(#15034,#15035,#15036));
#15034=ORIENTED_EDGE('',*,*,#15037,.T.);
#15035=ORIENTED_EDGE('',*,*,#15038,.T.);
#15036=ORIENTED_EDGE('',*,*,#15039,.T.);
#15037=EDGE_CURVE('',#631,#629,#15040,.F.);
#15038=EDGE_CURVE('',#629,#585,#15041,.T.);
#15039=EDGE_CURVE('',#585,#631,#15042,.T.);
#15040=LINE('',#630,#15043);
#15041=LINE('',#628,#15044);
#15042=LINE('',#584,#15045);
#15043=VECTOR('',#15046,1.0);
#15044=VECTOR('',#15047,1.0);
#15045=VECTOR('',#15048,1.0);
#15046=DIRECTION('',(-0.9547171169576777,-0.2975150863200387,0));
#15047=DIRECTION('',(0.01442148206927683,0.003627904083052453,-0.9998894234698602));
#15048=DIRECTION('',(0.16060653639184586,0.0509031643349813,0.985705031096474));
#15049=FACE_SURFACE('',(#15054),#15050,.T.);
#15050=PLANE('',#15051);
#15051=AXIS2_PLACEMENT_3D('',#588,#15052,#15053);
#15052=DIRECTION('',(0.5358501293032726,-0.8443109866984443,-0.0018964877973474442));
#15053=DIRECTION('',(0.8443125050548351,0.5358510929428333,0));
#15054=FACE_BOUND('',#15055,.T.);
#15055=EDGE_LOOP('',(#15056,#15057,#15058));
#15056=ORIENTED_EDGE('',*,*,#15059,.T.);
#15057=ORIENTED_EDGE('',*,*,#15060,.T.);
#15058=ORIENTED_EDGE('',*,*,#15061,.T.);
#15059=EDGE_CURVE('',#589,#591,#15062,.F.);
#15060=EDGE_CURVE('',#591,#635,#15063,.T.);
#15061=EDGE_CURVE('',#635,#589,#15064,.T.);
#15062=LINE('',#588,#15065);
#15063=LINE('',#590,#15066);
#15064=LINE('',#634,#15067);
#15065=VECTOR('',#15068,1.0);
#15066=VECTOR('',#15069,1.0);
#15067=VECTOR('',#15070,1.0);
#15068=DIRECTION('',(0.8443125050548351,0.5358510929428333,0));
#15069=DIRECTION('',(-0.030297597072097456,-0.021473309322283144,0.9993102384136802));
#15070=DIRECTION('',(-0.13120865198901469,-0.08105351759509191,-0.9880357366657786));
#15071=FACE_SURFACE('',(#15076),#15072,.T.);
#15072=PLANE('',#15073);
#15073=AXIS2_PLACEMENT_3D('',#634,#15074,#15075);
#15074=DIRECTION('',(0.5172989344889325,-0.8558034428163784,0.0015098477567676656));
#15075=DIRECTION('',(-0.855804418280033,-0.5172995241176765,0));
#15076=FACE_BOUND('',#15077,.T.);
#15077=EDGE_LOOP('',(#15078,#15079,#15080));
#15078=ORIENTED_EDGE('',*,*,#15081,.T.);
#15079=ORIENTED_EDGE('',*,*,#15082,.T.);
#15080=ORIENTED_EDGE('',*,*,#15083,.T.);
#15081=EDGE_CURVE('',#635,#633,#15084,.F.);
#15082=EDGE_CURVE('',#633,#589,#15085,.T.);
#15083=EDGE_CURVE('',#589,#635,#15086,.T.);
#15084=LINE('',#634,#15087);
#15085=LINE('',#632,#15088);
#15086=LINE('',#588,#15089);
#15087=VECTOR('',#15090,1.0);
#15088=VECTOR('',#15091,1.0);
#15089=VECTOR('',#15092,1.0);
#15090=DIRECTION('',(-0.855804418280033,-0.5172995241176765,0));
#15091=DIRECTION('',(0.026190341496145353,0.01406754724570766,-0.9995579873758227));
#15092=DIRECTION('',(0.13120865198901469,0.08105351759509191,0.9880357366657786));
#15093=FACE_SURFACE('',(#15098),#15094,.T.);
#15094=PLANE('',#15095);
#15095=AXIS2_PLACEMENT_3D('',#590,#15096,#15097);
#15096=DIRECTION('',(0.6374022864205592,-0.7705281512920973,-0.0021664099857725853));
#15097=DIRECTION('',(0.7705299594707639,0.6374037821961703,0));
#15098=FACE_BOUND('',#15099,.T.);
#15099=EDGE_LOOP('',(#15100,#15101,#15102));
#15100=ORIENTED_EDGE('',*,*,#15103,.T.);
#15101=ORIENTED_EDGE('',*,*,#15104,.T.);
#15102=ORIENTED_EDGE('',*,*,#15105,.T.);
#15103=EDGE_CURVE('',#591,#593,#15106,.F.);
#15104=EDGE_CURVE('',#593,#637,#15107,.T.);
#15105=EDGE_CURVE('',#637,#591,#15108,.T.);
#15106=LINE('',#590,#15109);
#15107=LINE('',#592,#15110);
#15108=LINE('',#636,#15111);
#15109=VECTOR('',#15112,1.0);
#15110=VECTOR('',#15113,1.0);
#15111=VECTOR('',#15114,1.0);
#15112=DIRECTION('',(0.7705299594707639,0.6374037821961703,0));
#15113=DIRECTION('',(-0.03291498931313667,-0.030036991501557114,0.9990066979855797));
#15114=DIRECTION('',(-0.11466515258575667,-0.09207317510798366,-0.9891281176915454));
#15115=FACE_SURFACE('',(#15120),#15116,.T.);
#15116=PLANE('',#15117);
#15117=AXIS2_PLACEMENT_3D('',#636,#15118,#15119);
#15118=DIRECTION('',(0.6167127819305553,-0.7871862338463187,0.0017826514870367112));
#15119=DIRECTION('',(-0.7871874846277396,-0.6167137618421145,0));
#15120=FACE_BOUND('',#15121,.T.);
#15121=EDGE_LOOP('',(#15122,#15123,#15124));
#15122=ORIENTED_EDGE('',*,*,#15125,.T.);
#15123=ORIENTED_EDGE('',*,*,#15126,.T.);
#15124=ORIENTED_EDGE('',*,*,#15127,.T.);
#15125=EDGE_CURVE('',#637,#635,#15128,.F.);
#15126=EDGE_CURVE('',#635,#591,#15129,.T.);
#15127=EDGE_CURVE('',#591,#637,#15130,.T.);
#15128=LINE('',#636,#15131);
#15129=LINE('',#634,#15132);
#15130=LINE('',#590,#15133);
#15131=VECTOR('',#15134,1.0);
#15132=VECTOR('',#15135,1.0);
#15133=VECTOR('',#15136,1.0);
#15134=DIRECTION('',(-0.7871874846277396,-0.6167137618421145,0));
#15135=DIRECTION('',(0.030297597072097456,0.021473309322283144,-0.9993102384136802));
#15136=DIRECTION('',(0.11466515258575667,0.09207317510798366,0.9891281176915454));
#15137=FACE_SURFACE('',(#15142),#15138,.T.);
#15138=PLANE('',#15139);
#15139=AXIS2_PLACEMENT_3D('',#592,#15140,#15141);
#15140=DIRECTION('',(0.728928012571536,-0.6845862039821642,-0.002383653876109053));
#15141=DIRECTION('',(0.6845881488333845,0.7289300833940657,0));
#15142=FACE_BOUND('',#15143,.T.);
#15143=EDGE_LOOP('',(#15144,#15145,#15146));
#15144=ORIENTED_EDGE('',*,*,#15147,.T.);
#15145=ORIENTED_EDGE('',*,*,#15148,.T.);
#15146=ORIENTED_EDGE('',*,*,#15149,.T.);
#15147=EDGE_CURVE('',#593,#595,#15150,.F.);
#15148=EDGE_CURVE('',#595,#639,#15151,.T.);
#15149=EDGE_CURVE('',#639,#593,#15152,.T.);
#15150=LINE('',#592,#15153);
#15151=LINE('',#594,#15154);
#15152=LINE('',#638,#15155);
#15153=VECTOR('',#15156,1.0);
#15154=VECTOR('',#15157,1.0);
#15155=VECTOR('',#15158,1.0);
#15156=DIRECTION('',(0.6845881488333845,0.7289300833940657,0));
#15157=DIRECTION('',(-0.033818387147581015,-0.03948604275760707,0.9986476701610436));
#15158=DIRECTION('',(-0.09744049368181515,-0.10030420284727308,-0.9901739327422315));
#15159=FACE_SURFACE('',(#15164),#15160,.T.);
#15160=PLANE('',#15161);
#15161=AXIS2_PLACEMENT_3D('',#638,#15162,#15163);
#15162=DIRECTION('',(0.707135638130452,-0.7070749831793615,0.0020389820362437514));
#15163=DIRECTION('',(-0.7070764529975914,-0.7071371080747672,0));
#15164=FACE_BOUND('',#15165,.T.);
#15165=EDGE_LOOP('',(#15166,#15167,#15168));
#15166=ORIENTED_EDGE('',*,*,#15169,.T.);
#15167=ORIENTED_EDGE('',*,*,#15170,.T.);
#15168=ORIENTED_EDGE('',*,*,#15171,.T.);
#15169=EDGE_CURVE('',#639,#637,#15172,.F.);
#15170=EDGE_CURVE('',#637,#593,#15173,.T.);
#15171=EDGE_CURVE('',#593,#639,#15174,.T.);
#15172=LINE('',#638,#15175);
#15173=LINE('',#636,#15176);
#15174=LINE('',#592,#15177);
#15175=VECTOR('',#15178,1.0);
#15176=VECTOR('',#15179,1.0);
#15177=VECTOR('',#15180,1.0);
#15178=DIRECTION('',(-0.7070764529975914,-0.7071371080747672,0));
#15179=DIRECTION('',(0.03291498931313667,0.030036991501557114,-0.9990066979855797));
#15180=DIRECTION('',(0.09744049368181515,0.10030420284727308,0.9901739327422315));
#15181=FACE_SURFACE('',(#15186),#15182,.T.);
#15182=PLANE('',#15183);
#15183=AXIS2_PLACEMENT_3D('',#594,#15184,#15185);
#15184=DIRECTION('',(0.8090728759832752,-0.5877025735382909,-0.0026012313663733504));
#15185=DIRECTION('',(0.5877045618650862,0.8090756132543899,0));
#15186=FACE_BOUND('',#15187,.T.);
#15187=EDGE_LOOP('',(#15188,#15189,#15190));
#15188=ORIENTED_EDGE('',*,*,#15191,.T.);
#15189=ORIENTED_EDGE('',*,*,#15192,.T.);
#15190=ORIENTED_EDGE('',*,*,#15193,.T.);
#15191=EDGE_CURVE('',#595,#597,#15194,.F.);
#15192=EDGE_CURVE('',#597,#641,#15195,.T.);
#15193=EDGE_CURVE('',#641,#595,#15196,.T.);
#15194=LINE('',#594,#15197);
#15195=LINE('',#596,#15198);
#15196=LINE('',#640,#15199);
#15197=VECTOR('',#15200,1.0);
#15198=VECTOR('',#15201,1.0);
#15199=VECTOR('',#15202,1.0);
#15200=DIRECTION('',(0.5877045618650862,0.8090756132543899,0));
#15201=DIRECTION('',(-0.032754630577154026,-0.0495106337879257,0.9982363604465989));
#15202=DIRECTION('',(-0.08001114644365889,-0.10576198861520127,-0.9911673008170363));
#15203=FACE_SURFACE('',(#15208),#15204,.T.);
#15204=PLANE('',#15205);
#15205=AXIS2_PLACEMENT_3D('',#640,#15206,#15207);
#15206=DIRECTION('',(0.7871461978344584,-0.6167622817837902,0.002269582254122285));
#15207=DIRECTION('',(-0.6167638702622964,-0.787148225138743,0));
#15208=FACE_BOUND('',#15209,.T.);
#15209=EDGE_LOOP('',(#15210,#15211,#15212));
#15210=ORIENTED_EDGE('',*,*,#15213,.T.);
#15211=ORIENTED_EDGE('',*,*,#15214,.T.);
#15212=ORIENTED_EDGE('',*,*,#15215,.T.);
#15213=EDGE_CURVE('',#641,#639,#15216,.F.);
#15214=EDGE_CURVE('',#639,#595,#15217,.T.);
#15215=EDGE_CURVE('',#595,#641,#15218,.T.);
#15216=LINE('',#640,#15219);
#15217=LINE('',#638,#15220);
#15218=LINE('',#594,#15221);
#15219=VECTOR('',#15222,1.0);
#15220=VECTOR('',#15223,1.0);
#15221=VECTOR('',#15224,1.0);
#15222=DIRECTION('',(-0.6167638702622964,-0.787148225138743,0));
#15223=DIRECTION('',(0.033818387147581015,0.03948604275760707,-0.9986476701610436));
#15224=DIRECTION('',(0.08001114644365889,0.10576198861520127,0.9911673008170363));
#15225=FACE_SURFACE('',(#15230),#15226,.T.);
#15226=PLANE('',#15227);
#15227=AXIS2_PLACEMENT_3D('',#596,#15228,#15229);
#15228=DIRECTION('',(0.8762437805326503,-0.48186021013052033,-0.002752266487736433));
#15229=DIRECTION('',(0.4818620351794043,0.8762470993120391,0));
#15230=FACE_BOUND('',#15231,.T.);
#15231=EDGE_LOOP('',(#15232,#15233,#15234));
#15232=ORIENTED_EDGE('',*,*,#15235,.T.);
#15233=ORIENTED_EDGE('',*,*,#15236,.T.);
#15234=ORIENTED_EDGE('',*,*,#15237,.T.);
#15235=EDGE_CURVE('',#597,#599,#15238,.F.);
#15236=EDGE_CURVE('',#599,#643,#15239,.T.);
#15237=EDGE_CURVE('',#643,#597,#15240,.T.);
#15238=LINE('',#596,#15241);
#15239=LINE('',#598,#15242);
#15240=LINE('',#642,#15243);
#15241=VECTOR('',#15244,1.0);
#15242=VECTOR('',#15245,1.0);
#15243=VECTOR('',#15246,1.0);
#15244=DIRECTION('',(0.4818620351794043,0.8762470993120391,0));
#15245=DIRECTION('',(-0.029741170134250115,-0.059782150451305166,0.9977682883748425));
#15246=DIRECTION('',(-0.06279674729420547,-0.10852673084479231,-0.9921081177076467));
#15247=FACE_SURFACE('',(#15252),#15248,.T.);
#15248=PLANE('',#15249);
#15249=AXIS2_PLACEMENT_3D('',#642,#15250,#15251);
#15250=DIRECTION('',(0.8557856769479002,-0.5173248577037698,0.002422133893624461));
#15251=DIRECTION('',(-0.5173263752137502,-0.85578818729181,0));
#15252=FACE_BOUND('',#15253,.T.);
#15253=EDGE_LOOP('',(#15254,#15255,#15256));
#15254=ORIENTED_EDGE('',*,*,#15257,.T.);
#15255=ORIENTED_EDGE('',*,*,#15258,.T.);
#15256=ORIENTED_EDGE('',*,*,#15259,.T.);
#15257=EDGE_CURVE('',#643,#641,#15260,.F.);
#15258=EDGE_CURVE('',#641,#597,#15261,.T.);
#15259=EDGE_CURVE('',#597,#643,#15262,.T.);
#15260=LINE('',#642,#15263);
#15261=LINE('',#640,#15264);
#15262=LINE('',#596,#15265);
#15263=VECTOR('',#15266,1.0);
#15264=VECTOR('',#15267,1.0);
#15265=VECTOR('',#15268,1.0);
#15266=DIRECTION('',(-0.5173263752137502,-0.85578818729181,0));
#15267=DIRECTION('',(0.032754630577154026,0.0495106337879257,-0.9982363604465989));
#15268=DIRECTION('',(0.06279674729420547,0.10852673084479231,0.9921081177076467));
#15269=FACE_SURFACE('',(#15274),#15270,.T.);
#15270=PLANE('',#15271);
#15271=AXIS2_PLACEMENT_3D('',#598,#15272,#15273);
#15272=DIRECTION('',(0.9298209356132058,-0.36800105947280204,-0.00287191961549015));
#15273=DIRECTION('',(0.3680025771042584,0.9298247701823308,0));
#15274=FACE_BOUND('',#15275,.T.);
#15275=EDGE_LOOP('',(#15276,#15277,#15278));
#15276=ORIENTED_EDGE('',*,*,#15279,.T.);
#15277=ORIENTED_EDGE('',*,*,#15280,.T.);
#15278=ORIENTED_EDGE('',*,*,#15281,.T.);
#15279=EDGE_CURVE('',#599,#601,#15282,.F.);
#15280=EDGE_CURVE('',#601,#645,#15283,.T.);
#15281=EDGE_CURVE('',#645,#599,#15284,.T.);
#15282=LINE('',#598,#15285);
#15283=LINE('',#600,#15286);
#15284=LINE('',#644,#15287);
#15285=VECTOR('',#15288,1.0);
#15286=VECTOR('',#15289,1.0);
#15287=VECTOR('',#15290,1.0);
#15288=DIRECTION('',(0.3680025771042584,0.9298247701823308,0));
#15289=DIRECTION('',(-0.024601570584111096,-0.06994292440881646,0.9972475871366837));
#15290=DIRECTION('',(-0.04609939920005167,-0.10872893895468497,-0.9930019452282973));
#15291=FACE_SURFACE('',(#15296),#15292,.T.);
#15292=PLANE('',#15293);
#15293=AXIS2_PLACEMENT_3D('',#644,#15294,#15295);
#15294=DIRECTION('',(0.911924485361525,-0.4103498438031552,0.0025958984655992));
#15295=DIRECTION('',(-0.41035122642010025,-0.911927557964732,0));
#15296=FACE_BOUND('',#15297,.T.);
#15297=EDGE_LOOP('',(#15298,#15299,#15300));
#15298=ORIENTED_EDGE('',*,*,#15301,.T.);
#15299=ORIENTED_EDGE('',*,*,#15302,.T.);
#15300=ORIENTED_EDGE('',*,*,#15303,.T.);
#15301=EDGE_CURVE('',#645,#643,#15304,.F.);
#15302=EDGE_CURVE('',#643,#599,#15305,.T.);
#15303=EDGE_CURVE('',#599,#645,#15306,.T.);
#15304=LINE('',#644,#15307);
#15305=LINE('',#642,#15308);
#15306=LINE('',#598,#15309);
#15307=VECTOR('',#15310,1.0);
#15308=VECTOR('',#15311,1.0);
#15309=VECTOR('',#15312,1.0);
#15310=DIRECTION('',(-0.41035122642010025,-0.911927557964732,0));
#15311=DIRECTION('',(0.029741170134250115,0.059782150451305166,-0.9977682883748425));
#15312=DIRECTION('',(0.04609939920005167,0.10872893895468497,0.9930019452282973));
#15313=FACE_SURFACE('',(#15318),#15314,.T.);
#15314=PLANE('',#15315);
#15315=AXIS2_PLACEMENT_3D('',#600,#15316,#15317);
#15316=DIRECTION('',(0,0,-1));
#15317=DIRECTION('',(-0.9998251087120432,0.018701657385131288,0));
#15318=FACE_BOUND('',#15319,.T.);
#15319=EDGE_LOOP('',(#15320,#15321,#15322));
#15320=ORIENTED_EDGE('',*,*,#15323,.T.);
#15321=ORIENTED_EDGE('',*,*,#15324,.T.);
#15322=ORIENTED_EDGE('',*,*,#15325,.T.);
#15323=EDGE_CURVE('',#601,#661,#15326,.F.);
#15324=EDGE_CURVE('',#661,#731,#15327,.T.);
#15325=EDGE_CURVE('',#731,#601,#15328,.T.);
#15326=LINE('',#600,#15329);
#15327=LINE('',#660,#15330);
#15328=LINE('',#730,#15331);
#15329=VECTOR('',#15332,1.0);
#15330=VECTOR('',#15333,1.0);
#15331=VECTOR('',#15334,1.0);
#15332=DIRECTION('',(-0.9998251087120432,0.018701657385131288,0));
#15333=DIRECTION('',(0.9438674226046914,0.3303245200489616,0));
#15334=DIRECTION('',(0.9988889643680051,-0.047125755843424454,0));
#15335=FACE_SURFACE('',(#15340),#15336,.T.);
#15336=PLANE('',#15337);
#15337=AXIS2_PLACEMENT_3D('',#646,#15338,#15339);
#15338=DIRECTION('',(0.9546885525881816,-0.2975946697322865,0.002679571610156967));
#15339=DIRECTION('',(-0.2975957381183812,-0.9546919799881928,0));
#15340=FACE_BOUND('',#15341,.T.);
#15341=EDGE_LOOP('',(#15342,#15343,#15344));
#15342=ORIENTED_EDGE('',*,*,#15345,.T.);
#15343=ORIENTED_EDGE('',*,*,#15346,.T.);
#15344=ORIENTED_EDGE('',*,*,#15347,.T.);
#15345=EDGE_CURVE('',#647,#645,#15348,.F.);
#15346=EDGE_CURVE('',#645,#601,#15349,.T.);
#15347=EDGE_CURVE('',#601,#647,#15350,.T.);
#15348=LINE('',#646,#15351);
#15349=LINE('',#644,#15352);
#15350=LINE('',#600,#15353);
#15351=VECTOR('',#15354,1.0);
#15352=VECTOR('',#15355,1.0);
#15353=VECTOR('',#15356,1.0);
#15354=DIRECTION('',(-0.2975957381183812,-0.9546919799881928,0));
#15355=DIRECTION('',(0.024601570584111096,0.06994292440881646,-0.9972475871366837));
#15356=DIRECTION('',(0.030430361101934957,0.10656972265691132,0.9938394675882192));
#15357=FACE_SURFACE('',(#15362),#15358,.T.);
#15358=PLANE('',#15359);
#15359=AXIS2_PLACEMENT_3D('',#600,#15360,#15361);
#15360=DIRECTION('',(0,0,-1));
#15361=DIRECTION('',(-0.9988889643680051,0.047125755843424454,0));
#15362=FACE_BOUND('',#15363,.T.);
#15363=EDGE_LOOP('',(#15364,#15365,#15366));
#15364=ORIENTED_EDGE('',*,*,#15367,.T.);
#15365=ORIENTED_EDGE('',*,*,#15368,.T.);
#15366=ORIENTED_EDGE('',*,*,#15369,.T.);
#15367=EDGE_CURVE('',#601,#731,#15370,.F.);
#15368=EDGE_CURVE('',#731,#733,#15371,.T.);
#15369=EDGE_CURVE('',#733,#601,#15372,.T.);
#15370=LINE('',#600,#15373);
#15371=LINE('',#730,#15374);
#15372=LINE('',#732,#15375);
#15373=VECTOR('',#15376,1.0);
#15374=VECTOR('',#15377,1.0);
#15375=VECTOR('',#15378,1.0);
#15376=DIRECTION('',(-0.9988889643680051,0.047125755843424454,0));
#15377=DIRECTION('',(0.8467876021117884,0.5319311580550322,0));
#15378=DIRECTION('',(0.9952832213414965,-0.0970119029608935,0));
#15379=FACE_SURFACE('',(#15384),#15380,.T.);
#15380=PLANE('',#15381);
#15381=AXIS2_PLACEMENT_3D('',#600,#15382,#15383);
#15382=DIRECTION('',(0.9685606620350664,-0.24875962890692285,-0.002981775357745347));
#15383=DIRECTION('',(0.24876073477327257,0.9685649677925904,0));
#15384=FACE_BOUND('',#15385,.T.);
#15385=EDGE_LOOP('',(#15386,#15387,#15388));
#15386=ORIENTED_EDGE('',*,*,#15389,.T.);
#15387=ORIENTED_EDGE('',*,*,#15390,.T.);
#15388=ORIENTED_EDGE('',*,*,#15391,.T.);
#15389=EDGE_CURVE('',#601,#735,#15392,.F.);
#15390=EDGE_CURVE('',#735,#647,#15393,.T.);
#15391=EDGE_CURVE('',#647,#601,#15394,.T.);
#15392=LINE('',#600,#15395);
#15393=LINE('',#734,#15396);
#15394=LINE('',#646,#15397);
#15395=VECTOR('',#15398,1.0);
#15396=VECTOR('',#15399,1.0);
#15397=VECTOR('',#15400,1.0);
#15398=DIRECTION('',(0.24876073477327257,0.9685649677925904,0));
#15399=DIRECTION('',(-0.017384866038668186,-0.07963571387609567,0.9966724233710201));
#15400=DIRECTION('',(-0.030430361101934957,-0.10656972265691132,-0.9938394675882192));
#15401=FACE_SURFACE('',(#15406),#15402,.T.);
#15402=PLANE('',#15403);
#15403=AXIS2_PLACEMENT_3D('',#600,#15404,#15405);
#15404=DIRECTION('',(0,0,-1));
#15405=DIRECTION('',(-0.9952832213414965,0.0970119029608935,0));
#15406=FACE_BOUND('',#15407,.T.);
#15407=EDGE_LOOP('',(#15408,#15409,#15410));
#15408=ORIENTED_EDGE('',*,*,#15411,.T.);
#15409=ORIENTED_EDGE('',*,*,#15412,.T.);
#15410=ORIENTED_EDGE('',*,*,#15413,.T.);
#15411=EDGE_CURVE('',#601,#733,#15414,.F.);
#15412=EDGE_CURVE('',#733,#737,#15415,.T.);
#15413=EDGE_CURVE('',#737,#601,#15416,.T.);
#15414=LINE('',#600,#15417);
#15415=LINE('',#732,#15418);
#15416=LINE('',#736,#15419);
#15417=VECTOR('',#15420,1.0);
#15418=VECTOR('',#15421,1.0);
#15419=VECTOR('',#15422,1.0);
#15420=DIRECTION('',(-0.9952832213414965,0.0970119029608935,0));
#15421=DIRECTION('',(0.7070159086109588,0.7071976420853087,0));
#15422=DIRECTION('',(0.9858184150110444,-0.16781553153719764,0));
#15423=FACE_SURFACE('',(#15428),#15424,.T.);
#15424=PLANE('',#15425);
#15425=AXIS2_PLACEMENT_3D('',#600,#15426,#15427);
#15426=DIRECTION('',(0,0,-1));
#15427=DIRECTION('',(-0.9858184150110444,0.16781553153719764,0));
#15428=FACE_BOUND('',#15429,.T.);
#15429=EDGE_LOOP('',(#15430,#15431,#15432));
#15430=ORIENTED_EDGE('',*,*,#15433,.T.);
#15431=ORIENTED_EDGE('',*,*,#15434,.T.);
#15432=ORIENTED_EDGE('',*,*,#15435,.T.);
#15433=EDGE_CURVE('',#601,#737,#15436,.F.);
#15434=EDGE_CURVE('',#737,#735,#15437,.T.);
#15435=EDGE_CURVE('',#735,#601,#15438,.T.);
#15436=LINE('',#600,#15439);
#15437=LINE('',#736,#15440);
#15438=LINE('',#734,#15441);
#15439=VECTOR('',#15442,1.0);
#15440=VECTOR('',#15443,1.0);
#15441=VECTOR('',#15444,1.0);
#15442=DIRECTION('',(-0.9858184150110444,0.16781553153719764,0));
#15443=DIRECTION('',(0.9999998999573608,-0.0004473089184074444,0));
#15444=DIRECTION('',(-0.24876073477327257,-0.9685649677925904,0));
#15445=FACE_SURFACE('',(#15450),#15446,.T.);
#15446=PLANE('',#15447);
#15447=AXIS2_PLACEMENT_3D('',#606,#15448,#15449);
#15448=DIRECTION('',(-0.3302791960364958,0.9438832833912708,0));
#15449=DIRECTION('',(0.026409740816185065,0.009241172206125439,0.9996084865217375));
#15450=FACE_BOUND('',#15451,.T.);
#15451=EDGE_LOOP('',(#15452,#15453,#15454));
#15452=ORIENTED_EDGE('',*,*,#15455,.T.);
#15453=ORIENTED_EDGE('',*,*,#15456,.T.);
#15454=ORIENTED_EDGE('',*,*,#15457,.T.);
#15455=EDGE_CURVE('',#607,#701,#15458,.F.);
#15456=EDGE_CURVE('',#701,#663,#15459,.T.);
#15457=EDGE_CURVE('',#663,#607,#15460,.T.);
#15458=LINE('',#606,#15461);
#15459=LINE('',#700,#15462);
#15460=LINE('',#662,#15463);
#15461=VECTOR('',#15464,1.0);
#15462=VECTOR('',#15465,1.0);
#15463=VECTOR('',#15466,1.0);
#15464=DIRECTION('',(0.026409740816185065,0.009241172206125439,0.9996084865217375));
#15465=DIRECTION('',(0,0,-1));
#15466=DIRECTION('',(-0.9438832833912708,-0.3302791960364958,0));
#15467=FACE_SURFACE('',(#15472),#15468,.T.);
#15468=PLANE('',#15469);
#15469=AXIS2_PLACEMENT_3D('',#720,#15470,#15471);
#15470=DIRECTION('',(0,0,-1));
#15471=DIRECTION('',(-0.9999841913496039,0.005622904132097451,0));
#15472=FACE_BOUND('',#15473,.T.);
#15473=EDGE_LOOP('',(#15474,#15475,#15476));
#15474=ORIENTED_EDGE('',*,*,#15477,.T.);
#15475=ORIENTED_EDGE('',*,*,#15478,.T.);
#15476=ORIENTED_EDGE('',*,*,#15479,.T.);
#15477=EDGE_CURVE('',#721,#609,#15480,.F.);
#15478=EDGE_CURVE('',#609,#611,#15481,.T.);
#15479=EDGE_CURVE('',#611,#721,#15482,.T.);
#15480=LINE('',#720,#15483);
#15481=LINE('',#608,#15484);
#15482=LINE('',#610,#15485);
#15483=VECTOR('',#15486,1.0);
#15484=VECTOR('',#15487,1.0);
#15485=VECTOR('',#15488,1.0);
#15486=DIRECTION('',(-0.9999841913496039,0.005622904132097451,0));
#15487=DIRECTION('',(0.9959788164967732,0.08958904558977593,0));
#15488=DIRECTION('',(0.11193518523976306,-0.9937155097437796,0));
#15489=FACE_SURFACE('',(#15494),#15490,.T.);
#15490=PLANE('',#15491);
#15491=AXIS2_PLACEMENT_3D('',#706,#15492,#15493);
#15492=DIRECTION('',(0.9937155097437798,0.11193518523976308,0));
#15493=DIRECTION('',(0,0,-1));
#15494=FACE_BOUND('',#15495,.T.);
#15495=EDGE_LOOP('',(#15496,#15497,#15498));
#15496=ORIENTED_EDGE('',*,*,#15499,.T.);
#15497=ORIENTED_EDGE('',*,*,#15500,.T.);
#15498=ORIENTED_EDGE('',*,*,#15501,.T.);
#15499=EDGE_CURVE('',#707,#721,#15502,.F.);
#15500=EDGE_CURVE('',#721,#611,#15503,.T.);
#15501=EDGE_CURVE('',#611,#707,#15504,.T.);
#15502=LINE('',#706,#15505);
#15503=LINE('',#720,#15506);
#15504=LINE('',#610,#15507);
#15505=VECTOR('',#15508,1.0);
#15506=VECTOR('',#15509,1.0);
#15507=VECTOR('',#15510,1.0);
#15508=DIRECTION('',(0,0,-1));
#15509=DIRECTION('',(-0.11193518523976306,0.9937155097437796,0));
#15510=DIRECTION('',(0.0031319113720363794,-0.027803848261555426,0.9996084919372215));
#15511=FACE_SURFACE('',(#15516),#15512,.T.);
#15512=PLANE('',#15513);
#15513=AXIS2_PLACEMENT_3D('',#738,#15514,#15515);
#15514=DIRECTION('',(0,0,-1));
#15515=DIRECTION('',(-0.983557704024922,0.1805941384796961,0));
#15516=FACE_BOUND('',#15517,.T.);
#15517=EDGE_LOOP('',(#15518,#15519,#15520));
#15518=ORIENTED_EDGE('',*,*,#15521,.T.);
#15519=ORIENTED_EDGE('',*,*,#15522,.T.);
#15520=ORIENTED_EDGE('',*,*,#15523,.T.);
#15521=EDGE_CURVE('',#739,#621,#15524,.F.);
#15522=EDGE_CURVE('',#621,#617,#15525,.T.);
#15523=EDGE_CURVE('',#617,#739,#15526,.T.);
#15524=LINE('',#738,#15527);
#15525=LINE('',#620,#15528);
#15526=LINE('',#616,#15529);
#15527=VECTOR('',#15530,1.0);
#15528=VECTOR('',#15531,1.0);
#15529=VECTOR('',#15532,1.0);
#15530=DIRECTION('',(-0.983557704024922,0.1805941384796961,0));
#15531=DIRECTION('',(0.9999842103628749,-0.005619521771247625,0));
#15532=DIRECTION('',(0,-1,0));
#15533=FACE_SURFACE('',(#15538),#15534,.T.);
#15534=PLANE('',#15535);
#15535=AXIS2_PLACEMENT_3D('',#650,#15536,#15537);
#15536=DIRECTION('',(0.9999953491490252,0,-0.003049865623155831));
#15537=DIRECTION('',(-0.0030357354301073056,-0.09614906870874344,-0.9953623163938041));
#15538=FACE_BOUND('',#15539,.T.);
#15539=EDGE_LOOP('',(#15540,#15541,#15542));
#15540=ORIENTED_EDGE('',*,*,#15543,.T.);
#15541=ORIENTED_EDGE('',*,*,#15544,.T.);
#15542=ORIENTED_EDGE('',*,*,#15545,.T.);
#15543=EDGE_CURVE('',#651,#739,#15546,.F.);
#15544=EDGE_CURVE('',#739,#617,#15547,.T.);
#15545=EDGE_CURVE('',#617,#651,#15548,.T.);
#15546=LINE('',#650,#15549);
#15547=LINE('',#738,#15550);
#15548=LINE('',#616,#15551);
#15549=VECTOR('',#15552,1.0);
#15550=VECTOR('',#15553,1.0);
#15551=VECTOR('',#15554,1.0);
#15552=DIRECTION('',(-0.0030357354301073056,-0.09614906870874344,-0.9953623163938041));
#15553=DIRECTION('',(0,1,0));
#15554=DIRECTION('',(0.003035733247561811,-0.09615647675774604,0.995361600776917));
#15555=FACE_SURFACE('',(#15560),#15556,.T.);
#15556=PLANE('',#15557);
#15557=AXIS2_PLACEMENT_3D('',#650,#15558,#15559);
#15558=DIRECTION('',(0.9981746778203048,0.06032879443036112,0.002783724287705832));
#15559=DIRECTION('',(-0.003035733247561811,0.09615647675774604,-0.995361600776917));
#15560=FACE_BOUND('',#15561,.T.);
#15561=EDGE_LOOP('',(#15562,#15563,#15564));
#15562=ORIENTED_EDGE('',*,*,#15565,.T.);
#15563=ORIENTED_EDGE('',*,*,#15566,.T.);
#15564=ORIENTED_EDGE('',*,*,#15567,.T.);
#15565=EDGE_CURVE('',#651,#617,#15568,.F.);
#15566=EDGE_CURVE('',#617,#619,#15569,.T.);
#15567=EDGE_CURVE('',#619,#651,#15570,.T.);
#15568=LINE('',#650,#15571);
#15569=LINE('',#616,#15572);
#15570=LINE('',#618,#15573);
#15571=VECTOR('',#15574,1.0);
#15572=VECTOR('',#15575,1.0);
#15573=VECTOR('',#15576,1.0);
#15574=DIRECTION('',(-0.003035733247561811,0.09615647675774604,-0.995361600776917));
#15575=DIRECTION('',(-0.008125782076182319,0.08848572636549917,0.996044300167026));
#15576=DIRECTION('',(0.06032902817928083,-0.998178545330916,0));
#15577=FACE_SURFACE('',(#15582),#15578,.T.);
#15578=PLANE('',#15579);
#15579=AXIS2_PLACEMENT_3D('',#738,#15580,#15581);
#15580=DIRECTION('',(0,0,-1));
#15581=DIRECTION('',(-0.9959787046569247,0.08959028892639168,0));
#15582=FACE_BOUND('',#15583,.T.);
#15583=EDGE_LOOP('',(#15584,#15585,#15586));
#15584=ORIENTED_EDGE('',*,*,#15587,.T.);
#15585=ORIENTED_EDGE('',*,*,#15588,.T.);
#15586=ORIENTED_EDGE('',*,*,#15589,.T.);
#15587=EDGE_CURVE('',#739,#623,#15590,.F.);
#15588=EDGE_CURVE('',#623,#621,#15591,.T.);
#15589=EDGE_CURVE('',#621,#739,#15592,.T.);
#15590=LINE('',#738,#15593);
#15591=LINE('',#622,#15594);
#15592=LINE('',#620,#15595);
#15593=VECTOR('',#15596,1.0);
#15594=VECTOR('',#15597,1.0);
#15595=VECTOR('',#15598,1.0);
#15596=DIRECTION('',(-0.9959787046569247,0.08959028892639168,0));
#15597=DIRECTION('',(-0.1119311429353852,0.993715965073108,0));
#15598=DIRECTION('',(0.983557704024922,-0.1805941384796961,0));
#15599=FACE_SURFACE('',(#15604),#15600,.T.);
#15600=PLANE('',#15601);
#15601=AXIS2_PLACEMENT_3D('',#624,#15602,#15603);
#15602=DIRECTION('',(0,0,-1));
#15603=DIRECTION('',(0.11193518523976306,0.9937155097437796,0));
#15604=FACE_BOUND('',#15605,.T.);
#15605=EDGE_LOOP('',(#15606,#15607,#15608));
#15606=ORIENTED_EDGE('',*,*,#15609,.T.);
#15607=ORIENTED_EDGE('',*,*,#15610,.T.);
#15608=ORIENTED_EDGE('',*,*,#15611,.T.);
#15609=EDGE_CURVE('',#625,#623,#15612,.F.);
#15610=EDGE_CURVE('',#623,#739,#15613,.T.);
#15611=EDGE_CURVE('',#739,#625,#15614,.T.);
#15612=LINE('',#624,#15615);
#15613=LINE('',#622,#15616);
#15614=LINE('',#738,#15617);
#15615=VECTOR('',#15618,1.0);
#15616=VECTOR('',#15619,1.0);
#15617=VECTOR('',#15620,1.0);
#15618=DIRECTION('',(0.11193518523976306,0.9937155097437796,0));
#15619=DIRECTION('',(0.9959787046569247,-0.08959028892639168,0));
#15620=DIRECTION('',(-0.9999841909119834,-0.0056229819585310575,0));
#15621=FACE_SURFACE('',(#15626),#15622,.T.);
#15622=PLANE('',#15623);
#15623=AXIS2_PLACEMENT_3D('',#734,#15624,#15625);
#15624=DIRECTION('',(0,0,-1));
#15625=DIRECTION('',(-0.9967866541066794,0.08010222340741245,0));
#15626=FACE_BOUND('',#15627,.T.);
#15627=EDGE_LOOP('',(#15628,#15629,#15630));
#15628=ORIENTED_EDGE('',*,*,#15631,.T.);
#15629=ORIENTED_EDGE('',*,*,#15632,.T.);
#15630=ORIENTED_EDGE('',*,*,#15633,.T.);
#15631=EDGE_CURVE('',#735,#741,#15634,.F.);
#15632=EDGE_CURVE('',#741,#625,#15635,.T.);
#15633=EDGE_CURVE('',#625,#735,#15636,.T.);
#15634=LINE('',#734,#15637);
#15635=LINE('',#740,#15638);
#15636=LINE('',#624,#15639);
#15637=VECTOR('',#15640,1.0);
#15638=VECTOR('',#15641,1.0);
#15639=VECTOR('',#15642,1.0);
#15640=DIRECTION('',(-0.9967866541066794,0.08010222340741245,0));
#15641=DIRECTION('',(0.3304086985508064,0.9438379585087487,0));
#15642=DIRECTION('',(0.9850524809572646,-0.17225449126202125,0));
#15643=FACE_SURFACE('',(#15648),#15644,.T.);
#15644=PLANE('',#15645);
#15645=AXIS2_PLACEMENT_3D('',#734,#15646,#15647);
#15646=DIRECTION('',(0,0,-1));
#15647=DIRECTION('',(-0.9850524809572646,0.17225449126202125,0));
#15648=FACE_BOUND('',#15649,.T.);
#15649=EDGE_LOOP('',(#15650,#15651,#15652));
#15650=ORIENTED_EDGE('',*,*,#15653,.T.);
#15651=ORIENTED_EDGE('',*,*,#15654,.T.);
#15652=ORIENTED_EDGE('',*,*,#15655,.T.);
#15653=EDGE_CURVE('',#735,#625,#15656,.F.);
#15654=EDGE_CURVE('',#625,#739,#15657,.T.);
#15655=EDGE_CURVE('',#739,#735,#15658,.T.);
#15656=LINE('',#734,#15659);
#15657=LINE('',#624,#15660);
#15658=LINE('',#738,#15661);
#15659=VECTOR('',#15662,1.0);
#15660=VECTOR('',#15663,1.0);
#15661=VECTOR('',#15664,1.0);
#15662=DIRECTION('',(-0.9850524809572646,0.17225449126202125,0));
#15663=DIRECTION('',(0.9999841909119834,0.0056229819585310575,0));
#15664=DIRECTION('',(-0.12527645535000848,-0.9921218724203884,0));
#15665=FACE_SURFACE('',(#15670),#15666,.T.);
#15666=PLANE('',#15667);
#15667=AXIS2_PLACEMENT_3D('',#740,#15668,#15669);
#15668=DIRECTION('',(-0.9438379585087487,0.3304086985508064,0));
#15669=DIRECTION('',(0.03396868764131597,0.09703417899474905,0.9947012095934848));
#15670=FACE_BOUND('',#15671,.T.);
#15671=EDGE_LOOP('',(#15672,#15673,#15674));
#15672=ORIENTED_EDGE('',*,*,#15675,.T.);
#15673=ORIENTED_EDGE('',*,*,#15676,.T.);
#15674=ORIENTED_EDGE('',*,*,#15677,.T.);
#15675=EDGE_CURVE('',#741,#627,#15678,.F.);
#15676=EDGE_CURVE('',#627,#625,#15679,.T.);
#15677=EDGE_CURVE('',#625,#741,#15680,.T.);
#15678=LINE('',#740,#15681);
#15679=LINE('',#626,#15682);
#15680=LINE('',#624,#15683);
#15681=VECTOR('',#15684,1.0);
#15682=VECTOR('',#15685,1.0);
#15683=VECTOR('',#15686,1.0);
#15684=DIRECTION('',(0.03396868764131597,0.09703417899474905,0.9947012095934848));
#15685=DIRECTION('',(0,0,-1));
#15686=DIRECTION('',(-0.3304086985508064,-0.9438379585087487,0));
#15687=FACE_SURFACE('',(#15692),#15688,.T.);
#15688=PLANE('',#15689);
#15689=AXIS2_PLACEMENT_3D('',#740,#15690,#15691);
#15690=DIRECTION('',(-0.9438379585087487,0.3304086985508064,0));
#15691=DIRECTION('',(0,0,1));
#15692=FACE_BOUND('',#15693,.T.);
#15693=EDGE_LOOP('',(#15694,#15695,#15696));
#15694=ORIENTED_EDGE('',*,*,#15697,.T.);
#15695=ORIENTED_EDGE('',*,*,#15698,.T.);
#15696=ORIENTED_EDGE('',*,*,#15699,.T.);
#15697=EDGE_CURVE('',#741,#743,#15700,.F.);
#15698=EDGE_CURVE('',#743,#627,#15701,.T.);
#15699=EDGE_CURVE('',#627,#741,#15702,.T.);
#15700=LINE('',#740,#15703);
#15701=LINE('',#742,#15704);
#15702=LINE('',#626,#15705);
#15703=VECTOR('',#15706,1.0);
#15704=VECTOR('',#15707,1.0);
#15705=VECTOR('',#15708,1.0);
#15706=DIRECTION('',(0,0,1));
#15707=DIRECTION('',(0.3304086985508064,0.9438379585087487,0));
#15708=DIRECTION('',(-0.03396868764131597,-0.09703417899474905,-0.9947012095934848));
#15709=FACE_SURFACE('',(#15714),#15710,.T.);
#15710=PLANE('',#15711);
#15711=AXIS2_PLACEMENT_3D('',#628,#15712,#15713);
#15712=DIRECTION('',(0,0,1));
#15713=DIRECTION('',(0.058696424318757684,0.9982758785887759,0));
#15714=FACE_BOUND('',#15715,.T.);
#15715=EDGE_LOOP('',(#15716,#15717,#15718));
#15716=ORIENTED_EDGE('',*,*,#15719,.T.);
#15717=ORIENTED_EDGE('',*,*,#15720,.T.);
#15718=ORIENTED_EDGE('',*,*,#15721,.T.);
#15719=EDGE_CURVE('',#629,#627,#15722,.F.);
#15720=EDGE_CURVE('',#627,#743,#15723,.T.);
#15721=EDGE_CURVE('',#743,#629,#15724,.T.);
#15722=LINE('',#628,#15725);
#15723=LINE('',#626,#15726);
#15724=LINE('',#742,#15727);
#15725=VECTOR('',#15728,1.0);
#15726=VECTOR('',#15729,1.0);
#15727=VECTOR('',#15730,1.0);
#15728=DIRECTION('',(0.058696424318757684,0.9982758785887759,0));
#15729=DIRECTION('',(-0.3304086985508064,-0.9438379585087487,0));
#15730=DIRECTION('',(-0.036806237220936955,-0.9993224208940956,0));
#15731=FACE_SURFACE('',(#15736),#15732,.T.);
#15732=PLANE('',#15733);
#15733=AXIS2_PLACEMENT_3D('',#628,#15734,#15735);
#15734=DIRECTION('',(0,-0,1));
#15735=DIRECTION('',(0.036806237220936955,0.9993224208940956,0));
#15736=FACE_BOUND('',#15737,.T.);
#15737=EDGE_LOOP('',(#15738,#15739,#15740));
#15738=ORIENTED_EDGE('',*,*,#15741,.T.);
#15739=ORIENTED_EDGE('',*,*,#15742,.T.);
#15740=ORIENTED_EDGE('',*,*,#15743,.T.);
#15741=EDGE_CURVE('',#629,#743,#15744,.F.);
#15742=EDGE_CURVE('',#743,#655,#15745,.T.);
#15743=EDGE_CURVE('',#655,#629,#15746,.T.);
#15744=LINE('',#628,#15747);
#15745=LINE('',#742,#15748);
#15746=LINE('',#654,#15749);
#15747=VECTOR('',#15750,1.0);
#15748=VECTOR('',#15751,1.0);
#15749=VECTOR('',#15752,1.0);
#15750=DIRECTION('',(0.036806237220936955,0.9993224208940956,0));
#15751=DIRECTION('',(-0.5320390592813571,-0.846719811625433,0));
#15752=DIRECTION('',(0.0060917697493081185,-0.9999814449985166,0));
#15753=FACE_SURFACE('',(#15758),#15754,.T.);
#15754=PLANE('',#15755);
#15755=AXIS2_PLACEMENT_3D('',#648,#15756,#15757);
#15756=DIRECTION('',(0.9836154947820012,-0.18025807266867389,0.002754208150116112));
#15757=DIRECTION('',(-0.18025875636101774,-0.9836192254908295,0));
#15758=FACE_BOUND('',#15759,.T.);
#15759=EDGE_LOOP('',(#15760,#15761,#15762));
#15760=ORIENTED_EDGE('',*,*,#15763,.T.);
#15761=ORIENTED_EDGE('',*,*,#15764,.T.);
#15762=ORIENTED_EDGE('',*,*,#15765,.T.);
#15763=EDGE_CURVE('',#649,#647,#15766,.F.);
#15764=EDGE_CURVE('',#647,#735,#15767,.T.);
#15765=EDGE_CURVE('',#735,#649,#15768,.T.);
#15766=LINE('',#648,#15769);
#15767=LINE('',#646,#15770);
#15768=LINE('',#734,#15771);
#15769=VECTOR('',#15772,1.0);
#15770=VECTOR('',#15773,1.0);
#15771=VECTOR('',#15774,1.0);
#15772=DIRECTION('',(-0.18025875636101774,-0.9836192254908295,0));
#15773=DIRECTION('',(0.017384866038668186,0.07963571387609567,-0.9966724233710201));
#15774=DIRECTION('',(0.01595946416942509,0.10228327937609775,0.9946272800720358));
#15775=FACE_SURFACE('',(#15780),#15776,.T.);
#15776=PLANE('',#15777);
#15777=AXIS2_PLACEMENT_3D('',#650,#15778,#15779);
#15778=DIRECTION('',(0.9981746790794586,-0.060328794506463265,0.002783271100152877));
#15779=DIRECTION('',(-0.06032902817928083,-0.998178545330916,0));
#15780=FACE_BOUND('',#15781,.T.);
#15781=EDGE_LOOP('',(#15782,#15783,#15784));
#15782=ORIENTED_EDGE('',*,*,#15785,.T.);
#15783=ORIENTED_EDGE('',*,*,#15786,.T.);
#15784=ORIENTED_EDGE('',*,*,#15787,.T.);
#15785=EDGE_CURVE('',#651,#649,#15788,.F.);
#15786=EDGE_CURVE('',#649,#739,#15789,.T.);
#15787=EDGE_CURVE('',#739,#651,#15790,.T.);
#15788=LINE('',#650,#15791);
#15789=LINE('',#648,#15792);
#15790=LINE('',#738,#15793);
#15791=VECTOR('',#15794,1.0);
#15792=VECTOR('',#15795,1.0);
#15793=VECTOR('',#15796,1.0);
#15794=DIRECTION('',(-0.06032902817928083,-0.998178545330916,0));
#15795=DIRECTION('',(0.008125776696065979,0.0884931500776909,-0.9960436406816787));
#15796=DIRECTION('',(0.0030357354301073056,0.09614906870874344,0.9953623163938041));
#15797=FACE_SURFACE('',(#15802),#15798,.T.);
#15798=PLANE('',#15799);
#15799=AXIS2_PLACEMENT_3D('',#734,#15800,#15801);
#15800=DIRECTION('',(0.9921172990261921,-0.12527587786186942,-0.003036346309569448));
#15801=DIRECTION('',(0.12527645535000848,0.9921218724203884,0));
#15802=FACE_BOUND('',#15803,.T.);
#15803=EDGE_LOOP('',(#15804,#15805,#15806));
#15804=ORIENTED_EDGE('',*,*,#15807,.T.);
#15805=ORIENTED_EDGE('',*,*,#15808,.T.);
#15806=ORIENTED_EDGE('',*,*,#15809,.T.);
#15807=EDGE_CURVE('',#735,#739,#15810,.F.);
#15808=EDGE_CURVE('',#739,#649,#15811,.T.);
#15809=EDGE_CURVE('',#649,#735,#15812,.T.);
#15810=LINE('',#734,#15813);
#15811=LINE('',#738,#15814);
#15812=LINE('',#648,#15815);
#15813=VECTOR('',#15816,1.0);
#15814=VECTOR('',#15817,1.0);
#15815=VECTOR('',#15818,1.0);
#15816=DIRECTION('',(0.12527645535000848,0.9921218724203884,0));
#15817=DIRECTION('',(-0.008125776696065979,-0.0884931500776909,0.9960436406816787));
#15818=DIRECTION('',(-0.01595946416942509,-0.10228327937609775,-0.9946272800720358));
#15819=FACE_SURFACE('',(#15824),#15820,.T.);
#15820=PLANE('',#15821);
#15821=AXIS2_PLACEMENT_3D('',#732,#15822,#15823);
#15822=DIRECTION('',(-0.7071976420853088,0.7070159086109588,0));
#15823=DIRECTION('',(0.07267488822995267,0.07269356879961902,0.9947029735935945));
#15824=FACE_BOUND('',#15825,.T.);
#15825=EDGE_LOOP('',(#15826,#15827,#15828));
#15826=ORIENTED_EDGE('',*,*,#15829,.T.);
#15827=ORIENTED_EDGE('',*,*,#15830,.T.);
#15828=ORIENTED_EDGE('',*,*,#15831,.T.);
#15829=EDGE_CURVE('',#733,#655,#15832,.F.);
#15830=EDGE_CURVE('',#655,#737,#15833,.T.);
#15831=EDGE_CURVE('',#737,#733,#15834,.T.);
#15832=LINE('',#732,#15835);
#15833=LINE('',#654,#15836);
#15834=LINE('',#736,#15837);
#15835=VECTOR('',#15838,1.0);
#15836=VECTOR('',#15839,1.0);
#15837=VECTOR('',#15840,1.0);
#15838=DIRECTION('',(0.07267488822995267,0.07269356879961902,0.9947029735935945));
#15839=DIRECTION('',(0,0,-1));
#15840=DIRECTION('',(-0.7070159086109588,-0.7071976420853087,0));
#15841=FACE_SURFACE('',(#15846),#15842,.T.);
#15842=PLANE('',#15843);
#15843=AXIS2_PLACEMENT_3D('',#736,#15844,#15845);
#15844=DIRECTION('',(-0.8467198116254329,0.5320390592813571,0));
#15845=DIRECTION('',(0,0,1));
#15846=FACE_BOUND('',#15847,.T.);
#15847=EDGE_LOOP('',(#15848,#15849,#15850));
#15848=ORIENTED_EDGE('',*,*,#15851,.T.);
#15849=ORIENTED_EDGE('',*,*,#15852,.T.);
#15850=ORIENTED_EDGE('',*,*,#15853,.T.);
#15851=EDGE_CURVE('',#737,#655,#15854,.F.);
#15852=EDGE_CURVE('',#655,#743,#15855,.T.);
#15853=EDGE_CURVE('',#743,#737,#15856,.T.);
#15854=LINE('',#736,#15857);
#15855=LINE('',#654,#15858);
#15856=LINE('',#742,#15859);
#15857=VECTOR('',#15860,1.0);
#15858=VECTOR('',#15861,1.0);
#15859=VECTOR('',#15862,1.0);
#15860=DIRECTION('',(0,0,1));
#15861=DIRECTION('',(0.5320390592813571,0.846719811625433,0));
#15862=DIRECTION('',(-0.05469662482123792,-0.08704758618237857,-0.9947014612299442));
#15863=FACE_SURFACE('',(#15868),#15864,.T.);
#15864=PLANE('',#15865);
#15865=AXIS2_PLACEMENT_3D('',#732,#15866,#15867);
#15866=DIRECTION('',(-0.7071976420853088,0.7070159086109588,0));
#15867=DIRECTION('',(0,0,1));
#15868=FACE_BOUND('',#15869,.T.);
#15869=EDGE_LOOP('',(#15870,#15871,#15872));
#15870=ORIENTED_EDGE('',*,*,#15873,.T.);
#15871=ORIENTED_EDGE('',*,*,#15874,.T.);
#15872=ORIENTED_EDGE('',*,*,#15875,.T.);
#15873=EDGE_CURVE('',#733,#657,#15876,.F.);
#15874=EDGE_CURVE('',#657,#655,#15877,.T.);
#15875=EDGE_CURVE('',#655,#733,#15878,.T.);
#15876=LINE('',#732,#15879);
#15877=LINE('',#656,#15880);
#15878=LINE('',#654,#15881);
#15879=VECTOR('',#15882,1.0);
#15880=VECTOR('',#15883,1.0);
#15881=VECTOR('',#15884,1.0);
#15882=DIRECTION('',(0,0,1));
#15883=DIRECTION('',(0.7070159086109588,0.7071976420853087,0));
#15884=DIRECTION('',(-0.07267488822995267,-0.07269356879961902,-0.9947029735935945));
#15885=FACE_SURFACE('',(#15890),#15886,.T.);
#15886=PLANE('',#15887);
#15887=AXIS2_PLACEMENT_3D('',#730,#15888,#15889);
#15888=DIRECTION('',(-0.5319311580550321,0.8467876021117883,0));
#15889=DIRECTION('',(0.08706614292220759,0.054692810943966566,0.9947000468421108));
#15890=FACE_BOUND('',#15891,.T.);
#15891=EDGE_LOOP('',(#15892,#15893,#15894));
#15892=ORIENTED_EDGE('',*,*,#15895,.T.);
#15893=ORIENTED_EDGE('',*,*,#15896,.T.);
#15894=ORIENTED_EDGE('',*,*,#15897,.T.);
#15895=EDGE_CURVE('',#731,#657,#15898,.F.);
#15896=EDGE_CURVE('',#657,#733,#15899,.T.);
#15897=EDGE_CURVE('',#733,#731,#15900,.T.);
#15898=LINE('',#730,#15901);
#15899=LINE('',#656,#15902);
#15900=LINE('',#732,#15903);
#15901=VECTOR('',#15904,1.0);
#15902=VECTOR('',#15905,1.0);
#15903=VECTOR('',#15906,1.0);
#15904=DIRECTION('',(0.08706614292220759,0.054692810943966566,0.9947000468421108));
#15905=DIRECTION('',(0,0,-1));
#15906=DIRECTION('',(-0.8467876021117884,-0.5319311580550322,0));
#15907=FACE_SURFACE('',(#15912),#15908,.T.);
#15908=PLANE('',#15909);
#15909=AXIS2_PLACEMENT_3D('',#730,#15910,#15911);
#15910=DIRECTION('',(-0.5319311580550321,0.8467876021117883,0));
#15911=DIRECTION('',(0,0,1));
#15912=FACE_BOUND('',#15913,.T.);
#15913=EDGE_LOOP('',(#15914,#15915,#15916));
#15914=ORIENTED_EDGE('',*,*,#15917,.T.);
#15915=ORIENTED_EDGE('',*,*,#15918,.T.);
#15916=ORIENTED_EDGE('',*,*,#15919,.T.);
#15917=EDGE_CURVE('',#731,#659,#15920,.F.);
#15918=EDGE_CURVE('',#659,#657,#15921,.T.);
#15919=EDGE_CURVE('',#657,#731,#15922,.T.);
#15920=LINE('',#730,#15923);
#15921=LINE('',#658,#15924);
#15922=LINE('',#656,#15925);
#15923=VECTOR('',#15926,1.0);
#15924=VECTOR('',#15927,1.0);
#15925=VECTOR('',#15928,1.0);
#15926=DIRECTION('',(0,0,1));
#15927=DIRECTION('',(0.8467876021117884,0.5319311580550322,0));
#15928=DIRECTION('',(-0.08706614292220759,-0.054692810943966566,-0.9947000468421108));
#15929=FACE_SURFACE('',(#15934),#15930,.T.);
#15930=PLANE('',#15931);
#15931=AXIS2_PLACEMENT_3D('',#660,#15932,#15933);
#15932=DIRECTION('',(-0.3303245200489616,0.9438674226046914,0));
#15933=DIRECTION('',(0.09701942448508262,0.0339538096780819,0.994703156766343));
#15934=FACE_BOUND('',#15935,.T.);
#15935=EDGE_LOOP('',(#15936,#15937,#15938));
#15936=ORIENTED_EDGE('',*,*,#15939,.T.);
#15937=ORIENTED_EDGE('',*,*,#15940,.T.);
#15938=ORIENTED_EDGE('',*,*,#15941,.T.);
#15939=EDGE_CURVE('',#661,#659,#15942,.F.);
#15940=EDGE_CURVE('',#659,#731,#15943,.T.);
#15941=EDGE_CURVE('',#731,#661,#15944,.T.);
#15942=LINE('',#660,#15945);
#15943=LINE('',#658,#15946);
#15944=LINE('',#730,#15947);
#15945=VECTOR('',#15948,1.0);
#15946=VECTOR('',#15949,1.0);
#15947=VECTOR('',#15950,1.0);
#15948=DIRECTION('',(0.09701942448508262,0.0339538096780819,0.994703156766343));
#15949=DIRECTION('',(0,0,-1));
#15950=DIRECTION('',(-0.9438674226046914,-0.3303245200489616,0));
#15951=FACE_SURFACE('',(#15956),#15952,.T.);
#15952=PLANE('',#15953);
#15953=AXIS2_PLACEMENT_3D('',#662,#15954,#15955);
#15954=DIRECTION('',(-0.5319311580550322,0.8467876021117884,0));
#15955=DIRECTION('',(0,0,1));
#15956=FACE_BOUND('',#15957,.T.);
#15957=EDGE_LOOP('',(#15958,#15959,#15960));
#15958=ORIENTED_EDGE('',*,*,#15961,.T.);
#15959=ORIENTED_EDGE('',*,*,#15962,.T.);
#15960=ORIENTED_EDGE('',*,*,#15963,.T.);
#15961=EDGE_CURVE('',#663,#701,#15964,.F.);
#15962=EDGE_CURVE('',#701,#703,#15965,.T.);
#15963=EDGE_CURVE('',#703,#663,#15966,.T.);
#15964=LINE('',#662,#15967);
#15965=LINE('',#700,#15968);
#15966=LINE('',#702,#15969);
#15967=VECTOR('',#15970,1.0);
#15968=VECTOR('',#15971,1.0);
#15969=VECTOR('',#15972,1.0);
#15970=DIRECTION('',(0,0,1));
#15971=DIRECTION('',(0.8467876021117884,0.5319311580550322,0));
#15972=DIRECTION('',(-0.02369677050473847,-0.014885728776985343,-0.9996083623832004));
#15973=FACE_SURFACE('',(#15978),#15974,.T.);
#15974=PLANE('',#15975);
#15975=AXIS2_PLACEMENT_3D('',#662,#15976,#15977);
#15976=DIRECTION('',(-0.5319311580550322,0.8467876021117884,0));
#15977=DIRECTION('',(0.02369677050473847,0.014885728776985343,0.9996083623832004));
#15978=FACE_BOUND('',#15979,.T.);
#15979=EDGE_LOOP('',(#15980,#15981,#15982));
#15980=ORIENTED_EDGE('',*,*,#15983,.T.);
#15981=ORIENTED_EDGE('',*,*,#15984,.T.);
#15982=ORIENTED_EDGE('',*,*,#15985,.T.);
#15983=EDGE_CURVE('',#663,#703,#15986,.F.);
#15984=EDGE_CURVE('',#703,#667,#15987,.T.);
#15985=EDGE_CURVE('',#667,#663,#15988,.T.);
#15986=LINE('',#662,#15989);
#15987=LINE('',#702,#15990);
#15988=LINE('',#666,#15991);
#15989=VECTOR('',#15992,1.0);
#15990=VECTOR('',#15993,1.0);
#15991=VECTOR('',#15994,1.0);
#15992=DIRECTION('',(0.02369677050473847,0.014885728776985343,0.9996083623832004));
#15993=DIRECTION('',(0,0,-1));
#15994=DIRECTION('',(-0.8467876021117884,-0.5319311580550322,0));
#15995=FACE_SURFACE('',(#16000),#15996,.T.);
#15996=PLANE('',#15997);
#15997=AXIS2_PLACEMENT_3D('',#666,#15998,#15999);
#15998=DIRECTION('',(-0.7071249524325376,0.7070886094735803,0));
#15999=DIRECTION('',(0,0,1));
#16000=FACE_BOUND('',#16001,.T.);
#16001=EDGE_LOOP('',(#16002,#16003,#16004));
#16002=ORIENTED_EDGE('',*,*,#16005,.T.);
#16003=ORIENTED_EDGE('',*,*,#16006,.T.);
#16004=ORIENTED_EDGE('',*,*,#16007,.T.);
#16005=EDGE_CURVE('',#667,#703,#16008,.F.);
#16006=EDGE_CURVE('',#703,#705,#16009,.T.);
#16007=EDGE_CURVE('',#705,#667,#16010,.T.);
#16008=LINE('',#666,#16011);
#16009=LINE('',#702,#16012);
#16010=LINE('',#704,#16013);
#16011=VECTOR('',#16014,1.0);
#16012=VECTOR('',#16015,1.0);
#16013=VECTOR('',#16016,1.0);
#16014=DIRECTION('',(0,0,1));
#16015=DIRECTION('',(0.7070886094735803,0.7071249524325376,0));
#16016=DIRECTION('',(-0.0197839182257143,-0.019784935080063897,-0.9996084998255647));
#16017=FACE_SURFACE('',(#16022),#16018,.T.);
#16018=PLANE('',#16019);
#16019=AXIS2_PLACEMENT_3D('',#666,#16020,#16021);
#16020=DIRECTION('',(-0.7071249524325376,0.7070886094735803,0));
#16021=DIRECTION('',(0.0197839182257143,0.019784935080063897,0.9996084998255647));
#16022=FACE_BOUND('',#16023,.T.);
#16023=EDGE_LOOP('',(#16024,#16025,#16026));
#16024=ORIENTED_EDGE('',*,*,#16027,.T.);
#16025=ORIENTED_EDGE('',*,*,#16028,.T.);
#16026=ORIENTED_EDGE('',*,*,#16029,.T.);
#16027=EDGE_CURVE('',#667,#705,#16030,.F.);
#16028=EDGE_CURVE('',#705,#669,#16031,.T.);
#16029=EDGE_CURVE('',#669,#667,#16032,.T.);
#16030=LINE('',#666,#16033);
#16031=LINE('',#704,#16034);
#16032=LINE('',#668,#16035);
#16033=VECTOR('',#16036,1.0);
#16034=VECTOR('',#16037,1.0);
#16035=VECTOR('',#16038,1.0);
#16036=DIRECTION('',(0.0197839182257143,0.019784935080063897,0.9996084998255647));
#16037=DIRECTION('',(0,0,-1));
#16038=DIRECTION('',(-0.7070886094735803,-0.7071249524325376,0));
#16039=FACE_SURFACE('',(#16044),#16040,.T.);
#16040=PLANE('',#16041);
#16041=AXIS2_PLACEMENT_3D('',#712,#16042,#16043);
#16042=DIRECTION('',(0,-0,-1));
#16043=DIRECTION('',(0.07136205527247713,-0.9974504785037139,0));
#16044=FACE_BOUND('',#16045,.T.);
#16045=EDGE_LOOP('',(#16046,#16047,#16048));
#16046=ORIENTED_EDGE('',*,*,#16049,.T.);
#16047=ORIENTED_EDGE('',*,*,#16050,.T.);
#16048=ORIENTED_EDGE('',*,*,#16051,.T.);
#16049=EDGE_CURVE('',#713,#671,#16052,.F.);
#16050=EDGE_CURVE('',#671,#699,#16053,.T.);
#16051=EDGE_CURVE('',#699,#713,#16054,.T.);
#16052=LINE('',#712,#16055);
#16053=LINE('',#670,#16056);
#16054=LINE('',#698,#16057);
#16055=VECTOR('',#16058,1.0);
#16056=VECTOR('',#16059,1.0);
#16057=VECTOR('',#16060,1.0);
#16058=DIRECTION('',(0.07136205527247713,-0.9974504785037139,0));
#16059=DIRECTION('',(-0.10419009006845803,0.9945574016272397,0));
#16060=DIRECTION('',(0.3304086985508064,0.9438379585087487,0));
#16061=FACE_SURFACE('',(#16066),#16062,.T.);
#16062=PLANE('',#16063);
#16063=AXIS2_PLACEMENT_3D('',#710,#16064,#16065);
#16064=DIRECTION('',(0.9836154947820012,-0.18025807266867389,-0.002754208150116112));
#16065=DIRECTION('',(-0.01595946416942509,-0.10228327937609775,0.9946272800720358));
#16066=FACE_BOUND('',#16067,.T.);
#16067=EDGE_LOOP('',(#16068,#16069,#16070));
#16068=ORIENTED_EDGE('',*,*,#16071,.T.);
#16069=ORIENTED_EDGE('',*,*,#16072,.T.);
#16070=ORIENTED_EDGE('',*,*,#16073,.T.);
#16071=EDGE_CURVE('',#711,#677,#16074,.F.);
#16072=EDGE_CURVE('',#677,#675,#16075,.T.);
#16073=EDGE_CURVE('',#675,#711,#16076,.T.);
#16074=LINE('',#710,#16077);
#16075=LINE('',#676,#16078);
#16076=LINE('',#674,#16079);
#16077=VECTOR('',#16080,1.0);
#16078=VECTOR('',#16081,1.0);
#16079=VECTOR('',#16082,1.0);
#16080=DIRECTION('',(-0.01595946416942509,-0.10228327937609775,0.9946272800720358));
#16081=DIRECTION('',(-0.017384866038668186,-0.07963571387609567,-0.9966724233710201));
#16082=DIRECTION('',(0.18025875636101774,0.9836192254908295,0));
#16083=FACE_SURFACE('',(#16088),#16084,.T.);
#16084=PLANE('',#16085);
#16085=AXIS2_PLACEMENT_3D('',#676,#16086,#16087);
#16086=DIRECTION('',(0,0,1));
#16087=DIRECTION('',(-0.9850524809572646,0.17225449126202125,0));
#16088=FACE_BOUND('',#16089,.T.);
#16089=EDGE_LOOP('',(#16090,#16091,#16092));
#16090=ORIENTED_EDGE('',*,*,#16093,.T.);
#16091=ORIENTED_EDGE('',*,*,#16094,.T.);
#16092=ORIENTED_EDGE('',*,*,#16095,.T.);
#16093=EDGE_CURVE('',#677,#745,#16096,.F.);
#16094=EDGE_CURVE('',#745,#747,#16097,.T.);
#16095=EDGE_CURVE('',#747,#677,#16098,.T.);
#16096=LINE('',#676,#16099);
#16097=LINE('',#744,#16100);
#16098=LINE('',#746,#16101);
#16099=VECTOR('',#16102,1.0);
#16100=VECTOR('',#16103,1.0);
#16101=VECTOR('',#16104,1.0);
#16102=DIRECTION('',(-0.9850524809572646,0.17225449126202125,0));
#16103=DIRECTION('',(-0.3304086985508064,-0.9438379585087487,0));
#16104=DIRECTION('',(0.9967866541066794,-0.08010222340741245,0));
#16105=FACE_SURFACE('',(#16110),#16106,.T.);
#16106=PLANE('',#16107);
#16107=AXIS2_PLACEMENT_3D('',#676,#16108,#16109);
#16108=DIRECTION('',(0,0,1));
#16109=DIRECTION('',(-0.9967866541066794,0.08010222340741245,0));
#16110=FACE_BOUND('',#16111,.T.);
#16111=EDGE_LOOP('',(#16112,#16113,#16114));
#16112=ORIENTED_EDGE('',*,*,#16115,.T.);
#16113=ORIENTED_EDGE('',*,*,#16116,.T.);
#16114=ORIENTED_EDGE('',*,*,#16117,.T.);
#16115=EDGE_CURVE('',#677,#747,#16118,.F.);
#16116=EDGE_CURVE('',#747,#681,#16119,.T.);
#16117=EDGE_CURVE('',#681,#677,#16120,.T.);
#16118=LINE('',#676,#16121);
#16119=LINE('',#746,#16122);
#16120=LINE('',#680,#16123);
#16121=VECTOR('',#16124,1.0);
#16122=VECTOR('',#16125,1.0);
#16123=VECTOR('',#16126,1.0);
#16124=DIRECTION('',(-0.9967866541066794,0.08010222340741245,0));
#16125=DIRECTION('',(-0.5320390592813571,-0.846719811625433,0));
#16126=DIRECTION('',(0.9999998999573608,-0.0004473089184074444,0));
#16127=FACE_SURFACE('',(#16132),#16128,.T.);
#16128=PLANE('',#16129);
#16129=AXIS2_PLACEMENT_3D('',#708,#16130,#16131);
#16130=DIRECTION('',(0,0,1));
#16131=DIRECTION('',(-0.9999841909119834,-0.0056229819585310575,0));
#16132=FACE_BOUND('',#16133,.T.);
#16133=EDGE_LOOP('',(#16134,#16135,#16136));
#16134=ORIENTED_EDGE('',*,*,#16137,.T.);
#16135=ORIENTED_EDGE('',*,*,#16138,.T.);
#16136=ORIENTED_EDGE('',*,*,#16139,.T.);
#16137=EDGE_CURVE('',#709,#745,#16140,.F.);
#16138=EDGE_CURVE('',#745,#677,#16141,.T.);
#16139=EDGE_CURVE('',#677,#709,#16142,.T.);
#16140=LINE('',#708,#16143);
#16141=LINE('',#744,#16144);
#16142=LINE('',#676,#16145);
#16143=VECTOR('',#16146,1.0);
#16144=VECTOR('',#16147,1.0);
#16145=VECTOR('',#16148,1.0);
#16146=DIRECTION('',(-0.9999841909119834,-0.0056229819585310575,0));
#16147=DIRECTION('',(0.9850524809572646,-0.17225449126202125,0));
#16148=DIRECTION('',(0.12527645535000848,0.9921218724203884,0));
#16149=FACE_SURFACE('',(#16154),#16150,.T.);
#16150=PLANE('',#16151);
#16151=AXIS2_PLACEMENT_3D('',#710,#16152,#16153);
#16152=DIRECTION('',(0.9921172990261921,-0.12527587786186942,0.003036346309569448));
#16153=DIRECTION('',(0.008125776696065979,0.0884931500776909,0.9960436406816787));
#16154=FACE_BOUND('',#16155,.T.);
#16155=EDGE_LOOP('',(#16156,#16157,#16158));
#16156=ORIENTED_EDGE('',*,*,#16159,.T.);
#16157=ORIENTED_EDGE('',*,*,#16160,.T.);
#16158=ORIENTED_EDGE('',*,*,#16161,.T.);
#16159=EDGE_CURVE('',#711,#709,#16162,.F.);
#16160=EDGE_CURVE('',#709,#677,#16163,.T.);
#16161=EDGE_CURVE('',#677,#711,#16164,.T.);
#16162=LINE('',#710,#16165);
#16163=LINE('',#708,#16166);
#16164=LINE('',#676,#16167);
#16165=VECTOR('',#16168,1.0);
#16166=VECTOR('',#16169,1.0);
#16167=VECTOR('',#16170,1.0);
#16168=DIRECTION('',(0.008125776696065979,0.0884931500776909,0.9960436406816787));
#16169=DIRECTION('',(-0.12527645535000848,-0.9921218724203884,0));
#16170=DIRECTION('',(0.01595946416942509,0.10228327937609775,-0.9946272800720358));
#16171=FACE_SURFACE('',(#16176),#16172,.T.);
#16172=PLANE('',#16173);
#16173=AXIS2_PLACEMENT_3D('',#694,#16174,#16175);
#16174=DIRECTION('',(-0.7071976420853088,0.7070159086109588,0));
#16175=DIRECTION('',(0,0,1));
#16176=FACE_BOUND('',#16177,.T.);
#16177=EDGE_LOOP('',(#16178,#16179,#16180));
#16178=ORIENTED_EDGE('',*,*,#16181,.T.);
#16179=ORIENTED_EDGE('',*,*,#16182,.T.);
#16180=ORIENTED_EDGE('',*,*,#16183,.T.);
#16181=EDGE_CURVE('',#695,#679,#16184,.F.);
#16182=EDGE_CURVE('',#679,#681,#16185,.T.);
#16183=EDGE_CURVE('',#681,#695,#16186,.T.);
#16184=LINE('',#694,#16187);
#16185=LINE('',#678,#16188);
#16186=LINE('',#680,#16189);
#16187=VECTOR('',#16190,1.0);
#16188=VECTOR('',#16191,1.0);
#16189=VECTOR('',#16192,1.0);
#16190=DIRECTION('',(0,0,1));
#16191=DIRECTION('',(0.7070159086109588,0.7071976420853087,0));
#16192=DIRECTION('',(-0.07267488822995267,-0.07269356879961902,-0.9947029735935945));
#16193=FACE_SURFACE('',(#16198),#16194,.T.);
#16194=PLANE('',#16195);
#16195=AXIS2_PLACEMENT_3D('',#696,#16196,#16197);
#16196=DIRECTION('',(-0.8467198116254329,0.5320390592813571,0));
#16197=DIRECTION('',(0,0,1));
#16198=FACE_BOUND('',#16199,.T.);
#16199=EDGE_LOOP('',(#16200,#16201,#16202));
#16200=ORIENTED_EDGE('',*,*,#16203,.T.);
#16201=ORIENTED_EDGE('',*,*,#16204,.T.);
#16202=ORIENTED_EDGE('',*,*,#16205,.T.);
#16203=EDGE_CURVE('',#697,#681,#16206,.F.);
#16204=EDGE_CURVE('',#681,#747,#16207,.T.);
#16205=EDGE_CURVE('',#747,#697,#16208,.T.);
#16206=LINE('',#696,#16209);
#16207=LINE('',#680,#16210);
#16208=LINE('',#746,#16211);
#16209=VECTOR('',#16212,1.0);
#16210=VECTOR('',#16213,1.0);
#16211=VECTOR('',#16214,1.0);
#16212=DIRECTION('',(0,0,1));
#16213=DIRECTION('',(0.5320390592813571,0.846719811625433,0));
#16214=DIRECTION('',(-0.05469662482123792,-0.08704758618237857,-0.9947014612299442));
#16215=FACE_SURFACE('',(#16220),#16216,.T.);
#16216=PLANE('',#16217);
#16217=AXIS2_PLACEMENT_3D('',#694,#16218,#16219);
#16218=DIRECTION('',(-0.7071976420853088,0.7070159086109588,0));
#16219=DIRECTION('',(0.07267488822995267,0.07269356879961902,0.9947029735935945));
#16220=FACE_BOUND('',#16221,.T.);
#16221=EDGE_LOOP('',(#16222,#16223,#16224));
#16222=ORIENTED_EDGE('',*,*,#16225,.T.);
#16223=ORIENTED_EDGE('',*,*,#16226,.T.);
#16224=ORIENTED_EDGE('',*,*,#16227,.T.);
#16225=EDGE_CURVE('',#695,#681,#16228,.F.);
#16226=EDGE_CURVE('',#681,#697,#16229,.T.);
#16227=EDGE_CURVE('',#697,#695,#16230,.T.);
#16228=LINE('',#694,#16231);
#16229=LINE('',#680,#16232);
#16230=LINE('',#696,#16233);
#16231=VECTOR('',#16234,1.0);
#16232=VECTOR('',#16235,1.0);
#16233=VECTOR('',#16236,1.0);
#16234=DIRECTION('',(0.07267488822995267,0.07269356879961902,0.9947029735935945));
#16235=DIRECTION('',(0,0,-1));
#16236=DIRECTION('',(-0.7070159086109588,-0.7071976420853087,0));
#16237=FACE_SURFACE('',(#16242),#16238,.T.);
#16238=PLANE('',#16239);
#16239=AXIS2_PLACEMENT_3D('',#696,#16240,#16241);
#16240=DIRECTION('',(-0.8467198116254329,0.5320390592813571,0));
#16241=DIRECTION('',(0.05469662482123792,0.08704758618237857,0.9947014612299442));
#16242=FACE_BOUND('',#16243,.T.);
#16243=EDGE_LOOP('',(#16244,#16245,#16246));
#16244=ORIENTED_EDGE('',*,*,#16247,.T.);
#16245=ORIENTED_EDGE('',*,*,#16248,.T.);
#16246=ORIENTED_EDGE('',*,*,#16249,.T.);
#16247=EDGE_CURVE('',#697,#747,#16250,.F.);
#16248=EDGE_CURVE('',#747,#699,#16251,.T.);
#16249=EDGE_CURVE('',#699,#697,#16252,.T.);
#16250=LINE('',#696,#16253);
#16251=LINE('',#746,#16254);
#16252=LINE('',#698,#16255);
#16253=VECTOR('',#16256,1.0);
#16254=VECTOR('',#16257,1.0);
#16255=VECTOR('',#16258,1.0);
#16256=DIRECTION('',(0.05469662482123792,0.08704758618237857,0.9947014612299442));
#16257=DIRECTION('',(0,0,-1));
#16258=DIRECTION('',(-0.5320390592813571,-0.846719811625433,0));
#16259=FACE_SURFACE('',(#16264),#16260,.T.);
#16260=PLANE('',#16261);
#16261=AXIS2_PLACEMENT_3D('',#698,#16262,#16263);
#16262=DIRECTION('',(-0.9438379585087487,0.3304086985508064,0));
#16263=DIRECTION('',(0,0,1));
#16264=FACE_BOUND('',#16265,.T.);
#16265=EDGE_LOOP('',(#16266,#16267,#16268));
#16266=ORIENTED_EDGE('',*,*,#16269,.T.);
#16267=ORIENTED_EDGE('',*,*,#16270,.T.);
#16268=ORIENTED_EDGE('',*,*,#16271,.T.);
#16269=EDGE_CURVE('',#699,#747,#16272,.F.);
#16270=EDGE_CURVE('',#747,#745,#16273,.T.);
#16271=EDGE_CURVE('',#745,#699,#16274,.T.);
#16272=LINE('',#698,#16275);
#16273=LINE('',#746,#16276);
#16274=LINE('',#744,#16277);
#16275=VECTOR('',#16278,1.0);
#16276=VECTOR('',#16279,1.0);
#16277=VECTOR('',#16280,1.0);
#16278=DIRECTION('',(0,0,1));
#16279=DIRECTION('',(0.3304086985508064,0.9438379585087487,0));
#16280=DIRECTION('',(-0.03396868764131597,-0.09703417899474905,-0.9947012095934848));
#16281=FACE_SURFACE('',(#16286),#16282,.T.);
#16282=PLANE('',#16283);
#16283=AXIS2_PLACEMENT_3D('',#698,#16284,#16285);
#16284=DIRECTION('',(-0.9438379585087487,0.3304086985508064,0));
#16285=DIRECTION('',(0.03396868764131597,0.09703417899474905,0.9947012095934848));
#16286=FACE_BOUND('',#16287,.T.);
#16287=EDGE_LOOP('',(#16288,#16289,#16290));
#16288=ORIENTED_EDGE('',*,*,#16291,.T.);
#16289=ORIENTED_EDGE('',*,*,#16292,.T.);
#16290=ORIENTED_EDGE('',*,*,#16293,.T.);
#16291=EDGE_CURVE('',#699,#745,#16294,.F.);
#16292=EDGE_CURVE('',#745,#713,#16295,.T.);
#16293=EDGE_CURVE('',#713,#699,#16296,.T.);
#16294=LINE('',#698,#16297);
#16295=LINE('',#744,#16298);
#16296=LINE('',#712,#16299);
#16297=VECTOR('',#16300,1.0);
#16298=VECTOR('',#16301,1.0);
#16299=VECTOR('',#16302,1.0);
#16300=DIRECTION('',(0.03396868764131597,0.09703417899474905,0.9947012095934848));
#16301=DIRECTION('',(0,0,-1));
#16302=DIRECTION('',(-0.3304086985508064,-0.9438379585087487,0));
#16303=FACE_SURFACE('',(#16308),#16304,.T.);
#16304=PLANE('',#16305);
#16305=AXIS2_PLACEMENT_3D('',#726,#16306,#16307);
#16306=DIRECTION('',(0.9438832833912708,0.3302791960364958,0));
#16307=DIRECTION('',(-0.009241172206125439,0.026409740816185065,-0.9996084865217375));
#16308=FACE_BOUND('',#16309,.T.);
#16309=EDGE_LOOP('',(#16310,#16311,#16312));
#16310=ORIENTED_EDGE('',*,*,#16313,.T.);
#16311=ORIENTED_EDGE('',*,*,#16314,.T.);
#16312=ORIENTED_EDGE('',*,*,#16315,.T.);
#16313=EDGE_CURVE('',#727,#721,#16316,.F.);
#16314=EDGE_CURVE('',#721,#707,#16317,.T.);
#16315=EDGE_CURVE('',#707,#727,#16318,.T.);
#16316=LINE('',#726,#16319);
#16317=LINE('',#720,#16320);
#16318=LINE('',#706,#16321);
#16319=VECTOR('',#16322,1.0);
#16320=VECTOR('',#16323,1.0);
#16321=VECTOR('',#16324,1.0);
#16322=DIRECTION('',(-0.009241172206125439,0.026409740816185065,-0.9996084865217375));
#16323=DIRECTION('',(0,0,1));
#16324=DIRECTION('',(0.3302791960364958,-0.9438832833912708,0));
#16325=FACE_SURFACE('',(#16330),#16326,.T.);
#16326=PLANE('',#16327);
#16327=AXIS2_PLACEMENT_3D('',#708,#16328,#16329);
#16328=DIRECTION('',(0,0,1));
#16329=DIRECTION('',(-0.9959787046569247,0.08959028892639168,0));
#16330=FACE_BOUND('',#16331,.T.);
#16331=EDGE_LOOP('',(#16332,#16333,#16334));
#16332=ORIENTED_EDGE('',*,*,#16335,.T.);
#16333=ORIENTED_EDGE('',*,*,#16336,.T.);
#16334=ORIENTED_EDGE('',*,*,#16337,.T.);
#16335=EDGE_CURVE('',#709,#717,#16338,.F.);
#16336=EDGE_CURVE('',#717,#745,#16339,.T.);
#16337=EDGE_CURVE('',#745,#709,#16340,.T.);
#16338=LINE('',#708,#16341);
#16339=LINE('',#716,#16342);
#16340=LINE('',#744,#16343);
#16341=VECTOR('',#16344,1.0);
#16342=VECTOR('',#16345,1.0);
#16343=VECTOR('',#16346,1.0);
#16344=DIRECTION('',(-0.9959787046569247,0.08959028892639168,0));
#16345=DIRECTION('',(-0.11193518523976306,-0.9937155097437796,0));
#16346=DIRECTION('',(0.9999841909119834,0.0056229819585310575,0));
#16347=FACE_SURFACE('',(#16352),#16348,.T.);
#16348=PLANE('',#16349);
#16349=AXIS2_PLACEMENT_3D('',#708,#16350,#16351);
#16350=DIRECTION('',(0,0,1));
#16351=DIRECTION('',(-0.983557704024922,0.1805941384796961,0));
#16352=FACE_BOUND('',#16353,.T.);
#16353=EDGE_LOOP('',(#16354,#16355,#16356));
#16354=ORIENTED_EDGE('',*,*,#16357,.T.);
#16355=ORIENTED_EDGE('',*,*,#16358,.T.);
#16356=ORIENTED_EDGE('',*,*,#16359,.T.);
#16357=EDGE_CURVE('',#709,#715,#16360,.F.);
#16358=EDGE_CURVE('',#715,#717,#16361,.T.);
#16359=EDGE_CURVE('',#717,#709,#16362,.T.);
#16360=LINE('',#708,#16363);
#16361=LINE('',#714,#16364);
#16362=LINE('',#716,#16365);
#16363=VECTOR('',#16366,1.0);
#16364=VECTOR('',#16367,1.0);
#16365=VECTOR('',#16368,1.0);
#16366=DIRECTION('',(-0.983557704024922,0.1805941384796961,0));
#16367=DIRECTION('',(0.1119311429353852,-0.993715965073108,0));
#16368=DIRECTION('',(0.9959787046569247,-0.08959028892639168,0));
#16369=FACE_SURFACE('',(#16374),#16370,.T.);
#16370=PLANE('',#16371);
#16371=AXIS2_PLACEMENT_3D('',#712,#16372,#16373);
#16372=DIRECTION('',(-0.9937155097437798,0.11193518523976306,0));
#16373=DIRECTION('',(0,0,1));
#16374=FACE_BOUND('',#16375,.T.);
#16375=EDGE_LOOP('',(#16376,#16377,#16378));
#16376=ORIENTED_EDGE('',*,*,#16379,.T.);
#16377=ORIENTED_EDGE('',*,*,#16380,.T.);
#16378=ORIENTED_EDGE('',*,*,#16381,.T.);
#16379=EDGE_CURVE('',#713,#745,#16382,.F.);
#16380=EDGE_CURVE('',#745,#717,#16383,.T.);
#16381=EDGE_CURVE('',#717,#713,#16384,.T.);
#16382=LINE('',#712,#16385);
#16383=LINE('',#744,#16386);
#16384=LINE('',#716,#16387);
#16385=VECTOR('',#16388,1.0);
#16386=VECTOR('',#16389,1.0);
#16387=VECTOR('',#16390,1.0);
#16388=DIRECTION('',(0,0,1));
#16389=DIRECTION('',(0.11193518523976306,0.9937155097437796,0));
#16390=DIRECTION('',(-0.01150721718947475,-0.10215644143240522,-0.9947017871836874));
#16391=FACE_SURFACE('',(#16396),#16392,.T.);
#16392=PLANE('',#16393);
#16393=AXIS2_PLACEMENT_3D('',#726,#16394,#16395);
#16394=DIRECTION('',(0.9438832833912708,0.3302791960364958,0));
#16395=DIRECTION('',(0,0,-1));
#16396=FACE_BOUND('',#16397,.T.);
#16397=EDGE_LOOP('',(#16398,#16399,#16400));
#16398=ORIENTED_EDGE('',*,*,#16401,.T.);
#16399=ORIENTED_EDGE('',*,*,#16402,.T.);
#16400=ORIENTED_EDGE('',*,*,#16403,.T.);
#16401=EDGE_CURVE('',#727,#723,#16404,.F.);
#16402=EDGE_CURVE('',#723,#721,#16405,.T.);
#16403=EDGE_CURVE('',#721,#727,#16406,.T.);
#16404=LINE('',#726,#16407);
#16405=LINE('',#722,#16408);
#16406=LINE('',#720,#16409);
#16407=VECTOR('',#16410,1.0);
#16408=VECTOR('',#16411,1.0);
#16409=VECTOR('',#16412,1.0);
#16410=DIRECTION('',(0,0,-1));
#16411=DIRECTION('',(-0.3302791960364958,0.9438832833912708,0));
#16412=DIRECTION('',(0.009241172206125439,-0.026409740816185065,0.9996084865217375));
#16413=FACE_SURFACE('',(#16418),#16414,.T.);
#16414=PLANE('',#16415);
#16415=AXIS2_PLACEMENT_3D('',#728,#16416,#16417);
#16416=DIRECTION('',(0.8467198116254329,0.532039059281357,0));
#16417=DIRECTION('',(-0.0148867471992274,0.023691688729152952,-0.999608467672712));
#16418=FACE_BOUND('',#16419,.T.);
#16419=EDGE_LOOP('',(#16420,#16421,#16422));
#16420=ORIENTED_EDGE('',*,*,#16423,.T.);
#16421=ORIENTED_EDGE('',*,*,#16424,.T.);
#16422=ORIENTED_EDGE('',*,*,#16425,.T.);
#16423=EDGE_CURVE('',#729,#723,#16426,.F.);
#16424=EDGE_CURVE('',#723,#727,#16427,.T.);
#16425=EDGE_CURVE('',#727,#729,#16428,.T.);
#16426=LINE('',#728,#16429);
#16427=LINE('',#722,#16430);
#16428=LINE('',#726,#16431);
#16429=VECTOR('',#16432,1.0);
#16430=VECTOR('',#16433,1.0);
#16431=VECTOR('',#16434,1.0);
#16432=DIRECTION('',(-0.0148867471992274,0.023691688729152952,-0.999608467672712));
#16433=DIRECTION('',(0,0,1));
#16434=DIRECTION('',(0.5320390592813571,-0.846719811625433,0));
#16435=FACE_SURFACE('',(#16440),#16436,.T.);
#16436=PLANE('',#16437);
#16437=AXIS2_PLACEMENT_3D('',#728,#16438,#16439);
#16438=DIRECTION('',(0.8467198116254329,0.532039059281357,0));
#16439=DIRECTION('',(0,0,-1));
#16440=FACE_BOUND('',#16441,.T.);
#16441=EDGE_LOOP('',(#16442,#16443,#16444));
#16442=ORIENTED_EDGE('',*,*,#16445,.T.);
#16443=ORIENTED_EDGE('',*,*,#16446,.T.);
#16444=ORIENTED_EDGE('',*,*,#16447,.T.);
#16445=EDGE_CURVE('',#729,#725,#16448,.F.);
#16446=EDGE_CURVE('',#725,#723,#16449,.T.);
#16447=EDGE_CURVE('',#723,#729,#16450,.T.);
#16448=LINE('',#728,#16451);
#16449=LINE('',#724,#16452);
#16450=LINE('',#722,#16453);
#16451=VECTOR('',#16454,1.0);
#16452=VECTOR('',#16455,1.0);
#16453=VECTOR('',#16456,1.0);
#16454=DIRECTION('',(0,0,-1));
#16455=DIRECTION('',(-0.5320390592813571,0.846719811625433,0));
#16456=DIRECTION('',(0.0148867471992274,-0.023691688729152952,0.999608467672712));
#16457=FACE_SURFACE('',(#16462),#16458,.T.);
#16458=PLANE('',#16459);
#16459=AXIS2_PLACEMENT_3D('',#736,#16460,#16461);
#16460=DIRECTION('',(0,0,-1));
#16461=DIRECTION('',(0.5320390592813571,0.846719811625433,0));
#16462=FACE_BOUND('',#16463,.T.);
#16463=EDGE_LOOP('',(#16464,#16465,#16466));
#16464=ORIENTED_EDGE('',*,*,#16467,.T.);
#16465=ORIENTED_EDGE('',*,*,#16468,.T.);
#16466=ORIENTED_EDGE('',*,*,#16469,.T.);
#16467=EDGE_CURVE('',#737,#741,#16470,.F.);
#16468=EDGE_CURVE('',#741,#735,#16471,.T.);
#16469=EDGE_CURVE('',#735,#737,#16472,.T.);
#16470=LINE('',#736,#16473);
#16471=LINE('',#740,#16474);
#16472=LINE('',#734,#16475);
#16473=VECTOR('',#16476,1.0);
#16474=VECTOR('',#16477,1.0);
#16475=VECTOR('',#16478,1.0);
#16476=DIRECTION('',(0.5320390592813571,0.846719811625433,0));
#16477=DIRECTION('',(0.9967866541066794,-0.08010222340741245,0));
#16478=DIRECTION('',(-0.9999998999573608,0.0004473089184074444,0));
#16479=FACE_SURFACE('',(#16484),#16480,.T.);
#16480=PLANE('',#16481);
#16481=AXIS2_PLACEMENT_3D('',#736,#16482,#16483);
#16482=DIRECTION('',(-0.8467198116254329,0.5320390592813571,0));
#16483=DIRECTION('',(0.05469662482123792,0.08704758618237857,0.9947014612299442));
#16484=FACE_BOUND('',#16485,.T.);
#16485=EDGE_LOOP('',(#16486,#16487,#16488));
#16486=ORIENTED_EDGE('',*,*,#16489,.T.);
#16487=ORIENTED_EDGE('',*,*,#16490,.T.);
#16488=ORIENTED_EDGE('',*,*,#16491,.T.);
#16489=EDGE_CURVE('',#737,#743,#16492,.F.);
#16490=EDGE_CURVE('',#743,#741,#16493,.T.);
#16491=EDGE_CURVE('',#741,#737,#16494,.T.);
#16492=LINE('',#736,#16495);
#16493=LINE('',#742,#16496);
#16494=LINE('',#740,#16497);
#16495=VECTOR('',#16498,1.0);
#16496=VECTOR('',#16499,1.0);
#16497=VECTOR('',#16500,1.0);
#16498=DIRECTION('',(0.05469662482123792,0.08704758618237857,0.9947014612299442));
#16499=DIRECTION('',(0,0,-1));
#16500=DIRECTION('',(-0.5320390592813571,-0.846719811625433,0));
ENDSEC;
END-ISO-10303-21;
